ts,signal,side,delta,p_model,snr,ofi_1min,ofi_5min,entry_price,confidence,chainlink_price,binance_price,market_slug,window_start,window_end
2026-06-16T13:51:56.117052+00:00,BUY NO (DOWN),NO,-22.64,0.8929,2.485,-696950.0,-1830211.0,,0.8929,,66102.0,KXBTC15M-26JUN160930-30,2026-06-16T13:45:00+00:00,2026-06-16T14:00:00+00:00
2026-06-16T13:52:27.263071+00:00,BUY NO (DOWN),NO,-20.93,0.8896,2.449,-317713.0,-1509303.0,,0.8896,,66108.0,KXBTC15M-26JUN160930-30,2026-06-16T13:45:00+00:00,2026-06-16T14:00:00+00:00
2026-06-16T13:56:19.830813+00:00,BUY NO (DOWN),NO,-32.46,0.9999,7.615,19418.0,-250949.0,,0.9999,,66096.47,KXBTC15M-26JUN160930-30,2026-06-16T13:45:00+00:00,2026-06-16T14:00:00+00:00
2026-06-16T14:08:17.967964+00:00,BUY NO (DOWN),NO,-20.87,0.8613,2.172,-1347144.0,-1370833.0,,0.8613,,66038.01,KXBTC15M-26JUN160930-30,2026-06-16T14:00:00+00:00,2026-06-16T14:15:00+00:00
2026-06-16T14:14:15.750681+00:00,BUY NO (DOWN),NO,-20.87,1.0,23.341,-315462.0,-246528.0,,1.0,,66038.01,KXBTC15M-26JUN160930-30,2026-06-16T14:00:00+00:00,2026-06-16T14:15:00+00:00
2026-06-16T14:18:01.396343+00:00,BUY NO (DOWN),NO,-173.87,1.0,8.797,-432663.0,-3049889.0,,1.0,,65842.29,KXBTC15M-26JUN160930-30,2026-06-16T14:15:00+00:00,2026-06-16T14:30:00+00:00
2026-06-16T14:33:00.030112+00:00,BUY NO (DOWN),NO,-157.08,1.0,7.869,-2544032.0,-4954275.0,,1.0,,65396.01,KXBTC15M-26JUN160930-30,2026-06-16T14:30:00+00:00,2026-06-16T14:45:00+00:00
2026-06-16T14:48:02.061018+00:00,BUY NO (DOWN),NO,-24.01,0.8059,1.726,-969785.0,-1001891.0,,0.8059,,65668.0,KXBTC15M-26JUN160930-30,2026-06-16T14:45:00+00:00,2026-06-16T15:00:00+00:00
2026-06-16T14:48:50.207003+00:00,BUY NO (DOWN),NO,-28.27,0.8578,2.141,-1164690.0,-1005032.0,,0.8578,,65662.63,KXBTC15M-26JUN160930-30,2026-06-16T14:45:00+00:00,2026-06-16T15:00:00+00:00
2026-06-16T14:49:31.303442+00:00,BUY NO (DOWN),NO,-26.57,0.8515,2.086,-444663.0,-1171854.0,,0.8515,,65667.94,KXBTC15M-26JUN160930-30,2026-06-16T14:45:00+00:00,2026-06-16T15:00:00+00:00
2026-06-16T14:49:36.489978+00:00,BUY NO (DOWN),NO,-26.0,0.8428,2.012,-508301.0,-1240562.0,,0.8428,,65666.0,KXBTC15M-26JUN160930-30,2026-06-16T14:45:00+00:00,2026-06-16T15:00:00+00:00
2026-06-16T14:51:06.425028+00:00,BUY NO (DOWN),NO,-23.99,0.8753,2.304,387004.0,-1103344.0,,0.8753,,65664.01,KXBTC15M-26JUN160930-30,2026-06-16T14:45:00+00:00,2026-06-16T15:00:00+00:00
2026-06-16T14:55:15.189212+00:00,BUY NO (DOWN),NO,-21.99,0.9725,3.837,-119293.0,970057.0,,0.9725,,65670.01,KXBTC15M-26JUN160930-30,2026-06-16T14:45:00+00:00,2026-06-16T15:00:00+00:00
2026-06-16T14:55:33.378783+00:00,BUY NO (DOWN),NO,-26.0,0.9928,4.898,-275431.0,198180.0,,0.9928,,65666.0,KXBTC15M-26JUN160930-30,2026-06-16T14:45:00+00:00,2026-06-16T15:00:00+00:00
2026-06-16T14:58:39.015745+00:00,BUY NO (DOWN),NO,-29.27,1.0,21.813,-220355.0,-1015890.0,,1.0,,65663.89,KXBTC15M-26JUN160930-30,2026-06-16T14:45:00+00:00,2026-06-16T15:00:00+00:00
2026-06-16T14:59:02.257689+00:00,BUY NO (DOWN),NO,-24.56,1.0,26.819,-239599.0,-979623.0,,1.0,,65667.44,KXBTC15M-26JUN160930-30,2026-06-16T14:45:00+00:00,2026-06-16T15:00:00+00:00
2026-06-16T15:48:00.748680+00:00,BUY NO (DOWN),NO,-53.99,0.9217,2.833,132561.0,-3156789.0,0.6699999999999999,0.9217,,65786.76,KXBTC15M-26JUN161200-00,2026-06-16T15:45:00+00:00,2026-06-16T16:00:00+00:00
2026-06-16T15:50:08.009928+00:00,BUY NO (DOWN),NO,-25.71,0.8054,1.722,-61401.0,-3059630.0,0.5700000000000001,0.8054,,65812.36,KXBTC15M-26JUN161200-00,2026-06-16T15:45:00+00:00,2026-06-16T16:00:00+00:00
2026-06-16T16:07:03.905091+00:00,BUY NO (DOWN),NO,-33.75,0.9972,5.541,-362185.0,-495874.0,0.7,0.9972,,65826.01,KXBTC15M-26JUN161215-15,2026-06-16T16:00:00+00:00,2026-06-16T16:15:00+00:00
2026-06-16T16:08:08.935499+00:00,BUY NO (DOWN),NO,-31.75,0.9986,5.973,-166307.0,-710948.0,0.77,0.9986,,65828.01,KXBTC15M-26JUN161215-15,2026-06-16T16:00:00+00:00,2026-06-16T16:15:00+00:00
2026-06-16T16:08:53.532241+00:00,BUY NO (DOWN),NO,-28.89,0.9991,6.224,-115980.0,-822748.0,0.77,0.9991,,65835.06,KXBTC15M-26JUN161215-15,2026-06-16T16:00:00+00:00,2026-06-16T16:15:00+00:00
2026-06-16T16:10:06.631465+00:00,BUY NO (DOWN),NO,-21.76,0.9995,6.63,-232186.0,-961189.0,0.83,0.9995,,65837.99,KXBTC15M-26JUN161215-15,2026-06-16T16:00:00+00:00,2026-06-16T16:15:00+00:00
2026-06-16T16:19:52.984171+00:00,BUY NO (DOWN),NO,-26.0,0.9571,3.436,-217965.0,-289803.0,0.62,0.9571,,65750.01,KXBTC15M-26JUN161230-30,2026-06-16T16:15:00+00:00,2026-06-16T16:30:00+00:00
2026-06-16T16:26:49.046991+00:00,BUY NO (DOWN),NO,-23.06,1.0,9.679,-185232.0,-539542.0,0.85,1.0,,65752.01,KXBTC15M-26JUN161230-30,2026-06-16T16:15:00+00:00,2026-06-16T16:30:00+00:00
2026-06-16T16:27:11.709519+00:00,BUY NO (DOWN),NO,-27.59,1.0,13.432,-224067.0,-513922.0,0.87,1.0,,65748.43,KXBTC15M-26JUN161230-30,2026-06-16T16:15:00+00:00,2026-06-16T16:30:00+00:00
2026-06-16T16:33:05.097611+00:00,BUY NO (DOWN),NO,-53.99,0.9991,6.218,-34365.0,-67642.0,0.63,0.9991,,65726.72,KXBTC15M-26JUN161245-45,2026-06-16T16:30:00+00:00,2026-06-16T16:45:00+00:00
2026-06-16T16:36:06.666620+00:00,BUY NO (DOWN),NO,-20.0,0.9375,3.069,68459.0,-466640.0,0.52,0.9375,,65766.01,KXBTC15M-26JUN161245-45,2026-06-16T16:30:00+00:00,2026-06-16T16:45:00+00:00
2026-06-16T16:36:20.690892+00:00,BUY NO (DOWN),NO,-20.0,0.9603,3.509,99584.0,-361881.0,0.53,0.9603,,65766.01,KXBTC15M-26JUN161245-45,2026-06-16T16:30:00+00:00,2026-06-16T16:45:00+00:00
2026-06-16T16:36:25.205359+00:00,BUY NO (DOWN),NO,-22.0,0.9744,3.899,70875.0,-353194.0,0.53,0.9744,,65762.01,KXBTC15M-26JUN161245-45,2026-06-16T16:30:00+00:00,2026-06-16T16:45:00+00:00
2026-06-16T16:36:48.123733+00:00,BUY NO (DOWN),NO,-21.99,0.9788,4.06,59158.0,-327981.0,0.52,0.9788,,65740.01,KXBTC15M-26JUN161245-45,2026-06-16T16:30:00+00:00,2026-06-16T16:45:00+00:00
2026-06-16T16:48:01.026081+00:00,BUY NO (DOWN),NO,-38.94,0.9884,4.537,-32358.0,-481786.0,0.65,0.9884,,65777.06,KXBTC15M-26JUN161300-00,2026-06-16T16:45:00+00:00,2026-06-16T17:00:00+00:00
2026-06-16T16:54:21.593120+00:00,BUY NO (DOWN),NO,-100.0,1.0,30.414,-108852.0,-273435.0,0.942,1.0,,65718.0,KXBTC15M-26JUN161300-00,2026-06-16T16:45:00+00:00,2026-06-16T17:00:00+00:00
2026-06-16T16:55:18.191616+00:00,BUY NO (DOWN),NO,-65.99,1.0,16.932,299211.0,49100.0,0.9,1.0,,65746.01,KXBTC15M-26JUN161300-00,2026-06-16T16:45:00+00:00,2026-06-16T17:00:00+00:00
2026-06-16T16:57:11.558347+00:00,BUY NO (DOWN),NO,-36.52,1.0,13.533,85497.0,-102372.0,0.9339999999999999,1.0,,65776.01,KXBTC15M-26JUN161300-00,2026-06-16T16:45:00+00:00,2026-06-16T17:00:00+00:00
2026-06-16T16:57:29.165156+00:00,BUY NO (DOWN),NO,-48.0,1.0,20.988,586215.0,496712.0,0.9339999999999999,1.0,,65768.0,KXBTC15M-26JUN161300-00,2026-06-16T16:45:00+00:00,2026-06-16T17:00:00+00:00
2026-06-16T16:57:59.068422+00:00,BUY NO (DOWN),NO,-40.01,1.0,21.274,643268.0,442374.0,0.949,1.0,,65776.55,KXBTC15M-26JUN161300-00,2026-06-16T16:45:00+00:00,2026-06-16T17:00:00+00:00
2026-06-16T16:58:16.071352+00:00,BUY NO (DOWN),NO,-32.01,1.0,19.654,-78837.0,483640.0,0.943,1.0,,65780.0,KXBTC15M-26JUN161300-00,2026-06-16T16:45:00+00:00,2026-06-16T17:00:00+00:00
2026-06-16T17:05:16.869788+00:00,BUY NO (DOWN),NO,-21.99,0.9356,3.038,-138959.0,-391914.0,0.63,0.9356,,65744.01,KXBTC15M-26JUN161315-15,2026-06-16T17:00:00+00:00,2026-06-16T17:15:00+00:00
2026-06-16T17:06:04.538072+00:00,BUY NO (DOWN),NO,-24.48,0.963,3.572,-49832.0,-473346.0,0.6799999999999999,0.963,,65741.52,KXBTC15M-26JUN161315-15,2026-06-16T17:00:00+00:00,2026-06-16T17:15:00+00:00
2026-06-16T17:19:44.405334+00:00,BUY NO (DOWN),NO,-22.2,0.9092,2.672,-623138.0,-885129.0,0.6,0.9092,,65769.83,KXBTC15M-26JUN161330-30,2026-06-16T17:15:00+00:00,2026-06-16T17:30:00+00:00
2026-06-16T17:21:03.438749+00:00,BUY NO (DOWN),NO,-29.7,0.9621,3.551,-174189.0,-565325.0,0.5800000000000001,0.9621,,65762.3,KXBTC15M-26JUN161330-30,2026-06-16T17:15:00+00:00,2026-06-16T17:30:00+00:00
2026-06-16T17:26:18.786978+00:00,BUY NO (DOWN),NO,-20.0,0.9996,6.714,-174642.0,117477.0,0.74,0.9996,,65772.01,KXBTC15M-26JUN161330-30,2026-06-16T17:15:00+00:00,2026-06-16T17:30:00+00:00
2026-06-16T18:18:14.311673+00:00,BUY NO (DOWN),NO,-28.01,0.7838,1.57,506206.0,-168180.0,0.55,0.7838,,66108.0,KXBTC15M-26JUN161430-30,2026-06-16T18:15:00+00:00,2026-06-16T18:30:00+00:00
2026-06-16T18:22:57.078080+00:00,BUY NO (DOWN),NO,-182.67,1.0,24.835,-41542.0,1111461.0,0.95,1.0,,65953.32,KXBTC15M-26JUN161430-30,2026-06-16T18:15:00+00:00,2026-06-16T18:30:00+00:00
2026-06-16T18:23:30.881921+00:00,BUY NO (DOWN),NO,-167.98,1.0,24.948,60483.0,1150226.0,0.946,1.0,,65968.02,KXBTC15M-26JUN161430-30,2026-06-16T18:15:00+00:00,2026-06-16T18:30:00+00:00
2026-06-16T18:35:16.446533+00:00,BUY NO (DOWN),NO,-24.22,0.9656,3.641,-80485.0,498074.0,0.52,0.9656,,65887.28,KXBTC15M-26JUN161445-45,2026-06-16T18:30:00+00:00,2026-06-16T18:45:00+00:00
2026-06-16T18:36:26.032108+00:00,BUY NO (DOWN),NO,-23.48,0.9934,4.951,261842.0,757922.0,0.5800000000000001,0.9934,,65880.0,KXBTC15M-26JUN161445-45,2026-06-16T18:30:00+00:00,2026-06-16T18:45:00+00:00
2026-06-16T18:41:06.850726+00:00,BUY NO (DOWN),NO,-77.49,1.0,23.326,-309807.0,-584780.0,0.938,1.0,,65833.99,KXBTC15M-26JUN161445-45,2026-06-16T18:30:00+00:00,2026-06-16T18:45:00+00:00
2026-06-16T19:03:00.992988+00:00,BUY NO (DOWN),NO,-145.51,1.0,9.735,-314850.0,-135002.0,0.89,1.0,,65692.5,KXBTC15M-26JUN161515-15,2026-06-16T19:00:00+00:00,2026-06-16T19:15:00+00:00
2026-06-16T19:07:47.205875+00:00,BUY NO (DOWN),NO,-127.07,1.0,26.479,895042.0,1399654.0,0.942,1.0,,65710.94,KXBTC15M-26JUN161515-15,2026-06-16T19:00:00+00:00,2026-06-16T19:15:00+00:00
2026-06-16T19:18:10.835422+00:00,BUY NO (DOWN),NO,-40.17,0.9784,4.042,260382.0,-431935.0,0.75,0.9784,,65610.13,KXBTC15M-26JUN161530-30,2026-06-16T19:15:00+00:00,2026-06-16T19:30:00+00:00
2026-06-16T19:34:50.228524+00:00,BUY NO (DOWN),NO,-20.0,0.8624,2.183,-182509.0,79528.0,0.5700000000000001,0.8624,,65696.0,KXBTC15M-26JUN161545-45,2026-06-16T19:30:00+00:00,2026-06-16T19:45:00+00:00
2026-06-16T19:34:54.780431+00:00,BUY NO (DOWN),NO,-20.0,0.8656,2.212,-179795.0,-96500.0,0.56,0.8656,,65696.0,KXBTC15M-26JUN161545-45,2026-06-16T19:30:00+00:00,2026-06-16T19:45:00+00:00
2026-06-16T19:36:20.253679+00:00,BUY NO (DOWN),NO,-75.89,0.9998,7.192,-651594.0,-1155316.0,0.5700000000000001,0.9998,,65640.11,KXBTC15M-26JUN161545-45,2026-06-16T19:30:00+00:00,2026-06-16T19:45:00+00:00
2026-06-16T19:40:35.422812+00:00,BUY NO (DOWN),NO,-86.11,1.0,14.593,-296739.0,-2232498.0,0.949,1.0,,65629.88,KXBTC15M-26JUN161545-45,2026-06-16T19:30:00+00:00,2026-06-16T19:45:00+00:00
2026-06-16T19:48:24.561870+00:00,BUY NO (DOWN),NO,-24.02,0.9063,2.636,-123363.0,138385.0,0.57,0.9063,,65644.29,KXBTC15M-26JUN161600-00,2026-06-16T19:45:00+00:00,2026-06-16T20:00:00+00:00
2026-06-16T19:50:12.939846+00:00,BUY NO (DOWN),NO,-20.01,0.9375,3.068,579806.0,367645.0,0.52,0.9375,,65652.0,KXBTC15M-26JUN161600-00,2026-06-16T19:45:00+00:00,2026-06-16T20:00:00+00:00
2026-06-16T19:58:22.459301+00:00,BUY NO (DOWN),NO,-69.82,1.0,49.968,-280004.0,-572124.0,0.926,1.0,,65602.19,KXBTC15M-26JUN161600-00,2026-06-16T19:45:00+00:00,2026-06-16T20:00:00+00:00
2026-06-16T19:59:10.103953+00:00,BUY NO (DOWN),NO,-34.02,1.0,41.22,-167908.0,-618254.0,0.52,1.0,,65637.99,KXBTC15M-26JUN161600-00,2026-06-16T19:45:00+00:00,2026-06-16T20:00:00+00:00
2026-06-16T19:59:24.249487+00:00,BUY NO (DOWN),NO,-20.0,1.0,36.123,-22751.0,-688714.0,0.74,1.0,,65652.0,KXBTC15M-26JUN161600-00,2026-06-16T19:45:00+00:00,2026-06-16T20:00:00+00:00
2026-06-16T20:03:00.950206+00:00,BUY NO (DOWN),NO,-42.01,0.8802,2.352,-61459.0,-1330222.0,0.74,0.8802,,65599.15,KXBTC15M-26JUN161615-15,2026-06-16T20:00:00+00:00,2026-06-16T20:15:00+00:00
2026-06-16T20:06:37.633740+00:00,BUY NO (DOWN),NO,-34.03,0.9792,4.074,-79307.0,-106099.0,0.78,0.9792,,65599.99,KXBTC15M-26JUN161615-15,2026-06-16T20:00:00+00:00,2026-06-16T20:15:00+00:00
2026-06-16T20:06:51.038168+00:00,BUY NO (DOWN),NO,-21.38,0.9139,2.731,-175917.0,-127855.0,0.72,0.9139,,65612.64,KXBTC15M-26JUN161615-15,2026-06-16T20:00:00+00:00,2026-06-16T20:15:00+00:00
2026-06-16T20:08:27.558079+00:00,BUY NO (DOWN),NO,-36.01,0.9782,4.037,270164.0,85168.0,0.78,0.9782,,65598.01,KXBTC15M-26JUN161615-15,2026-06-16T20:00:00+00:00,2026-06-16T20:15:00+00:00
2026-06-16T21:18:00.965658+00:00,BUY NO (DOWN),NO,-149.99,1.0,12.131,-2290064.0,-2573960.0,0.906,1.0,,65762.0,KXBTC15M-26JUN161730-30,2026-06-16T21:15:00+00:00,2026-06-16T21:30:00+00:00
2026-06-16T21:37:02.920461+00:00,BUY NO (DOWN),NO,-44.81,1.0,12.038,-723848.0,-958193.0,0.71,1.0,,65679.14,KXBTC15M-26JUN161745-45,2026-06-16T21:30:00+00:00,2026-06-16T21:45:00+00:00
2026-06-16T21:40:06.395750+00:00,BUY NO (DOWN),NO,-45.01,1.0,16.787,81087.0,-1280666.0,0.9,1.0,,65682.99,KXBTC15M-26JUN161745-45,2026-06-16T21:30:00+00:00,2026-06-16T21:45:00+00:00
2026-06-16T21:41:40.322545+00:00,BUY NO (DOWN),NO,-42.63,1.0,17.866,112589.0,-1106281.0,0.928,1.0,,65685.38,KXBTC15M-26JUN161745-45,2026-06-16T21:30:00+00:00,2026-06-16T21:45:00+00:00
2026-06-16T22:03:01.415485+00:00,BUY NO (DOWN),NO,-54.24,1.0,12.226,22345.0,114570.0,0.77,1.0,,65734.83,KXBTC15M-26JUN161815-15,2026-06-16T22:00:00+00:00,2026-06-16T22:15:00+00:00
2026-06-16T22:03:41.912662+00:00,BUY NO (DOWN),NO,-26.97,0.9923,4.843,66634.0,191320.0,0.5800000000000001,0.9923,,65744.96,KXBTC15M-26JUN161815-15,2026-06-16T22:00:00+00:00,2026-06-16T22:15:00+00:00
2026-06-16T22:21:00.795379+00:00,BUY NO (DOWN),NO,-28.0,0.9997,6.789,-289601.0,-199268.0,0.7,0.9997,,65814.0,KXBTC15M-26JUN161830-30,2026-06-16T22:15:00+00:00,2026-06-16T22:30:00+00:00
2026-06-16T22:33:00.440314+00:00,BUY NO (DOWN),NO,-45.82,1.0,8.212,-63568.0,260673.0,0.71,1.0,,65724.66,KXBTC15M-26JUN161845-45,2026-06-16T22:30:00+00:00,2026-06-16T22:45:00+00:00
2026-06-16T22:41:47.237324+00:00,BUY NO (DOWN),NO,-24.05,1.0,15.345,-40444.0,33461.0,0.8,1.0,,65746.42,KXBTC15M-26JUN161845-45,2026-06-16T22:30:00+00:00,2026-06-16T22:45:00+00:00
2026-06-16T22:48:00.785973+00:00,BUY NO (DOWN),NO,-27.75,0.9992,6.321,529750.0,920832.0,0.5900000000000001,0.9992,,65692.9,KXBTC15M-26JUN161900-00,2026-06-16T22:45:00+00:00,2026-06-16T23:00:00+00:00
2026-06-16T22:48:13.739357+00:00,BUY NO (DOWN),NO,-22.63,0.9881,4.518,658418.0,1046919.0,0.5700000000000001,0.9881,,65696.0,KXBTC15M-26JUN161900-00,2026-06-16T22:45:00+00:00,2026-06-16T23:00:00+00:00
2026-06-16T22:52:33.887736+00:00,BUY NO (DOWN),NO,-20.62,1.0,9.826,-6538.0,449902.0,0.6799999999999999,1.0,,65700.02,KXBTC15M-26JUN161900-00,2026-06-16T22:45:00+00:00,2026-06-16T23:00:00+00:00
2026-06-16T23:11:45.326268+00:00,BUY NO (DOWN),NO,-30.0,1.0,22.976,-1007434.0,-1052841.0,0.64,1.0,,65750.0,KXBTC15M-26JUN161915-15,2026-06-16T23:00:00+00:00,2026-06-16T23:15:00+00:00
2026-06-16T23:12:30.763815+00:00,BUY NO (DOWN),NO,-49.01,1.0,41.31,-1086630.0,-1099200.0,0.945,1.0,,65731.0,KXBTC15M-26JUN161915-15,2026-06-16T23:00:00+00:00,2026-06-16T23:15:00+00:00
2026-06-16T23:13:16.786324+00:00,BUY NO (DOWN),NO,-30.02,1.0,35.212,-52665.0,-1204682.0,0.948,1.0,,65749.99,KXBTC15M-26JUN161915-15,2026-06-16T23:00:00+00:00,2026-06-16T23:15:00+00:00
2026-06-16T23:13:38.072084+00:00,BUY NO (DOWN),NO,-28.02,1.0,43.075,2802.0,-1227151.0,0.948,1.0,,65751.99,KXBTC15M-26JUN161915-15,2026-06-16T23:00:00+00:00,2026-06-16T23:15:00+00:00
2026-06-16T23:18:07.960658+00:00,BUY NO (DOWN),NO,-22.92,0.9997,6.943,-201888.0,-403082.0,0.71,0.9997,,65738.0,KXBTC15M-26JUN161930-30,2026-06-16T23:15:00+00:00,2026-06-16T23:30:00+00:00
2026-06-16T23:26:58.755060+00:00,BUY NO (DOWN),NO,-44.58,1.0,43.753,132294.0,114518.0,0.938,1.0,,65718.34,KXBTC15M-26JUN161930-30,2026-06-16T23:15:00+00:00,2026-06-16T23:30:00+00:00
2026-06-16T23:49:39.433271+00:00,BUY NO (DOWN),NO,-24.38,0.9959,5.295,-39574.0,-422187.0,0.8,0.9959,,65676.28,KXBTC15M-26JUN162000-00,2026-06-16T23:45:00+00:00,2026-06-17T00:00:00+00:00
2026-06-17T00:21:33.490822+00:00,BUY NO (DOWN),NO,-30.25,0.9963,5.35,-705856.0,81538.0,0.6599999999999999,0.9963,,65722.0,KXBTC15M-26JUN162030-30,2026-06-17T00:15:00+00:00,2026-06-17T00:30:00+00:00
2026-06-17T00:22:14.053967+00:00,BUY NO (DOWN),NO,-27.99,0.9962,5.34,-698932.0,-304492.0,0.75,0.9962,,65728.0,KXBTC15M-26JUN162030-30,2026-06-17T00:15:00+00:00,2026-06-17T00:30:00+00:00
2026-06-17T00:23:03.107160+00:00,BUY NO (DOWN),NO,-25.98,0.9952,5.174,-163889.0,-383594.0,0.88,0.9952,,65726.68,KXBTC15M-26JUN162030-30,2026-06-17T00:15:00+00:00,2026-06-17T00:30:00+00:00
2026-06-17T00:24:32.179166+00:00,BUY NO (DOWN),NO,-29.98,0.9999,7.631,-16391.0,-475359.0,0.89,0.9999,,65722.0,KXBTC15M-26JUN162030-30,2026-06-17T00:15:00+00:00,2026-06-17T00:30:00+00:00
2026-06-17T00:25:08.021790+00:00,BUY NO (DOWN),NO,-37.99,1.0,11.767,-77358.0,-892000.0,0.95,1.0,,65718.0,KXBTC15M-26JUN162030-30,2026-06-17T00:15:00+00:00,2026-06-17T00:30:00+00:00
2026-06-17T00:25:59.337196+00:00,BUY NO (DOWN),NO,-31.43,1.0,12.405,26596.0,-806352.0,0.928,1.0,,65725.99,KXBTC15M-26JUN162030-30,2026-06-17T00:15:00+00:00,2026-06-17T00:30:00+00:00
2026-06-17T00:26:32.670196+00:00,BUY NO (DOWN),NO,-21.23,1.0,9.037,31848.0,-781035.0,0.929,1.0,,65734.75,KXBTC15M-26JUN162030-30,2026-06-17T00:15:00+00:00,2026-06-17T00:30:00+00:00
2026-06-17T00:26:38.987131+00:00,BUY NO (DOWN),NO,-21.23,1.0,11.889,36151.0,-130636.0,0.946,1.0,,65734.75,KXBTC15M-26JUN162030-30,2026-06-17T00:15:00+00:00,2026-06-17T00:30:00+00:00
2026-06-17T00:48:49.937083+00:00,BUY NO (DOWN),NO,-28.56,0.9999,7.409,-41289.0,-35056.0,0.5800000000000001,0.9999,,65813.96,KXBTC15M-26JUN162100-00,2026-06-17T00:45:00+00:00,2026-06-17T01:00:00+00:00
2026-06-17T00:50:13.990905+00:00,BUY NO (DOWN),NO,-22.54,0.9875,4.48,1669981.0,1685385.0,0.56,0.9875,,65807.26,KXBTC15M-26JUN162100-00,2026-06-17T00:45:00+00:00,2026-06-17T01:00:00+00:00
2026-06-17T00:53:03.949895+00:00,BUY NO (DOWN),NO,-112.01,1.0,20.612,78418.0,-335484.0,0.949,1.0,,65722.0,KXBTC15M-26JUN162100-00,2026-06-17T00:45:00+00:00,2026-06-17T01:00:00+00:00
2026-06-17T01:18:00.636810+00:00,BUY NO (DOWN),NO,-149.28,1.0,15.249,-207269.0,-556904.0,0.88,1.0,,65656.01,KXBTC15M-26JUN162130-30,2026-06-17T01:15:00+00:00,2026-06-17T01:30:00+00:00
2026-06-17T01:19:19.424676+00:00,BUY NO (DOWN),NO,-187.3,1.0,16.596,-663465.0,-1163145.0,0.927,1.0,,65618.0,KXBTC15M-26JUN162130-30,2026-06-17T01:15:00+00:00,2026-06-17T01:30:00+00:00
2026-06-17T02:03:01.049075+00:00,BUY NO (DOWN),NO,-44.0,0.9998,7.016,-155135.0,-199516.0,0.6699999999999999,0.9998,,65899.99,KXBTC15M-26JUN162215-15,2026-06-17T02:00:00+00:00,2026-06-17T02:15:00+00:00
2026-06-17T02:19:10.987816+00:00,BUY NO (DOWN),NO,-21.22,0.9293,2.941,14201.0,71532.0,0.6,0.9293,,65883.97,KXBTC15M-26JUN162230-30,2026-06-17T02:15:00+00:00,2026-06-17T02:30:00+00:00
2026-06-17T02:33:01.077434+00:00,BUY NO (DOWN),NO,-96.01,1.0,11.497,-342129.0,409533.0,0.75,1.0,,66009.99,KXBTC15M-26JUN162245-45,2026-06-17T02:30:00+00:00,2026-06-17T02:45:00+00:00
2026-06-17T02:35:20.273969+00:00,BUY NO (DOWN),NO,-193.14,1.0,28.026,-300050.0,-125906.0,0.9410000000000001,1.0,,65914.0,KXBTC15M-26JUN162245-45,2026-06-17T02:30:00+00:00,2026-06-17T02:45:00+00:00
2026-06-17T02:53:16.532891+00:00,BUY NO (DOWN),NO,-21.88,0.9998,6.982,-112091.0,216886.0,0.6699999999999999,0.9998,,65836.18,KXBTC15M-26JUN162300-00,2026-06-17T02:45:00+00:00,2026-06-17T03:00:00+00:00
2026-06-17T02:54:09.463847+00:00,BUY NO (DOWN),NO,-20.05,0.9999,7.384,-190412.0,200021.0,0.73,0.9999,,65838.01,KXBTC15M-26JUN162300-00,2026-06-17T02:45:00+00:00,2026-06-17T03:00:00+00:00
2026-06-17T03:03:01.632281+00:00,BUY NO (DOWN),NO,-64.67,1.0,13.017,16452.0,-3686324.0,0.8,1.0,,65839.33,KXBTC15M-26JUN162315-15,2026-06-17T03:00:00+00:00,2026-06-17T03:15:00+00:00
2026-06-17T03:09:51.173880+00:00,BUY NO (DOWN),NO,-61.15,1.0,16.42,-1776926.0,-2276590.0,0.75,1.0,,65842.86,KXBTC15M-26JUN162315-15,2026-06-17T03:00:00+00:00,2026-06-17T03:15:00+00:00
2026-06-17T03:18:01.025531+00:00,BUY NO (DOWN),NO,-65.85,1.0,10.558,-107403.0,-5302613.0,0.78,1.0,,65754.16,KXBTC15M-26JUN162330-30,2026-06-17T03:15:00+00:00,2026-06-17T03:30:00+00:00
2026-06-17T03:26:34.205490+00:00,BUY NO (DOWN),NO,-57.98,1.0,25.527,90168.0,8307.0,0.944,1.0,,65764.0,KXBTC15M-26JUN162330-30,2026-06-17T03:15:00+00:00,2026-06-17T03:30:00+00:00
2026-06-17T03:26:57.368599+00:00,BUY NO (DOWN),NO,-52.02,1.0,25.767,128207.0,68988.0,0.944,1.0,,65767.99,KXBTC15M-26JUN162330-30,2026-06-17T03:15:00+00:00,2026-06-17T03:30:00+00:00
2026-06-17T04:13:31.878287+00:00,BUY NO (DOWN),NO,-21.99,1.0,30.046,-195378.0,262785.0,0.52,1.0,,65834.01,KXBTC15M-26JUN170015-15,2026-06-17T04:00:00+00:00,2026-06-17T04:15:00+00:00
2026-06-17T04:19:08.750832+00:00,BUY NO (DOWN),NO,-23.33,0.9994,6.519,-181798.0,-268433.0,0.65,0.9994,,65816.01,KXBTC15M-26JUN170030-30,2026-06-17T04:15:00+00:00,2026-06-17T04:30:00+00:00
2026-06-17T04:21:37.978713+00:00,BUY NO (DOWN),NO,-21.34,0.9995,6.564,100734.0,-328513.0,0.7,0.9995,,65818.01,KXBTC15M-26JUN170030-30,2026-06-17T04:15:00+00:00,2026-06-17T04:30:00+00:00
2026-06-17T04:35:09.660255+00:00,BUY NO (DOWN),NO,-30.14,0.9994,6.483,-1384087.0,-7444150.0,0.65,0.9994,,65876.81,KXBTC15M-26JUN170045-45,2026-06-17T04:30:00+00:00,2026-06-17T04:45:00+00:00
2026-06-17T04:37:50.104997+00:00,BUY NO (DOWN),NO,-20.94,1.0,8.443,-27067.0,99415.0,0.68,1.0,,65878.02,KXBTC15M-26JUN170045-45,2026-06-17T04:30:00+00:00,2026-06-17T04:45:00+00:00
2026-06-17T04:57:56.784206+00:00,BUY NO (DOWN),NO,-21.99,1.0,38.481,-20612.0,-279606.0,0.81,1.0,,65906.0,KXBTC15M-26JUN170100-00,2026-06-17T04:45:00+00:00,2026-06-17T05:00:00+00:00
2026-06-17T05:08:02.816921+00:00,BUY NO (DOWN),NO,-22.0,0.9988,6.081,-178375.0,-352762.0,0.64,0.9988,,65870.01,KXBTC15M-26JUN170115-15,2026-06-17T05:00:00+00:00,2026-06-17T05:15:00+00:00
2026-06-17T05:19:29.087723+00:00,BUY NO (DOWN),NO,-22.52,0.9569,3.432,-138911.0,-3301091.0,0.6,0.9569,,65777.34,KXBTC15M-26JUN170130-30,2026-06-17T05:15:00+00:00,2026-06-17T05:30:00+00:00
2026-06-17T05:19:56.149473+00:00,BUY NO (DOWN),NO,-23.81,0.9941,5.039,-65552.0,-6373101.0,0.61,0.9941,,65776.73,KXBTC15M-26JUN170130-30,2026-06-17T05:15:00+00:00,2026-06-17T05:30:00+00:00
2026-06-17T05:33:49.163740+00:00,BUY NO (DOWN),NO,-21.51,0.9943,5.062,-64092.0,4152154.0,0.6,0.9943,,65832.43,KXBTC15M-26JUN170145-45,2026-06-17T05:30:00+00:00,2026-06-17T05:45:00+00:00
2026-06-17T05:48:34.187509+00:00,BUY NO (DOWN),NO,-26.0,0.9965,5.394,-5894.0,-51443.0,0.75,0.9965,,65880.01,KXBTC15M-26JUN170200-00,2026-06-17T05:45:00+00:00,2026-06-17T06:00:00+00:00
2026-06-17T05:51:42.213390+00:00,BUY NO (DOWN),NO,-88.01,1.0,25.661,-162268.0,-339722.0,0.942,1.0,,65818.01,KXBTC15M-26JUN170200-00,2026-06-17T05:45:00+00:00,2026-06-17T06:00:00+00:00
2026-06-17T06:03:17.403162+00:00,BUY NO (DOWN),NO,-46.06,0.9995,6.562,-528330.0,-445644.0,0.62,0.9995,,65790.25,KXBTC15M-26JUN170215-15,2026-06-17T06:00:00+00:00,2026-06-17T06:15:00+00:00
2026-06-17T06:25:09.829311+00:00,BUY NO (DOWN),NO,-36.0,1.0,23.436,-24775.0,-189769.0,0.78,1.0,,65825.99,KXBTC15M-26JUN170230-30,2026-06-17T06:15:00+00:00,2026-06-17T06:30:00+00:00
2026-06-17T06:33:00.694198+00:00,BUY NO (DOWN),NO,-21.42,0.8473,2.05,66926.0,-904767.0,0.62,0.8473,,65628.59,KXBTC15M-26JUN170245-45,2026-06-17T06:30:00+00:00,2026-06-17T06:45:00+00:00
2026-06-17T06:40:43.183930+00:00,BUY NO (DOWN),NO,-27.04,1.0,9.48,-373541.0,-247185.0,0.75,1.0,,65618.0,KXBTC15M-26JUN170245-45,2026-06-17T06:30:00+00:00,2026-06-17T06:45:00+00:00
2026-06-17T06:41:34.843177+00:00,BUY NO (DOWN),NO,-55.46,1.0,25.031,128185.0,-87491.0,0.947,1.0,,65594.54,KXBTC15M-26JUN170245-45,2026-06-17T06:30:00+00:00,2026-06-17T06:45:00+00:00
2026-06-17T06:42:04.819029+00:00,BUY NO (DOWN),NO,-48.0,1.0,24.559,107899.0,-28933.0,0.926,1.0,,65602.4,KXBTC15M-26JUN170245-45,2026-06-17T06:30:00+00:00,2026-06-17T06:45:00+00:00
2026-06-17T06:42:20.595190+00:00,BUY NO (DOWN),NO,-44.0,1.0,24.446,65401.0,-3674.0,0.9390000000000001,1.0,,65606.01,KXBTC15M-26JUN170245-45,2026-06-17T06:30:00+00:00,2026-06-17T06:45:00+00:00
2026-06-17T06:43:36.866247+00:00,BUY NO (DOWN),NO,-28.01,1.0,30.278,-5557.0,-38462.0,0.946,1.0,,65633.99,KXBTC15M-26JUN170245-45,2026-06-17T06:30:00+00:00,2026-06-17T06:45:00+00:00
2026-06-17T06:55:57.641101+00:00,BUY NO (DOWN),NO,-25.17,1.0,16.158,-3754138.0,-3308390.0,0.5800000000000001,1.0,,65616.82,KXBTC15M-26JUN170300-00,2026-06-17T06:45:00+00:00,2026-06-17T07:00:00+00:00
2026-06-17T06:57:17.928958+00:00,BUY NO (DOWN),NO,-21.98,1.0,18.633,-29787.0,-3367041.0,0.85,1.0,,65620.0,KXBTC15M-26JUN170300-00,2026-06-17T06:45:00+00:00,2026-06-17T07:00:00+00:00
2026-06-17T06:58:40.149211+00:00,BUY NO (DOWN),NO,-20.0,1.0,36.381,80433.0,-3561791.0,0.84,1.0,,65621.99,KXBTC15M-26JUN170300-00,2026-06-17T06:45:00+00:00,2026-06-17T07:00:00+00:00
2026-06-17T06:58:46.729335+00:00,BUY NO (DOWN),NO,-20.0,1.0,40.014,82848.0,-3560617.0,0.9299999999999999,1.0,,65621.99,KXBTC15M-26JUN170300-00,2026-06-17T06:45:00+00:00,2026-06-17T07:00:00+00:00
2026-06-17T06:58:57.296568+00:00,BUY NO (DOWN),NO,-20.0,1.0,46.724,95845.0,-3632281.0,0.89,1.0,,65621.99,KXBTC15M-26JUN170300-00,2026-06-17T06:45:00+00:00,2026-06-17T07:00:00+00:00
2026-06-17T07:03:00.692889+00:00,BUY NO (DOWN),NO,-37.99,1.0,7.785,19722.0,503200.0,0.69,1.0,,65586.01,KXBTC15M-26JUN170315-15,2026-06-17T07:00:00+00:00,2026-06-17T07:15:00+00:00
2026-06-17T07:04:14.904066+00:00,BUY NO (DOWN),NO,-25.99,0.988,4.516,-45406.0,293454.0,0.5700000000000001,0.988,,65598.0,KXBTC15M-26JUN170315-15,2026-06-17T07:00:00+00:00,2026-06-17T07:15:00+00:00
2026-06-17T07:06:56.269533+00:00,BUY NO (DOWN),NO,-44.63,0.9962,5.34,-464672.0,598479.0,0.6599999999999999,0.9962,,65579.37,KXBTC15M-26JUN170315-15,2026-06-17T07:00:00+00:00,2026-06-17T07:15:00+00:00
2026-06-17T07:18:02.389372+00:00,BUY NO (DOWN),NO,-21.99,0.9957,5.26,-222421.0,-181721.0,0.6,0.9957,,65665.99,KXBTC15M-26JUN170330-30,2026-06-17T07:15:00+00:00,2026-06-17T07:30:00+00:00
2026-06-17T07:18:18.592146+00:00,BUY NO (DOWN),NO,-29.98,0.9996,6.703,-119951.0,-180118.0,0.55,0.9996,,65656.01,KXBTC15M-26JUN170330-30,2026-06-17T07:15:00+00:00,2026-06-17T07:30:00+00:00
2026-06-17T07:21:09.331022+00:00,BUY NO (DOWN),NO,-170.0,1.0,25.597,-1197120.0,-1580640.0,0.933,1.0,,65520.18,KXBTC15M-26JUN170330-30,2026-06-17T07:15:00+00:00,2026-06-17T07:30:00+00:00
2026-06-17T07:21:31.455853+00:00,BUY NO (DOWN),NO,-191.3,1.0,29.667,-1341866.0,-1775515.0,0.95,1.0,,65496.69,KXBTC15M-26JUN170330-30,2026-06-17T07:15:00+00:00,2026-06-17T07:30:00+00:00
2026-06-17T07:21:37.970131+00:00,BUY NO (DOWN),NO,-191.29,1.0,30.017,-989216.0,-1777442.0,0.947,1.0,,65499.99,KXBTC15M-26JUN170330-30,2026-06-17T07:15:00+00:00,2026-06-17T07:30:00+00:00
2026-06-17T07:33:01.059406+00:00,BUY NO (DOWN),NO,-25.09,0.9903,4.678,-162435.0,-201462.0,0.5800000000000001,0.9903,,65532.91,KXBTC15M-26JUN170345-45,2026-06-17T07:30:00+00:00,2026-06-17T07:45:00+00:00
2026-06-17T07:37:22.487125+00:00,BUY NO (DOWN),NO,-33.34,0.9985,5.916,-709028.0,-581629.0,0.51,0.9985,,65522.69,KXBTC15M-26JUN170345-45,2026-06-17T07:30:00+00:00,2026-06-17T07:45:00+00:00
2026-06-17T07:39:48.101015+00:00,BUY NO (DOWN),NO,-21.92,0.9995,6.531,-71260.0,-1002841.0,0.6,0.9995,,65533.87,KXBTC15M-26JUN170345-45,2026-06-17T07:30:00+00:00,2026-06-17T07:45:00+00:00
2026-06-17T07:48:09.900632+00:00,BUY NO (DOWN),NO,-23.42,0.9749,3.918,-318790.0,302769.0,0.65,0.9749,,65515.44,KXBTC15M-26JUN170400-00,2026-06-17T07:45:00+00:00,2026-06-17T08:00:00+00:00
2026-06-17T07:56:47.741083+00:00,BUY NO (DOWN),NO,-95.19,1.0,17.074,1212332.0,-5374158.0,0.9359999999999999,1.0,,65443.68,KXBTC15M-26JUN170400-00,2026-06-17T07:45:00+00:00,2026-06-17T08:00:00+00:00
2026-06-17T07:59:21.338550+00:00,BUY NO (DOWN),NO,-24.87,1.0,34.376,-284278.0,1579755.0,0.6799999999999999,1.0,,65514.0,KXBTC15M-26JUN170400-00,2026-06-17T07:45:00+00:00,2026-06-17T08:00:00+00:00
2026-06-17T08:03:00.138377+00:00,BUY NO (DOWN),NO,-59.51,0.9764,3.969,-475986.0,257362.0,0.64,0.9764,,65479.99,KXBTC15M-26JUN170415-15,2026-06-17T08:00:00+00:00,2026-06-17T08:15:00+00:00
2026-06-17T08:10:53.111668+00:00,BUY NO (DOWN),NO,-133.51,1.0,46.206,61219.0,-176271.0,0.949,1.0,,65405.99,KXBTC15M-26JUN170415-15,2026-06-17T08:00:00+00:00,2026-06-17T08:15:00+00:00
2026-06-17T08:18:01.829646+00:00,BUY NO (DOWN),NO,-33.49,0.9753,3.931,-124099.0,-546935.0,0.6799999999999999,0.9753,,65307.02,KXBTC15M-26JUN170430-30,2026-06-17T08:15:00+00:00,2026-06-17T08:30:00+00:00
2026-06-17T08:33:01.535648+00:00,BUY NO (DOWN),NO,-88.64,0.9997,6.947,288138.0,-5666037.0,0.75,0.9997,,65229.38,KXBTC15M-26JUN170445-45,2026-06-17T08:30:00+00:00,2026-06-17T08:45:00+00:00
2026-06-17T08:49:45.673281+00:00,BUY NO (DOWN),NO,-36.01,0.9763,3.967,149339.0,-816623.0,0.62,0.9763,,64872.0,KXBTC15M-26JUN170500-00,2026-06-17T08:45:00+00:00,2026-06-17T09:00:00+00:00
2026-06-17T08:51:36.611884+00:00,BUY NO (DOWN),NO,-38.0,0.9785,4.047,-302210.0,-337560.0,0.6699999999999999,0.9785,,64874.01,KXBTC15M-26JUN170500-00,2026-06-17T08:45:00+00:00,2026-06-17T09:00:00+00:00
2026-06-17T09:18:00.581730+00:00,BUY NO (DOWN),NO,-25.99,0.9977,5.676,-103496.0,-207896.0,0.56,0.9977,,64949.99,KXBTC15M-26JUN170530-30,2026-06-17T09:15:00+00:00,2026-06-17T09:30:00+00:00
2026-06-17T09:18:17.606634+00:00,BUY NO (DOWN),NO,-20.0,0.9906,4.698,141480.0,-115408.0,0.56,0.9906,,64956.0,KXBTC15M-26JUN170530-30,2026-06-17T09:15:00+00:00,2026-06-17T09:30:00+00:00
2026-06-17T09:22:01.776405+00:00,BUY NO (DOWN),NO,-31.99,0.9997,6.909,-165446.0,375175.0,0.63,0.9997,,64944.01,KXBTC15M-26JUN170530-30,2026-06-17T09:15:00+00:00,2026-06-17T09:30:00+00:00
2026-06-17T09:33:00.382868+00:00,BUY NO (DOWN),NO,-49.97,0.9999,7.448,-948102.0,-598190.0,0.62,0.9999,,64996.01,KXBTC15M-26JUN170545-45,2026-06-17T09:30:00+00:00,2026-06-17T09:45:00+00:00
2026-06-17T09:51:24.158478+00:00,BUY NO (DOWN),NO,-21.73,0.9867,4.433,97863.0,7292668.0,0.7,0.9867,,64926.01,KXBTC15M-26JUN170600-00,2026-06-17T09:45:00+00:00,2026-06-17T10:00:00+00:00
2026-06-17T09:51:56.527943+00:00,BUY NO (DOWN),NO,-23.73,0.9911,4.737,-285754.0,7092099.0,0.72,0.9911,,64924.02,KXBTC15M-26JUN170600-00,2026-06-17T09:45:00+00:00,2026-06-17T10:00:00+00:00
2026-06-17T09:53:19.125057+00:00,BUY NO (DOWN),NO,-21.73,0.9962,5.341,-162342.0,6983324.0,0.71,0.9962,,64926.0,KXBTC15M-26JUN170600-00,2026-06-17T09:45:00+00:00,2026-06-17T10:00:00+00:00
2026-06-17T09:55:06.551402+00:00,BUY NO (DOWN),NO,-63.75,1.0,24.131,-1462314.0,-825986.0,0.944,1.0,,64883.99,KXBTC15M-26JUN170600-00,2026-06-17T09:45:00+00:00,2026-06-17T10:00:00+00:00
2026-06-17T10:03:02.510001+00:00,BUY NO (DOWN),NO,-31.07,0.9568,3.429,-292571.0,1046874.0,0.52,0.9568,,64868.01,KXBTC15M-26JUN170615-15,2026-06-17T10:00:00+00:00,2026-06-17T10:15:00+00:00
2026-06-17T10:12:14.526339+00:00,BUY NO (DOWN),NO,-20.39,1.0,10.69,-208072.0,91744.0,0.55,1.0,,64889.05,KXBTC15M-26JUN170615-15,2026-06-17T10:00:00+00:00,2026-06-17T10:15:00+00:00
2026-06-17T10:14:07.682459+00:00,BUY NO (DOWN),NO,-31.12,1.0,75.725,-377366.0,68555.0,0.75,1.0,,64870.85,KXBTC15M-26JUN170615-15,2026-06-17T10:00:00+00:00,2026-06-17T10:15:00+00:00
2026-06-17T10:37:04.191150+00:00,BUY NO (DOWN),NO,-22.0,0.9977,5.668,-5450.0,-370291.0,0.6599999999999999,0.9977,,64912.0,KXBTC15M-26JUN170645-45,2026-06-17T10:30:00+00:00,2026-06-17T10:45:00+00:00
2026-06-17T10:37:50.409377+00:00,BUY NO (DOWN),NO,-20.02,0.9973,5.563,98784.0,-300752.0,0.63,0.9973,,64912.01,KXBTC15M-26JUN170645-45,2026-06-17T10:30:00+00:00,2026-06-17T10:45:00+00:00
2026-06-17T10:38:16.656882+00:00,BUY NO (DOWN),NO,-20.0,0.9987,6.011,3523.0,-302380.0,0.65,0.9987,,64916.01,KXBTC15M-26JUN170645-45,2026-06-17T10:30:00+00:00,2026-06-17T10:45:00+00:00
2026-06-17T10:39:53.742660+00:00,BUY NO (DOWN),NO,-24.0,1.0,9.473,-33582.0,-160584.0,0.6799999999999999,1.0,,64912.0,KXBTC15M-26JUN170645-45,2026-06-17T10:30:00+00:00,2026-06-17T10:45:00+00:00
2026-06-17T10:41:45.575168+00:00,BUY NO (DOWN),NO,-48.02,1.0,27.71,-743215.0,-639779.0,0.911,1.0,,64900.5,KXBTC15M-26JUN170645-45,2026-06-17T10:30:00+00:00,2026-06-17T10:45:00+00:00
2026-06-17T10:42:15.749663+00:00,BUY NO (DOWN),NO,-21.39,1.0,13.506,-585814.0,-669513.0,0.64,1.0,,64914.62,KXBTC15M-26JUN170645-45,2026-06-17T10:30:00+00:00,2026-06-17T10:45:00+00:00
2026-06-17T10:48:00.861162+00:00,BUY NO (DOWN),NO,-28.28,0.9945,5.081,-31388.0,-69940.0,0.6599999999999999,0.9945,,64893.73,KXBTC15M-26JUN170700-00,2026-06-17T10:45:00+00:00,2026-06-17T11:00:00+00:00
2026-06-17T10:48:17.081822+00:00,BUY NO (DOWN),NO,-26.01,0.9874,4.477,130491.0,96385.0,0.6,0.9874,,64880.02,KXBTC15M-26JUN170700-00,2026-06-17T10:45:00+00:00,2026-06-17T11:00:00+00:00
2026-06-17T10:54:24.687127+00:00,BUY NO (DOWN),NO,-100.02,1.0,26.625,-238025.0,-1094712.0,0.942,1.0,,64822.0,KXBTC15M-26JUN170700-00,2026-06-17T10:45:00+00:00,2026-06-17T11:00:00+00:00
2026-06-17T11:03:00.204913+00:00,BUY NO (DOWN),NO,-50.01,0.9986,5.989,-864890.0,-999466.0,0.63,0.9986,,64747.99,KXBTC15M-26JUN170715-15,2026-06-17T11:00:00+00:00,2026-06-17T11:15:00+00:00
2026-06-17T11:18:00.158967+00:00,BUY NO (DOWN),NO,-34.02,0.9322,2.985,-140808.0,-868521.0,0.6699999999999999,0.9322,,64567.99,KXBTC15M-26JUN170730-30,2026-06-17T11:15:00+00:00,2026-06-17T11:30:00+00:00
2026-06-17T11:18:20.959970+00:00,BUY NO (DOWN),NO,-21.74,0.8349,1.947,109141.0,-1031148.0,0.65,0.8349,,64580.28,KXBTC15M-26JUN170730-30,2026-06-17T11:15:00+00:00,2026-06-17T11:30:00+00:00
2026-06-17T12:03:11.404937+00:00,BUY NO (DOWN),NO,-27.83,0.9267,2.903,53053.0,-738195.0,0.65,0.9267,,64782.17,KXBTC15M-26JUN170815-15,2026-06-17T12:00:00+00:00,2026-06-17T12:15:00+00:00
2026-06-17T12:04:17.936430+00:00,BUY NO (DOWN),NO,-26.95,0.936,3.044,-59237.0,-806726.0,0.64,0.936,,64783.06,KXBTC15M-26JUN170815-15,2026-06-17T12:00:00+00:00,2026-06-17T12:15:00+00:00
2026-06-17T12:18:01.380837+00:00,BUY NO (DOWN),NO,-48.17,1.0,9.26,-86765.0,613900.0,0.6699999999999999,1.0,,64802.02,KXBTC15M-26JUN170830-30,2026-06-17T12:15:00+00:00,2026-06-17T12:30:00+00:00
2026-06-17T12:19:52.742806+00:00,BUY NO (DOWN),NO,-23.5,0.9971,5.514,16607.0,496607.0,0.52,0.9971,,64826.68,KXBTC15M-26JUN170830-30,2026-06-17T12:15:00+00:00,2026-06-17T12:30:00+00:00
2026-06-17T12:22:09.343937+00:00,BUY NO (DOWN),NO,-145.47,1.0,19.38,-92502.0,-16120.0,0.9339999999999999,1.0,,64705.99,KXBTC15M-26JUN170830-30,2026-06-17T12:15:00+00:00,2026-06-17T12:30:00+00:00
2026-06-17T13:03:37.582502+00:00,BUY NO (DOWN),NO,-26.88,0.9816,4.175,280026.0,528207.0,0.6,0.9816,,65014.01,KXBTC15M-26JUN170915-15,2026-06-17T13:00:00+00:00,2026-06-17T13:15:00+00:00
2026-06-17T13:04:53.636159+00:00,BUY NO (DOWN),NO,-22.25,0.9553,3.396,-162980.0,198243.0,0.5800000000000001,0.9553,,65018.63,KXBTC15M-26JUN170915-15,2026-06-17T13:00:00+00:00,2026-06-17T13:15:00+00:00
2026-06-17T13:05:36.068267+00:00,BUY NO (DOWN),NO,-30.59,0.9933,4.95,210201.0,417754.0,0.65,0.9933,,65010.29,KXBTC15M-26JUN170915-15,2026-06-17T13:00:00+00:00,2026-06-17T13:15:00+00:00
2026-06-17T13:06:15.157314+00:00,BUY NO (DOWN),NO,-22.21,0.9614,3.535,5488299.0,5740135.0,0.65,0.9614,,65018.0,KXBTC15M-26JUN170915-15,2026-06-17T13:00:00+00:00,2026-06-17T13:15:00+00:00
2026-06-17T13:07:47.840596+00:00,BUY NO (DOWN),NO,-20.17,0.9259,2.892,824668.0,6586575.0,0.52,0.9259,,65020.72,KXBTC15M-26JUN170915-15,2026-06-17T13:00:00+00:00,2026-06-17T13:15:00+00:00
2026-06-17T13:08:02.272286+00:00,BUY NO (DOWN),NO,-20.88,0.9425,3.151,700559.0,6237843.0,0.64,0.9425,,65020.0,KXBTC15M-26JUN170915-15,2026-06-17T13:00:00+00:00,2026-06-17T13:15:00+00:00
2026-06-17T13:18:00.298174+00:00,BUY NO (DOWN),NO,-35.81,0.9974,5.593,-116726.0,60608.0,0.6599999999999999,0.9974,,65044.18,KXBTC15M-26JUN170930-30,2026-06-17T13:15:00+00:00,2026-06-17T13:30:00+00:00
2026-06-17T13:19:21.622716+00:00,BUY NO (DOWN),NO,-20.0,0.9244,2.87,-529381.0,-777203.0,0.56,0.9244,,65060.0,KXBTC15M-26JUN170930-30,2026-06-17T13:15:00+00:00,2026-06-17T13:30:00+00:00
2026-06-17T13:19:26.035269+00:00,BUY NO (DOWN),NO,-20.0,0.9264,2.898,-560609.0,-783720.0,0.62,0.9264,,65060.0,KXBTC15M-26JUN170930-30,2026-06-17T13:15:00+00:00,2026-06-17T13:30:00+00:00
2026-06-17T13:19:31.055349+00:00,BUY NO (DOWN),NO,-20.0,0.9299,2.95,-579235.0,-765054.0,0.61,0.9299,,65060.01,KXBTC15M-26JUN170930-30,2026-06-17T13:15:00+00:00,2026-06-17T13:30:00+00:00
2026-06-17T13:19:34.161999+00:00,BUY NO (DOWN),NO,-20.0,0.9306,2.96,-578994.0,-767676.0,0.61,0.9306,,65060.0,KXBTC15M-26JUN170930-30,2026-06-17T13:15:00+00:00,2026-06-17T13:30:00+00:00
2026-06-17T13:19:46.675919+00:00,BUY NO (DOWN),NO,-20.0,0.9391,3.095,-530550.0,-616662.0,0.5900000000000001,0.9391,,65060.0,KXBTC15M-26JUN170930-30,2026-06-17T13:15:00+00:00,2026-06-17T13:30:00+00:00
2026-06-17T13:19:52.053814+00:00,BUY NO (DOWN),NO,-20.0,0.9414,3.133,89524.0,-626586.0,0.62,0.9414,,65060.01,KXBTC15M-26JUN170930-30,2026-06-17T13:15:00+00:00,2026-06-17T13:30:00+00:00
2026-06-17T13:23:46.110067+00:00,BUY NO (DOWN),NO,-159.99,1.0,39.081,-595541.0,-2361614.0,0.949,1.0,,64920.01,KXBTC15M-26JUN170930-30,2026-06-17T13:15:00+00:00,2026-06-17T13:30:00+00:00
2026-06-17T13:50:13.080409+00:00,BUY NO (DOWN),NO,-20.95,0.8163,1.802,-264608.0,-1441109.0,0.62,0.8163,,65258.0,KXBTC15M-26JUN171000-00,2026-06-17T13:45:00+00:00,2026-06-17T14:00:00+00:00
2026-06-17T13:59:05.740987+00:00,BUY NO (DOWN),NO,-28.95,1.0,36.247,-4017.0,-913188.0,0.86,1.0,,65250.01,KXBTC15M-26JUN171000-00,2026-06-17T13:45:00+00:00,2026-06-17T14:00:00+00:00
2026-06-17T14:03:00.782460+00:00,BUY NO (DOWN),NO,-60.41,0.9802,4.115,-57285.0,263946.0,0.6599999999999999,0.9802,,65216.0,KXBTC15M-26JUN171015-15,2026-06-17T14:00:00+00:00,2026-06-17T14:15:00+00:00
2026-06-17T14:04:13.913387+00:00,BUY NO (DOWN),NO,-24.52,0.8241,1.863,357339.0,605926.0,0.53,0.8241,,65240.54,KXBTC15M-26JUN171015-15,2026-06-17T14:00:00+00:00,2026-06-17T14:15:00+00:00
2026-06-17T14:07:43.952061+00:00,BUY NO (DOWN),NO,-26.41,0.9619,3.547,764138.0,811342.0,0.5700000000000001,0.9619,,65250.01,KXBTC15M-26JUN171015-15,2026-06-17T14:00:00+00:00,2026-06-17T14:15:00+00:00
2026-06-17T14:07:49.481586+00:00,BUY NO (DOWN),NO,-20.4,0.9204,2.816,803570.0,843565.0,0.5900000000000001,0.9204,,65256.01,KXBTC15M-26JUN171015-15,2026-06-17T14:00:00+00:00,2026-06-17T14:15:00+00:00
2026-06-17T14:09:25.341203+00:00,BUY NO (DOWN),NO,-21.1,0.9593,3.486,347500.0,1742635.0,0.5800000000000001,0.9593,,65255.31,KXBTC15M-26JUN171015-15,2026-06-17T14:00:00+00:00,2026-06-17T14:15:00+00:00
2026-06-17T14:18:00.382226+00:00,BUY NO (DOWN),NO,-22.0,0.7789,1.537,-269999.0,1357002.0,0.51,0.7789,,65331.99,KXBTC15M-26JUN171030-30,2026-06-17T14:15:00+00:00,2026-06-17T14:30:00+00:00
2026-06-17T14:33:01.284145+00:00,BUY NO (DOWN),NO,-75.99,0.9999,7.467,-59554.0,-134867.0,0.55,0.9999,,65184.0,KXBTC15M-26JUN171045-45,2026-06-17T14:30:00+00:00,2026-06-17T14:45:00+00:00
2026-06-17T14:43:06.746928+00:00,BUY NO (DOWN),NO,-97.99,1.0,48.494,270394.0,-212487.0,0.909,1.0,,65171.85,KXBTC15M-26JUN171045-45,2026-06-17T14:30:00+00:00,2026-06-17T14:45:00+00:00
2026-06-17T14:48:01.309442+00:00,BUY NO (DOWN),NO,-256.02,1.0,9.553,-2433577.0,-2322811.0,0.907,1.0,,64892.9,KXBTC15M-26JUN171100-00,2026-06-17T14:45:00+00:00,2026-06-17T15:00:00+00:00
2026-06-17T14:49:46.408091+00:00,BUY NO (DOWN),NO,-20.0,0.636,0.696,1533681.0,-994341.0,0.64,0.636,,65084.0,KXBTC15M-26JUN171100-00,2026-06-17T14:45:00+00:00,2026-06-17T15:00:00+00:00
2026-06-17T14:50:11.493364+00:00,BUY NO (DOWN),NO,-23.02,0.6614,0.832,311220.0,-854197.0,0.65,0.6614,,65072.0,KXBTC15M-26JUN171100-00,2026-06-17T14:45:00+00:00,2026-06-17T15:00:00+00:00
2026-06-17T15:08:03.678686+00:00,BUY NO (DOWN),NO,-20.0,0.9377,3.071,49911.0,645756.0,0.52,0.9377,,65080.02,KXBTC15M-26JUN171115-15,2026-06-17T15:00:00+00:00,2026-06-17T15:15:00+00:00
2026-06-17T15:12:24.153187+00:00,BUY NO (DOWN),NO,-25.38,1.0,8.561,5940.0,-220959.0,0.5800000000000001,1.0,,65086.61,KXBTC15M-26JUN171115-15,2026-06-17T15:00:00+00:00,2026-06-17T15:15:00+00:00
2026-06-17T16:11:30.982149+00:00,BUY NO (DOWN),NO,-25.17,1.0,8.646,-140344.0,-7952915.0,0.5700000000000001,1.0,,65724.49,KXBTC15M-26JUN171215-15,2026-06-17T16:00:00+00:00,2026-06-17T16:15:00+00:00
2026-06-17T16:33:01.369854+00:00,BUY NO (DOWN),NO,-180.58,0.9989,6.106,215331.0,6065451.0,0.9,0.9989,,66086.73,KXBTC15M-26JUN171245-45,2026-06-17T16:30:00+00:00,2026-06-17T16:45:00+00:00
2026-06-17T16:34:52.053672+00:00,BUY NO (DOWN),NO,-217.32,1.0,15.337,-148275.0,4142501.0,0.946,1.0,,66049.99,KXBTC15M-26JUN171245-45,2026-06-17T16:30:00+00:00,2026-06-17T16:45:00+00:00
2026-06-17T16:35:13.275677+00:00,BUY NO (DOWN),NO,-244.74,1.0,19.422,-6531074.0,-7570275.0,0.95,1.0,,66022.58,KXBTC15M-26JUN171245-45,2026-06-17T16:30:00+00:00,2026-06-17T16:45:00+00:00
2026-06-17T16:35:42.634574+00:00,BUY NO (DOWN),NO,-235.33,1.0,24.707,-6196912.0,-7162635.0,0.95,1.0,,66034.54,KXBTC15M-26JUN171245-45,2026-06-17T16:30:00+00:00,2026-06-17T16:45:00+00:00
2026-06-17T16:35:54.737986+00:00,BUY NO (DOWN),NO,-230.97,1.0,24.674,-6322490.0,-6964780.0,0.95,1.0,,66036.35,KXBTC15M-26JUN171245-45,2026-06-17T16:30:00+00:00,2026-06-17T16:45:00+00:00
2026-06-17T16:48:52.826278+00:00,BUY NO (DOWN),NO,-30.36,0.9695,3.747,-214615.0,-427044.0,0.61,0.9695,,65932.01,KXBTC15M-26JUN171300-00,2026-06-17T16:45:00+00:00,2026-06-17T17:00:00+00:00
2026-06-17T16:50:14.199877+00:00,BUY NO (DOWN),NO,-34.35,0.9802,4.114,-66771.0,-589284.0,0.55,0.9802,,65932.45,KXBTC15M-26JUN171300-00,2026-06-17T16:45:00+00:00,2026-06-17T17:00:00+00:00
2026-06-17T16:51:05.235951+00:00,BUY NO (DOWN),NO,-26.79,0.9492,3.274,-9172.0,-476829.0,0.55,0.9492,,65940.01,KXBTC15M-26JUN171300-00,2026-06-17T16:45:00+00:00,2026-06-17T17:00:00+00:00
2026-06-17T16:55:37.094323+00:00,BUY NO (DOWN),NO,-24.79,0.9997,6.79,-167820.0,-1567914.0,0.6699999999999999,0.9997,,65929.28,KXBTC15M-26JUN171300-00,2026-06-17T16:45:00+00:00,2026-06-17T17:00:00+00:00
2026-06-17T16:58:05.961167+00:00,BUY NO (DOWN),NO,-54.7,1.0,39.207,54363.0,-169908.0,0.95,1.0,,65912.1,KXBTC15M-26JUN171300-00,2026-06-17T16:45:00+00:00,2026-06-17T17:00:00+00:00
2026-06-17T17:08:17.941990+00:00,BUY NO (DOWN),NO,-47.07,0.9897,4.63,-1267698.0,-1501166.0,0.81,0.9897,,65805.32,KXBTC15M-26JUN171315-15,2026-06-17T17:00:00+00:00,2026-06-17T17:15:00+00:00
2026-06-17T17:09:20.332017+00:00,BUY NO (DOWN),NO,-23.57,0.9003,2.567,204944.0,-1224449.0,0.56,0.9003,,65858.02,KXBTC15M-26JUN171315-15,2026-06-17T17:00:00+00:00,2026-06-17T17:15:00+00:00
2026-06-17T17:09:22.833834+00:00,BUY NO (DOWN),NO,-23.22,0.8988,2.549,139099.0,-1226980.0,0.52,0.8988,,65854.36,KXBTC15M-26JUN171315-15,2026-06-17T17:00:00+00:00,2026-06-17T17:15:00+00:00
2026-06-17T17:34:53.906212+00:00,BUY NO (DOWN),NO,-20.7,0.9486,3.264,-177238.0,-334561.0,0.56,0.9486,,65959.28,KXBTC15M-26JUN171345-45,2026-06-17T17:30:00+00:00,2026-06-17T17:45:00+00:00
2026-06-17T17:39:13.638300+00:00,BUY NO (DOWN),NO,-20.51,0.9988,6.048,10051.0,-767352.0,0.6,0.9988,,65959.48,KXBTC15M-26JUN171345-45,2026-06-17T17:30:00+00:00,2026-06-17T17:45:00+00:00
2026-06-17T17:39:42.472901+00:00,BUY NO (DOWN),NO,-25.99,1.0,8.139,77081.0,-636138.0,0.6,1.0,,65954.0,KXBTC15M-26JUN171345-45,2026-06-17T17:30:00+00:00,2026-06-17T17:45:00+00:00
2026-06-17T17:42:07.993818+00:00,BUY NO (DOWN),NO,-67.98,1.0,51.242,-30325.0,-138869.0,0.945,1.0,,65912.0,KXBTC15M-26JUN171345-45,2026-06-17T17:30:00+00:00,2026-06-17T17:45:00+00:00
2026-06-17T17:48:00.923854+00:00,BUY NO (DOWN),NO,-35.31,0.9743,3.898,-503534.0,-602956.0,0.63,0.9743,,65823.35,KXBTC15M-26JUN171400-00,2026-06-17T17:45:00+00:00,2026-06-17T18:00:00+00:00
2026-06-17T17:48:21.671820+00:00,BUY NO (DOWN),NO,-31.26,0.9551,3.394,-533789.0,-546553.0,0.63,0.9551,,65824.66,KXBTC15M-26JUN171400-00,2026-06-17T17:45:00+00:00,2026-06-17T18:00:00+00:00
2026-06-17T18:03:01.411060+00:00,BUY NO (DOWN),NO,-627.73,1.0,10.429,-228829.0,-4880331.0,0.921,1.0,,65487.46,KXBTC15M-26JUN171415-15,2026-06-17T18:00:00+00:00,2026-06-17T18:15:00+00:00
2026-06-17T18:03:16.224644+00:00,BUY NO (DOWN),NO,-666.82,1.0,11.24,-691996.0,-5086230.0,0.95,1.0,,65416.36,KXBTC15M-26JUN171415-15,2026-06-17T18:00:00+00:00,2026-06-17T18:15:00+00:00
2026-06-17T18:33:00.759455+00:00,BUY NO (DOWN),NO,-32.0,0.6283,0.655,-1307092.0,-906393.0,0.54,0.6283,,65368.02,KXBTC15M-26JUN171445-45,2026-06-17T18:30:00+00:00,2026-06-17T18:45:00+00:00
2026-06-17T18:33:08.427027+00:00,BUY NO (DOWN),NO,-73.32,0.7704,1.48,-1385674.0,-931425.0,0.54,0.7704,,65324.01,KXBTC15M-26JUN171445-45,2026-06-17T18:30:00+00:00,2026-06-17T18:45:00+00:00
2026-06-17T18:33:32.741622+00:00,BUY NO (DOWN),NO,-44.93,0.675,0.908,343838.0,-868041.0,0.56,0.675,,65348.54,KXBTC15M-26JUN171445-45,2026-06-17T18:30:00+00:00,2026-06-17T18:45:00+00:00
2026-06-17T18:34:13.871933+00:00,BUY NO (DOWN),NO,-36.24,0.6476,0.758,1131605.0,77342.0,0.57,0.6476,,65358.01,KXBTC15M-26JUN171445-45,2026-06-17T18:30:00+00:00,2026-06-17T18:45:00+00:00
2026-06-17T18:34:19.019253+00:00,BUY NO (DOWN),NO,-27.99,0.6158,0.589,883112.0,169917.0,0.58,0.6158,,65361.78,KXBTC15M-26JUN171445-45,2026-06-17T18:30:00+00:00,2026-06-17T18:45:00+00:00
2026-06-17T18:35:12.915091+00:00,BUY NO (DOWN),NO,-27.99,0.6228,0.626,-248855.0,-217915.0,0.53,0.6228,,65372.0,KXBTC15M-26JUN171445-45,2026-06-17T18:30:00+00:00,2026-06-17T18:45:00+00:00
2026-06-17T18:35:29.660680+00:00,BUY NO (DOWN),NO,-26.12,0.6185,0.603,-152725.0,-252887.0,0.55,0.6185,,65373.88,KXBTC15M-26JUN171445-45,2026-06-17T18:30:00+00:00,2026-06-17T18:45:00+00:00
2026-06-17T18:35:48.391918+00:00,BUY NO (DOWN),NO,-39.44,0.6826,0.95,-277149.0,-53474.0,0.54,0.6826,,65360.45,KXBTC15M-26JUN171445-45,2026-06-17T18:30:00+00:00,2026-06-17T18:45:00+00:00
2026-06-17T18:48:00.671114+00:00,BUY NO (DOWN),NO,-34.82,0.7068,1.088,174278.0,730000.0,0.54,0.7068,,65970.01,KXBTC15M-26JUN171500-00,2026-06-17T18:45:00+00:00,2026-06-17T19:00:00+00:00
2026-06-17T18:51:27.326200+00:00,BUY NO (DOWN),NO,-21.04,0.7518,1.361,2240979.0,2037576.0,0.52,0.7518,,65985.52,KXBTC15M-26JUN171500-00,2026-06-17T18:45:00+00:00,2026-06-17T19:00:00+00:00
2026-06-17T18:51:48.097051+00:00,BUY NO (DOWN),NO,-36.81,0.8918,2.472,-421812.0,1854624.0,0.51,0.8918,,65968.01,KXBTC15M-26JUN171500-00,2026-06-17T18:45:00+00:00,2026-06-17T19:00:00+00:00
2026-06-17T18:52:49.405117+00:00,BUY NO (DOWN),NO,-22.82,0.7693,1.473,275749.0,2004233.0,0.51,0.7693,,65982.01,KXBTC15M-26JUN171500-00,2026-06-17T18:45:00+00:00,2026-06-17T19:00:00+00:00
2026-06-17T19:03:23.509589+00:00,BUY NO (DOWN),NO,-28.0,0.7274,1.21,-309489.0,738027.0,0.53,0.7274,,65480.93,KXBTC15M-26JUN171515-15,2026-06-17T19:00:00+00:00,2026-06-17T19:15:00+00:00
2026-06-17T19:04:09.378963+00:00,BUY NO (DOWN),NO,-21.8,0.7093,1.102,-255743.0,680744.0,0.53,0.7093,,65492.21,KXBTC15M-26JUN171515-15,2026-06-17T19:00:00+00:00,2026-06-17T19:15:00+00:00
2026-06-17T19:18:00.282306+00:00,BUY NO (DOWN),NO,-303.26,1.0,11.517,-820226.0,-1938320.0,0.88,1.0,,65076.0,KXBTC15M-26JUN171530-30,2026-06-17T19:15:00+00:00,2026-06-17T19:30:00+00:00
2026-06-17T19:22:14.970148+00:00,BUY NO (DOWN),NO,-434.01,1.0,21.491,1018352.0,-5103125.0,0.946,1.0,,64953.83,KXBTC15M-26JUN171530-30,2026-06-17T19:15:00+00:00,2026-06-17T19:30:00+00:00
2026-06-17T19:22:24.022488+00:00,BUY NO (DOWN),NO,-472.02,1.0,23.209,784750.0,-5267493.0,0.949,1.0,,64914.9,KXBTC15M-26JUN171530-30,2026-06-17T19:15:00+00:00,2026-06-17T19:30:00+00:00
2026-06-17T19:33:01.504973+00:00,BUY NO (DOWN),NO,-26.23,0.614,0.58,-387207.0,-2047394.0,0.54,0.614,,64450.0,KXBTC15M-26JUN171545-45,2026-06-17T19:30:00+00:00,2026-06-17T19:45:00+00:00
2026-06-17T19:33:13.151533+00:00,BUY NO (DOWN),NO,-53.66,0.7225,1.181,-524681.0,-2129948.0,0.52,0.7225,,64425.76,KXBTC15M-26JUN171545-45,2026-06-17T19:30:00+00:00,2026-06-17T19:45:00+00:00
2026-06-17T19:33:36.944703+00:00,BUY NO (DOWN),NO,-30.39,0.6329,0.679,-507900.0,-2107592.0,0.51,0.6329,,64447.06,KXBTC15M-26JUN171545-45,2026-06-17T19:30:00+00:00,2026-06-17T19:45:00+00:00
2026-06-17T19:33:40.195606+00:00,BUY NO (DOWN),NO,-30.13,0.6317,0.673,-337342.0,-1980357.0,0.53,0.6317,,64431.81,KXBTC15M-26JUN171545-45,2026-06-17T19:30:00+00:00,2026-06-17T19:45:00+00:00
2026-06-17T19:33:55.448145+00:00,BUY NO (DOWN),NO,-34.38,0.6546,0.796,-218251.0,-1824629.0,0.54,0.6546,,64424.01,KXBTC15M-26JUN171545-45,2026-06-17T19:30:00+00:00,2026-06-17T19:45:00+00:00
2026-06-17T19:34:12.409010+00:00,BUY NO (DOWN),NO,-20.39,0.6146,0.583,-96206.0,-1631518.0,0.54,0.6146,,64414.01,KXBTC15M-26JUN171545-45,2026-06-17T19:30:00+00:00,2026-06-17T19:45:00+00:00
2026-06-17T19:34:25.979338+00:00,BUY NO (DOWN),NO,-21.58,0.6305,0.666,80952.0,2156305.0,0.54,0.6305,,64446.38,KXBTC15M-26JUN171545-45,2026-06-17T19:30:00+00:00,2026-06-17T19:45:00+00:00
2026-06-17T19:34:46.203997+00:00,BUY NO (DOWN),NO,-24.39,0.6559,0.803,336673.0,2165032.0,0.53,0.6559,,64446.0,KXBTC15M-26JUN171545-45,2026-06-17T19:30:00+00:00,2026-06-17T19:45:00+00:00
2026-06-17T19:35:04.372003+00:00,BUY NO (DOWN),NO,-41.72,0.7596,1.41,332473.0,705460.0,0.53,0.7596,,64414.01,KXBTC15M-26JUN171545-45,2026-06-17T19:30:00+00:00,2026-06-17T19:45:00+00:00
2026-06-17T19:38:22.066912+00:00,BUY NO (DOWN),NO,-33.04,0.8474,2.05,-315177.0,525661.0,0.5700000000000001,0.8474,,64435.35,KXBTC15M-26JUN171545-45,2026-06-17T19:30:00+00:00,2026-06-17T19:45:00+00:00
2026-06-17T19:38:25.047853+00:00,BUY NO (DOWN),NO,-25.77,0.7952,1.649,-146839.0,240457.0,0.56,0.7952,,64442.61,KXBTC15M-26JUN171545-45,2026-06-17T19:30:00+00:00,2026-06-17T19:45:00+00:00
2026-06-17T19:41:40.289508+00:00,BUY NO (DOWN),NO,-207.69,1.0,28.747,-1432459.0,-5555404.0,0.948,1.0,,64260.69,KXBTC15M-26JUN171545-45,2026-06-17T19:30:00+00:00,2026-06-17T19:45:00+00:00
2026-06-17T19:49:36.526248+00:00,BUY NO (DOWN),NO,-23.24,0.7476,1.334,-272540.0,-1275646.0,0.51,0.7476,,64150.01,KXBTC15M-26JUN171600-00,2026-06-17T19:45:00+00:00,2026-06-17T20:00:00+00:00
2026-06-17T19:49:58.790931+00:00,BUY NO (DOWN),NO,-20.67,0.7309,1.231,-343223.0,-1172947.0,0.51,0.7309,,64160.0,KXBTC15M-26JUN171600-00,2026-06-17T19:45:00+00:00,2026-06-17T20:00:00+00:00
2026-06-17T19:50:01.664228+00:00,BUY NO (DOWN),NO,-46.35,0.9134,2.724,-662812.0,-1532702.0,0.52,0.9134,,64000.0,KXBTC15M-26JUN171600-00,2026-06-17T19:45:00+00:00,2026-06-17T20:00:00+00:00
2026-06-17T19:50:09.733671+00:00,BUY NO (DOWN),NO,-32.96,0.7074,1.092,638749.0,-311016.0,0.51,0.7074,,64145.3,KXBTC15M-26JUN171600-00,2026-06-17T19:45:00+00:00,2026-06-17T20:00:00+00:00
2026-06-17T19:51:06.539124+00:00,BUY NO (DOWN),NO,-20.24,0.626,0.643,-997108.0,-794408.0,0.52,0.626,,64136.28,KXBTC15M-26JUN171600-00,2026-06-17T19:45:00+00:00,2026-06-17T20:00:00+00:00
2026-06-17T19:53:53.304092+00:00,BUY NO (DOWN),NO,-28.25,0.7347,1.254,1269259.0,1120032.0,0.51,0.7347,,64150.01,KXBTC15M-26JUN171600-00,2026-06-17T19:45:00+00:00,2026-06-17T20:00:00+00:00
2026-06-17T19:54:05.792742+00:00,BUY NO (DOWN),NO,-20.25,0.6813,0.942,1453008.0,1356686.0,0.51,0.6813,,64156.01,KXBTC15M-26JUN171600-00,2026-06-17T19:45:00+00:00,2026-06-17T20:00:00+00:00
2026-06-17T20:13:48.967224+00:00,BUY NO (DOWN),NO,-22.94,1.0,15.317,-159912.0,-58172.0,0.53,1.0,,64260.01,KXBTC15M-26JUN171615-15,2026-06-17T20:00:00+00:00,2026-06-17T20:15:00+00:00
2026-06-17T20:14:25.447375+00:00,BUY NO (DOWN),NO,-24.95,1.0,35.511,-320524.0,-126855.0,0.73,1.0,,64255.01,KXBTC15M-26JUN171615-15,2026-06-17T20:00:00+00:00,2026-06-17T20:15:00+00:00
2026-06-17T20:42:32.316096+00:00,BUY NO (DOWN),NO,-30.1,1.0,15.573,29468.0,-1068899.0,0.54,1.0,,64336.01,KXBTC15M-26JUN171645-45,2026-06-17T20:30:00+00:00,2026-06-17T20:45:00+00:00
2026-06-17T21:03:01.527596+00:00,BUY NO (DOWN),NO,-88.63,0.9979,5.724,-43438.0,2347077.0,0.73,0.9979,,64349.36,KXBTC15M-26JUN171715-15,2026-06-17T21:00:00+00:00,2026-06-17T21:15:00+00:00
2026-06-17T21:18:15.816525+00:00,BUY NO (DOWN),NO,-26.09,0.8816,2.366,-248436.0,-5967806.0,0.64,0.8816,,64289.6,KXBTC15M-26JUN171730-30,2026-06-17T21:15:00+00:00,2026-06-17T21:30:00+00:00
2026-06-17T21:27:14.916683+00:00,BUY NO (DOWN),NO,-20.04,1.0,13.118,-99067.0,-130472.0,0.84,1.0,,64296.06,KXBTC15M-26JUN171730-30,2026-06-17T21:15:00+00:00,2026-06-17T21:30:00+00:00
2026-06-17T21:43:18.870817+00:00,BUY NO (DOWN),NO,-20.0,1.0,22.528,-444859.0,-695834.0,0.73,1.0,,64246.01,KXBTC15M-26JUN171745-45,2026-06-17T21:30:00+00:00,2026-06-17T21:45:00+00:00
2026-06-17T21:43:49.783730+00:00,BUY NO (DOWN),NO,-25.6,1.0,42.347,-503174.0,-733336.0,0.84,1.0,,64240.41,KXBTC15M-26JUN171745-45,2026-06-17T21:30:00+00:00,2026-06-17T21:45:00+00:00
2026-06-17T21:48:01.425016+00:00,BUY NO (DOWN),NO,-27.98,0.8763,2.314,-211265.0,-1011004.0,0.5800000000000001,0.8763,,64160.01,KXBTC15M-26JUN171800-00,2026-06-17T21:45:00+00:00,2026-06-17T22:00:00+00:00
2026-06-17T22:03:01.531790+00:00,BUY NO (DOWN),NO,-164.58,1.0,16.004,-893237.0,-1143135.0,0.89,1.0,,64061.99,KXBTC15M-26JUN171815-15,2026-06-17T22:00:00+00:00,2026-06-17T22:15:00+00:00
2026-06-17T22:03:22.536188+00:00,BUY NO (DOWN),NO,-289.77,1.0,13.956,-2432187.0,-2751837.0,0.948,1.0,,63966.0,KXBTC15M-26JUN171815-15,2026-06-17T22:00:00+00:00,2026-06-17T22:15:00+00:00
2026-06-17T22:12:09.863869+00:00,BUY NO (DOWN),NO,-60.98,1.0,29.582,138331.0,436279.0,0.929,1.0,,64196.79,KXBTC15M-26JUN171815-15,2026-06-17T22:00:00+00:00,2026-06-17T22:15:00+00:00
2026-06-17T22:13:20.073668+00:00,BUY NO (DOWN),NO,-21.18,1.0,17.503,193084.0,401126.0,0.86,1.0,,64236.58,KXBTC15M-26JUN171815-15,2026-06-17T22:00:00+00:00,2026-06-17T22:15:00+00:00
2026-06-17T22:39:55.481651+00:00,BUY NO (DOWN),NO,-20.51,0.9883,4.534,-135056.0,203162.0,0.5800000000000001,0.9883,,64342.0,KXBTC15M-26JUN171845-45,2026-06-17T22:30:00+00:00,2026-06-17T22:45:00+00:00
2026-06-17T22:43:54.049942+00:00,BUY NO (DOWN),NO,-45.78,1.0,49.931,-293403.0,-145126.0,0.51,1.0,,64316.74,KXBTC15M-26JUN171845-45,2026-06-17T22:30:00+00:00,2026-06-17T22:45:00+00:00
2026-06-17T23:06:29.146293+00:00,BUY NO (DOWN),NO,-20.0,0.9648,3.617,-219150.0,-576921.0,0.6699999999999999,0.9648,,64275.12,KXBTC15M-26JUN171915-15,2026-06-17T23:00:00+00:00,2026-06-17T23:15:00+00:00
2026-06-17T23:12:36.856520+00:00,BUY NO (DOWN),NO,-23.46,1.0,20.219,-262395.0,-102934.0,0.84,1.0,,64276.55,KXBTC15M-26JUN171915-15,2026-06-17T23:00:00+00:00,2026-06-17T23:15:00+00:00
2026-06-17T23:33:34.959469+00:00,BUY NO (DOWN),NO,-22.06,0.8964,2.523,-9255.0,72256.0,0.53,0.8964,,64468.01,KXBTC15M-26JUN171945-45,2026-06-17T23:30:00+00:00,2026-06-17T23:45:00+00:00
2026-06-17T23:33:51.541332+00:00,BUY NO (DOWN),NO,-22.69,0.9033,2.601,30113.0,109085.0,0.63,0.9033,,64473.31,KXBTC15M-26JUN171945-45,2026-06-17T23:30:00+00:00,2026-06-17T23:45:00+00:00
2026-06-17T23:40:48.143202+00:00,BUY NO (DOWN),NO,-73.99,1.0,30.155,55940.0,-129731.0,0.942,1.0,,64422.01,KXBTC15M-26JUN171945-45,2026-06-17T23:30:00+00:00,2026-06-17T23:45:00+00:00
2026-06-18T00:25:06.794896+00:00,BUY NO (DOWN),NO,-25.92,1.0,9.73,-302463.0,-626183.0,0.75,1.0,,64610.01,KXBTC15M-26JUN172030-30,2026-06-18T00:15:00+00:00,2026-06-18T00:30:00+00:00
2026-06-18T00:26:29.012442+00:00,BUY NO (DOWN),NO,-70.14,1.0,35.441,-31990.0,-956605.0,0.946,1.0,,64572.0,KXBTC15M-26JUN172030-30,2026-06-18T00:15:00+00:00,2026-06-18T00:30:00+00:00
2026-06-18T00:27:16.752187+00:00,BUY NO (DOWN),NO,-57.25,1.0,34.755,1005793.0,220817.0,0.948,1.0,,64580.75,KXBTC15M-26JUN172030-30,2026-06-18T00:15:00+00:00,2026-06-18T00:30:00+00:00
2026-06-18T00:28:01.738330+00:00,BUY NO (DOWN),NO,-20.67,1.0,16.331,1183717.0,703546.0,0.78,1.0,,64617.33,KXBTC15M-26JUN172030-30,2026-06-18T00:15:00+00:00,2026-06-18T00:30:00+00:00
2026-06-18T00:36:08.526522+00:00,BUY NO (DOWN),NO,-20.8,0.9394,3.099,-527572.0,-1715308.0,0.51,0.9394,,64575.03,KXBTC15M-26JUN172045-45,2026-06-18T00:30:00+00:00,2026-06-18T00:45:00+00:00
2026-06-18T00:41:25.121499+00:00,BUY NO (DOWN),NO,-85.78,1.0,35.158,-44118.0,-1456913.0,0.942,1.0,,64518.52,KXBTC15M-26JUN172045-45,2026-06-18T00:30:00+00:00,2026-06-18T00:45:00+00:00
2026-06-18T00:43:37.992370+00:00,BUY NO (DOWN),NO,-42.12,1.0,46.904,1027651.0,1280576.0,0.912,1.0,,64553.66,KXBTC15M-26JUN172045-45,2026-06-18T00:30:00+00:00,2026-06-18T00:45:00+00:00
2026-06-18T00:44:02.776230+00:00,BUY NO (DOWN),NO,-29.79,1.0,49.429,887712.0,1718329.0,0.923,1.0,,64567.98,KXBTC15M-26JUN172045-45,2026-06-18T00:30:00+00:00,2026-06-18T00:45:00+00:00
2026-06-18T00:44:23.657859+00:00,BUY NO (DOWN),NO,-23.09,1.0,68.943,651114.0,1959694.0,0.933,1.0,,64579.38,KXBTC15M-26JUN172045-45,2026-06-18T00:30:00+00:00,2026-06-18T00:45:00+00:00
2026-06-18T00:51:07.525957+00:00,BUY NO (DOWN),NO,-35.14,0.9999,7.427,-33829.0,-182881.0,0.54,0.9999,,64554.63,KXBTC15M-26JUN172100-00,2026-06-18T00:45:00+00:00,2026-06-18T01:00:00+00:00
2026-06-18T00:51:55.167177+00:00,BUY NO (DOWN),NO,-20.55,0.9819,4.192,-138210.0,-308447.0,0.5900000000000001,0.9819,,64569.21,KXBTC15M-26JUN172100-00,2026-06-18T00:45:00+00:00,2026-06-18T01:00:00+00:00
2026-06-18T01:18:05.675350+00:00,BUY NO (DOWN),NO,-21.98,0.9348,3.025,-74233.0,1061237.0,0.64,0.9348,,64716.01,KXBTC15M-26JUN172130-30,2026-06-18T01:15:00+00:00,2026-06-18T01:30:00+00:00
2026-06-18T01:25:31.910600+00:00,BUY NO (DOWN),NO,-74.04,1.0,27.288,-399765.0,526810.0,0.942,1.0,,64663.95,KXBTC15M-26JUN172130-30,2026-06-18T01:15:00+00:00,2026-06-18T01:30:00+00:00
2026-06-18T01:36:28.100136+00:00,BUY NO (DOWN),NO,-20.77,0.9775,4.009,399486.0,372136.0,0.69,0.9775,,64638.01,KXBTC15M-26JUN172145-45,2026-06-18T01:30:00+00:00,2026-06-18T01:45:00+00:00
2026-06-18T01:37:48.323883+00:00,BUY NO (DOWN),NO,-20.52,0.9947,5.114,-25022.0,546702.0,0.7,0.9947,,64638.24,KXBTC15M-26JUN172145-45,2026-06-18T01:30:00+00:00,2026-06-18T01:45:00+00:00
2026-06-18T01:43:00.917194+00:00,BUY NO (DOWN),NO,-37.68,1.0,49.225,-17542.0,-321986.0,0.95,1.0,,64621.09,KXBTC15M-26JUN172145-45,2026-06-18T01:30:00+00:00,2026-06-18T01:45:00+00:00
2026-06-18T01:43:31.525429+00:00,BUY NO (DOWN),NO,-21.1,1.0,33.322,3711.0,-352808.0,0.931,1.0,,64637.67,KXBTC15M-26JUN172145-45,2026-06-18T01:30:00+00:00,2026-06-18T01:45:00+00:00
2026-06-18T01:48:00.808289+00:00,BUY NO (DOWN),NO,-43.6,1.0,8.142,-27691.0,247249.0,0.73,1.0,,64576.0,KXBTC15M-26JUN172200-00,2026-06-18T01:45:00+00:00,2026-06-18T02:00:00+00:00
2026-06-18T01:51:30.585061+00:00,BUY NO (DOWN),NO,-124.5,1.0,28.459,-269570.0,-568731.0,0.949,1.0,,64500.0,KXBTC15M-26JUN172200-00,2026-06-18T01:45:00+00:00,2026-06-18T02:00:00+00:00
2026-06-18T02:18:00.072085+00:00,BUY NO (DOWN),NO,-49.3,0.9991,6.229,100664.0,746944.0,0.6,0.9991,,64510.0,KXBTC15M-26JUN172230-30,2026-06-18T02:15:00+00:00,2026-06-18T02:30:00+00:00
2026-06-18T02:34:44.956448+00:00,BUY NO (DOWN),NO,-22.0,0.9922,4.839,12792.0,138729.0,0.5900000000000001,0.9922,,64694.0,KXBTC15M-26JUN172245-45,2026-06-18T02:30:00+00:00,2026-06-18T02:45:00+00:00
2026-06-18T02:48:01.124040+00:00,BUY NO (DOWN),NO,-56.66,1.0,14.796,15957.0,-267489.0,0.78,1.0,,64719.98,KXBTC15M-26JUN172300-00,2026-06-18T02:45:00+00:00,2026-06-18T03:00:00+00:00
2026-06-18T02:54:25.373385+00:00,BUY NO (DOWN),NO,-78.72,1.0,23.65,752583.0,1565371.0,0.937,1.0,,64699.54,KXBTC15M-26JUN172300-00,2026-06-18T02:45:00+00:00,2026-06-18T03:00:00+00:00
2026-06-18T02:55:01.951805+00:00,BUY NO (DOWN),NO,-78.72,1.0,26.465,804432.0,1672624.0,0.942,1.0,,64697.93,KXBTC15M-26JUN172300-00,2026-06-18T02:45:00+00:00,2026-06-18T03:00:00+00:00
2026-06-18T03:03:02.882873+00:00,BUY NO (DOWN),NO,-135.62,1.0,19.254,-619693.0,-903918.0,0.949,1.0,,64547.4,KXBTC15M-26JUN172315-15,2026-06-18T03:00:00+00:00,2026-06-18T03:15:00+00:00
2026-06-18T03:04:04.336349+00:00,BUY NO (DOWN),NO,-133.04,1.0,20.017,300696.0,-742736.0,0.947,1.0,,64550.0,KXBTC15M-26JUN172315-15,2026-06-18T03:00:00+00:00,2026-06-18T03:15:00+00:00
2026-06-18T03:19:09.297684+00:00,BUY NO (DOWN),NO,-20.85,0.9945,5.081,123258.0,-804616.0,0.63,0.9945,,64504.58,KXBTC15M-26JUN172330-30,2026-06-18T03:15:00+00:00,2026-06-18T03:30:00+00:00
2026-06-18T03:23:37.072462+00:00,BUY NO (DOWN),NO,-83.44,1.0,17.068,-419143.0,-18243.0,0.945,1.0,,64441.99,KXBTC15M-26JUN172330-30,2026-06-18T03:15:00+00:00,2026-06-18T03:30:00+00:00
2026-06-18T03:36:49.051199+00:00,BUY NO (DOWN),NO,-24.08,0.9864,4.419,-1526233.0,-494888.0,0.5900000000000001,0.9864,,64293.37,KXBTC15M-26JUN172345-45,2026-06-18T03:30:00+00:00,2026-06-18T03:45:00+00:00
2026-06-18T03:37:10.020422+00:00,BUY NO (DOWN),NO,-21.59,0.9811,4.153,-1218991.0,-469949.0,0.65,0.9811,,64295.85,KXBTC15M-26JUN172345-45,2026-06-18T03:30:00+00:00,2026-06-18T03:45:00+00:00
2026-06-18T03:42:28.312707+00:00,BUY NO (DOWN),NO,-29.44,1.0,18.017,-46283.0,95992.0,0.9390000000000001,1.0,,64286.24,KXBTC15M-26JUN172345-45,2026-06-18T03:30:00+00:00,2026-06-18T03:45:00+00:00
2026-06-18T03:43:20.139098+00:00,BUY NO (DOWN),NO,-26.92,1.0,32.177,55084.0,98022.0,0.925,1.0,,64290.53,KXBTC15M-26JUN172345-45,2026-06-18T03:30:00+00:00,2026-06-18T03:45:00+00:00
2026-06-18T03:57:35.648268+00:00,BUY NO (DOWN),NO,-24.06,1.0,32.633,-1140489.0,-1295862.0,0.75,1.0,,64287.98,KXBTC15M-26JUN180000-00,2026-06-18T03:45:00+00:00,2026-06-18T04:00:00+00:00
2026-06-18T03:58:33.755452+00:00,BUY NO (DOWN),NO,-20.03,1.0,38.484,96962.0,-1304672.0,0.68,1.0,,64292.0,KXBTC15M-26JUN180000-00,2026-06-18T03:45:00+00:00,2026-06-18T04:00:00+00:00
2026-06-18T04:03:45.280175+00:00,BUY NO (DOWN),NO,-21.22,0.9201,2.812,-209028.0,-382012.0,0.5800000000000001,0.9201,,64272.01,KXBTC15M-26JUN180015-15,2026-06-18T04:00:00+00:00,2026-06-18T04:15:00+00:00
2026-06-18T04:19:51.912217+00:00,BUY NO (DOWN),NO,-32.42,0.9168,2.768,-975023.0,-1215670.0,0.51,0.9168,,63941.99,KXBTC15M-26JUN180030-30,2026-06-18T04:15:00+00:00,2026-06-18T04:30:00+00:00
2026-06-18T04:21:45.868962+00:00,BUY NO (DOWN),NO,-29.99,0.8916,2.47,476602.0,-1124496.0,0.56,0.8916,,63952.0,KXBTC15M-26JUN180030-30,2026-06-18T04:15:00+00:00,2026-06-18T04:30:00+00:00
2026-06-18T04:24:14.512587+00:00,BUY NO (DOWN),NO,-29.99,0.9725,3.837,-9623.0,-36749.0,0.5800000000000001,0.9725,,63948.0,KXBTC15M-26JUN180030-30,2026-06-18T04:15:00+00:00,2026-06-18T04:30:00+00:00
2026-06-18T04:27:41.976112+00:00,BUY NO (DOWN),NO,-25.98,1.0,15.933,-45869.0,234158.0,0.7,1.0,,63952.01,KXBTC15M-26JUN180030-30,2026-06-18T04:15:00+00:00,2026-06-18T04:30:00+00:00
2026-06-18T04:28:00.128281+00:00,BUY NO (DOWN),NO,-20.0,1.0,14.059,-26423.0,313915.0,0.7,1.0,,63958.0,KXBTC15M-26JUN180030-30,2026-06-18T04:15:00+00:00,2026-06-18T04:30:00+00:00
2026-06-18T04:28:02.406935+00:00,BUY NO (DOWN),NO,-20.0,1.0,14.442,27370.0,341217.0,0.56,1.0,,63958.0,KXBTC15M-26JUN180030-30,2026-06-18T04:15:00+00:00,2026-06-18T04:30:00+00:00
2026-06-18T04:28:06.217346+00:00,BUY NO (DOWN),NO,-20.0,1.0,14.88,23773.0,335462.0,0.55,1.0,,63957.99,KXBTC15M-26JUN180030-30,2026-06-18T04:15:00+00:00,2026-06-18T04:30:00+00:00
2026-06-18T04:28:10.790782+00:00,BUY NO (DOWN),NO,-20.0,1.0,15.554,-88918.0,161428.0,0.62,1.0,,63958.0,KXBTC15M-26JUN180030-30,2026-06-18T04:15:00+00:00,2026-06-18T04:30:00+00:00
2026-06-18T04:28:13.842783+00:00,BUY NO (DOWN),NO,-23.59,1.0,18.868,-24166.0,158563.0,0.63,1.0,,63954.41,KXBTC15M-26JUN180030-30,2026-06-18T04:15:00+00:00,2026-06-18T04:30:00+00:00
2026-06-18T04:29:25.169411+00:00,BUY NO (DOWN),NO,-21.99,1.0,51.772,-36299.0,118078.0,0.64,1.0,,63952.01,KXBTC15M-26JUN180030-30,2026-06-18T04:15:00+00:00,2026-06-18T04:30:00+00:00
2026-06-18T04:33:40.393511+00:00,BUY NO (DOWN),NO,-31.7,0.9583,3.464,1269863.0,1094167.0,0.53,0.9583,,63922.0,KXBTC15M-26JUN180045-45,2026-06-18T04:30:00+00:00,2026-06-18T04:45:00+00:00
2026-06-18T04:35:08.377667+00:00,BUY NO (DOWN),NO,-21.72,0.9377,3.072,207220.0,1298823.0,0.5800000000000001,0.9377,,63931.98,KXBTC15M-26JUN180045-45,2026-06-18T04:30:00+00:00,2026-06-18T04:45:00+00:00
2026-06-18T04:37:44.549887+00:00,BUY NO (DOWN),NO,-25.7,0.9914,4.768,21701.0,1592275.0,0.62,0.9914,,63928.01,KXBTC15M-26JUN180045-45,2026-06-18T04:30:00+00:00,2026-06-18T04:45:00+00:00
2026-06-18T04:39:43.506539+00:00,BUY NO (DOWN),NO,-21.7,0.999,6.17,-137811.0,283216.0,0.65,0.999,,63932.01,KXBTC15M-26JUN180045-45,2026-06-18T04:30:00+00:00,2026-06-18T04:45:00+00:00
2026-06-18T04:48:00.461008+00:00,BUY NO (DOWN),NO,-28.02,0.9569,3.431,100028.0,-805872.0,0.64,0.9569,,63855.99,KXBTC15M-26JUN180100-00,2026-06-18T04:45:00+00:00,2026-06-18T05:00:00+00:00
2026-06-18T04:48:21.361412+00:00,BUY NO (DOWN),NO,-20.88,0.9158,2.754,104620.0,-517347.0,0.6,0.9158,,63856.0,KXBTC15M-26JUN180100-00,2026-06-18T04:45:00+00:00,2026-06-18T05:00:00+00:00
2026-06-18T04:49:55.155889+00:00,BUY NO (DOWN),NO,-27.17,0.9828,4.23,-137469.0,-512116.0,0.6,0.9828,,63855.99,KXBTC15M-26JUN180100-00,2026-06-18T04:45:00+00:00,2026-06-18T05:00:00+00:00
2026-06-18T04:53:03.090621+00:00,BUY NO (DOWN),NO,-20.0,0.9922,4.835,-184518.0,-713684.0,0.69,0.9922,,63850.01,KXBTC15M-26JUN180100-00,2026-06-18T04:45:00+00:00,2026-06-18T05:00:00+00:00
2026-06-18T04:53:35.712696+00:00,BUY NO (DOWN),NO,-22.7,0.9951,5.159,-205535.0,-794140.0,0.7,0.9951,,63861.31,KXBTC15M-26JUN180100-00,2026-06-18T04:45:00+00:00,2026-06-18T05:00:00+00:00
2026-06-18T05:03:00.272516+00:00,BUY NO (DOWN),NO,-67.47,0.9961,5.323,-327073.0,-1294997.0,0.71,0.9961,,63814.53,KXBTC15M-26JUN180115-15,2026-06-18T05:00:00+00:00,2026-06-18T05:15:00+00:00
2026-06-18T05:07:54.640708+00:00,BUY NO (DOWN),NO,-124.01,1.0,13.735,-797953.0,-7954118.0,0.946,1.0,,63754.38,KXBTC15M-26JUN180115-15,2026-06-18T05:00:00+00:00,2026-06-18T05:15:00+00:00
2026-06-18T05:09:10.603161+00:00,BUY NO (DOWN),NO,-112.84,1.0,15.692,-236461.0,-7152209.0,0.946,1.0,,63752.0,KXBTC15M-26JUN180115-15,2026-06-18T05:00:00+00:00,2026-06-18T05:15:00+00:00
2026-06-18T05:10:11.796951+00:00,BUY NO (DOWN),NO,-42.97,0.9998,7.189,-52016.0,-6424949.0,0.9410000000000001,0.9998,,63857.5,KXBTC15M-26JUN180115-15,2026-06-18T05:00:00+00:00,2026-06-18T05:15:00+00:00
2026-06-18T05:38:23.948963+00:00,BUY NO (DOWN),NO,-29.32,0.9984,5.899,-155814.0,-180151.0,0.6,0.9984,,63902.02,KXBTC15M-26JUN180145-45,2026-06-18T05:30:00+00:00,2026-06-18T05:45:00+00:00
2026-06-18T05:39:38.232266+00:00,BUY NO (DOWN),NO,-23.33,0.997,5.488,-40748.0,-301853.0,0.6599999999999999,0.997,,63908.0,KXBTC15M-26JUN180145-45,2026-06-18T05:30:00+00:00,2026-06-18T05:45:00+00:00
2026-06-18T05:48:00.397228+00:00,BUY NO (DOWN),NO,-21.18,0.9667,3.668,-68446.0,-334284.0,0.6599999999999999,0.9667,,63906.07,KXBTC15M-26JUN180200-00,2026-06-18T05:45:00+00:00,2026-06-18T06:00:00+00:00
2026-06-18T05:48:49.585405+00:00,BUY NO (DOWN),NO,-21.78,0.9655,3.636,-88026.0,-325060.0,0.6599999999999999,0.9655,,63905.47,KXBTC15M-26JUN180200-00,2026-06-18T05:45:00+00:00,2026-06-18T06:00:00+00:00
2026-06-18T05:49:56.730477+00:00,BUY NO (DOWN),NO,-28.14,0.986,4.392,-206981.0,-572644.0,0.7,0.986,,63891.0,KXBTC15M-26JUN180200-00,2026-06-18T05:45:00+00:00,2026-06-18T06:00:00+00:00
2026-06-18T05:51:07.009985+00:00,BUY NO (DOWN),NO,-31.25,0.9936,4.974,-196054.0,-819782.0,0.6599999999999999,0.9936,,63894.01,KXBTC15M-26JUN180200-00,2026-06-18T05:45:00+00:00,2026-06-18T06:00:00+00:00
2026-06-18T05:53:02.036910+00:00,BUY NO (DOWN),NO,-28.19,0.9988,6.051,86263.0,-435081.0,0.69,0.9988,,63892.98,KXBTC15M-26JUN180200-00,2026-06-18T05:45:00+00:00,2026-06-18T06:00:00+00:00
2026-06-18T09:03:01.730686+00:00,BUY NO (DOWN),NO,-67.93,1.0,9.121,12265.0,-751281.0,0.84,1.0,,64332.0,KXBTC15M-26JUN180515-15,2026-06-18T09:00:00+00:00,2026-06-18T09:15:00+00:00
2026-06-18T09:04:00.655767+00:00,BUY NO (DOWN),NO,-25.08,0.9405,3.118,1295803.0,594582.0,0.64,0.9405,,64374.84,KXBTC15M-26JUN180515-15,2026-06-18T09:00:00+00:00,2026-06-18T09:15:00+00:00
2026-06-18T09:13:16.584587+00:00,BUY NO (DOWN),NO,-39.94,1.0,50.167,148050.0,-735141.0,0.928,1.0,,64359.98,KXBTC15M-26JUN180515-15,2026-06-18T09:00:00+00:00,2026-06-18T09:15:00+00:00
2026-06-18T09:13:36.929358+00:00,BUY NO (DOWN),NO,-23.67,1.0,35.454,146388.0,-717902.0,0.73,1.0,,64376.25,KXBTC15M-26JUN180515-15,2026-06-18T09:00:00+00:00,2026-06-18T09:15:00+00:00
2026-06-18T09:25:06.767245+00:00,BUY NO (DOWN),NO,-28.3,1.0,9.058,-487501.0,-599358.0,0.6799999999999999,1.0,,64358.22,KXBTC15M-26JUN180530-30,2026-06-18T09:15:00+00:00,2026-06-18T09:30:00+00:00
2026-06-18T09:48:55.904053+00:00,BUY NO (DOWN),NO,-20.65,0.9884,4.538,-118569.0,-143952.0,0.64,0.9884,,64262.0,KXBTC15M-26JUN180600-00,2026-06-18T09:45:00+00:00,2026-06-18T10:00:00+00:00
2026-06-18T09:50:08.094872+00:00,BUY NO (DOWN),NO,-20.26,0.9923,4.845,149.0,-45356.0,0.63,0.9923,,64262.4,KXBTC15M-26JUN180600-00,2026-06-18T09:45:00+00:00,2026-06-18T10:00:00+00:00
2026-06-18T09:54:18.698051+00:00,BUY NO (DOWN),NO,-20.1,1.0,12.506,4432.0,79548.0,0.72,1.0,,64262.56,KXBTC15M-26JUN180600-00,2026-06-18T09:45:00+00:00,2026-06-18T10:00:00+00:00
2026-06-18T10:03:01.567883+00:00,BUY NO (DOWN),NO,-23.5,1.0,10.41,-70597.0,-153065.0,0.6599999999999999,1.0,,64170.96,KXBTC15M-26JUN180615-15,2026-06-18T10:00:00+00:00,2026-06-18T10:15:00+00:00
2026-06-18T10:04:20.737161+00:00,BUY NO (DOWN),NO,-32.43,0.9969,5.473,53600.0,-418.0,0.5800000000000001,0.9969,,64167.1,KXBTC15M-26JUN180615-15,2026-06-18T10:00:00+00:00,2026-06-18T10:15:00+00:00
2026-06-18T10:05:04.637832+00:00,BUY NO (DOWN),NO,-37.52,0.9987,6.024,-125987.0,-8678.0,0.62,0.9987,,64162.01,KXBTC15M-26JUN180615-15,2026-06-18T10:00:00+00:00,2026-06-18T10:15:00+00:00
2026-06-18T10:18:00.457144+00:00,BUY NO (DOWN),NO,-21.81,0.9541,3.372,-14308.0,164509.0,0.62,0.9541,,63988.17,KXBTC15M-26JUN180630-30,2026-06-18T10:15:00+00:00,2026-06-18T10:30:00+00:00
2026-06-18T10:19:13.262709+00:00,BUY NO (DOWN),NO,-39.46,0.9986,5.994,-1174026.0,-1337768.0,0.62,0.9986,,63970.52,KXBTC15M-26JUN180630-30,2026-06-18T10:15:00+00:00,2026-06-18T10:30:00+00:00
2026-06-18T10:21:02.618338+00:00,BUY NO (DOWN),NO,-26.06,0.9848,4.33,87629.0,-1745651.0,0.63,0.9848,,63983.93,KXBTC15M-26JUN180630-30,2026-06-18T10:15:00+00:00,2026-06-18T10:30:00+00:00
2026-06-18T10:25:09.740923+00:00,BUY NO (DOWN),NO,-75.98,1.0,30.193,-541089.0,-797910.0,0.923,1.0,,63934.0,KXBTC15M-26JUN180630-30,2026-06-18T10:15:00+00:00,2026-06-18T10:30:00+00:00
2026-06-18T10:25:57.792004+00:00,BUY NO (DOWN),NO,-75.99,1.0,37.711,36760.0,-949954.0,0.947,1.0,,63937.86,KXBTC15M-26JUN180630-30,2026-06-18T10:15:00+00:00,2026-06-18T10:30:00+00:00
2026-06-18T10:26:52.980283+00:00,BUY NO (DOWN),NO,-20.45,1.0,11.315,216279.0,-638927.0,0.6799999999999999,1.0,,63988.0,KXBTC15M-26JUN180630-30,2026-06-18T10:15:00+00:00,2026-06-18T10:30:00+00:00
2026-06-18T10:27:44.111895+00:00,BUY NO (DOWN),NO,-21.98,1.0,17.745,-13788.0,-614732.0,0.906,1.0,,63986.01,KXBTC15M-26JUN180630-30,2026-06-18T10:15:00+00:00,2026-06-18T10:30:00+00:00
2026-06-18T10:27:52.146073+00:00,BUY NO (DOWN),NO,-20.34,1.0,17.255,27698.0,-571635.0,0.88,1.0,,63989.64,KXBTC15M-26JUN180630-30,2026-06-18T10:15:00+00:00,2026-06-18T10:30:00+00:00
2026-06-18T10:28:27.601453+00:00,BUY NO (DOWN),NO,-64.28,1.0,49.17,-484424.0,-1017442.0,0.8,1.0,,63940.01,KXBTC15M-26JUN180630-30,2026-06-18T10:15:00+00:00,2026-06-18T10:30:00+00:00
2026-06-18T11:09:49.616140+00:00,BUY NO (DOWN),NO,-24.8,1.0,7.924,-297394.0,-184326.0,0.72,1.0,,64057.18,KXBTC15M-26JUN180715-15,2026-06-18T11:00:00+00:00,2026-06-18T11:15:00+00:00
2026-06-18T11:10:17.081755+00:00,BUY NO (DOWN),NO,-24.81,1.0,8.523,-322710.0,-105811.0,0.74,1.0,,64056.01,KXBTC15M-26JUN180715-15,2026-06-18T11:00:00+00:00,2026-06-18T11:15:00+00:00
2026-06-18T11:11:50.111618+00:00,BUY NO (DOWN),NO,-51.99,1.0,20.629,64312.0,-308169.0,0.929,1.0,,64032.0,KXBTC15M-26JUN180715-15,2026-06-18T11:00:00+00:00,2026-06-18T11:15:00+00:00
2026-06-18T11:12:12.489710+00:00,BUY NO (DOWN),NO,-59.0,1.0,26.611,-167062.0,-446988.0,0.95,1.0,,64022.98,KXBTC15M-26JUN180715-15,2026-06-18T11:00:00+00:00,2026-06-18T11:15:00+00:00
2026-06-18T11:12:28.006498+00:00,BUY NO (DOWN),NO,-33.99,1.0,16.508,-106081.0,-434418.0,0.88,1.0,,64048.0,KXBTC15M-26JUN180715-15,2026-06-18T11:00:00+00:00,2026-06-18T11:15:00+00:00
2026-06-18T11:18:01.295493+00:00,BUY NO (DOWN),NO,-27.98,0.9692,3.737,-135549.0,-517241.0,0.55,0.9692,,64016.01,KXBTC15M-26JUN180730-30,2026-06-18T11:15:00+00:00,2026-06-18T11:30:00+00:00
2026-06-18T11:27:55.672943+00:00,BUY NO (DOWN),NO,-34.56,1.0,20.326,283707.0,-58723.0,0.947,1.0,,64009.42,KXBTC15M-26JUN180730-30,2026-06-18T11:15:00+00:00,2026-06-18T11:30:00+00:00
2026-06-18T11:33:02.420491+00:00,BUY NO (DOWN),NO,-63.09,0.9994,6.512,-71216.0,-19064.0,0.6799999999999999,0.9994,,64014.01,KXBTC15M-26JUN180745-45,2026-06-18T11:30:00+00:00,2026-06-18T11:45:00+00:00
2026-06-18T11:35:55.365068+00:00,BUY NO (DOWN),NO,-21.99,0.995,5.148,-85514.0,342408.0,0.51,0.995,,64056.0,KXBTC15M-26JUN180745-45,2026-06-18T11:30:00+00:00,2026-06-18T11:45:00+00:00
2026-06-18T11:48:01.644690+00:00,BUY NO (DOWN),NO,-26.0,0.9542,3.374,-197878.0,781343.0,0.51,0.9542,,63943.99,KXBTC15M-26JUN180800-00,2026-06-18T11:45:00+00:00,2026-06-18T12:00:00+00:00
2026-06-18T11:53:37.121129+00:00,BUY NO (DOWN),NO,-25.91,1.0,9.985,-7244.0,928093.0,0.51,1.0,,63944.08,KXBTC15M-26JUN180800-00,2026-06-18T11:45:00+00:00,2026-06-18T12:00:00+00:00
2026-06-18T11:55:40.944845+00:00,BUY NO (DOWN),NO,-23.3,1.0,12.788,16929.0,698858.0,0.52,1.0,,63946.68,KXBTC15M-26JUN180800-00,2026-06-18T11:45:00+00:00,2026-06-18T12:00:00+00:00
2026-06-18T11:56:17.880211+00:00,BUY NO (DOWN),NO,-21.67,1.0,14.083,-3087.0,586536.0,0.51,1.0,,63948.32,KXBTC15M-26JUN180800-00,2026-06-18T11:45:00+00:00,2026-06-18T12:00:00+00:00
2026-06-18T12:06:07.970715+00:00,BUY NO (DOWN),NO,-24.4,0.9524,3.337,-588973.0,7758.0,0.61,0.9524,,63950.0,KXBTC15M-26JUN180815-15,2026-06-18T12:00:00+00:00,2026-06-18T12:15:00+00:00
2026-06-18T12:06:25.457278+00:00,BUY NO (DOWN),NO,-27.99,0.9753,3.931,-692919.0,-122044.0,0.61,0.9753,,63946.4,KXBTC15M-26JUN180815-15,2026-06-18T12:00:00+00:00,2026-06-18T12:15:00+00:00
2026-06-18T12:07:25.788481+00:00,BUY NO (DOWN),NO,-26.4,0.9828,4.23,-281466.0,-382963.0,0.6699999999999999,0.9828,,63940.0,KXBTC15M-26JUN180815-15,2026-06-18T12:00:00+00:00,2026-06-18T12:15:00+00:00
2026-06-18T12:08:35.032025+00:00,BUY NO (DOWN),NO,-24.39,0.9891,4.588,21570.0,-741143.0,0.6,0.9891,,63950.01,KXBTC15M-26JUN180815-15,2026-06-18T12:00:00+00:00,2026-06-18T12:15:00+00:00
2026-06-18T12:33:00.660995+00:00,BUY NO (DOWN),NO,-49.21,0.9777,4.018,-3001.0,1921497.0,0.6,0.9777,,64190.71,KXBTC15M-26JUN180845-45,2026-06-18T12:30:00+00:00,2026-06-18T12:45:00+00:00
2026-06-18T12:37:33.954706+00:00,BUY NO (DOWN),NO,-47.04,1.0,9.194,-327575.0,-168363.0,0.8,1.0,,64180.01,KXBTC15M-26JUN180845-45,2026-06-18T12:30:00+00:00,2026-06-18T12:45:00+00:00
2026-06-18T13:03:02.431759+00:00,BUY NO (DOWN),NO,-36.08,0.9895,4.619,23090.0,-429985.0,0.63,0.9895,,64341.99,KXBTC15M-26JUN180915-15,2026-06-18T13:00:00+00:00,2026-06-18T13:15:00+00:00
2026-06-18T13:19:31.840060+00:00,BUY NO (DOWN),NO,-21.43,0.9589,3.476,-1388.0,1507932.0,0.62,0.9589,,64374.01,KXBTC15M-26JUN180930-30,2026-06-18T13:15:00+00:00,2026-06-18T13:30:00+00:00
2026-06-18T13:21:53.499137+00:00,BUY NO (DOWN),NO,-35.61,0.9999,7.665,-306452.0,1279463.0,0.62,0.9999,,64367.99,KXBTC15M-26JUN180930-30,2026-06-18T13:15:00+00:00,2026-06-18T13:30:00+00:00
2026-06-18T13:22:32.353686+00:00,BUY NO (DOWN),NO,-27.22,0.9989,6.143,-245008.0,500251.0,0.72,0.9989,,64358.01,KXBTC15M-26JUN180930-30,2026-06-18T13:15:00+00:00,2026-06-18T13:30:00+00:00
2026-06-18T13:27:00.423952+00:00,BUY NO (DOWN),NO,-23.43,0.9998,7.23,342137.0,2270523.0,0.77,0.9998,,64370.0,KXBTC15M-26JUN180930-30,2026-06-18T13:15:00+00:00,2026-06-18T13:30:00+00:00
2026-06-18T13:33:00.806325+00:00,BUY NO (DOWN),NO,-93.44,0.9997,6.895,-1888538.0,-1657438.0,0.78,0.9997,,64234.85,KXBTC15M-26JUN180945-45,2026-06-18T13:30:00+00:00,2026-06-18T13:45:00+00:00
2026-06-18T13:36:35.108371+00:00,BUY NO (DOWN),NO,-242.3,1.0,22.632,-580750.0,-1278462.0,0.9390000000000001,1.0,,64086.0,KXBTC15M-26JUN180945-45,2026-06-18T13:30:00+00:00,2026-06-18T13:45:00+00:00
2026-06-18T13:37:15.833691+00:00,BUY NO (DOWN),NO,-252.3,1.0,23.752,134933.0,-843166.0,0.942,1.0,,64082.0,KXBTC15M-26JUN180945-45,2026-06-18T13:30:00+00:00,2026-06-18T13:45:00+00:00
2026-06-18T13:37:29.091750+00:00,BUY NO (DOWN),NO,-252.28,1.0,24.931,92185.0,-681402.0,0.948,1.0,,64076.01,KXBTC15M-26JUN180945-45,2026-06-18T13:30:00+00:00,2026-06-18T13:45:00+00:00
2026-06-18T13:37:56.298781+00:00,BUY NO (DOWN),NO,-228.3,1.0,23.776,-271105.0,112201.0,0.946,1.0,,64105.18,KXBTC15M-26JUN180945-45,2026-06-18T13:30:00+00:00,2026-06-18T13:45:00+00:00
2026-06-18T13:48:00.691942+00:00,BUY NO (DOWN),NO,-51.67,0.9317,2.978,-1075965.0,-1392638.0,0.6699999999999999,0.9317,,63843.99,KXBTC15M-26JUN181000-00,2026-06-18T13:45:00+00:00,2026-06-18T14:00:00+00:00
2026-06-18T14:05:04.263295+00:00,BUY NO (DOWN),NO,-40.5,0.9244,2.87,-405757.0,1885888.0,0.61,0.9244,,63943.48,KXBTC15M-26JUN181015-15,2026-06-18T14:00:00+00:00,2026-06-18T14:15:00+00:00
2026-06-18T14:51:06.251380+00:00,BUY NO (DOWN),NO,-20.01,0.853,2.099,-684109.0,-667937.0,0.52,0.853,,63844.0,KXBTC15M-26JUN181100-00,2026-06-18T14:45:00+00:00,2026-06-18T15:00:00+00:00
2026-06-18T14:51:15.289544+00:00,BUY NO (DOWN),NO,-23.26,0.8922,2.476,-643252.0,-687553.0,0.65,0.8922,,63848.75,KXBTC15M-26JUN181100-00,2026-06-18T14:45:00+00:00,2026-06-18T15:00:00+00:00
2026-06-18T14:53:07.724801+00:00,BUY NO (DOWN),NO,-241.74,1.0,17.808,-2700592.0,-3997285.0,0.947,1.0,,63621.57,KXBTC15M-26JUN181100-00,2026-06-18T14:45:00+00:00,2026-06-18T15:00:00+00:00
2026-06-18T14:55:18.656199+00:00,BUY NO (DOWN),NO,-185.79,1.0,18.257,448701.0,-3382645.0,0.947,1.0,,63678.0,KXBTC15M-26JUN181100-00,2026-06-18T14:45:00+00:00,2026-06-18T15:00:00+00:00
2026-06-18T14:58:04.201685+00:00,BUY NO (DOWN),NO,-73.15,1.0,26.911,752217.0,2495227.0,0.95,1.0,,63813.12,KXBTC15M-26JUN181100-00,2026-06-18T14:45:00+00:00,2026-06-18T15:00:00+00:00
2026-06-18T15:03:00.639789+00:00,BUY NO (DOWN),NO,-157.84,1.0,10.994,-263164.0,90934.0,0.84,1.0,,63652.0,KXBTC15M-26JUN181115-15,2026-06-18T15:00:00+00:00,2026-06-18T15:15:00+00:00
2026-06-18T15:10:31.667473+00:00,BUY NO (DOWN),NO,-120.53,1.0,24.841,-90350.0,-193904.0,0.9410000000000001,1.0,,63694.0,KXBTC15M-26JUN181115-15,2026-06-18T15:00:00+00:00,2026-06-18T15:15:00+00:00
2026-06-18T15:18:00.996008+00:00,BUY NO (DOWN),NO,-262.02,1.0,13.157,-5771978.0,-6408094.0,0.89,1.0,,63279.84,KXBTC15M-26JUN181130-30,2026-06-18T15:15:00+00:00,2026-06-18T15:30:00+00:00
2026-06-18T15:24:26.279999+00:00,BUY NO (DOWN),NO,-194.1,1.0,10.877,1452709.0,2723132.0,0.949,1.0,,63365.9,KXBTC15M-26JUN181130-30,2026-06-18T15:15:00+00:00,2026-06-18T15:30:00+00:00
2026-06-18T15:24:33.673497+00:00,BUY NO (DOWN),NO,-203.52,1.0,11.75,1474677.0,2662500.0,0.943,1.0,,63356.48,KXBTC15M-26JUN181130-30,2026-06-18T15:15:00+00:00,2026-06-18T15:30:00+00:00
2026-06-18T15:24:49.098520+00:00,BUY NO (DOWN),NO,-178.51,1.0,12.856,1221370.0,36234.0,0.949,1.0,,63378.0,KXBTC15M-26JUN181130-30,2026-06-18T15:15:00+00:00,2026-06-18T15:30:00+00:00
2026-06-18T15:35:42.889124+00:00,BUY NO (DOWN),NO,-23.92,0.817,1.808,-466310.0,-1301929.0,0.63,0.817,,63180.42,KXBTC15M-26JUN181145-45,2026-06-18T15:30:00+00:00,2026-06-18T15:45:00+00:00
2026-06-18T15:35:48.274110+00:00,BUY NO (DOWN),NO,-24.41,0.816,1.8,-370234.0,-1426825.0,0.6599999999999999,0.816,,63199.1,KXBTC15M-26JUN181145-45,2026-06-18T15:30:00+00:00,2026-06-18T15:45:00+00:00
2026-06-18T15:37:49.966023+00:00,BUY NO (DOWN),NO,-241.81,1.0,21.232,-13824944.0,-15448165.0,0.95,1.0,,62986.0,KXBTC15M-26JUN181145-45,2026-06-18T15:30:00+00:00,2026-06-18T15:45:00+00:00
2026-06-18T15:48:00.924423+00:00,BUY NO (DOWN),NO,-38.01,0.7287,1.218,309864.0,5254735.0,0.51,0.7287,,62748.01,KXBTC15M-26JUN181200-00,2026-06-18T15:45:00+00:00,2026-06-18T16:00:00+00:00
2026-06-18T15:48:15.619506+00:00,BUY NO (DOWN),NO,-22.0,0.6407,0.721,81370.0,5401510.0,0.51,0.6407,,62739.98,KXBTC15M-26JUN181200-00,2026-06-18T15:45:00+00:00,2026-06-18T16:00:00+00:00
2026-06-18T15:49:24.295167+00:00,BUY NO (DOWN),NO,-22.0,0.6761,0.914,-208160.0,1712143.0,0.53,0.6761,,62764.0,KXBTC15M-26JUN181200-00,2026-06-18T15:45:00+00:00,2026-06-18T16:00:00+00:00
2026-06-18T15:49:49.597035+00:00,BUY NO (DOWN),NO,-30.0,0.7438,1.31,-345975.0,1143182.0,0.51,0.7438,,62755.12,KXBTC15M-26JUN181200-00,2026-06-18T15:45:00+00:00,2026-06-18T16:00:00+00:00
2026-06-18T15:50:35.543848+00:00,BUY NO (DOWN),NO,-63.99,0.9475,3.241,-350896.0,521937.0,0.51,0.9475,,62718.01,KXBTC15M-26JUN181200-00,2026-06-18T15:45:00+00:00,2026-06-18T16:00:00+00:00
2026-06-18T16:18:14.574020+00:00,BUY NO (DOWN),NO,-29.6,0.9007,2.571,799940.0,311957.0,0.5900000000000001,0.9007,,62606.4,KXBTC15M-26JUN181230-30,2026-06-18T16:15:00+00:00,2026-06-18T16:30:00+00:00
2026-06-18T16:18:30.133279+00:00,BUY NO (DOWN),NO,-20.24,0.7954,1.651,986815.0,679808.0,0.65,0.7954,,62610.01,KXBTC15M-26JUN181230-30,2026-06-18T16:15:00+00:00,2026-06-18T16:30:00+00:00
2026-06-18T16:33:01.293421+00:00,BUY NO (DOWN),NO,-79.5,0.9972,5.536,-470958.0,522626.0,0.71,0.9972,,62518.01,KXBTC15M-26JUN181245-45,2026-06-18T16:30:00+00:00,2026-06-18T16:45:00+00:00
2026-06-18T16:36:55.310984+00:00,BUY NO (DOWN),NO,-25.5,0.9142,2.734,-72315.0,-122909.0,0.5800000000000001,0.9142,,62572.01,KXBTC15M-26JUN181245-45,2026-06-18T16:30:00+00:00,2026-06-18T16:45:00+00:00
2026-06-18T16:48:00.686971+00:00,BUY NO (DOWN),NO,-20.79,0.8179,1.815,-424708.0,380246.0,0.5800000000000001,0.8179,,62715.99,KXBTC15M-26JUN181300-00,2026-06-18T16:45:00+00:00,2026-06-18T17:00:00+00:00
2026-06-18T16:48:05.884745+00:00,BUY NO (DOWN),NO,-23.5,0.85,2.073,-353421.0,372702.0,0.5900000000000001,0.85,,62708.0,KXBTC15M-26JUN181300-00,2026-06-18T16:45:00+00:00,2026-06-18T17:00:00+00:00
2026-06-18T16:49:01.432253+00:00,BUY NO (DOWN),NO,-20.54,0.8258,1.875,-460674.0,-286816.0,0.52,0.8258,,62710.5,KXBTC15M-26JUN181300-00,2026-06-18T16:45:00+00:00,2026-06-18T17:00:00+00:00
2026-06-18T16:49:17.557297+00:00,BUY NO (DOWN),NO,-31.99,0.9456,3.207,-562015.0,-459151.0,0.56,0.9456,,62696.02,KXBTC15M-26JUN181300-00,2026-06-18T16:45:00+00:00,2026-06-18T17:00:00+00:00
2026-06-18T16:50:24.168869+00:00,BUY NO (DOWN),NO,-27.38,0.9296,2.946,232303.0,-344122.0,0.5800000000000001,0.9296,,62702.01,KXBTC15M-26JUN181300-00,2026-06-18T16:45:00+00:00,2026-06-18T17:00:00+00:00
2026-06-18T16:57:48.530514+00:00,BUY NO (DOWN),NO,-23.99,1.0,9.998,64613.0,-4067079.0,0.81,1.0,,62708.01,KXBTC15M-26JUN181300-00,2026-06-18T16:45:00+00:00,2026-06-18T17:00:00+00:00
2026-06-18T16:58:00.335489+00:00,BUY NO (DOWN),NO,-20.0,1.0,9.169,30187.0,-4022874.0,0.73,1.0,,62711.99,KXBTC15M-26JUN181300-00,2026-06-18T16:45:00+00:00,2026-06-18T17:00:00+00:00
2026-06-18T16:58:16.195345+00:00,BUY NO (DOWN),NO,-23.08,1.0,12.961,-131327.0,-2226495.0,0.74,1.0,,62708.01,KXBTC15M-26JUN181300-00,2026-06-18T16:45:00+00:00,2026-06-18T17:00:00+00:00
2026-06-18T17:03:01.079709+00:00,BUY NO (DOWN),NO,-120.99,1.0,13.3,-891828.0,-1673280.0,0.8,1.0,,62585.12,KXBTC15M-26JUN181315-15,2026-06-18T17:00:00+00:00,2026-06-18T17:15:00+00:00
2026-06-18T17:22:18.156168+00:00,BUY NO (DOWN),NO,-27.2,0.9735,3.869,-467799.0,-1902.0,0.57,0.9735,,62476.26,KXBTC15M-26JUN181330-30,2026-06-18T17:15:00+00:00,2026-06-18T17:30:00+00:00
2026-06-18T17:25:46.682896+00:00,BUY NO (DOWN),NO,-127.76,1.0,28.204,-1235004.0,-2890209.0,0.95,1.0,,62372.25,KXBTC15M-26JUN181330-30,2026-06-18T17:15:00+00:00,2026-06-18T17:30:00+00:00
2026-06-18T17:38:54.676430+00:00,BUY NO (DOWN),NO,-40.55,0.9997,6.9,-450980.0,-393291.0,0.66,0.9997,,62550.01,KXBTC15M-26JUN181345-45,2026-06-18T17:30:00+00:00,2026-06-18T17:45:00+00:00
2026-06-18T17:39:08.627816+00:00,BUY NO (DOWN),NO,-20.55,0.9651,3.627,-341312.0,-281093.0,0.62,0.9651,,62568.01,KXBTC15M-26JUN181345-45,2026-06-18T17:30:00+00:00,2026-06-18T17:45:00+00:00
2026-06-18T17:39:33.945529+00:00,BUY NO (DOWN),NO,-22.85,0.9839,4.285,152630.0,-266064.0,0.65,0.9839,,62566.0,KXBTC15M-26JUN181345-45,2026-06-18T17:30:00+00:00,2026-06-18T17:45:00+00:00
2026-06-18T17:40:33.263979+00:00,BUY NO (DOWN),NO,-23.71,0.9931,4.921,363151.0,262921.0,0.62,0.9931,,62554.86,KXBTC15M-26JUN181345-45,2026-06-18T17:30:00+00:00,2026-06-18T17:45:00+00:00
2026-06-18T17:49:05.158506+00:00,BUY NO (DOWN),NO,-27.28,0.9239,2.864,-46337.0,2194058.0,0.54,0.9239,,62622.01,KXBTC15M-26JUN181400-00,2026-06-18T17:45:00+00:00,2026-06-18T18:00:00+00:00
2026-06-18T17:49:48.844632+00:00,BUY NO (DOWN),NO,-23.99,0.9634,3.584,-40418.0,2514547.0,0.54,0.9634,,62626.01,KXBTC15M-26JUN181400-00,2026-06-18T17:45:00+00:00,2026-06-18T18:00:00+00:00
2026-06-18T17:54:56.798912+00:00,BUY NO (DOWN),NO,-24.0,0.9996,6.693,-145610.0,-225659.0,0.63,0.9996,,62619.23,KXBTC15M-26JUN181400-00,2026-06-18T17:45:00+00:00,2026-06-18T18:00:00+00:00
2026-06-18T18:04:13.278028+00:00,BUY NO (DOWN),NO,-25.99,0.8858,2.409,-287327.0,-262946.0,0.51,0.8858,,62584.08,KXBTC15M-26JUN181415-15,2026-06-18T18:00:00+00:00,2026-06-18T18:15:00+00:00
2026-06-18T18:33:01.921797+00:00,BUY NO (DOWN),NO,-60.0,0.9995,6.607,194282.0,-1282972.0,0.74,0.9995,,62788.0,KXBTC15M-26JUN181445-45,2026-06-18T18:30:00+00:00,2026-06-18T18:45:00+00:00
2026-06-18T18:33:51.482925+00:00,BUY NO (DOWN),NO,-22.0,0.8498,2.071,35598.0,-1112454.0,0.6599999999999999,0.8498,,62823.91,KXBTC15M-26JUN181445-45,2026-06-18T18:30:00+00:00,2026-06-18T18:45:00+00:00
2026-06-18T18:33:56.224424+00:00,BUY NO (DOWN),NO,-40.0,0.9669,3.673,-231363.0,-1432243.0,0.6599999999999999,0.9669,,62802.01,KXBTC15M-26JUN181445-45,2026-06-18T18:30:00+00:00,2026-06-18T18:45:00+00:00
2026-06-18T18:37:33.939530+00:00,BUY NO (DOWN),NO,-24.42,0.9502,3.294,-200153.0,-474471.0,0.64,0.9502,,62823.81,KXBTC15M-26JUN181445-45,2026-06-18T18:30:00+00:00,2026-06-18T18:45:00+00:00
2026-06-18T18:37:44.008447+00:00,BUY NO (DOWN),NO,-33.03,0.987,4.455,-474157.0,-806993.0,0.7,0.987,,62808.98,KXBTC15M-26JUN181445-45,2026-06-18T18:30:00+00:00,2026-06-18T18:45:00+00:00
2026-06-18T18:48:00.445423+00:00,BUY NO (DOWN),NO,-20.0,0.7951,1.649,235356.0,980855.0,0.56,0.7951,,62752.01,KXBTC15M-26JUN181500-00,2026-06-18T18:45:00+00:00,2026-06-18T19:00:00+00:00
2026-06-18T18:54:06.528489+00:00,BUY NO (DOWN),NO,-22.12,0.9736,3.873,-257327.0,-636705.0,0.56,0.9736,,62749.89,KXBTC15M-26JUN181500-00,2026-06-18T18:45:00+00:00,2026-06-18T19:00:00+00:00
2026-06-18T19:03:00.832286+00:00,BUY NO (DOWN),NO,-23.3,0.9108,2.692,-398870.0,145085.0,0.56,0.9108,,62698.0,KXBTC15M-26JUN181515-15,2026-06-18T19:00:00+00:00,2026-06-18T19:15:00+00:00
2026-06-18T19:03:08.307537+00:00,BUY NO (DOWN),NO,-23.29,0.9079,2.655,-434982.0,14884.0,0.56,0.9079,,62688.66,KXBTC15M-26JUN181515-15,2026-06-18T19:00:00+00:00,2026-06-18T19:15:00+00:00
2026-06-18T19:04:39.503901+00:00,BUY NO (DOWN),NO,-32.58,0.9857,4.379,-14360.0,-155201.0,0.53,0.9857,,62679.37,KXBTC15M-26JUN181515-15,2026-06-18T19:00:00+00:00,2026-06-18T19:15:00+00:00
2026-06-18T19:06:21.457622+00:00,BUY NO (DOWN),NO,-31.94,0.9955,5.218,98196.0,-342540.0,0.5800000000000001,0.9955,,62672.0,KXBTC15M-26JUN181515-15,2026-06-18T19:00:00+00:00,2026-06-18T19:15:00+00:00
2026-06-18T19:07:55.677975+00:00,BUY NO (DOWN),NO,-27.95,0.9968,5.457,-59583.0,-285671.0,0.52,0.9968,,62684.0,KXBTC15M-26JUN181515-15,2026-06-18T19:00:00+00:00,2026-06-18T19:15:00+00:00
2026-06-18T19:13:06.561447+00:00,BUY NO (DOWN),NO,-35.22,1.0,27.784,314201.0,397605.0,0.904,1.0,,62676.72,KXBTC15M-26JUN181515-15,2026-06-18T19:00:00+00:00,2026-06-18T19:15:00+00:00
2026-06-18T19:14:15.284323+00:00,BUY NO (DOWN),NO,-21.94,1.0,45.999,116439.0,601450.0,0.923,1.0,,62690.01,KXBTC15M-26JUN181515-15,2026-06-18T19:00:00+00:00,2026-06-18T19:15:00+00:00
2026-06-18T19:18:42.469311+00:00,BUY NO (DOWN),NO,-31.67,0.9541,3.373,-622561.0,-369845.0,0.61,0.9541,,62642.33,KXBTC15M-26JUN181530-30,2026-06-18T19:15:00+00:00,2026-06-18T19:30:00+00:00
2026-06-18T19:48:34.654586+00:00,BUY NO (DOWN),NO,-23.77,0.9297,2.947,25750.0,492585.0,0.57,0.9297,,62962.0,KXBTC15M-26JUN181600-00,2026-06-18T19:45:00+00:00,2026-06-18T20:00:00+00:00
2026-06-18T19:48:44.296776+00:00,BUY NO (DOWN),NO,-31.07,0.9597,3.495,87116.0,476511.0,0.52,0.9597,,62955.54,KXBTC15M-26JUN181600-00,2026-06-18T19:45:00+00:00,2026-06-18T20:00:00+00:00
2026-06-18T19:56:04.201837+00:00,BUY NO (DOWN),NO,-20.61,1.0,8.3,243415.0,1143460.0,0.69,1.0,,62960.31,KXBTC15M-26JUN181600-00,2026-06-18T19:45:00+00:00,2026-06-18T20:00:00+00:00
2026-06-18T19:59:09.990782+00:00,BUY NO (DOWN),NO,-25.04,1.0,48.947,-123841.0,273941.0,0.85,1.0,,62969.44,KXBTC15M-26JUN181600-00,2026-06-18T19:45:00+00:00,2026-06-18T20:00:00+00:00
2026-06-18T20:18:00.646152+00:00,BUY NO (DOWN),NO,-25.99,0.9689,3.73,-183376.0,-416259.0,0.65,0.9689,,63132.01,KXBTC15M-26JUN181630-30,2026-06-18T20:15:00+00:00,2026-06-18T20:30:00+00:00
2026-06-18T20:21:37.273992+00:00,BUY NO (DOWN),NO,-30.31,0.9672,3.681,-456509.0,468430.0,0.64,0.9672,,63135.98,KXBTC15M-26JUN181630-30,2026-06-18T20:15:00+00:00,2026-06-18T20:30:00+00:00
2026-06-18T20:22:05.577424+00:00,BUY NO (DOWN),NO,-21.99,0.918,2.783,-260414.0,573963.0,0.6,0.918,,63136.0,KXBTC15M-26JUN181630-30,2026-06-18T20:15:00+00:00,2026-06-18T20:30:00+00:00
2026-06-18T20:23:42.538658+00:00,BUY NO (DOWN),NO,-23.56,0.974,3.887,-178688.0,508193.0,0.63,0.974,,63130.6,KXBTC15M-26JUN181630-30,2026-06-18T20:15:00+00:00,2026-06-18T20:30:00+00:00
2026-06-18T20:27:00.727927+00:00,BUY NO (DOWN),NO,-27.56,1.0,15.403,-91245.0,-265529.0,0.83,1.0,,63130.45,KXBTC15M-26JUN181630-30,2026-06-18T20:15:00+00:00,2026-06-18T20:30:00+00:00
2026-06-18T20:27:49.223676+00:00,BUY NO (DOWN),NO,-30.34,1.0,22.962,79532.0,-39877.0,0.916,1.0,,63127.66,KXBTC15M-26JUN181630-30,2026-06-18T20:15:00+00:00,2026-06-18T20:30:00+00:00
2026-06-18T20:34:07.919810+00:00,BUY NO (DOWN),NO,-21.09,0.9201,2.811,393602.0,117429.0,0.63,0.9201,,63096.92,KXBTC15M-26JUN181645-45,2026-06-18T20:30:00+00:00,2026-06-18T20:45:00+00:00
2026-06-18T20:48:00.426919+00:00,BUY NO (DOWN),NO,-51.9,1.0,10.807,-63901.0,-117665.0,0.7,1.0,,63080.0,KXBTC15M-26JUN181700-00,2026-06-18T20:45:00+00:00,2026-06-18T21:00:00+00:00
2026-06-18T20:53:15.712266+00:00,BUY NO (DOWN),NO,-21.9,0.998,5.747,479299.0,260610.0,0.7,0.998,,63112.01,KXBTC15M-26JUN181700-00,2026-06-18T20:45:00+00:00,2026-06-18T21:00:00+00:00
2026-06-18T20:55:36.492238+00:00,BUY NO (DOWN),NO,-23.91,1.0,11.569,-6321.0,589710.0,0.75,1.0,,63110.0,KXBTC15M-26JUN181700-00,2026-06-18T20:45:00+00:00,2026-06-18T21:00:00+00:00
2026-06-18T21:10:29.177143+00:00,BUY NO (DOWN),NO,-22.0,1.0,11.319,-99962.0,449149.0,0.6599999999999999,1.0,,63064.0,KXBTC15M-26JUN181715-15,2026-06-18T21:00:00+00:00,2026-06-18T21:15:00+00:00
2026-06-18T21:37:37.251672+00:00,BUY NO (DOWN),NO,-28.13,1.0,12.051,-199501.0,134545.0,0.65,1.0,,62917.99,KXBTC15M-26JUN181745-45,2026-06-18T21:30:00+00:00,2026-06-18T21:45:00+00:00
2026-06-18T21:38:15.612336+00:00,BUY NO (DOWN),NO,-27.26,1.0,8.34,-312813.0,-193247.0,0.6799999999999999,1.0,,62924.65,KXBTC15M-26JUN181745-45,2026-06-18T21:30:00+00:00,2026-06-18T21:45:00+00:00
2026-06-18T21:53:39.781748+00:00,BUY NO (DOWN),NO,-20.97,1.0,9.534,-118396.0,134579.0,0.64,1.0,,62893.02,KXBTC15M-26JUN181800-00,2026-06-18T21:45:00+00:00,2026-06-18T22:00:00+00:00
2026-06-18T21:54:25.128443+00:00,BUY NO (DOWN),NO,-20.96,1.0,11.937,-345539.0,-179952.0,0.72,1.0,,62894.13,KXBTC15M-26JUN181800-00,2026-06-18T21:45:00+00:00,2026-06-18T22:00:00+00:00
2026-06-18T22:03:16.623333+00:00,BUY NO (DOWN),NO,-21.91,0.9174,2.775,-108855.0,154272.0,0.6799999999999999,0.9174,,62930.09,KXBTC15M-26JUN181815-15,2026-06-18T22:00:00+00:00,2026-06-18T22:15:00+00:00
2026-06-18T22:04:25.993086+00:00,BUY NO (DOWN),NO,-23.84,0.9553,3.398,1486803.0,1645374.0,0.72,0.9553,,62928.16,KXBTC15M-26JUN181815-15,2026-06-18T22:00:00+00:00,2026-06-18T22:15:00+00:00
2026-06-18T22:11:58.844991+00:00,BUY NO (DOWN),NO,-25.94,1.0,30.917,142656.0,435763.0,0.95,1.0,,62926.06,KXBTC15M-26JUN181815-15,2026-06-18T22:00:00+00:00,2026-06-18T22:15:00+00:00
2026-06-18T22:18:01.465521+00:00,BUY NO (DOWN),NO,-85.13,1.0,13.921,-306303.0,-726507.0,0.88,1.0,,62824.89,KXBTC15M-26JUN181830-30,2026-06-18T22:15:00+00:00,2026-06-18T22:30:00+00:00
2026-06-18T22:21:25.574274+00:00,BUY NO (DOWN),NO,-131.36,1.0,24.696,-60157.0,-1011209.0,0.948,1.0,,62790.0,KXBTC15M-26JUN181830-30,2026-06-18T22:15:00+00:00,2026-06-18T22:30:00+00:00
2026-06-18T22:22:59.341547+00:00,BUY NO (DOWN),NO,-78.61,1.0,14.762,419821.0,81071.0,0.9,1.0,,62842.75,KXBTC15M-26JUN181830-30,2026-06-18T22:15:00+00:00,2026-06-18T22:30:00+00:00
2026-06-18T22:24:50.597442+00:00,BUY NO (DOWN),NO,-81.35,1.0,20.007,-12474.0,469076.0,0.948,1.0,,62840.01,KXBTC15M-26JUN181830-30,2026-06-18T22:15:00+00:00,2026-06-18T22:30:00+00:00
2026-06-18T22:25:11.510401+00:00,BUY NO (DOWN),NO,-75.36,1.0,19.779,27615.0,471770.0,0.928,1.0,,62845.99,KXBTC15M-26JUN181830-30,2026-06-18T22:15:00+00:00,2026-06-18T22:30:00+00:00
2026-06-18T22:26:14.156875+00:00,BUY NO (DOWN),NO,-71.37,1.0,23.487,90668.0,587148.0,0.9390000000000001,1.0,,62849.99,KXBTC15M-26JUN181830-30,2026-06-18T22:15:00+00:00,2026-06-18T22:30:00+00:00
2026-06-18T22:26:36.690868+00:00,BUY NO (DOWN),NO,-57.36,1.0,20.975,130625.0,644630.0,0.947,1.0,,62864.0,KXBTC15M-26JUN181830-30,2026-06-18T22:15:00+00:00,2026-06-18T22:30:00+00:00
2026-06-18T22:33:02.223634+00:00,BUY NO (DOWN),NO,-78.09,0.9999,7.648,16282.0,-97160.0,0.8,0.9999,,62765.99,KXBTC15M-26JUN181845-45,2026-06-18T22:30:00+00:00,2026-06-18T22:45:00+00:00
2026-06-18T22:42:05.014145+00:00,BUY NO (DOWN),NO,-47.32,1.0,51.194,-119868.0,-659488.0,0.9339999999999999,1.0,,62790.78,KXBTC15M-26JUN181845-45,2026-06-18T22:30:00+00:00,2026-06-18T22:45:00+00:00
2026-06-18T22:43:05.357684+00:00,BUY NO (DOWN),NO,-30.53,1.0,47.482,-25332.0,-605686.0,0.9390000000000001,1.0,,62807.56,KXBTC15M-26JUN181845-45,2026-06-18T22:30:00+00:00,2026-06-18T22:45:00+00:00
2026-06-18T22:43:21.467704+00:00,BUY NO (DOWN),NO,-30.53,1.0,55.509,-91510.0,-452924.0,0.95,1.0,,62807.56,KXBTC15M-26JUN181845-45,2026-06-18T22:30:00+00:00,2026-06-18T22:45:00+00:00
2026-06-18T23:05:14.910401+00:00,BUY NO (DOWN),NO,-44.77,0.9992,6.34,-217116.0,176627.0,0.73,0.9992,,62841.08,KXBTC15M-26JUN181915-15,2026-06-18T23:00:00+00:00,2026-06-18T23:15:00+00:00
2026-06-18T23:06:19.625452+00:00,BUY NO (DOWN),NO,-23.86,0.9794,4.083,192559.0,70652.0,0.64,0.9794,,62862.0,KXBTC15M-26JUN181915-15,2026-06-18T23:00:00+00:00,2026-06-18T23:15:00+00:00
2026-06-18T23:09:38.406757+00:00,BUY NO (DOWN),NO,-85.18,1.0,18.814,-301209.0,-873920.0,0.945,1.0,,62800.68,KXBTC15M-26JUN181915-15,2026-06-18T23:00:00+00:00,2026-06-18T23:15:00+00:00
2026-06-18T23:48:03.819851+00:00,BUY NO (DOWN),NO,-28.98,0.9879,4.506,-20477.0,-143321.0,0.65,0.9879,,62885.45,KXBTC15M-26JUN182000-00,2026-06-18T23:45:00+00:00,2026-06-19T00:00:00+00:00
2026-06-19T00:03:00.280709+00:00,BUY NO (DOWN),NO,-51.58,1.0,13.513,3640.0,-270402.0,0.75,1.0,,62908.0,KXBTC15M-26JUN182015-15,2026-06-19T00:00:00+00:00,2026-06-19T00:15:00+00:00
2026-06-19T00:06:36.745025+00:00,BUY NO (DOWN),NO,-24.18,0.9725,3.839,-2036651.0,-1469059.0,0.6,0.9725,,62935.4,KXBTC15M-26JUN182015-15,2026-06-19T00:00:00+00:00,2026-06-19T00:15:00+00:00
2026-06-19T00:09:13.097772+00:00,BUY NO (DOWN),NO,-101.58,1.0,24.398,-1231885.0,-3691748.0,0.95,1.0,,62858.0,KXBTC15M-26JUN182015-15,2026-06-19T00:00:00+00:00,2026-06-19T00:15:00+00:00
2026-06-19T00:09:44.710099+00:00,BUY NO (DOWN),NO,-81.59,1.0,20.847,224953.0,-3601933.0,0.929,1.0,,62880.0,KXBTC15M-26JUN182015-15,2026-06-19T00:00:00+00:00,2026-06-19T00:15:00+00:00
2026-06-19T00:10:48.772733+00:00,BUY NO (DOWN),NO,-75.58,1.0,29.53,-330576.0,-4384920.0,0.945,1.0,,62884.0,KXBTC15M-26JUN182015-15,2026-06-19T00:00:00+00:00,2026-06-19T00:15:00+00:00
2026-06-19T00:11:08.242151+00:00,BUY NO (DOWN),NO,-69.39,1.0,28.519,-261692.0,-3723247.0,0.944,1.0,,62890.19,KXBTC15M-26JUN182015-15,2026-06-19T00:00:00+00:00,2026-06-19T00:15:00+00:00
2026-06-19T00:49:33.241465+00:00,BUY NO (DOWN),NO,-25.99,0.9985,5.938,-50535.0,802174.0,0.54,0.9985,,63032.01,KXBTC15M-26JUN182100-00,2026-06-19T00:45:00+00:00,2026-06-19T01:00:00+00:00
2026-06-19T00:50:38.656865+00:00,BUY NO (DOWN),NO,-27.99,0.9753,3.931,-2125382.0,-2358140.0,0.53,0.9753,,63027.63,KXBTC15M-26JUN182100-00,2026-06-19T00:45:00+00:00,2026-06-19T01:00:00+00:00
2026-06-19T01:09:27.597028+00:00,BUY NO (DOWN),NO,-21.98,1.0,8.219,15737.0,61409.0,0.74,1.0,,63000.0,KXBTC15M-26JUN182115-15,2026-06-19T01:00:00+00:00,2026-06-19T01:15:00+00:00
2026-06-19T01:12:21.251515+00:00,BUY NO (DOWN),NO,-80.0,1.0,46.121,101102.0,-86033.0,0.944,1.0,,62936.71,KXBTC15M-26JUN182115-15,2026-06-19T01:00:00+00:00,2026-06-19T01:15:00+00:00
2026-06-19T01:28:34.659917+00:00,BUY NO (DOWN),NO,-24.6,1.0,35.865,-204514.0,961323.0,0.89,1.0,,62953.71,KXBTC15M-26JUN182130-30,2026-06-19T01:15:00+00:00,2026-06-19T01:30:00+00:00
2026-06-19T01:33:00.265749+00:00,BUY NO (DOWN),NO,-32.28,0.9876,4.489,1060176.0,706446.0,0.69,0.9876,,62901.7,KXBTC15M-26JUN182145-45,2026-06-19T01:30:00+00:00,2026-06-19T01:45:00+00:00
2026-06-19T01:37:28.116262+00:00,BUY NO (DOWN),NO,-20.0,0.9898,4.638,-51329.0,46877.0,0.61,0.9898,,62913.99,KXBTC15M-26JUN182145-45,2026-06-19T01:30:00+00:00,2026-06-19T01:45:00+00:00
2026-06-19T01:39:27.514947+00:00,BUY NO (DOWN),NO,-29.53,1.0,12.94,-80199.0,-229717.0,0.6799999999999999,1.0,,62900.0,KXBTC15M-26JUN182145-45,2026-06-19T01:30:00+00:00,2026-06-19T01:45:00+00:00
2026-06-19T01:43:04.110577+00:00,BUY NO (DOWN),NO,-47.99,1.0,62.639,3721.0,-254795.0,0.943,1.0,,62885.99,KXBTC15M-26JUN182145-45,2026-06-19T01:30:00+00:00,2026-06-19T01:45:00+00:00
2026-06-19T01:44:05.108668+00:00,BUY NO (DOWN),NO,-28.0,1.0,75.848,102070.0,-129712.0,0.949,1.0,,62906.0,KXBTC15M-26JUN182145-45,2026-06-19T01:30:00+00:00,2026-06-19T01:45:00+00:00
2026-06-19T02:18:00.325884+00:00,BUY NO (DOWN),NO,-21.19,0.9653,3.631,5637.0,-568628.0,0.6599999999999999,0.9653,,63002.01,KXBTC15M-26JUN182230-30,2026-06-19T02:15:00+00:00,2026-06-19T02:30:00+00:00
2026-06-19T02:27:53.498221+00:00,BUY NO (DOWN),NO,-31.19,1.0,19.904,-181587.0,349155.0,0.71,1.0,,62992.01,KXBTC15M-26JUN182230-30,2026-06-19T02:15:00+00:00,2026-06-19T02:30:00+00:00
2026-06-19T02:28:03.703202+00:00,BUY NO (DOWN),NO,-46.4,1.0,31.226,-111703.0,283450.0,0.95,1.0,,62978.8,KXBTC15M-26JUN182230-30,2026-06-19T02:15:00+00:00,2026-06-19T02:30:00+00:00
2026-06-19T02:36:26.122182+00:00,BUY NO (DOWN),NO,-33.72,0.9847,4.325,-457991.0,-777498.0,0.6599999999999999,0.9847,,62922.36,KXBTC15M-26JUN182245-45,2026-06-19T02:30:00+00:00,2026-06-19T02:45:00+00:00
2026-06-19T02:37:33.642143+00:00,BUY NO (DOWN),NO,-20.07,0.9313,2.971,-27782.0,-460516.0,0.7,0.9313,,62936.0,KXBTC15M-26JUN182245-45,2026-06-19T02:30:00+00:00,2026-06-19T02:45:00+00:00
2026-06-19T02:39:08.585341+00:00,BUY NO (DOWN),NO,-20.08,0.9749,3.915,9319.0,-600158.0,0.75,0.9749,,62934.01,KXBTC15M-26JUN182245-45,2026-06-19T02:30:00+00:00,2026-06-19T02:45:00+00:00
2026-06-19T03:03:00.448982+00:00,BUY NO (DOWN),NO,-35.99,1.0,8.346,-63689.0,-331705.0,0.72,1.0,,62973.99,KXBTC15M-26JUN182315-15,2026-06-19T03:00:00+00:00,2026-06-19T03:15:00+00:00
2026-06-19T03:04:26.179518+00:00,BUY NO (DOWN),NO,-21.77,0.9906,4.7,-38375.0,-208319.0,0.6699999999999999,0.9906,,62980.01,KXBTC15M-26JUN182315-15,2026-06-19T03:00:00+00:00,2026-06-19T03:15:00+00:00
2026-06-19T03:18:00.649122+00:00,BUY NO (DOWN),NO,-288.9,0.9996,6.774,-2065900.0,-14010942.0,0.943,0.9996,,62445.97,KXBTC15M-26JUN182330-30,2026-06-19T03:15:00+00:00,2026-06-19T03:30:00+00:00
2026-06-19T03:19:58.147068+00:00,BUY NO (DOWN),NO,-218.8,0.9984,5.9,40210.0,-8695075.0,0.926,0.9984,,62520.92,KXBTC15M-26JUN182330-30,2026-06-19T03:15:00+00:00,2026-06-19T03:30:00+00:00
2026-06-19T03:33:01.750832+00:00,BUY NO (DOWN),NO,-36.0,0.9733,3.863,-68422.0,1217927.0,0.64,0.9733,,62782.19,KXBTC15M-26JUN182345-45,2026-06-19T03:30:00+00:00,2026-06-19T03:45:00+00:00
2026-06-19T03:48:25.018913+00:00,BUY NO (DOWN),NO,-21.84,0.955,3.39,-150668.0,-138905.0,0.5900000000000001,0.955,,62670.96,KXBTC15M-26JUN190000-00,2026-06-19T03:45:00+00:00,2026-06-19T04:00:00+00:00
2026-06-19T04:03:01.080969+00:00,BUY NO (DOWN),NO,-105.53,1.0,12.074,-142315.0,-1574645.0,0.79,1.0,,62667.99,KXBTC15M-26JUN190015-15,2026-06-19T04:00:00+00:00,2026-06-19T04:15:00+00:00
2026-06-19T04:18:22.396319+00:00,BUY NO (DOWN),NO,-31.99,0.9428,3.157,-107578.0,143428.0,0.58,0.9428,,62836.0,KXBTC15M-26JUN190030-30,2026-06-19T04:15:00+00:00,2026-06-19T04:30:00+00:00
2026-06-19T04:33:00.680695+00:00,BUY NO (DOWN),NO,-102.65,1.0,18.708,-259774.0,-456230.0,0.83,1.0,,62633.99,KXBTC15M-26JUN190045-45,2026-06-19T04:30:00+00:00,2026-06-19T04:45:00+00:00
2026-06-19T04:38:37.069646+00:00,BUY NO (DOWN),NO,-164.0,1.0,25.236,293731.0,-268959.0,0.948,1.0,,62568.0,KXBTC15M-26JUN190045-45,2026-06-19T04:30:00+00:00,2026-06-19T04:45:00+00:00
2026-06-19T04:52:15.145305+00:00,BUY NO (DOWN),NO,-25.71,0.998,5.762,-88013.0,260390.0,0.55,0.998,,62581.99,KXBTC15M-26JUN190100-00,2026-06-19T04:45:00+00:00,2026-06-19T05:00:00+00:00
2026-06-19T04:53:12.914913+00:00,BUY NO (DOWN),NO,-20.41,0.9787,4.054,-417619.0,-396350.0,0.6,0.9787,,62587.29,KXBTC15M-26JUN190100-00,2026-06-19T04:45:00+00:00,2026-06-19T05:00:00+00:00
2026-06-19T04:53:22.888672+00:00,BUY NO (DOWN),NO,-25.91,0.9951,5.163,-467450.0,-510837.0,0.63,0.9951,,62581.8,KXBTC15M-26JUN190100-00,2026-06-19T04:45:00+00:00,2026-06-19T05:00:00+00:00
2026-06-19T05:18:01.252727+00:00,BUY NO (DOWN),NO,-61.58,1.0,8.47,-163807.0,-492046.0,0.72,1.0,,62608.41,KXBTC15M-26JUN190130-30,2026-06-19T05:15:00+00:00,2026-06-19T05:30:00+00:00
2026-06-19T05:33:26.265608+00:00,BUY NO (DOWN),NO,-21.98,0.939,3.094,-48598.0,142229.0,0.53,0.939,,62594.01,KXBTC15M-26JUN190145-45,2026-06-19T05:30:00+00:00,2026-06-19T05:45:00+00:00
2026-06-19T05:36:43.579822+00:00,BUY NO (DOWN),NO,-23.98,0.9662,3.655,-154915.0,385731.0,0.64,0.9662,,62592.01,KXBTC15M-26JUN190145-45,2026-06-19T05:30:00+00:00,2026-06-19T05:45:00+00:00
2026-06-19T05:36:58.281128+00:00,BUY NO (DOWN),NO,-20.4,0.9438,3.175,-36723.0,452793.0,0.55,0.9438,,62595.6,KXBTC15M-26JUN190145-45,2026-06-19T05:30:00+00:00,2026-06-19T05:45:00+00:00
2026-06-19T06:18:01.296121+00:00,BUY NO (DOWN),NO,-63.98,1.0,11.418,-127353.0,137550.0,0.73,1.0,,62786.01,KXBTC15M-26JUN190230-30,2026-06-19T06:15:00+00:00,2026-06-19T06:30:00+00:00
2026-06-19T06:28:04.549992+00:00,BUY NO (DOWN),NO,-23.98,1.0,33.481,-79707.0,95204.0,0.6599999999999999,1.0,,62826.01,KXBTC15M-26JUN190230-30,2026-06-19T06:15:00+00:00,2026-06-19T06:30:00+00:00
2026-06-19T06:33:00.470539+00:00,BUY NO (DOWN),NO,-20.44,0.9862,4.407,-13549.0,206156.0,0.56,0.9862,,62818.94,KXBTC15M-26JUN190245-45,2026-06-19T06:30:00+00:00,2026-06-19T06:45:00+00:00
2026-06-19T06:35:09.987404+00:00,BUY NO (DOWN),NO,-26.29,0.9987,6.03,-29944.0,302768.0,0.6,0.9987,,62813.08,KXBTC15M-26JUN190245-45,2026-06-19T06:30:00+00:00,2026-06-19T06:45:00+00:00
2026-06-19T06:38:27.432892+00:00,BUY NO (DOWN),NO,-105.03,1.0,44.129,-116614.0,-300151.0,0.95,1.0,,62734.34,KXBTC15M-26JUN190245-45,2026-06-19T06:30:00+00:00,2026-06-19T06:45:00+00:00
2026-06-19T06:40:00.679258+00:00,BUY NO (DOWN),NO,-103.72,1.0,59.236,81165.0,-291159.0,0.95,1.0,,62735.65,KXBTC15M-26JUN190245-45,2026-06-19T06:30:00+00:00,2026-06-19T06:45:00+00:00
2026-06-19T06:40:09.515152+00:00,BUY NO (DOWN),NO,-99.38,1.0,60.186,127303.0,-234340.0,0.946,1.0,,62740.0,KXBTC15M-26JUN190245-45,2026-06-19T06:30:00+00:00,2026-06-19T06:45:00+00:00
2026-06-19T06:40:47.711981+00:00,BUY NO (DOWN),NO,-86.38,1.0,54.236,120613.0,-75076.0,0.95,1.0,,62752.99,KXBTC15M-26JUN190245-45,2026-06-19T06:30:00+00:00,2026-06-19T06:45:00+00:00
2026-06-19T06:40:54.150189+00:00,BUY NO (DOWN),NO,-86.39,1.0,55.931,140321.0,-50253.0,0.95,1.0,,62752.98,KXBTC15M-26JUN190245-45,2026-06-19T06:30:00+00:00,2026-06-19T06:45:00+00:00
2026-06-19T06:48:00.734494+00:00,BUY NO (DOWN),NO,-52.02,1.0,11.668,8871.0,33121.0,0.71,1.0,,62771.97,KXBTC15M-26JUN190300-00,2026-06-19T06:45:00+00:00,2026-06-19T07:00:00+00:00
2026-06-19T07:03:02.709787+00:00,BUY NO (DOWN),NO,-31.45,0.9996,6.718,-139776.0,-112592.0,0.6799999999999999,0.9996,,62862.62,KXBTC15M-26JUN190315-15,2026-06-19T07:00:00+00:00,2026-06-19T07:15:00+00:00
2026-06-19T07:10:36.717679+00:00,BUY NO (DOWN),NO,-69.26,1.0,38.071,-74074.0,-182033.0,0.949,1.0,,62824.82,KXBTC15M-26JUN190315-15,2026-06-19T07:00:00+00:00,2026-06-19T07:15:00+00:00
2026-06-19T07:11:21.671305+00:00,BUY NO (DOWN),NO,-42.84,1.0,26.566,82932.0,-60892.0,0.95,1.0,,62851.24,KXBTC15M-26JUN190315-15,2026-06-19T07:00:00+00:00,2026-06-19T07:15:00+00:00
2026-06-19T07:11:29.186804+00:00,BUY NO (DOWN),NO,-42.85,1.0,27.727,79469.0,-61362.0,0.949,1.0,,62851.23,KXBTC15M-26JUN190315-15,2026-06-19T07:00:00+00:00,2026-06-19T07:15:00+00:00
2026-06-19T07:11:41.529186+00:00,BUY NO (DOWN),NO,-42.85,1.0,30.007,39113.0,-57212.0,0.946,1.0,,62851.23,KXBTC15M-26JUN190315-15,2026-06-19T07:00:00+00:00,2026-06-19T07:15:00+00:00
2026-06-19T07:18:29.447855+00:00,BUY NO (DOWN),NO,-22.75,0.9443,3.185,-262538.0,-627708.0,0.76,0.9443,,62757.25,KXBTC15M-26JUN190330-30,2026-06-19T07:15:00+00:00,2026-06-19T07:30:00+00:00
2026-06-19T07:23:40.469766+00:00,BUY NO (DOWN),NO,-21.25,0.9996,6.705,-104417.0,-178613.0,0.88,0.9996,,62758.74,KXBTC15M-26JUN190330-30,2026-06-19T07:15:00+00:00,2026-06-19T07:30:00+00:00
2026-06-19T07:33:19.100102+00:00,BUY NO (DOWN),NO,-20.56,0.8854,2.404,208633.0,948346.0,0.51,0.8854,,62733.45,KXBTC15M-26JUN190345-45,2026-06-19T07:30:00+00:00,2026-06-19T07:45:00+00:00
2026-06-19T07:33:36.729893+00:00,BUY NO (DOWN),NO,-23.99,0.921,2.824,140061.0,1051945.0,0.56,0.921,,62730.01,KXBTC15M-26JUN190345-45,2026-06-19T07:30:00+00:00,2026-06-19T07:45:00+00:00
2026-06-19T07:48:47.445507+00:00,BUY NO (DOWN),NO,-21.97,0.8447,2.028,331413.0,2190840.0,0.51,0.8447,,62522.01,KXBTC15M-26JUN190400-00,2026-06-19T07:45:00+00:00,2026-06-19T08:00:00+00:00
2026-06-19T08:03:32.777837+00:00,BUY NO (DOWN),NO,-28.0,0.9984,5.901,-343173.0,474281.0,0.5800000000000001,0.9984,,62602.0,KXBTC15M-26JUN190415-15,2026-06-19T08:00:00+00:00,2026-06-19T08:15:00+00:00
2026-06-19T08:05:05.683969+00:00,BUY NO (DOWN),NO,-27.99,0.993,4.918,-119353.0,-47127.0,0.55,0.993,,62602.0,KXBTC15M-26JUN190415-15,2026-06-19T08:00:00+00:00,2026-06-19T08:15:00+00:00
2026-06-19T08:05:49.933978+00:00,BUY NO (DOWN),NO,-21.12,0.9834,4.26,153636.0,52796.0,0.55,0.9834,,62608.88,KXBTC15M-26JUN190415-15,2026-06-19T08:00:00+00:00,2026-06-19T08:15:00+00:00
2026-06-19T08:07:16.553357+00:00,BUY NO (DOWN),NO,-20.0,0.9866,4.427,48090.0,-48842.0,0.5700000000000001,0.9866,,62608.01,KXBTC15M-26JUN190415-15,2026-06-19T08:00:00+00:00,2026-06-19T08:15:00+00:00
2026-06-19T08:08:40.537393+00:00,BUY NO (DOWN),NO,-31.65,1.0,8.544,-206900.0,252225.0,0.56,1.0,,62596.01,KXBTC15M-26JUN190415-15,2026-06-19T08:00:00+00:00,2026-06-19T08:15:00+00:00
2026-06-19T08:09:46.246627+00:00,BUY NO (DOWN),NO,-26.0,1.0,8.815,-30263.0,1157.0,0.5900000000000001,1.0,,62597.55,KXBTC15M-26JUN190415-15,2026-06-19T08:00:00+00:00,2026-06-19T08:15:00+00:00
2026-06-19T08:18:00.197305+00:00,BUY NO (DOWN),NO,-43.5,0.9997,6.919,-23085.0,-75880.0,0.6599999999999999,0.9997,,62622.51,KXBTC15M-26JUN190430-30,2026-06-19T08:15:00+00:00,2026-06-19T08:30:00+00:00
2026-06-19T08:21:02.756169+00:00,BUY NO (DOWN),NO,-22.0,0.9911,4.739,-102875.0,-4405.0,0.54,0.9911,,62644.01,KXBTC15M-26JUN190430-30,2026-06-19T08:15:00+00:00,2026-06-19T08:30:00+00:00
2026-06-19T08:34:37.248258+00:00,BUY NO (DOWN),NO,-20.26,0.9542,3.374,158713.0,672683.0,0.54,0.9542,,62659.14,KXBTC15M-26JUN190445-45,2026-06-19T08:30:00+00:00,2026-06-19T08:45:00+00:00
2026-06-19T08:40:57.399688+00:00,BUY NO (DOWN),NO,-26.27,0.9996,6.769,-1242732.0,75832.0,0.51,0.9996,,62653.14,KXBTC15M-26JUN190445-45,2026-06-19T08:30:00+00:00,2026-06-19T08:45:00+00:00
2026-06-19T08:43:41.188315+00:00,BUY NO (DOWN),NO,-47.41,1.0,37.422,329264.0,-71953.0,0.922,1.0,,62631.99,KXBTC15M-26JUN190445-45,2026-06-19T08:30:00+00:00,2026-06-19T08:45:00+00:00
2026-06-19T08:44:04.987810+00:00,BUY NO (DOWN),NO,-27.4,1.0,30.475,266498.0,-222996.0,0.73,1.0,,62651.54,KXBTC15M-26JUN190445-45,2026-06-19T08:30:00+00:00,2026-06-19T08:45:00+00:00
2026-06-19T08:49:51.238204+00:00,BUY NO (DOWN),NO,-20.26,0.99,4.656,-204356.0,-169010.0,0.52,0.99,,62640.0,KXBTC15M-26JUN190500-00,2026-06-19T08:45:00+00:00,2026-06-19T09:00:00+00:00
2026-06-19T08:53:32.463845+00:00,BUY NO (DOWN),NO,-25.99,0.9999,7.547,-109661.0,-112113.0,0.56,0.9999,,62632.0,KXBTC15M-26JUN190500-00,2026-06-19T08:45:00+00:00,2026-06-19T09:00:00+00:00
2026-06-19T09:04:46.198664+00:00,BUY NO (DOWN),NO,-27.99,0.9893,4.603,-130153.0,664450.0,0.54,0.9893,,62578.01,KXBTC15M-26JUN190515-15,2026-06-19T09:00:00+00:00,2026-06-19T09:15:00+00:00
2026-06-19T09:21:04.104017+00:00,BUY NO (DOWN),NO,-22.01,0.9898,4.641,-192414.0,-351351.0,0.54,0.9898,,62410.42,KXBTC15M-26JUN190530-30,2026-06-19T09:15:00+00:00,2026-06-19T09:30:00+00:00
2026-06-19T09:26:56.290680+00:00,BUY NO (DOWN),NO,-20.54,1.0,8.862,-150338.0,-295955.0,0.52,1.0,,62410.01,KXBTC15M-26JUN190530-30,2026-06-19T09:15:00+00:00,2026-06-19T09:30:00+00:00
2026-06-19T09:48:53.023000+00:00,BUY NO (DOWN),NO,-22.28,0.9399,3.109,141202.0,874101.0,0.6699999999999999,0.9399,,62385.93,KXBTC15M-26JUN190600-00,2026-06-19T09:45:00+00:00,2026-06-19T10:00:00+00:00
2026-06-19T09:51:12.524711+00:00,BUY NO (DOWN),NO,-32.17,0.9875,4.481,831573.0,1883205.0,0.69,0.9875,,62380.0,KXBTC15M-26JUN190600-00,2026-06-19T09:45:00+00:00,2026-06-19T10:00:00+00:00
2026-06-19T09:56:47.119020+00:00,BUY NO (DOWN),NO,-20.28,1.0,11.996,-308031.0,94055.0,0.89,1.0,,62398.01,KXBTC15M-26JUN190600-00,2026-06-19T09:45:00+00:00,2026-06-19T10:00:00+00:00
2026-06-19T09:57:21.161815+00:00,BUY NO (DOWN),NO,-28.29,1.0,20.207,103456.0,-453072.0,0.9,1.0,,62390.0,KXBTC15M-26JUN190600-00,2026-06-19T09:45:00+00:00,2026-06-19T10:00:00+00:00
2026-06-19T09:58:11.208649+00:00,BUY NO (DOWN),NO,-20.87,1.0,21.266,-62888.0,-425283.0,0.901,1.0,,62397.42,KXBTC15M-26JUN190600-00,2026-06-19T09:45:00+00:00,2026-06-19T10:00:00+00:00
2026-06-19T10:18:00.530480+00:00,BUY NO (DOWN),NO,-114.0,1.0,12.483,-236164.0,-1917206.0,0.8200000000000001,1.0,,62435.99,KXBTC15M-26JUN190630-30,2026-06-19T10:15:00+00:00,2026-06-19T10:30:00+00:00
2026-06-19T10:25:09.318624+00:00,BUY NO (DOWN),NO,-108.0,1.0,33.564,-1147728.0,-1498759.0,0.9339999999999999,1.0,,62441.99,KXBTC15M-26JUN190630-30,2026-06-19T10:15:00+00:00,2026-06-19T10:30:00+00:00
2026-06-19T10:26:00.113708+00:00,BUY NO (DOWN),NO,-91.23,1.0,32.763,485942.0,-1100546.0,0.938,1.0,,62458.76,KXBTC15M-26JUN190630-30,2026-06-19T10:15:00+00:00,2026-06-19T10:30:00+00:00
2026-06-19T10:27:32.438517+00:00,BUY NO (DOWN),NO,-23.84,1.0,11.731,187523.0,-65951.0,0.6799999999999999,1.0,,62522.22,KXBTC15M-26JUN190630-30,2026-06-19T10:15:00+00:00,2026-06-19T10:30:00+00:00
2026-06-19T10:33:00.420583+00:00,BUY NO (DOWN),NO,-52.07,0.9991,6.215,-97277.0,-395696.0,0.71,0.9991,,62455.0,KXBTC15M-26JUN190645-45,2026-06-19T10:30:00+00:00,2026-06-19T10:45:00+00:00
2026-06-19T10:35:34.009368+00:00,BUY NO (DOWN),NO,-24.0,0.948,3.251,12813.0,-244674.0,0.6599999999999999,0.948,,62478.0,KXBTC15M-26JUN190645-45,2026-06-19T10:30:00+00:00,2026-06-19T10:45:00+00:00
2026-06-19T10:35:56.982819+00:00,BUY NO (DOWN),NO,-20.0,0.9468,3.228,3189.0,-144943.0,0.63,0.9468,,62476.0,KXBTC15M-26JUN190645-45,2026-06-19T10:30:00+00:00,2026-06-19T10:45:00+00:00
2026-06-19T10:41:55.789012+00:00,BUY NO (DOWN),NO,-72.02,1.0,30.621,-163993.0,-1395354.0,0.95,1.0,,62430.0,KXBTC15M-26JUN190645-45,2026-06-19T10:30:00+00:00,2026-06-19T10:45:00+00:00
2026-06-19T11:06:14.432165+00:00,BUY NO (DOWN),NO,-21.24,0.9814,4.168,-326118.0,-511995.0,0.5800000000000001,0.9814,,62512.0,KXBTC15M-26JUN190715-15,2026-06-19T11:00:00+00:00,2026-06-19T11:15:00+00:00
2026-06-19T11:07:43.215350+00:00,BUY NO (DOWN),NO,-53.23,1.0,8.469,-794316.0,-1196968.0,0.52,1.0,,62467.17,KXBTC15M-26JUN190715-15,2026-06-19T11:00:00+00:00,2026-06-19T11:15:00+00:00
2026-06-19T11:12:52.109500+00:00,BUY NO (DOWN),NO,-22.94,1.0,14.834,349731.0,1220777.0,0.83,1.0,,62510.31,KXBTC15M-26JUN190715-15,2026-06-19T11:00:00+00:00,2026-06-19T11:15:00+00:00
2026-06-19T11:18:00.718626+00:00,BUY NO (DOWN),NO,-37.99,0.976,3.955,-166302.0,-3782777.0,0.53,0.976,,62464.01,KXBTC15M-26JUN190730-30,2026-06-19T11:15:00+00:00,2026-06-19T11:30:00+00:00
2026-06-19T11:33:55.385668+00:00,BUY NO (DOWN),NO,-20.0,0.9782,4.035,-213319.0,-68232.0,0.64,0.9782,,62626.0,KXBTC15M-26JUN190745-45,2026-06-19T11:30:00+00:00,2026-06-19T11:45:00+00:00
2026-06-19T11:35:14.734204+00:00,BUY NO (DOWN),NO,-20.06,0.994,5.024,256514.0,-102441.0,0.65,0.994,,62625.86,KXBTC15M-26JUN190745-45,2026-06-19T11:30:00+00:00,2026-06-19T11:45:00+00:00
2026-06-19T11:40:13.388951+00:00,BUY NO (DOWN),NO,-29.11,0.9999,7.761,-2411266.0,-2332426.0,0.73,0.9999,,62622.02,KXBTC15M-26JUN190745-45,2026-06-19T11:30:00+00:00,2026-06-19T11:45:00+00:00
2026-06-19T11:40:16.335188+00:00,BUY NO (DOWN),NO,-24.0,0.9993,6.362,-3141826.0,-3039258.0,0.73,0.9993,,62615.76,KXBTC15M-26JUN190745-45,2026-06-19T11:30:00+00:00,2026-06-19T11:45:00+00:00
2026-06-19T11:40:24.798221+00:00,BUY NO (DOWN),NO,-21.78,0.9979,5.732,-3914851.0,-4015115.0,0.75,0.9979,,62624.23,KXBTC15M-26JUN190745-45,2026-06-19T11:30:00+00:00,2026-06-19T11:45:00+00:00
2026-06-19T11:41:03.968758+00:00,BUY NO (DOWN),NO,-20.96,0.9992,6.291,-4996181.0,-4003226.0,0.7,0.9992,,62625.04,KXBTC15M-26JUN190745-45,2026-06-19T11:30:00+00:00,2026-06-19T11:45:00+00:00
2026-06-19T11:41:25.334474+00:00,BUY NO (DOWN),NO,-20.0,0.9995,6.567,8917.0,-4012853.0,0.78,0.9995,,62626.01,KXBTC15M-26JUN190745-45,2026-06-19T11:30:00+00:00,2026-06-19T11:45:00+00:00
2026-06-19T11:41:30.693965+00:00,BUY NO (DOWN),NO,-20.0,0.9996,6.691,10689.0,-4015842.0,0.79,0.9996,,62626.01,KXBTC15M-26JUN190745-45,2026-06-19T11:30:00+00:00,2026-06-19T11:45:00+00:00
2026-06-19T11:41:44.830420+00:00,BUY NO (DOWN),NO,-20.0,0.9998,7.198,-1041.0,-4014195.0,0.8,0.9998,,62626.0,KXBTC15M-26JUN190745-45,2026-06-19T11:30:00+00:00,2026-06-19T11:45:00+00:00
2026-06-19T11:41:52.084372+00:00,BUY NO (DOWN),NO,-20.0,0.9999,7.442,-11532.0,-3935544.0,0.8,0.9999,,62626.0,KXBTC15M-26JUN190745-45,2026-06-19T11:30:00+00:00,2026-06-19T11:45:00+00:00
2026-06-19T11:51:59.774843+00:00,BUY NO (DOWN),NO,-29.57,1.0,9.91,5067.0,494021.0,0.7,1.0,,62630.43,KXBTC15M-26JUN190800-00,2026-06-19T11:45:00+00:00,2026-06-19T12:00:00+00:00
2026-06-19T11:55:17.789628+00:00,BUY NO (DOWN),NO,-23.13,0.9995,6.622,-911844.0,-2008585.0,0.5900000000000001,0.9995,,62637.01,KXBTC15M-26JUN190800-00,2026-06-19T11:45:00+00:00,2026-06-19T12:00:00+00:00
2026-06-19T11:57:24.622847+00:00,BUY NO (DOWN),NO,-45.1,1.0,24.011,-9395.0,-8466069.0,0.949,1.0,,62614.9,KXBTC15M-26JUN190800-00,2026-06-19T11:45:00+00:00,2026-06-19T12:00:00+00:00
2026-06-19T11:57:32.368751+00:00,BUY NO (DOWN),NO,-45.11,1.0,25.426,-9986.0,-8451030.0,0.95,1.0,,62622.82,KXBTC15M-26JUN190800-00,2026-06-19T11:45:00+00:00,2026-06-19T12:00:00+00:00
2026-06-19T11:58:08.603045+00:00,BUY NO (DOWN),NO,-34.01,1.0,24.996,117659.0,-8077366.0,0.947,1.0,,62626.0,KXBTC15M-26JUN190800-00,2026-06-19T11:45:00+00:00,2026-06-19T12:00:00+00:00
2026-06-19T11:58:16.450982+00:00,BUY NO (DOWN),NO,-34.01,1.0,27.04,120609.0,-7847377.0,0.947,1.0,,62625.99,KXBTC15M-26JUN190800-00,2026-06-19T11:45:00+00:00,2026-06-19T12:00:00+00:00
2026-06-19T11:58:25.276301+00:00,BUY NO (DOWN),NO,-34.01,1.0,29.668,122911.0,-7295219.0,0.949,1.0,,62625.99,KXBTC15M-26JUN190800-00,2026-06-19T11:45:00+00:00,2026-06-19T12:00:00+00:00
2026-06-19T12:06:43.305777+00:00,BUY NO (DOWN),NO,-22.43,0.9985,5.949,132851.0,421077.0,0.62,0.9985,,62616.01,KXBTC15M-26JUN190815-15,2026-06-19T12:00:00+00:00,2026-06-19T12:15:00+00:00
2026-06-19T12:18:00.578219+00:00,BUY NO (DOWN),NO,-110.24,1.0,15.128,-103399.0,-997656.0,0.908,1.0,,62500.01,KXBTC15M-26JUN190830-30,2026-06-19T12:15:00+00:00,2026-06-19T12:30:00+00:00
2026-06-19T12:33:00.109795+00:00,BUY NO (DOWN),NO,-42.76,0.9999,7.549,-96180.0,-187614.0,0.79,0.9999,,62505.24,KXBTC15M-26JUN190845-45,2026-06-19T12:30:00+00:00,2026-06-19T12:45:00+00:00
2026-06-19T12:37:43.392391+00:00,BUY NO (DOWN),NO,-118.02,1.0,11.556,-738934.0,-509756.0,0.942,1.0,,62429.99,KXBTC15M-26JUN190845-45,2026-06-19T12:30:00+00:00,2026-06-19T12:45:00+00:00
2026-06-19T12:37:52.020082+00:00,BUY NO (DOWN),NO,-96.58,1.0,8.426,291235.0,604591.0,0.906,1.0,,62446.01,KXBTC15M-26JUN190845-45,2026-06-19T12:30:00+00:00,2026-06-19T12:45:00+00:00
2026-06-19T12:48:01.032915+00:00,BUY NO (DOWN),NO,-129.93,1.0,13.678,-213325.0,-1413206.0,0.9,1.0,,62378.04,KXBTC15M-26JUN190900-00,2026-06-19T12:45:00+00:00,2026-06-19T13:00:00+00:00
2026-06-19T13:03:01.228228+00:00,BUY NO (DOWN),NO,-69.29,0.9899,4.648,-228423.0,2435156.0,0.6,0.9899,,62772.0,KXBTC15M-26JUN190915-15,2026-06-19T13:00:00+00:00,2026-06-19T13:15:00+00:00
2026-06-19T13:11:27.731683+00:00,BUY NO (DOWN),NO,-20.99,0.9998,7.094,-489703.0,-972309.0,0.61,0.9998,,62818.01,KXBTC15M-26JUN190915-15,2026-06-19T13:00:00+00:00,2026-06-19T13:15:00+00:00
2026-06-19T13:11:54.681225+00:00,BUY NO (DOWN),NO,-20.99,1.0,9.199,-905144.0,-1048105.0,0.65,1.0,,62818.0,KXBTC15M-26JUN190915-15,2026-06-19T13:00:00+00:00,2026-06-19T13:15:00+00:00
2026-06-19T13:12:46.088003+00:00,BUY NO (DOWN),NO,-23.01,1.0,14.905,-173236.0,-1264052.0,0.6,1.0,,62816.0,KXBTC15M-26JUN190915-15,2026-06-19T13:00:00+00:00,2026-06-19T13:15:00+00:00
2026-06-19T13:13:29.397734+00:00,BUY NO (DOWN),NO,-20.99,1.0,20.309,-8645.0,-1328985.0,0.72,1.0,,62818.0,KXBTC15M-26JUN190915-15,2026-06-19T13:00:00+00:00,2026-06-19T13:15:00+00:00
2026-06-19T13:18:00.030367+00:00,BUY NO (DOWN),NO,-67.81,1.0,9.432,-265812.0,-104468.0,0.75,1.0,,62720.2,KXBTC15M-26JUN190930-30,2026-06-19T13:15:00+00:00,2026-06-19T13:30:00+00:00
2026-06-19T13:25:53.030995+00:00,BUY NO (DOWN),NO,-30.0,1.0,11.23,-169104.0,-250529.0,0.8,1.0,,62758.0,KXBTC15M-26JUN190930-30,2026-06-19T13:15:00+00:00,2026-06-19T13:30:00+00:00
2026-06-19T13:28:17.701693+00:00,BUY NO (DOWN),NO,-20.0,1.0,22.048,56255.0,-204968.0,0.72,1.0,,62766.01,KXBTC15M-26JUN190930-30,2026-06-19T13:15:00+00:00,2026-06-19T13:30:00+00:00
2026-06-19T13:33:08.058692+00:00,BUY NO (DOWN),NO,-25.47,0.9145,2.738,-178081.0,481850.0,0.55,0.9145,,62764.01,KXBTC15M-26JUN190945-45,2026-06-19T13:30:00+00:00,2026-06-19T13:45:00+00:00
2026-06-19T14:06:10.919376+00:00,BUY NO (DOWN),NO,-27.37,0.9751,3.924,-680199.0,-846794.0,0.62,0.9751,,63182.64,KXBTC15M-26JUN191015-15,2026-06-19T14:00:00+00:00,2026-06-19T14:15:00+00:00
2026-06-19T14:19:10.980742+00:00,BUY NO (DOWN),NO,-23.61,0.9405,3.118,-204620.0,212125.0,0.56,0.9405,,63066.38,KXBTC15M-26JUN191030-30,2026-06-19T14:15:00+00:00,2026-06-19T14:30:00+00:00
2026-06-19T14:19:16.391491+00:00,BUY NO (DOWN),NO,-22.16,0.9299,2.95,-187061.0,229462.0,0.56,0.9299,,63066.84,KXBTC15M-26JUN191030-30,2026-06-19T14:15:00+00:00,2026-06-19T14:30:00+00:00
2026-06-19T14:19:55.906769+00:00,BUY NO (DOWN),NO,-23.62,0.9498,3.286,-121496.0,219537.0,0.56,0.9498,,63066.38,KXBTC15M-26JUN191030-30,2026-06-19T14:15:00+00:00,2026-06-19T14:30:00+00:00
2026-06-19T14:20:43.282713+00:00,BUY NO (DOWN),NO,-23.99,0.9796,4.09,-351298.0,-169995.0,0.52,0.9796,,63066.01,KXBTC15M-26JUN191030-30,2026-06-19T14:15:00+00:00,2026-06-19T14:30:00+00:00
2026-06-19T14:33:01.125186+00:00,BUY NO (DOWN),NO,-78.36,1.0,7.962,-716465.0,-977794.0,0.75,1.0,,63201.99,KXBTC15M-26JUN191045-45,2026-06-19T14:30:00+00:00,2026-06-19T14:45:00+00:00
2026-06-19T14:35:22.311106+00:00,BUY NO (DOWN),NO,-20.67,0.9165,2.764,-206727.0,-1160290.0,0.56,0.9165,,63259.67,KXBTC15M-26JUN191045-45,2026-06-19T14:30:00+00:00,2026-06-19T14:45:00+00:00
2026-06-19T14:49:34.748734+00:00,BUY NO (DOWN),NO,-20.84,0.8583,2.145,553009.0,-2089508.0,0.5900000000000001,0.8583,,63295.75,KXBTC15M-26JUN191100-00,2026-06-19T14:45:00+00:00,2026-06-19T15:00:00+00:00
2026-06-19T14:49:53.157179+00:00,BUY NO (DOWN),NO,-20.84,0.8652,2.208,545885.0,-2051026.0,0.61,0.8652,,63295.76,KXBTC15M-26JUN191100-00,2026-06-19T14:45:00+00:00,2026-06-19T15:00:00+00:00
2026-06-19T14:50:50.325980+00:00,BUY NO (DOWN),NO,-20.59,0.8834,2.384,-97502.0,-1727638.0,0.61,0.8834,,63290.35,KXBTC15M-26JUN191100-00,2026-06-19T14:45:00+00:00,2026-06-19T15:00:00+00:00
2026-06-19T14:51:36.834770+00:00,BUY NO (DOWN),NO,-25.71,0.9529,3.347,-117493.0,-1630705.0,0.62,0.9529,,63290.88,KXBTC15M-26JUN191100-00,2026-06-19T14:45:00+00:00,2026-06-19T15:00:00+00:00
2026-06-19T14:56:05.746595+00:00,BUY NO (DOWN),NO,-78.75,1.0,29.682,-495418.0,-1387956.0,0.938,1.0,,63237.85,KXBTC15M-26JUN191100-00,2026-06-19T14:45:00+00:00,2026-06-19T15:00:00+00:00
2026-06-19T15:03:00.667784+00:00,BUY NO (DOWN),NO,-24.96,0.9421,3.145,-259101.0,-827285.0,0.6,0.9421,,63178.58,KXBTC15M-26JUN191115-15,2026-06-19T15:00:00+00:00,2026-06-19T15:15:00+00:00
2026-06-19T15:09:21.621095+00:00,BUY NO (DOWN),NO,-25.53,0.9904,4.686,-115640.0,-464041.0,0.5700000000000001,0.9904,,63176.01,KXBTC15M-26JUN191115-15,2026-06-19T15:00:00+00:00,2026-06-19T15:15:00+00:00
2026-06-19T15:11:22.975529+00:00,BUY NO (DOWN),NO,-20.71,0.9972,5.549,-57483.0,-296332.0,0.75,0.9972,,63182.83,KXBTC15M-26JUN191115-15,2026-06-19T15:00:00+00:00,2026-06-19T15:15:00+00:00
2026-06-19T15:12:46.123133+00:00,BUY NO (DOWN),NO,-48.6,1.0,31.073,-111905.0,-414127.0,0.948,1.0,,63154.94,KXBTC15M-26JUN191115-15,2026-06-19T15:00:00+00:00,2026-06-19T15:15:00+00:00
2026-06-19T15:18:00.595310+00:00,BUY NO (DOWN),NO,-53.54,0.9998,7.225,-87084.0,-476230.0,0.64,0.9998,,63136.46,KXBTC15M-26JUN191130-30,2026-06-19T15:15:00+00:00,2026-06-19T15:30:00+00:00
2026-06-19T15:23:24.176541+00:00,BUY NO (DOWN),NO,-156.01,1.0,24.154,-312181.0,-2313886.0,0.949,1.0,,63028.37,KXBTC15M-26JUN191130-30,2026-06-19T15:15:00+00:00,2026-06-19T15:30:00+00:00
2026-06-19T15:23:59.290277+00:00,BUY NO (DOWN),NO,-140.16,1.0,23.509,26582.0,-2121816.0,0.944,1.0,,63046.0,KXBTC15M-26JUN191130-30,2026-06-19T15:15:00+00:00,2026-06-19T15:30:00+00:00
2026-06-19T15:48:43.919862+00:00,BUY NO (DOWN),NO,-23.93,0.9276,2.916,-783694.0,-623482.0,0.62,0.9276,,63234.07,KXBTC15M-26JUN191200-00,2026-06-19T15:45:00+00:00,2026-06-19T16:00:00+00:00
2026-06-19T15:51:35.821741+00:00,BUY NO (DOWN),NO,-28.0,0.9929,4.909,47698.0,-691045.0,0.6699999999999999,0.9929,,63230.0,KXBTC15M-26JUN191200-00,2026-06-19T15:45:00+00:00,2026-06-19T16:00:00+00:00
2026-06-19T15:53:19.490264+00:00,BUY NO (DOWN),NO,-29.98,0.9993,6.407,-357752.0,-1274570.0,0.6799999999999999,0.9993,,63228.02,KXBTC15M-26JUN191200-00,2026-06-19T15:45:00+00:00,2026-06-19T16:00:00+00:00
2026-06-19T15:54:40.410538+00:00,BUY NO (DOWN),NO,-31.95,1.0,9.133,441982.0,55183.0,0.75,1.0,,63226.04,KXBTC15M-26JUN191200-00,2026-06-19T15:45:00+00:00,2026-06-19T16:00:00+00:00
2026-06-19T15:55:32.187260+00:00,BUY NO (DOWN),NO,-21.27,0.9999,7.256,-29574.0,69530.0,0.77,0.9999,,63240.0,KXBTC15M-26JUN191200-00,2026-06-19T15:45:00+00:00,2026-06-19T16:00:00+00:00
2026-06-19T15:55:35.076145+00:00,BUY NO (DOWN),NO,-22.61,1.0,7.783,-40123.0,43801.0,0.74,1.0,,63232.52,KXBTC15M-26JUN191200-00,2026-06-19T15:45:00+00:00,2026-06-19T16:00:00+00:00
2026-06-19T15:57:09.883757+00:00,BUY NO (DOWN),NO,-30.0,1.0,13.694,-333929.0,-54315.0,0.79,1.0,,63222.87,KXBTC15M-26JUN191200-00,2026-06-19T15:45:00+00:00,2026-06-19T16:00:00+00:00
2026-06-19T15:57:34.831010+00:00,BUY NO (DOWN),NO,-37.98,1.0,19.999,-31163.0,-8279.0,0.931,1.0,,63220.02,KXBTC15M-26JUN191200-00,2026-06-19T15:45:00+00:00,2026-06-19T16:00:00+00:00
2026-06-19T15:57:50.859259+00:00,BUY NO (DOWN),NO,-37.98,1.0,22.716,-62988.0,15665.0,0.949,1.0,,63220.03,KXBTC15M-26JUN191200-00,2026-06-19T15:45:00+00:00,2026-06-19T16:00:00+00:00
2026-06-19T16:03:11.188497+00:00,BUY NO (DOWN),NO,-21.37,0.9515,3.319,-287812.0,-923386.0,0.55,0.9515,,63188.01,KXBTC15M-26JUN191215-15,2026-06-19T16:00:00+00:00,2026-06-19T16:15:00+00:00
2026-06-19T16:06:12.018713+00:00,BUY NO (DOWN),NO,-22.83,0.9751,3.922,-545916.0,-1181891.0,0.62,0.9751,,63188.0,KXBTC15M-26JUN191215-15,2026-06-19T16:00:00+00:00,2026-06-19T16:15:00+00:00
2026-06-19T16:06:33.937855+00:00,BUY NO (DOWN),NO,-22.84,0.9798,4.101,-88400.0,-850540.0,0.6599999999999999,0.9798,,63186.01,KXBTC15M-26JUN191215-15,2026-06-19T16:00:00+00:00,2026-06-19T16:15:00+00:00
2026-06-19T16:07:23.709656+00:00,BUY NO (DOWN),NO,-22.83,0.9818,4.184,-141300.0,-892752.0,0.64,0.9818,,63186.0,KXBTC15M-26JUN191215-15,2026-06-19T16:00:00+00:00,2026-06-19T16:15:00+00:00
2026-06-19T16:09:27.861808+00:00,BUY NO (DOWN),NO,-103.29,1.0,29.126,-380440.0,-1414006.0,0.946,1.0,,63099.99,KXBTC15M-26JUN191215-15,2026-06-19T16:00:00+00:00,2026-06-19T16:15:00+00:00
2026-06-19T16:18:00.583455+00:00,BUY NO (DOWN),NO,-54.7,0.9713,3.799,-906430.0,3840.0,0.6,0.9713,,63332.63,KXBTC15M-26JUN191230-30,2026-06-19T16:15:00+00:00,2026-06-19T16:30:00+00:00
2026-06-19T16:28:14.192699+00:00,BUY NO (DOWN),NO,-21.58,1.0,22.524,372191.0,-96192.0,0.61,1.0,,63365.75,KXBTC15M-26JUN191230-30,2026-06-19T16:15:00+00:00,2026-06-19T16:30:00+00:00
2026-06-19T16:33:30.333489+00:00,BUY NO (DOWN),NO,-26.76,0.8265,1.88,-600425.0,-2146256.0,0.6599999999999999,0.8265,,63270.01,KXBTC15M-26JUN191245-45,2026-06-19T16:30:00+00:00,2026-06-19T16:45:00+00:00
2026-06-19T16:34:36.438680+00:00,BUY NO (DOWN),NO,-20.0,0.7731,1.498,25750.0,-1975303.0,0.62,0.7731,,63288.01,KXBTC15M-26JUN191245-45,2026-06-19T16:30:00+00:00,2026-06-19T16:45:00+00:00
2026-06-19T16:35:09.567967+00:00,BUY NO (DOWN),NO,-28.81,0.8701,2.254,11546.0,-1142861.0,0.69,0.8701,,63278.0,KXBTC15M-26JUN191245-45,2026-06-19T16:30:00+00:00,2026-06-19T16:45:00+00:00
2026-06-19T16:36:06.394698+00:00,BUY NO (DOWN),NO,-22.38,0.8576,2.139,23457.0,4129476.0,0.6599999999999999,0.8576,,63285.63,KXBTC15M-26JUN191245-45,2026-06-19T16:30:00+00:00,2026-06-19T16:45:00+00:00
2026-06-19T16:40:30.349312+00:00,BUY NO (DOWN),NO,-20.01,1.0,9.74,-102928.0,-612381.0,0.78,1.0,,63282.0,KXBTC15M-26JUN191245-45,2026-06-19T16:30:00+00:00,2026-06-19T16:45:00+00:00
2026-06-19T16:42:33.523669+00:00,BUY NO (DOWN),NO,-37.35,1.0,33.531,-142129.0,-680635.0,0.945,1.0,,63270.66,KXBTC15M-26JUN191245-45,2026-06-19T16:30:00+00:00,2026-06-19T16:45:00+00:00
2026-06-19T16:43:12.538752+00:00,BUY NO (DOWN),NO,-28.02,1.0,32.851,-130917.0,-647026.0,0.931,1.0,,63280.0,KXBTC15M-26JUN191245-45,2026-06-19T16:30:00+00:00,2026-06-19T16:45:00+00:00
2026-06-19T16:48:00.285814+00:00,BUY NO (DOWN),NO,-39.99,0.999,6.2,-174720.0,-1118336.0,0.71,0.999,,63203.21,KXBTC15M-26JUN191300-00,2026-06-19T16:45:00+00:00,2026-06-19T17:00:00+00:00
2026-06-19T16:52:52.696298+00:00,BUY NO (DOWN),NO,-126.27,1.0,28.0,-565859.0,-2160115.0,0.947,1.0,,63117.73,KXBTC15M-26JUN191300-00,2026-06-19T16:45:00+00:00,2026-06-19T17:00:00+00:00
2026-06-19T17:03:30.389068+00:00,BUY NO (DOWN),NO,-20.55,0.8759,2.309,-770183.0,-1617387.0,0.54,0.8759,,62961.0,KXBTC15M-26JUN191315-15,2026-06-19T17:00:00+00:00,2026-06-19T17:15:00+00:00
2026-06-19T17:10:02.683825+00:00,BUY NO (DOWN),NO,-21.95,0.9951,5.161,-53543.0,246772.0,0.5900000000000001,0.9951,,62956.0,KXBTC15M-26JUN191315-15,2026-06-19T17:00:00+00:00,2026-06-19T17:15:00+00:00
2026-06-19T17:13:29.356505+00:00,BUY NO (DOWN),NO,-23.5,1.0,26.192,-60613.0,264319.0,0.74,1.0,,62960.76,KXBTC15M-26JUN191315-15,2026-06-19T17:00:00+00:00,2026-06-19T17:15:00+00:00
2026-06-19T17:24:09.654666+00:00,BUY NO (DOWN),NO,-22.92,0.9972,5.537,-360416.0,-27546.0,0.52,0.9972,,62972.46,KXBTC15M-26JUN191330-30,2026-06-19T17:15:00+00:00,2026-06-19T17:30:00+00:00
2026-06-19T17:24:50.900079+00:00,BUY NO (DOWN),NO,-20.65,0.9978,5.703,-424165.0,-291020.0,0.52,0.9978,,62981.35,KXBTC15M-26JUN191330-30,2026-06-19T17:15:00+00:00,2026-06-19T17:30:00+00:00
2026-06-19T18:03:01.129216+00:00,BUY NO (DOWN),NO,-46.04,0.9991,6.22,-179097.0,40628.0,0.71,0.9991,,63151.97,KXBTC15M-26JUN191415-15,2026-06-19T18:00:00+00:00,2026-06-19T18:15:00+00:00
2026-06-19T18:09:19.250090+00:00,BUY NO (DOWN),NO,-82.01,1.0,33.912,-131524.0,-181592.0,0.946,1.0,,63116.0,KXBTC15M-26JUN191415-15,2026-06-19T18:00:00+00:00,2026-06-19T18:15:00+00:00
2026-06-19T18:18:00.383925+00:00,BUY NO (DOWN),NO,-36.71,1.0,8.52,-91125.0,14957.0,0.6699999999999999,1.0,,63123.29,KXBTC15M-26JUN191430-30,2026-06-19T18:15:00+00:00,2026-06-19T18:30:00+00:00
2026-06-19T18:19:45.344272+00:00,BUY NO (DOWN),NO,-27.67,0.9944,5.076,-63414.0,-24226.0,0.61,0.9944,,63132.33,KXBTC15M-26JUN191430-30,2026-06-19T18:15:00+00:00,2026-06-19T18:30:00+00:00
2026-06-19T18:20:11.690048+00:00,BUY NO (DOWN),NO,-23.99,0.9872,4.462,-39166.0,18635.0,0.5800000000000001,0.9872,,63134.0,KXBTC15M-26JUN191430-30,2026-06-19T18:15:00+00:00,2026-06-19T18:30:00+00:00
2026-06-19T18:24:18.098105+00:00,BUY NO (DOWN),NO,-24.0,1.0,10.008,-89955.0,-611022.0,0.74,1.0,,63135.99,KXBTC15M-26JUN191430-30,2026-06-19T18:15:00+00:00,2026-06-19T18:30:00+00:00
2026-06-19T18:26:53.322790+00:00,BUY NO (DOWN),NO,-20.0,1.0,20.126,-94754.0,-576074.0,0.75,1.0,,63140.0,KXBTC15M-26JUN191430-30,2026-06-19T18:15:00+00:00,2026-06-19T18:30:00+00:00
2026-06-19T18:26:58.087981+00:00,BUY NO (DOWN),NO,-20.0,1.0,20.639,-94196.0,-572085.0,0.78,1.0,,63140.0,KXBTC15M-26JUN191430-30,2026-06-19T18:15:00+00:00,2026-06-19T18:30:00+00:00
2026-06-19T18:27:02.320649+00:00,BUY NO (DOWN),NO,-20.0,1.0,21.167,-69017.0,-577286.0,0.78,1.0,,63140.0,KXBTC15M-26JUN191430-30,2026-06-19T18:15:00+00:00,2026-06-19T18:30:00+00:00
2026-06-19T18:27:08.988310+00:00,BUY NO (DOWN),NO,-20.0,1.0,21.944,-64798.0,-573839.0,0.8,1.0,,63140.01,KXBTC15M-26JUN191430-30,2026-06-19T18:15:00+00:00,2026-06-19T18:30:00+00:00
2026-06-19T18:37:13.841432+00:00,BUY NO (DOWN),NO,-25.91,0.9994,6.458,-226366.0,-315970.0,0.7,0.9994,,63098.09,KXBTC15M-26JUN191445-45,2026-06-19T18:30:00+00:00,2026-06-19T18:45:00+00:00
2026-06-19T18:40:49.588013+00:00,BUY NO (DOWN),NO,-92.48,1.0,32.269,-36614.0,-1353667.0,0.949,1.0,,63031.52,KXBTC15M-26JUN191445-45,2026-06-19T18:30:00+00:00,2026-06-19T18:45:00+00:00
2026-06-19T18:53:10.835262+00:00,BUY NO (DOWN),NO,-23.98,1.0,8.086,-224036.0,-500004.0,0.51,1.0,,63020.25,KXBTC15M-26JUN191500-00,2026-06-19T18:45:00+00:00,2026-06-19T19:00:00+00:00
2026-06-19T19:03:01.300826+00:00,BUY NO (DOWN),NO,-39.2,0.9755,3.936,-838964.0,-886206.0,0.75,0.9755,,63062.81,KXBTC15M-26JUN191515-15,2026-06-19T19:00:00+00:00,2026-06-19T19:15:00+00:00
2026-06-19T19:05:34.397486+00:00,BUY NO (DOWN),NO,-22.0,0.9666,3.666,-141791.0,-2086117.0,0.61,0.9666,,63076.64,KXBTC15M-26JUN191515-15,2026-06-19T19:00:00+00:00,2026-06-19T19:15:00+00:00
2026-06-19T19:18:08.680194+00:00,BUY NO (DOWN),NO,-22.51,0.9992,6.331,-130839.0,-561369.0,0.56,0.9992,,63034.09,KXBTC15M-26JUN191530-30,2026-06-19T19:15:00+00:00,2026-06-19T19:30:00+00:00
2026-06-19T19:18:52.289759+00:00,BUY NO (DOWN),NO,-22.44,0.9974,5.582,-160732.0,-658978.0,0.5800000000000001,0.9974,,63034.14,KXBTC15M-26JUN191530-30,2026-06-19T19:15:00+00:00,2026-06-19T19:30:00+00:00
2026-06-19T19:26:25.431480+00:00,BUY NO (DOWN),NO,-48.59,1.0,42.363,-120039.0,-366221.0,0.95,1.0,,63008.0,KXBTC15M-26JUN191530-30,2026-06-19T19:15:00+00:00,2026-06-19T19:30:00+00:00
2026-06-19T19:33:42.629090+00:00,BUY NO (DOWN),NO,-20.45,0.9982,5.835,-121954.0,-1456.0,0.61,0.9982,,62974.01,KXBTC15M-26JUN191545-45,2026-06-19T19:30:00+00:00,2026-06-19T19:45:00+00:00
2026-06-19T19:35:49.876621+00:00,BUY NO (DOWN),NO,-20.44,0.9999,7.461,-55092.0,-91488.0,0.62,0.9999,,62978.0,KXBTC15M-26JUN191545-45,2026-06-19T19:30:00+00:00,2026-06-19T19:45:00+00:00
2026-06-19T19:38:11.491320+00:00,BUY NO (DOWN),NO,-20.45,1.0,10.555,-45120.0,-31322.0,0.6799999999999999,1.0,,62978.01,KXBTC15M-26JUN191545-45,2026-06-19T19:30:00+00:00,2026-06-19T19:45:00+00:00
2026-06-19T19:39:35.916634+00:00,BUY NO (DOWN),NO,-20.13,1.0,8.422,-243872.0,-272477.0,0.63,1.0,,62978.32,KXBTC15M-26JUN191545-45,2026-06-19T19:30:00+00:00,2026-06-19T19:45:00+00:00
2026-06-19T20:18:00.312470+00:00,BUY NO (DOWN),NO,-27.44,0.9999,7.712,-610866.0,-948675.0,0.6699999999999999,0.9999,,63044.54,KXBTC15M-26JUN191630-30,2026-06-19T20:15:00+00:00,2026-06-19T20:30:00+00:00
2026-06-19T20:21:21.496957+00:00,BUY NO (DOWN),NO,-91.99,1.0,20.374,-478942.0,-1407322.0,0.944,1.0,,62985.6,KXBTC15M-26JUN191630-30,2026-06-19T20:15:00+00:00,2026-06-19T20:30:00+00:00
2026-06-19T20:24:44.052622+00:00,BUY NO (DOWN),NO,-59.47,1.0,24.095,269724.0,-289188.0,0.924,1.0,,63012.53,KXBTC15M-26JUN191630-30,2026-06-19T20:15:00+00:00,2026-06-19T20:30:00+00:00
2026-06-19T20:33:00.200315+00:00,BUY NO (DOWN),NO,-29.59,1.0,7.814,-101897.0,-297804.0,0.6799999999999999,1.0,,63044.17,KXBTC15M-26JUN191645-45,2026-06-19T20:30:00+00:00,2026-06-19T20:45:00+00:00
2026-06-19T20:35:34.019824+00:00,BUY NO (DOWN),NO,-23.0,0.997,5.494,-17546.0,-195106.0,0.69,0.997,,63054.59,KXBTC15M-26JUN191645-45,2026-06-19T20:30:00+00:00,2026-06-19T20:45:00+00:00
2026-06-19T20:38:45.152613+00:00,BUY NO (DOWN),NO,-23.39,1.0,9.015,72192.0,31893.0,0.65,1.0,,63054.21,KXBTC15M-26JUN191645-45,2026-06-19T20:30:00+00:00,2026-06-19T20:45:00+00:00
2026-06-19T20:40:54.818405+00:00,BUY NO (DOWN),NO,-45.17,1.0,30.673,-66525.0,-225839.0,0.947,1.0,,63032.42,KXBTC15M-26JUN191645-45,2026-06-19T20:30:00+00:00,2026-06-19T20:45:00+00:00
2026-06-19T21:03:00.149067+00:00,BUY NO (DOWN),NO,-87.78,1.0,12.889,-573643.0,-397253.0,0.84,1.0,,63162.22,KXBTC15M-26JUN191715-15,2026-06-19T21:00:00+00:00,2026-06-19T21:15:00+00:00
2026-06-19T21:19:10.692890+00:00,BUY NO (DOWN),NO,-23.36,1.0,9.543,-162105.0,-274594.0,0.63,1.0,,63242.64,KXBTC15M-26JUN191730-30,2026-06-19T21:15:00+00:00,2026-06-19T21:30:00+00:00
2026-06-19T21:34:35.185156+00:00,BUY NO (DOWN),NO,-21.01,1.0,9.384,-107195.0,-158474.0,0.6799999999999999,1.0,,63135.76,KXBTC15M-26JUN191745-45,2026-06-19T21:30:00+00:00,2026-06-19T21:45:00+00:00
2026-06-19T21:39:09.795427+00:00,BUY NO (DOWN),NO,-20.76,1.0,8.947,274830.0,193226.0,0.79,1.0,,63136.01,KXBTC15M-26JUN191745-45,2026-06-19T21:30:00+00:00,2026-06-19T21:45:00+00:00
2026-06-19T21:55:00.998334+00:00,BUY NO (DOWN),NO,-21.54,1.0,13.011,-48755.0,-100223.0,0.87,1.0,,63065.65,KXBTC15M-26JUN191800-00,2026-06-19T21:45:00+00:00,2026-06-19T22:00:00+00:00
2026-06-19T22:07:47.505694+00:00,BUY NO (DOWN),NO,-23.98,0.9977,5.667,-105319.0,-121458.0,0.7,0.9977,,63052.0,KXBTC15M-26JUN191815-15,2026-06-19T22:00:00+00:00,2026-06-19T22:15:00+00:00
2026-06-19T22:10:21.618767+00:00,BUY NO (DOWN),NO,-21.98,1.0,9.07,-111718.0,-257431.0,0.6699999999999999,1.0,,63054.0,KXBTC15M-26JUN191815-15,2026-06-19T22:00:00+00:00,2026-06-19T22:15:00+00:00
2026-06-19T22:33:00.018360+00:00,BUY NO (DOWN),NO,-20.0,0.9999,7.704,-94204.0,-197405.0,0.72,0.9999,,63248.01,KXBTC15M-26JUN191845-45,2026-06-19T22:30:00+00:00,2026-06-19T22:45:00+00:00
2026-06-19T22:33:05.673304+00:00,BUY NO (DOWN),NO,-20.0,0.9999,7.723,-18954.0,-196927.0,0.72,0.9999,,63248.01,KXBTC15M-26JUN191845-45,2026-06-19T22:30:00+00:00,2026-06-19T22:45:00+00:00
2026-06-19T22:35:37.493925+00:00,BUY NO (DOWN),NO,-20.01,0.9986,5.982,-422749.0,-487907.0,0.6799999999999999,0.9986,,63248.0,KXBTC15M-26JUN191845-45,2026-06-19T22:30:00+00:00,2026-06-19T22:45:00+00:00
2026-06-19T22:37:42.927950+00:00,BUY NO (DOWN),NO,-27.26,1.0,8.799,-149282.0,-446093.0,0.74,1.0,,63240.39,KXBTC15M-26JUN191845-45,2026-06-19T22:30:00+00:00,2026-06-19T22:45:00+00:00
2026-06-19T22:40:17.295635+00:00,BUY NO (DOWN),NO,-20.76,0.9994,6.484,-920611.0,-1175668.0,0.81,0.9994,,63252.9,KXBTC15M-26JUN191845-45,2026-06-19T22:30:00+00:00,2026-06-19T22:45:00+00:00
2026-06-19T23:03:00.372751+00:00,BUY NO (DOWN),NO,-28.33,0.9949,5.142,-119764.0,-125066.0,0.6599999999999999,0.9949,,63291.07,KXBTC15M-26JUN191915-15,2026-06-19T23:00:00+00:00,2026-06-19T23:15:00+00:00
2026-06-19T23:06:03.249740+00:00,BUY NO (DOWN),NO,-25.39,0.9999,7.651,-92597.0,-150403.0,0.7,0.9999,,63293.22,KXBTC15M-26JUN191915-15,2026-06-19T23:00:00+00:00,2026-06-19T23:15:00+00:00
2026-06-19T23:09:28.042834+00:00,BUY NO (DOWN),NO,-20.17,1.0,12.787,683491.0,484354.0,0.77,1.0,,63299.23,KXBTC15M-26JUN191915-15,2026-06-19T23:00:00+00:00,2026-06-19T23:15:00+00:00
2026-06-19T23:12:50.303317+00:00,BUY NO (DOWN),NO,-37.4,1.0,77.339,76982.0,297916.0,0.949,1.0,,63282.0,KXBTC15M-26JUN191915-15,2026-06-19T23:00:00+00:00,2026-06-19T23:15:00+00:00
2026-06-20T00:04:59.961639+00:00,BUY NO (DOWN),NO,-21.21,0.8823,2.374,101223.0,730723.0,0.63,0.8823,,63513.94,KXBTC15M-26JUN192015-15,2026-06-20T00:00:00+00:00,2026-06-20T00:15:00+00:00
2026-06-20T00:05:59.337344+00:00,BUY NO (DOWN),NO,-21.81,0.9457,3.209,238677.0,807627.0,0.63,0.9457,,63521.75,KXBTC15M-26JUN192015-15,2026-06-20T00:00:00+00:00,2026-06-20T00:15:00+00:00
2026-06-20T00:06:08.142358+00:00,BUY NO (DOWN),NO,-22.25,0.9592,3.483,159201.0,710208.0,0.6599999999999999,0.9592,,63512.89,KXBTC15M-26JUN192015-15,2026-06-20T00:00:00+00:00,2026-06-20T00:15:00+00:00
2026-06-20T00:06:41.038018+00:00,BUY NO (DOWN),NO,-21.14,0.9668,3.672,215042.0,613899.0,0.64,0.9668,,63514.0,KXBTC15M-26JUN192015-15,2026-06-20T00:00:00+00:00,2026-06-20T00:15:00+00:00
2026-06-20T00:10:02.299530+00:00,BUY NO (DOWN),NO,-26.41,0.9992,6.305,-2358.0,-89789.0,0.77,0.9992,,63499.2,KXBTC15M-26JUN192015-15,2026-06-20T00:00:00+00:00,2026-06-20T00:15:00+00:00
2026-06-20T00:12:32.317136+00:00,BUY NO (DOWN),NO,-53.3,1.0,30.693,197714.0,-360762.0,0.948,1.0,,63481.84,KXBTC15M-26JUN192015-15,2026-06-20T00:00:00+00:00,2026-06-20T00:15:00+00:00
2026-06-20T00:12:47.692168+00:00,BUY NO (DOWN),NO,-53.29,1.0,35.649,171919.0,-377639.0,0.933,1.0,,63481.85,KXBTC15M-26JUN192015-15,2026-06-20T00:00:00+00:00,2026-06-20T00:15:00+00:00
2026-06-20T00:12:56.126340+00:00,BUY NO (DOWN),NO,-53.29,1.0,38.652,179867.0,-391754.0,0.944,1.0,,63481.85,KXBTC15M-26JUN192015-15,2026-06-20T00:00:00+00:00,2026-06-20T00:15:00+00:00
2026-06-20T00:18:42.415966+00:00,BUY NO (DOWN),NO,-26.48,0.9915,4.772,221901.0,659083.0,0.56,0.9915,,63497.99,KXBTC15M-26JUN192030-30,2026-06-20T00:15:00+00:00,2026-06-20T00:30:00+00:00
2026-06-20T00:20:23.980112+00:00,BUY NO (DOWN),NO,-22.33,0.9958,5.27,86527.0,658975.0,0.54,0.9958,,63501.66,KXBTC15M-26JUN192030-30,2026-06-20T00:15:00+00:00,2026-06-20T00:30:00+00:00
2026-06-20T00:21:02.110966+00:00,BUY NO (DOWN),NO,-22.74,0.9977,5.665,95174.0,415189.0,0.5700000000000001,0.9977,,63500.18,KXBTC15M-26JUN192030-30,2026-06-20T00:15:00+00:00,2026-06-20T00:30:00+00:00
2026-06-20T00:39:08.903888+00:00,BUY NO (DOWN),NO,-20.0,0.9395,3.101,-409391.0,271665.0,0.61,0.9395,,63596.01,KXBTC15M-26JUN192045-45,2026-06-20T00:30:00+00:00,2026-06-20T00:45:00+00:00
2026-06-20T00:42:25.669327+00:00,BUY NO (DOWN),NO,-63.99,1.0,36.781,331880.0,-85885.0,0.95,1.0,,63554.01,KXBTC15M-26JUN192045-45,2026-06-20T00:30:00+00:00,2026-06-20T00:45:00+00:00
2026-06-20T00:43:08.358953+00:00,BUY NO (DOWN),NO,-36.02,1.0,28.061,328266.0,441451.0,0.931,1.0,,63581.99,KXBTC15M-26JUN192045-45,2026-06-20T00:30:00+00:00,2026-06-20T00:45:00+00:00
2026-06-20T00:48:01.767665+00:00,BUY NO (DOWN),NO,-61.82,1.0,13.607,62428.0,26290.0,0.73,1.0,,63545.49,KXBTC15M-26JUN192100-00,2026-06-20T00:45:00+00:00,2026-06-20T01:00:00+00:00
2026-06-20T00:50:07.958614+00:00,BUY NO (DOWN),NO,-20.98,0.986,4.394,100124.0,157751.0,0.5900000000000001,0.986,,63586.32,KXBTC15M-26JUN192100-00,2026-06-20T00:45:00+00:00,2026-06-20T01:00:00+00:00
2026-06-20T00:50:25.723232+00:00,BUY NO (DOWN),NO,-21.29,0.9901,4.657,70055.0,78182.0,0.56,0.9901,,63586.01,KXBTC15M-26JUN192100-00,2026-06-20T00:45:00+00:00,2026-06-20T01:00:00+00:00
2026-06-20T00:55:11.789467+00:00,BUY NO (DOWN),NO,-20.04,0.9927,4.889,-2620586.0,-2734133.0,0.6,0.9927,,63586.88,KXBTC15M-26JUN192100-00,2026-06-20T00:45:00+00:00,2026-06-20T01:00:00+00:00
2026-06-20T01:03:09.591102+00:00,BUY NO (DOWN),NO,-20.01,0.9851,4.345,-76093.0,-113451.0,0.62,0.9851,,63510.01,KXBTC15M-26JUN192115-15,2026-06-20T01:00:00+00:00,2026-06-20T01:15:00+00:00
2026-06-20T01:04:12.063879+00:00,BUY NO (DOWN),NO,-25.45,0.9989,6.131,3051.0,-171663.0,0.6599999999999999,0.9989,,63504.57,KXBTC15M-26JUN192115-15,2026-06-20T01:00:00+00:00,2026-06-20T01:15:00+00:00
2026-06-20T01:05:42.533810+00:00,BUY NO (DOWN),NO,-22.0,0.9957,5.256,751818.0,588167.0,0.6799999999999999,0.9957,,63508.0,KXBTC15M-26JUN192115-15,2026-06-20T01:00:00+00:00,2026-06-20T01:15:00+00:00
2026-06-20T01:06:15.730614+00:00,BUY NO (DOWN),NO,-28.01,0.9979,5.713,-730756.0,-90047.0,0.6799999999999999,0.9979,,63500.01,KXBTC15M-26JUN192115-15,2026-06-20T01:00:00+00:00,2026-06-20T01:15:00+00:00
2026-06-20T01:25:55.908251+00:00,BUY NO (DOWN),NO,-20.53,1.0,12.513,-69395.0,-37197.0,0.8200000000000001,1.0,,63426.0,KXBTC15M-26JUN192130-30,2026-06-20T01:15:00+00:00,2026-06-20T01:30:00+00:00
2026-06-20T01:27:35.038717+00:00,BUY NO (DOWN),NO,-22.59,1.0,18.02,739224.0,2048153.0,0.72,1.0,,63424.0,KXBTC15M-26JUN192130-30,2026-06-20T01:15:00+00:00,2026-06-20T01:30:00+00:00
2026-06-20T02:03:01.993032+00:00,BUY NO (DOWN),NO,-38.28,0.9996,6.717,-65772.0,30168.0,0.5900000000000001,0.9996,,63548.0,KXBTC15M-26JUN192215-15,2026-06-20T02:00:00+00:00,2026-06-20T02:15:00+00:00
2026-06-20T02:11:31.258699+00:00,BUY NO (DOWN),NO,-84.75,1.0,89.118,46227.0,-29250.0,0.94,1.0,,63501.52,KXBTC15M-26JUN192215-15,2026-06-20T02:00:00+00:00,2026-06-20T02:15:00+00:00
2026-06-20T02:18:01.120189+00:00,BUY NO (DOWN),NO,-55.33,1.0,16.042,-182920.0,-372439.0,0.75,1.0,,63418.67,KXBTC15M-26JUN192230-30,2026-06-20T02:15:00+00:00,2026-06-20T02:30:00+00:00
2026-06-20T02:24:51.152609+00:00,BUY NO (DOWN),NO,-69.61,1.0,72.932,-21067.0,-9040.0,0.946,1.0,,63404.39,KXBTC15M-26JUN192230-30,2026-06-20T02:15:00+00:00,2026-06-20T02:30:00+00:00
2026-06-20T02:25:05.989162+00:00,BUY NO (DOWN),NO,-70.17,1.0,64.024,-155444.0,-184470.0,0.95,1.0,,63403.83,KXBTC15M-26JUN192230-30,2026-06-20T02:15:00+00:00,2026-06-20T02:30:00+00:00
2026-06-20T02:25:19.462907+00:00,BUY NO (DOWN),NO,-70.17,1.0,69.595,-160495.0,-172885.0,0.938,1.0,,63403.83,KXBTC15M-26JUN192230-30,2026-06-20T02:15:00+00:00,2026-06-20T02:30:00+00:00
2026-06-20T02:37:13.985320+00:00,BUY NO (DOWN),NO,-29.11,0.9932,4.936,-108378.0,-5186727.0,0.69,0.9932,,63374.4,KXBTC15M-26JUN192245-45,2026-06-20T02:30:00+00:00,2026-06-20T02:45:00+00:00
2026-06-20T02:39:48.492696+00:00,BUY NO (DOWN),NO,-22.17,0.9944,5.076,-82479.0,-5205486.0,0.6699999999999999,0.9944,,63384.0,KXBTC15M-26JUN192245-45,2026-06-20T02:30:00+00:00,2026-06-20T02:45:00+00:00
2026-06-20T02:40:22.420194+00:00,BUY NO (DOWN),NO,-22.17,0.9976,5.649,-17366.0,-5192446.0,0.8,0.9976,,63384.01,KXBTC15M-26JUN192245-45,2026-06-20T02:30:00+00:00,2026-06-20T02:45:00+00:00
2026-06-20T02:42:04.230218+00:00,BUY NO (DOWN),NO,-27.6,1.0,16.475,-105355.0,195183.0,0.79,1.0,,63378.59,KXBTC15M-26JUN192245-45,2026-06-20T02:30:00+00:00,2026-06-20T02:45:00+00:00
2026-06-20T02:50:00.176110+00:00,BUY NO (DOWN),NO,-23.13,0.9996,6.668,-455761.0,-525643.0,0.6,0.9996,,63380.87,KXBTC15M-26JUN192300-00,2026-06-20T02:45:00+00:00,2026-06-20T03:00:00+00:00
2026-06-20T02:51:49.093582+00:00,BUY NO (DOWN),NO,-46.0,1.0,8.573,-702513.0,-948079.0,0.61,1.0,,63358.01,KXBTC15M-26JUN192300-00,2026-06-20T02:45:00+00:00,2026-06-20T03:00:00+00:00
2026-06-20T02:53:23.197009+00:00,BUY NO (DOWN),NO,-24.44,0.9958,5.264,-181764.0,-1211444.0,0.51,0.9958,,63379.55,KXBTC15M-26JUN192300-00,2026-06-20T02:45:00+00:00,2026-06-20T03:00:00+00:00
2026-06-20T02:55:01.791932+00:00,BUY NO (DOWN),NO,-21.99,0.9985,5.933,912748.0,-216694.0,0.53,0.9985,,63379.01,KXBTC15M-26JUN192300-00,2026-06-20T02:45:00+00:00,2026-06-20T03:00:00+00:00
2026-06-20T03:35:05.529823+00:00,BUY NO (DOWN),NO,-21.92,0.9992,6.317,-32643.0,278506.0,0.64,0.9992,,63422.0,KXBTC15M-26JUN192345-45,2026-06-20T03:30:00+00:00,2026-06-20T03:45:00+00:00
2026-06-20T03:37:30.059157+00:00,BUY NO (DOWN),NO,-21.89,1.0,10.48,-727454.0,-590219.0,0.54,1.0,,63422.03,KXBTC15M-26JUN192345-45,2026-06-20T03:30:00+00:00,2026-06-20T03:45:00+00:00
2026-06-20T03:48:00.438855+00:00,BUY NO (DOWN),NO,-21.73,0.9984,5.878,-4859.0,-185753.0,0.53,0.9984,,63469.41,KXBTC15M-26JUN200000-00,2026-06-20T03:45:00+00:00,2026-06-20T04:00:00+00:00
2026-06-20T03:51:30.191929+00:00,BUY NO (DOWN),NO,-20.07,0.9998,7.029,-52876.0,77090.0,0.5900000000000001,0.9998,,63471.06,KXBTC15M-26JUN200000-00,2026-06-20T03:45:00+00:00,2026-06-20T04:00:00+00:00
2026-06-20T03:52:25.161967+00:00,BUY NO (DOWN),NO,-20.52,1.0,8.295,-47398.0,56623.0,0.55,1.0,,63470.01,KXBTC15M-26JUN200000-00,2026-06-20T03:45:00+00:00,2026-06-20T04:00:00+00:00
2026-06-20T03:56:21.035249+00:00,BUY NO (DOWN),NO,-56.24,1.0,91.899,-208770.0,-210111.0,0.95,1.0,,63434.89,KXBTC15M-26JUN200000-00,2026-06-20T03:45:00+00:00,2026-06-20T04:00:00+00:00
2026-06-20T04:03:00.382455+00:00,BUY NO (DOWN),NO,-41.92,1.0,9.121,-40360.0,744614.0,0.6699999999999999,1.0,,63434.88,KXBTC15M-26JUN200015-15,2026-06-20T04:00:00+00:00,2026-06-20T04:15:00+00:00
2026-06-20T04:08:35.629463+00:00,BUY NO (DOWN),NO,-45.77,1.0,14.754,-165717.0,-128829.0,0.8200000000000001,1.0,,63424.19,KXBTC15M-26JUN200015-15,2026-06-20T04:00:00+00:00,2026-06-20T04:15:00+00:00
2026-06-20T04:10:21.853307+00:00,BUY NO (DOWN),NO,-74.79,1.0,30.217,-105987.0,-245535.0,0.933,1.0,,63402.0,KXBTC15M-26JUN200015-15,2026-06-20T04:00:00+00:00,2026-06-20T04:15:00+00:00
2026-06-20T04:33:00.320132+00:00,BUY NO (DOWN),NO,-50.81,1.0,10.917,-38295.0,-18334.0,0.76,1.0,,63518.0,KXBTC15M-26JUN200045-45,2026-06-20T04:30:00+00:00,2026-06-20T04:45:00+00:00
2026-06-20T04:38:05.292408+00:00,BUY NO (DOWN),NO,-22.28,1.0,12.52,120064.0,87905.0,0.63,1.0,,63546.53,KXBTC15M-26JUN200045-45,2026-06-20T04:30:00+00:00,2026-06-20T04:45:00+00:00
2026-06-20T04:40:18.206191+00:00,BUY NO (DOWN),NO,-20.41,1.0,15.543,-8963.0,51253.0,0.69,1.0,,63548.39,KXBTC15M-26JUN200045-45,2026-06-20T04:30:00+00:00,2026-06-20T04:45:00+00:00
2026-06-20T04:48:01.041408+00:00,BUY NO (DOWN),NO,-60.81,1.0,12.092,350.0,-394539.0,0.79,1.0,,63545.18,KXBTC15M-26JUN200100-00,2026-06-20T04:45:00+00:00,2026-06-20T05:00:00+00:00
2026-06-20T04:50:12.092651+00:00,BUY NO (DOWN),NO,-22.0,0.9882,4.527,-298643.0,-611839.0,0.61,0.9882,,63584.0,KXBTC15M-26JUN200100-00,2026-06-20T04:45:00+00:00,2026-06-20T05:00:00+00:00
2026-06-20T04:51:37.603861+00:00,BUY NO (DOWN),NO,-26.0,0.9999,7.342,-409892.0,-796249.0,0.73,0.9999,,63580.0,KXBTC15M-26JUN200100-00,2026-06-20T04:45:00+00:00,2026-06-20T05:00:00+00:00
2026-06-20T04:54:37.519595+00:00,BUY NO (DOWN),NO,-24.72,1.0,12.317,790163.0,-369141.0,0.73,1.0,,63581.28,KXBTC15M-26JUN200100-00,2026-06-20T04:45:00+00:00,2026-06-20T05:00:00+00:00
2026-06-20T05:05:28.798058+00:00,BUY NO (DOWN),NO,-25.98,0.9999,7.303,-308186.0,129624.0,0.5900000000000001,0.9999,,63558.01,KXBTC15M-26JUN200115-15,2026-06-20T05:00:00+00:00,2026-06-20T05:15:00+00:00
2026-06-20T05:05:50.510151+00:00,BUY NO (DOWN),NO,-27.99,0.9999,7.42,-339663.0,-75689.0,0.6699999999999999,0.9999,,63558.0,KXBTC15M-26JUN200115-15,2026-06-20T05:00:00+00:00,2026-06-20T05:15:00+00:00
2026-06-20T05:18:01.011933+00:00,BUY NO (DOWN),NO,-73.76,0.9922,4.835,-319314.0,1240414.0,0.79,0.9922,,63736.01,KXBTC15M-26JUN200130-30,2026-06-20T05:15:00+00:00,2026-06-20T05:30:00+00:00
2026-06-20T05:48:00.070913+00:00,BUY NO (DOWN),NO,-26.0,0.9877,4.497,52569.0,183536.0,0.6599999999999999,0.9877,,63618.0,KXBTC15M-26JUN200200-00,2026-06-20T05:45:00+00:00,2026-06-20T06:00:00+00:00
2026-06-20T05:49:14.590776+00:00,BUY NO (DOWN),NO,-23.99,0.9865,4.422,-234876.0,67245.0,0.6,0.9865,,63620.01,KXBTC15M-26JUN200200-00,2026-06-20T05:45:00+00:00,2026-06-20T06:00:00+00:00
2026-06-20T06:09:38.338404+00:00,BUY NO (DOWN),NO,-23.91,1.0,16.08,-98676.0,-388973.0,0.6799999999999999,1.0,,63654.17,KXBTC15M-26JUN200215-15,2026-06-20T06:00:00+00:00,2026-06-20T06:15:00+00:00
2026-06-20T06:12:12.158194+00:00,BUY NO (DOWN),NO,-24.02,1.0,28.588,-632289.0,-779426.0,0.76,1.0,,63654.07,KXBTC15M-26JUN200215-15,2026-06-20T06:00:00+00:00,2026-06-20T06:15:00+00:00
2026-06-20T06:13:14.246827+00:00,BUY NO (DOWN),NO,-20.08,1.0,38.314,-28616.0,-775591.0,0.902,1.0,,63658.01,KXBTC15M-26JUN200215-15,2026-06-20T06:00:00+00:00,2026-06-20T06:15:00+00:00
2026-06-20T06:18:00.863658+00:00,BUY NO (DOWN),NO,-22.03,0.9855,4.369,-13136.0,-156112.0,0.6,0.9855,,63667.97,KXBTC15M-26JUN200230-30,2026-06-20T06:15:00+00:00,2026-06-20T06:30:00+00:00
2026-06-20T06:48:00.100181+00:00,BUY NO (DOWN),NO,-20.42,0.9999,7.7,13977.0,87476.0,0.6599999999999999,0.9999,,63732.0,KXBTC15M-26JUN200300-00,2026-06-20T06:45:00+00:00,2026-06-20T07:00:00+00:00
2026-06-20T06:50:24.057070+00:00,BUY NO (DOWN),NO,-22.42,0.9988,6.068,276117.0,299744.0,0.61,0.9988,,63730.01,KXBTC15M-26JUN200300-00,2026-06-20T06:45:00+00:00,2026-06-20T07:00:00+00:00
2026-06-20T06:56:39.883341+00:00,BUY NO (DOWN),NO,-26.28,1.0,50.212,-121142.0,-94636.0,0.8200000000000001,1.0,,63726.16,KXBTC15M-26JUN200300-00,2026-06-20T06:45:00+00:00,2026-06-20T07:00:00+00:00
2026-06-20T07:03:00.839632+00:00,BUY NO (DOWN),NO,-86.07,1.0,17.149,34698.0,-253610.0,0.83,1.0,,63661.92,KXBTC15M-26JUN200315-15,2026-06-20T07:00:00+00:00,2026-06-20T07:15:00+00:00
2026-06-20T07:07:34.711204+00:00,BUY NO (DOWN),NO,-134.37,1.0,46.857,-273646.0,-1017363.0,0.947,1.0,,63609.68,KXBTC15M-26JUN200315-15,2026-06-20T07:00:00+00:00,2026-06-20T07:15:00+00:00
2026-06-20T07:07:57.516028+00:00,BUY NO (DOWN),NO,-127.68,1.0,54.966,-116197.0,-1097470.0,0.95,1.0,,63616.37,KXBTC15M-26JUN200315-15,2026-06-20T07:00:00+00:00,2026-06-20T07:15:00+00:00
2026-06-20T07:08:15.504006+00:00,BUY NO (DOWN),NO,-127.68,1.0,59.72,-34238.0,-1106983.0,0.943,1.0,,63616.37,KXBTC15M-26JUN200315-15,2026-06-20T07:00:00+00:00,2026-06-20T07:15:00+00:00
2026-06-20T07:08:25.619983+00:00,BUY NO (DOWN),NO,-122.07,1.0,56.868,194801.0,-1050422.0,0.944,1.0,,63621.99,KXBTC15M-26JUN200315-15,2026-06-20T07:00:00+00:00,2026-06-20T07:15:00+00:00
2026-06-20T07:10:42.334744+00:00,BUY NO (DOWN),NO,-85.83,1.0,57.916,70773.0,-537318.0,0.949,1.0,,63658.23,KXBTC15M-26JUN200315-15,2026-06-20T07:00:00+00:00,2026-06-20T07:15:00+00:00
2026-06-20T07:33:00.863398+00:00,BUY NO (DOWN),NO,-25.31,0.9754,3.934,115.0,-923179.0,0.52,0.9754,,63766.71,KXBTC15M-26JUN200345-45,2026-06-20T07:30:00+00:00,2026-06-20T07:45:00+00:00
2026-06-20T07:37:36.493781+00:00,BUY NO (DOWN),NO,-22.0,0.9995,6.598,365889.0,29629.0,0.52,0.9995,,63768.0,KXBTC15M-26JUN200345-45,2026-06-20T07:30:00+00:00,2026-06-20T07:45:00+00:00
2026-06-20T07:41:22.885851+00:00,BUY NO (DOWN),NO,-20.01,1.0,11.085,148771.0,940519.0,0.75,1.0,,63771.99,KXBTC15M-26JUN200345-45,2026-06-20T07:30:00+00:00,2026-06-20T07:45:00+00:00
2026-06-20T07:48:00.499900+00:00,BUY NO (DOWN),NO,-21.7,0.9811,4.156,50994.0,-98776.0,0.69,0.9811,,63730.98,KXBTC15M-26JUN200400-00,2026-06-20T07:45:00+00:00,2026-06-20T08:00:00+00:00
2026-06-20T07:49:11.656459+00:00,BUY NO (DOWN),NO,-20.68,0.967,3.676,205265.0,71692.0,0.72,0.967,,63732.0,KXBTC15M-26JUN200400-00,2026-06-20T07:45:00+00:00,2026-06-20T08:00:00+00:00
2026-06-20T07:52:31.858943+00:00,BUY NO (DOWN),NO,-24.0,0.9999,7.596,-46746.0,289847.0,0.77,0.9999,,63728.68,KXBTC15M-26JUN200400-00,2026-06-20T07:45:00+00:00,2026-06-20T08:00:00+00:00
2026-06-20T07:54:37.690958+00:00,BUY NO (DOWN),NO,-58.44,1.0,30.482,-156092.0,-72483.0,0.942,1.0,,63694.24,KXBTC15M-26JUN200400-00,2026-06-20T07:45:00+00:00,2026-06-20T08:00:00+00:00
2026-06-20T07:54:57.108485+00:00,BUY NO (DOWN),NO,-58.45,1.0,34.89,-137084.0,-158277.0,0.95,1.0,,63694.23,KXBTC15M-26JUN200400-00,2026-06-20T07:45:00+00:00,2026-06-20T08:00:00+00:00
2026-06-20T07:55:46.877775+00:00,BUY NO (DOWN),NO,-45.26,1.0,29.947,57544.0,-222232.0,0.9359999999999999,1.0,,63707.42,KXBTC15M-26JUN200400-00,2026-06-20T07:45:00+00:00,2026-06-20T08:00:00+00:00
2026-06-20T07:55:58.965234+00:00,BUY NO (DOWN),NO,-45.26,1.0,32.486,94246.0,-200462.0,0.948,1.0,,63707.42,KXBTC15M-26JUN200400-00,2026-06-20T07:45:00+00:00,2026-06-20T08:00:00+00:00
2026-06-20T07:56:09.153845+00:00,BUY NO (DOWN),NO,-45.25,1.0,33.933,156862.0,-199715.0,0.947,1.0,,63707.43,KXBTC15M-26JUN200400-00,2026-06-20T07:45:00+00:00,2026-06-20T08:00:00+00:00
2026-06-20T07:56:24.790984+00:00,BUY NO (DOWN),NO,-39.21,1.0,31.378,253816.0,-112031.0,0.9319999999999999,1.0,,63713.46,KXBTC15M-26JUN200400-00,2026-06-20T07:45:00+00:00,2026-06-20T08:00:00+00:00
2026-06-20T08:03:00.801759+00:00,BUY NO (DOWN),NO,-140.06,1.0,16.266,-3646487.0,-4230194.0,0.9,1.0,,63518.01,KXBTC15M-26JUN200415-15,2026-06-20T08:00:00+00:00,2026-06-20T08:15:00+00:00
2026-06-20T08:04:28.827989+00:00,BUY NO (DOWN),NO,-20.12,0.7489,1.342,1113793.0,-2914858.0,0.55,0.7489,,63637.95,KXBTC15M-26JUN200415-15,2026-06-20T08:00:00+00:00,2026-06-20T08:15:00+00:00
2026-06-20T08:05:05.075161+00:00,BUY NO (DOWN),NO,-20.07,0.756,1.387,1314922.0,-2783670.0,0.6799999999999999,0.756,,63636.01,KXBTC15M-26JUN200415-15,2026-06-20T08:00:00+00:00,2026-06-20T08:15:00+00:00
2026-06-20T08:22:08.603046+00:00,BUY NO (DOWN),NO,-24.86,1.0,9.925,-72910.0,-34596.0,0.6,1.0,,63524.01,KXBTC15M-26JUN200430-30,2026-06-20T08:15:00+00:00,2026-06-20T08:30:00+00:00
2026-06-20T08:37:47.654767+00:00,BUY NO (DOWN),NO,-44.0,1.0,10.274,-16110.0,190776.0,0.65,1.0,,63430.07,KXBTC15M-26JUN200445-45,2026-06-20T08:30:00+00:00,2026-06-20T08:45:00+00:00
2026-06-20T08:40:13.872871+00:00,BUY NO (DOWN),NO,-20.15,0.9961,5.313,-2587043.0,-2711046.0,0.72,0.9961,,63459.37,KXBTC15M-26JUN200445-45,2026-06-20T08:30:00+00:00,2026-06-20T08:45:00+00:00
2026-06-20T08:43:18.662221+00:00,BUY NO (DOWN),NO,-23.12,1.0,22.089,-18909.0,-3841783.0,0.915,1.0,,63458.89,KXBTC15M-26JUN200445-45,2026-06-20T08:30:00+00:00,2026-06-20T08:45:00+00:00
2026-06-20T08:49:02.622634+00:00,BUY NO (DOWN),NO,-23.18,0.9987,6.043,-221992.0,-510997.0,0.61,0.9987,,63426.23,KXBTC15M-26JUN200500-00,2026-06-20T08:45:00+00:00,2026-06-20T09:00:00+00:00
2026-06-20T08:50:18.433975+00:00,BUY NO (DOWN),NO,-25.39,0.9944,5.071,340865.0,27653.0,0.65,0.9944,,63424.01,KXBTC15M-26JUN200500-00,2026-06-20T08:45:00+00:00,2026-06-20T09:00:00+00:00
2026-06-20T08:55:55.346742+00:00,BUY NO (DOWN),NO,-25.4,1.0,16.965,-56009.0,-527485.0,0.78,1.0,,63420.0,KXBTC15M-26JUN200500-00,2026-06-20T08:45:00+00:00,2026-06-20T09:00:00+00:00
2026-06-20T08:56:30.546931+00:00,BUY NO (DOWN),NO,-27.39,1.0,19.201,21339.0,-386983.0,0.8200000000000001,1.0,,63422.01,KXBTC15M-26JUN200500-00,2026-06-20T08:45:00+00:00,2026-06-20T09:00:00+00:00
2026-06-20T09:48:01.551269+00:00,BUY NO (DOWN),NO,-36.03,0.9995,6.625,211505.0,-692060.0,0.76,0.9995,,63660.01,KXBTC15M-26JUN200600-00,2026-06-20T09:45:00+00:00,2026-06-20T10:00:00+00:00
2026-06-20T09:50:41.873127+00:00,BUY NO (DOWN),NO,-30.02,0.9992,6.305,-48882.0,277155.0,0.76,0.9992,,63676.34,KXBTC15M-26JUN200600-00,2026-06-20T09:45:00+00:00,2026-06-20T10:00:00+00:00
2026-06-20T09:51:51.876539+00:00,BUY NO (DOWN),NO,-21.98,0.9974,5.58,-90197.0,45447.0,0.75,0.9974,,63676.0,KXBTC15M-26JUN200600-00,2026-06-20T09:45:00+00:00,2026-06-20T10:00:00+00:00
2026-06-20T10:09:13.578270+00:00,BUY NO (DOWN),NO,-29.15,1.0,10.094,-241214.0,-1197239.0,0.83,1.0,,63712.01,KXBTC15M-26JUN200615-15,2026-06-20T10:00:00+00:00,2026-06-20T10:15:00+00:00
2026-06-20T10:11:59.747997+00:00,BUY NO (DOWN),NO,-47.15,1.0,42.081,-64720.0,-272084.0,0.946,1.0,,63696.99,KXBTC15M-26JUN200615-15,2026-06-20T10:00:00+00:00,2026-06-20T10:15:00+00:00
2026-06-20T10:20:47.708449+00:00,BUY NO (DOWN),NO,-25.99,0.9999,7.452,-250676.0,-493098.0,0.71,0.9999,,63666.01,KXBTC15M-26JUN200630-30,2026-06-20T10:15:00+00:00,2026-06-20T10:30:00+00:00
2026-06-20T10:33:01.674499+00:00,BUY NO (DOWN),NO,-22.65,0.9884,4.54,-138013.0,503516.0,0.63,0.9884,,63656.0,KXBTC15M-26JUN200645-45,2026-06-20T10:30:00+00:00,2026-06-20T10:45:00+00:00
2026-06-20T10:38:58.598688+00:00,BUY NO (DOWN),NO,-59.46,1.0,38.083,-58489.0,-2135603.0,0.95,1.0,,63619.19,KXBTC15M-26JUN200645-45,2026-06-20T10:30:00+00:00,2026-06-20T10:45:00+00:00
2026-06-20T11:05:19.814907+00:00,BUY NO (DOWN),NO,-27.65,1.0,7.833,-570362.0,-574654.0,0.74,1.0,,63640.01,KXBTC15M-26JUN200715-15,2026-06-20T11:00:00+00:00,2026-06-20T11:15:00+00:00
2026-06-20T11:06:32.924788+00:00,BUY NO (DOWN),NO,-22.67,0.9991,6.215,705630.0,-101962.0,0.73,0.9991,,63652.04,KXBTC15M-26JUN200715-15,2026-06-20T11:00:00+00:00,2026-06-20T11:15:00+00:00
2026-06-20T11:07:31.350794+00:00,BUY NO (DOWN),NO,-20.41,0.9991,6.214,655164.0,569352.0,0.72,0.9991,,63654.3,KXBTC15M-26JUN200715-15,2026-06-20T11:00:00+00:00,2026-06-20T11:15:00+00:00
2026-06-20T11:07:52.603511+00:00,BUY NO (DOWN),NO,-24.71,0.9987,6.036,-2620206.0,-2011112.0,0.77,0.9987,,63642.0,KXBTC15M-26JUN200715-15,2026-06-20T11:00:00+00:00,2026-06-20T11:15:00+00:00
2026-06-20T11:09:47.318960+00:00,BUY NO (DOWN),NO,-23.02,0.9998,7.054,881299.0,-1050684.0,0.77,0.9998,,63651.69,KXBTC15M-26JUN200715-15,2026-06-20T11:00:00+00:00,2026-06-20T11:15:00+00:00
2026-06-20T11:11:35.943445+00:00,BUY NO (DOWN),NO,-21.6,1.0,11.169,-130569.0,990334.0,0.74,1.0,,63653.12,KXBTC15M-26JUN200715-15,2026-06-20T11:00:00+00:00,2026-06-20T11:15:00+00:00
2026-06-20T11:54:41.623881+00:00,BUY NO (DOWN),NO,-23.35,1.0,11.017,-68187.0,-143513.0,0.73,1.0,,63708.66,KXBTC15M-26JUN200800-00,2026-06-20T11:45:00+00:00,2026-06-20T12:00:00+00:00
2026-06-20T12:22:00.758326+00:00,BUY NO (DOWN),NO,-21.98,1.0,9.599,-54755.0,-12820.0,0.6799999999999999,1.0,,63732.0,KXBTC15M-26JUN200830-30,2026-06-20T12:15:00+00:00,2026-06-20T12:30:00+00:00
2026-06-20T12:24:43.565477+00:00,BUY NO (DOWN),NO,-28.23,1.0,12.789,974550.0,246741.0,0.56,1.0,,63753.96,KXBTC15M-26JUN200830-30,2026-06-20T12:15:00+00:00,2026-06-20T12:30:00+00:00
2026-06-20T12:33:00.291667+00:00,BUY NO (DOWN),NO,-37.73,1.0,12.551,-73772.0,90216.0,0.73,1.0,,63706.0,KXBTC15M-26JUN200845-45,2026-06-20T12:30:00+00:00,2026-06-20T12:45:00+00:00
2026-06-20T12:37:19.988529+00:00,BUY NO (DOWN),NO,-109.97,1.0,24.344,-238470.0,-104459.0,0.946,1.0,,63633.75,KXBTC15M-26JUN200845-45,2026-06-20T12:30:00+00:00,2026-06-20T12:45:00+00:00
2026-06-20T12:49:17.795908+00:00,BUY NO (DOWN),NO,-20.94,1.0,11.976,-29862.0,-114773.0,0.5800000000000001,1.0,,63596.01,KXBTC15M-26JUN200900-00,2026-06-20T12:45:00+00:00,2026-06-20T13:00:00+00:00
2026-06-20T12:50:08.032263+00:00,BUY NO (DOWN),NO,-21.91,1.0,8.938,-61589.0,-127258.0,0.75,1.0,,63598.0,KXBTC15M-26JUN200900-00,2026-06-20T12:45:00+00:00,2026-06-20T13:00:00+00:00
2026-06-20T13:03:00.609485+00:00,BUY NO (DOWN),NO,-23.09,1.0,7.911,-190316.0,-625162.0,0.64,1.0,,63632.0,KXBTC15M-26JUN200915-15,2026-06-20T13:00:00+00:00,2026-06-20T13:15:00+00:00
2026-06-20T13:07:21.512714+00:00,BUY NO (DOWN),NO,-20.96,1.0,9.626,50779.0,-120250.0,0.6799999999999999,1.0,,63634.12,KXBTC15M-26JUN200915-15,2026-06-20T13:00:00+00:00,2026-06-20T13:15:00+00:00
2026-06-20T13:10:02.008481+00:00,BUY NO (DOWN),NO,-32.86,1.0,18.833,-221315.0,-113831.0,0.84,1.0,,63622.24,KXBTC15M-26JUN200915-15,2026-06-20T13:00:00+00:00,2026-06-20T13:15:00+00:00
2026-06-20T13:12:00.832094+00:00,BUY NO (DOWN),NO,-27.09,1.0,24.395,5484.0,-66148.0,0.9,1.0,,63628.0,KXBTC15M-26JUN200915-15,2026-06-20T13:00:00+00:00,2026-06-20T13:15:00+00:00
2026-06-20T13:12:11.485140+00:00,BUY NO (DOWN),NO,-27.09,1.0,26.143,4326.0,-68973.0,0.946,1.0,,63628.0,KXBTC15M-26JUN200915-15,2026-06-20T13:00:00+00:00,2026-06-20T13:15:00+00:00
2026-06-20T13:12:38.690740+00:00,BUY NO (DOWN),NO,-23.09,1.0,27.336,154464.0,154272.0,0.948,1.0,,63631.99,KXBTC15M-26JUN200915-15,2026-06-20T13:00:00+00:00,2026-06-20T13:15:00+00:00
2026-06-20T13:19:54.326824+00:00,BUY NO (DOWN),NO,-20.0,0.9625,3.562,-414486.0,-193691.0,0.62,0.9625,,63562.01,KXBTC15M-26JUN200930-30,2026-06-20T13:15:00+00:00,2026-06-20T13:30:00+00:00
2026-06-20T13:22:24.071690+00:00,BUY NO (DOWN),NO,-124.0,1.0,26.681,-711020.0,-1458355.0,0.927,1.0,,63462.01,KXBTC15M-26JUN200930-30,2026-06-20T13:15:00+00:00,2026-06-20T13:30:00+00:00
2026-06-20T13:22:44.032239+00:00,BUY NO (DOWN),NO,-130.4,1.0,28.456,-732856.0,-1518567.0,0.949,1.0,,63455.6,KXBTC15M-26JUN200930-30,2026-06-20T13:15:00+00:00,2026-06-20T13:30:00+00:00
2026-06-20T13:53:59.969530+00:00,BUY NO (DOWN),NO,-24.4,1.0,8.892,236532.0,165873.0,0.69,1.0,,63425.6,KXBTC15M-26JUN201000-00,2026-06-20T13:45:00+00:00,2026-06-20T14:00:00+00:00
2026-06-20T13:55:17.425547+00:00,BUY NO (DOWN),NO,-68.08,1.0,24.294,-43453.0,-131167.0,0.947,1.0,,63381.91,KXBTC15M-26JUN201000-00,2026-06-20T13:45:00+00:00,2026-06-20T14:00:00+00:00
2026-06-20T13:55:28.917455+00:00,BUY NO (DOWN),NO,-68.07,1.0,25.386,-1709.0,-63705.0,0.948,1.0,,63381.91,KXBTC15M-26JUN201000-00,2026-06-20T13:45:00+00:00,2026-06-20T14:00:00+00:00
2026-06-20T13:56:10.883205+00:00,BUY NO (DOWN),NO,-57.34,1.0,24.275,7780.0,-28736.0,0.945,1.0,,63392.65,KXBTC15M-26JUN201000-00,2026-06-20T13:45:00+00:00,2026-06-20T14:00:00+00:00
2026-06-20T13:58:06.454674+00:00,BUY NO (DOWN),NO,-32.32,1.0,31.628,261303.0,442756.0,0.9339999999999999,1.0,,63417.67,KXBTC15M-26JUN201000-00,2026-06-20T13:45:00+00:00,2026-06-20T14:00:00+00:00
2026-06-20T13:58:48.458249+00:00,BUY NO (DOWN),NO,-23.99,1.0,37.334,261730.0,211145.0,0.935,1.0,,63426.0,KXBTC15M-26JUN201000-00,2026-06-20T13:45:00+00:00,2026-06-20T14:00:00+00:00
2026-06-20T14:03:01.429115+00:00,BUY NO (DOWN),NO,-39.79,0.9946,5.104,1727.0,109021.0,0.78,0.9946,,63357.99,KXBTC15M-26JUN201015-15,2026-06-20T14:00:00+00:00,2026-06-20T14:15:00+00:00
2026-06-20T15:03:00.690071+00:00,BUY NO (DOWN),NO,-60.8,0.9749,3.916,-312913.0,-1551007.0,0.6699999999999999,0.9749,,63883.21,KXBTC15M-26JUN201115-15,2026-06-20T15:00:00+00:00,2026-06-20T15:15:00+00:00
2026-06-20T15:06:35.714146+00:00,BUY NO (DOWN),NO,-30.01,0.9227,2.846,-93932.0,2075512.0,0.54,0.9227,,63887.33,KXBTC15M-26JUN201115-15,2026-06-20T15:00:00+00:00,2026-06-20T15:15:00+00:00
2026-06-20T15:12:20.740383+00:00,BUY NO (DOWN),NO,-67.8,1.0,42.507,62221.0,-421765.0,0.947,1.0,,63876.21,KXBTC15M-26JUN201115-15,2026-06-20T15:00:00+00:00,2026-06-20T15:15:00+00:00
2026-06-20T15:18:03.823435+00:00,BUY NO (DOWN),NO,-26.08,0.8105,1.759,59283.0,1226742.0,0.55,0.8105,,63974.18,KXBTC15M-26JUN201130-30,2026-06-20T15:15:00+00:00,2026-06-20T15:30:00+00:00
2026-06-20T15:33:00.884910+00:00,BUY NO (DOWN),NO,-79.99,1.0,8.589,-945024.0,-2037567.0,0.75,1.0,,64100.01,KXBTC15M-26JUN201145-45,2026-06-20T15:30:00+00:00,2026-06-20T15:45:00+00:00
2026-06-20T15:34:25.291674+00:00,BUY NO (DOWN),NO,-20.05,0.8508,2.08,255809.0,-1468660.0,0.54,0.8508,,64163.55,KXBTC15M-26JUN201145-45,2026-06-20T15:30:00+00:00,2026-06-20T15:45:00+00:00
2026-06-20T15:41:00.605343+00:00,BUY NO (DOWN),NO,-82.0,1.0,27.957,174777.0,1096507.0,0.946,1.0,,64106.57,KXBTC15M-26JUN201145-45,2026-06-20T15:30:00+00:00,2026-06-20T15:45:00+00:00
2026-06-20T15:41:51.520176+00:00,BUY NO (DOWN),NO,-71.4,1.0,32.257,294534.0,1097560.0,0.949,1.0,,64114.59,KXBTC15M-26JUN201145-45,2026-06-20T15:30:00+00:00,2026-06-20T15:45:00+00:00
2026-06-20T15:52:48.334278+00:00,BUY NO (DOWN),NO,-20.0,0.9988,6.065,-86773.0,-228637.0,0.62,0.9988,,64096.01,KXBTC15M-26JUN201200-00,2026-06-20T15:45:00+00:00,2026-06-20T16:00:00+00:00
2026-06-20T15:52:51.890341+00:00,BUY NO (DOWN),NO,-20.0,0.9989,6.12,-81059.0,-225776.0,0.62,0.9989,,64096.0,KXBTC15M-26JUN201200-00,2026-06-20T15:45:00+00:00,2026-06-20T16:00:00+00:00
2026-06-20T15:52:54.689845+00:00,BUY NO (DOWN),NO,-20.0,0.9989,6.134,-91666.0,-237469.0,0.61,0.9989,,64096.0,KXBTC15M-26JUN201200-00,2026-06-20T15:45:00+00:00,2026-06-20T16:00:00+00:00
2026-06-20T15:53:18.881507+00:00,BUY NO (DOWN),NO,-20.0,0.9992,6.328,-115679.0,-252048.0,0.61,0.9992,,64096.0,KXBTC15M-26JUN201200-00,2026-06-20T15:45:00+00:00,2026-06-20T16:00:00+00:00
2026-06-20T15:53:28.734077+00:00,BUY NO (DOWN),NO,-20.0,0.9993,6.431,-39663.0,-177233.0,0.61,0.9993,,64096.01,KXBTC15M-26JUN201200-00,2026-06-20T15:45:00+00:00,2026-06-20T16:00:00+00:00
2026-06-20T15:55:31.233477+00:00,BUY NO (DOWN),NO,-21.99,1.0,13.059,113574.0,-41709.0,0.6699999999999999,1.0,,64094.0,KXBTC15M-26JUN201200-00,2026-06-20T15:45:00+00:00,2026-06-20T16:00:00+00:00
2026-06-20T16:03:01.017133+00:00,BUY NO (DOWN),NO,-139.24,1.0,11.968,-110672.0,-556373.0,0.78,1.0,,64028.02,KXBTC15M-26JUN201215-15,2026-06-20T16:00:00+00:00,2026-06-20T16:15:00+00:00
2026-06-20T16:33:00.135990+00:00,BUY NO (DOWN),NO,-51.11,0.9996,6.732,-393853.0,-967017.0,0.69,0.9996,,63950.0,KXBTC15M-26JUN201245-45,2026-06-20T16:30:00+00:00,2026-06-20T16:45:00+00:00
2026-06-20T16:38:17.540853+00:00,BUY NO (DOWN),NO,-20.0,0.9593,3.486,251067.0,-88772.0,0.6699999999999999,0.9593,,63978.01,KXBTC15M-26JUN201245-45,2026-06-20T16:30:00+00:00,2026-06-20T16:45:00+00:00
2026-06-20T16:38:22.702102+00:00,BUY NO (DOWN),NO,-20.0,0.9632,3.577,265406.0,-95776.0,0.6699999999999999,0.9632,,63978.01,KXBTC15M-26JUN201245-45,2026-06-20T16:30:00+00:00,2026-06-20T16:45:00+00:00
2026-06-20T16:38:26.915855+00:00,BUY NO (DOWN),NO,-20.0,0.9653,3.632,269590.0,-101570.0,0.6599999999999999,0.9653,,63978.0,KXBTC15M-26JUN201245-45,2026-06-20T16:30:00+00:00,2026-06-20T16:45:00+00:00
2026-06-20T16:38:49.425060+00:00,BUY NO (DOWN),NO,-20.84,0.9791,4.07,208542.0,-124420.0,0.64,0.9791,,63972.95,KXBTC15M-26JUN201245-45,2026-06-20T16:30:00+00:00,2026-06-20T16:45:00+00:00
2026-06-20T16:48:00.661278+00:00,BUY NO (DOWN),NO,-20.35,0.9776,4.013,22361.0,344605.0,0.64,0.9776,,63977.99,KXBTC15M-26JUN201300-00,2026-06-20T16:45:00+00:00,2026-06-20T17:00:00+00:00
2026-06-20T17:03:00.331425+00:00,BUY NO (DOWN),NO,-54.62,1.0,9.26,74384.0,982041.0,0.6799999999999999,1.0,,63979.69,KXBTC15M-26JUN201315-15,2026-06-20T17:00:00+00:00,2026-06-20T17:15:00+00:00
2026-06-20T17:18:00.894162+00:00,BUY NO (DOWN),NO,-23.11,0.9277,2.918,77154.0,-177145.0,0.5700000000000001,0.9277,,63932.9,KXBTC15M-26JUN201330-30,2026-06-20T17:15:00+00:00,2026-06-20T17:30:00+00:00
2026-06-20T17:18:32.862369+00:00,BUY NO (DOWN),NO,-24.0,0.9327,2.992,-13407.0,-205790.0,0.55,0.9327,,63932.0,KXBTC15M-26JUN201330-30,2026-06-20T17:15:00+00:00,2026-06-20T17:30:00+00:00
2026-06-20T17:19:08.502368+00:00,BUY NO (DOWN),NO,-22.21,0.9249,2.878,-184944.0,-274171.0,0.53,0.9249,,63926.01,KXBTC15M-26JUN201330-30,2026-06-20T17:15:00+00:00,2026-06-20T17:30:00+00:00
2026-06-20T17:23:02.393931+00:00,BUY NO (DOWN),NO,-21.69,0.9998,7.092,4497.0,-284982.0,0.53,0.9998,,63934.31,KXBTC15M-26JUN201330-30,2026-06-20T17:15:00+00:00,2026-06-20T17:30:00+00:00
2026-06-20T17:27:57.405853+00:00,BUY NO (DOWN),NO,-48.23,1.0,50.53,-49874.0,-335729.0,0.944,1.0,,63907.77,KXBTC15M-26JUN201330-30,2026-06-20T17:15:00+00:00,2026-06-20T17:30:00+00:00
2026-06-20T17:28:07.563756+00:00,BUY NO (DOWN),NO,-48.23,1.0,61.186,-51412.0,-274685.0,0.9410000000000001,1.0,,63907.77,KXBTC15M-26JUN201330-30,2026-06-20T17:15:00+00:00,2026-06-20T17:30:00+00:00
2026-06-20T17:35:13.722295+00:00,BUY NO (DOWN),NO,-107.56,0.9994,6.505,-1416133.0,-1215707.0,0.62,0.9994,,63808.2,KXBTC15M-26JUN201345-45,2026-06-20T17:30:00+00:00,2026-06-20T17:45:00+00:00
2026-06-20T17:39:50.997223+00:00,BUY NO (DOWN),NO,-164.73,1.0,11.77,-51931.0,-4150288.0,0.944,1.0,,63827.99,KXBTC15M-26JUN201345-45,2026-06-20T17:30:00+00:00,2026-06-20T17:45:00+00:00
2026-06-20T17:42:27.459041+00:00,BUY NO (DOWN),NO,-120.72,1.0,50.192,-234885.0,-539759.0,0.947,1.0,,63877.54,KXBTC15M-26JUN201345-45,2026-06-20T17:30:00+00:00,2026-06-20T17:45:00+00:00
2026-06-20T17:49:56.908329+00:00,BUY NO (DOWN),NO,-20.47,0.896,2.518,-132840.0,-545866.0,0.6,0.896,,63843.25,KXBTC15M-26JUN201400-00,2026-06-20T17:45:00+00:00,2026-06-20T18:00:00+00:00
2026-06-20T17:50:54.390235+00:00,BUY NO (DOWN),NO,-22.12,0.9415,3.135,16610.0,-378130.0,0.54,0.9415,,63840.01,KXBTC15M-26JUN201400-00,2026-06-20T17:45:00+00:00,2026-06-20T18:00:00+00:00
2026-06-20T17:51:21.961463+00:00,BUY NO (DOWN),NO,-22.66,0.9528,3.346,-6891.0,-373041.0,0.61,0.9528,,63841.05,KXBTC15M-26JUN201400-00,2026-06-20T17:45:00+00:00,2026-06-20T18:00:00+00:00
2026-06-20T17:54:01.896786+00:00,BUY NO (DOWN),NO,-23.7,1.0,9.154,-57336.0,-345244.0,0.56,1.0,,63840.01,KXBTC15M-26JUN201400-00,2026-06-20T17:45:00+00:00,2026-06-20T18:00:00+00:00
2026-06-20T18:08:17.083331+00:00,BUY NO (DOWN),NO,-20.69,0.9989,6.136,-314293.0,-257267.0,0.69,0.9989,,63808.19,KXBTC15M-26JUN201415-15,2026-06-20T18:00:00+00:00,2026-06-20T18:15:00+00:00
2026-06-20T18:35:03.266466+00:00,BUY NO (DOWN),NO,-20.0,0.9808,4.142,17091.0,564378.0,0.65,0.9808,,63846.0,KXBTC15M-26JUN201445-45,2026-06-20T18:30:00+00:00,2026-06-20T18:45:00+00:00
2026-06-20T18:35:08.097964+00:00,BUY NO (DOWN),NO,-20.0,0.9948,5.121,16951.0,505983.0,0.6599999999999999,0.9948,,63846.0,KXBTC15M-26JUN201445-45,2026-06-20T18:30:00+00:00,2026-06-20T18:45:00+00:00
2026-06-20T18:35:12.163871+00:00,BUY NO (DOWN),NO,-20.0,0.995,5.157,19017.0,509425.0,0.65,0.995,,63845.15,KXBTC15M-26JUN201445-45,2026-06-20T18:30:00+00:00,2026-06-20T18:45:00+00:00
2026-06-20T18:40:46.258921+00:00,BUY NO (DOWN),NO,-20.0,1.0,19.038,-52360.0,281035.0,0.8200000000000001,1.0,,63846.0,KXBTC15M-26JUN201445-45,2026-06-20T18:30:00+00:00,2026-06-20T18:45:00+00:00
2026-06-20T18:40:50.800968+00:00,BUY NO (DOWN),NO,-20.0,1.0,19.497,-47444.0,294071.0,0.79,1.0,,63846.01,KXBTC15M-26JUN201445-45,2026-06-20T18:30:00+00:00,2026-06-20T18:45:00+00:00
2026-06-20T18:40:56.377377+00:00,BUY NO (DOWN),NO,-20.0,1.0,20.096,-47418.0,298527.0,0.78,1.0,,63846.0,KXBTC15M-26JUN201445-45,2026-06-20T18:30:00+00:00,2026-06-20T18:45:00+00:00
2026-06-20T18:41:07.211832+00:00,BUY NO (DOWN),NO,-20.0,1.0,21.117,-24273.0,298090.0,0.78,1.0,,63846.0,KXBTC15M-26JUN201445-45,2026-06-20T18:30:00+00:00,2026-06-20T18:45:00+00:00
2026-06-20T18:41:17.967346+00:00,BUY NO (DOWN),NO,-20.0,1.0,22.038,-20089.0,296942.0,0.79,1.0,,63846.0,KXBTC15M-26JUN201445-45,2026-06-20T18:30:00+00:00,2026-06-20T18:45:00+00:00
2026-06-20T18:41:59.171801+00:00,BUY NO (DOWN),NO,-20.0,1.0,29.851,24184.0,265231.0,0.86,1.0,,63846.0,KXBTC15M-26JUN201445-45,2026-06-20T18:30:00+00:00,2026-06-20T18:45:00+00:00
2026-06-20T18:42:04.140872+00:00,BUY NO (DOWN),NO,-21.98,1.0,33.652,22790.0,257985.0,0.87,1.0,,63844.02,KXBTC15M-26JUN201445-45,2026-06-20T18:30:00+00:00,2026-06-20T18:45:00+00:00
2026-06-20T18:54:40.530938+00:00,BUY NO (DOWN),NO,-20.79,1.0,16.511,-57543.0,-67606.0,0.71,1.0,,63793.2,KXBTC15M-26JUN201500-00,2026-06-20T18:45:00+00:00,2026-06-20T19:00:00+00:00
2026-06-20T18:58:38.591882+00:00,BUY NO (DOWN),NO,-23.99,1.0,95.979,24218.0,-80900.0,0.909,1.0,,63795.95,KXBTC15M-26JUN201500-00,2026-06-20T18:45:00+00:00,2026-06-20T19:00:00+00:00
2026-06-20T19:18:18.039865+00:00,BUY NO (DOWN),NO,-23.51,0.998,5.742,-90150.0,98716.0,0.57,0.998,,63886.49,KXBTC15M-26JUN201530-30,2026-06-20T19:15:00+00:00,2026-06-20T19:30:00+00:00
2026-06-20T19:27:29.693791+00:00,BUY NO (DOWN),NO,-25.99,1.0,26.518,-101345.0,-148771.0,0.69,1.0,,63884.0,KXBTC15M-26JUN201530-30,2026-06-20T19:15:00+00:00,2026-06-20T19:30:00+00:00
2026-06-20T19:28:45.340271+00:00,BUY NO (DOWN),NO,-38.28,1.0,66.607,-119746.0,-410958.0,0.946,1.0,,63871.7,KXBTC15M-26JUN201530-30,2026-06-20T19:15:00+00:00,2026-06-20T19:30:00+00:00
2026-06-20T20:27:02.850380+00:00,BUY NO (DOWN),NO,-36.56,1.0,39.382,-145693.0,-139356.0,0.919,1.0,,63926.01,KXBTC15M-26JUN201630-30,2026-06-20T20:15:00+00:00,2026-06-20T20:30:00+00:00
2026-06-20T20:33:04.596575+00:00,BUY NO (DOWN),NO,-26.0,0.9992,6.347,-308220.0,-229634.0,0.5800000000000001,0.9992,,63882.01,KXBTC15M-26JUN201645-45,2026-06-20T20:30:00+00:00,2026-06-20T20:45:00+00:00
2026-06-20T21:18:00.068113+00:00,BUY NO (DOWN),NO,-37.17,0.9686,3.721,-10306.0,492585.0,0.85,0.9686,,63950.0,KXBTC15M-26JUN201730-30,2026-06-20T21:15:00+00:00,2026-06-20T21:30:00+00:00
2026-06-20T21:23:52.533201+00:00,BUY NO (DOWN),NO,-48.52,1.0,61.965,-138090.0,-220096.0,0.947,1.0,,63939.49,KXBTC15M-26JUN201730-30,2026-06-20T21:15:00+00:00,2026-06-20T21:30:00+00:00
2026-06-20T21:24:14.835049+00:00,BUY NO (DOWN),NO,-42.02,1.0,48.65,-99604.0,-198586.0,0.937,1.0,,63946.0,KXBTC15M-26JUN201730-30,2026-06-20T21:15:00+00:00,2026-06-20T21:30:00+00:00
2026-06-20T21:24:55.586782+00:00,BUY NO (DOWN),NO,-36.05,1.0,41.18,159359.0,-4087.0,0.944,1.0,,63951.95,KXBTC15M-26JUN201730-30,2026-06-20T21:15:00+00:00,2026-06-20T21:30:00+00:00
2026-06-20T21:26:14.394590+00:00,BUY NO (DOWN),NO,-26.0,1.0,16.606,-26066.0,117590.0,0.9,1.0,,63962.01,KXBTC15M-26JUN201730-30,2026-06-20T21:15:00+00:00,2026-06-20T21:30:00+00:00
2026-06-20T21:26:37.294137+00:00,BUY NO (DOWN),NO,-28.06,1.0,19.107,-154937.0,141414.0,0.944,1.0,,63959.95,KXBTC15M-26JUN201730-30,2026-06-20T21:15:00+00:00,2026-06-20T21:30:00+00:00
2026-06-20T21:57:29.372020+00:00,BUY NO (DOWN),NO,-27.4,1.0,25.395,-689138.0,-1024088.0,0.69,1.0,,64002.59,KXBTC15M-26JUN201800-00,2026-06-20T21:45:00+00:00,2026-06-20T22:00:00+00:00
2026-06-20T21:59:02.219321+00:00,BUY NO (DOWN),NO,-28.0,1.0,86.129,-58844.0,-950324.0,0.949,1.0,,64009.99,KXBTC15M-26JUN201800-00,2026-06-20T21:45:00+00:00,2026-06-20T22:00:00+00:00
2026-06-20T22:03:00.242393+00:00,BUY NO (DOWN),NO,-31.57,0.9997,6.78,-687022.0,-944633.0,0.72,0.9997,,63980.82,KXBTC15M-26JUN201815-15,2026-06-20T22:00:00+00:00,2026-06-20T22:15:00+00:00
2026-06-20T22:18:00.193913+00:00,BUY NO (DOWN),NO,-35.81,0.9923,4.85,-50786.0,-431355.0,0.74,0.9923,,64092.01,KXBTC15M-26JUN201830-30,2026-06-20T22:15:00+00:00,2026-06-20T22:30:00+00:00
2026-06-20T22:22:58.368230+00:00,BUY NO (DOWN),NO,-22.65,0.9997,6.813,161599.0,-427151.0,0.77,0.9997,,64105.17,KXBTC15M-26JUN201830-30,2026-06-20T22:15:00+00:00,2026-06-20T22:30:00+00:00
2026-06-20T22:37:07.747646+00:00,BUY NO (DOWN),NO,-29.99,0.9978,5.688,-409798.0,-1132547.0,0.63,0.9978,,64266.0,KXBTC15M-26JUN201845-45,2026-06-20T22:30:00+00:00,2026-06-20T22:45:00+00:00
2026-06-20T22:43:52.946332+00:00,BUY NO (DOWN),NO,-30.6,1.0,33.668,-459707.0,-705187.0,0.52,1.0,,64262.01,KXBTC15M-26JUN201845-45,2026-06-20T22:30:00+00:00,2026-06-20T22:45:00+00:00
2026-06-20T22:48:01.003694+00:00,BUY NO (DOWN),NO,-29.99,0.9212,2.826,-193399.0,-414800.0,0.51,0.9212,,64250.0,KXBTC15M-26JUN201900-00,2026-06-20T22:45:00+00:00,2026-06-20T23:00:00+00:00
2026-06-20T23:34:56.510642+00:00,BUY NO (DOWN),NO,-20.2,0.9994,6.474,-219925.0,-275285.0,0.54,0.9994,,64256.22,KXBTC15M-26JUN201945-45,2026-06-20T23:30:00+00:00,2026-06-20T23:45:00+00:00
2026-06-20T23:51:24.434947+00:00,BUY NO (DOWN),NO,-20.39,1.0,10.939,-24994.0,-250741.0,0.8200000000000001,1.0,,64284.01,KXBTC15M-26JUN202000-00,2026-06-20T23:45:00+00:00,2026-06-21T00:00:00+00:00
2026-06-21T00:03:01.696456+00:00,BUY NO (DOWN),NO,-43.5,1.0,8.072,-43346.0,-1682933.0,0.8200000000000001,1.0,,64254.5,KXBTC15M-26JUN202015-15,2026-06-21T00:00:00+00:00,2026-06-21T00:15:00+00:00
2026-06-21T00:07:03.117529+00:00,BUY NO (DOWN),NO,-22.84,1.0,12.415,7901.0,-159215.0,0.8,1.0,,64275.18,KXBTC15M-26JUN202015-15,2026-06-21T00:00:00+00:00,2026-06-21T00:15:00+00:00
2026-06-21T00:18:00.664445+00:00,BUY NO (DOWN),NO,-26.1,0.9992,6.281,-56521.0,1731679.0,0.52,0.9992,,64242.01,KXBTC15M-26JUN202030-30,2026-06-21T00:15:00+00:00,2026-06-21T00:30:00+00:00
2026-06-21T00:33:00.157828+00:00,BUY NO (DOWN),NO,-21.37,1.0,8.732,-29008.0,-238869.0,0.61,1.0,,64249.33,KXBTC15M-26JUN202045-45,2026-06-21T00:30:00+00:00,2026-06-21T00:45:00+00:00
2026-06-21T00:35:15.361798+00:00,BUY NO (DOWN),NO,-20.59,0.9912,4.748,585822.0,446133.0,0.55,0.9912,,64252.11,KXBTC15M-26JUN202045-45,2026-06-21T00:30:00+00:00,2026-06-21T00:45:00+00:00
2026-06-21T00:48:00.274631+00:00,BUY NO (DOWN),NO,-34.08,1.0,9.194,-74960.0,-1628003.0,0.77,1.0,,64257.63,KXBTC15M-26JUN202100-00,2026-06-21T00:45:00+00:00,2026-06-21T01:00:00+00:00
2026-06-21T00:48:54.130079+00:00,BUY NO (DOWN),NO,-22.37,0.9982,5.807,-71218.0,-2036613.0,0.6799999999999999,0.9982,,64263.63,KXBTC15M-26JUN202100-00,2026-06-21T00:45:00+00:00,2026-06-21T01:00:00+00:00
2026-06-21T01:06:57.846837+00:00,BUY NO (DOWN),NO,-21.56,0.9833,4.256,-8879.0,-2481295.0,0.69,0.9833,,64272.42,KXBTC15M-26JUN202115-15,2026-06-21T01:00:00+00:00,2026-06-21T01:15:00+00:00
2026-06-21T01:10:07.098226+00:00,BUY NO (DOWN),NO,-21.98,1.0,10.814,1083690.0,1029670.0,0.75,1.0,,64272.01,KXBTC15M-26JUN202115-15,2026-06-21T01:00:00+00:00,2026-06-21T01:15:00+00:00
2026-06-21T01:33:01.988470+00:00,BUY NO (DOWN),NO,-25.84,1.0,9.617,-3078676.0,-8826542.0,0.6799999999999999,1.0,,64216.01,KXBTC15M-26JUN202145-45,2026-06-21T01:30:00+00:00,2026-06-21T01:45:00+00:00
2026-06-21T02:18:01.352651+00:00,BUY NO (DOWN),NO,-27.21,0.9996,6.691,-16772.0,400396.0,0.6,0.9996,,64236.17,KXBTC15M-26JUN202230-30,2026-06-21T02:15:00+00:00,2026-06-21T02:30:00+00:00
2026-06-21T02:19:34.879701+00:00,BUY NO (DOWN),NO,-21.13,0.9983,5.853,-32020.0,309140.0,0.55,0.9983,,64242.24,KXBTC15M-26JUN202230-30,2026-06-21T02:15:00+00:00,2026-06-21T02:30:00+00:00
2026-06-21T02:28:32.177814+00:00,BUY NO (DOWN),NO,-32.93,1.0,309.176,-23392.0,-72778.0,0.944,1.0,,64230.44,KXBTC15M-26JUN202230-30,2026-06-21T02:15:00+00:00,2026-06-21T02:30:00+00:00
2026-06-21T02:28:39.298688+00:00,BUY NO (DOWN),NO,-32.93,1.0,334.728,-23843.0,-54749.0,0.943,1.0,,64230.43,KXBTC15M-26JUN202230-30,2026-06-21T02:15:00+00:00,2026-06-21T02:30:00+00:00
2026-06-21T03:35:53.427086+00:00,BUY NO (DOWN),NO,-23.34,0.9905,4.692,-69497.0,-231437.0,0.79,0.9905,,64334.01,KXBTC15M-26JUN202345-45,2026-06-21T03:30:00+00:00,2026-06-21T03:45:00+00:00
2026-06-21T03:48:00.265245+00:00,BUY NO (DOWN),NO,-33.99,0.9991,6.232,15373.0,860721.0,0.71,0.9991,,64418.0,KXBTC15M-26JUN210000-00,2026-06-21T03:45:00+00:00,2026-06-21T04:00:00+00:00
2026-06-21T03:51:24.205403+00:00,BUY NO (DOWN),NO,-26.06,1.0,8.016,-194408.0,1021405.0,0.65,1.0,,64425.94,KXBTC15M-26JUN210000-00,2026-06-21T03:45:00+00:00,2026-06-21T04:00:00+00:00
2026-06-21T03:54:28.096722+00:00,BUY NO (DOWN),NO,-20.0,1.0,9.878,422293.0,1239350.0,0.7,1.0,,64432.0,KXBTC15M-26JUN210000-00,2026-06-21T03:45:00+00:00,2026-06-21T04:00:00+00:00
2026-06-21T03:54:39.546126+00:00,BUY NO (DOWN),NO,-20.0,1.0,10.568,677480.0,1335862.0,0.69,1.0,,64432.02,KXBTC15M-26JUN210000-00,2026-06-21T03:45:00+00:00,2026-06-21T04:00:00+00:00
2026-06-21T03:54:54.528525+00:00,BUY NO (DOWN),NO,-25.99,1.0,14.773,859226.0,1171160.0,0.55,1.0,,64426.0,KXBTC15M-26JUN210000-00,2026-06-21T03:45:00+00:00,2026-06-21T04:00:00+00:00
2026-06-21T03:55:40.315678+00:00,BUY NO (DOWN),NO,-20.0,1.0,13.985,46843.0,788556.0,0.75,1.0,,64430.01,KXBTC15M-26JUN210000-00,2026-06-21T03:45:00+00:00,2026-06-21T04:00:00+00:00
2026-06-21T04:04:11.243277+00:00,BUY NO (DOWN),NO,-21.99,0.9991,6.214,77950.0,-672850.0,0.63,0.9991,,64398.0,KXBTC15M-26JUN210015-15,2026-06-21T04:00:00+00:00,2026-06-21T04:15:00+00:00
2026-06-21T04:05:01.128356+00:00,BUY NO (DOWN),NO,-20.0,0.995,5.154,645406.0,747468.0,0.6599999999999999,0.995,,64404.01,KXBTC15M-26JUN210015-15,2026-06-21T04:00:00+00:00,2026-06-21T04:15:00+00:00
2026-06-21T04:11:12.847360+00:00,BUY NO (DOWN),NO,-24.0,1.0,23.906,147408.0,737956.0,0.87,1.0,,64400.01,KXBTC15M-26JUN210015-15,2026-06-21T04:00:00+00:00,2026-06-21T04:15:00+00:00
2026-06-21T04:11:29.828869+00:00,BUY NO (DOWN),NO,-37.99,1.0,40.391,125678.0,761914.0,0.948,1.0,,64388.01,KXBTC15M-26JUN210015-15,2026-06-21T04:00:00+00:00,2026-06-21T04:15:00+00:00
2026-06-21T04:12:55.343635+00:00,BUY NO (DOWN),NO,-22.07,1.0,34.066,150880.0,705036.0,0.95,1.0,,64403.93,KXBTC15M-26JUN210015-15,2026-06-21T04:00:00+00:00,2026-06-21T04:15:00+00:00
2026-06-21T04:37:14.172189+00:00,BUY NO (DOWN),NO,-23.1,0.9771,3.995,-219185.0,224962.0,0.72,0.9771,,64504.01,KXBTC15M-26JUN210045-45,2026-06-21T04:30:00+00:00,2026-06-21T04:45:00+00:00
2026-06-21T04:38:34.239100+00:00,BUY NO (DOWN),NO,-24.0,0.9948,5.126,68138.0,132274.0,0.75,0.9948,,64506.0,KXBTC15M-26JUN210045-45,2026-06-21T04:30:00+00:00,2026-06-21T04:45:00+00:00
2026-06-21T04:42:00.131639+00:00,BUY NO (DOWN),NO,-20.01,1.0,9.114,201784.0,386067.0,0.85,1.0,,64510.01,KXBTC15M-26JUN210045-45,2026-06-21T04:30:00+00:00,2026-06-21T04:45:00+00:00
2026-06-21T04:43:21.104161+00:00,BUY NO (DOWN),NO,-23.08,1.0,37.152,69102.0,464335.0,0.944,1.0,,64506.94,KXBTC15M-26JUN210045-45,2026-06-21T04:30:00+00:00,2026-06-21T04:45:00+00:00
2026-06-21T04:48:00.876959+00:00,BUY NO (DOWN),NO,-20.0,0.9942,5.053,68007.0,78925.0,0.71,0.9942,,64468.01,KXBTC15M-26JUN210100-00,2026-06-21T04:45:00+00:00,2026-06-21T05:00:00+00:00
2026-06-21T04:49:24.305010+00:00,BUY NO (DOWN),NO,-20.0,0.998,5.771,53920.0,88583.0,0.72,0.998,,64468.01,KXBTC15M-26JUN210100-00,2026-06-21T04:45:00+00:00,2026-06-21T05:00:00+00:00
2026-06-21T04:49:30.254499+00:00,BUY NO (DOWN),NO,-20.0,0.9984,5.892,42709.0,67202.0,0.75,0.9984,,64468.02,KXBTC15M-26JUN210100-00,2026-06-21T04:45:00+00:00,2026-06-21T05:00:00+00:00
2026-06-21T04:49:33.057428+00:00,BUY NO (DOWN),NO,-20.0,0.9987,6.037,45426.0,71338.0,0.76,0.9987,,64468.01,KXBTC15M-26JUN210100-00,2026-06-21T04:45:00+00:00,2026-06-21T05:00:00+00:00
2026-06-21T04:49:37.289842+00:00,BUY NO (DOWN),NO,-20.0,0.9988,6.075,41348.0,81486.0,0.76,0.9988,,64468.02,KXBTC15M-26JUN210100-00,2026-06-21T04:45:00+00:00,2026-06-21T05:00:00+00:00
2026-06-21T04:49:41.086866+00:00,BUY NO (DOWN),NO,-20.0,0.9989,6.14,43797.0,93655.0,0.77,0.9989,,64468.02,KXBTC15M-26JUN210100-00,2026-06-21T04:45:00+00:00,2026-06-21T05:00:00+00:00
2026-06-21T04:49:45.051042+00:00,BUY NO (DOWN),NO,-20.0,0.9991,6.211,23682.0,74133.0,0.77,0.9991,,64468.02,KXBTC15M-26JUN210100-00,2026-06-21T04:45:00+00:00,2026-06-21T05:00:00+00:00
2026-06-21T04:49:53.103540+00:00,BUY NO (DOWN),NO,-20.0,0.9994,6.442,-9718.0,63829.0,0.74,0.9994,,64468.01,KXBTC15M-26JUN210100-00,2026-06-21T04:45:00+00:00,2026-06-21T05:00:00+00:00
2026-06-21T04:50:00.443095+00:00,BUY NO (DOWN),NO,-22.0,0.9999,7.538,-13087.0,101499.0,0.74,0.9999,,64463.81,KXBTC15M-26JUN210100-00,2026-06-21T04:45:00+00:00,2026-06-21T05:00:00+00:00
2026-06-21T05:06:13.339679+00:00,BUY NO (DOWN),NO,-24.12,1.0,8.293,-46769.0,242247.0,0.71,1.0,,64245.36,KXBTC15M-26JUN210115-15,2026-06-21T05:00:00+00:00,2026-06-21T05:15:00+00:00
2026-06-21T05:11:17.962131+00:00,BUY NO (DOWN),NO,-22.11,1.0,20.532,-137021.0,52873.0,0.85,1.0,,64254.01,KXBTC15M-26JUN210115-15,2026-06-21T05:00:00+00:00,2026-06-21T05:15:00+00:00
2026-06-21T05:12:38.016740+00:00,BUY NO (DOWN),NO,-28.12,1.0,48.499,-69024.0,-75110.0,0.949,1.0,,64248.0,KXBTC15M-26JUN210115-15,2026-06-21T05:00:00+00:00,2026-06-21T05:15:00+00:00
2026-06-21T05:48:00.972317+00:00,BUY NO (DOWN),NO,-43.92,1.0,9.03,-230658.0,-936197.0,0.83,1.0,,64256.16,KXBTC15M-26JUN210200-00,2026-06-21T05:45:00+00:00,2026-06-21T06:00:00+00:00
2026-06-21T05:52:06.485241+00:00,BUY NO (DOWN),NO,-59.63,1.0,29.325,-214531.0,-586164.0,0.9359999999999999,1.0,,64247.98,KXBTC15M-26JUN210200-00,2026-06-21T05:45:00+00:00,2026-06-21T06:00:00+00:00
2026-06-21T06:03:00.110504+00:00,BUY NO (DOWN),NO,-25.58,1.0,12.698,-45457.0,-291431.0,0.6799999999999999,1.0,,64230.98,KXBTC15M-26JUN210215-15,2026-06-21T06:00:00+00:00,2026-06-21T06:15:00+00:00
2026-06-21T06:10:27.142385+00:00,BUY NO (DOWN),NO,-42.56,1.0,47.098,-9477.0,-68246.0,0.948,1.0,,64214.0,KXBTC15M-26JUN210215-15,2026-06-21T06:00:00+00:00,2026-06-21T06:15:00+00:00
2026-06-21T06:10:39.668073+00:00,BUY NO (DOWN),NO,-40.57,1.0,46.785,-3593.0,-52216.0,0.9410000000000001,1.0,,64215.99,KXBTC15M-26JUN210215-15,2026-06-21T06:00:00+00:00,2026-06-21T06:15:00+00:00
2026-06-21T07:03:00.307276+00:00,BUY NO (DOWN),NO,-50.99,1.0,11.512,-250197.0,1411314.0,0.86,1.0,,64252.48,KXBTC15M-26JUN210315-15,2026-06-21T07:00:00+00:00,2026-06-21T07:15:00+00:00
2026-06-21T07:10:25.953232+00:00,BUY NO (DOWN),NO,-50.66,1.0,45.556,-990273.0,-1154586.0,0.929,1.0,,64252.8,KXBTC15M-26JUN210315-15,2026-06-21T07:00:00+00:00,2026-06-21T07:15:00+00:00
2026-06-21T07:10:55.047198+00:00,BUY NO (DOWN),NO,-44.23,1.0,41.941,-978358.0,-1146546.0,0.947,1.0,,64259.23,KXBTC15M-26JUN210315-15,2026-06-21T07:00:00+00:00,2026-06-21T07:15:00+00:00
2026-06-21T07:11:09.975225+00:00,BUY NO (DOWN),NO,-41.47,1.0,41.561,19051.0,-1127741.0,0.917,1.0,,64262.0,KXBTC15M-26JUN210315-15,2026-06-21T07:00:00+00:00,2026-06-21T07:15:00+00:00
2026-06-21T07:12:02.895251+00:00,BUY NO (DOWN),NO,-34.03,1.0,46.355,-10895.0,-1131470.0,0.946,1.0,,64269.44,KXBTC15M-26JUN210315-15,2026-06-21T07:00:00+00:00,2026-06-21T07:15:00+00:00
2026-06-21T07:22:38.370971+00:00,BUY NO (DOWN),NO,-25.99,1.0,10.986,-57028.0,-1364755.0,0.88,1.0,,64232.0,KXBTC15M-26JUN210330-30,2026-06-21T07:15:00+00:00,2026-06-21T07:30:00+00:00
2026-06-21T07:48:00.953040+00:00,BUY NO (DOWN),NO,-21.96,0.979,4.068,-373759.0,-105545.0,0.68,0.979,,64236.04,KXBTC15M-26JUN210400-00,2026-06-21T07:45:00+00:00,2026-06-21T08:00:00+00:00
2026-06-21T07:50:20.865610+00:00,BUY NO (DOWN),NO,-20.0,1.0,9.884,222419.0,-285236.0,0.84,1.0,,64238.0,KXBTC15M-26JUN210400-00,2026-06-21T07:45:00+00:00,2026-06-21T08:00:00+00:00
2026-06-21T07:50:23.805797+00:00,BUY NO (DOWN),NO,-20.0,1.0,9.943,228763.0,-285518.0,0.84,1.0,,64237.99,KXBTC15M-26JUN210400-00,2026-06-21T07:45:00+00:00,2026-06-21T08:00:00+00:00
2026-06-21T07:50:36.585061+00:00,BUY NO (DOWN),NO,-20.0,1.0,10.09,225482.0,-289169.0,0.82,1.0,,64237.99,KXBTC15M-26JUN210400-00,2026-06-21T07:45:00+00:00,2026-06-21T08:00:00+00:00
2026-06-21T07:50:49.834893+00:00,BUY NO (DOWN),NO,-20.0,1.0,10.637,227586.0,-247891.0,0.81,1.0,,64237.99,KXBTC15M-26JUN210400-00,2026-06-21T07:45:00+00:00,2026-06-21T08:00:00+00:00
2026-06-21T07:50:52.383576+00:00,BUY NO (DOWN),NO,-20.0,1.0,10.648,205849.0,-267967.0,0.75,1.0,,64237.99,KXBTC15M-26JUN210400-00,2026-06-21T07:45:00+00:00,2026-06-21T08:00:00+00:00
2026-06-21T08:06:12.098326+00:00,BUY NO (DOWN),NO,-21.91,1.0,8.421,-91613.0,-535724.0,0.77,1.0,,64178.01,KXBTC15M-26JUN210415-15,2026-06-21T08:00:00+00:00,2026-06-21T08:15:00+00:00
2026-06-21T08:08:32.207124+00:00,BUY NO (DOWN),NO,-61.91,1.0,27.098,-421061.0,-1357929.0,0.942,1.0,,64138.0,KXBTC15M-26JUN210415-15,2026-06-21T08:00:00+00:00,2026-06-21T08:15:00+00:00
2026-06-21T08:08:50.839402+00:00,BUY NO (DOWN),NO,-61.91,1.0,29.045,85451.0,-1326991.0,0.947,1.0,,64138.0,KXBTC15M-26JUN210415-15,2026-06-21T08:00:00+00:00,2026-06-21T08:15:00+00:00
2026-06-21T08:11:58.177985+00:00,BUY NO (DOWN),NO,-38.11,1.0,29.942,873398.0,193740.0,0.948,1.0,,64161.8,KXBTC15M-26JUN210415-15,2026-06-21T08:00:00+00:00,2026-06-21T08:15:00+00:00
2026-06-21T08:19:36.856177+00:00,BUY NO (DOWN),NO,-20.0,1.0,8.019,-85664.0,1145795.0,0.81,1.0,,64098.01,KXBTC15M-26JUN210430-30,2026-06-21T08:15:00+00:00,2026-06-21T08:30:00+00:00
2026-06-21T08:19:40.022435+00:00,BUY NO (DOWN),NO,-21.99,1.0,8.868,-103665.0,1129178.0,0.8200000000000001,1.0,,64096.01,KXBTC15M-26JUN210430-30,2026-06-21T08:15:00+00:00,2026-06-21T08:30:00+00:00
2026-06-21T08:20:55.175672+00:00,BUY NO (DOWN),NO,-43.99,1.0,12.859,-373774.0,1219088.0,0.94,1.0,,64074.01,KXBTC15M-26JUN210430-30,2026-06-21T08:15:00+00:00,2026-06-21T08:30:00+00:00
2026-06-21T08:21:54.292910+00:00,BUY NO (DOWN),NO,-49.99,1.0,18.491,135343.0,1553271.0,0.944,1.0,,64068.01,KXBTC15M-26JUN210430-30,2026-06-21T08:15:00+00:00,2026-06-21T08:30:00+00:00
2026-06-21T08:22:21.584050+00:00,BUY NO (DOWN),NO,-47.74,1.0,18.737,54191.0,1626345.0,0.949,1.0,,64070.26,KXBTC15M-26JUN210430-30,2026-06-21T08:15:00+00:00,2026-06-21T08:30:00+00:00
2026-06-21T08:25:11.228038+00:00,BUY NO (DOWN),NO,-32.01,1.0,27.155,110826.0,-104630.0,0.944,1.0,,64086.0,KXBTC15M-26JUN210430-30,2026-06-21T08:15:00+00:00,2026-06-21T08:30:00+00:00
2026-06-21T08:33:00.238901+00:00,BUY NO (DOWN),NO,-36.69,1.0,8.982,-314594.0,-798753.0,0.8200000000000001,1.0,,64016.5,KXBTC15M-26JUN210445-45,2026-06-21T08:30:00+00:00,2026-06-21T08:45:00+00:00
2026-06-21T08:37:00.117778+00:00,BUY NO (DOWN),NO,-87.94,1.0,14.067,176285.0,-841309.0,0.925,1.0,,63965.25,KXBTC15M-26JUN210445-45,2026-06-21T08:30:00+00:00,2026-06-21T08:45:00+00:00
2026-06-21T08:37:33.485617+00:00,BUY NO (DOWN),NO,-75.34,1.0,12.571,-3857.0,-783316.0,0.943,1.0,,63977.85,KXBTC15M-26JUN210445-45,2026-06-21T08:30:00+00:00,2026-06-21T08:45:00+00:00
2026-06-21T08:48:01.368510+00:00,BUY NO (DOWN),NO,-32.42,0.9979,5.723,463524.0,304830.0,0.61,0.9979,,63950.32,KXBTC15M-26JUN210500-00,2026-06-21T08:45:00+00:00,2026-06-21T09:00:00+00:00
2026-06-21T08:54:58.946384+00:00,BUY NO (DOWN),NO,-22.74,1.0,12.899,-799910.0,-934936.0,0.5700000000000001,1.0,,63954.45,KXBTC15M-26JUN210500-00,2026-06-21T08:45:00+00:00,2026-06-21T09:00:00+00:00
2026-06-21T09:03:00.416442+00:00,BUY NO (DOWN),NO,-36.38,0.9871,4.459,-195336.0,-750092.0,0.7,0.9871,,63977.62,KXBTC15M-26JUN210515-15,2026-06-21T09:00:00+00:00,2026-06-21T09:15:00+00:00
2026-06-21T09:05:48.822436+00:00,BUY NO (DOWN),NO,-28.0,0.9807,4.138,-159526.0,-1327784.0,0.5900000000000001,0.9807,,63986.0,KXBTC15M-26JUN210515-15,2026-06-21T09:00:00+00:00,2026-06-21T09:15:00+00:00
2026-06-21T10:55:29.222145+00:00,BUY NO (DOWN),NO,-21.98,1.0,12.917,-80612.0,-646602.0,0.75,1.0,,64328.01,KXBTC15M-26JUN210700-00,2026-06-21T10:45:00+00:00,2026-06-21T11:00:00+00:00
2026-06-21T11:05:52.327140+00:00,BUY NO (DOWN),NO,-21.99,0.9474,3.24,127484.0,325000.0,0.5800000000000001,0.9474,,64344.01,KXBTC15M-26JUN210715-15,2026-06-21T11:00:00+00:00,2026-06-21T11:15:00+00:00
2026-06-21T11:18:01.158706+00:00,BUY NO (DOWN),NO,-194.0,1.0,22.511,-643874.0,-827309.0,0.923,1.0,,64214.0,KXBTC15M-26JUN210730-30,2026-06-21T11:15:00+00:00,2026-06-21T11:30:00+00:00
2026-06-21T11:19:09.730345+00:00,BUY NO (DOWN),NO,-210.01,1.0,15.888,-437200.0,-1425465.0,0.945,1.0,,64200.0,KXBTC15M-26JUN210730-30,2026-06-21T11:15:00+00:00,2026-06-21T11:30:00+00:00
2026-06-21T11:19:44.566505+00:00,BUY NO (DOWN),NO,-222.44,1.0,17.732,-43133.0,-1676796.0,0.937,1.0,,64190.92,KXBTC15M-26JUN210730-30,2026-06-21T11:15:00+00:00,2026-06-21T11:30:00+00:00
2026-06-21T11:33:01.465760+00:00,BUY NO (DOWN),NO,-126.75,1.0,16.007,-108057.0,65367.0,0.88,1.0,,64258.0,KXBTC15M-26JUN210745-45,2026-06-21T11:30:00+00:00,2026-06-21T11:45:00+00:00
2026-06-21T11:48:00.168763+00:00,BUY NO (DOWN),NO,-35.64,0.9996,6.683,68028.0,333166.0,0.64,0.9996,,64258.01,KXBTC15M-26JUN210800-00,2026-06-21T11:45:00+00:00,2026-06-21T12:00:00+00:00
2026-06-21T11:50:08.181318+00:00,BUY NO (DOWN),NO,-31.65,0.997,5.497,154905.0,778499.0,0.54,0.997,,64256.86,KXBTC15M-26JUN210800-00,2026-06-21T11:45:00+00:00,2026-06-21T12:00:00+00:00
2026-06-21T11:50:59.533531+00:00,BUY NO (DOWN),NO,-147.26,1.0,22.441,-405034.0,412224.0,0.95,1.0,,64151.93,KXBTC15M-26JUN210800-00,2026-06-21T11:45:00+00:00,2026-06-21T12:00:00+00:00
2026-06-21T11:52:11.165995+00:00,BUY NO (DOWN),NO,-144.78,1.0,23.482,-962529.0,-512513.0,0.943,1.0,,64148.87,KXBTC15M-26JUN210800-00,2026-06-21T11:45:00+00:00,2026-06-21T12:00:00+00:00
2026-06-21T11:52:27.224951+00:00,BUY NO (DOWN),NO,-139.76,1.0,23.499,-851895.0,-533139.0,0.948,1.0,,64153.9,KXBTC15M-26JUN210800-00,2026-06-21T11:45:00+00:00,2026-06-21T12:00:00+00:00
2026-06-21T12:03:00.802665+00:00,BUY NO (DOWN),NO,-40.0,1.0,7.934,-44623.0,-228886.0,0.62,1.0,,64136.0,KXBTC15M-26JUN210815-15,2026-06-21T12:00:00+00:00,2026-06-21T12:15:00+00:00
2026-06-21T12:11:51.199993+00:00,BUY NO (DOWN),NO,-35.57,1.0,19.059,-477513.0,-499957.0,0.81,1.0,,64136.01,KXBTC15M-26JUN210815-15,2026-06-21T12:00:00+00:00,2026-06-21T12:15:00+00:00
2026-06-21T12:12:35.243401+00:00,BUY NO (DOWN),NO,-68.0,1.0,40.2,-746392.0,-794687.0,0.86,1.0,,64110.0,KXBTC15M-26JUN210815-15,2026-06-21T12:00:00+00:00,2026-06-21T12:15:00+00:00
2026-06-21T12:13:10.168087+00:00,BUY NO (DOWN),NO,-72.01,1.0,54.177,-411587.0,-943932.0,0.9410000000000001,1.0,,64103.99,KXBTC15M-26JUN210815-15,2026-06-21T12:00:00+00:00,2026-06-21T12:15:00+00:00
2026-06-21T12:18:19.963177+00:00,BUY NO (DOWN),NO,-49.56,0.9872,4.464,-347242.0,-1132612.0,0.64,0.9872,,64024.01,KXBTC15M-26JUN210830-30,2026-06-21T12:15:00+00:00,2026-06-21T12:30:00+00:00
2026-06-21T12:26:25.894524+00:00,BUY NO (DOWN),NO,-59.99,1.0,30.093,-72243.0,-113006.0,0.943,1.0,,64020.0,KXBTC15M-26JUN210830-30,2026-06-21T12:15:00+00:00,2026-06-21T12:30:00+00:00
2026-06-21T12:27:01.023451+00:00,BUY NO (DOWN),NO,-40.0,1.0,23.279,39811.0,-136236.0,0.933,1.0,,64037.99,KXBTC15M-26JUN210830-30,2026-06-21T12:15:00+00:00,2026-06-21T12:30:00+00:00
2026-06-21T12:27:20.433380+00:00,BUY NO (DOWN),NO,-47.98,1.0,31.437,50955.0,-118474.0,0.946,1.0,,64030.01,KXBTC15M-26JUN210830-30,2026-06-21T12:15:00+00:00,2026-06-21T12:30:00+00:00
2026-06-21T12:35:41.153085+00:00,BUY NO (DOWN),NO,-21.55,0.9751,3.923,-957225.0,-1669194.0,0.6699999999999999,0.9751,,63998.01,KXBTC15M-26JUN210845-45,2026-06-21T12:30:00+00:00,2026-06-21T12:45:00+00:00
2026-06-21T13:03:00.359070+00:00,BUY NO (DOWN),NO,-52.34,1.0,9.917,-2680.0,33926.0,0.76,1.0,,64136.0,KXBTC15M-26JUN210915-15,2026-06-21T13:00:00+00:00,2026-06-21T13:15:00+00:00
2026-06-21T13:07:06.182129+00:00,BUY NO (DOWN),NO,-26.34,0.9995,6.631,48800.0,313851.0,0.6599999999999999,0.9995,,64162.01,KXBTC15M-26JUN210915-15,2026-06-21T13:00:00+00:00,2026-06-21T13:15:00+00:00
2026-06-21T13:08:44.626927+00:00,BUY NO (DOWN),NO,-30.34,1.0,9.686,3462.0,364299.0,0.73,1.0,,64158.01,KXBTC15M-26JUN210915-15,2026-06-21T13:00:00+00:00,2026-06-21T13:15:00+00:00
2026-06-21T13:11:34.219787+00:00,BUY NO (DOWN),NO,-20.34,1.0,14.139,495498.0,622061.0,0.83,1.0,,64168.0,KXBTC15M-26JUN210915-15,2026-06-21T13:00:00+00:00,2026-06-21T13:15:00+00:00
2026-06-21T13:33:01.424411+00:00,BUY NO (DOWN),NO,-84.25,1.0,16.086,-487213.0,-608102.0,0.85,1.0,,64079.78,KXBTC15M-26JUN210945-45,2026-06-21T13:30:00+00:00,2026-06-21T13:45:00+00:00
2026-06-21T13:36:04.481916+00:00,BUY NO (DOWN),NO,-129.99,1.0,27.747,-2033.0,-834555.0,0.9410000000000001,1.0,,64038.0,KXBTC15M-26JUN210945-45,2026-06-21T13:30:00+00:00,2026-06-21T13:45:00+00:00
2026-06-21T13:36:51.483796+00:00,BUY NO (DOWN),NO,-135.99,1.0,30.621,-358101.0,-1159190.0,0.929,1.0,,64028.0,KXBTC15M-26JUN210945-45,2026-06-21T13:30:00+00:00,2026-06-21T13:45:00+00:00
2026-06-21T14:03:00.519373+00:00,BUY NO (DOWN),NO,-27.68,0.9999,7.674,-48072.0,44739.0,0.6799999999999999,0.9999,,64118.33,KXBTC15M-26JUN211015-15,2026-06-21T14:00:00+00:00,2026-06-21T14:15:00+00:00
2026-06-21T14:07:31.599116+00:00,BUY NO (DOWN),NO,-22.0,1.0,9.834,-106523.0,203019.0,0.6799999999999999,1.0,,64124.01,KXBTC15M-26JUN211015-15,2026-06-21T14:00:00+00:00,2026-06-21T14:15:00+00:00
2026-06-21T14:09:37.322771+00:00,BUY NO (DOWN),NO,-65.99,1.0,30.995,-269827.0,-81618.0,0.949,1.0,,64080.0,KXBTC15M-26JUN211015-15,2026-06-21T14:00:00+00:00,2026-06-21T14:15:00+00:00
2026-06-21T14:09:49.350241+00:00,BUY NO (DOWN),NO,-60.44,1.0,28.782,-238608.0,-55539.0,0.9410000000000001,1.0,,64085.56,KXBTC15M-26JUN211015-15,2026-06-21T14:00:00+00:00,2026-06-21T14:15:00+00:00
2026-06-21T14:09:58.344030+00:00,BUY NO (DOWN),NO,-60.44,1.0,29.677,-239249.0,-56739.0,0.9410000000000001,1.0,,64085.57,KXBTC15M-26JUN211015-15,2026-06-21T14:00:00+00:00,2026-06-21T14:15:00+00:00
2026-06-21T14:10:47.406516+00:00,BUY NO (DOWN),NO,-50.0,1.0,29.679,49099.0,-106594.0,0.94,1.0,,64096.0,KXBTC15M-26JUN211015-15,2026-06-21T14:00:00+00:00,2026-06-21T14:15:00+00:00
2026-06-21T14:18:00.632383+00:00,BUY NO (DOWN),NO,-22.53,0.9975,5.623,-62648.0,-543186.0,0.6699999999999999,0.9975,,64051.49,KXBTC15M-26JUN211030-30,2026-06-21T14:15:00+00:00,2026-06-21T14:30:00+00:00
2026-06-21T14:27:01.173680+00:00,BUY NO (DOWN),NO,-20.01,1.0,16.313,-20403.0,699931.0,0.8,1.0,,64054.01,KXBTC15M-26JUN211030-30,2026-06-21T14:15:00+00:00,2026-06-21T14:30:00+00:00
2026-06-21T14:28:00.784817+00:00,BUY NO (DOWN),NO,-31.66,1.0,40.745,-37885.0,580334.0,0.949,1.0,,64042.36,KXBTC15M-26JUN211030-30,2026-06-21T14:15:00+00:00,2026-06-21T14:30:00+00:00
2026-06-21T14:34:49.531855+00:00,BUY NO (DOWN),NO,-22.81,1.0,8.217,-10469.0,-1382553.0,0.6699999999999999,1.0,,64011.09,KXBTC15M-26JUN211045-45,2026-06-21T14:30:00+00:00,2026-06-21T14:45:00+00:00
2026-06-21T14:48:00.511413+00:00,BUY NO (DOWN),NO,-37.98,1.0,9.075,-38212.0,-290519.0,0.72,1.0,,64018.06,KXBTC15M-26JUN211100-00,2026-06-21T14:45:00+00:00,2026-06-21T15:00:00+00:00
2026-06-21T14:48:49.935474+00:00,BUY NO (DOWN),NO,-21.25,0.9987,6.01,29966.0,-124023.0,0.6799999999999999,0.9987,,64034.78,KXBTC15M-26JUN211100-00,2026-06-21T14:45:00+00:00,2026-06-21T15:00:00+00:00
2026-06-21T15:33:00.942548+00:00,BUY NO (DOWN),NO,-51.6,1.0,10.256,32414.0,-63169.0,0.8200000000000001,1.0,,64209.37,KXBTC15M-26JUN211145-45,2026-06-21T15:30:00+00:00,2026-06-21T15:45:00+00:00
2026-06-21T15:49:11.300256+00:00,BUY NO (DOWN),NO,-25.99,0.9993,6.362,-179898.0,-222270.0,0.65,0.9993,,64274.0,KXBTC15M-26JUN211200-00,2026-06-21T15:45:00+00:00,2026-06-21T16:00:00+00:00
2026-06-21T15:54:09.753978+00:00,BUY NO (DOWN),NO,-45.62,1.0,17.759,28308.0,-308140.0,0.946,1.0,,64254.38,KXBTC15M-26JUN211200-00,2026-06-21T15:45:00+00:00,2026-06-21T16:00:00+00:00
2026-06-21T16:05:52.298088+00:00,BUY NO (DOWN),NO,-23.99,0.9984,5.913,-86715.0,167244.0,0.75,0.9984,,64200.0,KXBTC15M-26JUN211215-15,2026-06-21T16:00:00+00:00,2026-06-21T16:15:00+00:00
2026-06-21T16:07:27.599484+00:00,BUY NO (DOWN),NO,-20.0,0.9992,6.291,17143.0,-18800.0,0.8,0.9992,,64204.01,KXBTC15M-26JUN211215-15,2026-06-21T16:00:00+00:00,2026-06-21T16:15:00+00:00
2026-06-21T16:07:32.271845+00:00,BUY NO (DOWN),NO,-27.92,1.0,8.607,-161338.0,-193380.0,0.8,1.0,,64196.08,KXBTC15M-26JUN211215-15,2026-06-21T16:00:00+00:00,2026-06-21T16:15:00+00:00
2026-06-21T16:09:22.982197+00:00,BUY NO (DOWN),NO,-26.0,1.0,9.989,9020.0,-153931.0,0.81,1.0,,64198.01,KXBTC15M-26JUN211215-15,2026-06-21T16:00:00+00:00,2026-06-21T16:15:00+00:00
2026-06-21T16:33:00.961462+00:00,BUY NO (DOWN),NO,-35.68,0.9997,6.866,-341881.0,-1516902.0,0.6799999999999999,0.9997,,64150.12,KXBTC15M-26JUN211245-45,2026-06-21T16:30:00+00:00,2026-06-21T16:45:00+00:00
2026-06-21T17:18:00.894735+00:00,BUY NO (DOWN),NO,-30.85,1.0,10.722,-22379.0,-567242.0,0.76,1.0,,64170.29,KXBTC15M-26JUN211330-30,2026-06-21T17:15:00+00:00,2026-06-21T17:30:00+00:00
2026-06-21T17:23:51.077393+00:00,BUY NO (DOWN),NO,-57.92,1.0,57.227,52381.0,-1572.0,0.933,1.0,,64152.25,KXBTC15M-26JUN211330-30,2026-06-21T17:15:00+00:00,2026-06-21T17:30:00+00:00
2026-06-21T17:33:00.018362+00:00,BUY NO (DOWN),NO,-22.6,0.9622,3.554,-74296.0,223249.0,0.69,0.9622,,64081.99,KXBTC15M-26JUN211345-45,2026-06-21T17:30:00+00:00,2026-06-21T17:45:00+00:00
2026-06-21T17:33:48.669244+00:00,BUY NO (DOWN),NO,-24.57,0.9883,4.536,1189.0,300500.0,0.69,0.9883,,64080.02,KXBTC15M-26JUN211345-45,2026-06-21T17:30:00+00:00,2026-06-21T17:45:00+00:00
2026-06-21T17:38:02.218716+00:00,BUY NO (DOWN),NO,-22.58,1.0,11.55,-20546.0,-136775.0,0.76,1.0,,64082.0,KXBTC15M-26JUN211345-45,2026-06-21T17:30:00+00:00,2026-06-21T17:45:00+00:00
2026-06-21T17:41:18.415654+00:00,BUY NO (DOWN),NO,-24.58,1.0,38.635,-75169.0,136657.0,0.923,1.0,,64080.01,KXBTC15M-26JUN211345-45,2026-06-21T17:30:00+00:00,2026-06-21T17:45:00+00:00
2026-06-21T18:03:00.207738+00:00,BUY NO (DOWN),NO,-127.54,1.0,16.211,-323381.0,-670790.0,0.933,1.0,,64023.92,KXBTC15M-26JUN211415-15,2026-06-21T18:00:00+00:00,2026-06-21T18:15:00+00:00
2026-06-21T18:03:40.417779+00:00,BUY NO (DOWN),NO,-149.47,1.0,18.157,-594866.0,-1266017.0,0.948,1.0,,64002.36,KXBTC15M-26JUN211415-15,2026-06-21T18:00:00+00:00,2026-06-21T18:15:00+00:00
2026-06-21T18:04:09.540183+00:00,BUY NO (DOWN),NO,-155.47,1.0,19.218,-542611.0,-1269627.0,0.946,1.0,,63995.99,KXBTC15M-26JUN211415-15,2026-06-21T18:00:00+00:00,2026-06-21T18:15:00+00:00
2026-06-21T18:05:15.154464+00:00,BUY NO (DOWN),NO,-154.1,1.0,22.707,-128309.0,-1288690.0,0.95,1.0,,63997.36,KXBTC15M-26JUN211415-15,2026-06-21T18:00:00+00:00,2026-06-21T18:15:00+00:00
2026-06-21T18:49:08.597205+00:00,BUY NO (DOWN),NO,-20.97,0.9386,3.086,-54449.0,19116.0,0.5900000000000001,0.9386,,64165.04,KXBTC15M-26JUN211500-00,2026-06-21T18:45:00+00:00,2026-06-21T19:00:00+00:00
2026-06-21T18:52:05.052763+00:00,BUY NO (DOWN),NO,-24.0,0.9976,5.636,-89049.0,668078.0,0.64,0.9976,,64160.0,KXBTC15M-26JUN211500-00,2026-06-21T18:45:00+00:00,2026-06-21T19:00:00+00:00
2026-06-21T19:04:55.586932+00:00,BUY NO (DOWN),NO,-29.3,0.9687,3.723,-121348.0,498199.0,0.58,0.9687,,64178.0,KXBTC15M-26JUN211515-15,2026-06-21T19:00:00+00:00,2026-06-21T19:15:00+00:00
2026-06-21T19:18:00.226600+00:00,BUY NO (DOWN),NO,-23.44,0.9997,6.879,3712.0,-17207.0,0.74,0.9997,,64196.57,KXBTC15M-26JUN211530-30,2026-06-21T19:15:00+00:00,2026-06-21T19:30:00+00:00
2026-06-21T19:18:49.579601+00:00,BUY NO (DOWN),NO,-20.89,0.9994,6.521,66164.0,59670.0,0.71,0.9994,,64199.12,KXBTC15M-26JUN211530-30,2026-06-21T19:15:00+00:00,2026-06-21T19:30:00+00:00
2026-06-21T19:35:10.262695+00:00,BUY NO (DOWN),NO,-22.68,1.0,8.048,-479108.0,-548700.0,0.69,1.0,,64196.71,KXBTC15M-26JUN211545-45,2026-06-21T19:30:00+00:00,2026-06-21T19:45:00+00:00
2026-06-21T19:48:00.529043+00:00,BUY NO (DOWN),NO,-31.4,1.0,8.319,-250220.0,-584048.0,0.79,1.0,,64182.59,KXBTC15M-26JUN211600-00,2026-06-21T19:45:00+00:00,2026-06-21T20:00:00+00:00
2026-06-21T20:03:05.488984+00:00,BUY NO (DOWN),NO,-24.1,1.0,7.796,-242840.0,-25005.0,0.6699999999999999,1.0,,64183.03,KXBTC15M-26JUN211615-15,2026-06-21T20:00:00+00:00,2026-06-21T20:15:00+00:00
2026-06-21T20:03:29.542491+00:00,BUY NO (DOWN),NO,-23.62,0.9999,7.64,-123424.0,-303271.0,0.69,0.9999,,64183.51,KXBTC15M-26JUN211615-15,2026-06-21T20:00:00+00:00,2026-06-21T20:15:00+00:00
2026-06-21T20:11:17.556317+00:00,BUY NO (DOWN),NO,-24.15,1.0,14.02,-70126.0,-273414.0,0.78,1.0,,64182.92,KXBTC15M-26JUN211615-15,2026-06-21T20:00:00+00:00,2026-06-21T20:15:00+00:00
2026-06-21T20:18:00.069815+00:00,BUY NO (DOWN),NO,-31.98,0.9998,6.983,32766.0,517953.0,0.61,0.9998,,64134.01,KXBTC15M-26JUN211630-30,2026-06-21T20:15:00+00:00,2026-06-21T20:30:00+00:00
2026-06-21T20:33:00.021687+00:00,BUY NO (DOWN),NO,-27.64,0.9996,6.775,-130709.0,-300248.0,0.56,0.9996,,64080.38,KXBTC15M-26JUN211645-45,2026-06-21T20:30:00+00:00,2026-06-21T20:45:00+00:00
2026-06-21T20:48:00.152751+00:00,BUY NO (DOWN),NO,-181.86,1.0,13.858,-1532089.0,-2377614.0,0.917,1.0,,63787.87,KXBTC15M-26JUN211700-00,2026-06-21T20:45:00+00:00,2026-06-21T21:00:00+00:00
2026-06-21T20:49:40.586087+00:00,BUY NO (DOWN),NO,-222.33,1.0,13.43,-101702.0,-3029358.0,0.945,1.0,,63753.17,KXBTC15M-26JUN211700-00,2026-06-21T20:45:00+00:00,2026-06-21T21:00:00+00:00
2026-06-21T20:50:05.063897+00:00,BUY NO (DOWN),NO,-230.84,1.0,14.426,197084.0,-2696787.0,0.95,1.0,,63744.64,KXBTC15M-26JUN211700-00,2026-06-21T20:45:00+00:00,2026-06-21T21:00:00+00:00
2026-06-21T20:50:29.620860+00:00,BUY NO (DOWN),NO,-202.68,1.0,12.952,644327.0,-2455889.0,0.95,1.0,,63789.94,KXBTC15M-26JUN211700-00,2026-06-21T20:45:00+00:00,2026-06-21T21:00:00+00:00
2026-06-21T21:03:16.379743+00:00,BUY NO (DOWN),NO,-22.0,0.9434,3.169,7532.0,-280862.0,0.52,0.9434,,63822.01,KXBTC15M-26JUN211715-15,2026-06-21T21:00:00+00:00,2026-06-21T21:15:00+00:00
2026-06-21T21:05:15.640183+00:00,BUY NO (DOWN),NO,-23.1,0.9871,4.46,-263304.0,-223344.0,0.54,0.9871,,63812.01,KXBTC15M-26JUN211715-15,2026-06-21T21:00:00+00:00,2026-06-21T21:15:00+00:00
2026-06-21T21:18:00.270767+00:00,BUY NO (DOWN),NO,-43.95,0.9588,3.473,-585579.0,-613812.0,0.5700000000000001,0.9588,,63588.09,KXBTC15M-26JUN211730-30,2026-06-21T21:15:00+00:00,2026-06-21T21:30:00+00:00
2026-06-21T21:48:01.227854+00:00,BUY NO (DOWN),NO,-31.87,0.9636,3.589,19610.0,-294404.0,0.61,0.9636,,63865.99,KXBTC15M-26JUN211800-00,2026-06-21T21:45:00+00:00,2026-06-21T22:00:00+00:00
2026-06-21T21:50:18.620755+00:00,BUY NO (DOWN),NO,-20.97,0.9083,2.661,23542.0,-58548.0,0.6,0.9083,,63872.01,KXBTC15M-26JUN211800-00,2026-06-21T21:45:00+00:00,2026-06-21T22:00:00+00:00
2026-06-21T21:50:39.449199+00:00,BUY NO (DOWN),NO,-21.85,0.9505,3.298,110634.0,111477.0,0.61,0.9505,,63872.01,KXBTC15M-26JUN211800-00,2026-06-21T21:45:00+00:00,2026-06-21T22:00:00+00:00
2026-06-21T22:09:04.838637+00:00,BUY NO (DOWN),NO,-29.99,0.9927,4.884,-293614.0,94290.0,0.9299999999999999,0.9927,,63643.19,KXBTC15M-26JUN211815-15,2026-06-21T22:00:00+00:00,2026-06-21T22:15:00+00:00
2026-06-21T22:33:04.237215+00:00,BUY NO (DOWN),NO,-31.34,0.9246,2.873,53672.0,-669883.0,0.6599999999999999,0.9246,,63682.01,KXBTC15M-26JUN211845-45,2026-06-21T22:30:00+00:00,2026-06-21T22:45:00+00:00
2026-06-21T22:38:02.954791+00:00,BUY NO (DOWN),NO,-95.15,1.0,23.35,-41772.0,-253645.0,0.949,1.0,,63618.21,KXBTC15M-26JUN211845-45,2026-06-21T22:30:00+00:00,2026-06-21T22:45:00+00:00
2026-06-21T22:41:24.989801+00:00,BUY NO (DOWN),NO,-43.36,1.0,20.257,142504.0,12662.0,0.95,1.0,,63670.0,KXBTC15M-26JUN211845-45,2026-06-21T22:30:00+00:00,2026-06-21T22:45:00+00:00
2026-06-21T22:42:10.992185+00:00,BUY NO (DOWN),NO,-29.68,1.0,16.602,28288.0,-47461.0,0.935,1.0,,63683.67,KXBTC15M-26JUN211845-45,2026-06-21T22:30:00+00:00,2026-06-21T22:45:00+00:00
2026-06-21T23:03:01.095598+00:00,BUY NO (DOWN),NO,-118.02,1.0,10.875,-7678.0,-494633.0,0.84,1.0,,63695.24,KXBTC15M-26JUN211915-15,2026-06-21T23:00:00+00:00,2026-06-21T23:15:00+00:00
2026-06-21T23:12:42.962228+00:00,BUY NO (DOWN),NO,-44.01,1.0,21.875,-415851.0,-889974.0,0.95,1.0,,63749.99,KXBTC15M-26JUN211915-15,2026-06-21T23:00:00+00:00,2026-06-21T23:15:00+00:00
2026-06-21T23:13:15.563319+00:00,BUY NO (DOWN),NO,-32.02,1.0,22.801,-19887.0,-608437.0,0.949,1.0,,63761.99,KXBTC15M-26JUN211915-15,2026-06-21T23:00:00+00:00,2026-06-21T23:15:00+00:00
2026-06-21T23:28:33.878766+00:00,BUY NO (DOWN),NO,-24.43,1.0,31.261,-199525.0,-360935.0,0.64,1.0,,63681.58,KXBTC15M-26JUN211930-30,2026-06-21T23:15:00+00:00,2026-06-21T23:30:00+00:00
2026-06-21T23:33:00.743690+00:00,BUY NO (DOWN),NO,-192.45,1.0,10.976,-4105.0,-2302440.0,0.89,1.0,,63440.0,KXBTC15M-26JUN211945-45,2026-06-21T23:30:00+00:00,2026-06-21T23:45:00+00:00
2026-06-21T23:35:49.695725+00:00,BUY NO (DOWN),NO,-263.63,1.0,14.202,-1268675.0,-3285003.0,0.944,1.0,,63366.01,KXBTC15M-26JUN211945-45,2026-06-21T23:30:00+00:00,2026-06-21T23:45:00+00:00
2026-06-21T23:36:01.418175+00:00,BUY NO (DOWN),NO,-250.42,1.0,13.69,-1341735.0,-3142785.0,0.948,1.0,,63385.21,KXBTC15M-26JUN211945-45,2026-06-21T23:30:00+00:00,2026-06-21T23:45:00+00:00
2026-06-21T23:36:30.656332+00:00,BUY NO (DOWN),NO,-225.96,1.0,14.509,-1051521.0,-2083909.0,0.95,1.0,,63413.33,KXBTC15M-26JUN211945-45,2026-06-21T23:30:00+00:00,2026-06-21T23:45:00+00:00
2026-06-21T23:48:59.980126+00:00,BUY NO (DOWN),NO,-21.17,0.8053,1.721,76983.0,502652.0,0.56,0.8053,,63330.6,KXBTC15M-26JUN212000-00,2026-06-21T23:45:00+00:00,2026-06-22T00:00:00+00:00
2026-06-21T23:52:41.527633+00:00,BUY NO (DOWN),NO,-31.99,0.9957,5.248,-188147.0,175060.0,0.65,0.9957,,63316.0,KXBTC15M-26JUN212000-00,2026-06-21T23:45:00+00:00,2026-06-22T00:00:00+00:00
2026-06-21T23:54:21.267615+00:00,BUY NO (DOWN),NO,-29.57,0.9992,6.316,-459693.0,-497102.0,0.59,0.9992,,63311.66,KXBTC15M-26JUN212000-00,2026-06-21T23:45:00+00:00,2026-06-22T00:00:00+00:00
2026-06-21T23:57:04.038989+00:00,BUY NO (DOWN),NO,-23.99,1.0,10.529,110910.0,-507452.0,0.6,1.0,,63322.0,KXBTC15M-26JUN212000-00,2026-06-21T23:45:00+00:00,2026-06-22T00:00:00+00:00
2026-06-21T23:57:21.730292+00:00,BUY NO (DOWN),NO,-20.0,1.0,9.996,119298.0,-494376.0,0.58,1.0,,63328.0,KXBTC15M-26JUN212000-00,2026-06-21T23:45:00+00:00,2026-06-22T00:00:00+00:00
2026-06-21T23:59:36.769309+00:00,BUY NO (DOWN),NO,-24.01,1.0,105.496,129004.0,254875.0,0.9390000000000001,1.0,,63329.81,KXBTC15M-26JUN212000-00,2026-06-21T23:45:00+00:00,2026-06-22T00:00:00+00:00
2026-06-22T00:48:56.101149+00:00,BUY NO (DOWN),NO,-20.97,0.747,1.33,-104575.0,2101957.0,0.5900000000000001,0.747,,63888.0,KXBTC15M-26JUN212100-00,2026-06-22T00:45:00+00:00,2026-06-22T01:00:00+00:00
2026-06-22T00:55:35.611304+00:00,BUY NO (DOWN),NO,-86.16,1.0,28.875,201266.0,109332.0,0.927,1.0,,63829.83,KXBTC15M-26JUN212100-00,2026-06-22T00:45:00+00:00,2026-06-22T01:00:00+00:00
2026-06-22T00:56:42.182831+00:00,BUY NO (DOWN),NO,-70.01,1.0,30.148,113908.0,518330.0,0.9359999999999999,1.0,,63845.99,KXBTC15M-26JUN212100-00,2026-06-22T00:45:00+00:00,2026-06-22T01:00:00+00:00
2026-06-22T00:57:08.376116+00:00,BUY NO (DOWN),NO,-70.0,1.0,35.192,2670.0,451715.0,0.9390000000000001,1.0,,63846.0,KXBTC15M-26JUN212100-00,2026-06-22T00:45:00+00:00,2026-06-22T01:00:00+00:00
2026-06-22T00:57:37.892097+00:00,BUY NO (DOWN),NO,-58.0,1.0,41.257,177167.0,640363.0,0.945,1.0,,63858.0,KXBTC15M-26JUN212100-00,2026-06-22T00:45:00+00:00,2026-06-22T01:00:00+00:00
2026-06-22T00:58:00.585664+00:00,BUY NO (DOWN),NO,-56.0,1.0,47.538,131288.0,661437.0,0.95,1.0,,63869.99,KXBTC15M-26JUN212100-00,2026-06-22T00:45:00+00:00,2026-06-22T01:00:00+00:00
2026-06-22T00:58:28.025815+00:00,BUY NO (DOWN),NO,-22.0,1.0,21.437,324978.0,908636.0,0.81,1.0,,63894.01,KXBTC15M-26JUN212100-00,2026-06-22T00:45:00+00:00,2026-06-22T01:00:00+00:00
2026-06-22T01:10:03.069951+00:00,BUY NO (DOWN),NO,-23.84,0.9849,4.333,-317698.0,469125.0,0.52,0.9849,,63884.0,KXBTC15M-26JUN212115-15,2026-06-22T01:00:00+00:00,2026-06-22T01:15:00+00:00
2026-06-22T01:10:16.051803+00:00,BUY NO (DOWN),NO,-22.0,0.9826,4.22,-13947.0,823323.0,0.54,0.9826,,63886.0,KXBTC15M-26JUN212115-15,2026-06-22T01:00:00+00:00,2026-06-22T01:15:00+00:00
2026-06-22T01:10:29.445442+00:00,BUY NO (DOWN),NO,-21.99,0.9857,4.376,-51877.0,808442.0,0.51,0.9857,,63886.01,KXBTC15M-26JUN212115-15,2026-06-22T01:00:00+00:00,2026-06-22T01:15:00+00:00
2026-06-22T01:12:16.664406+00:00,BUY NO (DOWN),NO,-21.98,1.0,9.099,-96917.0,-243566.0,0.53,1.0,,63886.01,KXBTC15M-26JUN212115-15,2026-06-22T01:00:00+00:00,2026-06-22T01:15:00+00:00
2026-06-22T01:12:58.532664+00:00,BUY NO (DOWN),NO,-20.98,1.0,12.097,-38945.0,-310407.0,0.54,1.0,,63887.02,KXBTC15M-26JUN212115-15,2026-06-22T01:00:00+00:00,2026-06-22T01:15:00+00:00
2026-06-22T01:13:41.858183+00:00,BUY NO (DOWN),NO,-21.54,1.0,20.987,-488991.0,-646867.0,0.63,1.0,,63880.07,KXBTC15M-26JUN212115-15,2026-06-22T01:00:00+00:00,2026-06-22T01:15:00+00:00
2026-06-22T01:13:52.189004+00:00,BUY NO (DOWN),NO,-28.0,1.0,31.431,-1187052.0,-1359490.0,0.53,1.0,,63870.87,KXBTC15M-26JUN212115-15,2026-06-22T01:00:00+00:00,2026-06-22T01:15:00+00:00
2026-06-22T01:14:12.017087+00:00,BUY NO (DOWN),NO,-24.0,1.0,35.732,-1308267.0,-1249837.0,0.95,1.0,,63886.0,KXBTC15M-26JUN212115-15,2026-06-22T01:00:00+00:00,2026-06-22T01:15:00+00:00
2026-06-22T01:33:00.270276+00:00,BUY NO (DOWN),NO,-57.91,0.9027,2.594,-5259785.0,-5688736.0,0.52,0.9027,,64595.2,KXBTC15M-26JUN212145-45,2026-06-22T01:30:00+00:00,2026-06-22T01:45:00+00:00
2026-06-22T01:41:56.414276+00:00,BUY NO (DOWN),NO,-24.39,0.9997,6.9,220530.0,1153629.0,0.65,0.9997,,64629.53,KXBTC15M-26JUN212145-45,2026-06-22T01:30:00+00:00,2026-06-22T01:45:00+00:00
2026-06-22T01:48:00.778796+00:00,BUY NO (DOWN),NO,-34.01,0.9438,3.175,-51032.0,-1207055.0,0.5900000000000001,0.9438,,64495.07,KXBTC15M-26JUN212200-00,2026-06-22T01:45:00+00:00,2026-06-22T02:00:00+00:00
2026-06-22T02:03:00.647136+00:00,BUY NO (DOWN),NO,-72.01,0.9916,4.779,-172872.0,1093156.0,0.69,0.9916,,64533.99,KXBTC15M-26JUN212215-15,2026-06-22T02:00:00+00:00,2026-06-22T02:15:00+00:00
2026-06-22T02:03:48.223857+00:00,BUY NO (DOWN),NO,-30.47,0.8372,1.966,248242.0,1261437.0,0.54,0.8372,,64573.53,KXBTC15M-26JUN212215-15,2026-06-22T02:00:00+00:00,2026-06-22T02:15:00+00:00
2026-06-22T02:05:32.876832+00:00,BUY NO (DOWN),NO,-22.0,0.8525,2.095,-175527.0,-295778.0,0.52,0.8525,,64582.01,KXBTC15M-26JUN212215-15,2026-06-22T02:00:00+00:00,2026-06-22T02:15:00+00:00
2026-06-22T02:06:04.626485+00:00,BUY NO (DOWN),NO,-30.0,0.9433,3.166,-24801.0,-103198.0,0.55,0.9433,,64574.01,KXBTC15M-26JUN212215-15,2026-06-22T02:00:00+00:00,2026-06-22T02:15:00+00:00
2026-06-22T02:21:47.725519+00:00,BUY NO (DOWN),NO,-32.48,0.9974,5.586,-184047.0,-203582.0,0.65,0.9974,,64519.52,KXBTC15M-26JUN212230-30,2026-06-22T02:15:00+00:00,2026-06-22T02:30:00+00:00
2026-06-22T02:22:51.388453+00:00,BUY NO (DOWN),NO,-26.01,0.9944,5.073,82855.0,125838.0,0.63,0.9944,,64520.27,KXBTC15M-26JUN212230-30,2026-06-22T02:15:00+00:00,2026-06-22T02:30:00+00:00
2026-06-22T02:23:53.701536+00:00,BUY NO (DOWN),NO,-20.0,0.9929,4.904,4620.0,-122912.0,0.7,0.9929,,64532.0,KXBTC15M-26JUN212230-30,2026-06-22T02:15:00+00:00,2026-06-22T02:30:00+00:00
2026-06-22T02:25:33.182521+00:00,BUY NO (DOWN),NO,-21.99,1.0,8.327,-4724.0,-405029.0,0.75,1.0,,64530.01,KXBTC15M-26JUN212230-30,2026-06-22T02:15:00+00:00,2026-06-22T02:30:00+00:00
2026-06-22T02:27:02.720671+00:00,BUY NO (DOWN),NO,-24.8,1.0,13.384,4.0,-38990.0,0.78,1.0,,64527.2,KXBTC15M-26JUN212230-30,2026-06-22T02:15:00+00:00,2026-06-22T02:30:00+00:00
2026-06-22T02:34:28.741661+00:00,BUY NO (DOWN),NO,-20.29,0.8823,2.373,-132458.0,-291933.0,0.6799999999999999,0.8823,,64521.45,KXBTC15M-26JUN212245-45,2026-06-22T02:30:00+00:00,2026-06-22T02:45:00+00:00
2026-06-22T02:39:17.100764+00:00,BUY NO (DOWN),NO,-21.74,0.9982,5.831,-36458.0,-226062.0,0.8,0.9982,,64520.0,KXBTC15M-26JUN212245-45,2026-06-22T02:30:00+00:00,2026-06-22T02:45:00+00:00
2026-06-22T02:43:02.065669+00:00,BUY NO (DOWN),NO,-29.74,1.0,27.628,-105623.0,-315674.0,0.918,1.0,,64512.0,KXBTC15M-26JUN212245-45,2026-06-22T02:30:00+00:00,2026-06-22T02:45:00+00:00
2026-06-22T02:48:00.732071+00:00,BUY NO (DOWN),NO,-55.99,1.0,8.237,-47757.0,-792195.0,0.74,1.0,,64440.01,KXBTC15M-26JUN212300-00,2026-06-22T02:45:00+00:00,2026-06-22T03:00:00+00:00
2026-06-22T02:52:12.896510+00:00,BUY NO (DOWN),NO,-192.66,1.0,27.999,-547679.0,-3214590.0,0.95,1.0,,64303.33,KXBTC15M-26JUN212300-00,2026-06-22T02:45:00+00:00,2026-06-22T03:00:00+00:00
2026-06-22T03:03:00.608292+00:00,BUY NO (DOWN),NO,-147.83,1.0,7.937,-21516.0,-3298734.0,0.81,1.0,,64117.99,KXBTC15M-26JUN212315-15,2026-06-22T03:00:00+00:00,2026-06-22T03:15:00+00:00
2026-06-22T03:07:28.547366+00:00,BUY NO (DOWN),NO,-184.0,1.0,23.754,-151439.0,-370575.0,0.945,1.0,,64074.0,KXBTC15M-26JUN212315-15,2026-06-22T03:00:00+00:00,2026-06-22T03:15:00+00:00
2026-06-22T03:34:13.799700+00:00,BUY NO (DOWN),NO,-23.31,0.8411,1.998,-2064729.0,-1590993.0,0.52,0.8411,,64258.68,KXBTC15M-26JUN212345-45,2026-06-22T03:30:00+00:00,2026-06-22T03:45:00+00:00
2026-06-22T03:34:32.664907+00:00,BUY NO (DOWN),NO,-21.38,0.8003,1.685,-2552387.0,-1550533.0,0.54,0.8003,,64260.61,KXBTC15M-26JUN212345-45,2026-06-22T03:30:00+00:00,2026-06-22T03:45:00+00:00
2026-06-22T03:35:09.089247+00:00,BUY NO (DOWN),NO,-21.98,0.8155,1.797,-120569.0,-1806327.0,0.55,0.8155,,64258.01,KXBTC15M-26JUN212345-45,2026-06-22T03:30:00+00:00,2026-06-22T03:45:00+00:00
2026-06-22T03:38:47.127603+00:00,BUY NO (DOWN),NO,-23.39,0.9818,4.185,114699.0,-694251.0,0.63,0.9818,,64258.01,KXBTC15M-26JUN212345-45,2026-06-22T03:30:00+00:00,2026-06-22T03:45:00+00:00
2026-06-22T03:48:00.281688+00:00,BUY NO (DOWN),NO,-36.01,0.9832,4.248,32187.0,-361104.0,0.64,0.9832,,64143.99,KXBTC15M-26JUN220000-00,2026-06-22T03:45:00+00:00,2026-06-22T04:00:00+00:00
2026-06-22T03:48:40.822847+00:00,BUY NO (DOWN),NO,-23.99,0.9173,2.774,97719.0,-416433.0,0.5700000000000001,0.9173,,64154.01,KXBTC15M-26JUN220000-00,2026-06-22T03:45:00+00:00,2026-06-22T04:00:00+00:00
2026-06-22T03:50:30.252524+00:00,BUY NO (DOWN),NO,-48.23,0.9745,3.902,-1455089.0,-1647934.0,0.68,0.9745,,64134.74,KXBTC15M-26JUN220000-00,2026-06-22T03:45:00+00:00,2026-06-22T04:00:00+00:00
2026-06-22T04:03:00.672435+00:00,BUY NO (DOWN),NO,-31.37,0.8707,2.259,-1193987.0,-1292448.0,0.64,0.8707,,63942.64,KXBTC15M-26JUN220015-15,2026-06-22T04:00:00+00:00,2026-06-22T04:15:00+00:00
2026-06-22T04:05:27.093210+00:00,BUY NO (DOWN),NO,-27.61,0.8467,2.045,311112.0,-923458.0,0.54,0.8467,,63949.06,KXBTC15M-26JUN220015-15,2026-06-22T04:00:00+00:00,2026-06-22T04:15:00+00:00
2026-06-22T04:05:50.543502+00:00,BUY NO (DOWN),NO,-24.93,0.8336,1.937,-48497.0,-754547.0,0.5800000000000001,0.8336,,63949.08,KXBTC15M-26JUN220015-15,2026-06-22T04:00:00+00:00,2026-06-22T04:15:00+00:00
2026-06-22T04:07:46.929731+00:00,BUY NO (DOWN),NO,-24.01,0.9296,2.945,-74001.0,355732.0,0.5700000000000001,0.9296,,63950.01,KXBTC15M-26JUN220015-15,2026-06-22T04:00:00+00:00,2026-06-22T04:15:00+00:00
2026-06-22T04:09:58.748217+00:00,BUY NO (DOWN),NO,-22.0,0.9984,5.907,-183852.0,-550532.0,0.6799999999999999,0.9984,,63952.0,KXBTC15M-26JUN220015-15,2026-06-22T04:00:00+00:00,2026-06-22T04:15:00+00:00
2026-06-22T04:10:33.476377+00:00,BUY NO (DOWN),NO,-22.41,1.0,8.49,-248512.0,-407095.0,0.6,1.0,,63951.6,KXBTC15M-26JUN220015-15,2026-06-22T04:00:00+00:00,2026-06-22T04:15:00+00:00
2026-06-22T04:11:38.395497+00:00,BUY NO (DOWN),NO,-24.01,1.0,10.64,-122450.0,-459789.0,0.65,1.0,,63950.0,KXBTC15M-26JUN220015-15,2026-06-22T04:00:00+00:00,2026-06-22T04:15:00+00:00
2026-06-22T04:19:21.570673+00:00,BUY NO (DOWN),NO,-38.63,0.9659,3.647,-629329.0,-984141.0,0.76,0.9659,,63922.19,KXBTC15M-26JUN220030-30,2026-06-22T04:15:00+00:00,2026-06-22T04:30:00+00:00
2026-06-22T04:27:32.258637+00:00,BUY NO (DOWN),NO,-27.96,1.0,18.706,-256789.0,-610396.0,0.903,1.0,,63934.04,KXBTC15M-26JUN220030-30,2026-06-22T04:15:00+00:00,2026-06-22T04:30:00+00:00
2026-06-22T04:27:47.175414+00:00,BUY NO (DOWN),NO,-27.97,1.0,22.048,-282070.0,-647660.0,0.95,1.0,,63934.03,KXBTC15M-26JUN220030-30,2026-06-22T04:15:00+00:00,2026-06-22T04:30:00+00:00
2026-06-22T05:18:00.319731+00:00,BUY NO (DOWN),NO,-42.86,0.9878,4.504,-98492.0,1292363.0,0.72,0.9878,,64240.0,KXBTC15M-26JUN220130-30,2026-06-22T05:15:00+00:00,2026-06-22T05:30:00+00:00
2026-06-22T05:18:49.608271+00:00,BUY NO (DOWN),NO,-22.85,0.9087,2.666,45617.0,474221.0,0.65,0.9087,,64260.01,KXBTC15M-26JUN220130-30,2026-06-22T05:15:00+00:00,2026-06-22T05:30:00+00:00
2026-06-22T05:20:26.107237+00:00,BUY NO (DOWN),NO,-20.85,0.9017,2.582,-748265.0,-900734.0,0.6599999999999999,0.9017,,64262.01,KXBTC15M-26JUN220130-30,2026-06-22T05:15:00+00:00,2026-06-22T05:30:00+00:00
2026-06-22T05:20:51.526114+00:00,BUY NO (DOWN),NO,-20.86,0.9121,2.708,-731470.0,-865966.0,0.71,0.9121,,64260.09,KXBTC15M-26JUN220130-30,2026-06-22T05:15:00+00:00,2026-06-22T05:30:00+00:00
2026-06-22T05:22:31.376664+00:00,BUY NO (DOWN),NO,-22.86,0.9737,3.877,27365.0,-747260.0,0.74,0.9737,,64260.01,KXBTC15M-26JUN220130-30,2026-06-22T05:15:00+00:00,2026-06-22T05:30:00+00:00
2026-06-22T05:27:07.908684+00:00,BUY NO (DOWN),NO,-50.86,1.0,31.262,-39390.0,-1670.0,0.947,1.0,,64231.99,KXBTC15M-26JUN220130-30,2026-06-22T05:15:00+00:00,2026-06-22T05:30:00+00:00
2026-06-22T05:27:24.523075+00:00,BUY NO (DOWN),NO,-44.86,1.0,32.422,-13421.0,-68952.0,0.948,1.0,,64238.0,KXBTC15M-26JUN220130-30,2026-06-22T05:15:00+00:00,2026-06-22T05:30:00+00:00
2026-06-22T05:27:49.274149+00:00,BUY NO (DOWN),NO,-21.56,1.0,17.204,697746.0,695155.0,0.935,1.0,,64261.3,KXBTC15M-26JUN220130-30,2026-06-22T05:15:00+00:00,2026-06-22T05:30:00+00:00
2026-06-22T05:28:34.333167+00:00,BUY NO (DOWN),NO,-20.86,1.0,24.985,567996.0,621219.0,0.943,1.0,,64262.0,KXBTC15M-26JUN220130-30,2026-06-22T05:15:00+00:00,2026-06-22T05:30:00+00:00
2026-06-22T05:48:01.257990+00:00,BUY NO (DOWN),NO,-35.34,1.0,8.836,-90708.0,-247812.0,0.7,1.0,,64227.83,KXBTC15M-26JUN220200-00,2026-06-22T05:45:00+00:00,2026-06-22T06:00:00+00:00
2026-06-22T05:50:05.970346+00:00,BUY NO (DOWN),NO,-21.33,0.9878,4.499,2303677.0,1814677.0,0.64,0.9878,,64230.53,KXBTC15M-26JUN220200-00,2026-06-22T05:45:00+00:00,2026-06-22T06:00:00+00:00
2026-06-22T05:57:27.856681+00:00,BUY NO (DOWN),NO,-33.33,1.0,57.279,39436.0,79183.0,0.948,1.0,,64226.0,KXBTC15M-26JUN220200-00,2026-06-22T05:45:00+00:00,2026-06-22T06:00:00+00:00
2026-06-22T06:03:00.962203+00:00,BUY NO (DOWN),NO,-42.28,1.0,8.635,-65448.0,-38595.0,0.6699999999999999,1.0,,64201.86,KXBTC15M-26JUN220215-15,2026-06-22T06:00:00+00:00,2026-06-22T06:15:00+00:00
2026-06-22T06:13:03.643228+00:00,BUY NO (DOWN),NO,-23.21,1.0,11.683,-35202.0,-125742.0,0.79,1.0,,64224.53,KXBTC15M-26JUN220215-15,2026-06-22T06:00:00+00:00,2026-06-22T06:15:00+00:00
2026-06-22T06:14:49.465483+00:00,BUY NO (DOWN),NO,-22.91,1.0,161.036,19226.0,11260.0,0.88,1.0,,64224.84,KXBTC15M-26JUN220215-15,2026-06-22T06:00:00+00:00,2026-06-22T06:15:00+00:00
2026-06-22T06:18:00.219523+00:00,BUY NO (DOWN),NO,-28.91,0.9998,7.145,-430072.0,-180533.0,0.65,0.9998,,64189.58,KXBTC15M-26JUN220230-30,2026-06-22T06:15:00+00:00,2026-06-22T06:30:00+00:00
2026-06-22T06:24:29.643159+00:00,BUY NO (DOWN),NO,-79.48,1.0,19.015,383628.0,289913.0,0.924,1.0,,64145.35,KXBTC15M-26JUN220230-30,2026-06-22T06:15:00+00:00,2026-06-22T06:30:00+00:00
2026-06-22T06:25:25.959105+00:00,BUY NO (DOWN),NO,-88.05,1.0,24.243,435607.0,160886.0,0.9319999999999999,1.0,,64136.79,KXBTC15M-26JUN220230-30,2026-06-22T06:15:00+00:00,2026-06-22T06:30:00+00:00
2026-06-22T06:33:41.522591+00:00,BUY NO (DOWN),NO,-26.0,0.9164,2.762,-118350.0,1088831.0,0.54,0.9164,,64098.0,KXBTC15M-26JUN220245-45,2026-06-22T06:30:00+00:00,2026-06-22T06:45:00+00:00
2026-06-22T06:51:42.083844+00:00,BUY NO (DOWN),NO,-34.13,1.0,8.568,-107627.0,-343578.0,0.77,1.0,,63968.23,KXBTC15M-26JUN220300-00,2026-06-22T06:45:00+00:00,2026-06-22T07:00:00+00:00
2026-06-22T06:55:28.182799+00:00,BUY NO (DOWN),NO,-20.35,1.0,9.069,-36383.0,-214230.0,0.87,1.0,,63982.0,KXBTC15M-26JUN220300-00,2026-06-22T06:45:00+00:00,2026-06-22T07:00:00+00:00
2026-06-22T06:56:28.958034+00:00,BUY NO (DOWN),NO,-22.34,1.0,13.332,-171064.0,-399209.0,0.925,1.0,,63980.7,KXBTC15M-26JUN220300-00,2026-06-22T06:45:00+00:00,2026-06-22T07:00:00+00:00
2026-06-22T07:51:42.856955+00:00,BUY NO (DOWN),NO,-33.64,1.0,9.477,-421291.0,-893679.0,0.6699999999999999,1.0,,64235.87,KXBTC15M-26JUN220400-00,2026-06-22T07:45:00+00:00,2026-06-22T08:00:00+00:00
2026-06-22T07:53:09.872943+00:00,BUY NO (DOWN),NO,-21.37,0.9986,5.994,-175079.0,-774788.0,0.63,0.9986,,64234.44,KXBTC15M-26JUN220400-00,2026-06-22T07:45:00+00:00,2026-06-22T08:00:00+00:00
2026-06-22T07:56:52.613800+00:00,BUY NO (DOWN),NO,-57.8,1.0,31.044,-87986.0,-613900.0,0.946,1.0,,64198.0,KXBTC15M-26JUN220400-00,2026-06-22T07:45:00+00:00,2026-06-22T08:00:00+00:00
2026-06-22T08:03:00.289610+00:00,BUY NO (DOWN),NO,-75.9,1.0,11.402,-80942.0,-311171.0,0.76,1.0,,64154.09,KXBTC15M-26JUN220415-15,2026-06-22T08:00:00+00:00,2026-06-22T08:15:00+00:00
2026-06-22T08:18:00.740537+00:00,BUY NO (DOWN),NO,-50.79,0.9991,6.226,-849014.0,-527286.0,0.51,0.9991,,64259.22,KXBTC15M-26JUN220430-30,2026-06-22T08:15:00+00:00,2026-06-22T08:30:00+00:00
2026-06-22T08:23:21.444383+00:00,BUY NO (DOWN),NO,-22.0,0.992,4.817,-219269.0,583157.0,0.62,0.992,,64280.86,KXBTC15M-26JUN220430-30,2026-06-22T08:15:00+00:00,2026-06-22T08:30:00+00:00
2026-06-22T08:35:16.640000+00:00,BUY NO (DOWN),NO,-21.6,0.9497,3.284,-256917.0,-196446.0,0.69,0.9497,,64164.96,KXBTC15M-26JUN220445-45,2026-06-22T08:30:00+00:00,2026-06-22T08:45:00+00:00
2026-06-22T08:39:52.178132+00:00,BUY NO (DOWN),NO,-104.28,1.0,29.856,7491.0,-244011.0,0.949,1.0,,64086.0,KXBTC15M-26JUN220445-45,2026-06-22T08:30:00+00:00,2026-06-22T08:45:00+00:00
2026-06-22T08:40:02.301962+00:00,BUY NO (DOWN),NO,-88.27,1.0,25.632,65476.0,-261653.0,0.948,1.0,,64107.99,KXBTC15M-26JUN220445-45,2026-06-22T08:30:00+00:00,2026-06-22T08:45:00+00:00
2026-06-22T08:40:28.156967+00:00,BUY NO (DOWN),NO,-90.28,1.0,28.792,245192.0,-32925.0,0.948,1.0,,64097.99,KXBTC15M-26JUN220445-45,2026-06-22T08:30:00+00:00,2026-06-22T08:45:00+00:00
2026-06-22T08:40:37.788801+00:00,BUY NO (DOWN),NO,-90.28,1.0,30.689,110048.0,70098.0,0.946,1.0,,64097.99,KXBTC15M-26JUN220445-45,2026-06-22T08:30:00+00:00,2026-06-22T08:45:00+00:00
2026-06-22T08:48:00.228258+00:00,BUY NO (DOWN),NO,-124.39,1.0,14.325,-2067050.0,-1867959.0,0.86,1.0,,64137.59,KXBTC15M-26JUN220500-00,2026-06-22T08:45:00+00:00,2026-06-22T09:00:00+00:00
2026-06-22T08:55:04.205845+00:00,BUY NO (DOWN),NO,-122.0,1.0,76.838,-157949.0,-521202.0,0.949,1.0,,64144.87,KXBTC15M-26JUN220500-00,2026-06-22T08:45:00+00:00,2026-06-22T09:00:00+00:00
2026-06-22T08:56:13.085317+00:00,BUY NO (DOWN),NO,-114.0,1.0,91.258,-72700.0,-453762.0,0.9359999999999999,1.0,,64147.99,KXBTC15M-26JUN220500-00,2026-06-22T08:45:00+00:00,2026-06-22T09:00:00+00:00
2026-06-22T08:56:26.107489+00:00,BUY NO (DOWN),NO,-114.01,1.0,102.166,-78089.0,-434238.0,0.947,1.0,,64148.0,KXBTC15M-26JUN220500-00,2026-06-22T08:45:00+00:00,2026-06-22T09:00:00+00:00
2026-06-22T09:18:57.580648+00:00,BUY NO (DOWN),NO,-36.89,0.9993,6.418,-132714.0,-309801.0,0.65,0.9993,,64149.1,KXBTC15M-26JUN220530-30,2026-06-22T09:15:00+00:00,2026-06-22T09:30:00+00:00
2026-06-22T09:38:11.507499+00:00,BUY NO (DOWN),NO,-20.81,0.9828,4.23,-53328.0,564764.0,0.62,0.9828,,64096.0,KXBTC15M-26JUN220545-45,2026-06-22T09:30:00+00:00,2026-06-22T09:45:00+00:00
2026-06-22T10:19:58.198648+00:00,BUY NO (DOWN),NO,-28.92,1.0,7.998,-119403.0,-18142.0,0.7,1.0,,64168.01,KXBTC15M-26JUN220630-30,2026-06-22T10:15:00+00:00,2026-06-22T10:30:00+00:00
2026-06-22T10:24:29.434993+00:00,BUY NO (DOWN),NO,-20.0,0.9996,6.745,-106151.0,64144.0,0.75,0.9996,,64194.01,KXBTC15M-26JUN220630-30,2026-06-22T10:15:00+00:00,2026-06-22T10:30:00+00:00
2026-06-22T10:24:33.845471+00:00,BUY NO (DOWN),NO,-20.0,0.9997,6.841,-104387.0,69298.0,0.81,0.9997,,64192.98,KXBTC15M-26JUN220630-30,2026-06-22T10:15:00+00:00,2026-06-22T10:30:00+00:00
2026-06-22T10:33:04.506359+00:00,BUY NO (DOWN),NO,-20.21,0.9741,3.89,-103565.0,-196174.0,0.65,0.9741,,64154.01,KXBTC15M-26JUN220645-45,2026-06-22T10:30:00+00:00,2026-06-22T10:45:00+00:00
2026-06-22T10:36:07.386038+00:00,BUY NO (DOWN),NO,-24.21,0.9964,5.383,-85917.0,-11904.0,0.6599999999999999,0.9964,,64150.0,KXBTC15M-26JUN220645-45,2026-06-22T10:30:00+00:00,2026-06-22T10:45:00+00:00
2026-06-22T11:19:41.922506+00:00,BUY NO (DOWN),NO,-27.45,0.9197,2.806,-2828.0,-419931.0,0.6699999999999999,0.9197,,64280.01,KXBTC15M-26JUN220730-30,2026-06-22T11:15:00+00:00,2026-06-22T11:30:00+00:00
2026-06-22T11:21:08.001721+00:00,BUY NO (DOWN),NO,-24.71,0.9395,3.101,53738.0,-263790.0,0.6799999999999999,0.9395,,64281.54,KXBTC15M-26JUN220730-30,2026-06-22T11:15:00+00:00,2026-06-22T11:30:00+00:00
2026-06-22T11:25:48.292448+00:00,BUY NO (DOWN),NO,-22.16,0.9959,5.293,-1819193.0,-862955.0,0.5900000000000001,0.9959,,64291.18,KXBTC15M-26JUN220730-30,2026-06-22T11:15:00+00:00,2026-06-22T11:30:00+00:00
2026-06-22T11:48:00.724143+00:00,BUY NO (DOWN),NO,-20.01,0.8149,1.792,-223944.0,806238.0,0.53,0.8149,,64598.0,KXBTC15M-26JUN220800-00,2026-06-22T11:45:00+00:00,2026-06-22T12:00:00+00:00
2026-06-22T12:18:01.237503+00:00,BUY NO (DOWN),NO,-35.99,0.982,4.193,-306545.0,-287426.0,0.71,0.982,,64698.01,KXBTC15M-26JUN220830-30,2026-06-22T12:15:00+00:00,2026-06-22T12:30:00+00:00
2026-06-22T12:18:40.648344+00:00,BUY NO (DOWN),NO,-22.1,0.9036,2.605,-344067.0,-151780.0,0.71,0.9036,,64718.12,KXBTC15M-26JUN220830-30,2026-06-22T12:15:00+00:00,2026-06-22T12:30:00+00:00
2026-06-22T12:18:49.842355+00:00,BUY NO (DOWN),NO,-21.13,0.896,2.518,-335006.0,-345540.0,0.7,0.896,,64713.95,KXBTC15M-26JUN220830-30,2026-06-22T12:15:00+00:00,2026-06-22T12:30:00+00:00
2026-06-22T12:33:00.301422+00:00,BUY NO (DOWN),NO,-40.01,0.9528,3.344,552237.0,62891.0,0.6,0.9528,,64910.0,KXBTC15M-26JUN220845-45,2026-06-22T12:30:00+00:00,2026-06-22T12:45:00+00:00
2026-06-22T12:34:20.355046+00:00,BUY NO (DOWN),NO,-20.0,0.806,1.726,163769.0,62489.0,0.55,0.806,,64927.99,KXBTC15M-26JUN220845-45,2026-06-22T12:30:00+00:00,2026-06-22T12:45:00+00:00
2026-06-22T13:03:00.082846+00:00,BUY NO (DOWN),NO,-67.57,0.9917,4.791,1222992.0,3514863.0,0.73,0.9917,,65082.01,KXBTC15M-26JUN220915-15,2026-06-22T13:00:00+00:00,2026-06-22T13:15:00+00:00
2026-06-22T13:04:28.747669+00:00,BUY NO (DOWN),NO,-20.12,0.7585,1.403,75295.0,4247827.0,0.55,0.7585,,65129.45,KXBTC15M-26JUN220915-15,2026-06-22T13:00:00+00:00,2026-06-22T13:15:00+00:00
2026-06-22T13:04:59.849763+00:00,BUY NO (DOWN),NO,-23.37,0.8001,1.684,-278418.0,4339306.0,0.64,0.8001,,65126.21,KXBTC15M-26JUN220915-15,2026-06-22T13:00:00+00:00,2026-06-22T13:15:00+00:00
2026-06-22T13:05:28.611148+00:00,BUY NO (DOWN),NO,-22.95,0.817,1.808,-295915.0,4378309.0,0.64,0.817,,65126.63,KXBTC15M-26JUN220915-15,2026-06-22T13:00:00+00:00,2026-06-22T13:15:00+00:00
2026-06-22T13:05:44.594246+00:00,BUY NO (DOWN),NO,-26.84,0.8642,2.199,-365702.0,4408525.0,0.65,0.8642,,65122.73,KXBTC15M-26JUN220915-15,2026-06-22T13:00:00+00:00,2026-06-22T13:15:00+00:00
2026-06-22T13:11:57.806191+00:00,BUY NO (DOWN),NO,-20.51,1.0,8.416,261368.0,-44140.0,0.73,1.0,,65129.05,KXBTC15M-26JUN220915-15,2026-06-22T13:00:00+00:00,2026-06-22T13:15:00+00:00
2026-06-22T13:12:23.459039+00:00,BUY NO (DOWN),NO,-20.51,1.0,10.557,249185.0,212815.0,0.81,1.0,,65129.06,KXBTC15M-26JUN220915-15,2026-06-22T13:00:00+00:00,2026-06-22T13:15:00+00:00
2026-06-22T13:18:00.595935+00:00,BUY NO (DOWN),NO,-32.98,0.9876,4.487,16017.0,-2017838.0,0.6,0.9876,,65110.0,KXBTC15M-26JUN220930-30,2026-06-22T13:15:00+00:00,2026-06-22T13:30:00+00:00
2026-06-22T14:03:01.551733+00:00,BUY NO (DOWN),NO,-164.74,1.0,11.289,-467975.0,176558.0,0.8,1.0,,65432.0,KXBTC15M-26JUN221015-15,2026-06-22T14:00:00+00:00,2026-06-22T14:15:00+00:00
2026-06-22T14:08:14.511148+00:00,BUY NO (DOWN),NO,-211.41,1.0,31.422,348994.0,56479.0,0.949,1.0,,65388.99,KXBTC15M-26JUN221015-15,2026-06-22T14:00:00+00:00,2026-06-22T14:15:00+00:00
2026-06-22T14:09:05.682681+00:00,BUY NO (DOWN),NO,-212.73,1.0,33.194,-707814.0,-1000108.0,0.949,1.0,,65363.88,KXBTC15M-26JUN221015-15,2026-06-22T14:00:00+00:00,2026-06-22T14:15:00+00:00
2026-06-22T14:18:01.094264+00:00,BUY NO (DOWN),NO,-115.46,1.0,10.742,999003.0,361545.0,0.79,1.0,,65170.22,KXBTC15M-26JUN221030-30,2026-06-22T14:15:00+00:00,2026-06-22T14:30:00+00:00
2026-06-22T14:23:27.611914+00:00,BUY NO (DOWN),NO,-179.46,1.0,26.592,-41178.0,9820.0,0.949,1.0,,65118.0,KXBTC15M-26JUN221030-30,2026-06-22T14:15:00+00:00,2026-06-22T14:30:00+00:00
2026-06-22T14:33:00.230396+00:00,BUY NO (DOWN),NO,-35.47,0.8803,2.353,-256507.0,-870042.0,0.6799999999999999,0.8803,,64919.87,KXBTC15M-26JUN221045-45,2026-06-22T14:30:00+00:00,2026-06-22T14:45:00+00:00
2026-06-22T14:33:20.738058+00:00,BUY NO (DOWN),NO,-29.88,0.8361,1.957,-164661.0,-905764.0,0.63,0.8361,,64930.0,KXBTC15M-26JUN221045-45,2026-06-22T14:30:00+00:00,2026-06-22T14:45:00+00:00
2026-06-22T14:37:36.681382+00:00,BUY NO (DOWN),NO,-20.9,0.849,2.064,-519065.0,-53075.0,0.6699999999999999,0.849,,64936.57,KXBTC15M-26JUN221045-45,2026-06-22T14:30:00+00:00,2026-06-22T14:45:00+00:00
2026-06-22T14:39:51.708453+00:00,BUY NO (DOWN),NO,-20.96,0.908,2.657,16451.0,-2596299.0,0.78,0.908,,64936.51,KXBTC15M-26JUN221045-45,2026-06-22T14:30:00+00:00,2026-06-22T14:45:00+00:00
2026-06-22T14:39:56.988013+00:00,BUY NO (DOWN),NO,-20.3,0.907,2.645,365291.0,-2535440.0,0.76,0.907,,64937.17,KXBTC15M-26JUN221045-45,2026-06-22T14:30:00+00:00,2026-06-22T14:45:00+00:00
2026-06-22T14:40:44.531453+00:00,BUY NO (DOWN),NO,-20.32,0.9439,3.177,-28149.0,-1910941.0,0.76,0.9439,,64937.15,KXBTC15M-26JUN221045-45,2026-06-22T14:30:00+00:00,2026-06-22T14:45:00+00:00
2026-06-22T14:42:28.879692+00:00,BUY NO (DOWN),NO,-21.48,0.9985,5.921,339599.0,-1183103.0,0.84,0.9985,,64935.99,KXBTC15M-26JUN221045-45,2026-06-22T14:30:00+00:00,2026-06-22T14:45:00+00:00
2026-06-22T14:42:34.022718+00:00,BUY NO (DOWN),NO,-21.48,0.9989,6.142,376859.0,-1116381.0,0.88,0.9989,,64936.0,KXBTC15M-26JUN221045-45,2026-06-22T14:30:00+00:00,2026-06-22T14:45:00+00:00
2026-06-22T14:43:32.200941+00:00,BUY NO (DOWN),NO,-22.51,1.0,13.531,-96255.0,162617.0,0.924,1.0,,64931.21,KXBTC15M-26JUN221045-45,2026-06-22T14:30:00+00:00,2026-06-22T14:45:00+00:00
2026-06-22T14:48:00.526068+00:00,BUY NO (DOWN),NO,-28.01,0.8484,2.059,-638713.0,-528200.0,0.65,0.8484,,64879.98,KXBTC15M-26JUN221100-00,2026-06-22T14:45:00+00:00,2026-06-22T15:00:00+00:00
2026-06-22T14:55:28.958475+00:00,BUY NO (DOWN),NO,-23.59,0.9983,5.873,-205729.0,-415375.0,0.59,0.9983,,64884.4,KXBTC15M-26JUN221100-00,2026-06-22T14:45:00+00:00,2026-06-22T15:00:00+00:00
2026-06-22T14:56:14.927683+00:00,BUY NO (DOWN),NO,-22.16,0.9979,5.735,-242549.0,-481973.0,0.7,0.9979,,64885.84,KXBTC15M-26JUN221100-00,2026-06-22T14:45:00+00:00,2026-06-22T15:00:00+00:00
2026-06-22T14:56:44.983194+00:00,BUY NO (DOWN),NO,-22.0,0.9995,6.551,142612.0,-372333.0,0.74,0.9995,,64879.84,KXBTC15M-26JUN221100-00,2026-06-22T14:45:00+00:00,2026-06-22T15:00:00+00:00
2026-06-22T15:06:16.034720+00:00,BUY NO (DOWN),NO,-25.85,0.9334,3.004,-445714.0,425516.0,0.55,0.9334,,64954.53,KXBTC15M-26JUN221115-15,2026-06-22T15:00:00+00:00,2026-06-22T15:15:00+00:00
2026-06-22T15:18:01.004742+00:00,BUY NO (DOWN),NO,-76.7,0.9997,6.937,17589.0,-413139.0,0.75,0.9997,,65008.01,KXBTC15M-26JUN221130-30,2026-06-22T15:15:00+00:00,2026-06-22T15:30:00+00:00
2026-06-22T15:27:00.622435+00:00,BUY NO (DOWN),NO,-28.52,1.0,9.5,117534.0,-274840.0,0.73,1.0,,65049.6,KXBTC15M-26JUN221130-30,2026-06-22T15:15:00+00:00,2026-06-22T15:30:00+00:00
2026-06-22T15:27:41.359991+00:00,BUY NO (DOWN),NO,-27.11,1.0,11.347,-11681.0,-861190.0,0.6599999999999999,1.0,,65052.0,KXBTC15M-26JUN221130-30,2026-06-22T15:15:00+00:00,2026-06-22T15:30:00+00:00
2026-06-22T15:28:10.483723+00:00,BUY NO (DOWN),NO,-23.23,1.0,11.906,-27513.0,-946308.0,0.77,1.0,,65061.47,KXBTC15M-26JUN221130-30,2026-06-22T15:15:00+00:00,2026-06-22T15:30:00+00:00
2026-06-22T15:33:03.227274+00:00,BUY NO (DOWN),NO,-21.29,0.8898,2.45,-48584.0,-406491.0,0.55,0.8898,,65029.27,KXBTC15M-26JUN221145-45,2026-06-22T15:30:00+00:00,2026-06-22T15:45:00+00:00
2026-06-22T15:38:47.055581+00:00,BUY NO (DOWN),NO,-21.99,0.9814,4.167,763451.0,728537.0,0.62,0.9814,,65028.0,KXBTC15M-26JUN221145-45,2026-06-22T15:30:00+00:00,2026-06-22T15:45:00+00:00
2026-06-22T15:39:22.479012+00:00,BUY NO (DOWN),NO,-21.98,0.9888,4.565,-54495.0,784374.0,0.58,0.9888,,65030.0,KXBTC15M-26JUN221145-45,2026-06-22T15:30:00+00:00,2026-06-22T15:45:00+00:00
2026-06-22T15:48:01.624982+00:00,BUY NO (DOWN),NO,-24.19,0.924,2.865,-14689.0,-187537.0,0.6799999999999999,0.924,,65036.0,KXBTC15M-26JUN221200-00,2026-06-22T15:45:00+00:00,2026-06-22T16:00:00+00:00
2026-06-22T15:48:44.199915+00:00,BUY NO (DOWN),NO,-43.69,0.9922,4.836,-689475.0,-882799.0,0.6699999999999999,0.9922,,65022.39,KXBTC15M-26JUN221200-00,2026-06-22T15:45:00+00:00,2026-06-22T16:00:00+00:00
2026-06-22T15:52:29.661527+00:00,BUY NO (DOWN),NO,-186.19,1.0,22.275,167436.0,-2413308.0,0.948,1.0,,64878.0,KXBTC15M-26JUN221200-00,2026-06-22T15:45:00+00:00,2026-06-22T16:00:00+00:00
2026-06-22T15:52:52.126367+00:00,BUY NO (DOWN),NO,-182.2,1.0,22.746,10684.0,-2447093.0,0.945,1.0,,64882.0,KXBTC15M-26JUN221200-00,2026-06-22T15:45:00+00:00,2026-06-22T16:00:00+00:00
2026-06-22T15:53:00.863421+00:00,BUY NO (DOWN),NO,-182.2,1.0,23.344,32031.0,-2439487.0,0.949,1.0,,64881.99,KXBTC15M-26JUN221200-00,2026-06-22T15:45:00+00:00,2026-06-22T16:00:00+00:00
2026-06-22T16:03:01.198746+00:00,BUY NO (DOWN),NO,-109.47,0.9999,7.636,-568968.0,-1181063.0,0.77,0.9999,,64722.0,KXBTC15M-26JUN221215-15,2026-06-22T16:00:00+00:00,2026-06-22T16:15:00+00:00
2026-06-22T16:08:05.962680+00:00,BUY NO (DOWN),NO,-165.19,1.0,21.559,-1359159.0,-1235301.0,0.933,1.0,,64676.0,KXBTC15M-26JUN221215-15,2026-06-22T16:00:00+00:00,2026-06-22T16:15:00+00:00
2026-06-22T16:08:32.308413+00:00,BUY NO (DOWN),NO,-173.2,1.0,24.988,-1371505.0,-1250129.0,0.95,1.0,,64667.99,KXBTC15M-26JUN221215-15,2026-06-22T16:00:00+00:00,2026-06-22T16:15:00+00:00
2026-06-22T16:10:20.870726+00:00,BUY NO (DOWN),NO,-126.25,1.0,30.092,-617770.0,-1962231.0,0.9410000000000001,1.0,,64725.3,KXBTC15M-26JUN221215-15,2026-06-22T16:00:00+00:00,2026-06-22T16:15:00+00:00
2026-06-22T16:11:43.410691+00:00,BUY NO (DOWN),NO,-105.54,1.0,31.713,66432.0,-1450368.0,0.948,1.0,,64735.64,KXBTC15M-26JUN221215-15,2026-06-22T16:00:00+00:00,2026-06-22T16:15:00+00:00
2026-06-22T16:24:35.310050+00:00,BUY NO (DOWN),NO,-22.0,0.9927,4.884,-417690.0,-547323.0,0.61,0.9927,,64708.01,KXBTC15M-26JUN221230-30,2026-06-22T16:15:00+00:00,2026-06-22T16:30:00+00:00
2026-06-22T16:25:17.260507+00:00,BUY NO (DOWN),NO,-21.99,0.9951,5.163,-268582.0,-709438.0,0.6,0.9951,,64708.01,KXBTC15M-26JUN221230-30,2026-06-22T16:15:00+00:00,2026-06-22T16:30:00+00:00
2026-06-22T16:25:35.728051+00:00,BUY NO (DOWN),NO,-25.46,0.9988,6.066,-147075.0,-814125.0,0.65,0.9988,,64702.58,KXBTC15M-26JUN221230-30,2026-06-22T16:15:00+00:00,2026-06-22T16:30:00+00:00
2026-06-22T16:33:00.784169+00:00,BUY NO (DOWN),NO,-32.01,0.9932,4.938,-278046.0,271832.0,0.6599999999999999,0.9932,,64656.01,KXBTC15M-26JUN221245-45,2026-06-22T16:30:00+00:00,2026-06-22T16:45:00+00:00
2026-06-22T16:34:06.821874+00:00,BUY NO (DOWN),NO,-22.53,0.9804,4.123,32850.0,496941.0,0.65,0.9804,,64665.48,KXBTC15M-26JUN221245-45,2026-06-22T16:30:00+00:00,2026-06-22T16:45:00+00:00
2026-06-22T16:37:03.542703+00:00,BUY NO (DOWN),NO,-22.01,0.9613,3.531,118978.0,-1373966.0,0.6,0.9613,,64666.01,KXBTC15M-26JUN221245-45,2026-06-22T16:30:00+00:00,2026-06-22T16:45:00+00:00
2026-06-22T17:03:01.245303+00:00,BUY NO (DOWN),NO,-21.78,0.8405,1.993,37455.0,678351.0,0.7,0.8405,,64698.0,KXBTC15M-26JUN221315-15,2026-06-22T17:00:00+00:00,2026-06-22T17:15:00+00:00
2026-06-22T17:05:55.207942+00:00,BUY NO (DOWN),NO,-20.78,0.9673,3.685,-204222.0,-392781.0,0.6799999999999999,0.9673,,64697.06,KXBTC15M-26JUN221315-15,2026-06-22T17:00:00+00:00,2026-06-22T17:15:00+00:00
2026-06-22T17:10:13.171755+00:00,BUY NO (DOWN),NO,-72.28,1.0,23.416,-114096.0,-488780.0,0.947,1.0,,64647.49,KXBTC15M-26JUN221315-15,2026-06-22T17:00:00+00:00,2026-06-22T17:15:00+00:00
2026-06-22T17:10:50.980141+00:00,BUY NO (DOWN),NO,-55.77,1.0,22.034,-112559.0,-254401.0,0.95,1.0,,64664.0,KXBTC15M-26JUN221315-15,2026-06-22T17:00:00+00:00,2026-06-22T17:15:00+00:00
2026-06-22T17:12:09.577475+00:00,BUY NO (DOWN),NO,-34.87,1.0,23.092,109750.0,12999.0,0.938,1.0,,64688.48,KXBTC15M-26JUN221315-15,2026-06-22T17:00:00+00:00,2026-06-22T17:15:00+00:00
2026-06-22T17:18:00.810174+00:00,BUY NO (DOWN),NO,-28.66,0.9882,4.53,-104223.0,-811333.0,0.6599999999999999,0.9882,,64650.0,KXBTC15M-26JUN221330-30,2026-06-22T17:15:00+00:00,2026-06-22T17:30:00+00:00
2026-06-22T17:23:25.919906+00:00,BUY NO (DOWN),NO,-100.67,1.0,27.233,-25532.0,-513213.0,0.927,1.0,,64574.0,KXBTC15M-26JUN221330-30,2026-06-22T17:15:00+00:00,2026-06-22T17:30:00+00:00
2026-06-22T17:33:00.381930+00:00,BUY NO (DOWN),NO,-82.71,0.9991,6.253,-311407.0,-2490070.0,0.79,0.9991,,64440.01,KXBTC15M-26JUN221345-45,2026-06-22T17:30:00+00:00,2026-06-22T17:45:00+00:00
2026-06-22T17:41:07.054855+00:00,BUY NO (DOWN),NO,-74.71,1.0,23.992,-223094.0,-121442.0,0.949,1.0,,64448.01,KXBTC15M-26JUN221345-45,2026-06-22T17:30:00+00:00,2026-06-22T17:45:00+00:00
2026-06-22T18:19:43.409917+00:00,BUY NO (DOWN),NO,-20.88,0.9288,2.933,130110.0,-131457.0,0.5900000000000001,0.9288,,64657.11,KXBTC15M-26JUN221430-30,2026-06-22T18:15:00+00:00,2026-06-22T18:30:00+00:00
2026-06-22T18:20:48.034460+00:00,BUY NO (DOWN),NO,-27.98,0.9909,4.724,17710.0,-150395.0,0.61,0.9909,,64648.07,KXBTC15M-26JUN221430-30,2026-06-22T18:15:00+00:00,2026-06-22T18:30:00+00:00
2026-06-22T18:22:41.691727+00:00,BUY NO (DOWN),NO,-26.55,0.9968,5.45,-567516.0,-500709.0,0.5700000000000001,0.9968,,64674.21,KXBTC15M-26JUN221430-30,2026-06-22T18:15:00+00:00,2026-06-22T18:30:00+00:00
2026-06-22T18:25:48.907106+00:00,BUY NO (DOWN),NO,-21.62,1.0,9.919,-217641.0,-644203.0,0.7,1.0,,64656.37,KXBTC15M-26JUN221430-30,2026-06-22T18:15:00+00:00,2026-06-22T18:30:00+00:00
2026-06-22T18:26:17.716124+00:00,BUY NO (DOWN),NO,-69.71,1.0,26.068,-1539791.0,-2163153.0,0.942,1.0,,64608.28,KXBTC15M-26JUN221430-30,2026-06-22T18:15:00+00:00,2026-06-22T18:30:00+00:00
2026-06-22T18:26:27.203438+00:00,BUY NO (DOWN),NO,-60.04,1.0,22.948,-1426291.0,-2075779.0,0.944,1.0,,64617.95,KXBTC15M-26JUN221430-30,2026-06-22T18:15:00+00:00,2026-06-22T18:30:00+00:00
2026-06-22T18:34:41.449813+00:00,BUY NO (DOWN),NO,-20.0,0.9697,3.754,-226201.0,-2330210.0,0.5900000000000001,0.9697,,64572.01,KXBTC15M-26JUN221445-45,2026-06-22T18:30:00+00:00,2026-06-22T18:45:00+00:00
2026-06-22T18:34:48.625065+00:00,BUY NO (DOWN),NO,-20.0,0.9709,3.789,-217672.0,-2332308.0,0.5800000000000001,0.9709,,64572.0,KXBTC15M-26JUN221445-45,2026-06-22T18:30:00+00:00,2026-06-22T18:45:00+00:00
2026-06-22T18:34:51.535086+00:00,BUY NO (DOWN),NO,-20.0,0.9718,3.817,-227330.0,-2357714.0,0.5800000000000001,0.9718,,64574.57,KXBTC15M-26JUN221445-45,2026-06-22T18:30:00+00:00,2026-06-22T18:45:00+00:00
2026-06-22T18:34:58.128947+00:00,BUY NO (DOWN),NO,-20.0,0.9724,3.835,-161841.0,-2313064.0,0.5800000000000001,0.9724,,64572.0,KXBTC15M-26JUN221445-45,2026-06-22T18:30:00+00:00,2026-06-22T18:45:00+00:00
2026-06-22T18:35:01.233252+00:00,BUY NO (DOWN),NO,-20.0,0.9741,3.891,-162677.0,-1266796.0,0.6,0.9741,,64572.01,KXBTC15M-26JUN221445-45,2026-06-22T18:30:00+00:00,2026-06-22T18:45:00+00:00
2026-06-22T18:35:04.523665+00:00,BUY NO (DOWN),NO,-20.0,0.9753,3.932,-167829.0,-1301000.0,0.5700000000000001,0.9753,,64572.0,KXBTC15M-26JUN221445-45,2026-06-22T18:30:00+00:00,2026-06-22T18:45:00+00:00
2026-06-22T18:35:08.661949+00:00,BUY NO (DOWN),NO,-20.0,0.9764,3.969,-161490.0,-1304170.0,0.5800000000000001,0.9764,,64572.0,KXBTC15M-26JUN221445-45,2026-06-22T18:30:00+00:00,2026-06-22T18:45:00+00:00
2026-06-22T18:35:16.194651+00:00,BUY NO (DOWN),NO,-20.0,0.9807,4.138,-116832.0,-1321137.0,0.5700000000000001,0.9807,,64572.01,KXBTC15M-26JUN221445-45,2026-06-22T18:30:00+00:00,2026-06-22T18:45:00+00:00
2026-06-22T18:35:23.088912+00:00,BUY NO (DOWN),NO,-20.0,0.9856,4.373,-126426.0,-1306128.0,0.5800000000000001,0.9856,,64572.0,KXBTC15M-26JUN221445-45,2026-06-22T18:30:00+00:00,2026-06-22T18:45:00+00:00
2026-06-22T18:35:41.053652+00:00,BUY NO (DOWN),NO,-20.0,0.9889,4.577,-160794.0,-1428392.0,0.6,0.9889,,64572.01,KXBTC15M-26JUN221445-45,2026-06-22T18:30:00+00:00,2026-06-22T18:45:00+00:00
2026-06-22T18:36:04.189460+00:00,BUY NO (DOWN),NO,-21.99,0.9968,5.452,-136282.0,-1444787.0,0.5700000000000001,0.9968,,64568.0,KXBTC15M-26JUN221445-45,2026-06-22T18:30:00+00:00,2026-06-22T18:45:00+00:00
2026-06-22T18:38:59.090211+00:00,BUY NO (DOWN),NO,-23.92,0.9996,6.778,-186311.0,-640147.0,0.5800000000000001,0.9996,,64566.0,KXBTC15M-26JUN221445-45,2026-06-22T18:30:00+00:00,2026-06-22T18:45:00+00:00
2026-06-22T18:48:00.979862+00:00,BUY NO (DOWN),NO,-63.52,0.9922,4.832,-473058.0,-2320501.0,0.74,0.9922,,64452.45,KXBTC15M-26JUN221500-00,2026-06-22T18:45:00+00:00,2026-06-22T19:00:00+00:00
2026-06-22T19:08:15.889494+00:00,BUY NO (DOWN),NO,-20.84,0.9497,3.283,-501955.0,-1319206.0,0.7,0.9497,,64317.15,KXBTC15M-26JUN221515-15,2026-06-22T19:00:00+00:00,2026-06-22T19:15:00+00:00
2026-06-22T19:09:02.310791+00:00,BUY NO (DOWN),NO,-29.98,0.9986,5.999,-399750.0,-1236956.0,0.73,0.9986,,64313.99,KXBTC15M-26JUN221515-15,2026-06-22T19:00:00+00:00,2026-06-22T19:15:00+00:00
2026-06-22T19:09:22.280512+00:00,BUY NO (DOWN),NO,-20.83,0.9855,4.364,-296443.0,-1232214.0,0.71,0.9855,,64315.36,KXBTC15M-26JUN221515-15,2026-06-22T19:00:00+00:00,2026-06-22T19:15:00+00:00
2026-06-22T19:10:28.809784+00:00,BUY NO (DOWN),NO,-21.98,0.9996,6.75,-26271.0,-1113933.0,0.81,0.9996,,64316.0,KXBTC15M-26JUN221515-15,2026-06-22T19:00:00+00:00,2026-06-22T19:15:00+00:00
2026-06-22T19:18:00.989368+00:00,BUY NO (DOWN),NO,-46.2,0.9693,3.741,-1786697.0,-1865227.0,0.63,0.9693,,64367.99,KXBTC15M-26JUN221530-30,2026-06-22T19:15:00+00:00,2026-06-22T19:30:00+00:00
2026-06-22T19:18:35.329308+00:00,BUY NO (DOWN),NO,-22.18,0.8335,1.936,-144736.0,-2200376.0,0.56,0.8335,,64390.01,KXBTC15M-26JUN221530-30,2026-06-22T19:15:00+00:00,2026-06-22T19:30:00+00:00
2026-06-22T19:21:53.186277+00:00,BUY NO (DOWN),NO,-39.19,0.9967,5.439,-96160.0,-2224414.0,0.55,0.9967,,64375.0,KXBTC15M-26JUN221530-30,2026-06-22T19:15:00+00:00,2026-06-22T19:30:00+00:00
2026-06-22T19:22:18.231493+00:00,BUY NO (DOWN),NO,-31.53,0.9982,5.811,-251380.0,-299562.0,0.51,0.9982,,64382.65,KXBTC15M-26JUN221530-30,2026-06-22T19:15:00+00:00,2026-06-22T19:30:00+00:00
2026-06-22T19:26:15.614188+00:00,BUY NO (DOWN),NO,-90.19,1.0,38.611,-369544.0,-1855458.0,0.95,1.0,,64323.99,KXBTC15M-26JUN221530-30,2026-06-22T19:15:00+00:00,2026-06-22T19:30:00+00:00
2026-06-22T19:28:21.320820+00:00,BUY NO (DOWN),NO,-56.19,1.0,62.461,-38432.0,-1341324.0,0.948,1.0,,64366.0,KXBTC15M-26JUN221530-30,2026-06-22T19:15:00+00:00,2026-06-22T19:30:00+00:00
2026-06-22T19:48:01.215383+00:00,BUY NO (DOWN),NO,-52.74,0.9981,5.785,-103856.0,-1889246.0,0.75,0.9981,,64348.19,KXBTC15M-26JUN221600-00,2026-06-22T19:45:00+00:00,2026-06-22T20:00:00+00:00
2026-06-22T20:18:00.390792+00:00,BUY NO (DOWN),NO,-28.32,0.9886,4.553,-167179.0,-1086711.0,0.6799999999999999,0.9886,,64495.67,KXBTC15M-26JUN221630-30,2026-06-22T20:15:00+00:00,2026-06-22T20:30:00+00:00
2026-06-22T20:19:07.411248+00:00,BUY NO (DOWN),NO,-21.03,0.9693,3.74,-229183.0,-1187596.0,0.65,0.9693,,64502.98,KXBTC15M-26JUN221630-30,2026-06-22T20:15:00+00:00,2026-06-22T20:30:00+00:00
2026-06-22T20:48:00.298161+00:00,BUY NO (DOWN),NO,-23.71,0.9984,5.881,-50388.0,-278488.0,0.73,0.9984,,64456.51,KXBTC15M-26JUN221700-00,2026-06-22T20:45:00+00:00,2026-06-22T21:00:00+00:00
2026-06-22T20:50:28.702151+00:00,BUY NO (DOWN),NO,-20.21,0.9993,6.368,-58626.0,-52842.0,0.75,0.9993,,64460.01,KXBTC15M-26JUN221700-00,2026-06-22T20:45:00+00:00,2026-06-22T21:00:00+00:00
2026-06-22T20:53:37.396229+00:00,BUY NO (DOWN),NO,-66.23,1.0,27.031,1468.0,-162320.0,0.942,1.0,,64413.99,KXBTC15M-26JUN221700-00,2026-06-22T20:45:00+00:00,2026-06-22T21:00:00+00:00
2026-06-22T21:08:46.838015+00:00,BUY NO (DOWN),NO,-20.91,1.0,16.711,-46115.0,76382.0,0.79,1.0,,64412.8,KXBTC15M-26JUN221715-15,2026-06-22T21:00:00+00:00,2026-06-22T21:15:00+00:00
2026-06-22T21:10:42.254722+00:00,BUY NO (DOWN),NO,-41.36,1.0,49.839,-84224.0,-126363.0,0.95,1.0,,64392.43,KXBTC15M-26JUN221715-15,2026-06-22T21:00:00+00:00,2026-06-22T21:15:00+00:00
2026-06-22T21:18:50.063461+00:00,BUY NO (DOWN),NO,-22.32,0.9821,4.199,-71376.0,-12136.0,0.6699999999999999,0.9821,,64379.55,KXBTC15M-26JUN221730-30,2026-06-22T21:15:00+00:00,2026-06-22T21:30:00+00:00
2026-06-22T21:22:34.143105+00:00,BUY NO (DOWN),NO,-86.87,1.0,26.939,-772682.0,-978341.0,0.95,1.0,,64315.12,KXBTC15M-26JUN221730-30,2026-06-22T21:15:00+00:00,2026-06-22T21:30:00+00:00
2026-06-22T21:38:33.507071+00:00,BUY NO (DOWN),NO,-20.59,0.9999,7.545,-183877.0,-118154.0,0.73,0.9999,,64276.38,KXBTC15M-26JUN221745-45,2026-06-22T21:30:00+00:00,2026-06-22T21:45:00+00:00
2026-06-22T21:40:35.736927+00:00,BUY NO (DOWN),NO,-66.97,1.0,13.912,37419.0,-2362546.0,0.9390000000000001,1.0,,64230.24,KXBTC15M-26JUN221745-45,2026-06-22T21:30:00+00:00,2026-06-22T21:45:00+00:00
2026-06-22T21:40:45.035510+00:00,BUY NO (DOWN),NO,-68.77,1.0,14.815,120796.0,-2352060.0,0.9390000000000001,1.0,,64228.2,KXBTC15M-26JUN221745-45,2026-06-22T21:30:00+00:00,2026-06-22T21:45:00+00:00
2026-06-22T22:08:02.980388+00:00,BUY NO (DOWN),NO,-33.16,1.0,7.915,1468.0,-51473.0,0.53,1.0,,64278.0,KXBTC15M-26JUN221815-15,2026-06-22T22:00:00+00:00,2026-06-22T22:15:00+00:00
2026-06-22T22:18:01.114259+00:00,BUY NO (DOWN),NO,-28.04,0.9976,5.649,-74408.0,46217.0,0.74,0.9976,,64282.01,KXBTC15M-26JUN221830-30,2026-06-22T22:15:00+00:00,2026-06-22T22:30:00+00:00
2026-06-22T22:21:16.026795+00:00,BUY NO (DOWN),NO,-88.87,1.0,18.773,-276225.0,-289463.0,0.9390000000000001,1.0,,64221.16,KXBTC15M-26JUN221830-30,2026-06-22T22:15:00+00:00,2026-06-22T22:30:00+00:00
2026-06-22T22:37:04.609719+00:00,BUY NO (DOWN),NO,-21.38,0.8614,2.173,-258366.0,-165355.0,0.7,0.8614,,63983.21,KXBTC15M-26JUN221845-45,2026-06-22T22:30:00+00:00,2026-06-22T22:45:00+00:00
2026-06-22T22:40:06.093855+00:00,BUY NO (DOWN),NO,-78.59,1.0,9.963,179652.0,-653451.0,0.949,1.0,,63926.0,KXBTC15M-26JUN221845-45,2026-06-22T22:30:00+00:00,2026-06-22T22:45:00+00:00
2026-06-22T22:42:09.260468+00:00,BUY NO (DOWN),NO,-28.75,0.9995,6.627,392817.0,851262.0,0.902,0.9995,,63963.97,KXBTC15M-26JUN221845-45,2026-06-22T22:30:00+00:00,2026-06-22T22:45:00+00:00
2026-06-22T23:03:39.318484+00:00,BUY NO (DOWN),NO,-21.0,0.7682,1.466,5053961.0,5722403.0,0.6,0.7682,,63931.01,KXBTC15M-26JUN221915-15,2026-06-22T23:00:00+00:00,2026-06-22T23:15:00+00:00
2026-06-22T23:18:00.575982+00:00,BUY NO (DOWN),NO,-48.81,0.9986,5.968,-129914.0,-287406.0,0.83,0.9986,,63907.4,KXBTC15M-26JUN221930-30,2026-06-22T23:15:00+00:00,2026-06-22T23:30:00+00:00
2026-06-22T23:18:44.496224+00:00,BUY NO (DOWN),NO,-29.06,0.9441,3.181,-4846748.0,-4936374.0,0.71,0.9441,,63924.99,KXBTC15M-26JUN221930-30,2026-06-22T23:15:00+00:00,2026-06-22T23:30:00+00:00
2026-06-22T23:18:51.281021+00:00,BUY NO (DOWN),NO,-20.0,0.8639,2.196,-4814338.0,-5169956.0,0.76,0.8639,,63925.99,KXBTC15M-26JUN221930-30,2026-06-22T23:15:00+00:00,2026-06-22T23:30:00+00:00
2026-06-22T23:18:54.480848+00:00,BUY NO (DOWN),NO,-20.0,0.8663,2.218,-4678451.0,-5167066.0,0.72,0.8663,,63931.02,KXBTC15M-26JUN221930-30,2026-06-22T23:15:00+00:00,2026-06-22T23:30:00+00:00
2026-06-22T23:19:05.203803+00:00,BUY NO (DOWN),NO,-23.98,0.9078,2.655,-4786197.0,-5225231.0,0.73,0.9078,,63914.27,KXBTC15M-26JUN221930-30,2026-06-22T23:15:00+00:00,2026-06-22T23:30:00+00:00
2026-06-22T23:19:36.474036+00:00,BUY NO (DOWN),NO,-22.79,0.9229,2.849,-4825054.0,-5235366.0,0.76,0.9229,,63923.2,KXBTC15M-26JUN221930-30,2026-06-22T23:15:00+00:00,2026-06-22T23:30:00+00:00
2026-06-22T23:20:46.354955+00:00,BUY NO (DOWN),NO,-25.99,0.9664,3.661,6074.0,-5086099.0,0.78,0.9664,,63918.01,KXBTC15M-26JUN221930-30,2026-06-22T23:15:00+00:00,2026-06-22T23:30:00+00:00
2026-06-22T23:33:00.258372+00:00,BUY NO (DOWN),NO,-57.51,1.0,12.908,-43343.0,-280682.0,0.78,1.0,,63984.85,KXBTC15M-26JUN221945-45,2026-06-22T23:30:00+00:00,2026-06-22T23:45:00+00:00
2026-06-22T23:38:04.337995+00:00,BUY NO (DOWN),NO,-20.36,0.9789,4.064,-74948.0,223176.0,0.63,0.9789,,64022.01,KXBTC15M-26JUN221945-45,2026-06-22T23:30:00+00:00,2026-06-22T23:45:00+00:00
2026-06-22T23:40:13.353478+00:00,BUY NO (DOWN),NO,-20.37,0.9997,6.933,75154.0,171983.0,0.77,0.9997,,64022.0,KXBTC15M-26JUN221945-45,2026-06-22T23:30:00+00:00,2026-06-22T23:45:00+00:00
2026-06-22T23:41:49.099545+00:00,BUY NO (DOWN),NO,-20.36,1.0,13.242,151462.0,94397.0,0.8,1.0,,64018.01,KXBTC15M-26JUN221945-45,2026-06-22T23:30:00+00:00,2026-06-22T23:45:00+00:00
2026-06-22T23:42:38.293228+00:00,BUY NO (DOWN),NO,-36.73,1.0,32.242,-61261.0,112286.0,0.926,1.0,,64005.64,KXBTC15M-26JUN221945-45,2026-06-22T23:30:00+00:00,2026-06-22T23:45:00+00:00
2026-06-22T23:49:12.856096+00:00,BUY NO (DOWN),NO,-21.99,0.9642,3.604,-24982.0,-70925.0,0.6,0.9642,,63964.01,KXBTC15M-26JUN222000-00,2026-06-22T23:45:00+00:00,2026-06-23T00:00:00+00:00
2026-06-22T23:50:15.761223+00:00,BUY NO (DOWN),NO,-20.0,0.9638,3.593,40052.0,-135747.0,0.65,0.9638,,63966.0,KXBTC15M-26JUN222000-00,2026-06-22T23:45:00+00:00,2026-06-23T00:00:00+00:00
2026-06-23T00:03:00.988549+00:00,BUY NO (DOWN),NO,-20.02,0.8885,2.437,124181.0,1956.0,0.7,0.8885,,63989.48,KXBTC15M-26JUN222015-15,2026-06-23T00:00:00+00:00,2026-06-23T00:15:00+00:00
2026-06-23T00:03:42.663041+00:00,BUY NO (DOWN),NO,-34.54,0.9627,3.566,-32289.0,-6941.0,0.63,0.9627,,63974.97,KXBTC15M-26JUN222015-15,2026-06-23T00:00:00+00:00,2026-06-23T00:15:00+00:00
2026-06-23T00:06:47.756884+00:00,BUY NO (DOWN),NO,-21.48,0.9199,2.809,-6067.0,-196275.0,0.76,0.9199,,63988.01,KXBTC15M-26JUN222015-15,2026-06-23T00:00:00+00:00,2026-06-23T00:15:00+00:00
2026-06-23T00:07:12.579766+00:00,BUY NO (DOWN),NO,-21.49,0.932,2.982,73065.0,-8954.0,0.75,0.932,,63988.0,KXBTC15M-26JUN222015-15,2026-06-23T00:00:00+00:00,2026-06-23T00:15:00+00:00
2026-06-23T00:09:10.230932+00:00,BUY NO (DOWN),NO,-57.09,1.0,11.672,10146.0,-237095.0,0.908,1.0,,63952.4,KXBTC15M-26JUN222015-15,2026-06-23T00:00:00+00:00,2026-06-23T00:15:00+00:00
2026-06-23T00:10:15.488449+00:00,BUY NO (DOWN),NO,-61.5,1.0,17.035,12851.0,74835.0,0.945,1.0,,63947.99,KXBTC15M-26JUN222015-15,2026-06-23T00:00:00+00:00,2026-06-23T00:15:00+00:00
2026-06-23T00:18:00.052449+00:00,BUY NO (DOWN),NO,-24.64,0.9097,2.677,-503926.0,4331452.0,0.57,0.9097,,63938.01,KXBTC15M-26JUN222030-30,2026-06-23T00:15:00+00:00,2026-06-23T00:30:00+00:00
2026-06-23T00:24:40.259258+00:00,BUY NO (DOWN),NO,-108.01,1.0,32.582,225034.0,375743.0,0.949,1.0,,63855.0,KXBTC15M-26JUN222030-30,2026-06-23T00:15:00+00:00,2026-06-23T00:30:00+00:00
2026-06-23T00:24:53.617936+00:00,BUY NO (DOWN),NO,-108.01,1.0,34.276,-85770.0,363811.0,0.947,1.0,,63861.4,KXBTC15M-26JUN222030-30,2026-06-23T00:15:00+00:00,2026-06-23T00:30:00+00:00
2026-06-23T00:26:07.442860+00:00,BUY NO (DOWN),NO,-95.01,1.0,42.908,6945.0,549093.0,0.9410000000000001,1.0,,63868.0,KXBTC15M-26JUN222030-30,2026-06-23T00:15:00+00:00,2026-06-23T00:30:00+00:00
2026-06-23T00:26:30.647985+00:00,BUY NO (DOWN),NO,-95.01,1.0,51.467,-10126.0,586899.0,0.948,1.0,,63868.0,KXBTC15M-26JUN222030-30,2026-06-23T00:15:00+00:00,2026-06-23T00:30:00+00:00
2026-06-23T00:27:08.594009+00:00,BUY NO (DOWN),NO,-87.02,1.0,60.619,-214584.0,146916.0,0.9410000000000001,1.0,,63875.99,KXBTC15M-26JUN222030-30,2026-06-23T00:15:00+00:00,2026-06-23T00:30:00+00:00
2026-06-23T00:48:00.582370+00:00,BUY NO (DOWN),NO,-51.88,0.9999,7.333,-50249.0,5313749.0,0.6799999999999999,0.9999,,64059.11,KXBTC15M-26JUN222100-00,2026-06-23T00:45:00+00:00,2026-06-23T01:00:00+00:00
2026-06-23T00:55:02.086774+00:00,BUY NO (DOWN),NO,-20.37,0.9986,5.961,-1517.0,-1552512.0,0.51,0.9986,,64090.64,KXBTC15M-26JUN222100-00,2026-06-23T00:45:00+00:00,2026-06-23T01:00:00+00:00
2026-06-23T00:57:44.364277+00:00,BUY NO (DOWN),NO,-22.99,1.0,13.811,-328432.0,-13970.0,0.52,1.0,,64088.01,KXBTC15M-26JUN222100-00,2026-06-23T00:45:00+00:00,2026-06-23T01:00:00+00:00
2026-06-23T00:58:49.241198+00:00,BUY NO (DOWN),NO,-21.36,1.0,22.974,-64040.0,-52015.0,0.6,1.0,,64092.0,KXBTC15M-26JUN222100-00,2026-06-23T00:45:00+00:00,2026-06-23T01:00:00+00:00
2026-06-23T01:18:02.476488+00:00,BUY NO (DOWN),NO,-21.12,0.9854,4.36,-80187.0,-715206.0,0.69,0.9854,,64196.01,KXBTC15M-26JUN222130-30,2026-06-23T01:15:00+00:00,2026-06-23T01:30:00+00:00
2026-06-23T01:20:09.224898+00:00,BUY NO (DOWN),NO,-31.13,0.9996,6.661,24182.0,-173578.0,0.75,0.9996,,64182.57,KXBTC15M-26JUN222130-30,2026-06-23T01:15:00+00:00,2026-06-23T01:30:00+00:00
2026-06-23T01:23:51.856856+00:00,BUY NO (DOWN),NO,-33.15,0.9998,7.02,-514753.0,-568310.0,0.73,0.9998,,64183.98,KXBTC15M-26JUN222130-30,2026-06-23T01:15:00+00:00,2026-06-23T01:30:00+00:00
2026-06-23T01:24:17.746714+00:00,BUY NO (DOWN),NO,-24.05,0.9953,5.191,-271093.0,-607127.0,0.71,0.9953,,64193.08,KXBTC15M-26JUN222130-30,2026-06-23T01:15:00+00:00,2026-06-23T01:30:00+00:00
2026-06-23T01:33:43.134356+00:00,BUY NO (DOWN),NO,-34.41,0.9851,4.347,-192782.0,924231.0,0.54,0.9851,,64164.63,KXBTC15M-26JUN222145-45,2026-06-23T01:30:00+00:00,2026-06-23T01:45:00+00:00
2026-06-23T01:34:06.897998+00:00,BUY NO (DOWN),NO,-21.03,0.9065,2.639,-182846.0,970576.0,0.5800000000000001,0.9065,,64176.44,KXBTC15M-26JUN222145-45,2026-06-23T01:30:00+00:00,2026-06-23T01:45:00+00:00
2026-06-23T01:48:00.577072+00:00,BUY NO (DOWN),NO,-96.62,1.0,11.219,-8092.0,-405850.0,0.902,1.0,,63956.48,KXBTC15M-26JUN222200-00,2026-06-23T01:45:00+00:00,2026-06-23T02:00:00+00:00
2026-06-23T01:51:16.800413+00:00,BUY NO (DOWN),NO,-127.11,1.0,14.001,4428.0,-409707.0,0.947,1.0,,63925.99,KXBTC15M-26JUN222200-00,2026-06-23T01:45:00+00:00,2026-06-23T02:00:00+00:00
2026-06-23T01:51:41.997693+00:00,BUY NO (DOWN),NO,-99.78,1.0,11.694,141196.0,-236825.0,0.945,1.0,,63967.99,KXBTC15M-26JUN222200-00,2026-06-23T01:45:00+00:00,2026-06-23T02:00:00+00:00
2026-06-23T02:03:17.229196+00:00,BUY NO (DOWN),NO,-21.51,0.925,2.879,91973.0,-2279937.0,0.62,0.925,,64134.5,KXBTC15M-26JUN222215-15,2026-06-23T02:00:00+00:00,2026-06-23T02:15:00+00:00
2026-06-23T02:05:32.088106+00:00,BUY NO (DOWN),NO,-24.24,0.9802,4.115,-50333.0,-1601887.0,0.65,0.9802,,64131.77,KXBTC15M-26JUN222215-15,2026-06-23T02:00:00+00:00,2026-06-23T02:15:00+00:00
2026-06-23T02:07:42.397445+00:00,BUY NO (DOWN),NO,-31.25,1.0,7.9,-79004.0,-205140.0,0.69,1.0,,64124.75,KXBTC15M-26JUN222215-15,2026-06-23T02:00:00+00:00,2026-06-23T02:15:00+00:00
2026-06-23T02:48:53.481807+00:00,BUY NO (DOWN),NO,-25.64,0.9374,3.066,-104246.0,-155309.0,0.78,0.9374,,64175.34,KXBTC15M-26JUN222300-00,2026-06-23T02:45:00+00:00,2026-06-23T03:00:00+00:00
2026-06-23T03:03:00.926148+00:00,BUY NO (DOWN),NO,-120.79,1.0,10.203,-721869.0,-1936100.0,0.89,1.0,,64088.0,KXBTC15M-26JUN222315-15,2026-06-23T03:00:00+00:00,2026-06-23T03:15:00+00:00
2026-06-23T03:33:01.883966+00:00,BUY NO (DOWN),NO,-40.36,1.0,9.417,35267.0,-77525.0,0.62,1.0,,64059.99,KXBTC15M-26JUN222345-45,2026-06-23T03:30:00+00:00,2026-06-23T03:45:00+00:00
2026-06-23T04:11:58.087142+00:00,BUY NO (DOWN),NO,-21.34,1.0,28.478,-405003.0,-662567.0,0.81,1.0,,64040.0,KXBTC15M-26JUN230015-15,2026-06-23T04:00:00+00:00,2026-06-23T04:15:00+00:00
2026-06-23T04:13:45.806349+00:00,BUY NO (DOWN),NO,-22.44,1.0,53.326,127351.0,-542257.0,0.935,1.0,,64042.92,KXBTC15M-26JUN230015-15,2026-06-23T04:00:00+00:00,2026-06-23T04:15:00+00:00
2026-06-23T04:14:03.165986+00:00,BUY NO (DOWN),NO,-20.29,1.0,65.064,155781.0,-503048.0,0.9319999999999999,1.0,,64045.06,KXBTC15M-26JUN230015-15,2026-06-23T04:00:00+00:00,2026-06-23T04:15:00+00:00
2026-06-23T04:18:00.179357+00:00,BUY NO (DOWN),NO,-40.27,1.0,8.95,-71385.0,-28261.0,0.77,1.0,,64009.99,KXBTC15M-26JUN230030-30,2026-06-23T04:15:00+00:00,2026-06-23T04:30:00+00:00
2026-06-23T04:22:08.432950+00:00,BUY NO (DOWN),NO,-106.26,1.0,28.85,-280756.0,-1637939.0,0.944,1.0,,63946.0,KXBTC15M-26JUN230030-30,2026-06-23T04:15:00+00:00,2026-06-23T04:30:00+00:00
2026-06-23T04:33:00.521688+00:00,BUY NO (DOWN),NO,-40.97,0.9999,7.573,-69422.0,-135448.0,0.72,0.9999,,63933.99,KXBTC15M-26JUN230045-45,2026-06-23T04:30:00+00:00,2026-06-23T04:45:00+00:00
2026-06-23T04:35:52.697416+00:00,BUY NO (DOWN),NO,-104.95,1.0,17.321,98391.0,-439043.0,0.9319999999999999,1.0,,63870.01,KXBTC15M-26JUN230045-45,2026-06-23T04:30:00+00:00,2026-06-23T04:45:00+00:00
2026-06-23T04:36:54.278936+00:00,BUY NO (DOWN),NO,-98.95,1.0,17.042,-121018.0,-430726.0,0.9410000000000001,1.0,,63876.01,KXBTC15M-26JUN230045-45,2026-06-23T04:30:00+00:00,2026-06-23T04:45:00+00:00
2026-06-23T04:50:45.636009+00:00,BUY NO (DOWN),NO,-60.02,1.0,9.368,-1624741.0,-1448641.0,0.7,1.0,,63731.14,KXBTC15M-26JUN230100-00,2026-06-23T04:45:00+00:00,2026-06-23T05:00:00+00:00
2026-06-23T05:19:24.068291+00:00,BUY NO (DOWN),NO,-31.9,0.984,4.288,-39137.0,-642020.0,0.63,0.984,,63586.01,KXBTC15M-26JUN230130-30,2026-06-23T05:15:00+00:00,2026-06-23T05:30:00+00:00
2026-06-23T05:20:47.538349+00:00,BUY NO (DOWN),NO,-37.9,0.992,4.818,-32979.0,-5222434.0,0.6599999999999999,0.992,,63580.01,KXBTC15M-26JUN230130-30,2026-06-23T05:15:00+00:00,2026-06-23T05:30:00+00:00
2026-06-23T05:21:18.556690+00:00,BUY NO (DOWN),NO,-29.92,0.9755,3.938,467860.0,-4748931.0,0.65,0.9755,,63586.01,KXBTC15M-26JUN230130-30,2026-06-23T05:15:00+00:00,2026-06-23T05:30:00+00:00
2026-06-23T05:23:54.744538+00:00,BUY NO (DOWN),NO,-153.91,1.0,20.357,-3158913.0,-7783294.0,0.946,1.0,,63463.99,KXBTC15M-26JUN230130-30,2026-06-23T05:15:00+00:00,2026-06-23T05:30:00+00:00
2026-06-23T05:34:56.216196+00:00,BUY NO (DOWN),NO,-27.99,0.9299,2.95,-72378.0,-1494708.0,0.6,0.9299,,63446.01,KXBTC15M-26JUN230145-45,2026-06-23T05:30:00+00:00,2026-06-23T05:45:00+00:00
2026-06-23T05:35:24.212205+00:00,BUY NO (DOWN),NO,-25.99,0.918,2.784,-53784.0,-1202459.0,0.55,0.918,,63448.01,KXBTC15M-26JUN230145-45,2026-06-23T05:30:00+00:00,2026-06-23T05:45:00+00:00
2026-06-23T05:37:08.812059+00:00,BUY NO (DOWN),NO,-23.99,0.9615,3.536,-86079.0,-255396.0,0.53,0.9615,,63442.22,KXBTC15M-26JUN230145-45,2026-06-23T05:30:00+00:00,2026-06-23T05:45:00+00:00
2026-06-23T05:38:54.926976+00:00,BUY NO (DOWN),NO,-21.98,0.9905,4.688,26183.0,-103071.0,0.5700000000000001,0.9905,,63452.0,KXBTC15M-26JUN230145-45,2026-06-23T05:30:00+00:00,2026-06-23T05:45:00+00:00
2026-06-23T05:41:12.454664+00:00,BUY NO (DOWN),NO,-25.01,0.9999,7.507,-59364.0,533620.0,0.54,0.9999,,63448.98,KXBTC15M-26JUN230145-45,2026-06-23T05:30:00+00:00,2026-06-23T05:45:00+00:00
2026-06-23T05:41:49.337944+00:00,BUY NO (DOWN),NO,-20.45,0.9999,7.29,-269759.0,203496.0,0.51,0.9999,,63447.2,KXBTC15M-26JUN230145-45,2026-06-23T05:30:00+00:00,2026-06-23T05:45:00+00:00
2026-06-23T05:43:04.529191+00:00,BUY NO (DOWN),NO,-58.96,1.0,36.699,-9654.0,275847.0,0.946,1.0,,63415.03,KXBTC15M-26JUN230145-45,2026-06-23T05:30:00+00:00,2026-06-23T05:45:00+00:00
2026-06-23T05:44:06.991023+00:00,BUY NO (DOWN),NO,-31.05,1.0,43.452,-281678.0,81412.0,0.921,1.0,,63442.94,KXBTC15M-26JUN230145-45,2026-06-23T05:30:00+00:00,2026-06-23T05:45:00+00:00
2026-06-23T05:48:01.016311+00:00,BUY NO (DOWN),NO,-80.65,1.0,8.846,-353883.0,-8044975.0,0.78,1.0,,63362.66,KXBTC15M-26JUN230200-00,2026-06-23T05:45:00+00:00,2026-06-23T06:00:00+00:00
2026-06-23T05:51:04.413698+00:00,BUY NO (DOWN),NO,-20.52,0.9274,2.913,615707.0,-8646762.0,0.5800000000000001,0.9274,,63425.14,KXBTC15M-26JUN230200-00,2026-06-23T05:45:00+00:00,2026-06-23T06:00:00+00:00
2026-06-23T05:51:31.988177+00:00,BUY NO (DOWN),NO,-21.26,0.9485,3.261,-40186.0,-6850569.0,0.5700000000000001,0.9485,,63424.4,KXBTC15M-26JUN230200-00,2026-06-23T05:45:00+00:00,2026-06-23T06:00:00+00:00
2026-06-23T05:53:20.172606+00:00,BUY NO (DOWN),NO,-26.29,0.9976,5.65,-130823.0,96215.0,0.6599999999999999,0.9976,,63419.37,KXBTC15M-26JUN230200-00,2026-06-23T05:45:00+00:00,2026-06-23T06:00:00+00:00
2026-06-23T05:57:30.584046+00:00,BUY NO (DOWN),NO,-31.65,1.0,17.185,-293910.0,-2562282.0,0.74,1.0,,63408.01,KXBTC15M-26JUN230200-00,2026-06-23T05:45:00+00:00,2026-06-23T06:00:00+00:00
2026-06-23T06:03:17.584992+00:00,BUY NO (DOWN),NO,-24.98,0.9679,3.702,34236.0,-1183902.0,0.53,0.9679,,63370.0,KXBTC15M-26JUN230215-15,2026-06-23T06:00:00+00:00,2026-06-23T06:15:00+00:00
2026-06-23T06:18:02.197741+00:00,BUY NO (DOWN),NO,-31.98,0.8961,2.519,-1689403.0,-877790.0,0.54,0.8961,,63178.02,KXBTC15M-26JUN230230-30,2026-06-23T06:15:00+00:00,2026-06-23T06:30:00+00:00
2026-06-23T06:49:43.252595+00:00,BUY NO (DOWN),NO,-26.03,0.9503,3.296,-677868.0,-1859256.0,0.52,0.9503,,62927.16,KXBTC15M-26JUN230300-00,2026-06-23T06:45:00+00:00,2026-06-23T07:00:00+00:00
2026-06-23T06:49:53.650141+00:00,BUY NO (DOWN),NO,-22.62,0.916,2.757,-649380.0,-1910805.0,0.52,0.916,,62923.42,KXBTC15M-26JUN230300-00,2026-06-23T06:45:00+00:00,2026-06-23T07:00:00+00:00
2026-06-23T06:51:37.014879+00:00,BUY NO (DOWN),NO,-24.03,0.9607,3.519,-202619.0,-1969434.0,0.56,0.9607,,62922.01,KXBTC15M-26JUN230300-00,2026-06-23T06:45:00+00:00,2026-06-23T07:00:00+00:00
2026-06-23T06:59:13.810773+00:00,BUY NO (DOWN),NO,-20.03,1.0,47.711,-114184.0,-34642.0,0.64,1.0,,62926.01,KXBTC15M-26JUN230300-00,2026-06-23T06:45:00+00:00,2026-06-23T07:00:00+00:00
2026-06-23T07:18:21.210178+00:00,BUY NO (DOWN),NO,-34.01,0.9843,4.305,-418594.0,-530409.0,0.53,0.9843,,63002.01,KXBTC15M-26JUN230330-30,2026-06-23T07:15:00+00:00,2026-06-23T07:30:00+00:00
2026-06-23T07:26:06.176566+00:00,BUY NO (DOWN),NO,-33.28,1.0,17.483,-487136.0,-1718660.0,0.6599999999999999,1.0,,63002.73,KXBTC15M-26JUN230330-30,2026-06-23T07:15:00+00:00,2026-06-23T07:30:00+00:00
2026-06-23T07:28:38.692804+00:00,BUY NO (DOWN),NO,-27.55,1.0,45.957,27933.0,-1512521.0,0.924,1.0,,63008.46,KXBTC15M-26JUN230330-30,2026-06-23T07:15:00+00:00,2026-06-23T07:30:00+00:00
2026-06-23T07:33:00.711387+00:00,BUY NO (DOWN),NO,-105.45,1.0,10.293,-43316.0,-391775.0,0.83,1.0,,62888.01,KXBTC15M-26JUN230345-45,2026-06-23T07:30:00+00:00,2026-06-23T07:45:00+00:00
2026-06-23T07:37:05.946891+00:00,BUY NO (DOWN),NO,-23.45,0.9081,2.658,1060239.0,1253702.0,0.71,0.9081,,62966.01,KXBTC15M-26JUN230345-45,2026-06-23T07:30:00+00:00,2026-06-23T07:45:00+00:00
2026-06-23T07:41:05.214475+00:00,BUY NO (DOWN),NO,-22.96,0.9997,6.904,-305630.0,1218048.0,0.77,0.9997,,62966.49,KXBTC15M-26JUN230345-45,2026-06-23T07:30:00+00:00,2026-06-23T07:45:00+00:00
2026-06-23T07:42:28.107056+00:00,BUY NO (DOWN),NO,-29.46,1.0,15.903,-21868.0,-109482.0,0.945,1.0,,62954.32,KXBTC15M-26JUN230345-45,2026-06-23T07:30:00+00:00,2026-06-23T07:45:00+00:00
2026-06-23T07:52:12.395503+00:00,BUY NO (DOWN),NO,-20.66,0.9791,4.071,-203775.0,400810.0,0.61,0.9791,,62891.87,KXBTC15M-26JUN230400-00,2026-06-23T07:45:00+00:00,2026-06-23T08:00:00+00:00
2026-06-23T07:54:08.688024+00:00,BUY NO (DOWN),NO,-21.15,0.9943,5.059,13940.0,-442304.0,0.65,0.9943,,62891.4,KXBTC15M-26JUN230400-00,2026-06-23T07:45:00+00:00,2026-06-23T08:00:00+00:00
2026-06-23T07:54:29.498231+00:00,BUY NO (DOWN),NO,-21.68,0.9974,5.583,-538931.0,-1183463.0,0.5900000000000001,0.9974,,62891.99,KXBTC15M-26JUN230400-00,2026-06-23T07:45:00+00:00,2026-06-23T08:00:00+00:00
2026-06-23T07:59:30.881813+00:00,BUY NO (DOWN),NO,-20.55,1.0,46.359,243800.0,703882.0,0.925,1.0,,62892.0,KXBTC15M-26JUN230400-00,2026-06-23T07:45:00+00:00,2026-06-23T08:00:00+00:00
2026-06-23T08:03:05.068515+00:00,BUY NO (DOWN),NO,-20.89,0.7468,1.329,110209.0,-489773.0,0.5700000000000001,0.7468,,62875.69,KXBTC15M-26JUN230415-15,2026-06-23T08:00:00+00:00,2026-06-23T08:15:00+00:00
2026-06-23T08:04:03.427383+00:00,BUY NO (DOWN),NO,-20.89,0.7783,1.533,-30387.0,-506262.0,0.53,0.7783,,62875.7,KXBTC15M-26JUN230415-15,2026-06-23T08:00:00+00:00,2026-06-23T08:15:00+00:00
2026-06-23T08:04:24.593023+00:00,BUY NO (DOWN),NO,-22.59,0.816,1.801,-71453.0,-453018.0,0.52,0.816,,62874.0,KXBTC15M-26JUN230415-15,2026-06-23T08:00:00+00:00,2026-06-23T08:15:00+00:00
2026-06-23T08:11:22.909679+00:00,BUY NO (DOWN),NO,-20.14,1.0,8.393,107011.0,1090055.0,0.69,1.0,,62866.0,KXBTC15M-26JUN230415-15,2026-06-23T08:00:00+00:00,2026-06-23T08:15:00+00:00
2026-06-23T08:18:00.726091+00:00,BUY NO (DOWN),NO,-128.48,0.9901,4.663,-8599938.0,-20639540.0,0.76,0.9901,,62551.56,KXBTC15M-26JUN230430-30,2026-06-23T08:15:00+00:00,2026-06-23T08:30:00+00:00
2026-06-23T08:48:02.595070+00:00,BUY NO (DOWN),NO,-24.55,0.7659,1.451,-3869174.0,-5583027.0,0.62,0.7659,,62358.35,KXBTC15M-26JUN230500-00,2026-06-23T08:45:00+00:00,2026-06-23T09:00:00+00:00
2026-06-23T08:48:25.907932+00:00,BUY NO (DOWN),NO,-40.91,0.8914,2.468,-6569509.0,-8255478.0,0.74,0.8914,,62342.0,KXBTC15M-26JUN230500-00,2026-06-23T08:45:00+00:00,2026-06-23T09:00:00+00:00
2026-06-23T08:48:52.216242+00:00,BUY NO (DOWN),NO,-31.62,0.8298,1.907,-7211646.0,-9947415.0,0.7,0.8298,,62351.29,KXBTC15M-26JUN230500-00,2026-06-23T08:45:00+00:00,2026-06-23T09:00:00+00:00
2026-06-23T09:08:31.437931+00:00,BUY NO (DOWN),NO,-22.45,0.9946,5.103,-45503.0,239006.0,0.53,0.9946,,62367.4,KXBTC15M-26JUN230515-15,2026-06-23T09:00:00+00:00,2026-06-23T09:15:00+00:00
2026-06-23T09:10:04.957229+00:00,BUY NO (DOWN),NO,-30.73,1.0,8.796,139326.0,482541.0,0.54,1.0,,62364.29,KXBTC15M-26JUN230515-15,2026-06-23T09:00:00+00:00,2026-06-23T09:15:00+00:00
2026-06-23T09:33:00.299490+00:00,BUY NO (DOWN),NO,-24.57,0.9965,5.396,77030.0,486245.0,0.5900000000000001,0.9965,,62495.42,KXBTC15M-26JUN230545-45,2026-06-23T09:30:00+00:00,2026-06-23T09:45:00+00:00
2026-06-23T09:36:46.991259+00:00,BUY NO (DOWN),NO,-22.72,0.9999,7.617,-1151806.0,-1239195.0,0.5700000000000001,0.9999,,62483.46,KXBTC15M-26JUN230545-45,2026-06-23T09:30:00+00:00,2026-06-23T09:45:00+00:00
2026-06-23T10:18:01.405416+00:00,BUY NO (DOWN),NO,-40.65,1.0,8.864,36380.0,-226584.0,0.72,1.0,,62426.01,KXBTC15M-26JUN230630-30,2026-06-23T10:15:00+00:00,2026-06-23T10:30:00+00:00
2026-06-23T10:24:35.793887+00:00,BUY NO (DOWN),NO,-68.98,1.0,27.63,-24327.0,46506.0,0.938,1.0,,62399.68,KXBTC15M-26JUN230630-30,2026-06-23T10:15:00+00:00,2026-06-23T10:30:00+00:00
2026-06-23T10:33:00.202665+00:00,BUY NO (DOWN),NO,-44.96,0.9979,5.72,-45427.0,-432935.0,0.6799999999999999,0.9979,,62328.01,KXBTC15M-26JUN230645-45,2026-06-23T10:30:00+00:00,2026-06-23T10:45:00+00:00
2026-06-23T10:36:40.839547+00:00,BUY NO (DOWN),NO,-33.98,0.9986,5.968,112687.0,-261332.0,0.56,0.9986,,62338.97,KXBTC15M-26JUN230645-45,2026-06-23T10:30:00+00:00,2026-06-23T10:45:00+00:00
2026-06-23T11:48:00.252159+00:00,BUY NO (DOWN),NO,-79.77,1.0,12.375,-621911.0,-1648289.0,0.85,1.0,,62494.1,KXBTC15M-26JUN230800-00,2026-06-23T11:45:00+00:00,2026-06-23T12:00:00+00:00
2026-06-23T11:50:50.825157+00:00,BUY NO (DOWN),NO,-107.89,1.0,19.565,-99228.0,-1465496.0,0.9359999999999999,1.0,,62454.0,KXBTC15M-26JUN230800-00,2026-06-23T11:45:00+00:00,2026-06-23T12:00:00+00:00
2026-06-23T11:52:15.849575+00:00,BUY NO (DOWN),NO,-107.88,1.0,21.532,-129107.0,-1237867.0,0.944,1.0,,62466.0,KXBTC15M-26JUN230800-00,2026-06-23T11:45:00+00:00,2026-06-23T12:00:00+00:00
2026-06-23T11:54:13.972336+00:00,BUY NO (DOWN),NO,-65.88,1.0,15.867,-188998.0,-941552.0,0.9319999999999999,1.0,,62508.0,KXBTC15M-26JUN230800-00,2026-06-23T11:45:00+00:00,2026-06-23T12:00:00+00:00
2026-06-23T11:54:29.990200+00:00,BUY NO (DOWN),NO,-73.86,1.0,18.633,-205721.0,-966845.0,0.949,1.0,,62500.02,KXBTC15M-26JUN230800-00,2026-06-23T11:45:00+00:00,2026-06-23T12:00:00+00:00
2026-06-23T11:55:41.998064+00:00,BUY NO (DOWN),NO,-67.56,1.0,21.345,97009.0,-678763.0,0.944,1.0,,62506.32,KXBTC15M-26JUN230800-00,2026-06-23T11:45:00+00:00,2026-06-23T12:00:00+00:00
2026-06-23T12:03:53.695678+00:00,BUY NO (DOWN),NO,-21.85,0.9102,2.685,-1686685.0,-2323088.0,0.53,0.9102,,62485.2,KXBTC15M-26JUN230815-15,2026-06-23T12:00:00+00:00,2026-06-23T12:15:00+00:00
2026-06-23T12:10:00.164619+00:00,BUY NO (DOWN),NO,-20.09,1.0,9.224,-48682.0,-248912.0,0.74,1.0,,62486.96,KXBTC15M-26JUN230815-15,2026-06-23T12:00:00+00:00,2026-06-23T12:15:00+00:00
2026-06-23T12:18:26.227054+00:00,BUY NO (DOWN),NO,-20.4,0.901,2.575,-391341.0,-2126527.0,0.54,0.901,,62411.59,KXBTC15M-26JUN230830-30,2026-06-23T12:15:00+00:00,2026-06-23T12:30:00+00:00
2026-06-23T12:20:03.175446+00:00,BUY NO (DOWN),NO,-22.29,0.9453,3.202,-394091.0,-2532792.0,0.53,0.9453,,62406.26,KXBTC15M-26JUN230830-30,2026-06-23T12:15:00+00:00,2026-06-23T12:30:00+00:00
2026-06-23T12:27:09.163641+00:00,BUY NO (DOWN),NO,-55.31,1.0,35.739,-84636.0,-993197.0,0.918,1.0,,62381.66,KXBTC15M-26JUN230830-30,2026-06-23T12:15:00+00:00,2026-06-23T12:30:00+00:00
2026-06-23T12:28:43.266544+00:00,BUY NO (DOWN),NO,-43.25,1.0,60.36,-262587.0,-510250.0,0.949,1.0,,62388.73,KXBTC15M-26JUN230830-30,2026-06-23T12:15:00+00:00,2026-06-23T12:30:00+00:00
2026-06-23T12:33:02.258879+00:00,BUY NO (DOWN),NO,-20.49,0.8677,2.231,-597178.0,-1321252.0,0.51,0.8677,,62387.44,KXBTC15M-26JUN230845-45,2026-06-23T12:30:00+00:00,2026-06-23T12:45:00+00:00
2026-06-23T12:33:21.394914+00:00,BUY NO (DOWN),NO,-24.21,0.9075,2.651,-556635.0,-1228370.0,0.51,0.9075,,62386.28,KXBTC15M-26JUN230845-45,2026-06-23T12:30:00+00:00,2026-06-23T12:45:00+00:00
2026-06-23T12:34:09.405335+00:00,BUY NO (DOWN),NO,-21.6,0.8752,2.303,-240812.0,-1196616.0,0.53,0.8752,,62388.89,KXBTC15M-26JUN230845-45,2026-06-23T12:30:00+00:00,2026-06-23T12:45:00+00:00
2026-06-23T12:34:19.185332+00:00,BUY NO (DOWN),NO,-22.48,0.8845,2.395,-301586.0,-1210618.0,0.56,0.8845,,62386.71,KXBTC15M-26JUN230845-45,2026-06-23T12:30:00+00:00,2026-06-23T12:45:00+00:00
2026-06-23T12:37:09.321153+00:00,BUY NO (DOWN),NO,-22.49,0.9535,3.359,-312435.0,-1666522.0,0.55,0.9535,,62384.23,KXBTC15M-26JUN230845-45,2026-06-23T12:30:00+00:00,2026-06-23T12:45:00+00:00
2026-06-23T12:40:12.791891+00:00,BUY NO (DOWN),NO,-107.36,1.0,39.823,-249336.0,-2276671.0,0.95,1.0,,62306.8,KXBTC15M-26JUN230845-45,2026-06-23T12:30:00+00:00,2026-06-23T12:45:00+00:00
2026-06-23T12:41:28.644369+00:00,BUY NO (DOWN),NO,-80.85,1.0,38.693,-105039.0,-2200874.0,0.947,1.0,,62339.99,KXBTC15M-26JUN230845-45,2026-06-23T12:30:00+00:00,2026-06-23T12:45:00+00:00
2026-06-23T12:49:38.248084+00:00,BUY NO (DOWN),NO,-23.01,0.9994,6.454,-175503.0,-1351937.0,0.63,0.9994,,62312.02,KXBTC15M-26JUN230900-00,2026-06-23T12:45:00+00:00,2026-06-23T13:00:00+00:00
2026-06-23T12:50:42.390395+00:00,BUY NO (DOWN),NO,-24.32,0.8648,2.204,-2001920.0,-3039372.0,0.6699999999999999,0.8648,,62310.72,KXBTC15M-26JUN230900-00,2026-06-23T12:45:00+00:00,2026-06-23T13:00:00+00:00
2026-06-23T12:53:25.499242+00:00,BUY NO (DOWN),NO,-89.03,1.0,9.777,186.0,-2964363.0,0.933,1.0,,62247.75,KXBTC15M-26JUN230900-00,2026-06-23T12:45:00+00:00,2026-06-23T13:00:00+00:00
2026-06-23T12:56:21.453963+00:00,BUY NO (DOWN),NO,-21.03,0.9998,7.062,-232695.0,-440725.0,0.73,0.9998,,62304.01,KXBTC15M-26JUN230900-00,2026-06-23T12:45:00+00:00,2026-06-23T13:00:00+00:00
2026-06-23T13:03:00.509517+00:00,BUY NO (DOWN),NO,-31.87,0.9473,3.238,-235451.0,-712915.0,0.62,0.9473,,62226.73,KXBTC15M-26JUN230915-15,2026-06-23T13:00:00+00:00,2026-06-23T13:15:00+00:00
2026-06-23T13:03:35.374594+00:00,BUY NO (DOWN),NO,-38.85,0.973,3.854,-456054.0,-1155679.0,0.5800000000000001,0.973,,62220.56,KXBTC15M-26JUN230915-15,2026-06-23T13:00:00+00:00,2026-06-23T13:15:00+00:00
2026-06-23T13:18:01.111830+00:00,BUY NO (DOWN),NO,-64.0,0.9996,6.76,-343854.0,166675.0,0.79,0.9996,,62108.01,KXBTC15M-26JUN230930-30,2026-06-23T13:15:00+00:00,2026-06-23T13:30:00+00:00
2026-06-23T13:24:22.407735+00:00,BUY NO (DOWN),NO,-86.0,1.0,24.1,-181717.0,-452457.0,0.947,1.0,,62091.99,KXBTC15M-26JUN230930-30,2026-06-23T13:15:00+00:00,2026-06-23T13:30:00+00:00
2026-06-23T13:48:00.398153+00:00,BUY NO (DOWN),NO,-33.63,0.8357,1.954,74209.0,823075.0,0.6799999999999999,0.8357,,62353.59,KXBTC15M-26JUN231000-00,2026-06-23T13:45:00+00:00,2026-06-23T14:00:00+00:00
2026-06-23T14:05:36.144952+00:00,BUY NO (DOWN),NO,-28.99,0.8431,2.014,-260234.0,1517596.0,0.57,0.8431,,62446.75,KXBTC15M-26JUN231015-15,2026-06-23T14:00:00+00:00,2026-06-23T14:15:00+00:00
2026-06-23T14:05:54.813773+00:00,BUY NO (DOWN),NO,-30.26,0.8692,2.245,-150362.0,1710440.0,0.56,0.8692,,62445.72,KXBTC15M-26JUN231015-15,2026-06-23T14:00:00+00:00,2026-06-23T14:15:00+00:00
2026-06-23T14:06:12.795659+00:00,BUY NO (DOWN),NO,-20.36,0.7923,1.629,-96945.0,1332083.0,0.54,0.7923,,62448.0,KXBTC15M-26JUN231015-15,2026-06-23T14:00:00+00:00,2026-06-23T14:15:00+00:00
2026-06-23T14:06:35.232178+00:00,BUY NO (DOWN),NO,-21.31,0.8177,1.813,126648.0,1129560.0,0.55,0.8177,,62454.67,KXBTC15M-26JUN231015-15,2026-06-23T14:00:00+00:00,2026-06-23T14:15:00+00:00
2026-06-23T14:22:23.992931+00:00,BUY NO (DOWN),NO,-38.01,0.9697,3.752,-324639.0,-2806678.0,0.8,0.9697,,62654.17,KXBTC15M-26JUN231030-30,2026-06-23T14:15:00+00:00,2026-06-23T14:30:00+00:00
2026-06-23T14:26:52.916182+00:00,BUY NO (DOWN),NO,-202.52,1.0,48.892,454591.0,-185551.0,0.9359999999999999,1.0,,62498.3,KXBTC15M-26JUN231030-30,2026-06-23T14:15:00+00:00,2026-06-23T14:30:00+00:00
2026-06-23T14:33:00.838438+00:00,BUY NO (DOWN),NO,-124.32,0.9999,7.464,-240971.0,-1078966.0,0.72,0.9999,,62476.5,KXBTC15M-26JUN231045-45,2026-06-23T14:30:00+00:00,2026-06-23T14:45:00+00:00
2026-06-23T14:33:43.522090+00:00,BUY NO (DOWN),NO,-21.98,0.7404,1.289,-937376.0,-1263423.0,0.55,0.7404,,62564.56,KXBTC15M-26JUN231045-45,2026-06-23T14:30:00+00:00,2026-06-23T14:45:00+00:00
2026-06-23T14:34:04.182736+00:00,BUY NO (DOWN),NO,-21.98,0.7516,1.359,-985206.0,-1542128.0,0.51,0.7516,,62574.0,KXBTC15M-26JUN231045-45,2026-06-23T14:30:00+00:00,2026-06-23T14:45:00+00:00
2026-06-23T14:34:37.192581+00:00,BUY NO (DOWN),NO,-21.99,0.763,1.432,-106036.0,-1939642.0,0.54,0.763,,62572.46,KXBTC15M-26JUN231045-45,2026-06-23T14:30:00+00:00,2026-06-23T14:45:00+00:00
2026-06-23T14:35:07.515859+00:00,BUY NO (DOWN),NO,-23.98,0.7995,1.68,-88776.0,-2439327.0,0.55,0.7995,,62562.33,KXBTC15M-26JUN231045-45,2026-06-23T14:30:00+00:00,2026-06-23T14:45:00+00:00
2026-06-23T14:39:32.530321+00:00,BUY NO (DOWN),NO,-23.98,0.9127,2.715,-782397.0,-315392.0,0.66,0.9127,,62576.34,KXBTC15M-26JUN231045-45,2026-06-23T14:30:00+00:00,2026-06-23T14:45:00+00:00
2026-06-23T14:39:48.259392+00:00,BUY NO (DOWN),NO,-26.18,0.9376,3.069,-812970.0,-320388.0,0.62,0.9376,,62569.81,KXBTC15M-26JUN231045-45,2026-06-23T14:30:00+00:00,2026-06-23T14:45:00+00:00
2026-06-23T14:40:21.151291+00:00,BUY NO (DOWN),NO,-25.99,0.9576,3.447,-480953.0,-200097.0,0.62,0.9576,,62570.0,KXBTC15M-26JUN231045-45,2026-06-23T14:30:00+00:00,2026-06-23T14:45:00+00:00
2026-06-23T14:43:09.979971+00:00,BUY NO (DOWN),NO,-29.98,1.0,14.527,106131.0,-2396433.0,0.53,1.0,,62552.0,KXBTC15M-26JUN231045-45,2026-06-23T14:30:00+00:00,2026-06-23T14:45:00+00:00
2026-06-23T14:43:37.660630+00:00,BUY NO (DOWN),NO,-25.99,1.0,15.821,-124320.0,-2407014.0,0.64,1.0,,62574.02,KXBTC15M-26JUN231045-45,2026-06-23T14:30:00+00:00,2026-06-23T14:45:00+00:00
2026-06-23T14:44:00.174223+00:00,BUY NO (DOWN),NO,-21.96,1.0,18.432,-348836.0,-2594522.0,0.74,1.0,,62583.58,KXBTC15M-26JUN231045-45,2026-06-23T14:30:00+00:00,2026-06-23T14:45:00+00:00
2026-06-23T14:44:31.236904+00:00,BUY NO (DOWN),NO,-48.04,1.0,79.523,-214808.0,-1846294.0,0.85,1.0,,62543.88,KXBTC15M-26JUN231045-45,2026-06-23T14:30:00+00:00,2026-06-23T14:45:00+00:00
2026-06-23T14:48:01.539790+00:00,BUY NO (DOWN),NO,-61.72,0.9831,4.247,-1013078.0,-1859937.0,0.71,0.9831,,62461.01,KXBTC15M-26JUN231100-00,2026-06-23T14:45:00+00:00,2026-06-23T15:00:00+00:00
2026-06-23T14:54:09.513204+00:00,BUY NO (DOWN),NO,-20.97,0.9313,2.971,-40932.0,224266.0,0.6699999999999999,0.9313,,62484.01,KXBTC15M-26JUN231100-00,2026-06-23T14:45:00+00:00,2026-06-23T15:00:00+00:00
2026-06-23T14:55:31.523407+00:00,BUY NO (DOWN),NO,-21.99,0.9845,4.312,447677.0,942590.0,0.6799999999999999,0.9845,,62494.01,KXBTC15M-26JUN231100-00,2026-06-23T14:45:00+00:00,2026-06-23T15:00:00+00:00
2026-06-23T14:56:17.854782+00:00,BUY NO (DOWN),NO,-24.55,0.9991,6.257,-22827.0,346753.0,0.79,0.9991,,62498.01,KXBTC15M-26JUN231100-00,2026-06-23T14:45:00+00:00,2026-06-23T15:00:00+00:00
2026-06-23T14:59:37.360305+00:00,BUY NO (DOWN),NO,-37.98,1.0,60.085,-2470446.0,-1897943.0,0.7,1.0,,62490.02,KXBTC15M-26JUN231100-00,2026-06-23T14:45:00+00:00,2026-06-23T15:00:00+00:00
2026-06-23T15:03:32.661690+00:00,BUY NO (DOWN),NO,-26.68,0.7219,1.177,-1350534.0,-4929122.0,0.6599999999999999,0.7219,,62440.0,KXBTC15M-26JUN231115-15,2026-06-23T15:00:00+00:00,2026-06-23T15:15:00+00:00
2026-06-23T15:06:07.081040+00:00,BUY NO (DOWN),NO,-32.69,0.9648,3.618,-109563.0,-1521290.0,0.72,0.9648,,62438.01,KXBTC15M-26JUN231115-15,2026-06-23T15:00:00+00:00,2026-06-23T15:15:00+00:00
2026-06-23T15:09:49.405878+00:00,BUY NO (DOWN),NO,-103.77,1.0,19.384,1264.0,-1594410.0,0.949,1.0,,62370.0,KXBTC15M-26JUN231115-15,2026-06-23T15:00:00+00:00,2026-06-23T15:15:00+00:00
2026-06-23T15:10:04.612951+00:00,BUY NO (DOWN),NO,-86.71,1.0,16.784,63908.0,-1532527.0,0.9339999999999999,1.0,,62370.7,KXBTC15M-26JUN231115-15,2026-06-23T15:00:00+00:00,2026-06-23T15:15:00+00:00
2026-06-23T15:18:00.241047+00:00,BUY NO (DOWN),NO,-72.01,0.9986,5.998,634107.0,693635.0,0.63,0.9986,,62309.99,KXBTC15M-26JUN231130-30,2026-06-23T15:15:00+00:00,2026-06-23T15:30:00+00:00
2026-06-23T15:25:19.714146+00:00,BUY NO (DOWN),NO,-148.79,1.0,37.52,-271304.0,-544641.0,0.945,1.0,,62229.09,KXBTC15M-26JUN231130-30,2026-06-23T15:15:00+00:00,2026-06-23T15:30:00+00:00
2026-06-23T15:26:07.225235+00:00,BUY NO (DOWN),NO,-138.0,1.0,48.968,-119823.0,-536716.0,0.95,1.0,,62243.99,KXBTC15M-26JUN231130-30,2026-06-23T15:15:00+00:00,2026-06-23T15:30:00+00:00
2026-06-23T15:26:16.355058+00:00,BUY NO (DOWN),NO,-132.0,1.0,48.543,29198.0,-451836.0,0.95,1.0,,62250.0,KXBTC15M-26JUN231130-30,2026-06-23T15:15:00+00:00,2026-06-23T15:30:00+00:00
2026-06-23T15:26:24.475760+00:00,BUY NO (DOWN),NO,-124.01,1.0,47.001,148459.0,-434473.0,0.943,1.0,,62269.43,KXBTC15M-26JUN231130-30,2026-06-23T15:15:00+00:00,2026-06-23T15:30:00+00:00
2026-06-23T15:48:00.051410+00:00,BUY NO (DOWN),NO,-82.0,1.0,9.523,-295820.0,160424.0,0.8,1.0,,62215.56,KXBTC15M-26JUN231200-00,2026-06-23T15:45:00+00:00,2026-06-23T16:00:00+00:00
2026-06-23T15:52:18.232774+00:00,BUY NO (DOWN),NO,-21.57,0.9519,3.327,102148.0,-600454.0,0.61,0.9519,,62278.44,KXBTC15M-26JUN231200-00,2026-06-23T15:45:00+00:00,2026-06-23T16:00:00+00:00
2026-06-23T16:03:00.461951+00:00,BUY NO (DOWN),NO,-50.28,0.9944,5.076,-119864.0,92628.0,0.6,0.9944,,62437.51,KXBTC15M-26JUN231215-15,2026-06-23T16:00:00+00:00,2026-06-23T16:15:00+00:00
2026-06-23T16:04:55.681221+00:00,BUY NO (DOWN),NO,-25.39,0.9093,2.673,42120.0,120971.0,0.56,0.9093,,62462.39,KXBTC15M-26JUN231215-15,2026-06-23T16:00:00+00:00,2026-06-23T16:15:00+00:00
2026-06-23T16:18:00.282997+00:00,BUY NO (DOWN),NO,-117.27,0.9999,7.601,113689.0,3758189.0,0.73,0.9999,,62670.0,KXBTC15M-26JUN231230-30,2026-06-23T16:15:00+00:00,2026-06-23T16:30:00+00:00
2026-06-23T16:22:38.619861+00:00,BUY NO (DOWN),NO,-207.25,1.0,31.016,-13658.0,-89718.0,0.947,1.0,,62594.0,KXBTC15M-26JUN231230-30,2026-06-23T16:15:00+00:00,2026-06-23T16:30:00+00:00
2026-06-23T16:49:11.841990+00:00,BUY NO (DOWN),NO,-24.0,0.9473,3.239,-19811.0,-773173.0,0.65,0.9473,,62598.01,KXBTC15M-26JUN231300-00,2026-06-23T16:45:00+00:00,2026-06-23T17:00:00+00:00
2026-06-23T16:55:07.144810+00:00,BUY NO (DOWN),NO,-92.0,1.0,25.143,18741.0,-225087.0,0.944,1.0,,62530.0,KXBTC15M-26JUN231300-00,2026-06-23T16:45:00+00:00,2026-06-23T17:00:00+00:00
2026-06-23T17:03:00.806013+00:00,BUY NO (DOWN),NO,-38.87,0.9841,4.296,-52299.0,308173.0,0.73,0.9841,,62513.95,KXBTC15M-26JUN231315-15,2026-06-23T17:00:00+00:00,2026-06-23T17:15:00+00:00
2026-06-23T17:08:33.489425+00:00,BUY NO (DOWN),NO,-102.01,1.0,21.253,8114.0,-1034259.0,0.949,1.0,,62448.0,KXBTC15M-26JUN231315-15,2026-06-23T17:00:00+00:00,2026-06-23T17:15:00+00:00
2026-06-23T17:09:22.385695+00:00,BUY NO (DOWN),NO,-84.01,1.0,20.101,-34941.0,-965865.0,0.948,1.0,,62466.0,KXBTC15M-26JUN231315-15,2026-06-23T17:00:00+00:00,2026-06-23T17:15:00+00:00
2026-06-23T17:10:54.972587+00:00,BUY NO (DOWN),NO,-37.26,1.0,11.157,159260.0,-65476.0,0.89,1.0,,62512.74,KXBTC15M-26JUN231315-15,2026-06-23T17:00:00+00:00,2026-06-23T17:15:00+00:00
2026-06-23T17:12:02.089988+00:00,BUY NO (DOWN),NO,-24.0,1.0,9.489,12306.0,111528.0,0.87,1.0,,62526.01,KXBTC15M-26JUN231315-15,2026-06-23T17:00:00+00:00,2026-06-23T17:15:00+00:00
2026-06-23T17:33:00.190282+00:00,BUY NO (DOWN),NO,-110.43,1.0,10.557,195124.0,227309.0,0.87,1.0,,62532.0,KXBTC15M-26JUN231345-45,2026-06-23T17:30:00+00:00,2026-06-23T17:45:00+00:00
2026-06-23T17:38:10.706345+00:00,BUY NO (DOWN),NO,-20.43,0.9752,3.927,-598752.0,776594.0,0.61,0.9752,,62622.0,KXBTC15M-26JUN231345-45,2026-06-23T17:30:00+00:00,2026-06-23T17:45:00+00:00
2026-06-23T17:48:00.886147+00:00,BUY NO (DOWN),NO,-20.67,0.9403,3.115,-144585.0,249604.0,0.63,0.9403,,62503.34,KXBTC15M-26JUN231400-00,2026-06-23T17:45:00+00:00,2026-06-23T18:00:00+00:00
2026-06-23T17:49:29.477506+00:00,BUY NO (DOWN),NO,-20.0,0.9755,3.936,173582.0,479762.0,0.62,0.9755,,62504.01,KXBTC15M-26JUN231400-00,2026-06-23T17:45:00+00:00,2026-06-23T18:00:00+00:00
2026-06-23T17:49:32.896594+00:00,BUY NO (DOWN),NO,-20.0,0.9767,3.979,170047.0,435817.0,0.6599999999999999,0.9767,,62504.0,KXBTC15M-26JUN231400-00,2026-06-23T17:45:00+00:00,2026-06-23T18:00:00+00:00
2026-06-23T18:05:26.985806+00:00,BUY NO (DOWN),NO,-20.22,0.9578,3.452,-768076.0,-230805.0,0.51,0.9578,,62348.73,KXBTC15M-26JUN231415-15,2026-06-23T18:00:00+00:00,2026-06-23T18:15:00+00:00
2026-06-23T18:07:02.145177+00:00,BUY NO (DOWN),NO,-21.23,0.9836,4.268,-100080.0,-576900.0,0.55,0.9836,,62347.72,KXBTC15M-26JUN231415-15,2026-06-23T18:00:00+00:00,2026-06-23T18:15:00+00:00
2026-06-23T18:18:01.101207+00:00,BUY NO (DOWN),NO,-45.5,0.9991,6.276,57194.0,-358656.0,0.74,0.9991,,62326.51,KXBTC15M-26JUN231430-30,2026-06-23T18:15:00+00:00,2026-06-23T18:30:00+00:00
2026-06-23T18:21:52.638286+00:00,BUY NO (DOWN),NO,-25.99,0.9918,4.797,-103949.0,-355993.0,0.73,0.9918,,62346.01,KXBTC15M-26JUN231430-30,2026-06-23T18:15:00+00:00,2026-06-23T18:30:00+00:00
2026-06-23T18:25:24.132536+00:00,BUY NO (DOWN),NO,-21.99,0.9994,6.508,-60644.0,312297.0,0.7,0.9994,,62344.0,KXBTC15M-26JUN231430-30,2026-06-23T18:15:00+00:00,2026-06-23T18:30:00+00:00
2026-06-23T18:27:11.897667+00:00,BUY NO (DOWN),NO,-20.0,1.0,10.83,-147546.0,289817.0,0.79,1.0,,62352.01,KXBTC15M-26JUN231430-30,2026-06-23T18:15:00+00:00,2026-06-23T18:30:00+00:00
2026-06-23T18:28:00.070110+00:00,BUY NO (DOWN),NO,-25.72,1.0,18.807,-72405.0,203697.0,0.8200000000000001,1.0,,62346.28,KXBTC15M-26JUN231430-30,2026-06-23T18:15:00+00:00,2026-06-23T18:30:00+00:00
2026-06-23T18:33:01.290953+00:00,BUY NO (DOWN),NO,-22.0,0.946,3.214,380231.0,76063.0,0.72,0.946,,62314.0,KXBTC15M-26JUN231445-45,2026-06-23T18:30:00+00:00,2026-06-23T18:45:00+00:00
2026-06-23T18:33:29.593050+00:00,BUY NO (DOWN),NO,-24.0,0.9687,3.723,17361.0,-156195.0,0.75,0.9687,,62312.01,KXBTC15M-26JUN231445-45,2026-06-23T18:30:00+00:00,2026-06-23T18:45:00+00:00
2026-06-23T18:48:00.711582+00:00,BUY NO (DOWN),NO,-30.26,0.9507,3.304,88879.0,-829173.0,0.63,0.9507,,62118.0,KXBTC15M-26JUN231500-00,2026-06-23T18:45:00+00:00,2026-06-23T19:00:00+00:00
2026-06-23T19:18:01.158271+00:00,BUY NO (DOWN),NO,-33.41,0.9636,3.588,-169197.0,-662709.0,0.63,0.9636,,62338.15,KXBTC15M-26JUN231530-30,2026-06-23T19:15:00+00:00,2026-06-23T19:30:00+00:00
2026-06-23T19:23:56.759145+00:00,BUY NO (DOWN),NO,-21.31,0.9714,3.804,421315.0,-210755.0,0.5700000000000001,0.9714,,62350.25,KXBTC15M-26JUN231530-30,2026-06-23T19:15:00+00:00,2026-06-23T19:30:00+00:00
2026-06-23T19:33:25.031486+00:00,BUY NO (DOWN),NO,-27.39,0.9107,2.69,66276.0,-693099.0,0.52,0.9107,,62414.6,KXBTC15M-26JUN231545-45,2026-06-23T19:30:00+00:00,2026-06-23T19:45:00+00:00
2026-06-23T19:34:44.148371+00:00,BUY NO (DOWN),NO,-21.99,0.9158,2.755,-48853.0,-1317696.0,0.6,0.9158,,62420.0,KXBTC15M-26JUN231545-45,2026-06-23T19:30:00+00:00,2026-06-23T19:45:00+00:00
2026-06-23T19:36:40.022383+00:00,BUY NO (DOWN),NO,-20.25,0.9615,3.537,-122300.0,-806417.0,0.5800000000000001,0.9615,,62414.01,KXBTC15M-26JUN231545-45,2026-06-23T19:30:00+00:00,2026-06-23T19:45:00+00:00
2026-06-23T19:39:48.698392+00:00,BUY NO (DOWN),NO,-107.99,1.0,34.706,-210670.0,-1102218.0,0.946,1.0,,62334.0,KXBTC15M-26JUN231545-45,2026-06-23T19:30:00+00:00,2026-06-23T19:45:00+00:00
2026-06-23T19:39:56.078091+00:00,BUY NO (DOWN),NO,-94.56,1.0,30.443,-123911.0,-1047481.0,0.921,1.0,,62355.99,KXBTC15M-26JUN231545-45,2026-06-23T19:30:00+00:00,2026-06-23T19:45:00+00:00
2026-06-23T19:49:04.659138+00:00,BUY NO (DOWN),NO,-25.95,0.9302,2.955,-312661.0,-2475593.0,0.74,0.9302,,62271.59,KXBTC15M-26JUN231600-00,2026-06-23T19:45:00+00:00,2026-06-23T20:00:00+00:00
2026-06-23T20:18:00.616093+00:00,BUY NO (DOWN),NO,-24.64,0.9799,4.103,39695.0,-97320.0,0.69,0.9799,,62414.0,KXBTC15M-26JUN231630-30,2026-06-23T20:15:00+00:00,2026-06-23T20:30:00+00:00
2026-06-23T20:33:00.581697+00:00,BUY NO (DOWN),NO,-32.3,0.9984,5.878,87979.0,682615.0,0.69,0.9984,,62462.01,KXBTC15M-26JUN231645-45,2026-06-23T20:30:00+00:00,2026-06-23T20:45:00+00:00
2026-06-23T20:35:14.056525+00:00,BUY NO (DOWN),NO,-26.3,0.9984,5.893,73962.0,686275.0,0.6699999999999999,0.9984,,62468.0,KXBTC15M-26JUN231645-45,2026-06-23T20:30:00+00:00,2026-06-23T20:45:00+00:00
2026-06-23T20:40:39.685902+00:00,BUY NO (DOWN),NO,-20.3,1.0,12.31,119787.0,754715.0,0.84,1.0,,62474.01,KXBTC15M-26JUN231645-45,2026-06-23T20:30:00+00:00,2026-06-23T20:45:00+00:00
2026-06-23T20:42:00.459762+00:00,BUY NO (DOWN),NO,-24.31,1.0,18.667,-85450.0,780826.0,0.78,1.0,,62469.73,KXBTC15M-26JUN231645-45,2026-06-23T20:30:00+00:00,2026-06-23T20:45:00+00:00
2026-06-23T20:42:27.821341+00:00,BUY NO (DOWN),NO,-22.93,1.0,20.381,-150231.0,581776.0,0.88,1.0,,62471.37,KXBTC15M-26JUN231645-45,2026-06-23T20:30:00+00:00,2026-06-23T20:45:00+00:00
2026-06-23T20:48:01.165247+00:00,BUY NO (DOWN),NO,-20.81,0.9995,6.607,62762.0,588871.0,0.7,0.9995,,62456.04,KXBTC15M-26JUN231700-00,2026-06-23T20:45:00+00:00,2026-06-23T21:00:00+00:00
2026-06-23T20:48:40.338438+00:00,BUY NO (DOWN),NO,-26.85,0.9999,7.641,127168.0,534529.0,0.75,0.9999,,62440.23,KXBTC15M-26JUN231700-00,2026-06-23T20:45:00+00:00,2026-06-23T21:00:00+00:00
2026-06-23T20:52:14.075360+00:00,BUY NO (DOWN),NO,-33.67,1.0,9.37,49500.0,663990.0,0.85,1.0,,62442.01,KXBTC15M-26JUN231700-00,2026-06-23T20:45:00+00:00,2026-06-23T21:00:00+00:00
2026-06-23T20:55:10.596064+00:00,BUY NO (DOWN),NO,-65.52,1.0,22.198,115082.0,691829.0,0.95,1.0,,62411.34,KXBTC15M-26JUN231700-00,2026-06-23T20:45:00+00:00,2026-06-23T21:00:00+00:00
2026-06-23T20:56:06.552865+00:00,BUY NO (DOWN),NO,-54.85,1.0,24.726,139260.0,585232.0,0.949,1.0,,62421.99,KXBTC15M-26JUN231700-00,2026-06-23T20:45:00+00:00,2026-06-23T21:00:00+00:00
2026-06-23T20:56:17.541397+00:00,BUY NO (DOWN),NO,-50.85,1.0,24.091,60462.0,529575.0,0.95,1.0,,62426.0,KXBTC15M-26JUN231700-00,2026-06-23T20:45:00+00:00,2026-06-23T21:00:00+00:00
2026-06-23T20:56:24.920731+00:00,BUY NO (DOWN),NO,-32.85,1.0,15.135,75402.0,530424.0,0.89,1.0,,62444.0,KXBTC15M-26JUN231700-00,2026-06-23T20:45:00+00:00,2026-06-23T21:00:00+00:00
2026-06-23T20:57:06.127880+00:00,BUY NO (DOWN),NO,-20.84,1.0,11.89,159506.0,607767.0,0.83,1.0,,62456.01,KXBTC15M-26JUN231700-00,2026-06-23T20:45:00+00:00,2026-06-23T21:00:00+00:00
2026-06-23T20:58:24.593215+00:00,BUY NO (DOWN),NO,-22.85,1.0,38.197,60227.0,695449.0,0.9359999999999999,1.0,,62447.76,KXBTC15M-26JUN231700-00,2026-06-23T20:45:00+00:00,2026-06-23T21:00:00+00:00
2026-06-23T20:58:34.218648+00:00,BUY NO (DOWN),NO,-22.85,1.0,42.679,148397.0,763010.0,0.9299999999999999,1.0,,62457.86,KXBTC15M-26JUN231700-00,2026-06-23T20:45:00+00:00,2026-06-23T21:00:00+00:00
2026-06-23T21:18:01.277741+00:00,BUY NO (DOWN),NO,-27.1,0.9958,5.277,68522.0,525405.0,0.61,0.9958,,62481.81,KXBTC15M-26JUN231730-30,2026-06-23T21:15:00+00:00,2026-06-23T21:30:00+00:00
2026-06-23T21:55:34.163908+00:00,BUY NO (DOWN),NO,-20.01,0.9992,6.346,-22340.0,42197.0,0.7,0.9992,,62602.0,KXBTC15M-26JUN231800-00,2026-06-23T21:45:00+00:00,2026-06-23T22:00:00+00:00
2026-06-23T21:56:44.098539+00:00,BUY NO (DOWN),NO,-22.0,1.0,10.775,149308.0,278831.0,0.7,1.0,,62600.01,KXBTC15M-26JUN231800-00,2026-06-23T21:45:00+00:00,2026-06-23T22:00:00+00:00
2026-06-23T21:57:07.953949+00:00,BUY NO (DOWN),NO,-26.01,1.0,14.204,156365.0,330481.0,0.6599999999999999,1.0,,62596.0,KXBTC15M-26JUN231800-00,2026-06-23T21:45:00+00:00,2026-06-23T22:00:00+00:00
2026-06-23T22:19:59.525034+00:00,BUY NO (DOWN),NO,-22.44,0.9737,3.876,78523.0,841484.0,0.7,0.9737,,62723.07,KXBTC15M-26JUN231830-30,2026-06-23T22:15:00+00:00,2026-06-23T22:30:00+00:00
2026-06-23T22:21:07.957970+00:00,BUY NO (DOWN),NO,-26.0,0.993,4.913,56739.0,918418.0,0.6799999999999999,0.993,,62720.0,KXBTC15M-26JUN231830-30,2026-06-23T22:15:00+00:00,2026-06-23T22:30:00+00:00
2026-06-23T22:22:21.057684+00:00,BUY NO (DOWN),NO,-76.31,1.0,12.58,-222448.0,432637.0,0.901,1.0,,62669.7,KXBTC15M-26JUN231830-30,2026-06-23T22:15:00+00:00,2026-06-23T22:30:00+00:00
2026-06-23T22:23:09.144323+00:00,BUY NO (DOWN),NO,-116.01,1.0,16.652,-876886.0,-261953.0,0.946,1.0,,62630.01,KXBTC15M-26JUN231830-30,2026-06-23T22:15:00+00:00,2026-06-23T22:30:00+00:00
2026-06-23T22:34:44.090671+00:00,BUY NO (DOWN),NO,-20.01,0.9995,6.58,141325.0,649712.0,0.62,0.9995,,62583.17,KXBTC15M-26JUN231845-45,2026-06-23T22:30:00+00:00,2026-06-23T22:45:00+00:00
2026-06-23T22:40:19.560768+00:00,BUY NO (DOWN),NO,-55.87,1.0,23.345,46979.0,410261.0,0.943,1.0,,62558.13,KXBTC15M-26JUN231845-45,2026-06-23T22:30:00+00:00,2026-06-23T22:45:00+00:00
2026-06-23T22:42:14.254074+00:00,BUY NO (DOWN),NO,-34.0,1.0,26.045,-20199.0,502018.0,0.948,1.0,,62580.01,KXBTC15M-26JUN231845-45,2026-06-23T22:30:00+00:00,2026-06-23T22:45:00+00:00
2026-06-23T22:52:57.278480+00:00,BUY NO (DOWN),NO,-22.03,1.0,9.862,184807.0,536110.0,0.79,1.0,,62535.98,KXBTC15M-26JUN231900-00,2026-06-23T22:45:00+00:00,2026-06-23T23:00:00+00:00
2026-06-23T22:53:01.091862+00:00,BUY NO (DOWN),NO,-25.36,1.0,10.235,240874.0,606311.0,0.79,1.0,,62526.01,KXBTC15M-26JUN231900-00,2026-06-23T22:45:00+00:00,2026-06-23T23:00:00+00:00
2026-06-23T23:04:04.441995+00:00,BUY NO (DOWN),NO,-29.13,0.9311,2.968,-191845.0,-224141.0,0.6699999999999999,0.9311,,62556.95,KXBTC15M-26JUN231915-15,2026-06-23T23:00:00+00:00,2026-06-23T23:15:00+00:00
2026-06-23T23:11:36.003499+00:00,BUY NO (DOWN),NO,-59.01,1.0,49.026,104110.0,397745.0,0.949,1.0,,62530.98,KXBTC15M-26JUN231915-15,2026-06-23T23:00:00+00:00,2026-06-23T23:15:00+00:00
2026-06-23T23:12:41.550682+00:00,BUY NO (DOWN),NO,-31.97,1.0,29.642,128567.0,660327.0,0.77,1.0,,62556.0,KXBTC15M-26JUN231915-15,2026-06-23T23:00:00+00:00,2026-06-23T23:15:00+00:00
2026-06-23T23:33:43.289730+00:00,BUY NO (DOWN),NO,-24.41,0.9707,3.783,-34833.0,527814.0,0.64,0.9707,,62647.59,KXBTC15M-26JUN231945-45,2026-06-23T23:30:00+00:00,2026-06-23T23:45:00+00:00
2026-06-23T23:38:11.352354+00:00,BUY NO (DOWN),NO,-21.99,0.9997,6.867,-55748.0,-41863.0,0.72,0.9997,,62647.56,KXBTC15M-26JUN231945-45,2026-06-23T23:30:00+00:00,2026-06-23T23:45:00+00:00
2026-06-23T23:40:06.993598+00:00,BUY NO (DOWN),NO,-68.0,1.0,31.046,-77562.0,-284389.0,0.931,1.0,,62603.99,KXBTC15M-26JUN231945-45,2026-06-23T23:30:00+00:00,2026-06-23T23:45:00+00:00
2026-06-23T23:42:40.757433+00:00,BUY NO (DOWN),NO,-44.0,1.0,38.78,90571.0,-316290.0,0.938,1.0,,62628.0,KXBTC15M-26JUN231945-45,2026-06-23T23:30:00+00:00,2026-06-23T23:45:00+00:00
2026-06-23T23:42:51.874684+00:00,BUY NO (DOWN),NO,-43.98,1.0,45.548,178884.0,-150790.0,0.95,1.0,,62628.02,KXBTC15M-26JUN231945-45,2026-06-23T23:30:00+00:00,2026-06-23T23:45:00+00:00
2026-06-24T00:20:16.390865+00:00,BUY NO (DOWN),NO,-31.65,0.9912,4.748,-170547.0,-2093999.0,0.73,0.9912,,62867.35,KXBTC15M-26JUN232030-30,2026-06-24T00:15:00+00:00,2026-06-24T00:30:00+00:00
2026-06-24T00:21:22.925541+00:00,BUY NO (DOWN),NO,-30.5,0.9896,4.624,-456416.0,-197318.0,0.71,0.9896,,62866.0,KXBTC15M-26JUN232030-30,2026-06-24T00:15:00+00:00,2026-06-24T00:30:00+00:00
2026-06-24T00:27:46.877853+00:00,BUY NO (DOWN),NO,-21.97,1.0,25.232,142867.0,218413.0,0.92,1.0,,62872.01,KXBTC15M-26JUN232030-30,2026-06-24T00:15:00+00:00,2026-06-24T00:30:00+00:00
2026-06-24T00:29:15.172706+00:00,BUY NO (DOWN),NO,-59.37,1.0,166.739,31990.0,224860.0,0.74,1.0,,62839.64,KXBTC15M-26JUN232030-30,2026-06-24T00:15:00+00:00,2026-06-24T00:30:00+00:00
2026-06-24T00:29:45.908300+00:00,BUY NO (DOWN),NO,-49.02,1.0,454.318,138283.0,354699.0,0.9,1.0,,62849.99,KXBTC15M-26JUN232030-30,2026-06-24T00:15:00+00:00,2026-06-24T00:30:00+00:00
2026-06-24T00:33:00.687898+00:00,BUY NO (DOWN),NO,-41.55,0.997,5.499,-620694.0,-952735.0,0.6599999999999999,0.997,,62808.45,KXBTC15M-26JUN232045-45,2026-06-24T00:30:00+00:00,2026-06-24T00:45:00+00:00
2026-06-24T01:03:16.862876+00:00,BUY NO (DOWN),NO,-34.69,0.9601,3.503,-176734.0,-258305.0,0.51,0.9601,,62986.61,KXBTC15M-26JUN232115-15,2026-06-24T01:00:00+00:00,2026-06-24T01:15:00+00:00
2026-06-24T01:09:57.919416+00:00,BUY NO (DOWN),NO,-87.7,1.0,16.938,977946.0,31744.0,0.86,1.0,,62934.3,KXBTC15M-26JUN232115-15,2026-06-24T01:00:00+00:00,2026-06-24T01:15:00+00:00
2026-06-24T01:14:09.921513+00:00,BUY NO (DOWN),NO,-46.0,1.0,59.111,77245.0,7401133.0,0.947,1.0,,62978.0,KXBTC15M-26JUN232115-15,2026-06-24T01:00:00+00:00,2026-06-24T01:15:00+00:00
2026-06-24T01:14:20.468367+00:00,BUY NO (DOWN),NO,-34.01,1.0,55.852,227214.0,7588799.0,0.949,1.0,,62987.99,KXBTC15M-26JUN232115-15,2026-06-24T01:00:00+00:00,2026-06-24T01:15:00+00:00
2026-06-24T01:18:00.845165+00:00,BUY NO (DOWN),NO,-178.64,1.0,16.075,-280366.0,-1420776.0,0.916,1.0,,62794.01,KXBTC15M-26JUN232130-30,2026-06-24T01:15:00+00:00,2026-06-24T01:30:00+00:00
2026-06-24T01:23:21.305490+00:00,BUY NO (DOWN),NO,-116.66,1.0,24.433,-172356.0,-646492.0,0.944,1.0,,62855.99,KXBTC15M-26JUN232130-30,2026-06-24T01:15:00+00:00,2026-06-24T01:30:00+00:00
2026-06-24T01:24:06.443285+00:00,BUY NO (DOWN),NO,-81.45,1.0,19.368,-84139.0,-486121.0,0.933,1.0,,62891.19,KXBTC15M-26JUN232130-30,2026-06-24T01:15:00+00:00,2026-06-24T01:30:00+00:00
2026-06-24T02:03:21.538545+00:00,BUY NO (DOWN),NO,-26.19,0.8988,2.55,-290221.0,-1128564.0,0.64,0.8988,,62906.01,KXBTC15M-26JUN232215-15,2026-06-24T02:00:00+00:00,2026-06-24T02:15:00+00:00
2026-06-24T02:09:05.398911+00:00,BUY NO (DOWN),NO,-90.19,1.0,20.07,14982.0,-337836.0,0.919,1.0,,62842.0,KXBTC15M-26JUN232215-15,2026-06-24T02:00:00+00:00,2026-06-24T02:15:00+00:00
2026-06-24T02:12:29.836187+00:00,BUY NO (DOWN),NO,-53.95,1.0,33.869,-28383.0,-891711.0,0.9390000000000001,1.0,,62879.51,KXBTC15M-26JUN232215-15,2026-06-24T02:00:00+00:00,2026-06-24T02:15:00+00:00
2026-06-24T02:18:00.760615+00:00,BUY NO (DOWN),NO,-77.67,1.0,11.518,-136301.0,-206835.0,0.78,1.0,,62800.01,KXBTC15M-26JUN232230-30,2026-06-24T02:15:00+00:00,2026-06-24T02:30:00+00:00
2026-06-24T02:21:42.974307+00:00,BUY NO (DOWN),NO,-163.68,1.0,29.684,-830213.0,-1270892.0,0.949,1.0,,62707.2,KXBTC15M-26JUN232230-30,2026-06-24T02:15:00+00:00,2026-06-24T02:30:00+00:00
2026-06-24T02:33:00.028726+00:00,BUY NO (DOWN),NO,-25.57,0.9791,4.073,-53597.0,-39585.0,0.63,0.9791,,62738.01,KXBTC15M-26JUN232245-45,2026-06-24T02:30:00+00:00,2026-06-24T02:45:00+00:00
2026-06-24T02:34:44.802468+00:00,BUY NO (DOWN),NO,-24.59,0.991,4.728,-63347.0,165063.0,0.64,0.991,,62738.99,KXBTC15M-26JUN232245-45,2026-06-24T02:30:00+00:00,2026-06-24T02:45:00+00:00
2026-06-24T02:39:54.923551+00:00,BUY NO (DOWN),NO,-103.58,1.0,17.831,-1314563.0,44063.0,0.95,1.0,,62660.0,KXBTC15M-26JUN232245-45,2026-06-24T02:30:00+00:00,2026-06-24T02:45:00+00:00
2026-06-24T02:40:15.092860+00:00,BUY NO (DOWN),NO,-88.67,1.0,16.503,-982758.0,-1519338.0,0.943,1.0,,62674.91,KXBTC15M-26JUN232245-45,2026-06-24T02:30:00+00:00,2026-06-24T02:45:00+00:00
2026-06-24T02:40:37.365209+00:00,BUY NO (DOWN),NO,-68.84,1.0,13.781,281589.0,-1345476.0,0.946,1.0,,62694.74,KXBTC15M-26JUN232245-45,2026-06-24T02:30:00+00:00,2026-06-24T02:45:00+00:00
2026-06-24T02:42:48.249723+00:00,BUY NO (DOWN),NO,-33.57,1.0,10.877,-486601.0,-908897.0,0.65,1.0,,62725.16,KXBTC15M-26JUN232245-45,2026-06-24T02:30:00+00:00,2026-06-24T02:45:00+00:00
2026-06-24T02:43:42.429394+00:00,BUY NO (DOWN),NO,-37.58,1.0,20.772,-182634.0,-943301.0,0.947,1.0,,62726.0,KXBTC15M-26JUN232245-45,2026-06-24T02:30:00+00:00,2026-06-24T02:45:00+00:00
2026-06-24T02:48:00.961901+00:00,BUY NO (DOWN),NO,-24.11,0.9802,4.117,-268603.0,-1349790.0,0.64,0.9802,,62715.54,KXBTC15M-26JUN232300-00,2026-06-24T02:45:00+00:00,2026-06-24T03:00:00+00:00
2026-06-24T02:48:23.690506+00:00,BUY NO (DOWN),NO,-20.73,0.9525,3.34,-120048.0,-1242934.0,0.64,0.9525,,62705.91,KXBTC15M-26JUN232300-00,2026-06-24T02:45:00+00:00,2026-06-24T03:00:00+00:00
2026-06-24T02:49:23.293365+00:00,BUY NO (DOWN),NO,-24.48,0.982,4.192,-43953.0,-1119353.0,0.6799999999999999,0.982,,62702.17,KXBTC15M-26JUN232300-00,2026-06-24T02:45:00+00:00,2026-06-24T03:00:00+00:00
2026-06-24T02:51:10.259714+00:00,BUY NO (DOWN),NO,-20.81,0.9231,2.853,-177506.0,1412491.0,0.65,0.9231,,62705.84,KXBTC15M-26JUN232300-00,2026-06-24T02:45:00+00:00,2026-06-24T03:00:00+00:00
2026-06-24T02:53:57.806546+00:00,BUY NO (DOWN),NO,-20.64,0.9888,4.568,-151931.0,1450569.0,0.69,0.9888,,62706.01,KXBTC15M-26JUN232300-00,2026-06-24T02:45:00+00:00,2026-06-24T03:00:00+00:00
2026-06-24T02:54:22.616282+00:00,BUY NO (DOWN),NO,-30.29,0.9997,6.857,175334.0,1766617.0,0.78,0.9997,,62696.36,KXBTC15M-26JUN232300-00,2026-06-24T02:45:00+00:00,2026-06-24T03:00:00+00:00
2026-06-24T02:55:25.513494+00:00,BUY NO (DOWN),NO,-92.65,1.0,23.519,-537555.0,-765074.0,0.94,1.0,,62648.5,KXBTC15M-26JUN232300-00,2026-06-24T02:45:00+00:00,2026-06-24T03:00:00+00:00
2026-06-24T02:55:30.799257+00:00,BUY NO (DOWN),NO,-34.28,0.9996,6.668,232401.0,-7067.0,0.72,0.9996,,62692.0,KXBTC15M-26JUN232300-00,2026-06-24T02:45:00+00:00,2026-06-24T03:00:00+00:00
2026-06-24T02:55:41.849983+00:00,BUY NO (DOWN),NO,-29.21,0.9973,5.565,392499.0,148951.0,0.85,0.9973,,62696.01,KXBTC15M-26JUN232300-00,2026-06-24T02:45:00+00:00,2026-06-24T03:00:00+00:00
2026-06-24T02:56:04.504010+00:00,BUY NO (DOWN),NO,-22.94,0.9833,4.255,1385682.0,824364.0,0.71,0.9833,,62692.69,KXBTC15M-26JUN232300-00,2026-06-24T02:45:00+00:00,2026-06-24T03:00:00+00:00
2026-06-24T03:04:36.023697+00:00,BUY NO (DOWN),NO,-20.6,0.9068,2.642,-605837.0,-664220.0,0.62,0.9068,,62606.21,KXBTC15M-26JUN232315-15,2026-06-24T03:00:00+00:00,2026-06-24T03:15:00+00:00
2026-06-24T03:05:18.931082+00:00,BUY NO (DOWN),NO,-30.0,0.9631,3.575,-321745.0,-669821.0,0.54,0.9631,,62600.01,KXBTC15M-26JUN232315-15,2026-06-24T03:00:00+00:00,2026-06-24T03:15:00+00:00
2026-06-24T03:14:17.478055+00:00,BUY NO (DOWN),NO,-26.01,1.0,32.683,-445648.0,-1102451.0,0.95,1.0,,62602.54,KXBTC15M-26JUN232315-15,2026-06-24T03:00:00+00:00,2026-06-24T03:15:00+00:00
2026-06-24T03:18:01.377973+00:00,BUY NO (DOWN),NO,-98.33,1.0,8.54,-815483.0,-1431046.0,0.85,1.0,,62494.0,KXBTC15M-26JUN232330-30,2026-06-24T03:15:00+00:00,2026-06-24T03:30:00+00:00
2026-06-24T03:23:57.009337+00:00,BUY NO (DOWN),NO,-22.54,0.9999,7.448,175597.0,216768.0,0.78,0.9999,,62566.0,KXBTC15M-26JUN232330-30,2026-06-24T03:15:00+00:00,2026-06-24T03:30:00+00:00
2026-06-24T03:24:16.284914+00:00,BUY NO (DOWN),NO,-20.27,0.9993,6.403,137289.0,326798.0,0.73,0.9993,,62562.11,KXBTC15M-26JUN232330-30,2026-06-24T03:15:00+00:00,2026-06-24T03:30:00+00:00
2026-06-24T03:49:58.181999+00:00,BUY NO (DOWN),NO,-23.05,0.9982,5.815,-156624.0,-543488.0,0.65,0.9982,,62774.83,KXBTC15M-26JUN240000-00,2026-06-24T03:45:00+00:00,2026-06-24T04:00:00+00:00
2026-06-24T03:50:32.350701+00:00,BUY NO (DOWN),NO,-22.05,0.9977,5.656,-46546.0,-436471.0,0.63,0.9977,,62775.82,KXBTC15M-26JUN240000-00,2026-06-24T03:45:00+00:00,2026-06-24T04:00:00+00:00
2026-06-24T03:52:19.599010+00:00,BUY NO (DOWN),NO,-27.83,1.0,8.259,-111205.0,-134133.0,0.71,1.0,,62770.04,KXBTC15M-26JUN240000-00,2026-06-24T03:45:00+00:00,2026-06-24T04:00:00+00:00
2026-06-24T03:56:14.670926+00:00,BUY NO (DOWN),NO,-47.86,1.0,28.797,-103205.0,-671586.0,0.945,1.0,,62750.0,KXBTC15M-26JUN240000-00,2026-06-24T03:45:00+00:00,2026-06-24T04:00:00+00:00
2026-06-24T03:56:28.957687+00:00,BUY NO (DOWN),NO,-47.85,1.0,31.496,-118239.0,-811950.0,0.946,1.0,,62750.01,KXBTC15M-26JUN240000-00,2026-06-24T03:45:00+00:00,2026-06-24T04:00:00+00:00
2026-06-24T04:03:21.893339+00:00,BUY NO (DOWN),NO,-27.75,0.9867,4.436,-480466.0,-772174.0,0.71,0.9867,,62702.01,KXBTC15M-26JUN240015-15,2026-06-24T04:00:00+00:00,2026-06-24T04:15:00+00:00
2026-06-24T04:03:55.367954+00:00,BUY NO (DOWN),NO,-20.03,0.9497,3.283,-566973.0,-847352.0,0.7,0.9497,,62708.0,KXBTC15M-26JUN240015-15,2026-06-24T04:00:00+00:00,2026-06-24T04:15:00+00:00
2026-06-24T04:08:56.408650+00:00,BUY NO (DOWN),NO,-69.83,1.0,13.094,10693.0,-2361730.0,0.937,1.0,,62659.92,KXBTC15M-26JUN240015-15,2026-06-24T04:00:00+00:00,2026-06-24T04:15:00+00:00
2026-06-24T04:09:13.122722+00:00,BUY NO (DOWN),NO,-85.47,1.0,17.06,-33406.0,-2393490.0,0.95,1.0,,62645.99,KXBTC15M-26JUN240015-15,2026-06-24T04:00:00+00:00,2026-06-24T04:15:00+00:00
2026-06-24T04:10:21.817232+00:00,BUY NO (DOWN),NO,-81.78,1.0,39.312,-668377.0,-978299.0,0.949,1.0,,62647.99,KXBTC15M-26JUN240015-15,2026-06-24T04:00:00+00:00,2026-06-24T04:15:00+00:00
2026-06-24T04:18:00.472006+00:00,BUY NO (DOWN),NO,-20.0,0.9508,3.305,-220800.0,-659429.0,0.61,0.9508,,62646.01,KXBTC15M-26JUN240030-30,2026-06-24T04:15:00+00:00,2026-06-24T04:30:00+00:00
2026-06-24T04:19:25.306388+00:00,BUY NO (DOWN),NO,-20.0,0.9536,3.361,-325244.0,-1060524.0,0.55,0.9536,,62642.01,KXBTC15M-26JUN240030-30,2026-06-24T04:15:00+00:00,2026-06-24T04:30:00+00:00
2026-06-24T05:05:31.743874+00:00,BUY NO (DOWN),NO,-23.5,0.99,4.65,-17016.0,418271.0,0.76,0.99,,62720.91,KXBTC15M-26JUN240115-15,2026-06-24T05:00:00+00:00,2026-06-24T05:15:00+00:00
2026-06-24T05:07:05.524143+00:00,BUY NO (DOWN),NO,-22.42,0.9974,5.594,190519.0,575626.0,0.8200000000000001,0.9974,,62722.01,KXBTC15M-26JUN240115-15,2026-06-24T05:00:00+00:00,2026-06-24T05:15:00+00:00
2026-06-24T05:07:41.326884+00:00,BUY NO (DOWN),NO,-22.41,0.9988,6.062,98505.0,525193.0,0.84,0.9988,,62722.01,KXBTC15M-26JUN240115-15,2026-06-24T05:00:00+00:00,2026-06-24T05:15:00+00:00
2026-06-24T05:50:10.872246+00:00,BUY NO (DOWN),NO,-21.88,0.9975,5.62,-197553.0,-95822.0,0.71,0.9975,,62908.13,KXBTC15M-26JUN240200-00,2026-06-24T05:45:00+00:00,2026-06-24T06:00:00+00:00
2026-06-24T05:55:27.433489+00:00,BUY NO (DOWN),NO,-50.02,1.0,35.394,-62857.0,-307083.0,0.95,1.0,,62879.98,KXBTC15M-26JUN240200-00,2026-06-24T05:45:00+00:00,2026-06-24T06:00:00+00:00
2026-06-24T06:03:00.479255+00:00,BUY NO (DOWN),NO,-77.91,1.0,16.219,-85350.0,-470818.0,0.81,1.0,,62812.07,KXBTC15M-26JUN240215-15,2026-06-24T06:00:00+00:00,2026-06-24T06:15:00+00:00
2026-06-24T06:11:13.420174+00:00,BUY NO (DOWN),NO,-26.28,1.0,12.885,39918.0,51548.0,0.81,1.0,,62863.71,KXBTC15M-26JUN240215-15,2026-06-24T06:00:00+00:00,2026-06-24T06:15:00+00:00
2026-06-24T06:12:22.229249+00:00,BUY NO (DOWN),NO,-21.98,1.0,15.302,379211.0,464960.0,0.74,1.0,,62868.01,KXBTC15M-26JUN240215-15,2026-06-24T06:00:00+00:00,2026-06-24T06:15:00+00:00
2026-06-24T06:12:44.182117+00:00,BUY NO (DOWN),NO,-51.99,1.0,41.816,161146.0,391174.0,0.948,1.0,,62838.01,KXBTC15M-26JUN240215-15,2026-06-24T06:00:00+00:00,2026-06-24T06:15:00+00:00
2026-06-24T06:18:01.223772+00:00,BUY NO (DOWN),NO,-20.0,0.9525,3.338,70210.0,-20725.0,0.53,0.9525,,62818.0,KXBTC15M-26JUN240230-30,2026-06-24T06:15:00+00:00,2026-06-24T06:30:00+00:00
2026-06-24T06:33:01.274439+00:00,BUY NO (DOWN),NO,-39.29,0.9897,4.63,13429.0,-463145.0,0.6599999999999999,0.9897,,62818.01,KXBTC15M-26JUN240245-45,2026-06-24T06:30:00+00:00,2026-06-24T06:45:00+00:00
2026-06-24T06:39:36.624752+00:00,BUY NO (DOWN),NO,-22.47,1.0,10.571,-539663.0,-461506.0,0.55,1.0,,62834.01,KXBTC15M-26JUN240245-45,2026-06-24T06:30:00+00:00,2026-06-24T06:45:00+00:00
2026-06-24T06:42:58.852955+00:00,BUY NO (DOWN),NO,-34.66,1.0,44.558,-46761.0,-651388.0,0.85,1.0,,62822.64,KXBTC15M-26JUN240245-45,2026-06-24T06:30:00+00:00,2026-06-24T06:45:00+00:00
2026-06-24T06:43:31.849819+00:00,BUY NO (DOWN),NO,-45.29,1.0,78.296,-80588.0,-630001.0,0.942,1.0,,62812.0,KXBTC15M-26JUN240245-45,2026-06-24T06:30:00+00:00,2026-06-24T06:45:00+00:00
2026-06-24T06:48:01.859323+00:00,BUY NO (DOWN),NO,-25.57,0.9793,4.079,-44961.0,-1059765.0,0.78,0.9793,,62752.44,KXBTC15M-26JUN240300-00,2026-06-24T06:45:00+00:00,2026-06-24T07:00:00+00:00
2026-06-24T06:49:24.261659+00:00,BUY NO (DOWN),NO,-24.67,0.9696,3.75,-29749.0,-801948.0,0.6699999999999999,0.9696,,62752.44,KXBTC15M-26JUN240300-00,2026-06-24T06:45:00+00:00,2026-06-24T07:00:00+00:00
2026-06-24T07:03:01.403917+00:00,BUY NO (DOWN),NO,-20.02,0.9462,3.219,-146013.0,-196027.0,0.62,0.9462,,62760.0,KXBTC15M-26JUN240315-15,2026-06-24T07:00:00+00:00,2026-06-24T07:15:00+00:00
2026-06-24T07:05:19.895372+00:00,BUY NO (DOWN),NO,-24.26,0.8708,2.26,-1968207.0,-2257240.0,0.54,0.8708,,62756.95,KXBTC15M-26JUN240315-15,2026-06-24T07:00:00+00:00,2026-06-24T07:15:00+00:00
2026-06-24T07:05:40.671996+00:00,BUY NO (DOWN),NO,-26.96,0.8986,2.547,-1965195.0,-2255048.0,0.6599999999999999,0.8986,,62753.05,KXBTC15M-26JUN240315-15,2026-06-24T07:00:00+00:00,2026-06-24T07:15:00+00:00
2026-06-24T07:09:26.583040+00:00,BUY NO (DOWN),NO,-20.0,0.9356,3.037,257701.0,-1868628.0,0.6799999999999999,0.9356,,62758.01,KXBTC15M-26JUN240315-15,2026-06-24T07:00:00+00:00,2026-06-24T07:15:00+00:00
2026-06-24T07:18:00.381235+00:00,BUY NO (DOWN),NO,-60.11,1.0,8.18,-67254.0,-520085.0,0.79,1.0,,62754.9,KXBTC15M-26JUN240330-30,2026-06-24T07:15:00+00:00,2026-06-24T07:30:00+00:00
2026-06-24T07:35:36.296391+00:00,BUY NO (DOWN),NO,-25.16,0.9882,4.53,-85216.0,293055.0,0.6799999999999999,0.9882,,62648.08,KXBTC15M-26JUN240345-45,2026-06-24T07:30:00+00:00,2026-06-24T07:45:00+00:00
2026-06-24T07:37:08.710144+00:00,BUY NO (DOWN),NO,-24.42,0.9994,6.451,53532.0,443776.0,0.75,0.9994,,62648.81,KXBTC15M-26JUN240345-45,2026-06-24T07:30:00+00:00,2026-06-24T07:45:00+00:00
2026-06-24T07:38:04.209794+00:00,BUY NO (DOWN),NO,-24.02,0.9998,7.22,-11596.0,292400.0,0.73,0.9998,,62649.21,KXBTC15M-26JUN240345-45,2026-06-24T07:30:00+00:00,2026-06-24T07:45:00+00:00
2026-06-24T07:39:06.737831+00:00,BUY NO (DOWN),NO,-27.29,1.0,8.315,-66101.0,11766.0,0.78,1.0,,62644.01,KXBTC15M-26JUN240345-45,2026-06-24T07:30:00+00:00,2026-06-24T07:45:00+00:00
2026-06-24T07:48:45.711726+00:00,BUY NO (DOWN),NO,-30.23,0.9603,3.509,-1110972.0,-969463.0,0.67,0.9603,,62660.01,KXBTC15M-26JUN240400-00,2026-06-24T07:45:00+00:00,2026-06-24T08:00:00+00:00
2026-06-24T07:51:06.286684+00:00,BUY NO (DOWN),NO,-23.98,0.9608,3.52,131803.0,-645912.0,0.64,0.9608,,62674.0,KXBTC15M-26JUN240400-00,2026-06-24T07:45:00+00:00,2026-06-24T08:00:00+00:00
2026-06-24T07:55:39.599500+00:00,BUY NO (DOWN),NO,-23.19,0.9983,5.849,293736.0,106051.0,0.6799999999999999,0.9983,,62674.8,KXBTC15M-26JUN240400-00,2026-06-24T07:45:00+00:00,2026-06-24T08:00:00+00:00
2026-06-24T08:06:37.711088+00:00,BUY NO (DOWN),NO,-24.78,0.9619,3.546,-226324.0,1716534.0,0.53,0.9619,,62638.01,KXBTC15M-26JUN240415-15,2026-06-24T08:00:00+00:00,2026-06-24T08:15:00+00:00
2026-06-24T08:08:08.798768+00:00,BUY NO (DOWN),NO,-28.0,0.9917,4.792,328293.0,1854531.0,0.5800000000000001,0.9917,,62634.0,KXBTC15M-26JUN240415-15,2026-06-24T08:00:00+00:00,2026-06-24T08:15:00+00:00
2026-06-24T08:12:12.641238+00:00,BUY NO (DOWN),NO,-20.63,1.0,14.405,439161.0,823073.0,0.54,1.0,,62643.36,KXBTC15M-26JUN240415-15,2026-06-24T08:00:00+00:00,2026-06-24T08:15:00+00:00
2026-06-24T08:48:00.023064+00:00,BUY NO (DOWN),NO,-21.98,0.9769,3.986,139582.0,297297.0,0.6,0.9769,,62774.01,KXBTC15M-26JUN240500-00,2026-06-24T08:45:00+00:00,2026-06-24T09:00:00+00:00
2026-06-24T09:03:00.695876+00:00,BUY NO (DOWN),NO,-96.17,1.0,13.345,-482038.0,-981883.0,0.85,1.0,,62703.84,KXBTC15M-26JUN240515-15,2026-06-24T09:00:00+00:00,2026-06-24T09:15:00+00:00
2026-06-24T09:07:15.824785+00:00,BUY NO (DOWN),NO,-22.0,0.9644,3.609,125864.0,257584.0,0.62,0.9644,,62774.01,KXBTC15M-26JUN240515-15,2026-06-24T09:00:00+00:00,2026-06-24T09:15:00+00:00
2026-06-24T09:10:29.586135+00:00,BUY NO (DOWN),NO,-66.02,1.0,30.734,50482.0,-165852.0,0.946,1.0,,62733.99,KXBTC15M-26JUN240515-15,2026-06-24T09:00:00+00:00,2026-06-24T09:15:00+00:00
2026-06-24T09:11:26.983338+00:00,BUY NO (DOWN),NO,-54.01,1.0,33.564,57834.0,-166713.0,0.9390000000000001,1.0,,62746.0,KXBTC15M-26JUN240515-15,2026-06-24T09:00:00+00:00,2026-06-24T09:15:00+00:00
2026-06-24T09:18:01.460996+00:00,BUY NO (DOWN),NO,-35.57,0.9775,4.008,-495200.0,-8543480.0,0.7,0.9775,,62736.01,KXBTC15M-26JUN240530-30,2026-06-24T09:15:00+00:00,2026-06-24T09:30:00+00:00
2026-06-24T09:25:09.265459+00:00,BUY NO (DOWN),NO,-62.97,1.0,36.117,67758.0,-301413.0,0.9410000000000001,1.0,,62708.6,KXBTC15M-26JUN240530-30,2026-06-24T09:15:00+00:00,2026-06-24T09:30:00+00:00
2026-06-24T09:25:17.208722+00:00,BUY NO (DOWN),NO,-62.97,1.0,57.746,76411.0,-64685.0,0.935,1.0,,62708.59,KXBTC15M-26JUN240530-30,2026-06-24T09:15:00+00:00,2026-06-24T09:30:00+00:00
2026-06-24T09:36:46.961751+00:00,BUY NO (DOWN),NO,-22.37,0.9911,4.737,-137078.0,-794597.0,0.74,0.9911,,62656.01,KXBTC15M-26JUN240545-45,2026-06-24T09:30:00+00:00,2026-06-24T09:45:00+00:00
2026-06-24T09:40:35.130794+00:00,BUY NO (DOWN),NO,-20.37,1.0,9.506,-10800.0,365608.0,0.86,1.0,,62656.01,KXBTC15M-26JUN240545-45,2026-06-24T09:30:00+00:00,2026-06-24T09:45:00+00:00
2026-06-24T09:42:05.420715+00:00,BUY NO (DOWN),NO,-22.37,1.0,17.562,10233.0,397106.0,0.94,1.0,,62656.01,KXBTC15M-26JUN240545-45,2026-06-24T09:30:00+00:00,2026-06-24T09:45:00+00:00
2026-06-24T09:42:28.870247+00:00,BUY NO (DOWN),NO,-29.63,1.0,26.283,1928.0,397352.0,0.95,1.0,,62648.75,KXBTC15M-26JUN240545-45,2026-06-24T09:30:00+00:00,2026-06-24T09:45:00+00:00
2026-06-24T10:03:00.597228+00:00,BUY NO (DOWN),NO,-67.71,1.0,12.391,167881.0,291751.0,0.87,1.0,,62614.0,KXBTC15M-26JUN240615-15,2026-06-24T10:00:00+00:00,2026-06-24T10:15:00+00:00
2026-06-24T10:08:32.595770+00:00,BUY NO (DOWN),NO,-29.29,0.9991,6.239,719228.0,1104692.0,0.9,0.9991,,62652.4,KXBTC15M-26JUN240615-15,2026-06-24T10:00:00+00:00,2026-06-24T10:15:00+00:00
2026-06-24T10:19:12.028675+00:00,BUY NO (DOWN),NO,-20.83,0.9516,3.322,214827.0,1044284.0,0.51,0.9516,,62586.39,KXBTC15M-26JUN240630-30,2026-06-24T10:15:00+00:00,2026-06-24T10:30:00+00:00
2026-06-24T10:23:45.562453+00:00,BUY NO (DOWN),NO,-102.62,1.0,18.139,-12969.0,-815919.0,0.948,1.0,,62510.0,KXBTC15M-26JUN240630-30,2026-06-24T10:15:00+00:00,2026-06-24T10:30:00+00:00
2026-06-24T10:37:08.231405+00:00,BUY NO (DOWN),NO,-29.95,0.9998,7.178,250826.0,940120.0,0.64,0.9998,,62530.01,KXBTC15M-26JUN240645-45,2026-06-24T10:30:00+00:00,2026-06-24T10:45:00+00:00
2026-06-24T10:48:00.175881+00:00,BUY NO (DOWN),NO,-35.99,0.9829,4.235,127472.0,818702.0,0.72,0.9829,,62568.01,KXBTC15M-26JUN240700-00,2026-06-24T10:45:00+00:00,2026-06-24T11:00:00+00:00
2026-06-24T11:03:05.801438+00:00,BUY NO (DOWN),NO,-20.17,0.8812,2.362,-98616.0,339672.0,0.62,0.8812,,62425.82,KXBTC15M-26JUN240715-15,2026-06-24T11:00:00+00:00,2026-06-24T11:15:00+00:00
2026-06-24T11:05:28.533649+00:00,BUY NO (DOWN),NO,-21.01,0.9698,3.756,46200.0,816880.0,0.6599999999999999,0.9698,,62424.98,KXBTC15M-26JUN240715-15,2026-06-24T11:00:00+00:00,2026-06-24T11:15:00+00:00
2026-06-24T11:09:06.144348+00:00,BUY NO (DOWN),NO,-92.8,1.0,25.279,123251.0,-758744.0,0.949,1.0,,62355.67,KXBTC15M-26JUN240715-15,2026-06-24T11:00:00+00:00,2026-06-24T11:15:00+00:00
2026-06-24T11:11:22.309067+00:00,BUY NO (DOWN),NO,-39.33,1.0,13.925,355240.0,73035.0,0.9,1.0,,62406.66,KXBTC15M-26JUN240715-15,2026-06-24T11:00:00+00:00,2026-06-24T11:15:00+00:00
2026-06-24T11:11:59.332654+00:00,BUY NO (DOWN),NO,-57.59,1.0,25.224,337305.0,-51457.0,0.94,1.0,,62388.4,KXBTC15M-26JUN240715-15,2026-06-24T11:00:00+00:00,2026-06-24T11:15:00+00:00
2026-06-24T11:12:06.480383+00:00,BUY NO (DOWN),NO,-50.11,1.0,23.087,363944.0,-5777.0,0.9359999999999999,1.0,,62395.89,KXBTC15M-26JUN240715-15,2026-06-24T11:00:00+00:00,2026-06-24T11:15:00+00:00
2026-06-24T11:12:35.867680+00:00,BUY NO (DOWN),NO,-42.77,1.0,23.623,178965.0,450824.0,0.9299999999999999,1.0,,62403.22,KXBTC15M-26JUN240715-15,2026-06-24T11:00:00+00:00,2026-06-24T11:15:00+00:00
2026-06-24T11:20:20.576261+00:00,BUY NO (DOWN),NO,-25.47,0.9748,3.914,108890.0,645168.0,0.5900000000000001,0.9748,,62356.0,KXBTC15M-26JUN240730-30,2026-06-24T11:15:00+00:00,2026-06-24T11:30:00+00:00
2026-06-24T11:27:01.549984+00:00,BUY NO (DOWN),NO,-26.0,1.0,14.442,-117924.0,386814.0,0.6599999999999999,1.0,,62356.01,KXBTC15M-26JUN240730-30,2026-06-24T11:15:00+00:00,2026-06-24T11:30:00+00:00
2026-06-24T12:03:01.107578+00:00,BUY NO (DOWN),NO,-31.19,0.955,3.391,170267.0,344136.0,0.55,0.955,,62891.06,KXBTC15M-26JUN240815-15,2026-06-24T12:00:00+00:00,2026-06-24T12:15:00+00:00
2026-06-24T12:05:07.619910+00:00,BUY NO (DOWN),NO,-21.19,0.8292,1.902,-688259.0,9229.0,0.53,0.8292,,62900.01,KXBTC15M-26JUN240815-15,2026-06-24T12:00:00+00:00,2026-06-24T12:15:00+00:00
2026-06-24T12:07:02.760924+00:00,BUY NO (DOWN),NO,-25.18,0.8935,2.49,219762.0,603059.0,0.52,0.8935,,62896.0,KXBTC15M-26JUN240815-15,2026-06-24T12:00:00+00:00,2026-06-24T12:15:00+00:00
2026-06-24T12:09:30.280164+00:00,BUY NO (DOWN),NO,-21.12,0.9547,3.383,353622.0,359172.0,0.52,0.9547,,62900.07,KXBTC15M-26JUN240815-15,2026-06-24T12:00:00+00:00,2026-06-24T12:15:00+00:00
2026-06-24T12:09:58.692546+00:00,BUY NO (DOWN),NO,-27.19,0.9899,4.648,289711.0,352093.0,0.52,0.9899,,62912.0,KXBTC15M-26JUN240815-15,2026-06-24T12:00:00+00:00,2026-06-24T12:15:00+00:00
2026-06-24T12:10:03.643310+00:00,BUY NO (DOWN),NO,-25.18,0.9882,4.526,285762.0,1185763.0,0.53,0.9882,,62892.01,KXBTC15M-26JUN240815-15,2026-06-24T12:00:00+00:00,2026-06-24T12:15:00+00:00
2026-06-24T12:12:07.952674+00:00,BUY NO (DOWN),NO,-25.44,1.0,9.285,308433.0,892741.0,0.57,1.0,,62894.77,KXBTC15M-26JUN240815-15,2026-06-24T12:00:00+00:00,2026-06-24T12:15:00+00:00
2026-06-24T12:19:23.240069+00:00,BUY NO (DOWN),NO,-21.44,0.8702,2.255,-95233.0,-34191.0,0.61,0.8702,,62817.68,KXBTC15M-26JUN240830-30,2026-06-24T12:15:00+00:00,2026-06-24T12:30:00+00:00
2026-06-24T12:19:53.808274+00:00,BUY NO (DOWN),NO,-25.44,0.9167,2.766,-45460.0,24324.0,0.5900000000000001,0.9167,,62818.0,KXBTC15M-26JUN240830-30,2026-06-24T12:15:00+00:00,2026-06-24T12:30:00+00:00
2026-06-24T12:35:30.466428+00:00,BUY NO (DOWN),NO,-31.95,0.9872,4.465,-114314.0,-78442.0,0.54,0.9872,,62794.01,KXBTC15M-26JUN240845-45,2026-06-24T12:30:00+00:00,2026-06-24T12:45:00+00:00
2026-06-24T12:36:56.270595+00:00,BUY NO (DOWN),NO,-24.01,0.9755,3.937,-36769.0,-33938.0,0.5800000000000001,0.9755,,62802.0,KXBTC15M-26JUN240845-45,2026-06-24T12:30:00+00:00,2026-06-24T12:45:00+00:00
2026-06-24T12:48:00.791821+00:00,BUY NO (DOWN),NO,-20.01,0.9676,3.692,9353.0,-20947.0,0.61,0.9676,,62830.0,KXBTC15M-26JUN240900-00,2026-06-24T12:45:00+00:00,2026-06-24T13:00:00+00:00
2026-06-24T12:53:20.955994+00:00,BUY NO (DOWN),NO,-144.66,1.0,19.258,-31581.0,-346890.0,0.944,1.0,,62705.34,KXBTC15M-26JUN240900-00,2026-06-24T12:45:00+00:00,2026-06-24T13:00:00+00:00
2026-06-24T13:03:00.746663+00:00,BUY NO (DOWN),NO,-108.01,1.0,9.975,-164815.0,-735146.0,0.78,1.0,,62523.59,KXBTC15M-26JUN240915-15,2026-06-24T13:00:00+00:00,2026-06-24T13:15:00+00:00
2026-06-24T13:22:16.407503+00:00,BUY NO (DOWN),NO,-21.79,0.8476,2.052,-1433681.0,-1745034.0,0.52,0.8476,,62010.0,KXBTC15M-26JUN240930-30,2026-06-24T13:15:00+00:00,2026-06-24T13:30:00+00:00
2026-06-24T13:24:09.835368+00:00,BUY NO (DOWN),NO,-241.13,1.0,16.204,-1562074.0,-10022207.0,0.9319999999999999,1.0,,61785.16,KXBTC15M-26JUN240930-30,2026-06-24T13:15:00+00:00,2026-06-24T13:30:00+00:00
2026-06-24T13:24:40.895224+00:00,BUY NO (DOWN),NO,-238.67,1.0,17.165,-882702.0,-9461914.0,0.94,1.0,,61807.21,KXBTC15M-26JUN240930-30,2026-06-24T13:15:00+00:00,2026-06-24T13:30:00+00:00
2026-06-24T13:25:27.952502+00:00,BUY NO (DOWN),NO,-194.26,1.0,15.212,676730.0,-9002822.0,0.95,1.0,,61857.8,KXBTC15M-26JUN240930-30,2026-06-24T13:15:00+00:00,2026-06-24T13:30:00+00:00
2026-06-24T13:25:51.626235+00:00,BUY NO (DOWN),NO,-180.93,1.0,15.686,-225445.0,-9469884.0,0.9390000000000001,1.0,,61866.47,KXBTC15M-26JUN240930-30,2026-06-24T13:15:00+00:00,2026-06-24T13:30:00+00:00
2026-06-24T13:41:06.398111+00:00,BUY NO (DOWN),NO,-27.92,0.9713,3.8,-390983.0,-1460304.0,0.75,0.9713,,61744.89,KXBTC15M-26JUN240945-45,2026-06-24T13:30:00+00:00,2026-06-24T13:45:00+00:00
2026-06-24T13:41:36.852091+00:00,BUY NO (DOWN),NO,-83.02,1.0,11.823,-689661.0,-1900066.0,0.9410000000000001,1.0,,61701.82,KXBTC15M-26JUN240945-45,2026-06-24T13:30:00+00:00,2026-06-24T13:45:00+00:00
2026-06-24T13:48:00.816829+00:00,BUY NO (DOWN),NO,-66.6,0.8406,1.994,-31836.0,-2798014.0,0.62,0.8406,,61426.07,KXBTC15M-26JUN241000-00,2026-06-24T13:45:00+00:00,2026-06-24T14:00:00+00:00
2026-06-24T13:53:50.384139+00:00,BUY NO (DOWN),NO,-21.34,0.7564,1.39,-285078.0,1154964.0,0.51,0.7564,,61464.67,KXBTC15M-26JUN241000-00,2026-06-24T13:45:00+00:00,2026-06-24T14:00:00+00:00
2026-06-24T13:54:09.106491+00:00,BUY NO (DOWN),NO,-24.0,0.7961,1.656,-720783.0,1069984.0,0.56,0.7961,,61461.09,KXBTC15M-26JUN241000-00,2026-06-24T13:45:00+00:00,2026-06-24T14:00:00+00:00
2026-06-24T13:54:16.159060+00:00,BUY NO (DOWN),NO,-24.0,0.8035,1.708,-809889.0,1054084.0,0.5900000000000001,0.8035,,61462.01,KXBTC15M-26JUN241000-00,2026-06-24T13:45:00+00:00,2026-06-24T14:00:00+00:00
2026-06-24T13:55:04.594342+00:00,BUY NO (DOWN),NO,-25.33,0.8849,2.399,-842076.0,-1419057.0,0.52,0.8849,,61458.0,KXBTC15M-26JUN241000-00,2026-06-24T13:45:00+00:00,2026-06-24T14:00:00+00:00
2026-06-24T13:55:26.439639+00:00,BUY NO (DOWN),NO,-46.01,0.9915,4.77,-877719.0,-1718179.0,0.5800000000000001,0.9915,,61438.0,KXBTC15M-26JUN241000-00,2026-06-24T13:45:00+00:00,2026-06-24T14:00:00+00:00
2026-06-24T14:05:00.608776+00:00,BUY NO (DOWN),NO,-30.08,0.7593,1.408,-49899.0,126680.0,0.6,0.7593,,61280.01,KXBTC15M-26JUN241015-15,2026-06-24T14:00:00+00:00,2026-06-24T14:15:00+00:00
2026-06-24T14:08:39.745111+00:00,BUY NO (DOWN),NO,-34.92,0.899,2.551,-3639407.0,-2831503.0,0.54,0.899,,61308.21,KXBTC15M-26JUN241015-15,2026-06-24T14:00:00+00:00,2026-06-24T14:15:00+00:00
2026-06-24T14:12:38.565765+00:00,BUY NO (DOWN),NO,-23.02,0.9905,4.689,-148857.0,-3888349.0,0.52,0.9905,,61256.61,KXBTC15M-26JUN241015-15,2026-06-24T14:00:00+00:00,2026-06-24T14:15:00+00:00
2026-06-24T14:18:00.520224+00:00,BUY NO (DOWN),NO,-105.12,0.9848,4.332,3940259.0,1373297.0,0.5800000000000001,0.9848,,61114.78,KXBTC15M-26JUN241030-30,2026-06-24T14:15:00+00:00,2026-06-24T14:30:00+00:00
2026-06-24T14:26:52.299316+00:00,BUY NO (DOWN),NO,-29.97,0.9982,5.82,-209553.0,1366945.0,0.55,0.9982,,61180.01,KXBTC15M-26JUN241030-30,2026-06-24T14:15:00+00:00,2026-06-24T14:30:00+00:00
2026-06-24T14:29:02.282442+00:00,BUY NO (DOWN),NO,-20.53,1.0,15.155,292493.0,350381.0,0.88,1.0,,61189.45,KXBTC15M-26JUN241030-30,2026-06-24T14:15:00+00:00,2026-06-24T14:30:00+00:00
2026-06-24T14:29:06.512405+00:00,BUY NO (DOWN),NO,-20.54,1.0,16.217,320962.0,325719.0,0.8,1.0,,61188.02,KXBTC15M-26JUN241030-30,2026-06-24T14:15:00+00:00,2026-06-24T14:30:00+00:00
2026-06-24T14:39:06.034343+00:00,BUY NO (DOWN),NO,-21.16,0.8783,2.333,-936638.0,-1820023.0,0.54,0.8783,,61203.83,KXBTC15M-26JUN241045-45,2026-06-24T14:30:00+00:00,2026-06-24T14:45:00+00:00
2026-06-24T14:43:09.103836+00:00,BUY NO (DOWN),NO,-105.33,1.0,41.714,-663888.0,-2461051.0,0.943,1.0,,61124.0,KXBTC15M-26JUN241045-45,2026-06-24T14:30:00+00:00,2026-06-24T14:45:00+00:00
2026-06-24T14:43:21.575387+00:00,BUY NO (DOWN),NO,-117.3,1.0,51.735,-523164.0,-2823241.0,0.948,1.0,,61090.01,KXBTC15M-26JUN241045-45,2026-06-24T14:30:00+00:00,2026-06-24T14:45:00+00:00
2026-06-24T14:49:53.880249+00:00,BUY NO (DOWN),NO,-30.94,0.8679,2.233,-372593.0,74897.0,0.56,0.8679,,61122.23,KXBTC15M-26JUN241100-00,2026-06-24T14:45:00+00:00,2026-06-24T15:00:00+00:00
2026-06-24T14:50:57.789234+00:00,BUY NO (DOWN),NO,-20.77,0.832,1.924,-217443.0,-35996.0,0.53,0.832,,61140.17,KXBTC15M-26JUN241100-00,2026-06-24T14:45:00+00:00,2026-06-24T15:00:00+00:00
2026-06-24T14:51:42.062942+00:00,BUY NO (DOWN),NO,-21.65,0.8788,2.338,-379069.0,-561394.0,0.54,0.8788,,61126.69,KXBTC15M-26JUN241100-00,2026-06-24T14:45:00+00:00,2026-06-24T15:00:00+00:00
2026-06-24T14:55:14.173028+00:00,BUY NO (DOWN),NO,-164.96,1.0,27.243,-3298048.0,-4698805.0,0.943,1.0,,60996.0,KXBTC15M-26JUN241100-00,2026-06-24T14:45:00+00:00,2026-06-24T15:00:00+00:00
2026-06-24T14:56:18.567421+00:00,BUY NO (DOWN),NO,-142.95,1.0,27.678,16555.0,-3899095.0,0.948,1.0,,61019.0,KXBTC15M-26JUN241100-00,2026-06-24T14:45:00+00:00,2026-06-24T15:00:00+00:00
2026-06-24T14:56:27.549482+00:00,BUY NO (DOWN),NO,-136.95,1.0,27.22,-198632.0,-3950100.0,0.931,1.0,,61020.21,KXBTC15M-26JUN241100-00,2026-06-24T14:45:00+00:00,2026-06-24T15:00:00+00:00
2026-06-24T14:56:54.583244+00:00,BUY NO (DOWN),NO,-141.96,1.0,32.219,-295429.0,-4282002.0,0.95,1.0,,61018.98,KXBTC15M-26JUN241100-00,2026-06-24T14:45:00+00:00,2026-06-24T15:00:00+00:00
2026-06-24T14:57:42.745057+00:00,BUY NO (DOWN),NO,-92.96,1.0,32.508,488562.0,-3233241.0,0.9390000000000001,1.0,,61068.0,KXBTC15M-26JUN241100-00,2026-06-24T14:45:00+00:00,2026-06-24T15:00:00+00:00
2026-06-24T14:57:56.477211+00:00,BUY NO (DOWN),NO,-93.05,1.0,35.949,436264.0,-3254942.0,0.945,1.0,,61067.89,KXBTC15M-26JUN241100-00,2026-06-24T14:45:00+00:00,2026-06-24T15:00:00+00:00
2026-06-24T14:58:07.017185+00:00,BUY NO (DOWN),NO,-90.94,1.0,36.376,385394.0,-2904971.0,0.944,1.0,,61062.01,KXBTC15M-26JUN241100-00,2026-06-24T14:45:00+00:00,2026-06-24T15:00:00+00:00
2026-06-24T15:03:00.508935+00:00,BUY NO (DOWN),NO,-104.0,0.9991,6.251,-651163.0,1542714.0,0.7,0.9991,,61000.01,KXBTC15M-26JUN241115-15,2026-06-24T15:00:00+00:00,2026-06-24T15:15:00+00:00
2026-06-24T15:09:55.573435+00:00,BUY NO (DOWN),NO,-192.0,1.0,30.47,-2170205.0,-5736477.0,0.95,1.0,,60912.01,KXBTC15M-26JUN241115-15,2026-06-24T15:00:00+00:00,2026-06-24T15:15:00+00:00
2026-06-24T15:10:06.232399+00:00,BUY NO (DOWN),NO,-184.01,1.0,31.501,-216179.0,-4969038.0,0.95,1.0,,60936.0,KXBTC15M-26JUN241115-15,2026-06-24T15:00:00+00:00,2026-06-24T15:15:00+00:00
2026-06-24T15:25:53.425359+00:00,BUY NO (DOWN),NO,-24.0,0.9767,3.981,-658577.0,-949068.0,0.65,0.9767,,60869.99,KXBTC15M-26JUN241130-30,2026-06-24T15:15:00+00:00,2026-06-24T15:30:00+00:00
2026-06-24T15:26:38.705997+00:00,BUY NO (DOWN),NO,-21.99,0.9878,4.501,-716428.0,-1718627.0,0.63,0.9878,,60872.01,KXBTC15M-26JUN241130-30,2026-06-24T15:15:00+00:00,2026-06-24T15:30:00+00:00
2026-06-24T15:26:50.221647+00:00,BUY NO (DOWN),NO,-20.0,0.9841,4.294,-425647.0,-1548260.0,0.75,0.9841,,60866.01,KXBTC15M-26JUN241130-30,2026-06-24T15:15:00+00:00,2026-06-24T15:30:00+00:00
2026-06-24T15:28:18.109319+00:00,BUY NO (DOWN),NO,-27.89,1.0,11.464,-201938.0,-1262790.0,0.8200000000000001,1.0,,60881.99,KXBTC15M-26JUN241130-30,2026-06-24T15:15:00+00:00,2026-06-24T15:30:00+00:00
2026-06-24T15:33:00.125701+00:00,BUY NO (DOWN),NO,-133.36,1.0,8.065,461271.0,-3228922.0,0.76,1.0,,60750.01,KXBTC15M-26JUN241145-45,2026-06-24T15:30:00+00:00,2026-06-24T15:45:00+00:00
2026-06-24T15:38:57.742654+00:00,BUY NO (DOWN),NO,-225.62,1.0,25.372,-1260814.0,-2336105.0,0.947,1.0,,60657.76,KXBTC15M-26JUN241145-45,2026-06-24T15:30:00+00:00,2026-06-24T15:45:00+00:00
2026-06-24T15:39:05.739201+00:00,BUY NO (DOWN),NO,-217.38,1.0,25.416,-1271088.0,-2193661.0,0.946,1.0,,60672.0,KXBTC15M-26JUN241145-45,2026-06-24T15:30:00+00:00,2026-06-24T15:45:00+00:00
2026-06-24T15:39:26.569090+00:00,BUY NO (DOWN),NO,-173.61,1.0,20.287,253822.0,-1552530.0,0.92,1.0,,60702.01,KXBTC15M-26JUN241145-45,2026-06-24T15:30:00+00:00,2026-06-24T15:45:00+00:00
2026-06-24T15:48:00.767981+00:00,BUY NO (DOWN),NO,-190.92,1.0,9.517,-415883.0,-15326546.0,0.86,1.0,,60412.57,KXBTC15M-26JUN241200-00,2026-06-24T15:45:00+00:00,2026-06-24T16:00:00+00:00
2026-06-24T15:55:16.108103+00:00,BUY NO (DOWN),NO,-172.93,1.0,21.76,7676128.0,6302066.0,0.949,1.0,,60411.53,KXBTC15M-26JUN241200-00,2026-06-24T15:45:00+00:00,2026-06-24T16:00:00+00:00
2026-06-24T16:06:46.562377+00:00,BUY NO (DOWN),NO,-25.08,0.8297,1.906,-788583.0,5555485.0,0.62,0.8297,,60225.54,KXBTC15M-26JUN241215-15,2026-06-24T16:00:00+00:00,2026-06-24T16:15:00+00:00
2026-06-24T16:06:55.946369+00:00,BUY NO (DOWN),NO,-27.99,0.8608,2.167,-783382.0,5221303.0,0.64,0.8608,,60222.01,KXBTC15M-26JUN241215-15,2026-06-24T16:00:00+00:00,2026-06-24T16:15:00+00:00
2026-06-24T16:18:02.884957+00:00,BUY NO (DOWN),NO,-20.49,0.7358,1.261,-753462.0,-1081124.0,0.6,0.7358,,60506.55,KXBTC15M-26JUN241230-30,2026-06-24T16:15:00+00:00,2026-06-24T16:30:00+00:00
2026-06-24T16:18:21.872734+00:00,BUY NO (DOWN),NO,-24.49,0.7883,1.601,-550766.0,-1101881.0,0.5700000000000001,0.7883,,60500.01,KXBTC15M-26JUN241230-30,2026-06-24T16:15:00+00:00,2026-06-24T16:30:00+00:00
2026-06-24T16:21:05.757193+00:00,BUY NO (DOWN),NO,-26.49,0.8806,2.356,-451455.0,-1822733.0,0.5900000000000001,0.8806,,60498.01,KXBTC15M-26JUN241230-30,2026-06-24T16:15:00+00:00,2026-06-24T16:30:00+00:00
2026-06-24T16:21:18.628359+00:00,BUY NO (DOWN),NO,-20.25,0.8235,1.858,-296478.0,-1553197.0,0.62,0.8235,,60509.64,KXBTC15M-26JUN241230-30,2026-06-24T16:15:00+00:00,2026-06-24T16:30:00+00:00
2026-06-24T16:21:25.440680+00:00,BUY NO (DOWN),NO,-28.5,0.9085,2.663,-294071.0,-1727759.0,0.61,0.9085,,60496.29,KXBTC15M-26JUN241230-30,2026-06-24T16:15:00+00:00,2026-06-24T16:30:00+00:00
2026-06-24T16:21:32.338299+00:00,BUY NO (DOWN),NO,-23.17,0.8667,2.222,-284599.0,-1841168.0,0.61,0.8667,,60509.61,KXBTC15M-26JUN241230-30,2026-06-24T16:15:00+00:00,2026-06-24T16:30:00+00:00
2026-06-24T16:22:00.348470+00:00,BUY NO (DOWN),NO,-24.49,0.9095,2.675,219836.0,-870590.0,0.6,0.9095,,60496.04,KXBTC15M-26JUN241230-30,2026-06-24T16:15:00+00:00,2026-06-24T16:30:00+00:00
2026-06-24T16:26:21.657176+00:00,BUY NO (DOWN),NO,-24.49,0.9965,5.397,-566806.0,598304.0,0.5700000000000001,0.9965,,60500.0,KXBTC15M-26JUN241230-30,2026-06-24T16:15:00+00:00,2026-06-24T16:30:00+00:00
2026-06-24T16:26:31.580669+00:00,BUY NO (DOWN),NO,-36.5,1.0,8.085,-1358414.0,-314934.0,0.63,1.0,,60488.01,KXBTC15M-26JUN241230-30,2026-06-24T16:15:00+00:00,2026-06-24T16:30:00+00:00
2026-06-24T16:27:05.082720+00:00,BUY NO (DOWN),NO,-34.49,1.0,8.245,-1549744.0,-898091.0,0.76,1.0,,60490.0,KXBTC15M-26JUN241230-30,2026-06-24T16:15:00+00:00,2026-06-24T16:30:00+00:00
2026-06-24T16:27:50.411646+00:00,BUY NO (DOWN),NO,-54.51,1.0,18.187,101341.0,-1173062.0,0.938,1.0,,60452.13,KXBTC15M-26JUN241230-30,2026-06-24T16:15:00+00:00,2026-06-24T16:30:00+00:00
2026-06-24T16:28:07.227397+00:00,BUY NO (DOWN),NO,-52.51,1.0,19.704,-403822.0,-1594729.0,0.95,1.0,,60483.02,KXBTC15M-26JUN241230-30,2026-06-24T16:15:00+00:00,2026-06-24T16:30:00+00:00
2026-06-24T16:28:18.597679+00:00,BUY NO (DOWN),NO,-36.7,1.0,14.78,-493261.0,-2280536.0,0.77,1.0,,60487.79,KXBTC15M-26JUN241230-30,2026-06-24T16:15:00+00:00,2026-06-24T16:30:00+00:00
2026-06-24T16:28:40.195665+00:00,BUY NO (DOWN),NO,-31.18,1.0,15.898,-712157.0,-2461120.0,0.86,1.0,,60499.37,KXBTC15M-26JUN241230-30,2026-06-24T16:15:00+00:00,2026-06-24T16:30:00+00:00
2026-06-24T16:28:43.902669+00:00,BUY NO (DOWN),NO,-25.09,1.0,13.344,-710320.0,-2412517.0,0.86,1.0,,60499.41,KXBTC15M-26JUN241230-30,2026-06-24T16:15:00+00:00,2026-06-24T16:30:00+00:00
2026-06-24T16:33:00.685603+00:00,BUY NO (DOWN),NO,-73.16,0.989,4.583,-192938.0,-114725.0,0.7,0.989,,60476.86,KXBTC15M-26JUN241245-45,2026-06-24T16:30:00+00:00,2026-06-24T16:45:00+00:00
2026-06-24T16:35:40.419127+00:00,BUY NO (DOWN),NO,-23.34,0.8624,2.183,251933.0,115719.0,0.55,0.8624,,60526.67,KXBTC15M-26JUN241245-45,2026-06-24T16:30:00+00:00,2026-06-24T16:45:00+00:00
2026-06-24T16:48:01.141337+00:00,BUY NO (DOWN),NO,-214.12,1.0,11.126,-7059310.0,-11277428.0,0.86,1.0,,60036.01,KXBTC15M-26JUN241300-00,2026-06-24T16:45:00+00:00,2026-06-24T17:00:00+00:00
2026-06-24T16:52:08.577882+00:00,BUY NO (DOWN),NO,-431.11,1.0,14.599,-4645241.0,-36144640.0,0.9359999999999999,1.0,,59825.35,KXBTC15M-26JUN241300-00,2026-06-24T16:45:00+00:00,2026-06-24T17:00:00+00:00
2026-06-24T16:53:15.523026+00:00,BUY NO (DOWN),NO,-342.2,1.0,12.923,515757.0,-30570810.0,0.945,1.0,,59900.0,KXBTC15M-26JUN241300-00,2026-06-24T16:45:00+00:00,2026-06-24T17:00:00+00:00
2026-06-24T16:54:33.729735+00:00,BUY NO (DOWN),NO,-290.31,1.0,12.91,574841.0,-31621031.0,0.948,1.0,,59944.01,KXBTC15M-26JUN241300-00,2026-06-24T16:45:00+00:00,2026-06-24T17:00:00+00:00
2026-06-24T17:06:41.300571+00:00,BUY NO (DOWN),NO,-23.75,0.7632,1.433,-1397780.0,-1273261.0,0.5700000000000001,0.7632,,59818.01,KXBTC15M-26JUN241315-15,2026-06-24T17:00:00+00:00,2026-06-24T17:15:00+00:00
2026-06-24T17:07:10.966611+00:00,BUY NO (DOWN),NO,-49.31,0.9362,3.047,-1283483.0,-1881003.0,0.55,0.9362,,59788.05,KXBTC15M-26JUN241315-15,2026-06-24T17:00:00+00:00,2026-06-24T17:15:00+00:00
2026-06-24T17:09:01.884280+00:00,BUY NO (DOWN),NO,-35.42,0.9292,2.939,148954.0,-2771024.0,0.5700000000000001,0.9292,,59820.59,KXBTC15M-26JUN241315-15,2026-06-24T17:00:00+00:00,2026-06-24T17:15:00+00:00
2026-06-24T17:09:09.200679+00:00,BUY NO (DOWN),NO,-21.59,0.8201,1.831,266307.0,-2586715.0,0.5900000000000001,0.8201,,59834.01,KXBTC15M-26JUN241315-15,2026-06-24T17:00:00+00:00,2026-06-24T17:15:00+00:00
2026-06-24T17:11:58.544394+00:00,BUY NO (DOWN),NO,-55.99,1.0,11.077,-698575.0,1249030.0,0.5800000000000001,1.0,,59800.01,KXBTC15M-26JUN241315-15,2026-06-24T17:00:00+00:00,2026-06-24T17:15:00+00:00
2026-06-24T17:12:39.174683+00:00,BUY NO (DOWN),NO,-39.37,1.0,10.723,-617494.0,1795494.0,0.65,1.0,,59817.03,KXBTC15M-26JUN241315-15,2026-06-24T17:00:00+00:00,2026-06-24T17:15:00+00:00
2026-06-24T17:18:01.164159+00:00,BUY NO (DOWN),NO,-103.16,0.9958,5.266,-371191.0,-403822.0,0.6699999999999999,0.9958,,59724.01,KXBTC15M-26JUN241330-30,2026-06-24T17:15:00+00:00,2026-06-24T17:30:00+00:00
2026-06-24T17:21:24.416054+00:00,BUY NO (DOWN),NO,-391.84,1.0,21.758,-15085962.0,-18227983.0,0.946,1.0,,59461.99,KXBTC15M-26JUN241330-30,2026-06-24T17:15:00+00:00,2026-06-24T17:30:00+00:00
2026-06-24T17:23:47.267717+00:00,BUY NO (DOWN),NO,-298.01,1.0,17.098,270013.0,-14325499.0,0.947,1.0,,59527.21,KXBTC15M-26JUN241330-30,2026-06-24T17:15:00+00:00,2026-06-24T17:30:00+00:00
2026-06-24T17:26:45.624373+00:00,BUY NO (DOWN),NO,-172.24,1.0,20.433,318769.0,1085616.0,0.945,1.0,,59665.6,KXBTC15M-26JUN241330-30,2026-06-24T17:15:00+00:00,2026-06-24T17:30:00+00:00
2026-06-24T17:33:01.108962+00:00,BUY NO (DOWN),NO,-60.68,0.9201,2.812,-654148.0,-2360735.0,0.69,0.9201,,59622.0,KXBTC15M-26JUN241345-45,2026-06-24T17:30:00+00:00,2026-06-24T17:45:00+00:00
2026-06-24T17:35:06.395198+00:00,BUY NO (DOWN),NO,-29.4,0.7568,1.392,-1293929.0,-2806744.0,0.63,0.7568,,59648.01,KXBTC15M-26JUN241345-45,2026-06-24T17:30:00+00:00,2026-06-24T17:45:00+00:00
2026-06-24T17:35:15.596436+00:00,BUY NO (DOWN),NO,-22.67,0.7051,1.079,-1365360.0,-2763675.0,0.61,0.7051,,59658.01,KXBTC15M-26JUN241345-45,2026-06-24T17:30:00+00:00,2026-06-24T17:45:00+00:00
2026-06-24T17:35:25.487268+00:00,BUY NO (DOWN),NO,-23.16,0.7151,1.137,-1009367.0,-2726687.0,0.5900000000000001,0.7151,,59650.01,KXBTC15M-26JUN241345-45,2026-06-24T17:30:00+00:00,2026-06-24T17:45:00+00:00
2026-06-24T17:39:50.944453+00:00,BUY NO (DOWN),NO,-185.39,1.0,18.586,-417761.0,-2605226.0,0.947,1.0,,59480.06,KXBTC15M-26JUN241345-45,2026-06-24T17:30:00+00:00,2026-06-24T17:45:00+00:00
2026-06-24T17:41:12.717426+00:00,BUY NO (DOWN),NO,-148.69,1.0,21.506,1300078.0,-2024663.0,0.95,1.0,,59529.83,KXBTC15M-26JUN241345-45,2026-06-24T17:30:00+00:00,2026-06-24T17:45:00+00:00
2026-06-24T17:48:00.948416+00:00,BUY NO (DOWN),NO,-200.06,1.0,8.309,-3172800.0,-8883690.0,0.78,1.0,,59155.98,KXBTC15M-26JUN241400-00,2026-06-24T17:45:00+00:00,2026-06-24T18:00:00+00:00
2026-06-24T17:58:28.772067+00:00,BUY NO (DOWN),NO,-36.82,1.0,13.651,-1543588.0,-264239.0,0.56,1.0,,59310.99,KXBTC15M-26JUN241400-00,2026-06-24T17:45:00+00:00,2026-06-24T18:00:00+00:00
2026-06-24T17:58:36.982518+00:00,BUY NO (DOWN),NO,-22.0,1.0,8.982,-1657447.0,-457304.0,0.5900000000000001,1.0,,59328.06,KXBTC15M-26JUN241400-00,2026-06-24T17:45:00+00:00,2026-06-24T18:00:00+00:00
2026-06-24T17:58:42.232257+00:00,BUY NO (DOWN),NO,-20.26,1.0,8.9,-1545179.0,-823658.0,0.53,1.0,,59329.41,KXBTC15M-26JUN241400-00,2026-06-24T17:45:00+00:00,2026-06-24T18:00:00+00:00
2026-06-24T18:03:31.505063+00:00,BUY NO (DOWN),NO,-20.0,0.6805,0.938,465814.0,1169769.0,0.52,0.6805,,59394.01,KXBTC15M-26JUN241415-15,2026-06-24T18:00:00+00:00,2026-06-24T18:15:00+00:00
2026-06-24T18:05:23.021612+00:00,BUY NO (DOWN),NO,-25.99,0.7436,1.309,-88660.0,747636.0,0.6,0.7436,,59386.01,KXBTC15M-26JUN241415-15,2026-06-24T18:00:00+00:00,2026-06-24T18:15:00+00:00
2026-06-24T18:33:21.352647+00:00,BUY NO (DOWN),NO,-22.01,0.7445,1.314,176140.0,154208.0,0.62,0.7445,,59691.0,KXBTC15M-26JUN241445-45,2026-06-24T18:30:00+00:00,2026-06-24T18:45:00+00:00
2026-06-24T18:33:46.515673+00:00,BUY NO (DOWN),NO,-20.0,0.7332,1.245,35629.0,244931.0,0.63,0.7332,,59692.01,KXBTC15M-26JUN241445-45,2026-06-24T18:30:00+00:00,2026-06-24T18:45:00+00:00
2026-06-24T18:33:52.900634+00:00,BUY NO (DOWN),NO,-26.0,0.793,1.634,50351.0,227831.0,0.6599999999999999,0.793,,59689.1,KXBTC15M-26JUN241445-45,2026-06-24T18:30:00+00:00,2026-06-24T18:45:00+00:00
2026-06-24T18:34:16.098945+00:00,BUY NO (DOWN),NO,-24.0,0.7884,1.602,43357.0,333631.0,0.69,0.7884,,59674.65,KXBTC15M-26JUN241445-45,2026-06-24T18:30:00+00:00,2026-06-24T18:45:00+00:00
2026-06-24T18:35:18.613703+00:00,BUY NO (DOWN),NO,-26.01,0.8402,1.991,444941.0,523039.0,0.6799999999999999,0.8402,,59673.12,KXBTC15M-26JUN241445-45,2026-06-24T18:30:00+00:00,2026-06-24T18:45:00+00:00
2026-06-24T18:39:25.557677+00:00,BUY NO (DOWN),NO,-122.53,1.0,22.473,338995.0,526391.0,0.942,1.0,,59587.47,KXBTC15M-26JUN241445-45,2026-06-24T18:30:00+00:00,2026-06-24T18:45:00+00:00
2026-06-24T18:39:52.581994+00:00,BUY NO (DOWN),NO,-124.72,1.0,26.636,-21674.0,-221914.0,0.949,1.0,,59585.99,KXBTC15M-26JUN241445-45,2026-06-24T18:30:00+00:00,2026-06-24T18:45:00+00:00
2026-06-24T18:48:00.186028+00:00,BUY NO (DOWN),NO,-21.13,0.7771,1.525,-422084.0,381197.0,0.55,0.7771,,59542.01,KXBTC15M-26JUN241500-00,2026-06-24T18:45:00+00:00,2026-06-24T19:00:00+00:00
2026-06-24T18:48:26.968185+00:00,BUY NO (DOWN),NO,-22.87,0.7917,1.624,-84204.0,563311.0,0.53,0.7917,,59536.01,KXBTC15M-26JUN241500-00,2026-06-24T18:45:00+00:00,2026-06-24T19:00:00+00:00
2026-06-24T18:48:36.050039+00:00,BUY NO (DOWN),NO,-23.13,0.7943,1.643,-54313.0,677194.0,0.53,0.7943,,59520.01,KXBTC15M-26JUN241500-00,2026-06-24T18:45:00+00:00,2026-06-24T19:00:00+00:00
2026-06-24T18:52:35.226051+00:00,BUY NO (DOWN),NO,-23.13,0.8681,2.235,64209.0,-1394715.0,0.55,0.8681,,59538.01,KXBTC15M-26JUN241500-00,2026-06-24T18:45:00+00:00,2026-06-24T19:00:00+00:00
2026-06-24T18:54:14.901449+00:00,BUY NO (DOWN),NO,-23.13,0.9357,3.039,97433.0,-66409.0,0.51,0.9357,,59540.01,KXBTC15M-26JUN241500-00,2026-06-24T18:45:00+00:00,2026-06-24T19:00:00+00:00
2026-06-24T18:54:54.358142+00:00,BUY NO (DOWN),NO,-20.78,0.9451,3.199,20370.0,91454.0,0.54,0.9451,,59549.28,KXBTC15M-26JUN241500-00,2026-06-24T18:45:00+00:00,2026-06-24T19:00:00+00:00
2026-06-24T18:55:05.900920+00:00,BUY NO (DOWN),NO,-28.55,0.9891,4.59,-55096.0,-45015.0,0.57,0.9891,,59524.97,KXBTC15M-26JUN241500-00,2026-06-24T18:45:00+00:00,2026-06-24T19:00:00+00:00
2026-06-24T18:55:35.740685+00:00,BUY NO (DOWN),NO,-29.77,0.9973,5.575,-129652.0,-123128.0,0.59,0.9973,,59532.01,KXBTC15M-26JUN241500-00,2026-06-24T18:45:00+00:00,2026-06-24T19:00:00+00:00
2026-06-24T18:56:24.801626+00:00,BUY NO (DOWN),NO,-21.13,0.9956,5.241,110273.0,12001.0,0.52,0.9956,,59542.01,KXBTC15M-26JUN241500-00,2026-06-24T18:45:00+00:00,2026-06-24T19:00:00+00:00
2026-06-24T19:11:24.016234+00:00,BUY NO (DOWN),NO,-42.02,1.0,8.78,-981322.0,-9197780.0,0.62,1.0,,59560.07,KXBTC15M-26JUN241515-15,2026-06-24T19:00:00+00:00,2026-06-24T19:15:00+00:00
2026-06-24T19:11:29.981239+00:00,BUY NO (DOWN),NO,-23.56,0.9941,5.035,-532750.0,-9048043.0,0.5900000000000001,0.9941,,59564.24,KXBTC15M-26JUN241515-15,2026-06-24T19:00:00+00:00,2026-06-24T19:15:00+00:00
2026-06-24T19:18:00.241734+00:00,BUY NO (DOWN),NO,-22.55,0.759,1.406,-175508.0,-166539.0,0.5800000000000001,0.759,,59655.84,KXBTC15M-26JUN241530-30,2026-06-24T19:15:00+00:00,2026-06-24T19:30:00+00:00
2026-06-24T19:18:12.716091+00:00,BUY NO (DOWN),NO,-28.76,0.819,1.823,-313384.0,-277831.0,0.53,0.819,,59641.24,KXBTC15M-26JUN241530-30,2026-06-24T19:15:00+00:00,2026-06-24T19:30:00+00:00
2026-06-24T19:18:32.968915+00:00,BUY NO (DOWN),NO,-25.3,0.7983,1.671,-242455.0,-253267.0,0.5800000000000001,0.7983,,59644.7,KXBTC15M-26JUN241530-30,2026-06-24T19:15:00+00:00,2026-06-24T19:30:00+00:00
2026-06-24T19:19:02.700006+00:00,BUY NO (DOWN),NO,-20.75,0.7685,1.468,-70982.0,-325801.0,0.54,0.7685,,59649.25,KXBTC15M-26JUN241530-30,2026-06-24T19:15:00+00:00,2026-06-24T19:30:00+00:00
2026-06-24T19:20:34.124403+00:00,BUY NO (DOWN),NO,-20.2,0.8337,1.938,-359767.0,-1109259.0,0.51,0.8337,,59649.79,KXBTC15M-26JUN241530-30,2026-06-24T19:15:00+00:00,2026-06-24T19:30:00+00:00
2026-06-24T19:21:17.379511+00:00,BUY NO (DOWN),NO,-24.0,0.9101,2.682,-551342.0,-1119048.0,0.5900000000000001,0.9101,,59646.0,KXBTC15M-26JUN241530-30,2026-06-24T19:15:00+00:00,2026-06-24T19:30:00+00:00
2026-06-24T19:23:36.229935+00:00,BUY NO (DOWN),NO,-21.99,0.9465,3.223,816749.0,-517391.0,0.54,0.9465,,59642.01,KXBTC15M-26JUN241530-30,2026-06-24T19:15:00+00:00,2026-06-24T19:30:00+00:00
2026-06-24T19:33:20.041055+00:00,BUY NO (DOWN),NO,-28.55,0.8902,2.456,118475.0,236700.0,0.56,0.8902,,59789.47,KXBTC15M-26JUN241545-45,2026-06-24T19:30:00+00:00,2026-06-24T19:45:00+00:00
2026-06-24T19:39:04.537003+00:00,BUY NO (DOWN),NO,-24.0,0.9617,3.54,-260547.0,826965.0,0.54,0.9617,,59794.01,KXBTC15M-26JUN241545-45,2026-06-24T19:30:00+00:00,2026-06-24T19:45:00+00:00
2026-06-24T19:41:53.144421+00:00,BUY NO (DOWN),NO,-22.03,0.9999,7.386,-68400.0,-332744.0,0.5700000000000001,0.9999,,59795.98,KXBTC15M-26JUN241545-45,2026-06-24T19:30:00+00:00,2026-06-24T19:45:00+00:00
2026-06-24T19:43:39.694675+00:00,BUY NO (DOWN),NO,-42.01,1.0,40.428,131629.0,11045.0,0.92,1.0,,59776.0,KXBTC15M-26JUN241545-45,2026-06-24T19:30:00+00:00,2026-06-24T19:45:00+00:00
2026-06-24T19:48:00.578844+00:00,BUY NO (DOWN),NO,-37.98,0.9751,3.923,93637.0,170867.0,0.53,0.9751,,59780.01,KXBTC15M-26JUN241600-00,2026-06-24T19:45:00+00:00,2026-06-24T20:00:00+00:00
2026-06-24T19:49:28.995652+00:00,BUY NO (DOWN),NO,-27.98,0.9259,2.892,176256.0,436871.0,0.61,0.9259,,59790.0,KXBTC15M-26JUN241600-00,2026-06-24T19:45:00+00:00,2026-06-24T20:00:00+00:00
2026-06-24T19:50:01.625296+00:00,BUY NO (DOWN),NO,-41.56,0.9823,4.207,-15759.0,57304.0,0.66,0.9823,,59833.08,KXBTC15M-26JUN241600-00,2026-06-24T19:45:00+00:00,2026-06-24T20:00:00+00:00
2026-06-24T19:50:03.790872+00:00,BUY NO (DOWN),NO,-21.28,0.8144,1.788,223573.0,294924.0,0.66,0.8144,,59811.99,KXBTC15M-26JUN241600-00,2026-06-24T19:45:00+00:00,2026-06-24T20:00:00+00:00
2026-06-24T20:23:29.867304+00:00,BUY NO (DOWN),NO,-27.91,0.846,2.039,-88748.0,-715054.0,0.61,0.846,,60650.0,KXBTC15M-26JUN241630-30,2026-06-24T20:15:00+00:00,2026-06-24T20:30:00+00:00
2026-06-24T20:23:36.324668+00:00,BUY NO (DOWN),NO,-23.92,0.8163,1.802,-157227.0,-867891.0,0.62,0.8163,,60650.0,KXBTC15M-26JUN241630-30,2026-06-24T20:15:00+00:00,2026-06-24T20:30:00+00:00
2026-06-24T20:24:59.575920+00:00,BUY NO (DOWN),NO,-23.91,0.8779,2.329,-31265.0,-676540.0,0.56,0.8779,,60652.69,KXBTC15M-26JUN241630-30,2026-06-24T20:15:00+00:00,2026-06-24T20:30:00+00:00
2026-06-24T20:25:41.469343+00:00,BUY NO (DOWN),NO,-21.92,0.899,2.551,-167459.0,-144377.0,0.63,0.899,,60656.0,KXBTC15M-26JUN241630-30,2026-06-24T20:15:00+00:00,2026-06-24T20:30:00+00:00
2026-06-24T20:34:21.870169+00:00,BUY NO (DOWN),NO,-24.15,0.7803,1.546,44203.0,205515.0,0.55,0.7803,,60748.0,KXBTC15M-26JUN241645-45,2026-06-24T20:30:00+00:00,2026-06-24T20:45:00+00:00
2026-06-24T20:34:27.057980+00:00,BUY NO (DOWN),NO,-22.22,0.7635,1.435,-448016.0,251062.0,0.53,0.7635,,60751.78,KXBTC15M-26JUN241645-45,2026-06-24T20:30:00+00:00,2026-06-24T20:45:00+00:00
2026-06-24T20:36:02.304040+00:00,BUY NO (DOWN),NO,-21.98,0.7803,1.547,-6041.0,369765.0,0.55,0.7803,,60752.0,KXBTC15M-26JUN241645-45,2026-06-24T20:30:00+00:00,2026-06-24T20:45:00+00:00
2026-06-24T21:03:01.012435+00:00,BUY NO (DOWN),NO,-188.76,1.0,11.252,-1427857.0,-4950704.0,0.79,1.0,,60800.78,KXBTC15M-26JUN241715-15,2026-06-24T21:00:00+00:00,2026-06-24T21:15:00+00:00
2026-06-24T21:10:15.696666+00:00,BUY NO (DOWN),NO,-168.92,1.0,33.411,472033.0,-4544466.0,0.948,1.0,,60824.0,KXBTC15M-26JUN241715-15,2026-06-24T21:00:00+00:00,2026-06-24T21:15:00+00:00
2026-06-24T21:48:39.175298+00:00,BUY NO (DOWN),NO,-22.0,0.7651,1.446,38202.0,74525.0,0.55,0.7651,,61066.0,KXBTC15M-26JUN241800-00,2026-06-24T21:45:00+00:00,2026-06-24T22:00:00+00:00
2026-06-24T21:49:18.867742+00:00,BUY NO (DOWN),NO,-21.99,0.7868,1.59,-334086.0,12993.0,0.5900000000000001,0.7868,,61066.0,KXBTC15M-26JUN241800-00,2026-06-24T21:45:00+00:00,2026-06-24T22:00:00+00:00
2026-06-24T21:49:43.072684+00:00,BUY NO (DOWN),NO,-21.99,0.7957,1.653,-112383.0,61364.0,0.61,0.7957,,61066.01,KXBTC15M-26JUN241800-00,2026-06-24T21:45:00+00:00,2026-06-24T22:00:00+00:00
2026-06-24T21:50:06.371187+00:00,BUY NO (DOWN),NO,-21.23,0.796,1.655,-10829.0,189967.0,0.5900000000000001,0.796,,61063.71,KXBTC15M-26JUN241800-00,2026-06-24T21:45:00+00:00,2026-06-24T22:00:00+00:00
2026-06-24T22:04:25.365987+00:00,BUY NO (DOWN),NO,-23.04,0.6926,1.007,-17415.0,1691014.0,0.56,0.6926,,61078.01,KXBTC15M-26JUN241815-15,2026-06-24T22:00:00+00:00,2026-06-24T22:15:00+00:00
2026-06-24T22:05:54.842189+00:00,BUY NO (DOWN),NO,-23.04,0.7609,1.418,198400.0,12907.0,0.53,0.7609,,61078.0,KXBTC15M-26JUN241815-15,2026-06-24T22:00:00+00:00,2026-06-24T22:15:00+00:00
2026-06-24T22:07:14.677649+00:00,BUY NO (DOWN),NO,-25.3,0.8706,2.259,191818.0,194157.0,0.5900000000000001,0.8706,,61072.01,KXBTC15M-26JUN241815-15,2026-06-24T22:00:00+00:00,2026-06-24T22:15:00+00:00
2026-06-24T22:09:38.004337+00:00,BUY NO (DOWN),NO,-32.39,0.9998,7.098,243508.0,382474.0,0.69,0.9998,,61064.01,KXBTC15M-26JUN241815-15,2026-06-24T22:00:00+00:00,2026-06-24T22:15:00+00:00
2026-06-24T22:10:11.417041+00:00,BUY NO (DOWN),NO,-20.81,0.9939,5.008,236463.0,754963.0,0.5900000000000001,0.9939,,61080.01,KXBTC15M-26JUN241815-15,2026-06-24T22:00:00+00:00,2026-06-24T22:15:00+00:00
2026-06-24T22:11:31.186332+00:00,BUY NO (DOWN),NO,-34.71,1.0,12.583,-40278.0,459301.0,0.76,1.0,,61066.33,KXBTC15M-26JUN241815-15,2026-06-24T22:00:00+00:00,2026-06-24T22:15:00+00:00
2026-06-24T22:12:22.441970+00:00,BUY NO (DOWN),NO,-35.04,1.0,16.443,-3841.0,522003.0,0.8,1.0,,61066.01,KXBTC15M-26JUN241815-15,2026-06-24T22:00:00+00:00,2026-06-24T22:15:00+00:00
2026-06-24T22:13:01.031311+00:00,BUY NO (DOWN),NO,-23.05,1.0,13.784,130777.0,741361.0,0.64,1.0,,61069.09,KXBTC15M-26JUN241815-15,2026-06-24T22:00:00+00:00,2026-06-24T22:15:00+00:00
2026-06-24T22:13:40.263175+00:00,BUY NO (DOWN),NO,-47.05,1.0,46.135,-86477.0,600709.0,0.95,1.0,,61050.0,KXBTC15M-26JUN241815-15,2026-06-24T22:00:00+00:00,2026-06-24T22:15:00+00:00
2026-06-24T22:18:10.595326+00:00,BUY NO (DOWN),NO,-21.99,0.8492,2.066,-69921.0,-1292398.0,0.63,0.8492,,60978.0,KXBTC15M-26JUN241830-30,2026-06-24T22:15:00+00:00,2026-06-24T22:30:00+00:00
2026-06-24T22:18:39.770148+00:00,BUY NO (DOWN),NO,-28.62,0.9167,2.766,133994.0,-1036762.0,0.62,0.9167,,60971.37,KXBTC15M-26JUN241830-30,2026-06-24T22:15:00+00:00,2026-06-24T22:30:00+00:00
2026-06-24T22:24:40.166013+00:00,BUY NO (DOWN),NO,-77.01,1.0,29.983,72314.0,-573729.0,0.945,1.0,,60922.98,KXBTC15M-26JUN241830-30,2026-06-24T22:15:00+00:00,2026-06-24T22:30:00+00:00
2026-06-24T22:38:27.732967+00:00,BUY NO (DOWN),NO,-22.62,0.9872,4.466,-1078312.0,-1055071.0,0.5900000000000001,0.9872,,60863.39,KXBTC15M-26JUN241845-45,2026-06-24T22:30:00+00:00,2026-06-24T22:45:00+00:00
2026-06-24T22:38:56.098840+00:00,BUY NO (DOWN),NO,-24.02,0.9905,4.692,-1102800.0,-1028220.0,0.52,0.9905,,60861.98,KXBTC15M-26JUN241845-45,2026-06-24T22:30:00+00:00,2026-06-24T22:45:00+00:00
2026-06-24T22:39:45.020194+00:00,BUY NO (DOWN),NO,-20.0,0.9891,4.588,-32818.0,-964083.0,0.5900000000000001,0.9891,,60866.01,KXBTC15M-26JUN241845-45,2026-06-24T22:30:00+00:00,2026-06-24T22:45:00+00:00
2026-06-24T22:40:42.407952+00:00,BUY NO (DOWN),NO,-21.72,0.9967,5.436,154478.0,-837260.0,0.64,0.9967,,60862.01,KXBTC15M-26JUN241845-45,2026-06-24T22:30:00+00:00,2026-06-24T22:45:00+00:00
2026-06-24T22:43:12.192032+00:00,BUY NO (DOWN),NO,-30.02,1.0,16.274,114236.0,259430.0,0.78,1.0,,60855.68,KXBTC15M-26JUN241845-45,2026-06-24T22:30:00+00:00,2026-06-24T22:45:00+00:00
2026-06-24T22:48:00.717432+00:00,BUY NO (DOWN),NO,-76.21,1.0,9.718,15716.0,484556.0,0.73,1.0,,60843.45,KXBTC15M-26JUN241900-00,2026-06-24T22:45:00+00:00,2026-06-24T23:00:00+00:00
2026-06-24T23:03:00.989468+00:00,BUY NO (DOWN),NO,-33.99,0.9984,5.899,415621.0,276815.0,0.65,0.9984,,60838.01,KXBTC15M-26JUN241915-15,2026-06-24T23:00:00+00:00,2026-06-24T23:15:00+00:00
2026-06-24T23:19:23.668516+00:00,BUY NO (DOWN),NO,-28.0,0.9987,6.04,-105177.0,223002.0,0.55,0.9987,,60862.01,KXBTC15M-26JUN241930-30,2026-06-24T23:15:00+00:00,2026-06-24T23:30:00+00:00
2026-06-24T23:48:01.880726+00:00,BUY NO (DOWN),NO,-23.54,0.9245,2.871,-1926361.0,-1606489.0,0.55,0.9245,,61006.46,KXBTC15M-26JUN242000-00,2026-06-24T23:45:00+00:00,2026-06-25T00:00:00+00:00
2026-06-24T23:50:21.688725+00:00,BUY NO (DOWN),NO,-23.99,0.9679,3.701,-84459.0,-1860808.0,0.52,0.9679,,61004.01,KXBTC15M-26JUN242000-00,2026-06-24T23:45:00+00:00,2026-06-25T00:00:00+00:00
2026-06-25T00:03:33.855399+00:00,BUY NO (DOWN),NO,-25.83,0.9622,3.554,142272.0,-134948.0,0.55,0.9622,,61056.16,KXBTC15M-26JUN242015-15,2026-06-25T00:00:00+00:00,2026-06-25T00:15:00+00:00
2026-06-25T00:03:43.128864+00:00,BUY NO (DOWN),NO,-21.98,0.9366,3.053,30448.0,-106677.0,0.56,0.9366,,61060.01,KXBTC15M-26JUN242015-15,2026-06-25T00:00:00+00:00,2026-06-25T00:15:00+00:00
2026-06-25T00:07:53.637952+00:00,BUY NO (DOWN),NO,-28.75,0.9917,4.794,-247466.0,354884.0,0.53,0.9917,,61053.24,KXBTC15M-26JUN242015-15,2026-06-25T00:00:00+00:00,2026-06-25T00:15:00+00:00
2026-06-25T00:07:59.675277+00:00,BUY NO (DOWN),NO,-20.42,0.9569,3.432,-234757.0,383840.0,0.53,0.9569,,61061.57,KXBTC15M-26JUN242015-15,2026-06-25T00:00:00+00:00,2026-06-25T00:15:00+00:00
2026-06-25T00:10:07.765481+00:00,BUY NO (DOWN),NO,-21.98,0.9964,5.38,46063.0,632793.0,0.5900000000000001,0.9964,,61060.01,KXBTC15M-26JUN242015-15,2026-06-25T00:00:00+00:00,2026-06-25T00:15:00+00:00
2026-06-25T00:14:14.820022+00:00,BUY NO (DOWN),NO,-21.99,1.0,34.982,-283759.0,48282.0,0.8200000000000001,1.0,,61060.01,KXBTC15M-26JUN242015-15,2026-06-25T00:00:00+00:00,2026-06-25T00:15:00+00:00
2026-06-25T00:18:01.305153+00:00,BUY NO (DOWN),NO,-35.28,0.9664,3.661,187353.0,3088.0,0.52,0.9664,,61064.72,KXBTC15M-26JUN242030-30,2026-06-25T00:15:00+00:00,2026-06-25T00:30:00+00:00
2026-06-25T00:37:17.702975+00:00,BUY NO (DOWN),NO,-28.94,0.9747,3.911,-511541.0,53515.0,0.74,0.9747,,60888.01,KXBTC15M-26JUN242045-45,2026-06-25T00:30:00+00:00,2026-06-25T00:45:00+00:00
2026-06-25T00:38:06.269048+00:00,BUY NO (DOWN),NO,-20.94,0.9363,3.049,-380096.0,-72227.0,0.6799999999999999,0.9363,,60900.0,KXBTC15M-26JUN242045-45,2026-06-25T00:30:00+00:00,2026-06-25T00:45:00+00:00
2026-06-25T00:40:47.059379+00:00,BUY NO (DOWN),NO,-28.94,0.9995,6.618,78256.0,-765596.0,0.79,0.9995,,60892.01,KXBTC15M-26JUN242045-45,2026-06-25T00:30:00+00:00,2026-06-25T00:45:00+00:00
2026-06-25T00:41:40.487748+00:00,BUY NO (DOWN),NO,-20.23,0.9985,5.92,-778125.0,-1672270.0,0.84,0.9985,,60899.95,KXBTC15M-26JUN242045-45,2026-06-25T00:30:00+00:00,2026-06-25T00:45:00+00:00
2026-06-25T00:48:01.185355+00:00,BUY NO (DOWN),NO,-72.02,0.9999,7.644,-69816.0,-133859.0,0.79,0.9999,,60781.04,KXBTC15M-26JUN242100-00,2026-06-25T00:45:00+00:00,2026-06-25T01:00:00+00:00
2026-06-25T00:55:17.988334+00:00,BUY NO (DOWN),NO,-24.0,0.9968,5.447,-70191.0,-1976397.0,0.74,0.9968,,60816.18,KXBTC15M-26JUN242100-00,2026-06-25T00:45:00+00:00,2026-06-25T01:00:00+00:00
2026-06-25T00:57:48.672341+00:00,BUY NO (DOWN),NO,-20.01,1.0,11.837,-25569.0,-344083.0,0.904,1.0,,60822.0,KXBTC15M-26JUN242100-00,2026-06-25T00:45:00+00:00,2026-06-25T01:00:00+00:00
2026-06-25T01:03:01.402036+00:00,BUY NO (DOWN),NO,-21.9,0.7468,1.329,1773645.0,6670730.0,0.65,0.7468,,60804.82,KXBTC15M-26JUN242115-15,2026-06-25T01:00:00+00:00,2026-06-25T01:15:00+00:00
2026-06-25T01:06:16.765799+00:00,BUY NO (DOWN),NO,-20.0,0.9136,2.727,321050.0,2050587.0,0.73,0.9136,,60812.01,KXBTC15M-26JUN242115-15,2026-06-25T01:00:00+00:00,2026-06-25T01:15:00+00:00
2026-06-25T01:06:24.396287+00:00,BUY NO (DOWN),NO,-33.99,0.9893,4.601,324585.0,2077601.0,0.65,0.9893,,60798.01,KXBTC15M-26JUN242115-15,2026-06-25T01:00:00+00:00,2026-06-25T01:15:00+00:00
2026-06-25T01:13:45.226997+00:00,BUY NO (DOWN),NO,-53.63,1.0,66.733,-78009.0,-757166.0,0.89,1.0,,60779.73,KXBTC15M-26JUN242115-15,2026-06-25T01:00:00+00:00,2026-06-25T01:15:00+00:00
2026-06-25T01:19:10.391422+00:00,BUY NO (DOWN),NO,-24.94,0.9528,3.345,-83146.0,1507492.0,0.62,0.9528,,60742.87,KXBTC15M-26JUN242130-30,2026-06-25T01:15:00+00:00,2026-06-25T01:30:00+00:00
2026-06-25T01:34:12.341926+00:00,BUY NO (DOWN),NO,-24.01,0.9469,3.231,70401.0,157594.0,0.5900000000000001,0.9469,,60838.0,KXBTC15M-26JUN242145-45,2026-06-25T01:30:00+00:00,2026-06-25T01:45:00+00:00
2026-06-25T01:35:30.868214+00:00,BUY NO (DOWN),NO,-26.0,0.9814,4.167,-166720.0,66611.0,0.6,0.9814,,60834.0,KXBTC15M-26JUN242145-45,2026-06-25T01:30:00+00:00,2026-06-25T01:45:00+00:00
2026-06-25T01:37:02.185841+00:00,BUY NO (DOWN),NO,-20.0,0.9703,3.77,-108752.0,-260515.0,0.63,0.9703,,60834.41,KXBTC15M-26JUN242145-45,2026-06-25T01:30:00+00:00,2026-06-25T01:45:00+00:00
2026-06-25T01:41:30.417468+00:00,BUY NO (DOWN),NO,-22.95,1.0,11.976,-54716.0,-241456.0,0.73,1.0,,60839.06,KXBTC15M-26JUN242145-45,2026-06-25T01:30:00+00:00,2026-06-25T01:45:00+00:00
2026-06-25T01:41:58.127776+00:00,BUY NO (DOWN),NO,-27.65,1.0,15.75,-128252.0,-278209.0,0.79,1.0,,60834.21,KXBTC15M-26JUN242145-45,2026-06-25T01:30:00+00:00,2026-06-25T01:45:00+00:00
2026-06-25T02:04:57.458054+00:00,BUY NO (DOWN),NO,-23.64,0.9493,3.276,4503670.0,5602001.0,0.61,0.9493,,60901.34,KXBTC15M-26JUN242215-15,2026-06-25T02:00:00+00:00,2026-06-25T02:15:00+00:00
2026-06-25T02:11:18.749533+00:00,BUY NO (DOWN),NO,-104.98,1.0,46.211,-187727.0,-431304.0,0.95,1.0,,60820.01,KXBTC15M-26JUN242215-15,2026-06-25T02:00:00+00:00,2026-06-25T02:15:00+00:00
2026-06-25T02:33:00.260813+00:00,BUY NO (DOWN),NO,-51.04,1.0,9.372,-113693.0,-262326.0,0.77,1.0,,60884.97,KXBTC15M-26JUN242245-45,2026-06-25T02:30:00+00:00,2026-06-25T02:45:00+00:00
2026-06-25T02:37:08.673679+00:00,BUY NO (DOWN),NO,-21.44,0.9995,6.538,51127.0,213832.0,0.5700000000000001,0.9995,,60914.56,KXBTC15M-26JUN242245-45,2026-06-25T02:30:00+00:00,2026-06-25T02:45:00+00:00
2026-06-25T02:38:03.117708+00:00,BUY NO (DOWN),NO,-26.77,1.0,9.567,-316600.0,217864.0,0.73,1.0,,60909.24,KXBTC15M-26JUN242245-45,2026-06-25T02:30:00+00:00,2026-06-25T02:45:00+00:00
2026-06-25T02:40:43.529951+00:00,BUY NO (DOWN),NO,-23.57,1.0,11.641,-55925.0,60756.0,0.5700000000000001,1.0,,60912.42,KXBTC15M-26JUN242245-45,2026-06-25T02:30:00+00:00,2026-06-25T02:45:00+00:00
2026-06-25T02:50:11.109434+00:00,BUY NO (DOWN),NO,-22.2,0.9048,2.619,-2261176.0,-2401259.0,0.6,0.9048,,60750.01,KXBTC15M-26JUN242300-00,2026-06-25T02:45:00+00:00,2026-06-25T03:00:00+00:00
2026-06-25T02:50:30.946222+00:00,BUY NO (DOWN),NO,-22.31,0.9114,2.699,-2247873.0,-2376477.0,0.62,0.9114,,60744.0,KXBTC15M-26JUN242300-00,2026-06-25T02:45:00+00:00,2026-06-25T03:00:00+00:00
2026-06-25T02:56:10.934722+00:00,BUY NO (DOWN),NO,-24.32,0.9996,6.725,-436378.0,1397594.0,0.51,0.9996,,60746.0,KXBTC15M-26JUN242300-00,2026-06-25T02:45:00+00:00,2026-06-25T03:00:00+00:00
2026-06-25T02:56:42.274497+00:00,BUY NO (DOWN),NO,-24.31,0.9998,7.071,-631981.0,1252922.0,0.8,0.9998,,60742.0,KXBTC15M-26JUN242300-00,2026-06-25T02:45:00+00:00,2026-06-25T03:00:00+00:00
2026-06-25T03:05:09.075914+00:00,BUY NO (DOWN),NO,-29.09,0.983,4.242,-1909171.0,-1776856.0,0.55,0.983,,60770.01,KXBTC15M-26JUN242315-15,2026-06-25T03:00:00+00:00,2026-06-25T03:15:00+00:00
2026-06-25T03:06:00.436995+00:00,BUY NO (DOWN),NO,-25.08,0.9612,3.529,-767399.0,-2208826.0,0.63,0.9612,,60772.01,KXBTC15M-26JUN242315-15,2026-06-25T03:00:00+00:00,2026-06-25T03:15:00+00:00
2026-06-25T03:12:40.875151+00:00,BUY NO (DOWN),NO,-41.09,1.0,25.001,-167909.0,1287600.0,0.72,1.0,,60752.01,KXBTC15M-26JUN242315-15,2026-06-25T03:00:00+00:00,2026-06-25T03:15:00+00:00
2026-06-25T03:13:00.852142+00:00,BUY NO (DOWN),NO,-49.08,1.0,34.652,-160784.0,1310570.0,0.948,1.0,,60750.01,KXBTC15M-26JUN242315-15,2026-06-25T03:00:00+00:00,2026-06-25T03:15:00+00:00
2026-06-25T03:35:13.228189+00:00,BUY NO (DOWN),NO,-20.3,0.966,3.651,-245023.0,-445715.0,0.7,0.966,,60777.77,KXBTC15M-26JUN242345-45,2026-06-25T03:30:00+00:00,2026-06-25T03:45:00+00:00
2026-06-25T04:03:27.537808+00:00,BUY NO (DOWN),NO,-20.44,0.9752,3.927,-282247.0,-42491.0,0.62,0.9752,,60870.16,KXBTC15M-26JUN250015-15,2026-06-25T04:00:00+00:00,2026-06-25T04:15:00+00:00
2026-06-25T04:05:08.628439+00:00,BUY NO (DOWN),NO,-26.59,0.9983,5.857,27827.0,-563526.0,0.61,0.9983,,60864.0,KXBTC15M-26JUN250015-15,2026-06-25T04:00:00+00:00,2026-06-25T04:15:00+00:00
2026-06-25T04:09:20.808523+00:00,BUY NO (DOWN),NO,-33.79,1.0,11.484,170389.0,224338.0,0.64,1.0,,60855.15,KXBTC15M-26JUN250015-15,2026-06-25T04:00:00+00:00,2026-06-25T04:15:00+00:00
2026-06-25T04:18:00.422027+00:00,BUY NO (DOWN),NO,-24.96,0.997,5.495,-134790.0,360490.0,0.74,0.997,,60795.05,KXBTC15M-26JUN250030-30,2026-06-25T04:15:00+00:00,2026-06-25T04:30:00+00:00
2026-06-25T04:33:00.721510+00:00,BUY NO (DOWN),NO,-51.21,1.0,12.532,-46162.0,128075.0,0.8,1.0,,60849.99,KXBTC15M-26JUN250045-45,2026-06-25T04:30:00+00:00,2026-06-25T04:45:00+00:00
2026-06-25T05:19:59.421999+00:00,BUY NO (DOWN),NO,-31.01,0.9393,3.099,42483.0,1672958.0,0.51,0.9393,,61610.84,KXBTC15M-26JUN250130-30,2026-06-25T05:15:00+00:00,2026-06-25T05:30:00+00:00
2026-06-25T05:26:13.688756+00:00,BUY NO (DOWN),NO,-21.22,0.9077,2.653,473737.0,2472128.0,0.53,0.9077,,61620.01,KXBTC15M-26JUN250130-30,2026-06-25T05:15:00+00:00,2026-06-25T05:30:00+00:00
2026-06-25T05:27:03.542310+00:00,BUY NO (DOWN),NO,-21.83,0.9594,3.487,43744.0,3215389.0,0.52,0.9594,,61620.01,KXBTC15M-26JUN250130-30,2026-06-25T05:15:00+00:00,2026-06-25T05:30:00+00:00
2026-06-25T05:29:11.075865+00:00,BUY NO (DOWN),NO,-27.73,1.0,27.922,192167.0,984102.0,0.53,1.0,,61613.87,KXBTC15M-26JUN250130-30,2026-06-25T05:15:00+00:00,2026-06-25T05:30:00+00:00
2026-06-25T05:29:41.957046+00:00,BUY NO (DOWN),NO,-23.84,1.0,77.74,23072.0,357423.0,0.95,1.0,,61611.36,KXBTC15M-26JUN250130-30,2026-06-25T05:15:00+00:00,2026-06-25T05:30:00+00:00
2026-06-25T05:39:35.719884+00:00,BUY NO (DOWN),NO,-27.99,0.9999,7.695,-1996979.0,-1947557.0,0.72,0.9999,,61586.0,KXBTC15M-26JUN250145-45,2026-06-25T05:30:00+00:00,2026-06-25T05:45:00+00:00
2026-06-25T05:43:35.423450+00:00,BUY NO (DOWN),NO,-21.13,1.0,26.537,146535.0,-2817772.0,0.9,1.0,,61592.87,KXBTC15M-26JUN250145-45,2026-06-25T05:30:00+00:00,2026-06-25T05:45:00+00:00
2026-06-25T06:18:20.317676+00:00,BUY NO (DOWN),NO,-27.19,0.9281,2.924,-220489.0,506662.0,0.62,0.9281,,61688.63,KXBTC15M-26JUN250230-30,2026-06-25T06:15:00+00:00,2026-06-25T06:30:00+00:00
2026-06-25T06:21:37.735235+00:00,BUY NO (DOWN),NO,-23.03,0.9636,3.589,63493.0,-19921.0,0.69,0.9636,,61692.04,KXBTC15M-26JUN250230-30,2026-06-25T06:15:00+00:00,2026-06-25T06:30:00+00:00
2026-06-25T06:23:12.874791+00:00,BUY NO (DOWN),NO,-43.52,1.0,8.739,-120621.0,-612663.0,0.73,1.0,,61672.3,KXBTC15M-26JUN250230-30,2026-06-25T06:15:00+00:00,2026-06-25T06:30:00+00:00
2026-06-25T06:25:52.722723+00:00,BUY NO (DOWN),NO,-47.82,1.0,15.396,-35420.0,-1005789.0,0.938,1.0,,61668.0,KXBTC15M-26JUN250230-30,2026-06-25T06:15:00+00:00,2026-06-25T06:30:00+00:00
2026-06-25T06:26:57.524630+00:00,BUY NO (DOWN),NO,-23.82,1.0,10.077,-35319.0,-906955.0,0.916,1.0,,61695.99,KXBTC15M-26JUN250230-30,2026-06-25T06:15:00+00:00,2026-06-25T06:30:00+00:00
2026-06-25T06:27:07.398676+00:00,BUY NO (DOWN),NO,-21.81,1.0,9.826,-41114.0,-771874.0,0.905,1.0,,61692.0,KXBTC15M-26JUN250230-30,2026-06-25T06:15:00+00:00,2026-06-25T06:30:00+00:00
2026-06-25T09:03:00.922461+00:00,BUY NO (DOWN),NO,-29.63,0.9987,6.033,-185627.0,993379.0,0.52,0.9987,,61696.36,KXBTC15M-26JUN250515-15,2026-06-25T09:00:00+00:00,2026-06-25T09:15:00+00:00
2026-06-25T09:21:11.826819+00:00,BUY NO (DOWN),NO,-31.57,1.0,9.226,-169002.0,222546.0,0.85,1.0,,61708.44,KXBTC15M-26JUN250530-30,2026-06-25T09:15:00+00:00,2026-06-25T09:30:00+00:00
2026-06-25T09:23:30.635755+00:00,BUY NO (DOWN),NO,-63.58,1.0,13.287,202394.0,327572.0,0.9299999999999999,1.0,,61676.43,KXBTC15M-26JUN250530-30,2026-06-25T09:15:00+00:00,2026-06-25T09:30:00+00:00
2026-06-25T09:23:58.113694+00:00,BUY NO (DOWN),NO,-74.01,1.0,16.051,121184.0,202949.0,0.942,1.0,,61665.99,KXBTC15M-26JUN250530-30,2026-06-25T09:15:00+00:00,2026-06-25T09:30:00+00:00
2026-06-25T09:55:38.990211+00:00,BUY NO (DOWN),NO,-21.01,1.0,19.133,-3651.0,-246772.0,0.75,1.0,,61729.92,KXBTC15M-26JUN250600-00,2026-06-25T09:45:00+00:00,2026-06-25T10:00:00+00:00
2026-06-25T09:56:04.098509+00:00,BUY NO (DOWN),NO,-36.15,1.0,26.146,-83433.0,-256550.0,0.89,1.0,,61716.86,KXBTC15M-26JUN250600-00,2026-06-25T09:45:00+00:00,2026-06-25T10:00:00+00:00
2026-06-25T09:57:19.305120+00:00,BUY NO (DOWN),NO,-21.01,1.0,24.101,41455.0,-170543.0,0.902,1.0,,61725.0,KXBTC15M-26JUN250600-00,2026-06-25T09:45:00+00:00,2026-06-25T10:00:00+00:00
2026-06-25T09:57:52.055208+00:00,BUY NO (DOWN),NO,-33.01,1.0,47.15,135389.0,70672.0,0.944,1.0,,61720.0,KXBTC15M-26JUN250600-00,2026-06-25T09:45:00+00:00,2026-06-25T10:00:00+00:00
2026-06-25T09:58:21.509975+00:00,BUY NO (DOWN),NO,-21.03,1.0,39.086,38799.0,31455.0,0.942,1.0,,61731.98,KXBTC15M-26JUN250600-00,2026-06-25T09:45:00+00:00,2026-06-25T10:00:00+00:00
2026-06-25T10:06:15.306170+00:00,BUY NO (DOWN),NO,-23.73,1.0,7.955,-49633.0,64199.0,0.78,1.0,,61710.0,KXBTC15M-26JUN250615-15,2026-06-25T10:00:00+00:00,2026-06-25T10:15:00+00:00
2026-06-25T10:09:24.757763+00:00,BUY NO (DOWN),NO,-57.49,1.0,20.201,-30048.0,-304974.0,0.944,1.0,,61679.51,KXBTC15M-26JUN250615-15,2026-06-25T10:00:00+00:00,2026-06-25T10:15:00+00:00
2026-06-25T10:10:01.352237+00:00,BUY NO (DOWN),NO,-61.0,1.0,22.909,35833.0,-228595.0,0.947,1.0,,61675.99,KXBTC15M-26JUN250615-15,2026-06-25T10:00:00+00:00,2026-06-25T10:15:00+00:00
2026-06-25T10:15:01.897870+00:00,BUY NO (DOWN),NO,-48.98,1.0,1816.826,28242.0,202772.0,,1.0,,61688.0,KXBTC15M-26JUN250615-15,2026-06-25T10:15:00+00:00,2026-06-25T10:30:00+00:00
2026-06-25T10:19:49.763140+00:00,BUY NO (DOWN),NO,-23.99,0.9805,4.13,-231288.0,-275687.0,0.55,0.9805,,61664.01,KXBTC15M-26JUN250630-30,2026-06-25T10:15:00+00:00,2026-06-25T10:30:00+00:00
2026-06-25T10:33:35.536713+00:00,BUY NO (DOWN),NO,-20.99,0.9958,5.274,-348895.0,-376188.0,0.5700000000000001,0.9958,,61557.07,KXBTC15M-26JUN250645-45,2026-06-25T10:30:00+00:00,2026-06-25T10:45:00+00:00
2026-06-25T10:34:22.730636+00:00,BUY NO (DOWN),NO,-21.24,0.9859,4.388,-6859.0,-178408.0,0.61,0.9859,,61562.6,KXBTC15M-26JUN250645-45,2026-06-25T10:30:00+00:00,2026-06-25T10:45:00+00:00
2026-06-25T10:38:28.502071+00:00,BUY NO (DOWN),NO,-21.86,0.9945,5.085,798791.0,840151.0,0.62,0.9945,,61561.99,KXBTC15M-26JUN250645-45,2026-06-25T10:30:00+00:00,2026-06-25T10:45:00+00:00
2026-06-25T10:48:00.439048+00:00,BUY NO (DOWN),NO,-64.93,0.9997,6.818,377330.0,-6502244.0,0.88,0.9997,,61328.89,KXBTC15M-26JUN250700-00,2026-06-25T10:45:00+00:00,2026-06-25T11:00:00+00:00
2026-06-25T10:48:40.756646+00:00,BUY NO (DOWN),NO,-24.29,0.9134,2.724,573012.0,-5838967.0,0.76,0.9134,,61369.15,KXBTC15M-26JUN250700-00,2026-06-25T10:45:00+00:00,2026-06-25T11:00:00+00:00
2026-06-25T10:49:11.023397+00:00,BUY NO (DOWN),NO,-21.81,0.8916,2.47,-209901.0,-5725129.0,0.76,0.8916,,61372.0,KXBTC15M-26JUN250700-00,2026-06-25T10:45:00+00:00,2026-06-25T11:00:00+00:00
2026-06-25T10:51:59.128950+00:00,BUY NO (DOWN),NO,-25.34,0.9602,3.505,-2468.0,115903.0,0.85,0.9602,,61368.49,KXBTC15M-26JUN250700-00,2026-06-25T10:45:00+00:00,2026-06-25T11:00:00+00:00
2026-06-25T11:03:00.441914+00:00,BUY NO (DOWN),NO,-30.64,0.9572,3.439,-233233.0,-420921.0,0.6699999999999999,0.9572,,61242.26,KXBTC15M-26JUN250715-15,2026-06-25T11:00:00+00:00,2026-06-25T11:15:00+00:00
2026-06-25T11:03:23.410507+00:00,BUY NO (DOWN),NO,-24.89,0.9314,2.972,-216019.0,-288658.0,0.61,0.9314,,61244.01,KXBTC15M-26JUN250715-15,2026-06-25T11:00:00+00:00,2026-06-25T11:15:00+00:00
2026-06-25T11:18:15.970467+00:00,BUY NO (DOWN),NO,-22.0,0.6853,0.965,431066.0,742432.0,0.78,0.6853,,61330.01,KXBTC15M-26JUN250730-30,2026-06-25T11:15:00+00:00,2026-06-25T11:30:00+00:00
2026-06-25T11:19:17.572718+00:00,BUY NO (DOWN),NO,-22.0,0.6941,1.015,-119991.0,631405.0,0.79,0.6941,,61330.0,KXBTC15M-26JUN250730-30,2026-06-25T11:15:00+00:00,2026-06-25T11:30:00+00:00
2026-06-25T11:19:28.891485+00:00,BUY NO (DOWN),NO,-24.0,0.712,1.119,-401290.0,192610.0,0.77,0.712,,61328.0,KXBTC15M-26JUN250730-30,2026-06-25T11:15:00+00:00,2026-06-25T11:30:00+00:00
2026-06-25T11:21:19.242502+00:00,BUY NO (DOWN),NO,-22.16,0.7748,1.51,-234455.0,-532985.0,0.82,0.7748,,61327.74,KXBTC15M-26JUN250730-30,2026-06-25T11:15:00+00:00,2026-06-25T11:30:00+00:00
2026-06-25T11:21:37.153115+00:00,BUY NO (DOWN),NO,-36.73,0.902,2.586,-288939.0,-404180.0,0.79,0.902,,61315.15,KXBTC15M-26JUN250730-30,2026-06-25T11:15:00+00:00,2026-06-25T11:30:00+00:00
2026-06-25T11:48:01.176889+00:00,BUY NO (DOWN),NO,-55.91,1.0,10.322,256031.0,8693.0,0.8,1.0,,61262.09,KXBTC15M-26JUN250800-00,2026-06-25T11:45:00+00:00,2026-06-25T12:00:00+00:00
2026-06-25T11:50:18.385671+00:00,BUY NO (DOWN),NO,-128.0,1.0,17.987,-55805.0,-521566.0,0.942,1.0,,61190.0,KXBTC15M-26JUN250800-00,2026-06-25T11:45:00+00:00,2026-06-25T12:00:00+00:00
2026-06-25T11:55:26.638289+00:00,BUY NO (DOWN),NO,-61.64,1.0,9.835,767540.0,1014853.0,0.943,1.0,,61256.35,KXBTC15M-26JUN250800-00,2026-06-25T11:45:00+00:00,2026-06-25T12:00:00+00:00
2026-06-25T11:55:39.543195+00:00,BUY NO (DOWN),NO,-69.76,1.0,15.329,950550.0,457339.0,0.949,1.0,,61248.24,KXBTC15M-26JUN250800-00,2026-06-25T11:45:00+00:00,2026-06-25T12:00:00+00:00
2026-06-25T11:56:28.513769+00:00,BUY NO (DOWN),NO,-61.4,1.0,15.511,-348079.0,878911.0,0.946,1.0,,61256.61,KXBTC15M-26JUN250800-00,2026-06-25T11:45:00+00:00,2026-06-25T12:00:00+00:00
2026-06-25T12:03:00.334442+00:00,BUY NO (DOWN),NO,-24.02,0.8763,2.313,-192183.0,-231378.0,0.54,0.8763,,61257.99,KXBTC15M-26JUN250815-15,2026-06-25T12:00:00+00:00,2026-06-25T12:15:00+00:00
2026-06-25T12:06:59.045216+00:00,BUY NO (DOWN),NO,-34.01,1.0,10.305,-96974.0,249762.0,0.6599999999999999,1.0,,61248.01,KXBTC15M-26JUN250815-15,2026-06-25T12:00:00+00:00,2026-06-25T12:15:00+00:00
2026-06-25T12:09:18.807368+00:00,BUY NO (DOWN),NO,-20.01,0.9352,3.032,83853.0,195359.0,0.6699999999999999,0.9352,,61261.2,KXBTC15M-26JUN250815-15,2026-06-25T12:00:00+00:00,2026-06-25T12:15:00+00:00
2026-06-25T12:18:00.906670+00:00,BUY NO (DOWN),NO,-33.83,0.982,4.194,-111479.0,-575945.0,0.5800000000000001,0.982,,61184.17,KXBTC15M-26JUN250830-30,2026-06-25T12:15:00+00:00,2026-06-25T12:30:00+00:00
2026-06-25T12:26:15.436752+00:00,BUY NO (DOWN),NO,-20.38,0.9997,6.819,-136422.0,1653853.0,0.51,0.9997,,61197.63,KXBTC15M-26JUN250830-30,2026-06-25T12:15:00+00:00,2026-06-25T12:30:00+00:00
2026-06-25T12:27:35.280852+00:00,BUY NO (DOWN),NO,-78.0,1.0,31.628,-587354.0,1136858.0,0.9410000000000001,1.0,,61140.0,KXBTC15M-26JUN250830-30,2026-06-25T12:15:00+00:00,2026-06-25T12:30:00+00:00
2026-06-25T12:49:49.579973+00:00,BUY NO (DOWN),NO,-25.22,0.8682,2.235,-150684.0,-127551.0,0.54,0.8682,,61344.01,KXBTC15M-26JUN250900-00,2026-06-25T12:45:00+00:00,2026-06-25T13:00:00+00:00
2026-06-25T12:50:00.700340+00:00,BUY NO (DOWN),NO,-22.3,0.8415,2.001,-251900.0,-108836.0,0.52,0.8415,,61345.0,KXBTC15M-26JUN250900-00,2026-06-25T12:45:00+00:00,2026-06-25T13:00:00+00:00
2026-06-25T12:50:24.293839+00:00,BUY NO (DOWN),NO,-26.06,0.8811,2.361,376902.0,592957.0,0.56,0.8811,,61343.16,KXBTC15M-26JUN250900-00,2026-06-25T12:45:00+00:00,2026-06-25T13:00:00+00:00
2026-06-25T12:53:54.996915+00:00,BUY NO (DOWN),NO,-23.22,0.9796,4.093,-3474.0,1102228.0,0.55,0.9796,,61346.0,KXBTC15M-26JUN250900-00,2026-06-25T12:45:00+00:00,2026-06-25T13:00:00+00:00
2026-06-25T12:55:49.071772+00:00,BUY NO (DOWN),NO,-137.23,1.0,29.993,-349802.0,12845.0,0.942,1.0,,61232.0,KXBTC15M-26JUN250900-00,2026-06-25T12:45:00+00:00,2026-06-25T13:00:00+00:00
2026-06-25T13:05:29.332514+00:00,BUY NO (DOWN),NO,-28.0,0.9218,2.834,-169366.0,-143433.0,0.51,0.9218,,61216.0,KXBTC15M-26JUN250915-15,2026-06-25T13:00:00+00:00,2026-06-25T13:15:00+00:00
2026-06-25T13:06:03.105518+00:00,BUY NO (DOWN),NO,-32.62,0.9554,3.399,-370544.0,-397687.0,0.53,0.9554,,61215.0,KXBTC15M-26JUN250915-15,2026-06-25T13:00:00+00:00,2026-06-25T13:15:00+00:00
2026-06-25T13:07:55.099879+00:00,BUY NO (DOWN),NO,-34.01,0.993,4.913,-254715.0,-464949.0,0.52,0.993,,61210.0,KXBTC15M-26JUN250915-15,2026-06-25T13:00:00+00:00,2026-06-25T13:15:00+00:00
2026-06-25T13:10:14.657249+00:00,BUY NO (DOWN),NO,-38.0,1.0,8.345,6620.0,-445299.0,0.5700000000000001,1.0,,61203.15,KXBTC15M-26JUN250915-15,2026-06-25T13:00:00+00:00,2026-06-25T13:15:00+00:00
2026-06-25T13:18:14.085533+00:00,BUY NO (DOWN),NO,-23.32,0.8446,2.027,-23445.0,1179249.0,0.5700000000000001,0.8446,,61302.03,KXBTC15M-26JUN250930-30,2026-06-25T13:15:00+00:00,2026-06-25T13:30:00+00:00
2026-06-25T13:20:15.313923+00:00,BUY NO (DOWN),NO,-21.2,0.8813,2.363,-125531.0,1082076.0,0.53,0.8813,,61304.81,KXBTC15M-26JUN250930-30,2026-06-25T13:15:00+00:00,2026-06-25T13:30:00+00:00
2026-06-25T13:25:27.890688+00:00,BUY NO (DOWN),NO,-131.94,1.0,39.146,-1214341.0,-1476633.0,0.947,1.0,,61194.07,KXBTC15M-26JUN250930-30,2026-06-25T13:15:00+00:00,2026-06-25T13:30:00+00:00
2026-06-25T13:26:02.174637+00:00,BUY NO (DOWN),NO,-67.77,1.0,18.182,-571095.0,-1388573.0,0.85,1.0,,61244.01,KXBTC15M-26JUN250930-30,2026-06-25T13:15:00+00:00,2026-06-25T13:30:00+00:00
2026-06-25T13:27:21.091722+00:00,BUY NO (DOWN),NO,-81.99,1.0,31.355,-112312.0,-1609602.0,0.946,1.0,,61244.01,KXBTC15M-26JUN250930-30,2026-06-25T13:15:00+00:00,2026-06-25T13:30:00+00:00
2026-06-25T13:33:00.358611+00:00,BUY NO (DOWN),NO,-269.39,1.0,9.006,-524371.0,-1655824.0,0.912,1.0,,60968.0,KXBTC15M-26JUN250945-45,2026-06-25T13:30:00+00:00,2026-06-25T13:45:00+00:00
2026-06-25T13:48:00.617119+00:00,BUY NO (DOWN),NO,-407.05,1.0,8.034,362673.0,-12889649.0,0.88,1.0,,59739.19,KXBTC15M-26JUN251000-00,2026-06-25T13:45:00+00:00,2026-06-25T14:00:00+00:00
2026-06-25T13:49:36.883121+00:00,BUY NO (DOWN),NO,-588.88,1.0,11.286,-1284763.0,-16236232.0,0.944,1.0,,59559.44,KXBTC15M-26JUN251000-00,2026-06-25T13:45:00+00:00,2026-06-25T14:00:00+00:00
2026-06-25T14:18:01.103012+00:00,BUY NO (DOWN),NO,-319.99,0.9999,7.705,-523656.0,-2977524.0,0.85,0.9999,,58963.81,KXBTC15M-26JUN251030-30,2026-06-25T14:15:00+00:00,2026-06-25T14:30:00+00:00
2026-06-25T14:48:00.751213+00:00,BUY NO (DOWN),NO,-86.55,0.8821,2.371,188371.0,1544556.0,0.6,0.8821,,59424.53,KXBTC15M-26JUN251100-00,2026-06-25T14:45:00+00:00,2026-06-25T15:00:00+00:00
2026-06-25T14:49:14.376923+00:00,BUY NO (DOWN),NO,-32.75,0.6953,1.022,-190705.0,666501.0,0.51,0.6953,,59464.08,KXBTC15M-26JUN251100-00,2026-06-25T14:45:00+00:00,2026-06-25T15:00:00+00:00
2026-06-25T14:57:54.962870+00:00,BUY NO (DOWN),NO,-34.44,0.9999,7.239,-1151093.0,-1414484.0,0.74,0.9999,,59440.01,KXBTC15M-26JUN251100-00,2026-06-25T14:45:00+00:00,2026-06-25T15:00:00+00:00
2026-06-25T14:58:10.447206+00:00,BUY NO (DOWN),NO,-21.47,0.995,5.158,-955392.0,-1060158.0,0.53,0.995,,59468.0,KXBTC15M-26JUN251100-00,2026-06-25T14:45:00+00:00,2026-06-25T15:00:00+00:00
2026-06-25T15:03:00.048169+00:00,BUY NO (DOWN),NO,-202.12,0.9999,7.769,47822.0,-1653346.0,0.83,0.9999,,59258.34,KXBTC15M-26JUN251115-15,2026-06-25T15:00:00+00:00,2026-06-25T15:15:00+00:00
2026-06-25T15:10:31.395866+00:00,BUY NO (DOWN),NO,-200.13,1.0,17.566,448471.0,1816941.0,0.95,1.0,,59262.0,KXBTC15M-26JUN251115-15,2026-06-25T15:00:00+00:00,2026-06-25T15:15:00+00:00
2026-06-25T15:18:01.660416+00:00,BUY NO (DOWN),NO,-102.0,0.9707,3.783,212077.0,-1606135.0,0.69,0.9707,,58936.56,KXBTC15M-26JUN251130-30,2026-06-25T15:15:00+00:00,2026-06-25T15:30:00+00:00
2026-06-25T15:33:00.709954+00:00,BUY NO (DOWN),NO,-56.3,0.8751,2.301,-367085.0,319195.0,0.62,0.8751,,59214.0,KXBTC15M-26JUN251145-45,2026-06-25T15:30:00+00:00,2026-06-25T15:45:00+00:00
2026-06-25T15:34:51.385444+00:00,BUY NO (DOWN),NO,-22.29,0.6967,1.03,4275683.0,4258956.0,0.54,0.6967,,59245.68,KXBTC15M-26JUN251145-45,2026-06-25T15:30:00+00:00,2026-06-25T15:45:00+00:00
2026-06-25T15:39:44.991108+00:00,BUY NO (DOWN),NO,-24.19,0.8522,2.092,-1072988.0,63176.0,0.58,0.8522,,59257.45,KXBTC15M-26JUN251145-45,2026-06-25T15:30:00+00:00,2026-06-25T15:45:00+00:00
2026-06-25T15:39:50.093692+00:00,BUY NO (DOWN),NO,-24.29,0.8592,2.153,-1048413.0,84033.0,0.51,0.8592,,59253.99,KXBTC15M-26JUN251145-45,2026-06-25T15:30:00+00:00,2026-06-25T15:45:00+00:00
2026-06-25T15:39:57.380113+00:00,BUY NO (DOWN),NO,-22.29,0.8455,2.035,-954091.0,201585.0,0.54,0.8455,,59248.0,KXBTC15M-26JUN251145-45,2026-06-25T15:30:00+00:00,2026-06-25T15:45:00+00:00
2026-06-25T15:40:19.658074+00:00,BUY NO (DOWN),NO,-22.96,0.8736,2.287,-200745.0,40525.0,0.51,0.8736,,59246.35,KXBTC15M-26JUN251145-45,2026-06-25T15:30:00+00:00,2026-06-25T15:45:00+00:00
2026-06-25T15:41:04.803491+00:00,BUY NO (DOWN),NO,-20.29,0.8921,2.476,97650.0,-6703.0,0.54,0.8921,,59250.01,KXBTC15M-26JUN251145-45,2026-06-25T15:30:00+00:00,2026-06-25T15:45:00+00:00
2026-06-25T15:42:02.921016+00:00,BUY NO (DOWN),NO,-26.3,0.9981,5.779,-161729.0,-710361.0,0.54,0.9981,,59242.0,KXBTC15M-26JUN251145-45,2026-06-25T15:30:00+00:00,2026-06-25T15:45:00+00:00
2026-06-25T16:03:01.034648+00:00,BUY NO (DOWN),NO,-53.99,0.9187,2.793,-278144.0,-872447.0,0.62,0.9187,,59513.7,KXBTC15M-26JUN251215-15,2026-06-25T16:00:00+00:00,2026-06-25T16:15:00+00:00
2026-06-25T16:03:56.508914+00:00,BUY NO (DOWN),NO,-53.42,0.922,2.837,-25348.0,-1113985.0,0.5800000000000001,0.922,,59510.01,KXBTC15M-26JUN251215-15,2026-06-25T16:00:00+00:00,2026-06-25T16:15:00+00:00
2026-06-25T16:05:04.453952+00:00,BUY NO (DOWN),NO,-36.0,0.8519,2.089,-404761.0,-1576922.0,0.5800000000000001,0.8519,,59529.67,KXBTC15M-26JUN251215-15,2026-06-25T16:00:00+00:00,2026-06-25T16:15:00+00:00
2026-06-25T16:05:19.348305+00:00,BUY NO (DOWN),NO,-34.51,0.843,2.014,-104937.0,-1300008.0,0.5900000000000001,0.843,,59522.01,KXBTC15M-26JUN251215-15,2026-06-25T16:00:00+00:00,2026-06-25T16:15:00+00:00
2026-06-25T16:06:27.277070+00:00,BUY NO (DOWN),NO,-21.34,0.7629,1.431,2044824.0,1318268.0,0.63,0.7629,,59544.65,KXBTC15M-26JUN251215-15,2026-06-25T16:00:00+00:00,2026-06-25T16:15:00+00:00
2026-06-25T16:20:53.266678+00:00,BUY NO (DOWN),NO,-28.0,0.8019,1.697,118121.0,1419010.0,0.52,0.8019,,59742.0,KXBTC15M-26JUN251230-30,2026-06-25T16:15:00+00:00,2026-06-25T16:30:00+00:00
2026-06-25T16:21:14.615697+00:00,BUY NO (DOWN),NO,-24.0,0.7744,1.507,114835.0,1625367.0,0.52,0.7744,,59738.01,KXBTC15M-26JUN251230-30,2026-06-25T16:15:00+00:00,2026-06-25T16:30:00+00:00
2026-06-25T16:23:50.782391+00:00,BUY NO (DOWN),NO,-38.01,0.9673,3.684,-440379.0,712231.0,0.5800000000000001,0.9673,,59721.64,KXBTC15M-26JUN251230-30,2026-06-25T16:15:00+00:00,2026-06-25T16:30:00+00:00
2026-06-25T16:25:43.449299+00:00,BUY NO (DOWN),NO,-32.73,0.9967,5.427,-105066.0,-342201.0,0.56,0.9967,,59710.01,KXBTC15M-26JUN251230-30,2026-06-25T16:15:00+00:00,2026-06-25T16:30:00+00:00
2026-06-25T16:27:13.405643+00:00,BUY NO (DOWN),NO,-21.95,0.9992,6.311,-31990.0,-45988.0,0.51,0.9992,,59722.01,KXBTC15M-26JUN251230-30,2026-06-25T16:15:00+00:00,2026-06-25T16:30:00+00:00
2026-06-25T16:27:37.422795+00:00,BUY NO (DOWN),NO,-20.3,0.9996,6.681,2261.0,-87179.0,0.5900000000000001,0.9996,,59741.71,KXBTC15M-26JUN251230-30,2026-06-25T16:15:00+00:00,2026-06-25T16:30:00+00:00
2026-06-25T16:27:50.398943+00:00,BUY NO (DOWN),NO,-20.83,0.9999,7.61,-549090.0,-691458.0,0.51,0.9999,,59741.18,KXBTC15M-26JUN251230-30,2026-06-25T16:15:00+00:00,2026-06-25T16:30:00+00:00
2026-06-25T16:29:14.825954+00:00,BUY NO (DOWN),NO,-28.03,1.0,30.964,-553841.0,-1215417.0,0.65,1.0,,59734.01,KXBTC15M-26JUN251230-30,2026-06-25T16:15:00+00:00,2026-06-25T16:30:00+00:00
2026-06-25T16:33:00.856580+00:00,BUY NO (DOWN),NO,-224.05,1.0,9.681,186030.0,-2091473.0,0.84,1.0,,59516.01,KXBTC15M-26JUN251245-45,2026-06-25T16:30:00+00:00,2026-06-25T16:45:00+00:00
2026-06-25T16:48:00.625449+00:00,BUY NO (DOWN),NO,-34.63,0.7916,1.624,293344.0,-2623119.0,0.54,0.7916,,59240.01,KXBTC15M-26JUN251300-00,2026-06-25T16:45:00+00:00,2026-06-25T17:00:00+00:00
2026-06-25T16:54:28.343379+00:00,BUY NO (DOWN),NO,-22.21,0.9555,3.402,174751.0,-6248.0,0.53,0.9555,,59252.01,KXBTC15M-26JUN251300-00,2026-06-25T16:45:00+00:00,2026-06-25T17:00:00+00:00
2026-06-25T16:55:54.599540+00:00,BUY NO (DOWN),NO,-26.09,0.997,5.501,-84830.0,-20379.0,0.51,0.997,,59250.01,KXBTC15M-26JUN251300-00,2026-06-25T16:45:00+00:00,2026-06-25T17:00:00+00:00
2026-06-25T16:56:05.125430+00:00,BUY NO (DOWN),NO,-22.08,0.9919,4.81,-73160.0,-18736.0,0.52,0.9919,,59254.0,KXBTC15M-26JUN251300-00,2026-06-25T16:45:00+00:00,2026-06-25T17:00:00+00:00
2026-06-25T16:56:33.675883+00:00,BUY NO (DOWN),NO,-22.09,0.997,5.492,-318485.0,-217065.0,0.51,0.997,,59254.01,KXBTC15M-26JUN251300-00,2026-06-25T16:45:00+00:00,2026-06-25T17:00:00+00:00
2026-06-25T17:03:01.075673+00:00,BUY NO (DOWN),NO,-88.71,0.9952,5.175,57033.0,-1218847.0,0.6699999999999999,0.9952,,59223.93,KXBTC15M-26JUN251315-15,2026-06-25T17:00:00+00:00,2026-06-25T17:15:00+00:00
2026-06-25T17:10:23.643335+00:00,BUY NO (DOWN),NO,-28.79,0.9969,5.476,-747471.0,-919411.0,0.65,0.9969,,59283.85,KXBTC15M-26JUN251315-15,2026-06-25T17:00:00+00:00,2026-06-25T17:15:00+00:00
2026-06-25T17:20:05.779371+00:00,BUY NO (DOWN),NO,-22.76,0.738,1.275,-221826.0,1001451.0,0.56,0.738,,59374.38,KXBTC15M-26JUN251330-30,2026-06-25T17:15:00+00:00,2026-06-25T17:30:00+00:00
2026-06-25T17:33:01.598413+00:00,BUY NO (DOWN),NO,-38.29,0.9409,3.125,-709718.0,-1208191.0,0.62,0.9409,,59517.71,KXBTC15M-26JUN251345-45,2026-06-25T17:30:00+00:00,2026-06-25T17:45:00+00:00
2026-06-25T17:33:48.695708+00:00,BUY NO (DOWN),NO,-20.0,0.816,1.8,-558656.0,-552388.0,0.5900000000000001,0.816,,59536.01,KXBTC15M-26JUN251345-45,2026-06-25T17:30:00+00:00,2026-06-25T17:45:00+00:00
2026-06-25T17:33:51.456138+00:00,BUY NO (DOWN),NO,-20.0,0.8223,1.848,-552991.0,-570630.0,0.5800000000000001,0.8223,,59536.01,KXBTC15M-26JUN251345-45,2026-06-25T17:30:00+00:00,2026-06-25T17:45:00+00:00
2026-06-25T17:33:57.444260+00:00,BUY NO (DOWN),NO,-20.0,0.824,1.862,113258.0,-565303.0,0.5800000000000001,0.824,,59536.01,KXBTC15M-26JUN251345-45,2026-06-25T17:30:00+00:00,2026-06-25T17:45:00+00:00
2026-06-25T17:34:01.685137+00:00,BUY NO (DOWN),NO,-20.0,0.8254,1.872,20734.0,-566714.0,0.5800000000000001,0.8254,,59537.99,KXBTC15M-26JUN251345-45,2026-06-25T17:30:00+00:00,2026-06-25T17:45:00+00:00
2026-06-25T17:34:07.919412+00:00,BUY NO (DOWN),NO,-23.91,0.8841,2.392,36838.0,-713598.0,0.5700000000000001,0.8841,,59532.09,KXBTC15M-26JUN251345-45,2026-06-25T17:30:00+00:00,2026-06-25T17:45:00+00:00
2026-06-25T17:34:18.535675+00:00,BUY NO (DOWN),NO,-23.92,0.8842,2.393,98834.0,-760165.0,0.5700000000000001,0.8842,,59507.59,KXBTC15M-26JUN251345-45,2026-06-25T17:30:00+00:00,2026-06-25T17:45:00+00:00
2026-06-25T17:34:46.063270+00:00,BUY NO (DOWN),NO,-21.99,0.8587,2.149,20957.0,-619955.0,0.5900000000000001,0.8587,,59528.01,KXBTC15M-26JUN251345-45,2026-06-25T17:30:00+00:00,2026-06-25T17:45:00+00:00
2026-06-25T17:48:17.752394+00:00,BUY NO (DOWN),NO,-21.01,0.8131,1.779,-790994.0,-1879875.0,0.63,0.8131,,59497.5,KXBTC15M-26JUN251400-00,2026-06-25T17:45:00+00:00,2026-06-25T18:00:00+00:00
2026-06-25T17:48:36.527913+00:00,BUY NO (DOWN),NO,-23.0,0.8376,1.969,-877331.0,-1931079.0,0.7,0.8376,,59492.55,KXBTC15M-26JUN251400-00,2026-06-25T17:45:00+00:00,2026-06-25T18:00:00+00:00
2026-06-25T17:49:12.563692+00:00,BUY NO (DOWN),NO,-20.99,0.823,1.854,-1005695.0,-1816947.0,0.7,0.823,,59500.01,KXBTC15M-26JUN251400-00,2026-06-25T17:45:00+00:00,2026-06-25T18:00:00+00:00
2026-06-25T17:49:46.497288+00:00,BUY NO (DOWN),NO,-21.0,0.8381,1.973,936.0,-1482832.0,0.71,0.8381,,59500.01,KXBTC15M-26JUN251400-00,2026-06-25T17:45:00+00:00,2026-06-25T18:00:00+00:00
2026-06-25T17:50:03.362997+00:00,BUY NO (DOWN),NO,-21.01,0.834,1.94,-83095.0,-1476233.0,0.64,0.834,,59492.0,KXBTC15M-26JUN251400-00,2026-06-25T17:45:00+00:00,2026-06-25T18:00:00+00:00
2026-06-25T17:51:08.970311+00:00,BUY NO (DOWN),NO,-29.01,0.9164,2.763,8534.0,-1255095.0,0.6599999999999999,0.9164,,59490.01,KXBTC15M-26JUN251400-00,2026-06-25T17:45:00+00:00,2026-06-25T18:00:00+00:00
2026-06-25T17:56:39.563084+00:00,BUY NO (DOWN),NO,-41.01,1.0,7.857,-1597118.0,-1569266.0,0.53,1.0,,59497.85,KXBTC15M-26JUN251400-00,2026-06-25T17:45:00+00:00,2026-06-25T18:00:00+00:00
2026-06-25T18:03:00.810225+00:00,BUY NO (DOWN),NO,-103.94,0.9923,4.85,-479844.0,-1148694.0,0.6599999999999999,0.9923,,59582.0,KXBTC15M-26JUN251415-15,2026-06-25T18:00:00+00:00,2026-06-25T18:15:00+00:00
2026-06-25T18:05:04.398922+00:00,BUY NO (DOWN),NO,-22.01,0.7168,1.147,305778.0,-1055206.0,0.51,0.7168,,59673.6,KXBTC15M-26JUN251415-15,2026-06-25T18:00:00+00:00,2026-06-25T18:15:00+00:00
2026-06-25T18:05:09.550699+00:00,BUY NO (DOWN),NO,-20.01,0.6982,1.038,207007.0,-979705.0,0.55,0.6982,,59656.01,KXBTC15M-26JUN251415-15,2026-06-25T18:00:00+00:00,2026-06-25T18:15:00+00:00
2026-06-25T18:05:25.864471+00:00,BUY NO (DOWN),NO,-83.74,0.9771,3.993,-236902.0,-1357508.0,0.52,0.9771,,59596.0,KXBTC15M-26JUN251415-15,2026-06-25T18:00:00+00:00,2026-06-25T18:15:00+00:00
2026-06-25T18:07:39.622136+00:00,BUY NO (DOWN),NO,-21.62,0.7758,1.516,-29410.0,-347514.0,0.52,0.7758,,59654.4,KXBTC15M-26JUN251415-15,2026-06-25T18:00:00+00:00,2026-06-25T18:15:00+00:00
2026-06-25T18:07:47.563161+00:00,BUY NO (DOWN),NO,-23.94,0.8087,1.746,-197710.0,-411290.0,0.51,0.8087,,59652.07,KXBTC15M-26JUN251415-15,2026-06-25T18:00:00+00:00,2026-06-25T18:15:00+00:00
2026-06-25T18:09:15.873826+00:00,BUY NO (DOWN),NO,-22.01,0.8676,2.231,-160111.0,-410714.0,0.52,0.8676,,59654.0,KXBTC15M-26JUN251415-15,2026-06-25T18:00:00+00:00,2026-06-25T18:15:00+00:00
2026-06-25T18:09:26.483392+00:00,BUY NO (DOWN),NO,-35.78,0.9685,3.719,-543799.0,-914773.0,0.55,0.9685,,59681.1,KXBTC15M-26JUN251415-15,2026-06-25T18:00:00+00:00,2026-06-25T18:15:00+00:00
2026-06-25T18:09:57.294490+00:00,BUY NO (DOWN),NO,-22.0,0.8845,2.396,-241018.0,-988741.0,0.51,0.8845,,59654.01,KXBTC15M-26JUN251415-15,2026-06-25T18:00:00+00:00,2026-06-25T18:15:00+00:00
2026-06-25T18:10:17.300103+00:00,BUY NO (DOWN),NO,-22.79,0.9157,2.753,-218609.0,-746633.0,0.52,0.9157,,59653.22,KXBTC15M-26JUN251415-15,2026-06-25T18:00:00+00:00,2026-06-25T18:15:00+00:00
2026-06-25T18:33:00.777476+00:00,BUY NO (DOWN),NO,-156.0,1.0,10.14,90369.0,680334.0,0.83,1.0,,59554.0,KXBTC15M-26JUN251445-45,2026-06-25T18:30:00+00:00,2026-06-25T18:45:00+00:00
2026-06-25T18:35:03.816287+00:00,BUY NO (DOWN),NO,-291.34,1.0,22.278,-458137.0,-828341.0,0.948,1.0,,59422.0,KXBTC15M-26JUN251445-45,2026-06-25T18:30:00+00:00,2026-06-25T18:45:00+00:00
2026-06-25T18:35:11.744657+00:00,BUY NO (DOWN),NO,-284.01,1.0,22.039,-231828.0,-892103.0,0.946,1.0,,59434.0,KXBTC15M-26JUN251445-45,2026-06-25T18:30:00+00:00,2026-06-25T18:45:00+00:00
2026-06-25T19:03:01.484986+00:00,BUY NO (DOWN),NO,-109.97,0.9999,7.725,-367676.0,-1251023.0,0.74,0.9999,,59407.2,KXBTC15M-26JUN251515-15,2026-06-25T19:00:00+00:00,2026-06-25T19:15:00+00:00
2026-06-25T19:09:47.915031+00:00,BUY NO (DOWN),NO,-155.98,1.0,30.791,33384.0,-551858.0,0.9390000000000001,1.0,,59365.11,KXBTC15M-26JUN251515-15,2026-06-25T19:00:00+00:00,2026-06-25T19:15:00+00:00
2026-06-25T19:10:06.959985+00:00,BUY NO (DOWN),NO,-146.96,1.0,32.774,-35128.0,-558900.0,0.948,1.0,,59356.0,KXBTC15M-26JUN251515-15,2026-06-25T19:00:00+00:00,2026-06-25T19:15:00+00:00
2026-06-25T19:23:54.042498+00:00,BUY NO (DOWN),NO,-38.65,0.9808,4.142,-1158769.0,-1192768.0,0.65,0.9808,,59184.53,KXBTC15M-26JUN251530-30,2026-06-25T19:15:00+00:00,2026-06-25T19:30:00+00:00
2026-06-25T19:33:19.960759+00:00,BUY NO (DOWN),NO,-31.89,0.8999,2.562,-542683.0,-26019.0,0.64,0.8999,,59292.0,KXBTC15M-26JUN251545-45,2026-06-25T19:30:00+00:00,2026-06-25T19:45:00+00:00
2026-06-25T19:38:44.879210+00:00,BUY NO (DOWN),NO,-34.71,0.9978,5.707,-502305.0,-1860912.0,0.51,0.9978,,59309.99,KXBTC15M-26JUN251545-45,2026-06-25T19:30:00+00:00,2026-06-25T19:45:00+00:00
2026-06-25T19:39:30.857714+00:00,BUY NO (DOWN),NO,-20.69,0.9846,4.32,-488510.0,-2125876.0,0.59,0.9846,,59322.01,KXBTC15M-26JUN251545-45,2026-06-25T19:30:00+00:00,2026-06-25T19:45:00+00:00
2026-06-25T19:43:26.742517+00:00,BUY NO (DOWN),NO,-22.7,1.0,12.645,126414.0,-637581.0,0.81,1.0,,59322.01,KXBTC15M-26JUN251545-45,2026-06-25T19:30:00+00:00,2026-06-25T19:45:00+00:00
2026-06-25T19:43:43.512266+00:00,BUY NO (DOWN),NO,-34.7,1.0,23.098,-115434.0,-357661.0,0.56,1.0,,59310.0,KXBTC15M-26JUN251545-45,2026-06-25T19:30:00+00:00,2026-06-25T19:45:00+00:00
2026-06-25T19:48:01.912368+00:00,BUY NO (DOWN),NO,-91.3,1.0,11.463,-275089.0,-2149867.0,0.8,1.0,,59205.01,KXBTC15M-26JUN251600-00,2026-06-25T19:45:00+00:00,2026-06-25T20:00:00+00:00
2026-06-25T19:50:14.701675+00:00,BUY NO (DOWN),NO,-31.06,0.9537,3.363,-335.0,-1559714.0,0.5800000000000001,0.9537,,59265.25,KXBTC15M-26JUN251600-00,2026-06-25T19:45:00+00:00,2026-06-25T20:00:00+00:00
2026-06-25T19:52:19.966683+00:00,BUY NO (DOWN),NO,-20.31,0.8883,2.435,-200394.0,-719283.0,0.65,0.8883,,59276.0,KXBTC15M-26JUN251600-00,2026-06-25T19:45:00+00:00,2026-06-25T20:00:00+00:00
2026-06-25T19:52:49.359509+00:00,BUY NO (DOWN),NO,-25.96,0.9506,3.302,-142733.0,-591558.0,0.64,0.9506,,59270.35,KXBTC15M-26JUN251600-00,2026-06-25T19:45:00+00:00,2026-06-25T20:00:00+00:00
2026-06-25T20:33:00.819452+00:00,BUY NO (DOWN),NO,-138.95,1.0,12.902,-319.0,-473911.0,0.89,1.0,,59490.0,KXBTC15M-26JUN251645-45,2026-06-25T20:30:00+00:00,2026-06-25T20:45:00+00:00
2026-06-25T20:37:02.754792+00:00,BUY NO (DOWN),NO,-21.08,0.9361,3.045,160898.0,388692.0,0.6799999999999999,0.9361,,59606.93,KXBTC15M-26JUN251645-45,2026-06-25T20:30:00+00:00,2026-06-25T20:45:00+00:00
2026-06-25T20:48:01.532229+00:00,BUY NO (DOWN),NO,-34.89,0.9955,5.229,277859.0,622100.0,0.6599999999999999,0.9955,,59485.9,KXBTC15M-26JUN251700-00,2026-06-25T20:45:00+00:00,2026-06-25T21:00:00+00:00
2026-06-25T21:18:00.980592+00:00,BUY NO (DOWN),NO,-60.39,1.0,8.895,121895.0,260634.0,0.7,1.0,,59557.6,KXBTC15M-26JUN251730-30,2026-06-25T21:15:00+00:00,2026-06-25T21:30:00+00:00
2026-06-25T21:23:52.658944+00:00,BUY NO (DOWN),NO,-24.0,1.0,12.199,43737.0,252115.0,0.54,1.0,,59594.0,KXBTC15M-26JUN251730-30,2026-06-25T21:15:00+00:00,2026-06-25T21:30:00+00:00
2026-06-25T21:48:01.433272+00:00,BUY NO (DOWN),NO,-36.08,0.9366,3.053,183072.0,571807.0,0.56,0.9366,,59923.59,KXBTC15M-26JUN251800-00,2026-06-25T21:45:00+00:00,2026-06-25T22:00:00+00:00
2026-06-25T22:03:01.087144+00:00,BUY NO (DOWN),NO,-24.01,0.7813,1.553,72582.0,-250110.0,0.61,0.7813,,60179.99,KXBTC15M-26JUN251815-15,2026-06-25T22:00:00+00:00,2026-06-25T22:15:00+00:00
2026-06-25T22:03:05.619417+00:00,BUY NO (DOWN),NO,-27.99,0.8161,1.801,140625.0,-137246.0,0.5700000000000001,0.8161,,60176.0,KXBTC15M-26JUN251815-15,2026-06-25T22:00:00+00:00,2026-06-25T22:15:00+00:00
2026-06-25T22:03:09.856313+00:00,BUY NO (DOWN),NO,-33.99,0.8613,2.173,165734.0,-118628.0,0.56,0.8613,,60160.65,KXBTC15M-26JUN251815-15,2026-06-25T22:00:00+00:00,2026-06-25T22:15:00+00:00
2026-06-25T22:20:10.947447+00:00,BUY NO (DOWN),NO,-26.99,0.9399,3.108,-87872.0,-317264.0,0.65,0.9399,,59862.0,KXBTC15M-26JUN251830-30,2026-06-25T22:15:00+00:00,2026-06-25T22:30:00+00:00
2026-06-25T22:26:27.845598+00:00,BUY NO (DOWN),NO,-63.99,1.0,31.752,-39622.0,-102191.0,0.95,1.0,,59829.99,KXBTC15M-26JUN251830-30,2026-06-25T22:15:00+00:00,2026-06-25T22:30:00+00:00
2026-06-25T22:33:00.887999+00:00,BUY NO (DOWN),NO,-29.26,0.9265,2.901,31047.0,-350504.0,0.6799999999999999,0.9265,,59766.0,KXBTC15M-26JUN251845-45,2026-06-25T22:30:00+00:00,2026-06-25T22:45:00+00:00
2026-06-25T22:33:33.366786+00:00,BUY NO (DOWN),NO,-26.0,0.9154,2.749,-18552.0,-358919.0,0.6,0.9154,,59758.01,KXBTC15M-26JUN251845-45,2026-06-25T22:30:00+00:00,2026-06-25T22:45:00+00:00
2026-06-25T22:34:49.808204+00:00,BUY NO (DOWN),NO,-20.01,0.8784,2.334,41003.0,-156040.0,0.6,0.8784,,59774.01,KXBTC15M-26JUN251845-45,2026-06-25T22:30:00+00:00,2026-06-25T22:45:00+00:00
2026-06-25T22:39:10.437105+00:00,BUY NO (DOWN),NO,-25.03,0.9984,5.884,-397552.0,-271626.0,0.65,0.9984,,59766.5,KXBTC15M-26JUN251845-45,2026-06-25T22:30:00+00:00,2026-06-25T22:45:00+00:00
2026-06-25T22:49:33.427969+00:00,BUY NO (DOWN),NO,-27.29,0.9756,3.939,-90923.0,-221333.0,0.56,0.9756,,59754.0,KXBTC15M-26JUN251900-00,2026-06-25T22:45:00+00:00,2026-06-25T23:00:00+00:00
2026-06-25T23:10:14.709358+00:00,BUY NO (DOWN),NO,-30.65,1.0,11.478,-75537.0,-358588.0,0.89,1.0,,59802.0,KXBTC15M-26JUN251915-15,2026-06-25T23:00:00+00:00,2026-06-25T23:15:00+00:00
2026-06-25T23:37:54.472295+00:00,BUY NO (DOWN),NO,-39.61,0.995,5.156,-393642.0,-463129.0,0.56,0.995,,60058.4,KXBTC15M-26JUN251945-45,2026-06-25T23:30:00+00:00,2026-06-25T23:45:00+00:00
2026-06-25T23:40:10.747528+00:00,BUY NO (DOWN),NO,-22.01,0.9806,4.132,-113650.0,-693779.0,0.86,0.9806,,60074.01,KXBTC15M-26JUN251945-45,2026-06-25T23:30:00+00:00,2026-06-25T23:45:00+00:00
2026-06-25T23:48:01.459278+00:00,BUY NO (DOWN),NO,-70.98,1.0,8.303,-53333.0,-401738.0,0.78,1.0,,59905.02,KXBTC15M-26JUN252000-00,2026-06-25T23:45:00+00:00,2026-06-26T00:00:00+00:00
2026-06-25T23:52:58.838449+00:00,BUY NO (DOWN),NO,-150.28,1.0,33.508,96053.0,-534180.0,0.949,1.0,,59825.73,KXBTC15M-26JUN252000-00,2026-06-25T23:45:00+00:00,2026-06-26T00:00:00+00:00
2026-06-26T00:18:12.607323+00:00,BUY NO (DOWN),NO,-23.99,0.8754,2.305,-132510.0,-89339.0,0.55,0.8754,,59860.01,KXBTC15M-26JUN252030-30,2026-06-26T00:15:00+00:00,2026-06-26T00:30:00+00:00
2026-06-26T00:33:00.556821+00:00,BUY NO (DOWN),NO,-27.98,0.8671,2.225,-76555.0,-683908.0,0.51,0.8671,,59744.01,KXBTC15M-26JUN252045-45,2026-06-26T00:30:00+00:00,2026-06-26T00:45:00+00:00
2026-06-26T00:35:45.300092+00:00,BUY NO (DOWN),NO,-21.98,0.8656,2.212,-162179.0,-180195.0,0.55,0.8656,,59750.01,KXBTC15M-26JUN252045-45,2026-06-26T00:30:00+00:00,2026-06-26T00:45:00+00:00
2026-06-26T00:37:29.606698+00:00,BUY NO (DOWN),NO,-21.98,0.9283,2.926,-56933.0,-400480.0,0.6,0.9283,,59750.01,KXBTC15M-26JUN252045-45,2026-06-26T00:30:00+00:00,2026-06-26T00:45:00+00:00
2026-06-26T00:49:30.663764+00:00,BUY NO (DOWN),NO,-26.68,0.9832,4.249,-54116.0,375272.0,0.61,0.9832,,59758.01,KXBTC15M-26JUN252100-00,2026-06-26T00:45:00+00:00,2026-06-26T01:00:00+00:00
2026-06-26T00:50:04.734471+00:00,BUY NO (DOWN),NO,-22.64,0.9136,2.726,5003876.0,5251622.0,0.62,0.9136,,59767.16,KXBTC15M-26JUN252100-00,2026-06-26T00:45:00+00:00,2026-06-26T01:00:00+00:00
2026-06-26T00:52:43.002133+00:00,BUY NO (DOWN),NO,-22.86,0.9681,3.708,-69502.0,5387915.0,0.6,0.9681,,59766.94,KXBTC15M-26JUN252100-00,2026-06-26T00:45:00+00:00,2026-06-26T01:00:00+00:00
2026-06-26T00:53:34.667276+00:00,BUY NO (DOWN),NO,-22.25,0.9809,4.146,109558.0,5535861.0,0.6599999999999999,0.9809,,59767.55,KXBTC15M-26JUN252100-00,2026-06-26T00:45:00+00:00,2026-06-26T01:00:00+00:00
2026-06-26T01:04:40.439421+00:00,BUY NO (DOWN),NO,-20.0,0.8309,1.916,50276.0,-99825.0,0.5700000000000001,0.8309,,59642.8,KXBTC15M-26JUN252115-15,2026-06-26T01:00:00+00:00,2026-06-26T01:15:00+00:00
2026-06-26T01:06:37.670803+00:00,BUY NO (DOWN),NO,-204.01,1.0,20.371,233874.0,-477010.0,0.943,1.0,,59476.36,KXBTC15M-26JUN252115-15,2026-06-26T01:00:00+00:00,2026-06-26T01:15:00+00:00
2026-06-26T01:09:52.315516+00:00,BUY NO (DOWN),NO,-120.02,1.0,19.458,-24324.0,-890864.0,0.948,1.0,,59549.58,KXBTC15M-26JUN252115-15,2026-06-26T01:00:00+00:00,2026-06-26T01:15:00+00:00
2026-06-26T01:10:34.998194+00:00,BUY NO (DOWN),NO,-101.06,1.0,22.178,35273.0,-443865.0,0.946,1.0,,59567.91,KXBTC15M-26JUN252115-15,2026-06-26T01:00:00+00:00,2026-06-26T01:15:00+00:00
2026-06-26T01:12:06.725551+00:00,BUY NO (DOWN),NO,-20.0,0.9987,6.035,523196.0,801781.0,0.64,0.9987,,59640.0,KXBTC15M-26JUN252115-15,2026-06-26T01:00:00+00:00,2026-06-26T01:15:00+00:00
2026-06-26T01:12:44.463015+00:00,BUY NO (DOWN),NO,-34.0,1.0,13.194,195861.0,1135944.0,0.87,1.0,,59636.06,KXBTC15M-26JUN252115-15,2026-06-26T01:00:00+00:00,2026-06-26T01:15:00+00:00
2026-06-26T01:19:06.898261+00:00,BUY NO (DOWN),NO,-21.99,0.9074,2.649,-38609.0,-624096.0,0.5700000000000001,0.9074,,59574.01,KXBTC15M-26JUN252130-30,2026-06-26T01:15:00+00:00,2026-06-26T01:30:00+00:00
2026-06-26T01:19:23.661794+00:00,BUY NO (DOWN),NO,-22.57,0.9145,2.738,76779.0,-694727.0,0.53,0.9145,,59573.43,KXBTC15M-26JUN252130-30,2026-06-26T01:15:00+00:00,2026-06-26T01:30:00+00:00
2026-06-26T01:19:44.302533+00:00,BUY NO (DOWN),NO,-22.56,0.9299,2.951,-46432.0,579299.0,0.55,0.9299,,59573.44,KXBTC15M-26JUN252130-30,2026-06-26T01:15:00+00:00,2026-06-26T01:30:00+00:00
2026-06-26T01:22:15.737912+00:00,BUY NO (DOWN),NO,-22.56,0.9766,3.975,9316.0,98568.0,0.5700000000000001,0.9766,,59573.44,KXBTC15M-26JUN252130-30,2026-06-26T01:15:00+00:00,2026-06-26T01:30:00+00:00
2026-06-26T01:23:09.971109+00:00,BUY NO (DOWN),NO,-25.99,0.9978,5.686,-220791.0,-376677.0,0.5800000000000001,0.9978,,59570.0,KXBTC15M-26JUN252130-30,2026-06-26T01:15:00+00:00,2026-06-26T01:30:00+00:00
2026-06-26T01:33:01.066238+00:00,BUY NO (DOWN),NO,-49.96,0.9854,4.363,-645908.0,-535119.0,0.74,0.9854,,59242.0,KXBTC15M-26JUN252145-45,2026-06-26T01:30:00+00:00,2026-06-26T01:45:00+00:00
2026-06-26T01:34:04.893959+00:00,BUY NO (DOWN),NO,-22.09,0.8107,1.761,58278.0,-1035722.0,0.69,0.8107,,59278.01,KXBTC15M-26JUN252145-45,2026-06-26T01:30:00+00:00,2026-06-26T01:45:00+00:00
2026-06-26T01:34:59.738565+00:00,BUY NO (DOWN),NO,-20.1,0.8049,1.719,-174153.0,-895838.0,0.6699999999999999,0.8049,,59280.0,KXBTC15M-26JUN252145-45,2026-06-26T01:30:00+00:00,2026-06-26T01:45:00+00:00
2026-06-26T01:35:08.670103+00:00,BUY NO (DOWN),NO,-22.09,0.8402,1.991,-225405.0,-1109993.0,0.6699999999999999,0.8402,,59278.01,KXBTC15M-26JUN252145-45,2026-06-26T01:30:00+00:00,2026-06-26T01:45:00+00:00
2026-06-26T01:35:31.579109+00:00,BUY NO (DOWN),NO,-23.39,0.8721,2.272,514450.0,-467678.0,0.65,0.8721,,59276.0,KXBTC15M-26JUN252145-45,2026-06-26T01:30:00+00:00,2026-06-26T01:45:00+00:00
2026-06-26T01:38:11.916381+00:00,BUY NO (DOWN),NO,-20.1,0.918,2.783,72613.0,1356081.0,0.78,0.918,,59280.0,KXBTC15M-26JUN252145-45,2026-06-26T01:30:00+00:00,2026-06-26T01:45:00+00:00
2026-06-26T01:39:06.674500+00:00,BUY NO (DOWN),NO,-22.09,0.9767,3.981,169724.0,1509672.0,0.8,0.9767,,59278.01,KXBTC15M-26JUN252145-45,2026-06-26T01:30:00+00:00,2026-06-26T01:45:00+00:00
2026-06-26T01:42:22.247840+00:00,BUY NO (DOWN),NO,-32.1,1.0,10.761,-399438.0,-4988.0,0.9,1.0,,59268.01,KXBTC15M-26JUN252145-45,2026-06-26T01:30:00+00:00,2026-06-26T01:45:00+00:00
2026-06-26T01:42:51.675513+00:00,BUY NO (DOWN),NO,-34.09,1.0,13.703,-386839.0,127718.0,0.92,1.0,,59266.0,KXBTC15M-26JUN252145-45,2026-06-26T01:30:00+00:00,2026-06-26T01:45:00+00:00
2026-06-26T01:43:06.521315+00:00,BUY NO (DOWN),NO,-24.11,1.0,11.017,-456241.0,58640.0,0.944,1.0,,59276.0,KXBTC15M-26JUN252145-45,2026-06-26T01:30:00+00:00,2026-06-26T01:45:00+00:00
2026-06-26T02:03:01.027885+00:00,BUY NO (DOWN),NO,-35.99,0.9862,4.403,-119107.0,-135312.0,0.55,0.9862,,59413.99,KXBTC15M-26JUN252215-15,2026-06-26T02:00:00+00:00,2026-06-26T02:15:00+00:00
2026-06-26T02:10:01.858623+00:00,BUY NO (DOWN),NO,-155.51,1.0,34.054,-67877.0,29562.0,0.949,1.0,,59296.0,KXBTC15M-26JUN252215-15,2026-06-26T02:00:00+00:00,2026-06-26T02:15:00+00:00
2026-06-26T02:10:28.840042+00:00,BUY NO (DOWN),NO,-149.99,1.0,35.982,210418.0,17547.0,0.943,1.0,,59300.0,KXBTC15M-26JUN252215-15,2026-06-26T02:00:00+00:00,2026-06-26T02:15:00+00:00
2026-06-26T02:19:24.345747+00:00,BUY NO (DOWN),NO,-21.99,0.6174,0.597,118773.0,-5721627.0,0.56,0.6174,,58659.12,KXBTC15M-26JUN252230-30,2026-06-26T02:15:00+00:00,2026-06-26T02:30:00+00:00
2026-06-26T02:19:27.693436+00:00,BUY NO (DOWN),NO,-27.99,0.6507,0.774,40588.0,-5679503.0,0.6,0.6507,,58651.29,KXBTC15M-26JUN252230-30,2026-06-26T02:15:00+00:00,2026-06-26T02:30:00+00:00
2026-06-26T02:19:58.538991+00:00,BUY NO (DOWN),NO,-33.52,0.6914,1.0,654912.0,-5525612.0,0.61,0.6914,,58644.48,KXBTC15M-26JUN252230-30,2026-06-26T02:15:00+00:00,2026-06-26T02:30:00+00:00
2026-06-26T02:20:19.678311+00:00,BUY NO (DOWN),NO,-38.0,0.7382,1.276,757205.0,-6667336.0,0.5900000000000001,0.7382,,58640.01,KXBTC15M-26JUN252230-30,2026-06-26T02:15:00+00:00,2026-06-26T02:30:00+00:00
2026-06-26T02:24:52.355069+00:00,BUY NO (DOWN),NO,-166.0,1.0,11.212,645786.0,-122451.0,0.9319999999999999,1.0,,58512.0,KXBTC15M-26JUN252230-30,2026-06-26T02:15:00+00:00,2026-06-26T02:30:00+00:00
2026-06-26T02:25:26.370917+00:00,BUY NO (DOWN),NO,-141.84,1.0,10.615,849870.0,13833.0,0.925,1.0,,58518.72,KXBTC15M-26JUN252230-30,2026-06-26T02:15:00+00:00,2026-06-26T02:30:00+00:00
2026-06-26T02:25:44.101897+00:00,BUY NO (DOWN),NO,-136.08,1.0,10.863,250033.0,-81182.0,0.948,1.0,,58548.8,KXBTC15M-26JUN252230-30,2026-06-26T02:15:00+00:00,2026-06-26T02:30:00+00:00
2026-06-26T02:26:29.433160+00:00,BUY NO (DOWN),NO,-21.99,0.8659,2.214,596529.0,1305082.0,0.71,0.8659,,58646.01,KXBTC15M-26JUN252230-30,2026-06-26T02:15:00+00:00,2026-06-26T02:30:00+00:00
2026-06-26T02:26:45.867289+00:00,BUY NO (DOWN),NO,-30.27,0.9758,3.947,320782.0,721600.0,0.77,0.9758,,58666.37,KXBTC15M-26JUN252230-30,2026-06-26T02:15:00+00:00,2026-06-26T02:30:00+00:00
2026-06-26T02:33:00.666010+00:00,BUY NO (DOWN),NO,-116.0,0.9893,4.601,-594540.0,768068.0,0.65,0.9893,,58770.0,KXBTC15M-26JUN252245-45,2026-06-26T02:30:00+00:00,2026-06-26T02:45:00+00:00
2026-06-26T02:34:12.111002+00:00,BUY NO (DOWN),NO,-20.0,0.6597,0.823,451281.0,1245349.0,0.51,0.6597,,58862.01,KXBTC15M-26JUN252245-45,2026-06-26T02:30:00+00:00,2026-06-26T02:45:00+00:00
2026-06-26T02:36:11.976949+00:00,BUY NO (DOWN),NO,-23.29,0.7212,1.173,1662102.0,2831932.0,0.53,0.7212,,58862.71,KXBTC15M-26JUN252245-45,2026-06-26T02:30:00+00:00,2026-06-26T02:45:00+00:00
2026-06-26T02:37:24.247353+00:00,BUY NO (DOWN),NO,-48.13,0.9399,3.108,372938.0,2941691.0,0.56,0.9399,,58832.2,KXBTC15M-26JUN252245-45,2026-06-26T02:30:00+00:00,2026-06-26T02:45:00+00:00
2026-06-26T02:42:43.971382+00:00,BUY NO (DOWN),NO,-27.48,0.9995,6.589,803978.0,176465.0,0.54,0.9995,,58858.0,KXBTC15M-26JUN252245-45,2026-06-26T02:30:00+00:00,2026-06-26T02:45:00+00:00
2026-06-26T02:44:04.044368+00:00,BUY NO (DOWN),NO,-32.0,1.0,21.358,-4302927.0,-2703128.0,0.6699999999999999,1.0,,58854.0,KXBTC15M-26JUN252245-45,2026-06-26T02:30:00+00:00,2026-06-26T02:45:00+00:00
2026-06-26T02:48:00.706116+00:00,BUY NO (DOWN),NO,-82.01,0.9934,4.957,-176629.0,-4014205.0,0.6799999999999999,0.9934,,58723.97,KXBTC15M-26JUN252300-00,2026-06-26T02:45:00+00:00,2026-06-26T03:00:00+00:00
2026-06-26T03:03:00.761995+00:00,BUY NO (DOWN),NO,-169.99,0.9938,4.997,-611058.0,-2088496.0,0.75,0.9938,,58392.01,KXBTC15M-26JUN252315-15,2026-06-26T03:00:00+00:00,2026-06-26T03:15:00+00:00
2026-06-26T03:03:44.992486+00:00,BUY NO (DOWN),NO,-27.9,0.6484,0.762,343811.0,-1677327.0,0.53,0.6484,,58528.0,KXBTC15M-26JUN252315-15,2026-06-26T03:00:00+00:00,2026-06-26T03:15:00+00:00
2026-06-26T03:18:01.078372+00:00,BUY NO (DOWN),NO,-53.99,0.9641,3.6,-517878.0,-82094.0,0.6,0.9641,,58846.01,KXBTC15M-26JUN252330-30,2026-06-26T03:15:00+00:00,2026-06-26T03:30:00+00:00
2026-06-26T03:20:39.468672+00:00,BUY NO (DOWN),NO,-20.0,0.8053,1.721,61372.0,-171463.0,0.52,0.8053,,58880.01,KXBTC15M-26JUN252330-30,2026-06-26T03:15:00+00:00,2026-06-26T03:30:00+00:00
2026-06-26T03:21:02.017069+00:00,BUY NO (DOWN),NO,-21.48,0.8262,1.878,-65950.0,-231003.0,0.53,0.8262,,58874.01,KXBTC15M-26JUN252330-30,2026-06-26T03:15:00+00:00,2026-06-26T03:30:00+00:00
2026-06-26T03:22:15.266642+00:00,BUY NO (DOWN),NO,-22.0,0.8844,2.394,228368.0,9688.0,0.52,0.8844,,58878.0,KXBTC15M-26JUN252330-30,2026-06-26T03:15:00+00:00,2026-06-26T03:30:00+00:00
2026-06-26T03:23:00.626399+00:00,BUY NO (DOWN),NO,-58.48,0.9999,7.343,99939.0,672182.0,0.55,0.9999,,58838.01,KXBTC15M-26JUN252330-30,2026-06-26T03:15:00+00:00,2026-06-26T03:30:00+00:00
2026-06-26T04:03:00.979756+00:00,BUY NO (DOWN),NO,-173.98,1.0,8.334,-113973.0,-2161130.0,0.7,1.0,,59860.02,KXBTC15M-26JUN260015-15,2026-06-26T04:00:00+00:00,2026-06-26T04:15:00+00:00
2026-06-26T04:08:53.177325+00:00,BUY NO (DOWN),NO,-29.01,0.9455,3.206,1559090.0,3081925.0,0.62,0.9455,,60004.99,KXBTC15M-26JUN260015-15,2026-06-26T04:00:00+00:00,2026-06-26T04:15:00+00:00
2026-06-26T04:12:01.869997+00:00,BUY NO (DOWN),NO,-23.99,0.9985,5.946,502275.0,2409988.0,0.76,0.9985,,60006.0,KXBTC15M-26JUN260015-15,2026-06-26T04:00:00+00:00,2026-06-26T04:15:00+00:00
2026-06-26T04:12:07.216675+00:00,BUY NO (DOWN),NO,-23.97,0.9989,6.098,221660.0,2450315.0,0.72,0.9989,,60010.02,KXBTC15M-26JUN260015-15,2026-06-26T04:00:00+00:00,2026-06-26T04:15:00+00:00
2026-06-26T04:33:00.577870+00:00,BUY NO (DOWN),NO,-40.41,0.9477,3.246,-108120.0,365521.0,0.5800000000000001,0.9477,,59942.0,KXBTC15M-26JUN260045-45,2026-06-26T04:30:00+00:00,2026-06-26T04:45:00+00:00
2026-06-26T04:33:35.799059+00:00,BUY NO (DOWN),NO,-24.41,0.842,2.006,63719.0,315192.0,0.54,0.842,,59958.01,KXBTC15M-26JUN260045-45,2026-06-26T04:30:00+00:00,2026-06-26T04:45:00+00:00
2026-06-26T04:37:03.147791+00:00,BUY NO (DOWN),NO,-26.42,0.9561,3.414,36324.0,-258605.0,0.55,0.9561,,59948.01,KXBTC15M-26JUN260045-45,2026-06-26T04:30:00+00:00,2026-06-26T04:45:00+00:00
2026-06-26T04:41:07.178813+00:00,BUY NO (DOWN),NO,-23.03,1.0,7.852,101162.0,29708.0,0.6,1.0,,59959.39,KXBTC15M-26JUN260045-45,2026-06-26T04:30:00+00:00,2026-06-26T04:45:00+00:00
2026-06-26T04:41:33.473172+00:00,BUY NO (DOWN),NO,-22.4,1.0,8.749,131676.0,-30082.0,0.5700000000000001,1.0,,59960.01,KXBTC15M-26JUN260045-45,2026-06-26T04:30:00+00:00,2026-06-26T04:45:00+00:00
2026-06-26T04:42:02.896500+00:00,BUY NO (DOWN),NO,-24.4,1.0,10.538,133779.0,187431.0,0.69,1.0,,59958.01,KXBTC15M-26JUN260045-45,2026-06-26T04:30:00+00:00,2026-06-26T04:45:00+00:00
2026-06-26T04:48:00.379488+00:00,BUY NO (DOWN),NO,-35.23,0.9838,4.281,138120.0,105585.0,0.55,0.9838,,59938.5,KXBTC15M-26JUN260100-00,2026-06-26T04:45:00+00:00,2026-06-26T05:00:00+00:00
2026-06-26T04:57:38.899597+00:00,BUY NO (DOWN),NO,-79.26,1.0,52.741,-77590.0,318073.0,0.948,1.0,,59894.47,KXBTC15M-26JUN260100-00,2026-06-26T04:45:00+00:00,2026-06-26T05:00:00+00:00
2026-06-26T04:58:14.301948+00:00,BUY NO (DOWN),NO,-71.39,1.0,67.971,-59902.0,332812.0,0.949,1.0,,59902.34,KXBTC15M-26JUN260100-00,2026-06-26T04:45:00+00:00,2026-06-26T05:00:00+00:00
2026-06-26T05:03:01.111705+00:00,BUY NO (DOWN),NO,-82.08,0.9998,7.041,-472693.0,-837350.0,0.65,0.9998,,59866.52,KXBTC15M-26JUN260115-15,2026-06-26T05:00:00+00:00,2026-06-26T05:15:00+00:00
2026-06-26T05:08:01.155222+00:00,BUY NO (DOWN),NO,-20.7,0.9527,3.343,141522.0,72166.0,0.53,0.9527,,59911.95,KXBTC15M-26JUN260115-15,2026-06-26T05:00:00+00:00,2026-06-26T05:15:00+00:00
2026-06-26T05:18:00.818776+00:00,BUY NO (DOWN),NO,-22.68,0.8434,2.017,395116.0,742878.0,0.55,0.8434,,59960.0,KXBTC15M-26JUN260130-30,2026-06-26T05:15:00+00:00,2026-06-26T05:30:00+00:00
2026-06-26T05:18:04.010159+00:00,BUY NO (DOWN),NO,-29.64,0.9045,2.615,355508.0,747584.0,0.55,0.9045,,59950.02,KXBTC15M-26JUN260130-30,2026-06-26T05:15:00+00:00,2026-06-26T05:30:00+00:00
2026-06-26T05:19:39.332674+00:00,BUY NO (DOWN),NO,-21.09,0.8542,2.109,-86273.0,392041.0,0.54,0.8542,,59958.55,KXBTC15M-26JUN260130-30,2026-06-26T05:15:00+00:00,2026-06-26T05:30:00+00:00
2026-06-26T05:19:56.035992+00:00,BUY NO (DOWN),NO,-25.23,0.8987,2.548,-94382.0,442911.0,0.57,0.8987,,59952.07,KXBTC15M-26JUN260130-30,2026-06-26T05:15:00+00:00,2026-06-26T05:30:00+00:00
2026-06-26T05:25:37.875660+00:00,BUY NO (DOWN),NO,-162.36,1.0,26.597,-298746.0,-1838374.0,0.948,1.0,,59817.29,KXBTC15M-26JUN260130-30,2026-06-26T05:15:00+00:00,2026-06-26T05:30:00+00:00
2026-06-26T05:25:59.200643+00:00,BUY NO (DOWN),NO,-149.49,1.0,26.817,-312909.0,-1781681.0,0.945,1.0,,59830.17,KXBTC15M-26JUN260130-30,2026-06-26T05:15:00+00:00,2026-06-26T05:30:00+00:00
2026-06-26T05:28:03.306676+00:00,BUY NO (DOWN),NO,-21.51,1.0,11.258,96507.0,-684557.0,0.6,1.0,,59958.14,KXBTC15M-26JUN260130-30,2026-06-26T05:15:00+00:00,2026-06-26T05:30:00+00:00
2026-06-26T05:40:55.938921+00:00,BUY NO (DOWN),NO,-27.99,1.0,10.065,-60163.0,-645632.0,0.6599999999999999,1.0,,59930.01,KXBTC15M-26JUN260145-45,2026-06-26T05:30:00+00:00,2026-06-26T05:45:00+00:00
2026-06-26T05:42:34.238150+00:00,BUY NO (DOWN),NO,-50.55,1.0,33.521,-112946.0,-508419.0,0.9390000000000001,1.0,,59907.44,KXBTC15M-26JUN260145-45,2026-06-26T05:30:00+00:00,2026-06-26T05:45:00+00:00
2026-06-26T05:48:01.658254+00:00,BUY NO (DOWN),NO,-75.74,1.0,8.017,105772.0,203098.0,0.77,1.0,,59806.0,KXBTC15M-26JUN260200-00,2026-06-26T05:45:00+00:00,2026-06-26T06:00:00+00:00
2026-06-26T05:50:59.842521+00:00,BUY NO (DOWN),NO,-29.73,0.9874,4.477,-39316.0,515710.0,0.61,0.9874,,59852.01,KXBTC15M-26JUN260200-00,2026-06-26T05:45:00+00:00,2026-06-26T06:00:00+00:00
2026-06-26T05:53:21.523045+00:00,BUY NO (DOWN),NO,-21.37,0.9903,4.675,523882.0,1106085.0,0.6599999999999999,0.9903,,59860.37,KXBTC15M-26JUN260200-00,2026-06-26T05:45:00+00:00,2026-06-26T06:00:00+00:00
2026-06-26T06:03:00.494065+00:00,BUY NO (DOWN),NO,-137.29,1.0,12.786,-421853.0,1130595.0,0.76,1.0,,59814.01,KXBTC15M-26JUN260215-15,2026-06-26T06:00:00+00:00,2026-06-26T06:15:00+00:00
2026-06-26T06:08:41.220610+00:00,BUY NO (DOWN),NO,-191.32,1.0,23.026,1062512.0,137812.0,0.943,1.0,,59758.99,KXBTC15M-26JUN260215-15,2026-06-26T06:00:00+00:00,2026-06-26T06:15:00+00:00
2026-06-26T06:09:09.812677+00:00,BUY NO (DOWN),NO,-192.59,1.0,35.891,3687009.0,4413653.0,0.946,1.0,,59768.0,KXBTC15M-26JUN260215-15,2026-06-26T06:00:00+00:00,2026-06-26T06:15:00+00:00
2026-06-26T06:09:23.670392+00:00,BUY NO (DOWN),NO,-167.71,1.0,34.184,4206058.0,6011007.0,0.945,1.0,,59772.65,KXBTC15M-26JUN260215-15,2026-06-26T06:00:00+00:00,2026-06-26T06:15:00+00:00
2026-06-26T06:09:30.671757+00:00,BUY NO (DOWN),NO,-182.06,1.0,37.298,4180409.0,6176802.0,0.95,1.0,,59771.24,KXBTC15M-26JUN260215-15,2026-06-26T06:00:00+00:00,2026-06-26T06:15:00+00:00
2026-06-26T06:09:50.616373+00:00,BUY NO (DOWN),NO,-181.86,1.0,40.135,4117106.0,7730114.0,0.95,1.0,,59771.46,KXBTC15M-26JUN260215-15,2026-06-26T06:00:00+00:00,2026-06-26T06:15:00+00:00
2026-06-26T06:10:10.392897+00:00,BUY NO (DOWN),NO,-173.31,1.0,40.566,4304236.0,10084454.0,0.949,1.0,,59779.99,KXBTC15M-26JUN260215-15,2026-06-26T06:00:00+00:00,2026-06-26T06:15:00+00:00
2026-06-26T06:10:21.973245+00:00,BUY NO (DOWN),NO,-160.73,1.0,39.186,4803821.0,10866941.0,0.948,1.0,,59793.48,KXBTC15M-26JUN260215-15,2026-06-26T06:00:00+00:00,2026-06-26T06:15:00+00:00
2026-06-26T06:33:39.736695+00:00,BUY NO (DOWN),NO,-20.4,0.7822,1.559,117839.0,-1601562.0,0.61,0.7822,,60018.01,KXBTC15M-26JUN260245-45,2026-06-26T06:30:00+00:00,2026-06-26T06:45:00+00:00
2026-06-26T06:48:54.084760+00:00,BUY NO (DOWN),NO,-23.33,0.7092,1.102,-58926.0,762966.0,0.55,0.7092,,60361.82,KXBTC15M-26JUN260300-00,2026-06-26T06:45:00+00:00,2026-06-26T07:00:00+00:00
2026-06-26T06:49:04.235681+00:00,BUY NO (DOWN),NO,-43.52,0.8533,2.102,-103612.0,671466.0,0.53,0.8533,,60342.49,KXBTC15M-26JUN260300-00,2026-06-26T06:45:00+00:00,2026-06-26T07:00:00+00:00
2026-06-26T06:58:24.199419+00:00,BUY NO (DOWN),NO,-44.01,1.0,39.564,1933111.0,2387743.0,0.908,1.0,,60347.04,KXBTC15M-26JUN260300-00,2026-06-26T06:45:00+00:00,2026-06-26T07:00:00+00:00
2026-06-26T06:58:56.396949+00:00,BUY NO (DOWN),NO,-44.43,1.0,59.121,1792308.0,1457113.0,0.949,1.0,,60341.57,KXBTC15M-26JUN260300-00,2026-06-26T06:45:00+00:00,2026-06-26T07:00:00+00:00
2026-06-26T07:03:00.346705+00:00,BUY NO (DOWN),NO,-28.04,0.9142,2.734,-971.0,1917164.0,0.5900000000000001,0.9142,,60301.99,KXBTC15M-26JUN260315-15,2026-06-26T07:00:00+00:00,2026-06-26T07:15:00+00:00
2026-06-26T07:04:18.957162+00:00,BUY NO (DOWN),NO,-22.55,0.8899,2.452,61807.0,265400.0,0.53,0.8899,,60304.01,KXBTC15M-26JUN260315-15,2026-06-26T07:00:00+00:00,2026-06-26T07:15:00+00:00
2026-06-26T07:05:20.583327+00:00,BUY NO (DOWN),NO,-22.55,0.9051,2.622,-260517.0,-18404.0,0.5900000000000001,0.9051,,60304.01,KXBTC15M-26JUN260315-15,2026-06-26T07:00:00+00:00,2026-06-26T07:15:00+00:00
2026-06-26T07:05:42.612122+00:00,BUY NO (DOWN),NO,-22.55,0.9152,2.747,-267877.0,-181029.0,0.56,0.9152,,60304.0,KXBTC15M-26JUN260315-15,2026-06-26T07:00:00+00:00,2026-06-26T07:15:00+00:00
2026-06-26T07:05:52.532680+00:00,BUY NO (DOWN),NO,-20.56,0.8935,2.491,-98351.0,16895.0,0.55,0.8935,,60306.01,KXBTC15M-26JUN260315-15,2026-06-26T07:00:00+00:00,2026-06-26T07:15:00+00:00
2026-06-26T07:35:43.872349+00:00,BUY NO (DOWN),NO,-21.15,0.8232,1.855,862460.0,6900012.0,0.62,0.8232,,60568.85,KXBTC15M-26JUN260345-45,2026-06-26T07:30:00+00:00,2026-06-26T07:45:00+00:00
2026-06-26T07:36:25.188058+00:00,BUY NO (DOWN),NO,-21.25,0.8634,2.192,894353.0,6157901.0,0.5900000000000001,0.8634,,60568.76,KXBTC15M-26JUN260345-45,2026-06-26T07:30:00+00:00,2026-06-26T07:45:00+00:00
2026-06-26T07:37:09.686329+00:00,BUY NO (DOWN),NO,-20.01,0.8835,2.385,1347943.0,6693836.0,0.62,0.8835,,60578.28,KXBTC15M-26JUN260345-45,2026-06-26T07:30:00+00:00,2026-06-26T07:45:00+00:00
2026-06-26T07:48:01.516681+00:00,BUY NO (DOWN),NO,-84.47,0.9965,5.399,-338815.0,963037.0,0.8,0.9965,,60509.38,KXBTC15M-26JUN260400-00,2026-06-26T07:45:00+00:00,2026-06-26T08:00:00+00:00
2026-06-26T07:51:27.941859+00:00,BUY NO (DOWN),NO,-20.67,0.8808,2.358,2225402.0,6009955.0,0.75,0.8808,,60566.61,KXBTC15M-26JUN260400-00,2026-06-26T07:45:00+00:00,2026-06-26T08:00:00+00:00
2026-06-26T07:53:19.727467+00:00,BUY NO (DOWN),NO,-24.07,0.9724,3.835,967822.0,6399522.0,0.84,0.9724,,60560.84,KXBTC15M-26JUN260400-00,2026-06-26T07:45:00+00:00,2026-06-26T08:00:00+00:00
2026-06-26T07:54:05.508381+00:00,BUY NO (DOWN),NO,-26.38,0.9903,4.675,916622.0,6163979.0,0.84,0.9903,,60565.78,KXBTC15M-26JUN260400-00,2026-06-26T07:45:00+00:00,2026-06-26T08:00:00+00:00
2026-06-26T07:54:11.461850+00:00,BUY NO (DOWN),NO,-21.76,0.9788,4.058,956213.0,6597765.0,0.87,0.9788,,60568.0,KXBTC15M-26JUN260400-00,2026-06-26T07:45:00+00:00,2026-06-26T08:00:00+00:00
2026-06-26T07:54:17.927786+00:00,BUY NO (DOWN),NO,-21.78,0.9791,4.071,878720.0,6507569.0,0.85,0.9791,,60565.79,KXBTC15M-26JUN260400-00,2026-06-26T07:45:00+00:00,2026-06-26T08:00:00+00:00
2026-06-26T08:03:01.018157+00:00,BUY NO (DOWN),NO,-128.14,1.0,9.956,-1360819.0,-895961.0,0.84,1.0,,60405.73,KXBTC15M-26JUN260415-15,2026-06-26T08:00:00+00:00,2026-06-26T08:15:00+00:00
2026-06-26T08:07:01.208805+00:00,BUY NO (DOWN),NO,-185.17,1.0,25.811,-363916.0,-1768125.0,0.95,1.0,,60348.71,KXBTC15M-26JUN260415-15,2026-06-26T08:00:00+00:00,2026-06-26T08:15:00+00:00
2026-06-26T08:18:27.290996+00:00,BUY NO (DOWN),NO,-20.04,0.8599,2.16,280577.0,744285.0,0.53,0.8599,,60256.0,KXBTC15M-26JUN260430-30,2026-06-26T08:15:00+00:00,2026-06-26T08:30:00+00:00
2026-06-26T08:33:00.120819+00:00,BUY NO (DOWN),NO,-64.51,0.9998,7.028,-278380.0,-423915.0,0.6699999999999999,0.9998,,60249.99,KXBTC15M-26JUN260445-45,2026-06-26T08:30:00+00:00,2026-06-26T08:45:00+00:00
2026-06-26T08:42:40.754692+00:00,BUY NO (DOWN),NO,-58.48,1.0,32.045,289273.0,645827.0,0.935,1.0,,60257.61,KXBTC15M-26JUN260445-45,2026-06-26T08:30:00+00:00,2026-06-26T08:45:00+00:00
2026-06-26T08:49:02.620644+00:00,BUY NO (DOWN),NO,-20.07,0.8995,2.557,-179071.0,22266.0,0.55,0.8995,,60186.0,KXBTC15M-26JUN260500-00,2026-06-26T08:45:00+00:00,2026-06-26T09:00:00+00:00
2026-06-26T08:51:15.726389+00:00,BUY NO (DOWN),NO,-21.91,0.974,3.888,-15966.0,-919552.0,0.54,0.974,,60192.09,KXBTC15M-26JUN260500-00,2026-06-26T08:45:00+00:00,2026-06-26T09:00:00+00:00
2026-06-26T08:51:32.355993+00:00,BUY NO (DOWN),NO,-26.26,0.9867,4.437,12816.0,-747197.0,0.56,0.9867,,60187.74,KXBTC15M-26JUN260500-00,2026-06-26T08:45:00+00:00,2026-06-26T09:00:00+00:00
2026-06-26T08:54:38.705670+00:00,BUY NO (DOWN),NO,-21.99,0.9962,5.347,377142.0,-2788.0,0.54,0.9962,,60192.01,KXBTC15M-26JUN260500-00,2026-06-26T08:45:00+00:00,2026-06-26T09:00:00+00:00
2026-06-26T08:55:00.296659+00:00,BUY NO (DOWN),NO,-20.14,0.9951,5.169,600253.0,457801.0,0.5900000000000001,0.9951,,60193.86,KXBTC15M-26JUN260500-00,2026-06-26T08:45:00+00:00,2026-06-26T09:00:00+00:00
2026-06-26T09:03:00.207777+00:00,BUY NO (DOWN),NO,-90.17,1.0,10.435,-11974.0,-394382.0,0.76,1.0,,60169.2,KXBTC15M-26JUN260515-15,2026-06-26T09:00:00+00:00,2026-06-26T09:15:00+00:00
2026-06-26T09:08:51.417900+00:00,BUY NO (DOWN),NO,-143.38,1.0,24.431,-169062.0,-950264.0,0.944,1.0,,60116.0,KXBTC15M-26JUN260515-15,2026-06-26T09:00:00+00:00,2026-06-26T09:15:00+00:00
2026-06-26T09:18:00.157270+00:00,BUY NO (DOWN),NO,-25.69,0.972,3.822,83204.0,482446.0,0.5700000000000001,0.972,,60149.99,KXBTC15M-26JUN260530-30,2026-06-26T09:15:00+00:00,2026-06-26T09:30:00+00:00
2026-06-26T09:19:04.867466+00:00,BUY NO (DOWN),NO,-83.67,0.9999,7.699,-1046120.0,-1065992.0,0.55,0.9999,,60089.53,KXBTC15M-26JUN260530-30,2026-06-26T09:15:00+00:00,2026-06-26T09:30:00+00:00
2026-06-26T09:21:24.639730+00:00,BUY NO (DOWN),NO,-21.66,0.8599,2.16,953162.0,282246.0,0.55,0.8599,,60154.02,KXBTC15M-26JUN260530-30,2026-06-26T09:15:00+00:00,2026-06-26T09:30:00+00:00
2026-06-26T09:21:56.121682+00:00,BUY NO (DOWN),NO,-28.32,0.9297,2.948,36937.0,216031.0,0.5800000000000001,0.9297,,60146.22,KXBTC15M-26JUN260530-30,2026-06-26T09:15:00+00:00,2026-06-26T09:30:00+00:00
2026-06-26T09:23:46.169738+00:00,BUY NO (DOWN),NO,-25.68,0.9432,3.164,82978.0,335791.0,0.52,0.9432,,60150.0,KXBTC15M-26JUN260530-30,2026-06-26T09:15:00+00:00,2026-06-26T09:30:00+00:00
2026-06-26T09:25:26.604520+00:00,BUY NO (DOWN),NO,-24.74,0.9999,7.428,-92661.0,940422.0,0.54,0.9999,,60150.01,KXBTC15M-26JUN260530-30,2026-06-26T09:15:00+00:00,2026-06-26T09:30:00+00:00
2026-06-26T09:33:01.249684+00:00,BUY NO (DOWN),NO,-40.12,0.9996,6.673,-1001118.0,-1108079.0,0.6799999999999999,0.9996,,60091.54,KXBTC15M-26JUN260545-45,2026-06-26T09:30:00+00:00,2026-06-26T09:45:00+00:00
2026-06-26T09:33:39.500800+00:00,BUY NO (DOWN),NO,-25.16,0.9879,4.509,-199641.0,-477015.0,0.6,0.9879,,60092.33,KXBTC15M-26JUN260545-45,2026-06-26T09:30:00+00:00,2026-06-26T09:45:00+00:00
2026-06-26T09:35:32.255319+00:00,BUY NO (DOWN),NO,-29.65,0.9701,3.764,171799.0,-375406.0,0.61,0.9701,,60102.01,KXBTC15M-26JUN260545-45,2026-06-26T09:30:00+00:00,2026-06-26T09:45:00+00:00
2026-06-26T09:36:11.268984+00:00,BUY NO (DOWN),NO,-25.65,0.9495,3.281,877682.0,230497.0,0.63,0.9495,,60100.01,KXBTC15M-26JUN260545-45,2026-06-26T09:30:00+00:00,2026-06-26T09:45:00+00:00
2026-06-26T09:39:44.453332+00:00,BUY NO (DOWN),NO,-82.64,1.0,21.843,319331.0,2352505.0,0.9390000000000001,1.0,,60049.02,KXBTC15M-26JUN260545-45,2026-06-26T09:30:00+00:00,2026-06-26T09:45:00+00:00
2026-06-26T09:40:42.009789+00:00,BUY NO (DOWN),NO,-52.58,1.0,15.484,-130988.0,1991130.0,0.87,1.0,,60079.08,KXBTC15M-26JUN260545-45,2026-06-26T09:30:00+00:00,2026-06-26T09:45:00+00:00
2026-06-26T09:41:03.479186+00:00,BUY NO (DOWN),NO,-21.65,0.9995,6.616,76011.0,1219071.0,0.69,0.9995,,60104.0,KXBTC15M-26JUN260545-45,2026-06-26T09:30:00+00:00,2026-06-26T09:45:00+00:00
2026-06-26T09:42:38.350981+00:00,BUY NO (DOWN),NO,-51.66,1.0,22.175,-309538.0,792892.0,0.928,1.0,,60080.0,KXBTC15M-26JUN260545-45,2026-06-26T09:30:00+00:00,2026-06-26T09:45:00+00:00
2026-06-26T09:48:00.309504+00:00,BUY NO (DOWN),NO,-50.48,0.9605,3.513,-235552.0,136475.0,0.63,0.9605,,59953.02,KXBTC15M-26JUN260600-00,2026-06-26T09:45:00+00:00,2026-06-26T10:00:00+00:00
2026-06-26T09:55:14.481684+00:00,BUY NO (DOWN),NO,-177.04,1.0,20.26,-210236.0,-155283.0,0.948,1.0,,59818.01,KXBTC15M-26JUN260600-00,2026-06-26T09:45:00+00:00,2026-06-26T10:00:00+00:00
2026-06-26T09:55:33.625495+00:00,BUY NO (DOWN),NO,-167.51,1.0,20.337,-442679.0,-35932.0,0.95,1.0,,59836.0,KXBTC15M-26JUN260600-00,2026-06-26T09:45:00+00:00,2026-06-26T10:00:00+00:00
2026-06-26T10:03:00.631010+00:00,BUY NO (DOWN),NO,-48.76,0.9492,3.275,-125711.0,-925302.0,0.63,0.9492,,59703.99,KXBTC15M-26JUN260615-15,2026-06-26T10:00:00+00:00,2026-06-26T10:15:00+00:00
2026-06-26T10:03:07.041161+00:00,BUY NO (DOWN),NO,-20.75,0.7544,1.377,-32116.0,-782917.0,0.54,0.7544,,59705.0,KXBTC15M-26JUN260615-15,2026-06-26T10:00:00+00:00,2026-06-26T10:15:00+00:00
2026-06-26T10:04:24.360102+00:00,BUY NO (DOWN),NO,-34.75,0.9263,2.898,31383.0,-1117859.0,0.5800000000000001,0.9263,,59693.99,KXBTC15M-26JUN260615-15,2026-06-26T10:00:00+00:00,2026-06-26T10:15:00+00:00
2026-06-26T10:05:12.512760+00:00,BUY NO (DOWN),NO,-21.46,0.8439,2.021,-25629.0,-1003832.0,0.56,0.8439,,59714.01,KXBTC15M-26JUN260615-15,2026-06-26T10:00:00+00:00,2026-06-26T10:15:00+00:00
2026-06-26T10:05:32.438442+00:00,BUY NO (DOWN),NO,-29.15,0.9296,2.946,-378925.0,-443188.0,0.5700000000000001,0.9296,,59695.39,KXBTC15M-26JUN260615-15,2026-06-26T10:00:00+00:00,2026-06-26T10:15:00+00:00
2026-06-26T10:08:36.358681+00:00,BUY NO (DOWN),NO,-22.75,0.9703,3.77,-431442.0,-663012.0,0.51,0.9703,,59716.0,KXBTC15M-26JUN260615-15,2026-06-26T10:00:00+00:00,2026-06-26T10:15:00+00:00
2026-06-26T10:11:02.611136+00:00,BUY NO (DOWN),NO,-24.75,0.9993,6.407,-1838264.0,-2547533.0,0.5700000000000001,0.9993,,59714.01,KXBTC15M-26JUN260615-15,2026-06-26T10:00:00+00:00,2026-06-26T10:15:00+00:00
2026-06-26T10:11:33.840675+00:00,BUY NO (DOWN),NO,-36.67,1.0,10.617,-1192737.0,-2323178.0,0.5800000000000001,1.0,,59702.1,KXBTC15M-26JUN260615-15,2026-06-26T10:00:00+00:00,2026-06-26T10:15:00+00:00
2026-06-26T10:21:02.035009+00:00,BUY NO (DOWN),NO,-27.56,0.9542,3.375,-24605.0,-1436412.0,0.6799999999999999,0.9542,,59724.45,KXBTC15M-26JUN260630-30,2026-06-26T10:15:00+00:00,2026-06-26T10:30:00+00:00
2026-06-26T10:25:05.068996+00:00,BUY NO (DOWN),NO,-25.71,0.9993,6.43,-1689424.0,-2170405.0,0.69,0.9993,,59742.21,KXBTC15M-26JUN260630-30,2026-06-26T10:15:00+00:00,2026-06-26T10:30:00+00:00
2026-06-26T10:25:19.589682+00:00,BUY NO (DOWN),NO,-22.49,0.9979,5.73,-1454750.0,-2250646.0,0.69,0.9979,,59731.73,KXBTC15M-26JUN260630-30,2026-06-26T10:15:00+00:00,2026-06-26T10:30:00+00:00
2026-06-26T10:25:27.220023+00:00,BUY NO (DOWN),NO,-24.73,0.9994,6.474,-1774183.0,-2815667.0,0.74,0.9994,,59727.29,KXBTC15M-26JUN260630-30,2026-06-26T10:15:00+00:00,2026-06-26T10:30:00+00:00
2026-06-26T10:37:32.777421+00:00,BUY NO (DOWN),NO,-27.99,0.9883,4.531,-255653.0,-1351851.0,0.5800000000000001,0.9883,,59696.01,KXBTC15M-26JUN260645-45,2026-06-26T10:30:00+00:00,2026-06-26T10:45:00+00:00
2026-06-26T10:48:00.660146+00:00,BUY NO (DOWN),NO,-169.95,1.0,13.849,-785273.0,-2187123.0,0.89,1.0,,59384.06,KXBTC15M-26JUN260700-00,2026-06-26T10:45:00+00:00,2026-06-26T11:00:00+00:00
2026-06-26T10:52:10.780815+00:00,BUY NO (DOWN),NO,-218.0,1.0,20.408,-636258.0,-3610105.0,0.948,1.0,,59338.66,KXBTC15M-26JUN260700-00,2026-06-26T10:45:00+00:00,2026-06-26T11:00:00+00:00
2026-06-26T11:18:00.707807+00:00,BUY NO (DOWN),NO,-108.01,1.0,10.441,-328171.0,-334745.0,0.84,1.0,,59378.0,KXBTC15M-26JUN260730-30,2026-06-26T11:15:00+00:00,2026-06-26T11:30:00+00:00
2026-06-26T11:19:41.460073+00:00,BUY NO (DOWN),NO,-22.24,0.8251,1.87,-71402.0,-286934.0,0.61,0.8251,,59466.45,KXBTC15M-26JUN260730-30,2026-06-26T11:15:00+00:00,2026-06-26T11:30:00+00:00
2026-06-26T11:19:51.732895+00:00,BUY NO (DOWN),NO,-21.17,0.8152,1.794,-11931.0,-280092.0,0.64,0.8152,,59464.08,KXBTC15M-26JUN260730-30,2026-06-26T11:15:00+00:00,2026-06-26T11:30:00+00:00
2026-06-26T11:23:13.694264+00:00,BUY NO (DOWN),NO,-41.78,0.9977,5.665,25931.0,-616820.0,0.7,0.9977,,59444.01,KXBTC15M-26JUN260730-30,2026-06-26T11:15:00+00:00,2026-06-26T11:30:00+00:00
2026-06-26T11:25:02.971191+00:00,BUY NO (DOWN),NO,-25.81,0.999,6.184,-212223.0,-825277.0,0.63,0.999,,59460.19,KXBTC15M-26JUN260730-30,2026-06-26T11:15:00+00:00,2026-06-26T11:30:00+00:00
2026-06-26T11:26:20.462102+00:00,BUY NO (DOWN),NO,-20.0,0.9998,7.208,-153332.0,-513609.0,0.5800000000000001,0.9998,,59462.0,KXBTC15M-26JUN260730-30,2026-06-26T11:15:00+00:00,2026-06-26T11:30:00+00:00
2026-06-26T11:27:41.739862+00:00,BUY NO (DOWN),NO,-24.66,1.0,14.794,-225143.0,-706334.0,0.71,1.0,,59461.34,KXBTC15M-26JUN260730-30,2026-06-26T11:15:00+00:00,2026-06-26T11:30:00+00:00
2026-06-26T11:28:41.291168+00:00,BUY NO (DOWN),NO,-21.64,1.0,30.213,33066.0,-757695.0,0.88,1.0,,59457.37,KXBTC15M-26JUN260730-30,2026-06-26T11:15:00+00:00,2026-06-26T11:30:00+00:00
2026-06-26T11:41:10.298036+00:00,BUY NO (DOWN),NO,-25.65,0.9999,7.597,-1514513.0,-356604.0,0.52,0.9999,,59402.03,KXBTC15M-26JUN260745-45,2026-06-26T11:30:00+00:00,2026-06-26T11:45:00+00:00
2026-06-26T11:41:26.902385+00:00,BUY NO (DOWN),NO,-30.06,1.0,9.499,-2583325.0,-1666902.0,0.53,1.0,,59397.64,KXBTC15M-26JUN260745-45,2026-06-26T11:30:00+00:00,2026-06-26T11:45:00+00:00
2026-06-26T11:43:55.996798+00:00,BUY NO (DOWN),NO,-26.01,1.0,25.393,-434050.0,-2583388.0,0.56,1.0,,59401.69,KXBTC15M-26JUN260745-45,2026-06-26T11:30:00+00:00,2026-06-26T11:45:00+00:00
2026-06-26T11:48:00.902481+00:00,BUY NO (DOWN),NO,-34.58,0.9393,3.098,-79295.0,-473997.0,0.53,0.9393,,59406.96,KXBTC15M-26JUN260800-00,2026-06-26T11:45:00+00:00,2026-06-26T12:00:00+00:00
2026-06-26T11:48:38.824953+00:00,BUY NO (DOWN),NO,-20.57,0.8252,1.871,248334.0,144032.0,0.52,0.8252,,59432.01,KXBTC15M-26JUN260800-00,2026-06-26T11:45:00+00:00,2026-06-26T12:00:00+00:00
2026-06-26T11:50:11.866413+00:00,BUY NO (DOWN),NO,-24.57,0.9311,2.969,260171.0,363222.0,0.51,0.9311,,59428.01,KXBTC15M-26JUN260800-00,2026-06-26T11:45:00+00:00,2026-06-26T12:00:00+00:00
2026-06-26T11:50:50.952466+00:00,BUY NO (DOWN),NO,-34.58,0.9824,4.211,-75894.0,163218.0,0.58,0.9824,,59418.0,KXBTC15M-26JUN260800-00,2026-06-26T11:45:00+00:00,2026-06-26T12:00:00+00:00
2026-06-26T11:58:43.969799+00:00,BUY NO (DOWN),NO,-24.67,1.0,16.381,-2407.0,-7013727.0,0.75,1.0,,59422.0,KXBTC15M-26JUN260800-00,2026-06-26T11:45:00+00:00,2026-06-26T12:00:00+00:00
2026-06-26T12:03:00.585978+00:00,BUY NO (DOWN),NO,-42.52,0.9603,3.51,-208808.0,-3470093.0,0.63,0.9603,,59370.73,KXBTC15M-26JUN260815-15,2026-06-26T12:00:00+00:00,2026-06-26T12:15:00+00:00
2026-06-26T12:10:39.157538+00:00,BUY NO (DOWN),NO,-27.25,0.994,5.027,-333167.0,-2145710.0,0.52,0.994,,59389.99,KXBTC15M-26JUN260815-15,2026-06-26T12:00:00+00:00,2026-06-26T12:15:00+00:00
2026-06-26T12:10:53.564306+00:00,BUY NO (DOWN),NO,-21.98,0.984,4.287,-16111.0,-2058376.0,0.5800000000000001,0.984,,59391.27,KXBTC15M-26JUN260815-15,2026-06-26T12:00:00+00:00,2026-06-26T12:15:00+00:00
2026-06-26T12:36:28.567032+00:00,BUY NO (DOWN),NO,-20.0,0.7421,1.3,-412769.0,2830336.0,0.63,0.7421,,59706.01,KXBTC15M-26JUN260845-45,2026-06-26T12:30:00+00:00,2026-06-26T12:45:00+00:00
2026-06-26T12:36:31.548751+00:00,BUY NO (DOWN),NO,-34.0,0.8678,2.232,-437403.0,2755468.0,0.59,0.8678,,59688.27,KXBTC15M-26JUN260845-45,2026-06-26T12:30:00+00:00,2026-06-26T12:45:00+00:00
2026-06-26T13:03:00.821937+00:00,BUY NO (DOWN),NO,-26.19,0.776,1.518,-134631.0,-79020.0,0.62,0.776,,59176.01,KXBTC15M-26JUN260915-15,2026-06-26T13:00:00+00:00,2026-06-26T13:15:00+00:00
2026-06-26T13:03:20.931937+00:00,BUY NO (DOWN),NO,-21.38,0.7478,1.335,25574.0,-47434.0,0.5900000000000001,0.7478,,59182.04,KXBTC15M-26JUN260915-15,2026-06-26T13:00:00+00:00,2026-06-26T13:15:00+00:00
2026-06-26T13:05:09.928437+00:00,BUY NO (DOWN),NO,-21.69,0.7784,1.534,-2197501.0,-1987231.0,0.5900000000000001,0.7784,,59174.01,KXBTC15M-26JUN260915-15,2026-06-26T13:00:00+00:00,2026-06-26T13:15:00+00:00
2026-06-26T13:06:03.713156+00:00,BUY NO (DOWN),NO,-20.58,0.7827,1.563,-2438031.0,-3307454.0,0.63,0.7827,,59160.24,KXBTC15M-26JUN260915-15,2026-06-26T13:00:00+00:00,2026-06-26T13:15:00+00:00
2026-06-26T13:07:25.020308+00:00,BUY NO (DOWN),NO,-31.41,0.9178,2.781,-429948.0,-3894498.0,0.6799999999999999,0.9178,,59162.0,KXBTC15M-26JUN260915-15,2026-06-26T13:00:00+00:00,2026-06-26T13:15:00+00:00
2026-06-26T13:12:03.728474+00:00,BUY NO (DOWN),NO,-103.43,1.0,21.359,338033.0,515919.0,0.947,1.0,,59099.47,KXBTC15M-26JUN260915-15,2026-06-26T13:00:00+00:00,2026-06-26T13:15:00+00:00
2026-06-26T13:13:22.032548+00:00,BUY NO (DOWN),NO,-24.16,0.9999,7.489,-38867.0,1079658.0,0.69,0.9999,,59179.27,KXBTC15M-26JUN260915-15,2026-06-26T13:00:00+00:00,2026-06-26T13:15:00+00:00
2026-06-26T13:14:12.647796+00:00,BUY NO (DOWN),NO,-23.42,1.0,14.799,-1043260.0,-432441.0,0.921,1.0,,59164.66,KXBTC15M-26JUN260915-15,2026-06-26T13:00:00+00:00,2026-06-26T13:15:00+00:00
2026-06-26T13:18:01.161667+00:00,BUY NO (DOWN),NO,-75.83,0.9626,3.562,-13011.0,-4727154.0,0.7,0.9626,,59054.0,KXBTC15M-26JUN260930-30,2026-06-26T13:15:00+00:00,2026-06-26T13:30:00+00:00
2026-06-26T13:26:19.530931+00:00,BUY NO (DOWN),NO,-188.0,1.0,16.532,-162126.0,-5405689.0,0.949,1.0,,58916.0,KXBTC15M-26JUN260930-30,2026-06-26T13:15:00+00:00,2026-06-26T13:30:00+00:00
2026-06-26T13:26:27.398757+00:00,BUY NO (DOWN),NO,-181.56,1.0,18.23,-639427.0,-3119756.0,0.95,1.0,,58922.78,KXBTC15M-26JUN260930-30,2026-06-26T13:15:00+00:00,2026-06-26T13:30:00+00:00
2026-06-26T13:33:56.030522+00:00,BUY NO (DOWN),NO,-21.01,0.6048,0.531,-568454.0,-45982.0,0.53,0.6048,,58883.76,KXBTC15M-26JUN260945-45,2026-06-26T13:30:00+00:00,2026-06-26T13:45:00+00:00
2026-06-26T13:34:02.573619+00:00,BUY NO (DOWN),NO,-28.69,0.6427,0.731,-218521.0,34702.0,0.52,0.6427,,58864.43,KXBTC15M-26JUN260945-45,2026-06-26T13:30:00+00:00,2026-06-26T13:45:00+00:00
2026-06-26T13:48:06.023877+00:00,BUY NO (DOWN),NO,-30.29,0.7267,1.206,-238109.0,498269.0,0.54,0.7267,,59432.89,KXBTC15M-26JUN261000-00,2026-06-26T13:45:00+00:00,2026-06-26T14:00:00+00:00
2026-06-26T13:48:53.125347+00:00,BUY NO (DOWN),NO,-21.16,0.6736,0.9,5128.0,-425314.0,0.51,0.6736,,59439.12,KXBTC15M-26JUN261000-00,2026-06-26T13:45:00+00:00,2026-06-26T14:00:00+00:00
2026-06-26T13:49:04.170675+00:00,BUY NO (DOWN),NO,-25.09,0.708,1.095,-9306.0,-363490.0,0.53,0.708,,59441.32,KXBTC15M-26JUN261000-00,2026-06-26T13:45:00+00:00,2026-06-26T14:00:00+00:00
2026-06-26T13:49:14.260543+00:00,BUY NO (DOWN),NO,-22.3,0.69,0.991,-201814.0,-330677.0,0.51,0.69,,59423.52,KXBTC15M-26JUN261000-00,2026-06-26T13:45:00+00:00,2026-06-26T14:00:00+00:00
2026-06-26T13:49:35.149687+00:00,BUY NO (DOWN),NO,-24.29,0.7103,1.108,-296398.0,-300666.0,0.52,0.7103,,59446.02,KXBTC15M-26JUN261000-00,2026-06-26T13:45:00+00:00,2026-06-26T14:00:00+00:00
2026-06-26T13:49:50.195427+00:00,BUY NO (DOWN),NO,-28.7,0.7512,1.356,103768.0,-1583551.0,0.53,0.7512,,59441.62,KXBTC15M-26JUN261000-00,2026-06-26T13:45:00+00:00,2026-06-26T14:00:00+00:00
2026-06-26T13:50:18.622834+00:00,BUY NO (DOWN),NO,-27.43,0.7532,1.369,80035.0,297107.0,0.55,0.7532,,59443.93,KXBTC15M-26JUN261000-00,2026-06-26T13:45:00+00:00,2026-06-26T14:00:00+00:00
2026-06-26T14:03:00.281650+00:00,BUY NO (DOWN),NO,-270.3,1.0,7.82,521799.0,2139068.0,0.81,1.0,,59907.49,KXBTC15M-26JUN261015-15,2026-06-26T14:00:00+00:00,2026-06-26T14:15:00+00:00
2026-06-26T14:11:09.862849+00:00,BUY NO (DOWN),NO,-199.42,1.0,23.262,277408.0,3446211.0,0.945,1.0,,59965.99,KXBTC15M-26JUN261015-15,2026-06-26T14:00:00+00:00,2026-06-26T14:15:00+00:00
2026-06-26T14:12:39.402179+00:00,BUY NO (DOWN),NO,-127.43,1.0,25.7,353388.0,4769630.0,0.942,1.0,,60048.0,KXBTC15M-26JUN261015-15,2026-06-26T14:00:00+00:00,2026-06-26T14:15:00+00:00
2026-06-26T14:12:56.414337+00:00,BUY NO (DOWN),NO,-132.73,1.0,31.728,375269.0,4832751.0,0.938,1.0,,60040.0,KXBTC15M-26JUN261015-15,2026-06-26T14:00:00+00:00,2026-06-26T14:15:00+00:00
2026-06-26T14:13:08.644965+00:00,BUY NO (DOWN),NO,-93.42,1.0,25.464,442384.0,4904422.0,0.918,1.0,,60068.01,KXBTC15M-26JUN261015-15,2026-06-26T14:00:00+00:00,2026-06-26T14:15:00+00:00
2026-06-26T14:18:01.167137+00:00,BUY NO (DOWN),NO,-71.97,0.9605,3.512,559476.0,1186811.0,0.64,0.9605,,59921.97,KXBTC15M-26JUN261030-30,2026-06-26T14:15:00+00:00,2026-06-26T14:30:00+00:00
2026-06-26T14:19:12.640980+00:00,BUY NO (DOWN),NO,-25.98,0.7604,1.415,214602.0,1515884.0,0.5700000000000001,0.7604,,59942.01,KXBTC15M-26JUN261030-30,2026-06-26T14:15:00+00:00,2026-06-26T14:30:00+00:00
2026-06-26T14:24:20.180109+00:00,BUY NO (DOWN),NO,-21.98,0.8079,1.741,-376495.0,1646896.0,0.54,0.8079,,59968.01,KXBTC15M-26JUN261030-30,2026-06-26T14:15:00+00:00,2026-06-26T14:30:00+00:00
2026-06-26T14:33:00.487117+00:00,BUY NO (DOWN),NO,-118.77,0.9787,4.056,-142723.0,3207732.0,0.79,0.9787,,59966.07,KXBTC15M-26JUN261045-45,2026-06-26T14:30:00+00:00,2026-06-26T14:45:00+00:00
2026-06-26T14:54:27.540499+00:00,BUY NO (DOWN),NO,-27.01,0.9283,2.926,279581.0,155753.0,0.5700000000000001,0.9283,,59559.04,KXBTC15M-26JUN261100-00,2026-06-26T14:45:00+00:00,2026-06-26T15:00:00+00:00
2026-06-26T14:54:55.725422+00:00,BUY NO (DOWN),NO,-25.0,0.9363,3.049,-178470.0,72854.0,0.54,0.9363,,59573.04,KXBTC15M-26JUN261100-00,2026-06-26T14:45:00+00:00,2026-06-26T15:00:00+00:00
2026-06-26T14:56:04.550005+00:00,BUY NO (DOWN),NO,-134.47,1.0,19.883,-934559.0,-677210.0,0.916,1.0,,59469.36,KXBTC15M-26JUN261100-00,2026-06-26T14:45:00+00:00,2026-06-26T15:00:00+00:00
2026-06-26T14:56:23.084782+00:00,BUY NO (DOWN),NO,-159.01,1.0,25.53,-659642.0,-620908.0,0.95,1.0,,59435.98,KXBTC15M-26JUN261100-00,2026-06-26T14:45:00+00:00,2026-06-26T15:00:00+00:00
2026-06-26T14:56:37.228115+00:00,BUY NO (DOWN),NO,-139.0,1.0,24.013,-126149.0,-411832.0,0.9299999999999999,1.0,,59467.16,KXBTC15M-26JUN261100-00,2026-06-26T14:45:00+00:00,2026-06-26T15:00:00+00:00
2026-06-26T14:57:20.296088+00:00,BUY NO (DOWN),NO,-21.0,0.9863,4.41,498565.0,-219496.0,0.6599999999999999,0.9863,,59572.01,KXBTC15M-26JUN261100-00,2026-06-26T14:45:00+00:00,2026-06-26T15:00:00+00:00
2026-06-26T14:57:33.028545+00:00,BUY NO (DOWN),NO,-22.32,0.9954,5.209,443397.0,23473.0,0.62,0.9954,,59583.66,KXBTC15M-26JUN261100-00,2026-06-26T14:45:00+00:00,2026-06-26T15:00:00+00:00
2026-06-26T15:33:18.065860+00:00,BUY NO (DOWN),NO,-21.0,0.6837,0.956,149919.0,-534514.0,0.52,0.6837,,60175.0,KXBTC15M-26JUN261145-45,2026-06-26T15:30:00+00:00,2026-06-26T15:45:00+00:00
2026-06-26T15:34:56.031128+00:00,BUY NO (DOWN),NO,-27.89,0.7967,1.66,221299.0,-751657.0,0.54,0.7967,,60158.01,KXBTC15M-26JUN261145-45,2026-06-26T15:30:00+00:00,2026-06-26T15:45:00+00:00
2026-06-26T15:35:31.354617+00:00,BUY NO (DOWN),NO,-26.79,0.7958,1.654,185071.0,-547013.0,0.53,0.7958,,60154.0,KXBTC15M-26JUN261145-45,2026-06-26T15:30:00+00:00,2026-06-26T15:45:00+00:00
2026-06-26T15:48:00.656757+00:00,BUY NO (DOWN),NO,-113.98,0.9997,6.877,24387.0,-34246.0,0.77,0.9997,,60324.01,KXBTC15M-26JUN261200-00,2026-06-26T15:45:00+00:00,2026-06-26T16:00:00+00:00
2026-06-26T15:49:45.685950+00:00,BUY NO (DOWN),NO,-24.55,0.809,1.749,362457.0,587929.0,0.6,0.809,,60404.16,KXBTC15M-26JUN261200-00,2026-06-26T15:45:00+00:00,2026-06-26T16:00:00+00:00
2026-06-26T15:51:05.818888+00:00,BUY NO (DOWN),NO,-117.99,0.9999,7.252,-1428582.0,-1021396.0,0.5700000000000001,0.9999,,60307.54,KXBTC15M-26JUN261200-00,2026-06-26T15:45:00+00:00,2026-06-26T16:00:00+00:00
2026-06-26T15:54:13.320674+00:00,BUY NO (DOWN),NO,-184.0,1.0,11.333,1329562.0,-843043.0,0.922,1.0,,60246.29,KXBTC15M-26JUN261200-00,2026-06-26T15:45:00+00:00,2026-06-26T16:00:00+00:00
2026-06-26T15:56:46.299774+00:00,BUY NO (DOWN),NO,-110.72,1.0,17.859,-24029.0,1689041.0,0.946,1.0,,60327.26,KXBTC15M-26JUN261200-00,2026-06-26T15:45:00+00:00,2026-06-26T16:00:00+00:00
2026-06-26T15:57:01.068923+00:00,BUY NO (DOWN),NO,-114.0,1.0,20.171,-386503.0,1267870.0,0.9410000000000001,1.0,,60323.99,KXBTC15M-26JUN261200-00,2026-06-26T15:45:00+00:00,2026-06-26T16:00:00+00:00
2026-06-26T15:57:09.774462+00:00,BUY NO (DOWN),NO,-91.99,1.0,17.551,-383598.0,1215091.0,0.923,1.0,,60345.99,KXBTC15M-26JUN261200-00,2026-06-26T15:45:00+00:00,2026-06-26T16:00:00+00:00
2026-06-26T16:07:59.565862+00:00,BUY NO (DOWN),NO,-32.02,0.9371,3.061,-331279.0,-369252.0,0.54,0.9371,,60308.74,KXBTC15M-26JUN261215-15,2026-06-26T16:00:00+00:00,2026-06-26T16:15:00+00:00
2026-06-26T16:18:29.203745+00:00,BUY NO (DOWN),NO,-22.0,0.7797,1.542,85552.0,870501.0,0.56,0.7797,,60129.93,KXBTC15M-26JUN261230-30,2026-06-26T16:15:00+00:00,2026-06-26T16:30:00+00:00
2026-06-26T16:52:48.068684+00:00,BUY NO (DOWN),NO,-34.98,0.9691,3.737,-304537.0,321778.0,0.8200000000000001,0.9691,,60032.01,KXBTC15M-26JUN261300-00,2026-06-26T16:45:00+00:00,2026-06-26T17:00:00+00:00
2026-06-26T16:53:09.089947+00:00,BUY NO (DOWN),NO,-20.98,0.8777,2.327,19113.0,467787.0,0.8,0.8777,,60046.01,KXBTC15M-26JUN261300-00,2026-06-26T16:45:00+00:00,2026-06-26T17:00:00+00:00
2026-06-26T16:56:16.507181+00:00,BUY NO (DOWN),NO,-24.98,0.9995,6.582,-85233.0,-177326.0,0.89,0.9995,,60042.01,KXBTC15M-26JUN261300-00,2026-06-26T16:45:00+00:00,2026-06-26T17:00:00+00:00
2026-06-26T16:56:53.445751+00:00,BUY NO (DOWN),NO,-28.98,1.0,10.364,113000.0,122525.0,0.924,1.0,,60038.01,KXBTC15M-26JUN261300-00,2026-06-26T16:45:00+00:00,2026-06-26T17:00:00+00:00
2026-06-26T16:57:01.177694+00:00,BUY NO (DOWN),NO,-36.99,1.0,13.789,101514.0,204465.0,0.946,1.0,,60031.99,KXBTC15M-26JUN261300-00,2026-06-26T16:45:00+00:00,2026-06-26T17:00:00+00:00
2026-06-26T16:57:33.560871+00:00,BUY NO (DOWN),NO,-25.65,1.0,11.573,43258.0,294044.0,0.944,1.0,,60041.34,KXBTC15M-26JUN261300-00,2026-06-26T16:45:00+00:00,2026-06-26T17:00:00+00:00
2026-06-26T17:18:01.814185+00:00,BUY NO (DOWN),NO,-143.99,1.0,11.203,-96100.0,82634.0,0.83,1.0,,60087.41,KXBTC15M-26JUN261330-30,2026-06-26T17:15:00+00:00,2026-06-26T17:30:00+00:00
2026-06-26T17:22:32.174120+00:00,BUY NO (DOWN),NO,-26.15,0.8824,2.374,708154.0,443779.0,0.6,0.8824,,60195.84,KXBTC15M-26JUN261330-30,2026-06-26T17:15:00+00:00,2026-06-26T17:30:00+00:00
2026-06-26T17:29:23.294072+00:00,BUY NO (DOWN),NO,-22.85,1.0,42.894,70748.0,687707.0,0.65,1.0,,60199.14,KXBTC15M-26JUN261330-30,2026-06-26T17:15:00+00:00,2026-06-26T17:30:00+00:00
2026-06-26T17:34:24.012205+00:00,BUY NO (DOWN),NO,-22.74,0.871,2.263,13442.0,226740.0,0.61,0.871,,60156.08,KXBTC15M-26JUN261345-45,2026-06-26T17:30:00+00:00,2026-06-26T17:45:00+00:00
2026-06-26T17:49:02.461878+00:00,BUY NO (DOWN),NO,-24.22,0.8851,2.402,-5483.0,360277.0,0.64,0.8851,,60041.99,KXBTC15M-26JUN261400-00,2026-06-26T17:45:00+00:00,2026-06-26T18:00:00+00:00
2026-06-26T17:52:37.434265+00:00,BUY NO (DOWN),NO,-25.5,0.9842,4.299,86202.0,226579.0,0.69,0.9842,,60036.0,KXBTC15M-26JUN261400-00,2026-06-26T17:45:00+00:00,2026-06-26T18:00:00+00:00
2026-06-26T17:54:52.771923+00:00,BUY NO (DOWN),NO,-21.49,0.9915,4.771,440314.0,520520.0,0.6699999999999999,0.9915,,60044.01,KXBTC15M-26JUN261400-00,2026-06-26T17:45:00+00:00,2026-06-26T18:00:00+00:00
2026-06-26T17:58:07.915340+00:00,BUY NO (DOWN),NO,-25.5,1.0,9.247,714397.0,1694770.0,0.83,1.0,,60040.01,KXBTC15M-26JUN261400-00,2026-06-26T17:45:00+00:00,2026-06-26T18:00:00+00:00
2026-06-26T17:58:52.914435+00:00,BUY NO (DOWN),NO,-29.5,1.0,17.958,749735.0,1773742.0,0.938,1.0,,60036.0,KXBTC15M-26JUN261400-00,2026-06-26T17:45:00+00:00,2026-06-26T18:00:00+00:00
2026-06-26T18:18:00.999718+00:00,BUY NO (DOWN),NO,-63.99,0.9993,6.377,125369.0,94719.0,0.76,0.9993,,60020.01,KXBTC15M-26JUN261430-30,2026-06-26T18:15:00+00:00,2026-06-26T18:30:00+00:00
2026-06-26T18:22:05.199278+00:00,BUY NO (DOWN),NO,-21.99,0.9714,3.804,-76255.0,144730.0,0.6799999999999999,0.9714,,60062.0,KXBTC15M-26JUN261430-30,2026-06-26T18:15:00+00:00,2026-06-26T18:30:00+00:00
2026-06-26T18:23:19.143812+00:00,BUY NO (DOWN),NO,-27.99,0.9993,6.422,-40499.0,48694.0,0.69,0.9993,,60056.01,KXBTC15M-26JUN261430-30,2026-06-26T18:15:00+00:00,2026-06-26T18:30:00+00:00
2026-06-26T18:23:44.279475+00:00,BUY NO (DOWN),NO,-25.99,0.9995,6.615,27801.0,90494.0,0.76,0.9995,,60058.01,KXBTC15M-26JUN261430-30,2026-06-26T18:15:00+00:00,2026-06-26T18:30:00+00:00
2026-06-26T18:26:33.388240+00:00,BUY NO (DOWN),NO,-68.73,1.0,25.355,-39692.0,-78763.0,0.942,1.0,,60015.28,KXBTC15M-26JUN261430-30,2026-06-26T18:15:00+00:00,2026-06-26T18:30:00+00:00
2026-06-26T18:36:24.538867+00:00,BUY NO (DOWN),NO,-26.01,0.9484,3.259,-264170.0,800039.0,0.71,0.9484,,59800.0,KXBTC15M-26JUN261445-45,2026-06-26T18:30:00+00:00,2026-06-26T18:45:00+00:00
2026-06-26T18:37:12.529633+00:00,BUY NO (DOWN),NO,-21.52,0.9514,3.318,-151642.0,736887.0,0.74,0.9514,,59800.11,KXBTC15M-26JUN261445-45,2026-06-26T18:30:00+00:00,2026-06-26T18:45:00+00:00
2026-06-26T18:38:15.357322+00:00,BUY NO (DOWN),NO,-24.0,0.9869,4.449,7887.0,168192.0,0.76,0.9869,,59800.0,KXBTC15M-26JUN261445-45,2026-06-26T18:30:00+00:00,2026-06-26T18:45:00+00:00
2026-06-26T18:38:29.047876+00:00,BUY NO (DOWN),NO,-25.13,0.992,4.821,-34797.0,76677.0,0.77,0.992,,59800.89,KXBTC15M-26JUN261445-45,2026-06-26T18:30:00+00:00,2026-06-26T18:45:00+00:00
2026-06-26T18:48:00.989620+00:00,BUY NO (DOWN),NO,-96.0,1.0,9.628,-480166.0,-1246927.0,0.81,1.0,,59678.29,KXBTC15M-26JUN261500-00,2026-06-26T18:45:00+00:00,2026-06-26T19:00:00+00:00
2026-06-26T19:18:00.615911+00:00,BUY NO (DOWN),NO,-54.08,0.9983,5.843,7533.0,-195879.0,0.74,0.9983,,59965.09,KXBTC15M-26JUN261530-30,2026-06-26T19:15:00+00:00,2026-06-26T19:30:00+00:00
2026-06-26T19:18:51.488511+00:00,BUY NO (DOWN),NO,-23.17,0.8836,2.387,142816.0,-302098.0,0.7,0.8836,,59996.01,KXBTC15M-26JUN261530-30,2026-06-26T19:15:00+00:00,2026-06-26T19:30:00+00:00
2026-06-26T19:23:13.986468+00:00,BUY NO (DOWN),NO,-107.18,1.0,18.905,35168.0,910835.0,0.946,1.0,,59914.0,KXBTC15M-26JUN261530-30,2026-06-26T19:15:00+00:00,2026-06-26T19:30:00+00:00
2026-06-26T19:25:13.806686+00:00,BUY NO (DOWN),NO,-71.17,1.0,17.321,402849.0,1135213.0,0.925,1.0,,59947.99,KXBTC15M-26JUN261530-30,2026-06-26T19:15:00+00:00,2026-06-26T19:30:00+00:00
2026-06-26T19:25:49.446805+00:00,BUY NO (DOWN),NO,-73.18,1.0,20.562,166646.0,1199850.0,0.948,1.0,,59949.2,KXBTC15M-26JUN261530-30,2026-06-26T19:15:00+00:00,2026-06-26T19:30:00+00:00
2026-06-26T19:37:22.904809+00:00,BUY NO (DOWN),NO,-29.75,0.9903,4.674,-258742.0,-172738.0,0.6,0.9903,,59908.2,KXBTC15M-26JUN261545-45,2026-06-26T19:30:00+00:00,2026-06-26T19:45:00+00:00
2026-06-26T19:38:03.387783+00:00,BUY NO (DOWN),NO,-21.19,0.9658,3.644,-25424.0,-150185.0,0.51,0.9658,,59916.75,KXBTC15M-26JUN261545-45,2026-06-26T19:30:00+00:00,2026-06-26T19:45:00+00:00
2026-06-26T19:38:27.809352+00:00,BUY NO (DOWN),NO,-24.31,0.9866,4.43,105495.0,-265548.0,0.5900000000000001,0.9866,,59913.64,KXBTC15M-26JUN261545-45,2026-06-26T19:30:00+00:00,2026-06-26T19:45:00+00:00
2026-06-26T19:43:49.253848+00:00,BUY NO (DOWN),NO,-21.94,1.0,20.434,47209.0,1566730.0,0.73,1.0,,59917.05,KXBTC15M-26JUN261545-45,2026-06-26T19:30:00+00:00,2026-06-26T19:45:00+00:00
2026-06-26T19:44:23.234391+00:00,BUY NO (DOWN),NO,-25.94,1.0,45.925,-23945.0,1624603.0,0.72,1.0,,59912.0,KXBTC15M-26JUN261545-45,2026-06-26T19:30:00+00:00,2026-06-26T19:45:00+00:00
2026-06-26T19:48:09.147162+00:00,BUY NO (DOWN),NO,-24.38,0.9458,3.21,-180776.0,4713.0,0.6799999999999999,0.9458,,59859.63,KXBTC15M-26JUN261600-00,2026-06-26T19:45:00+00:00,2026-06-26T20:00:00+00:00
2026-06-26T19:48:20.101436+00:00,BUY NO (DOWN),NO,-23.33,0.9459,3.213,-168811.0,-1529.0,0.69,0.9459,,59860.67,KXBTC15M-26JUN261600-00,2026-06-26T19:45:00+00:00,2026-06-26T20:00:00+00:00
2026-06-26T19:49:13.152502+00:00,BUY NO (DOWN),NO,-20.52,0.9086,2.664,237477.0,252988.0,0.7,0.9086,,59863.48,KXBTC15M-26JUN261600-00,2026-06-26T19:45:00+00:00,2026-06-26T20:00:00+00:00
2026-06-26T19:50:08.952915+00:00,BUY NO (DOWN),NO,-21.96,0.8955,2.512,-120906.0,195840.0,0.7,0.8955,,59862.05,KXBTC15M-26JUN261600-00,2026-06-26T19:45:00+00:00,2026-06-26T20:00:00+00:00
2026-06-26T19:50:18.129981+00:00,BUY NO (DOWN),NO,-20.0,0.8687,2.241,-99289.0,91759.0,0.72,0.8687,,59864.0,KXBTC15M-26JUN261600-00,2026-06-26T19:45:00+00:00,2026-06-26T20:00:00+00:00
2026-06-26T19:50:23.850480+00:00,BUY NO (DOWN),NO,-22.0,0.8934,2.489,-82507.0,87033.0,0.6799999999999999,0.8934,,59862.0,KXBTC15M-26JUN261600-00,2026-06-26T19:45:00+00:00,2026-06-26T20:00:00+00:00
2026-06-26T19:54:07.733454+00:00,BUY NO (DOWN),NO,-26.0,0.988,4.514,37669.0,52588.0,0.79,0.988,,59861.37,KXBTC15M-26JUN261600-00,2026-06-26T19:45:00+00:00,2026-06-26T20:00:00+00:00
2026-06-26T19:54:44.671876+00:00,BUY NO (DOWN),NO,-20.01,0.9717,3.814,-225032.0,-281459.0,0.76,0.9717,,59864.0,KXBTC15M-26JUN261600-00,2026-06-26T19:45:00+00:00,2026-06-26T20:00:00+00:00
2026-06-26T19:55:01.735030+00:00,BUY NO (DOWN),NO,-20.57,0.9721,3.826,-362326.0,-451370.0,0.71,0.9721,,59857.94,KXBTC15M-26JUN261600-00,2026-06-26T19:45:00+00:00,2026-06-26T20:00:00+00:00
2026-06-26T19:56:03.567344+00:00,BUY NO (DOWN),NO,-22.0,0.999,6.186,228878.0,-401050.0,0.8200000000000001,0.999,,59854.01,KXBTC15M-26JUN261600-00,2026-06-26T19:45:00+00:00,2026-06-26T20:00:00+00:00
2026-06-26T19:57:10.042520+00:00,BUY NO (DOWN),NO,-40.39,1.0,16.616,425530.0,-12227.0,0.95,1.0,,59843.62,KXBTC15M-26JUN261600-00,2026-06-26T19:45:00+00:00,2026-06-26T20:00:00+00:00
2026-06-26T19:57:24.624543+00:00,BUY NO (DOWN),NO,-28.01,1.0,12.885,489447.0,-37214.0,0.909,1.0,,59857.99,KXBTC15M-26JUN261600-00,2026-06-26T19:45:00+00:00,2026-06-26T20:00:00+00:00
2026-06-26T20:05:31.668336+00:00,BUY NO (DOWN),NO,-39.83,0.9519,3.327,-229690.0,-270958.0,0.71,0.9519,,59782.0,KXBTC15M-26JUN261615-15,2026-06-26T20:00:00+00:00,2026-06-26T20:15:00+00:00
2026-06-26T20:05:54.973027+00:00,BUY NO (DOWN),NO,-20.03,0.8194,1.826,-391431.0,-347798.0,0.77,0.8194,,59772.52,KXBTC15M-26JUN261615-15,2026-06-26T20:00:00+00:00,2026-06-26T20:15:00+00:00
2026-06-26T20:06:41.180926+00:00,BUY NO (DOWN),NO,-26.53,0.9062,2.636,-255899.0,-408841.0,0.83,0.9062,,59762.02,KXBTC15M-26JUN261615-15,2026-06-26T20:00:00+00:00,2026-06-26T20:15:00+00:00
2026-06-26T20:09:25.343936+00:00,BUY NO (DOWN),NO,-20.96,0.9653,3.632,43126.0,-367301.0,0.912,0.9653,,59763.67,KXBTC15M-26JUN261615-15,2026-06-26T20:00:00+00:00,2026-06-26T20:15:00+00:00
2026-06-26T20:23:15.775939+00:00,BUY NO (DOWN),NO,-28.65,0.9997,6.798,43007.0,302320.0,0.55,0.9997,,59701.35,KXBTC15M-26JUN261630-30,2026-06-26T20:15:00+00:00,2026-06-26T20:30:00+00:00
2026-06-26T20:23:36.019122+00:00,BUY NO (DOWN),NO,-22.01,0.9967,5.423,-212308.0,260953.0,0.54,0.9967,,59713.5,KXBTC15M-26JUN261630-30,2026-06-26T20:15:00+00:00,2026-06-26T20:30:00+00:00
2026-06-26T20:33:00.579660+00:00,BUY NO (DOWN),NO,-148.59,1.0,11.746,75876.0,-523056.0,0.84,1.0,,59635.41,KXBTC15M-26JUN261645-45,2026-06-26T20:30:00+00:00,2026-06-26T20:45:00+00:00
2026-06-26T20:36:38.843253+00:00,BUY NO (DOWN),NO,-174.0,1.0,17.163,-547794.0,-384737.0,0.92,1.0,,59610.0,KXBTC15M-26JUN261645-45,2026-06-26T20:30:00+00:00,2026-06-26T20:45:00+00:00
2026-06-26T20:37:43.701382+00:00,BUY NO (DOWN),NO,-154.01,1.0,17.421,242107.0,-317070.0,0.935,1.0,,59630.0,KXBTC15M-26JUN261645-45,2026-06-26T20:30:00+00:00,2026-06-26T20:45:00+00:00
2026-06-26T21:03:31.618547+00:00,BUY NO (DOWN),NO,-20.88,0.9443,3.184,-44811.0,231582.0,0.6699999999999999,0.9443,,59686.0,KXBTC15M-26JUN261715-15,2026-06-26T21:00:00+00:00,2026-06-26T21:15:00+00:00
2026-06-26T21:18:02.723999+00:00,BUY NO (DOWN),NO,-57.1,1.0,9.226,-69909.0,-497672.0,0.74,1.0,,59708.0,KXBTC15M-26JUN261730-30,2026-06-26T21:15:00+00:00,2026-06-26T21:30:00+00:00
2026-06-26T21:48:01.088604+00:00,BUY NO (DOWN),NO,-69.99,0.9964,5.368,-95719.0,75369.0,0.8,0.9964,,59950.01,KXBTC15M-26JUN261800-00,2026-06-26T21:45:00+00:00,2026-06-26T22:00:00+00:00
2026-06-26T22:03:23.942753+00:00,BUY NO (DOWN),NO,-27.99,0.9778,4.021,-705983.0,-623523.0,0.72,0.9778,,59884.01,KXBTC15M-26JUN261815-15,2026-06-26T22:00:00+00:00,2026-06-26T22:15:00+00:00
2026-06-26T22:05:23.944075+00:00,BUY NO (DOWN),NO,-150.01,1.0,16.826,-43056.0,-705824.0,0.95,1.0,,59761.99,KXBTC15M-26JUN261815-15,2026-06-26T22:00:00+00:00,2026-06-26T22:15:00+00:00
2026-06-26T22:12:06.403661+00:00,BUY NO (DOWN),NO,-22.0,1.0,9.518,-56871.0,381526.0,0.88,1.0,,59890.0,KXBTC15M-26JUN261815-15,2026-06-26T22:00:00+00:00,2026-06-26T22:15:00+00:00
2026-06-26T23:03:00.706713+00:00,BUY NO (DOWN),NO,-24.49,0.9834,4.261,-163521.0,-17435.0,0.71,0.9834,,60014.83,KXBTC15M-26JUN261915-15,2026-06-26T23:00:00+00:00,2026-06-26T23:15:00+00:00
2026-06-26T23:18:00.833214+00:00,BUY NO (DOWN),NO,-79.44,1.0,9.98,-132111.0,-434119.0,0.77,1.0,,60012.01,KXBTC15M-26JUN261930-30,2026-06-26T23:15:00+00:00,2026-06-26T23:30:00+00:00
2026-06-26T23:24:38.983527+00:00,BUY NO (DOWN),NO,-20.3,0.984,4.288,248357.0,969370.0,0.54,0.984,,60071.15,KXBTC15M-26JUN261930-30,2026-06-26T23:15:00+00:00,2026-06-26T23:30:00+00:00
2026-06-27T00:03:18.899857+00:00,BUY NO (DOWN),NO,-21.56,0.9451,3.198,-37044.0,-327501.0,0.63,0.9451,,60078.01,KXBTC15M-26JUN262015-15,2026-06-27T00:00:00+00:00,2026-06-27T00:15:00+00:00
2026-06-27T00:18:00.810381+00:00,BUY NO (DOWN),NO,-22.0,0.9513,3.316,73776.0,-188235.0,0.65,0.9513,,60091.99,KXBTC15M-26JUN262030-30,2026-06-27T00:15:00+00:00,2026-06-27T00:30:00+00:00
2026-06-27T00:18:31.095594+00:00,BUY NO (DOWN),NO,-22.37,0.957,3.434,54043.0,-424139.0,0.6,0.957,,60091.63,KXBTC15M-26JUN262030-30,2026-06-27T00:15:00+00:00,2026-06-27T00:30:00+00:00
2026-06-27T00:19:27.762048+00:00,BUY NO (DOWN),NO,-20.0,0.9663,3.657,-51342.0,-289757.0,0.64,0.9663,,60094.0,KXBTC15M-26JUN262030-30,2026-06-27T00:15:00+00:00,2026-06-27T00:30:00+00:00
2026-06-27T00:19:32.741763+00:00,BUY NO (DOWN),NO,-20.0,0.969,3.734,-40718.0,-291422.0,0.64,0.969,,60091.99,KXBTC15M-26JUN262030-30,2026-06-27T00:15:00+00:00,2026-06-27T00:30:00+00:00
2026-06-27T00:23:42.377245+00:00,BUY NO (DOWN),NO,-77.99,1.0,40.69,-53436.0,-273566.0,0.95,1.0,,60036.01,KXBTC15M-26JUN262030-30,2026-06-27T00:15:00+00:00,2026-06-27T00:30:00+00:00
2026-06-27T00:23:54.156057+00:00,BUY NO (DOWN),NO,-70.07,1.0,35.566,-31969.0,-242018.0,0.94,1.0,,60043.94,KXBTC15M-26JUN262030-30,2026-06-27T00:15:00+00:00,2026-06-27T00:30:00+00:00
2026-06-27T00:33:01.566956+00:00,BUY NO (DOWN),NO,-118.62,1.0,12.982,281239.0,-806011.0,0.89,1.0,,59932.01,KXBTC15M-26JUN262045-45,2026-06-27T00:30:00+00:00,2026-06-27T00:45:00+00:00
2026-06-27T00:39:04.489784+00:00,BUY NO (DOWN),NO,-107.83,1.0,36.852,174642.0,2692723.0,0.94,1.0,,59942.81,KXBTC15M-26JUN262045-45,2026-06-27T00:30:00+00:00,2026-06-27T00:45:00+00:00
2026-06-27T00:40:00.620419+00:00,BUY NO (DOWN),NO,-80.63,1.0,35.545,20768.0,2864913.0,0.926,1.0,,59975.81,KXBTC15M-26JUN262045-45,2026-06-27T00:30:00+00:00,2026-06-27T00:45:00+00:00
2026-06-27T00:41:14.870194+00:00,BUY NO (DOWN),NO,-66.62,1.0,34.405,-48847.0,1030211.0,0.948,1.0,,59984.0,KXBTC15M-26JUN262045-45,2026-06-27T00:30:00+00:00,2026-06-27T00:45:00+00:00
2026-06-27T01:03:00.977294+00:00,BUY NO (DOWN),NO,-29.1,0.9973,5.565,50615.0,419799.0,0.6699999999999999,0.9973,,60030.0,KXBTC15M-26JUN262115-15,2026-06-27T01:00:00+00:00,2026-06-27T01:15:00+00:00
2026-06-27T01:33:00.231518+00:00,BUY NO (DOWN),NO,-55.92,1.0,14.681,-4565.0,954614.0,0.8200000000000001,1.0,,59936.08,KXBTC15M-26JUN262145-45,2026-06-27T01:30:00+00:00,2026-06-27T01:45:00+00:00
2026-06-27T01:36:36.721655+00:00,BUY NO (DOWN),NO,-23.91,0.9999,7.591,-34857.0,28716.0,0.64,0.9999,,59968.09,KXBTC15M-26JUN262145-45,2026-06-27T01:30:00+00:00,2026-06-27T01:45:00+00:00
2026-06-27T01:39:28.806369+00:00,BUY NO (DOWN),NO,-21.32,1.0,9.277,341514.0,317239.0,0.65,1.0,,59970.68,KXBTC15M-26JUN262145-45,2026-06-27T01:30:00+00:00,2026-06-27T01:45:00+00:00
2026-06-27T01:40:09.735523+00:00,BUY NO (DOWN),NO,-20.41,1.0,9.814,1633217.0,1550202.0,0.73,1.0,,59971.6,KXBTC15M-26JUN262145-45,2026-06-27T01:30:00+00:00,2026-06-27T01:45:00+00:00
2026-06-27T01:44:56.175703+00:00,BUY NO (DOWN),NO,-24.0,1.0,824.133,-368347.0,897132.0,0.5800000000000001,1.0,,59968.0,KXBTC15M-26JUN262145-45,2026-06-27T01:30:00+00:00,2026-06-27T01:45:00+00:00
2026-06-27T01:55:49.772096+00:00,BUY NO (DOWN),NO,-30.5,1.0,24.819,-48111.0,-237114.0,0.94,1.0,,59937.51,KXBTC15M-26JUN262200-00,2026-06-27T01:45:00+00:00,2026-06-27T02:00:00+00:00
2026-06-27T02:18:03.283507+00:00,BUY NO (DOWN),NO,-22.26,0.8682,2.236,-214164.0,222312.0,0.5800000000000001,0.8682,,60092.01,KXBTC15M-26JUN262230-30,2026-06-27T02:15:00+00:00,2026-06-27T02:30:00+00:00
2026-06-27T02:36:58.053426+00:00,BUY NO (DOWN),NO,-20.14,0.9453,3.202,129694.0,4626404.0,0.83,0.9453,,60252.0,KXBTC15M-26JUN262245-45,2026-06-27T02:30:00+00:00,2026-06-27T02:45:00+00:00
2026-06-27T02:37:15.759548+00:00,BUY NO (DOWN),NO,-30.13,0.9958,5.27,155255.0,4535505.0,0.85,0.9958,,60242.0,KXBTC15M-26JUN262245-45,2026-06-27T02:30:00+00:00,2026-06-27T02:45:00+00:00
2026-06-27T03:05:17.434501+00:00,BUY NO (DOWN),NO,-24.1,0.8506,2.078,-229693.0,295375.0,0.6799999999999999,0.8506,,60264.0,KXBTC15M-26JUN262315-15,2026-06-27T03:00:00+00:00,2026-06-27T03:15:00+00:00
2026-06-27T03:09:35.632995+00:00,BUY NO (DOWN),NO,-81.5,1.0,21.238,110418.0,-136144.0,0.945,1.0,,60207.99,KXBTC15M-26JUN262315-15,2026-06-27T03:00:00+00:00,2026-06-27T03:15:00+00:00
2026-06-27T03:10:02.605281+00:00,BUY NO (DOWN),NO,-80.76,1.0,23.356,77025.0,-122868.0,0.95,1.0,,60208.74,KXBTC15M-26JUN262315-15,2026-06-27T03:00:00+00:00,2026-06-27T03:15:00+00:00
2026-06-27T03:54:01.955836+00:00,BUY NO (DOWN),NO,-20.01,1.0,8.036,74997.0,-97244.0,0.83,1.0,,60284.0,KXBTC15M-26JUN270000-00,2026-06-27T03:45:00+00:00,2026-06-27T04:00:00+00:00
2026-06-27T03:54:46.606818+00:00,BUY NO (DOWN),NO,-20.0,1.0,10.837,-16528.0,-221257.0,0.85,1.0,,60266.0,KXBTC15M-26JUN270000-00,2026-06-27T03:45:00+00:00,2026-06-27T04:00:00+00:00
2026-06-27T04:37:15.700018+00:00,BUY NO (DOWN),NO,-21.29,0.9919,4.809,-63536.0,278511.0,0.6699999999999999,0.9919,,60374.94,KXBTC15M-26JUN270045-45,2026-06-27T04:30:00+00:00,2026-06-27T04:45:00+00:00
2026-06-27T04:38:57.478844+00:00,BUY NO (DOWN),NO,-20.22,0.9961,5.319,-32649.0,146321.0,0.6599999999999999,0.9961,,60376.01,KXBTC15M-26JUN270045-45,2026-06-27T04:30:00+00:00,2026-06-27T04:45:00+00:00
2026-06-27T04:49:06.942033+00:00,BUY NO (DOWN),NO,-20.01,0.9968,5.444,-11450.0,-78833.0,0.69,0.9968,,60354.01,KXBTC15M-26JUN270100-00,2026-06-27T04:45:00+00:00,2026-06-27T05:00:00+00:00
2026-06-27T04:53:40.508481+00:00,BUY NO (DOWN),NO,-72.02,1.0,44.546,12519.0,-361242.0,0.944,1.0,,60302.0,KXBTC15M-26JUN270100-00,2026-06-27T04:45:00+00:00,2026-06-27T05:00:00+00:00
2026-06-27T05:04:02.944001+00:00,BUY NO (DOWN),NO,-25.63,0.9627,3.566,-395210.0,341729.0,0.66,0.9627,,60208.01,KXBTC15M-26JUN270115-15,2026-06-27T05:00:00+00:00,2026-06-27T05:15:00+00:00
2026-06-27T05:05:30.410320+00:00,BUY NO (DOWN),NO,-22.0,0.9609,3.523,41603.0,149696.0,0.56,0.9609,,60218.0,KXBTC15M-26JUN270115-15,2026-06-27T05:00:00+00:00,2026-06-27T05:15:00+00:00
2026-06-27T05:18:00.471896+00:00,BUY NO (DOWN),NO,-42.0,0.9993,6.403,81343.0,553917.0,0.69,0.9993,,60259.99,KXBTC15M-26JUN270130-30,2026-06-27T05:15:00+00:00,2026-06-27T05:30:00+00:00
2026-06-27T05:22:57.059208+00:00,BUY NO (DOWN),NO,-23.38,1.0,13.198,51771.0,348870.0,0.78,1.0,,60278.62,KXBTC15M-26JUN270130-30,2026-06-27T05:15:00+00:00,2026-06-27T05:30:00+00:00
2026-06-27T06:03:00.027766+00:00,BUY NO (DOWN),NO,-74.74,1.0,11.907,4698.0,-1930138.0,0.903,1.0,,60162.02,KXBTC15M-26JUN270215-15,2026-06-27T06:00:00+00:00,2026-06-27T06:15:00+00:00
2026-06-27T06:08:57.382788+00:00,BUY NO (DOWN),NO,-46.77,1.0,42.93,16362.0,451616.0,0.949,1.0,,60189.99,KXBTC15M-26JUN270215-15,2026-06-27T06:00:00+00:00,2026-06-27T06:15:00+00:00
2026-06-27T06:51:22.482763+00:00,BUY NO (DOWN),NO,-25.13,0.9689,3.73,-226550.0,3602313.0,0.62,0.9689,,60382.86,KXBTC15M-26JUN270300-00,2026-06-27T06:45:00+00:00,2026-06-27T07:00:00+00:00
2026-06-27T06:56:21.465855+00:00,BUY NO (DOWN),NO,-43.0,1.0,27.994,15968.0,-435087.0,0.943,1.0,,60364.99,KXBTC15M-26JUN270300-00,2026-06-27T06:45:00+00:00,2026-06-27T07:00:00+00:00
2026-06-27T07:03:00.966960+00:00,BUY NO (DOWN),NO,-24.62,0.9973,5.555,-14709.0,22923.0,0.6699999999999999,0.9973,,60345.53,KXBTC15M-26JUN270315-15,2026-06-27T07:00:00+00:00,2026-06-27T07:15:00+00:00
2026-06-27T07:06:53.770793+00:00,BUY NO (DOWN),NO,-35.29,0.9998,7.137,-182661.0,-129919.0,0.86,0.9998,,60335.33,KXBTC15M-26JUN270315-15,2026-06-27T07:00:00+00:00,2026-06-27T07:15:00+00:00
2026-06-27T07:09:44.490383+00:00,BUY NO (DOWN),NO,-47.08,1.0,15.692,-51455.0,-134391.0,0.943,1.0,,60323.54,KXBTC15M-26JUN270315-15,2026-06-27T07:00:00+00:00,2026-06-27T07:15:00+00:00
2026-06-27T07:33:01.301051+00:00,BUY NO (DOWN),NO,-29.99,0.9999,7.708,-62137.0,-1569535.0,0.75,0.9999,,60400.0,KXBTC15M-26JUN270345-45,2026-06-27T07:30:00+00:00,2026-06-27T07:45:00+00:00
2026-06-27T08:03:01.263390+00:00,BUY NO (DOWN),NO,-75.62,1.0,14.438,21533.0,-1280549.0,0.86,1.0,,60472.45,KXBTC15M-26JUN270415-15,2026-06-27T08:00:00+00:00,2026-06-27T08:15:00+00:00
2026-06-27T08:06:33.962891+00:00,BUY NO (DOWN),NO,-92.85,1.0,28.149,731145.0,2048906.0,0.946,1.0,,60466.0,KXBTC15M-26JUN270415-15,2026-06-27T08:00:00+00:00,2026-06-27T08:15:00+00:00
2026-06-27T08:08:02.838826+00:00,BUY NO (DOWN),NO,-34.07,0.9999,7.476,1315119.0,5039852.0,0.71,0.9999,,60514.0,KXBTC15M-26JUN270415-15,2026-06-27T08:00:00+00:00,2026-06-27T08:15:00+00:00
2026-06-27T08:18:09.916780+00:00,BUY NO (DOWN),NO,-22.12,0.8852,2.403,393142.0,1025392.0,0.55,0.8852,,60478.52,KXBTC15M-26JUN270430-30,2026-06-27T08:15:00+00:00,2026-06-27T08:30:00+00:00
2026-06-27T08:18:37.415203+00:00,BUY NO (DOWN),NO,-22.01,0.8739,2.29,-128118.0,1159800.0,0.62,0.8739,,60458.01,KXBTC15M-26JUN270430-30,2026-06-27T08:15:00+00:00,2026-06-27T08:30:00+00:00
2026-06-27T08:19:18.289874+00:00,BUY NO (DOWN),NO,-22.01,0.8826,2.376,-50329.0,1171285.0,0.5800000000000001,0.8826,,60458.0,KXBTC15M-26JUN270430-30,2026-06-27T08:15:00+00:00,2026-06-27T08:30:00+00:00
2026-06-27T08:21:08.674993+00:00,BUY NO (DOWN),NO,-20.0,0.974,3.886,30931.0,274524.0,0.65,0.974,,60460.0,KXBTC15M-26JUN270430-30,2026-06-27T08:15:00+00:00,2026-06-27T08:30:00+00:00
2026-06-27T08:36:41.596114+00:00,BUY NO (DOWN),NO,-36.75,1.0,8.881,-574103.0,-399122.0,0.5800000000000001,1.0,,60412.72,KXBTC15M-26JUN270445-45,2026-06-27T08:30:00+00:00,2026-06-27T08:45:00+00:00
2026-06-27T08:39:05.563624+00:00,BUY NO (DOWN),NO,-46.75,1.0,13.66,-140191.0,-466548.0,0.949,1.0,,60400.01,KXBTC15M-26JUN270445-45,2026-06-27T08:30:00+00:00,2026-06-27T08:45:00+00:00
2026-06-27T08:39:52.162112+00:00,BUY NO (DOWN),NO,-41.67,1.0,13.27,-643860.0,-1051033.0,0.95,1.0,,60405.1,KXBTC15M-26JUN270445-45,2026-06-27T08:30:00+00:00,2026-06-27T08:45:00+00:00
2026-06-27T08:40:12.569101+00:00,BUY NO (DOWN),NO,-39.76,1.0,13.525,-1449757.0,-1917716.0,0.905,1.0,,60406.99,KXBTC15M-26JUN270445-45,2026-06-27T08:30:00+00:00,2026-06-27T08:45:00+00:00
2026-06-27T08:41:29.562369+00:00,BUY NO (DOWN),NO,-40.76,1.0,19.092,-322590.0,-2090313.0,0.944,1.0,,60405.99,KXBTC15M-26JUN270445-45,2026-06-27T08:30:00+00:00,2026-06-27T08:45:00+00:00
2026-06-27T09:03:00.794212+00:00,BUY NO (DOWN),NO,-27.99,1.0,16.111,24921.0,-357373.0,0.74,1.0,,60428.01,KXBTC15M-26JUN270515-15,2026-06-27T09:00:00+00:00,2026-06-27T09:15:00+00:00
2026-06-27T09:10:05.046137+00:00,BUY NO (DOWN),NO,-23.99,1.0,9.439,-38255.0,168997.0,0.5900000000000001,1.0,,60431.91,KXBTC15M-26JUN270515-15,2026-06-27T09:00:00+00:00,2026-06-27T09:15:00+00:00
2026-06-27T09:18:00.495446+00:00,BUY NO (DOWN),NO,-50.41,0.9984,5.908,-3476.0,-736084.0,0.81,0.9984,,60310.71,KXBTC15M-26JUN270530-30,2026-06-27T09:15:00+00:00,2026-06-27T09:30:00+00:00
2026-06-27T09:22:04.939964+00:00,BUY NO (DOWN),NO,-21.13,0.9997,6.791,-108927.0,340848.0,0.77,0.9997,,60340.0,KXBTC15M-26JUN270530-30,2026-06-27T09:15:00+00:00,2026-06-27T09:30:00+00:00
2026-06-27T09:24:49.948766+00:00,BUY NO (DOWN),NO,-25.93,1.0,13.086,-296845.0,-402688.0,0.6799999999999999,1.0,,60335.19,KXBTC15M-26JUN270530-30,2026-06-27T09:15:00+00:00,2026-06-27T09:30:00+00:00
2026-06-27T10:18:39.318467+00:00,BUY NO (DOWN),NO,-21.99,1.0,10.59,-168534.0,-117910.0,0.6699999999999999,1.0,,60450.01,KXBTC15M-26JUN270630-30,2026-06-27T10:15:00+00:00,2026-06-27T10:30:00+00:00
2026-06-27T10:27:54.505200+00:00,BUY NO (DOWN),NO,-22.0,1.0,39.802,-96243.0,-96097.0,0.77,1.0,,60446.01,KXBTC15M-26JUN270630-30,2026-06-27T10:15:00+00:00,2026-06-27T10:30:00+00:00
2026-06-27T10:28:36.696160+00:00,BUY NO (DOWN),NO,-26.66,1.0,71.714,-60714.0,-112598.0,0.946,1.0,,60445.33,KXBTC15M-26JUN270630-30,2026-06-27T10:15:00+00:00,2026-06-27T10:30:00+00:00
2026-06-27T10:33:01.427884+00:00,BUY NO (DOWN),NO,-45.69,1.0,11.112,-89258.0,-325923.0,0.8,1.0,,60411.99,KXBTC15M-26JUN270645-45,2026-06-27T10:30:00+00:00,2026-06-27T10:45:00+00:00
2026-06-27T10:36:28.688584+00:00,BUY NO (DOWN),NO,-21.44,1.0,9.544,-2573.0,41241.0,0.6799999999999999,1.0,,60436.25,KXBTC15M-26JUN270645-45,2026-06-27T10:30:00+00:00,2026-06-27T10:45:00+00:00
2026-06-27T10:38:06.416708+00:00,BUY NO (DOWN),NO,-21.69,1.0,10.871,15502.0,320239.0,0.7,1.0,,60435.99,KXBTC15M-26JUN270645-45,2026-06-27T10:30:00+00:00,2026-06-27T10:45:00+00:00
2026-06-27T10:41:21.243007+00:00,BUY NO (DOWN),NO,-23.68,1.0,22.01,-145229.0,-167251.0,0.87,1.0,,60434.0,KXBTC15M-26JUN270645-45,2026-06-27T10:30:00+00:00,2026-06-27T10:45:00+00:00
2026-06-27T10:41:29.166499+00:00,BUY NO (DOWN),NO,-23.69,1.0,28.939,-158499.0,-177986.0,0.95,1.0,,60434.01,KXBTC15M-26JUN270645-45,2026-06-27T10:30:00+00:00,2026-06-27T10:45:00+00:00
2026-06-27T10:48:01.057372+00:00,BUY NO (DOWN),NO,-24.52,0.9999,7.359,-49115.0,-406383.0,0.6799999999999999,0.9999,,60404.01,KXBTC15M-26JUN270700-00,2026-06-27T10:45:00+00:00,2026-06-27T11:00:00+00:00
2026-06-27T10:50:43.853497+00:00,BUY NO (DOWN),NO,-23.15,1.0,12.24,-48466.0,-295665.0,0.63,1.0,,60405.38,KXBTC15M-26JUN270700-00,2026-06-27T10:45:00+00:00,2026-06-27T11:00:00+00:00
2026-06-27T10:54:46.752630+00:00,BUY NO (DOWN),NO,-42.18,1.0,37.3,135905.0,-188153.0,0.942,1.0,,60386.35,KXBTC15M-26JUN270700-00,2026-06-27T10:45:00+00:00,2026-06-27T11:00:00+00:00
2026-06-27T10:55:40.407684+00:00,BUY NO (DOWN),NO,-40.38,1.0,44.083,196792.0,-156553.0,0.926,1.0,,60388.15,KXBTC15M-26JUN270700-00,2026-06-27T10:45:00+00:00,2026-06-27T11:00:00+00:00
2026-06-27T10:55:51.791949+00:00,BUY NO (DOWN),NO,-33.13,1.0,73.73,99902.0,253523.0,0.913,1.0,,60395.4,KXBTC15M-26JUN270700-00,2026-06-27T10:45:00+00:00,2026-06-27T11:00:00+00:00
2026-06-27T10:56:28.705514+00:00,BUY NO (DOWN),NO,-33.13,1.0,87.482,39287.0,297180.0,0.9390000000000001,1.0,,60395.41,KXBTC15M-26JUN270700-00,2026-06-27T10:45:00+00:00,2026-06-27T11:00:00+00:00
2026-06-27T10:57:37.264690+00:00,BUY NO (DOWN),NO,-29.96,1.0,116.809,15657.0,230860.0,0.949,1.0,,60398.57,KXBTC15M-26JUN270700-00,2026-06-27T10:45:00+00:00,2026-06-27T11:00:00+00:00
2026-06-27T10:57:59.789512+00:00,BUY NO (DOWN),NO,-26.54,1.0,118.376,46175.0,272124.0,0.927,1.0,,60401.99,KXBTC15M-26JUN270700-00,2026-06-27T10:45:00+00:00,2026-06-27T11:00:00+00:00
2026-06-27T11:05:44.185260+00:00,BUY NO (DOWN),NO,-26.28,0.9971,5.524,-112665.0,-134727.0,0.67,0.9971,,60394.0,KXBTC15M-26JUN270715-15,2026-06-27T11:00:00+00:00,2026-06-27T11:15:00+00:00
2026-06-27T11:18:01.387616+00:00,BUY NO (DOWN),NO,-60.67,1.0,9.579,42733.0,2483147.0,0.84,1.0,,60336.98,KXBTC15M-26JUN270730-30,2026-06-27T11:15:00+00:00,2026-06-27T11:30:00+00:00
2026-06-27T11:37:46.182759+00:00,BUY NO (DOWN),NO,-21.27,0.9504,3.297,-62190.0,-928150.0,0.54,0.9504,,60242.0,KXBTC15M-26JUN270745-45,2026-06-27T11:30:00+00:00,2026-06-27T11:45:00+00:00
2026-06-27T11:42:06.011226+00:00,BUY NO (DOWN),NO,-40.94,1.0,20.761,431135.0,-144874.0,0.944,1.0,,60222.33,KXBTC15M-26JUN270745-45,2026-06-27T11:30:00+00:00,2026-06-27T11:45:00+00:00
2026-06-27T11:42:45.321393+00:00,BUY NO (DOWN),NO,-34.89,1.0,23.781,8492.0,-33884.0,0.9390000000000001,1.0,,60228.37,KXBTC15M-26JUN270745-45,2026-06-27T11:30:00+00:00,2026-06-27T11:45:00+00:00
2026-06-27T11:43:00.821194+00:00,BUY NO (DOWN),NO,-29.99,1.0,32.341,59388.0,448528.0,0.935,1.0,,60233.29,KXBTC15M-26JUN270745-45,2026-06-27T11:30:00+00:00,2026-06-27T11:45:00+00:00
2026-06-27T11:43:12.370073+00:00,BUY NO (DOWN),NO,-23.32,1.0,28.127,188672.0,538951.0,0.929,1.0,,60239.94,KXBTC15M-26JUN270745-45,2026-06-27T11:30:00+00:00,2026-06-27T11:45:00+00:00
2026-06-27T12:03:01.520519+00:00,BUY NO (DOWN),NO,-38.67,1.0,8.092,-162340.0,204131.0,0.76,1.0,,60324.99,KXBTC15M-26JUN270815-15,2026-06-27T12:00:00+00:00,2026-06-27T12:15:00+00:00
2026-06-27T12:39:35.169242+00:00,BUY NO (DOWN),NO,-22.68,0.9998,7.071,-63979.0,219894.0,0.58,0.9998,,60320.01,KXBTC15M-26JUN270845-45,2026-06-27T12:30:00+00:00,2026-06-27T12:45:00+00:00
2026-06-27T12:41:41.689751+00:00,BUY NO (DOWN),NO,-27.66,1.0,17.432,-60805.0,385302.0,0.57,1.0,,60318.32,KXBTC15M-26JUN270845-45,2026-06-27T12:30:00+00:00,2026-06-27T12:45:00+00:00
2026-06-27T13:05:12.509175+00:00,BUY NO (DOWN),NO,-21.29,0.926,2.893,-714043.0,-2177687.0,0.51,0.926,,60408.71,KXBTC15M-26JUN270915-15,2026-06-27T13:00:00+00:00,2026-06-27T13:15:00+00:00
2026-06-27T13:06:15.477257+00:00,BUY NO (DOWN),NO,-20.2,0.9372,3.063,-137.0,-2215343.0,0.55,0.9372,,60407.22,KXBTC15M-26JUN270915-15,2026-06-27T13:00:00+00:00,2026-06-27T13:15:00+00:00
2026-06-27T13:18:02.550992+00:00,BUY NO (DOWN),NO,-30.18,0.9965,5.39,-121774.0,1230611.0,0.6699999999999999,0.9965,,60400.47,KXBTC15M-26JUN270930-30,2026-06-27T13:15:00+00:00,2026-06-27T13:30:00+00:00
2026-06-27T13:48:15.615261+00:00,BUY NO (DOWN),NO,-23.04,0.8844,2.394,-53262.0,-335738.0,0.6,0.8844,,60574.01,KXBTC15M-26JUN271000-00,2026-06-27T13:45:00+00:00,2026-06-27T14:00:00+00:00
2026-06-27T13:53:02.277986+00:00,BUY NO (DOWN),NO,-27.23,0.9998,7.141,48400.0,379765.0,0.7,0.9998,,60571.54,KXBTC15M-26JUN271000-00,2026-06-27T13:45:00+00:00,2026-06-27T14:00:00+00:00
2026-06-27T13:53:21.893904+00:00,BUY NO (DOWN),NO,-27.22,0.9999,7.763,-5737.0,281713.0,0.74,0.9999,,60571.54,KXBTC15M-26JUN271000-00,2026-06-27T13:45:00+00:00,2026-06-27T14:00:00+00:00
2026-06-27T13:54:04.537613+00:00,BUY NO (DOWN),NO,-20.87,0.9997,6.838,129838.0,477381.0,0.72,0.9997,,60577.89,KXBTC15M-26JUN271000-00,2026-06-27T13:45:00+00:00,2026-06-27T14:00:00+00:00
2026-06-27T13:56:35.885039+00:00,BUY NO (DOWN),NO,-32.03,1.0,18.334,-61721.0,-18091.0,0.89,1.0,,60566.73,KXBTC15M-26JUN271000-00,2026-06-27T13:45:00+00:00,2026-06-27T14:00:00+00:00
2026-06-27T14:03:01.628349+00:00,BUY NO (DOWN),NO,-72.23,1.0,12.579,-15741.0,-16283.0,0.81,1.0,,60516.11,KXBTC15M-26JUN271015-15,2026-06-27T14:00:00+00:00,2026-06-27T14:15:00+00:00
2026-06-27T14:08:03.124501+00:00,BUY NO (DOWN),NO,-20.55,0.9994,6.514,-14470.0,-11621.0,0.5900000000000001,0.9994,,60567.8,KXBTC15M-26JUN271015-15,2026-06-27T14:00:00+00:00,2026-06-27T14:15:00+00:00
2026-06-27T14:18:01.332008+00:00,BUY NO (DOWN),NO,-35.39,0.8466,2.044,77581.0,623419.0,0.69,0.8466,,60640.43,KXBTC15M-26JUN271030-30,2026-06-27T14:15:00+00:00,2026-06-27T14:30:00+00:00
2026-06-27T14:23:13.531358+00:00,BUY NO (DOWN),NO,-51.42,1.0,18.279,137523.0,-37638.0,0.933,1.0,,60619.19,KXBTC15M-26JUN271030-30,2026-06-27T14:15:00+00:00,2026-06-27T14:30:00+00:00
2026-06-27T14:23:47.340602+00:00,BUY NO (DOWN),NO,-52.1,1.0,19.369,26829.0,43679.0,0.945,1.0,,60623.43,KXBTC15M-26JUN271030-30,2026-06-27T14:15:00+00:00,2026-06-27T14:30:00+00:00
2026-06-27T14:25:12.098044+00:00,BUY NO (DOWN),NO,-39.01,1.0,17.058,356838.0,460220.0,0.935,1.0,,60631.6,KXBTC15M-26JUN271030-30,2026-06-27T14:15:00+00:00,2026-06-27T14:30:00+00:00
2026-06-27T14:25:49.360849+00:00,BUY NO (DOWN),NO,-24.61,1.0,11.639,2680624.0,3153694.0,0.918,1.0,,60645.99,KXBTC15M-26JUN271030-30,2026-06-27T14:15:00+00:00,2026-06-27T14:30:00+00:00
2026-06-27T14:26:46.122275+00:00,BUY NO (DOWN),NO,-27.18,1.0,13.136,2541920.0,3070488.0,0.919,1.0,,60643.43,KXBTC15M-26JUN271030-30,2026-06-27T14:15:00+00:00,2026-06-27T14:30:00+00:00
2026-06-27T14:36:44.542386+00:00,BUY NO (DOWN),NO,-20.36,0.9982,5.811,-86552.0,66185.0,0.8200000000000001,0.9982,,60570.58,KXBTC15M-26JUN271045-45,2026-06-27T14:30:00+00:00,2026-06-27T14:45:00+00:00
2026-06-27T14:36:58.983970+00:00,BUY NO (DOWN),NO,-25.44,0.9828,4.232,-269750.0,-142619.0,0.903,0.9828,,60563.12,KXBTC15M-26JUN271045-45,2026-06-27T14:30:00+00:00,2026-06-27T14:45:00+00:00
2026-06-27T14:52:35.008706+00:00,BUY NO (DOWN),NO,-21.63,0.9987,6.044,-408384.0,-758668.0,0.72,0.9987,,60608.5,KXBTC15M-26JUN271100-00,2026-06-27T14:45:00+00:00,2026-06-27T15:00:00+00:00
2026-06-27T14:54:21.914185+00:00,BUY NO (DOWN),NO,-21.63,1.0,14.597,-430.0,-511303.0,0.84,1.0,,60606.3,KXBTC15M-26JUN271100-00,2026-06-27T14:45:00+00:00,2026-06-27T15:00:00+00:00
2026-06-27T14:54:49.761071+00:00,BUY NO (DOWN),NO,-21.26,1.0,14.212,-237202.0,-700733.0,0.8,1.0,,60608.87,KXBTC15M-26JUN271100-00,2026-06-27T14:45:00+00:00,2026-06-27T15:00:00+00:00
2026-06-27T14:55:52.908451+00:00,BUY NO (DOWN),NO,-20.73,1.0,16.224,-676953.0,-1379962.0,0.89,1.0,,60609.41,KXBTC15M-26JUN271100-00,2026-06-27T14:45:00+00:00,2026-06-27T15:00:00+00:00
2026-06-27T15:03:25.268605+00:00,BUY NO (DOWN),NO,-25.48,0.9981,5.791,23923.0,131379.0,0.6799999999999999,0.9981,,60586.0,KXBTC15M-26JUN271115-15,2026-06-27T15:00:00+00:00,2026-06-27T15:15:00+00:00
2026-06-27T15:18:00.792439+00:00,BUY NO (DOWN),NO,-110.0,1.0,10.551,-444728.0,-978271.0,0.85,1.0,,60767.49,KXBTC15M-26JUN271130-30,2026-06-27T15:15:00+00:00,2026-06-27T15:30:00+00:00
2026-06-27T15:21:34.971895+00:00,BUY NO (DOWN),NO,-147.48,1.0,23.181,-346347.0,-933659.0,0.944,1.0,,60730.01,KXBTC15M-26JUN271130-30,2026-06-27T15:15:00+00:00,2026-06-27T15:30:00+00:00
2026-06-27T15:33:00.189475+00:00,BUY NO (DOWN),NO,-33.66,0.9098,2.678,239962.0,349833.0,0.6799999999999999,0.9098,,60778.01,KXBTC15M-26JUN271145-45,2026-06-27T15:30:00+00:00,2026-06-27T15:45:00+00:00
2026-06-27T15:34:46.444926+00:00,BUY NO (DOWN),NO,-20.88,0.9212,2.826,-196443.0,-53779.0,0.5700000000000001,0.9212,,60790.79,KXBTC15M-26JUN271145-45,2026-06-27T15:30:00+00:00,2026-06-27T15:45:00+00:00
2026-06-27T15:35:15.111859+00:00,BUY NO (DOWN),NO,-21.59,0.9363,3.05,-244613.0,8515.0,0.64,0.9363,,60787.5,KXBTC15M-26JUN271145-45,2026-06-27T15:30:00+00:00,2026-06-27T15:45:00+00:00
2026-06-27T15:35:39.722992+00:00,BUY NO (DOWN),NO,-24.92,0.9756,3.939,-212070.0,-47210.0,0.61,0.9756,,60786.16,KXBTC15M-26JUN271145-45,2026-06-27T15:30:00+00:00,2026-06-27T15:45:00+00:00
2026-06-27T15:36:19.398977+00:00,BUY NO (DOWN),NO,-29.98,0.9961,5.314,-323571.0,19112.0,0.7,0.9961,,60781.7,KXBTC15M-26JUN271145-45,2026-06-27T15:30:00+00:00,2026-06-27T15:45:00+00:00
2026-06-27T15:36:56.852037+00:00,BUY NO (DOWN),NO,-31.55,0.9966,5.407,-387080.0,-164376.0,0.72,0.9966,,60783.39,KXBTC15M-26JUN271145-45,2026-06-27T15:30:00+00:00,2026-06-27T15:45:00+00:00
2026-06-27T15:48:00.677694+00:00,BUY NO (DOWN),NO,-42.0,1.0,9.913,-19451.0,-226422.0,0.6599999999999999,1.0,,60750.0,KXBTC15M-26JUN271200-00,2026-06-27T15:45:00+00:00,2026-06-27T16:00:00+00:00
2026-06-27T15:48:37.888819+00:00,BUY NO (DOWN),NO,-24.36,0.9924,4.855,981279.0,808353.0,0.6,0.9924,,60767.64,KXBTC15M-26JUN271200-00,2026-06-27T15:45:00+00:00,2026-06-27T16:00:00+00:00
2026-06-27T15:50:30.748624+00:00,BUY NO (DOWN),NO,-29.91,0.9987,6.033,-296155.0,1052869.0,0.61,0.9987,,60762.09,KXBTC15M-26JUN271200-00,2026-06-27T15:45:00+00:00,2026-06-27T16:00:00+00:00
2026-06-27T15:51:29.168080+00:00,BUY NO (DOWN),NO,-20.18,0.9853,4.358,-112469.0,1233623.0,0.6699999999999999,0.9853,,60771.82,KXBTC15M-26JUN271200-00,2026-06-27T15:45:00+00:00,2026-06-27T16:00:00+00:00
2026-06-27T16:03:00.291684+00:00,BUY NO (DOWN),NO,-46.6,0.9684,3.716,418899.0,442201.0,0.64,0.9684,,60793.46,KXBTC15M-26JUN271215-15,2026-06-27T16:00:00+00:00,2026-06-27T16:15:00+00:00
2026-06-27T16:08:29.043496+00:00,BUY NO (DOWN),NO,-24.9,0.9996,6.675,273953.0,754944.0,0.64,0.9996,,60815.15,KXBTC15M-26JUN271215-15,2026-06-27T16:00:00+00:00,2026-06-27T16:15:00+00:00
2026-06-27T16:18:00.109655+00:00,BUY NO (DOWN),NO,-20.78,0.9957,5.256,328223.0,79945.0,0.63,0.9957,,60729.16,KXBTC15M-26JUN271230-30,2026-06-27T16:15:00+00:00,2026-06-27T16:30:00+00:00
2026-06-27T16:19:41.444597+00:00,BUY NO (DOWN),NO,-26.04,0.9902,4.666,-101877.0,61435.0,0.69,0.9902,,60723.92,KXBTC15M-26JUN271230-30,2026-06-27T16:15:00+00:00,2026-06-27T16:30:00+00:00
2026-06-27T16:21:52.998538+00:00,BUY NO (DOWN),NO,-26.94,0.9984,5.893,-34081.0,258027.0,0.73,0.9984,,60723.0,KXBTC15M-26JUN271230-30,2026-06-27T16:15:00+00:00,2026-06-27T16:30:00+00:00
2026-06-27T16:22:48.652814+00:00,BUY NO (DOWN),NO,-20.3,0.9908,4.714,-6054.0,213868.0,0.72,0.9908,,60729.66,KXBTC15M-26JUN271230-30,2026-06-27T16:15:00+00:00,2026-06-27T16:30:00+00:00
2026-06-27T16:23:10.546113+00:00,BUY NO (DOWN),NO,-27.26,0.9996,6.689,-48586.0,-123613.0,0.75,0.9996,,60722.69,KXBTC15M-26JUN271230-30,2026-06-27T16:15:00+00:00,2026-06-27T16:30:00+00:00
2026-06-27T16:26:29.542867+00:00,BUY NO (DOWN),NO,-37.97,1.0,30.938,19118.0,-38641.0,0.949,1.0,,60711.99,KXBTC15M-26JUN271230-30,2026-06-27T16:15:00+00:00,2026-06-27T16:30:00+00:00
2026-06-27T16:33:00.582467+00:00,BUY NO (DOWN),NO,-25.98,0.9983,5.867,-203631.0,-91465.0,0.64,0.9983,,60690.64,KXBTC15M-26JUN271245-45,2026-06-27T16:30:00+00:00,2026-06-27T16:45:00+00:00
2026-06-27T16:35:07.676867+00:00,BUY NO (DOWN),NO,-20.13,0.9969,5.465,-126979.0,-266926.0,0.65,0.9969,,60696.48,KXBTC15M-26JUN271245-45,2026-06-27T16:30:00+00:00,2026-06-27T16:45:00+00:00
2026-06-27T16:48:01.448033+00:00,BUY NO (DOWN),NO,-20.51,0.9978,5.708,-18742.0,113277.0,0.5800000000000001,0.9978,,60779.55,KXBTC15M-26JUN271300-00,2026-06-27T16:45:00+00:00,2026-06-27T17:00:00+00:00
2026-06-27T16:56:40.545852+00:00,BUY NO (DOWN),NO,-21.98,1.0,14.498,-575336.0,-419895.0,0.53,1.0,,60772.0,KXBTC15M-26JUN271300-00,2026-06-27T16:45:00+00:00,2026-06-27T17:00:00+00:00
2026-06-27T17:03:00.716515+00:00,BUY NO (DOWN),NO,-232.2,1.0,17.314,-1058361.0,-2150607.0,0.948,1.0,,60575.8,KXBTC15M-26JUN271315-15,2026-06-27T17:00:00+00:00,2026-06-27T17:15:00+00:00
2026-06-27T17:03:36.552535+00:00,BUY NO (DOWN),NO,-257.09,1.0,14.242,778452.0,-1496772.0,0.95,1.0,,60550.91,KXBTC15M-26JUN271315-15,2026-06-27T17:00:00+00:00,2026-06-27T17:15:00+00:00
2026-06-27T17:05:27.284889+00:00,BUY NO (DOWN),NO,-282.4,1.0,14.296,-1443434.0,-3708466.0,0.948,1.0,,60525.6,KXBTC15M-26JUN271315-15,2026-06-27T17:00:00+00:00,2026-06-27T17:15:00+00:00
2026-06-27T17:26:53.033302+00:00,BUY NO (DOWN),NO,-23.01,1.0,11.406,-61948.0,20853.0,0.69,1.0,,60538.0,KXBTC15M-26JUN271330-30,2026-06-27T17:15:00+00:00,2026-06-27T17:30:00+00:00
2026-06-27T17:33:07.106349+00:00,BUY NO (DOWN),NO,-38.89,0.9626,3.563,-201002.0,-47990.0,0.53,0.9626,,60539.99,KXBTC15M-26JUN271345-45,2026-06-27T17:30:00+00:00,2026-06-27T17:45:00+00:00
2026-06-27T17:33:33.376625+00:00,BUY NO (DOWN),NO,-21.73,0.8588,2.15,-472702.0,-26879.0,0.53,0.8588,,60557.16,KXBTC15M-26JUN271345-45,2026-06-27T17:30:00+00:00,2026-06-27T17:45:00+00:00
2026-06-27T17:33:56.080139+00:00,BUY NO (DOWN),NO,-21.17,0.8615,2.174,-544649.0,-47709.0,0.56,0.8615,,60557.72,KXBTC15M-26JUN271345-45,2026-06-27T17:30:00+00:00,2026-06-27T17:45:00+00:00
2026-06-27T17:34:12.783528+00:00,BUY NO (DOWN),NO,-20.93,0.865,2.206,10790.0,23069.0,0.55,0.865,,60557.96,KXBTC15M-26JUN271345-45,2026-06-27T17:30:00+00:00,2026-06-27T17:45:00+00:00
2026-06-27T17:34:29.008424+00:00,BUY NO (DOWN),NO,-28.29,0.9335,3.004,-419983.0,-349937.0,0.52,0.9335,,60550.59,KXBTC15M-26JUN271345-45,2026-06-27T17:30:00+00:00,2026-06-27T17:45:00+00:00
2026-06-27T17:48:00.488357+00:00,BUY NO (DOWN),NO,-24.54,0.9949,5.144,-14852.0,47782.0,0.69,0.9949,,60559.46,KXBTC15M-26JUN271400-00,2026-06-27T17:45:00+00:00,2026-06-27T18:00:00+00:00
2026-06-27T17:57:30.499636+00:00,BUY NO (DOWN),NO,-20.0,1.0,18.473,-101494.0,-172347.0,0.9410000000000001,1.0,,60562.0,KXBTC15M-26JUN271400-00,2026-06-27T17:45:00+00:00,2026-06-27T18:00:00+00:00
2026-06-27T18:03:00.930141+00:00,BUY NO (DOWN),NO,-64.47,0.9987,6.012,67412.0,-976031.0,0.83,0.9987,,60460.4,KXBTC15M-26JUN271415-15,2026-06-27T18:00:00+00:00,2026-06-27T18:15:00+00:00
2026-06-27T18:20:02.158511+00:00,BUY NO (DOWN),NO,-22.21,0.9969,5.464,-559621.0,14864.0,0.63,0.9969,,60499.93,KXBTC15M-26JUN271430-30,2026-06-27T18:15:00+00:00,2026-06-27T18:30:00+00:00
2026-06-27T18:21:07.654729+00:00,BUY NO (DOWN),NO,-20.13,0.9963,5.36,-31169.0,-248969.0,0.5800000000000001,0.9963,,60492.0,KXBTC15M-26JUN271430-30,2026-06-27T18:15:00+00:00,2026-06-27T18:30:00+00:00
2026-06-27T18:27:16.673655+00:00,BUY NO (DOWN),NO,-32.0,1.0,26.938,-28983.0,144730.0,0.95,1.0,,60490.13,KXBTC15M-26JUN271430-30,2026-06-27T18:15:00+00:00,2026-06-27T18:30:00+00:00
2026-06-27T18:48:15.996760+00:00,BUY NO (DOWN),NO,-24.5,0.9959,5.281,-138443.0,492481.0,0.61,0.9959,,60538.0,KXBTC15M-26JUN271500-00,2026-06-27T18:45:00+00:00,2026-06-27T19:00:00+00:00
2026-06-27T19:18:00.173610+00:00,BUY NO (DOWN),NO,-34.42,1.0,10.704,9556.0,77465.0,0.77,1.0,,60564.92,KXBTC15M-26JUN271530-30,2026-06-27T19:15:00+00:00,2026-06-27T19:30:00+00:00
2026-06-27T19:20:08.313686+00:00,BUY NO (DOWN),NO,-129.33,1.0,21.41,-620512.0,-1144466.0,0.9390000000000001,1.0,,60470.01,KXBTC15M-26JUN271530-30,2026-06-27T19:15:00+00:00,2026-06-27T19:30:00+00:00
2026-06-27T19:33:01.562952+00:00,BUY NO (DOWN),NO,-164.32,1.0,8.862,186622.0,-2384172.0,0.86,1.0,,60166.0,KXBTC15M-26JUN271545-45,2026-06-27T19:30:00+00:00,2026-06-27T19:45:00+00:00
2026-06-27T19:37:06.744324+00:00,BUY NO (DOWN),NO,-171.75,1.0,22.554,-208242.0,359091.0,0.9390000000000001,1.0,,60163.68,KXBTC15M-26JUN271545-45,2026-06-27T19:30:00+00:00,2026-06-27T19:45:00+00:00
2026-06-27T19:48:14.455990+00:00,BUY NO (DOWN),NO,-43.94,0.9918,4.799,-86372.0,400645.0,0.54,0.9918,,60150.01,KXBTC15M-26JUN271600-00,2026-06-27T19:45:00+00:00,2026-06-27T20:00:00+00:00
2026-06-27T19:55:15.192945+00:00,BUY NO (DOWN),NO,-49.71,1.0,15.169,-173621.0,-102322.0,0.61,1.0,,60144.24,KXBTC15M-26JUN271600-00,2026-06-27T19:45:00+00:00,2026-06-27T20:00:00+00:00
2026-06-27T19:56:42.523202+00:00,BUY NO (DOWN),NO,-23.41,1.0,10.815,25877.0,104856.0,0.8,1.0,,60162.95,KXBTC15M-26JUN271600-00,2026-06-27T19:45:00+00:00,2026-06-27T20:00:00+00:00
2026-06-27T19:58:16.655408+00:00,BUY NO (DOWN),NO,-22.15,1.0,18.126,18683.0,88087.0,0.92,1.0,,60171.12,KXBTC15M-26JUN271600-00,2026-06-27T19:45:00+00:00,2026-06-27T20:00:00+00:00
2026-06-27T20:39:07.442339+00:00,BUY NO (DOWN),NO,-20.35,1.0,16.126,-132332.0,103414.0,0.56,1.0,,60257.54,KXBTC15M-26JUN271645-45,2026-06-27T20:30:00+00:00,2026-06-27T20:45:00+00:00
2026-06-27T20:43:33.735121+00:00,BUY NO (DOWN),NO,-22.07,1.0,47.207,-29255.0,184594.0,0.83,1.0,,60255.82,KXBTC15M-26JUN271645-45,2026-06-27T20:30:00+00:00,2026-06-27T20:45:00+00:00
2026-06-27T21:18:54.756599+00:00,BUY NO (DOWN),NO,-20.35,0.9946,5.105,-19779.0,-103265.0,0.6799999999999999,0.9946,,60371.37,KXBTC15M-26JUN271730-30,2026-06-27T21:15:00+00:00,2026-06-27T21:30:00+00:00
2026-06-27T21:35:16.390771+00:00,BUY NO (DOWN),NO,-26.39,0.9994,6.439,-450129.0,-411562.0,0.54,0.9994,,60422.01,KXBTC15M-26JUN271745-45,2026-06-27T21:30:00+00:00,2026-06-27T21:45:00+00:00
2026-06-27T21:37:55.789638+00:00,BUY NO (DOWN),NO,-104.89,1.0,25.141,-101572.0,-675078.0,0.95,1.0,,60346.12,KXBTC15M-26JUN271745-45,2026-06-27T21:30:00+00:00,2026-06-27T21:45:00+00:00
2026-06-27T21:38:06.300526+00:00,BUY NO (DOWN),NO,-87.82,1.0,20.577,16283.0,-586329.0,0.937,1.0,,60363.19,KXBTC15M-26JUN271745-45,2026-06-27T21:30:00+00:00,2026-06-27T21:45:00+00:00
2026-06-27T21:38:26.923889+00:00,BUY NO (DOWN),NO,-92.8,1.0,22.864,79955.0,-587748.0,0.949,1.0,,60358.21,KXBTC15M-26JUN271745-45,2026-06-27T21:30:00+00:00,2026-06-27T21:45:00+00:00
2026-06-27T21:50:53.015498+00:00,BUY NO (DOWN),NO,-36.4,0.9978,5.7,-113920.0,494527.0,0.65,0.9978,,60203.52,KXBTC15M-26JUN271800-00,2026-06-27T21:45:00+00:00,2026-06-27T22:00:00+00:00
2026-06-27T21:55:20.396532+00:00,BUY NO (DOWN),NO,-51.99,1.0,11.684,20208.0,-293051.0,0.914,1.0,,60198.0,KXBTC15M-26JUN271800-00,2026-06-27T21:45:00+00:00,2026-06-27T22:00:00+00:00
2026-06-27T22:03:02.166867+00:00,BUY NO (DOWN),NO,-97.59,1.0,8.993,-75504.0,-108427.0,0.77,1.0,,60100.01,KXBTC15M-26JUN271815-15,2026-06-27T22:00:00+00:00,2026-06-27T22:15:00+00:00
2026-06-27T22:10:01.652362+00:00,BUY NO (DOWN),NO,-78.02,1.0,20.724,-140408.0,-464207.0,0.948,1.0,,60130.97,KXBTC15M-26JUN271815-15,2026-06-27T22:00:00+00:00,2026-06-27T22:15:00+00:00
2026-06-27T22:11:09.247877+00:00,BUY NO (DOWN),NO,-59.83,1.0,30.001,-3693.0,-353975.0,0.946,1.0,,60144.0,KXBTC15M-26JUN271815-15,2026-06-27T22:00:00+00:00,2026-06-27T22:15:00+00:00
2026-06-27T22:18:01.357104+00:00,BUY NO (DOWN),NO,-198.04,1.0,8.905,-57478.0,-4193133.0,0.9319999999999999,1.0,,59937.94,KXBTC15M-26JUN271830-30,2026-06-27T22:15:00+00:00,2026-06-27T22:30:00+00:00
2026-06-27T22:25:31.865081+00:00,BUY NO (DOWN),NO,-63.44,1.0,22.68,-37088.0,762935.0,0.95,1.0,,60056.59,KXBTC15M-26JUN271830-30,2026-06-27T22:15:00+00:00,2026-06-27T22:30:00+00:00
2026-06-27T22:26:06.188414+00:00,BUY NO (DOWN),NO,-52.77,1.0,21.2,114505.0,163062.0,0.95,1.0,,60067.26,KXBTC15M-26JUN271830-30,2026-06-27T22:15:00+00:00,2026-06-27T22:30:00+00:00
2026-06-27T22:26:14.008270+00:00,BUY NO (DOWN),NO,-42.29,1.0,17.118,141226.0,187309.0,0.9339999999999999,1.0,,60077.75,KXBTC15M-26JUN271830-30,2026-06-27T22:15:00+00:00,2026-06-27T22:30:00+00:00
2026-06-27T22:27:49.526254+00:00,BUY NO (DOWN),NO,-21.03,1.0,17.763,13202.0,94373.0,0.9359999999999999,1.0,,60099.01,KXBTC15M-26JUN271830-30,2026-06-27T22:15:00+00:00,2026-06-27T22:30:00+00:00
2026-06-27T23:13:07.315966+00:00,BUY NO (DOWN),NO,-48.64,1.0,25.009,-399249.0,-1613781.0,0.87,1.0,,60163.47,KXBTC15M-26JUN271915-15,2026-06-27T23:00:00+00:00,2026-06-27T23:15:00+00:00
2026-06-27T23:20:23.161228+00:00,BUY NO (DOWN),NO,-23.97,0.9111,2.695,-77433.0,-2300.0,0.73,0.9111,,60019.97,KXBTC15M-26JUN271930-30,2026-06-27T23:15:00+00:00,2026-06-27T23:30:00+00:00
2026-06-27T23:20:33.988046+00:00,BUY NO (DOWN),NO,-33.93,0.9778,4.019,-45800.0,11795.0,0.74,0.9778,,59993.29,KXBTC15M-26JUN271930-30,2026-06-27T23:15:00+00:00,2026-06-27T23:30:00+00:00
2026-06-27T23:21:04.147653+00:00,BUY NO (DOWN),NO,-45.24,0.9956,5.239,119537.0,-130128.0,0.74,0.9956,,59990.01,KXBTC15M-26JUN271930-30,2026-06-27T23:15:00+00:00,2026-06-27T23:30:00+00:00
2026-06-27T23:56:57.972265+00:00,BUY NO (DOWN),NO,-25.0,1.0,12.237,61215.0,-1800006.0,0.88,1.0,,60022.01,KXBTC15M-26JUN272000-00,2026-06-27T23:45:00+00:00,2026-06-28T00:00:00+00:00
2026-06-27T23:57:27.246226+00:00,BUY NO (DOWN),NO,-21.0,1.0,12.844,28653.0,-2583109.0,0.9410000000000001,1.0,,60028.0,KXBTC15M-26JUN272000-00,2026-06-27T23:45:00+00:00,2026-06-28T00:00:00+00:00
2026-06-28T00:33:44.084407+00:00,BUY NO (DOWN),NO,-20.8,0.9997,6.924,-12547.0,-547953.0,0.77,0.9997,,60146.01,KXBTC15M-26JUN272045-45,2026-06-28T00:30:00+00:00,2026-06-28T00:45:00+00:00
2026-06-28T00:35:27.937882+00:00,BUY NO (DOWN),NO,-26.64,0.999,6.205,-1307774.0,-1309168.0,0.81,0.999,,60140.16,KXBTC15M-26JUN272045-45,2026-06-28T00:30:00+00:00,2026-06-28T00:45:00+00:00
2026-06-28T00:37:37.470387+00:00,BUY NO (DOWN),NO,-65.08,1.0,15.179,-33571.0,-1435481.0,0.946,1.0,,60108.79,KXBTC15M-26JUN272045-45,2026-06-28T00:30:00+00:00,2026-06-28T00:45:00+00:00
2026-06-28T00:39:21.513684+00:00,BUY NO (DOWN),NO,-23.46,0.9993,6.373,2037973.0,666108.0,0.86,0.9993,,60143.34,KXBTC15M-26JUN272045-45,2026-06-28T00:30:00+00:00,2026-06-28T00:45:00+00:00
2026-06-28T00:40:09.291873+00:00,BUY NO (DOWN),NO,-21.63,0.9997,6.961,106556.0,2043349.0,0.84,0.9997,,60142.52,KXBTC15M-26JUN272045-45,2026-06-28T00:30:00+00:00,2026-06-28T00:45:00+00:00
2026-06-28T00:48:00.145322+00:00,BUY NO (DOWN),NO,-30.87,0.9931,4.927,-35508.0,2049109.0,0.56,0.9931,,60146.01,KXBTC15M-26JUN272100-00,2026-06-28T00:45:00+00:00,2026-06-28T01:00:00+00:00
2026-06-28T00:50:07.313133+00:00,BUY NO (DOWN),NO,-21.66,0.9923,4.844,-479663.0,-622155.0,0.66,0.9923,,60152.18,KXBTC15M-26JUN272100-00,2026-06-28T00:45:00+00:00,2026-06-28T01:00:00+00:00
2026-06-28T00:56:05.394531+00:00,BUY NO (DOWN),NO,-20.87,1.0,13.828,-94228.0,287168.0,0.66,1.0,,60153.41,KXBTC15M-26JUN272100-00,2026-06-28T00:45:00+00:00,2026-06-28T01:00:00+00:00
2026-06-28T01:03:44.595011+00:00,BUY NO (DOWN),NO,-21.93,0.9192,2.8,-60207.0,-155907.0,0.85,0.9192,,60124.07,KXBTC15M-26JUN272115-15,2026-06-28T01:00:00+00:00,2026-06-28T01:15:00+00:00
2026-06-28T01:05:15.874402+00:00,BUY NO (DOWN),NO,-101.79,1.0,21.473,-207936.0,-82459.0,0.943,1.0,,60044.21,KXBTC15M-26JUN272115-15,2026-06-28T01:00:00+00:00,2026-06-28T01:15:00+00:00
2026-06-28T01:07:46.394246+00:00,BUY NO (DOWN),NO,-103.79,1.0,16.707,167181.0,69848.0,0.95,1.0,,60042.21,KXBTC15M-26JUN272115-15,2026-06-28T01:00:00+00:00,2026-06-28T01:15:00+00:00
2026-06-28T01:08:06.848656+00:00,BUY NO (DOWN),NO,-96.77,1.0,16.055,172120.0,79408.0,0.949,1.0,,60049.22,KXBTC15M-26JUN272115-15,2026-06-28T01:00:00+00:00,2026-06-28T01:15:00+00:00
2026-06-28T01:49:17.490335+00:00,BUY NO (DOWN),NO,-24.6,0.996,5.301,-55941.0,-850073.0,0.65,0.996,,60234.06,KXBTC15M-26JUN272200-00,2026-06-28T01:45:00+00:00,2026-06-28T02:00:00+00:00
2026-06-28T01:54:46.737942+00:00,BUY NO (DOWN),NO,-32.18,1.0,16.041,-235695.0,-310446.0,0.81,1.0,,60226.71,KXBTC15M-26JUN272200-00,2026-06-28T01:45:00+00:00,2026-06-28T02:00:00+00:00
2026-06-28T02:19:07.436216+00:00,BUY NO (DOWN),NO,-21.46,0.9459,3.213,-152829.0,696769.0,0.6,0.9459,,60264.68,KXBTC15M-26JUN272230-30,2026-06-28T02:15:00+00:00,2026-06-28T02:30:00+00:00
2026-06-28T02:48:12.293671+00:00,BUY NO (DOWN),NO,-24.75,0.9964,5.377,-390920.0,1021802.0,0.54,0.9964,,60114.0,KXBTC15M-26JUN272300-00,2026-06-28T02:45:00+00:00,2026-06-28T03:00:00+00:00
2026-06-28T03:18:01.345136+00:00,BUY NO (DOWN),NO,-36.55,0.9955,5.227,-22453.0,247898.0,0.74,0.9955,,60227.31,KXBTC15M-26JUN272330-30,2026-06-28T03:15:00+00:00,2026-06-28T03:30:00+00:00
2026-06-28T03:33:00.917126+00:00,BUY NO (DOWN),NO,-40.03,0.9999,7.499,-121748.0,-56101.0,0.84,0.9999,,60222.55,KXBTC15M-26JUN272345-45,2026-06-28T03:30:00+00:00,2026-06-28T03:45:00+00:00
2026-06-28T03:38:17.975914+00:00,BUY NO (DOWN),NO,-46.13,1.0,20.151,-21300.0,-66490.0,0.95,1.0,,60216.43,KXBTC15M-26JUN272345-45,2026-06-28T03:30:00+00:00,2026-06-28T03:45:00+00:00
2026-06-28T03:52:29.832897+00:00,BUY NO (DOWN),NO,-25.43,1.0,9.487,-336263.0,-1140266.0,0.65,1.0,,60171.84,KXBTC15M-26JUN280000-00,2026-06-28T03:45:00+00:00,2026-06-28T04:00:00+00:00
2026-06-28T04:03:00.846712+00:00,BUY NO (DOWN),NO,-53.02,1.0,7.93,-60309.0,-942252.0,0.83,1.0,,60144.01,KXBTC15M-26JUN280015-15,2026-06-28T04:00:00+00:00,2026-06-28T04:15:00+00:00
2026-06-28T04:19:58.799189+00:00,BUY NO (DOWN),NO,-24.45,1.0,9.366,-394778.0,-376594.0,0.62,1.0,,60199.56,KXBTC15M-26JUN280030-30,2026-06-28T04:15:00+00:00,2026-06-28T04:30:00+00:00
2026-06-28T04:28:46.471411+00:00,BUY NO (DOWN),NO,-24.83,1.0,67.706,-47231.0,-38618.0,0.88,1.0,,60199.17,KXBTC15M-26JUN280030-30,2026-06-28T04:15:00+00:00,2026-06-28T04:30:00+00:00
2026-06-28T04:33:01.298167+00:00,BUY NO (DOWN),NO,-96.22,1.0,13.022,15219.0,-211177.0,0.88,1.0,,60102.97,KXBTC15M-26JUN280045-45,2026-06-28T04:30:00+00:00,2026-06-28T04:45:00+00:00
2026-06-28T04:43:02.964081+00:00,BUY NO (DOWN),NO,-29.19,1.0,34.899,72974.0,-44618.0,0.933,1.0,,60169.99,KXBTC15M-26JUN280045-45,2026-06-28T04:30:00+00:00,2026-06-28T04:45:00+00:00
2026-06-28T04:55:09.666379+00:00,BUY NO (DOWN),NO,-23.44,1.0,16.048,-73646.0,-411582.0,0.73,1.0,,60150.56,KXBTC15M-26JUN280100-00,2026-06-28T04:45:00+00:00,2026-06-28T05:00:00+00:00
2026-06-28T05:03:01.360146+00:00,BUY NO (DOWN),NO,-57.78,1.0,11.853,-439893.0,-720249.0,0.78,1.0,,60082.21,KXBTC15M-26JUN280115-15,2026-06-28T05:00:00+00:00,2026-06-28T05:15:00+00:00
2026-06-28T05:06:02.937774+00:00,BUY NO (DOWN),NO,-166.15,1.0,26.597,-9596.0,-1518565.0,0.95,1.0,,59973.84,KXBTC15M-26JUN280115-15,2026-06-28T05:00:00+00:00,2026-06-28T05:15:00+00:00
2026-06-28T05:10:32.728021+00:00,BUY NO (DOWN),NO,-114.01,1.0,66.161,60790.0,-507565.0,0.949,1.0,,60025.98,KXBTC15M-26JUN280115-15,2026-06-28T05:00:00+00:00,2026-06-28T05:15:00+00:00
2026-06-28T05:10:41.562467+00:00,BUY NO (DOWN),NO,-110.01,1.0,66.198,67242.0,-503646.0,0.95,1.0,,60029.98,KXBTC15M-26JUN280115-15,2026-06-28T05:00:00+00:00,2026-06-28T05:15:00+00:00
2026-06-28T05:10:48.609696+00:00,BUY NO (DOWN),NO,-110.01,1.0,68.136,2950.0,-506752.0,0.947,1.0,,60038.9,KXBTC15M-26JUN280115-15,2026-06-28T05:00:00+00:00,2026-06-28T05:15:00+00:00
2026-06-28T05:22:28.148549+00:00,BUY NO (DOWN),NO,-29.45,1.0,10.519,-57303.0,-51618.0,0.8,1.0,,59983.32,KXBTC15M-26JUN280130-30,2026-06-28T05:15:00+00:00,2026-06-28T05:30:00+00:00
2026-06-28T05:24:20.740667+00:00,BUY NO (DOWN),NO,-70.77,1.0,31.528,-245494.0,-282026.0,0.95,1.0,,59942.0,KXBTC15M-26JUN280130-30,2026-06-28T05:15:00+00:00,2026-06-28T05:30:00+00:00
2026-06-28T06:04:16.704135+00:00,BUY NO (DOWN),NO,-20.55,0.9849,4.337,-86629.0,405557.0,0.5900000000000001,0.9849,,59960.23,KXBTC15M-26JUN280215-15,2026-06-28T06:00:00+00:00,2026-06-28T06:15:00+00:00
2026-06-28T06:05:20.836842+00:00,BUY NO (DOWN),NO,-25.31,0.999,6.164,34895.0,41745.0,0.6,0.999,,59963.87,KXBTC15M-26JUN280215-15,2026-06-28T06:00:00+00:00,2026-06-28T06:15:00+00:00
2026-06-28T06:06:04.487673+00:00,BUY NO (DOWN),NO,-22.39,0.9988,6.056,-44388.0,-95339.0,0.63,0.9988,,59966.8,KXBTC15M-26JUN280215-15,2026-06-28T06:00:00+00:00,2026-06-28T06:15:00+00:00
2026-06-28T06:08:14.990009+00:00,BUY NO (DOWN),NO,-22.84,1.0,8.055,17948.0,-125634.0,0.73,1.0,,59965.41,KXBTC15M-26JUN280215-15,2026-06-28T06:00:00+00:00,2026-06-28T06:15:00+00:00
2026-06-28T06:10:11.083175+00:00,BUY NO (DOWN),NO,-23.06,1.0,10.742,-623348.0,-96285.0,0.71,1.0,,59962.76,KXBTC15M-26JUN280215-15,2026-06-28T06:00:00+00:00,2026-06-28T06:15:00+00:00
2026-06-28T07:25:12.982340+00:00,BUY NO (DOWN),NO,-22.48,1.0,17.373,-55225.0,-138268.0,0.63,1.0,,60118.48,KXBTC15M-26JUN280330-30,2026-06-28T07:15:00+00:00,2026-06-28T07:30:00+00:00
2026-06-28T07:53:50.229765+00:00,BUY NO (DOWN),NO,-22.85,0.9997,6.828,44774.0,-1723768.0,0.5800000000000001,0.9997,,60200.01,KXBTC15M-26JUN280400-00,2026-06-28T07:45:00+00:00,2026-06-28T08:00:00+00:00
2026-06-28T07:55:52.097943+00:00,BUY NO (DOWN),NO,-21.41,1.0,17.102,-105126.0,325608.0,0.51,1.0,,60201.46,KXBTC15M-26JUN280400-00,2026-06-28T07:45:00+00:00,2026-06-28T08:00:00+00:00
2026-06-28T08:05:37.065450+00:00,BUY NO (DOWN),NO,-21.99,0.995,5.154,-198608.0,354562.0,0.54,0.995,,60196.17,KXBTC15M-26JUN280415-15,2026-06-28T08:00:00+00:00,2026-06-28T08:15:00+00:00
2026-06-28T08:09:46.559094+00:00,BUY NO (DOWN),NO,-79.85,1.0,27.353,-246612.0,97336.0,0.947,1.0,,60140.15,KXBTC15M-26JUN280415-15,2026-06-28T08:00:00+00:00,2026-06-28T08:15:00+00:00
2026-06-28T08:10:08.170158+00:00,BUY NO (DOWN),NO,-73.32,1.0,26.877,-296713.0,300806.0,0.948,1.0,,60146.68,KXBTC15M-26JUN280415-15,2026-06-28T08:00:00+00:00,2026-06-28T08:15:00+00:00
2026-06-28T08:10:20.956271+00:00,BUY NO (DOWN),NO,-70.13,1.0,26.978,-291778.0,317432.0,0.945,1.0,,60149.87,KXBTC15M-26JUN280415-15,2026-06-28T08:00:00+00:00,2026-06-28T08:15:00+00:00
2026-06-28T08:10:27.512610+00:00,BUY NO (DOWN),NO,-70.13,1.0,27.559,-292190.0,317293.0,0.949,1.0,,60149.88,KXBTC15M-26JUN280415-15,2026-06-28T08:00:00+00:00,2026-06-28T08:15:00+00:00
2026-06-28T08:48:11.193012+00:00,BUY NO (DOWN),NO,-25.42,0.9316,2.976,77234.0,-74381.0,0.62,0.9316,,60424.0,KXBTC15M-26JUN280500-00,2026-06-28T08:45:00+00:00,2026-06-28T09:00:00+00:00
2026-06-28T08:49:35.863177+00:00,BUY NO (DOWN),NO,-21.4,0.9167,2.767,-7198.0,-235131.0,0.53,0.9167,,60423.32,KXBTC15M-26JUN280500-00,2026-06-28T08:45:00+00:00,2026-06-28T09:00:00+00:00
2026-06-28T08:56:00.443592+00:00,BUY NO (DOWN),NO,-58.67,1.0,48.436,107049.0,-70431.0,0.947,1.0,,60390.75,KXBTC15M-26JUN280500-00,2026-06-28T08:45:00+00:00,2026-06-28T09:00:00+00:00
2026-06-28T08:56:11.941155+00:00,BUY NO (DOWN),NO,-58.68,1.0,50.741,-22865.0,-69711.0,0.948,1.0,,60390.0,KXBTC15M-26JUN280500-00,2026-06-28T08:45:00+00:00,2026-06-28T09:00:00+00:00
2026-06-28T08:56:43.104449+00:00,BUY NO (DOWN),NO,-46.9,1.0,47.01,-65056.0,-4769.0,0.9410000000000001,1.0,,60402.52,KXBTC15M-26JUN280500-00,2026-06-28T08:45:00+00:00,2026-06-28T09:00:00+00:00
2026-06-28T09:03:31.461066+00:00,BUY NO (DOWN),NO,-30.0,0.9992,6.314,-21351.0,-118171.0,0.6599999999999999,0.9992,,60340.01,KXBTC15M-26JUN280515-15,2026-06-28T09:00:00+00:00,2026-06-28T09:15:00+00:00
2026-06-28T09:13:54.609500+00:00,BUY NO (DOWN),NO,-20.0,1.0,27.637,-117760.0,-141261.0,0.911,1.0,,60350.01,KXBTC15M-26JUN280515-15,2026-06-28T09:00:00+00:00,2026-06-28T09:15:00+00:00
2026-06-28T09:20:14.764271+00:00,BUY NO (DOWN),NO,-22.02,0.9978,5.692,-68329.0,-416644.0,0.6799999999999999,0.9978,,60346.01,KXBTC15M-26JUN280530-30,2026-06-28T09:15:00+00:00,2026-06-28T09:30:00+00:00
2026-06-28T09:26:10.580352+00:00,BUY NO (DOWN),NO,-42.99,1.0,30.043,-323175.0,-276422.0,0.933,1.0,,60325.05,KXBTC15M-26JUN280530-30,2026-06-28T09:15:00+00:00,2026-06-28T09:30:00+00:00
2026-06-28T09:48:00.267130+00:00,BUY NO (DOWN),NO,-32.88,0.9987,6.019,-60831.0,81731.0,0.79,0.9987,,60346.01,KXBTC15M-26JUN280600-00,2026-06-28T09:45:00+00:00,2026-06-28T10:00:00+00:00
2026-06-28T09:52:06.441238+00:00,BUY NO (DOWN),NO,-70.91,1.0,18.105,105874.0,-249862.0,0.949,1.0,,60307.97,KXBTC15M-26JUN280600-00,2026-06-28T09:45:00+00:00,2026-06-28T10:00:00+00:00
2026-06-28T09:52:21.143755+00:00,BUY NO (DOWN),NO,-64.88,1.0,17.027,117440.0,-203693.0,0.931,1.0,,60314.0,KXBTC15M-26JUN280600-00,2026-06-28T09:45:00+00:00,2026-06-28T10:00:00+00:00
2026-06-28T09:52:59.825998+00:00,BUY NO (DOWN),NO,-72.71,1.0,17.733,10725.0,-187381.0,0.948,1.0,,60306.17,KXBTC15M-26JUN280600-00,2026-06-28T09:45:00+00:00,2026-06-28T10:00:00+00:00
2026-06-28T10:03:43.608956+00:00,BUY NO (DOWN),NO,-24.85,0.9573,3.441,-32293.0,-209422.0,0.75,0.9573,,60234.01,KXBTC15M-26JUN280615-15,2026-06-28T10:00:00+00:00,2026-06-28T10:15:00+00:00
2026-06-28T10:04:05.384793+00:00,BUY NO (DOWN),NO,-26.84,0.973,3.852,-72328.0,-358302.0,0.7,0.973,,60232.0,KXBTC15M-26JUN280615-15,2026-06-28T10:00:00+00:00,2026-06-28T10:15:00+00:00
2026-06-28T10:19:21.351797+00:00,BUY NO (DOWN),NO,-28.5,0.9982,5.81,-101620.0,-106517.0,0.7,0.9982,,60226.01,KXBTC15M-26JUN280630-30,2026-06-28T10:15:00+00:00,2026-06-28T10:30:00+00:00
2026-06-28T10:36:18.741335+00:00,BUY NO (DOWN),NO,-24.33,0.9992,6.284,-214098.0,571686.0,0.63,0.9992,,60080.69,KXBTC15M-26JUN280645-45,2026-06-28T10:30:00+00:00,2026-06-28T10:45:00+00:00
2026-06-28T10:36:25.133451+00:00,BUY NO (DOWN),NO,-20.61,0.9956,5.239,-198282.0,596867.0,0.6799999999999999,0.9956,,60083.71,KXBTC15M-26JUN280645-45,2026-06-28T10:30:00+00:00,2026-06-28T10:45:00+00:00
2026-06-28T10:38:50.619273+00:00,BUY NO (DOWN),NO,-21.74,1.0,8.402,-35588.0,-428475.0,0.76,1.0,,60083.28,KXBTC15M-26JUN280645-45,2026-06-28T10:30:00+00:00,2026-06-28T10:45:00+00:00
2026-06-28T11:09:41.578990+00:00,BUY NO (DOWN),NO,-37.84,1.0,11.297,-1368170.0,-1763763.0,0.5700000000000001,1.0,,60128.2,KXBTC15M-26JUN280715-15,2026-06-28T11:00:00+00:00,2026-06-28T11:15:00+00:00
2026-06-28T11:12:51.752334+00:00,BUY NO (DOWN),NO,-37.2,1.0,32.121,46905.0,-3120761.0,0.948,1.0,,60129.51,KXBTC15M-26JUN280715-15,2026-06-28T11:00:00+00:00,2026-06-28T11:15:00+00:00
2026-06-28T11:37:06.873574+00:00,BUY NO (DOWN),NO,-20.07,0.9993,6.427,-175673.0,-65044.0,0.6599999999999999,0.9993,,60291.93,KXBTC15M-26JUN280745-45,2026-06-28T11:30:00+00:00,2026-06-28T11:45:00+00:00
2026-06-28T11:48:00.219448+00:00,BUY NO (DOWN),NO,-33.99,0.9986,5.996,-16010.0,-434080.0,0.63,0.9986,,60268.97,KXBTC15M-26JUN280800-00,2026-06-28T11:45:00+00:00,2026-06-28T12:00:00+00:00
2026-06-28T12:03:14.792787+00:00,BUY NO (DOWN),NO,-20.05,0.9913,4.759,669.0,201572.0,0.62,0.9913,,60321.94,KXBTC15M-26JUN280815-15,2026-06-28T12:00:00+00:00,2026-06-28T12:15:00+00:00
2026-06-28T12:12:03.722532+00:00,BUY NO (DOWN),NO,-23.51,1.0,14.364,-25971.0,-246347.0,0.63,1.0,,60318.49,KXBTC15M-26JUN280815-15,2026-06-28T12:00:00+00:00,2026-06-28T12:15:00+00:00
2026-06-28T12:12:41.262539+00:00,BUY NO (DOWN),NO,-42.0,1.0,36.37,-42674.0,-259482.0,0.95,1.0,,60300.0,KXBTC15M-26JUN280815-15,2026-06-28T12:00:00+00:00,2026-06-28T12:15:00+00:00
2026-06-28T12:13:16.124879+00:00,BUY NO (DOWN),NO,-36.94,1.0,55.538,-45236.0,-224262.0,0.944,1.0,,60307.99,KXBTC15M-26JUN280815-15,2026-06-28T12:00:00+00:00,2026-06-28T12:15:00+00:00
2026-06-28T12:18:01.242202+00:00,BUY NO (DOWN),NO,-85.35,1.0,8.423,-183456.0,-1856999.0,0.86,1.0,,60201.14,KXBTC15M-26JUN280830-30,2026-06-28T12:15:00+00:00,2026-06-28T12:30:00+00:00
2026-06-28T12:35:11.554176+00:00,BUY NO (DOWN),NO,-20.05,0.8205,1.835,-236934.0,-433485.0,0.63,0.8205,,60300.0,KXBTC15M-26JUN280845-45,2026-06-28T12:30:00+00:00,2026-06-28T12:45:00+00:00
2026-06-28T12:36:04.142165+00:00,BUY NO (DOWN),NO,-20.05,0.9331,2.999,-56870.0,-650351.0,0.56,0.9331,,60300.01,KXBTC15M-26JUN280845-45,2026-06-28T12:30:00+00:00,2026-06-28T12:45:00+00:00
2026-06-28T13:03:00.362986+00:00,BUY NO (DOWN),NO,-191.74,1.0,20.985,-132694.0,-360558.0,0.9390000000000001,1.0,,60092.27,KXBTC15M-26JUN280915-15,2026-06-28T13:00:00+00:00,2026-06-28T13:15:00+00:00
2026-06-28T13:04:45.405822+00:00,BUY NO (DOWN),NO,-220.05,1.0,16.115,-47414.0,-604446.0,0.947,1.0,,60063.96,KXBTC15M-26JUN280915-15,2026-06-28T13:00:00+00:00,2026-06-28T13:15:00+00:00
2026-06-28T13:18:00.695337+00:00,BUY NO (DOWN),NO,-30.49,0.956,3.412,33493.0,198261.0,0.5900000000000001,0.956,,60093.91,KXBTC15M-26JUN280930-30,2026-06-28T13:15:00+00:00,2026-06-28T13:30:00+00:00
2026-06-28T13:20:43.694441+00:00,BUY NO (DOWN),NO,-26.71,0.9982,5.811,-95382.0,-79479.0,0.5800000000000001,0.9982,,60105.2,KXBTC15M-26JUN280930-30,2026-06-28T13:15:00+00:00,2026-06-28T13:30:00+00:00
2026-06-28T13:26:04.894364+00:00,BUY NO (DOWN),NO,-20.38,1.0,9.984,128277.0,347098.0,0.71,1.0,,60104.01,KXBTC15M-26JUN280930-30,2026-06-28T13:15:00+00:00,2026-06-28T13:30:00+00:00
2026-06-28T13:27:42.258063+00:00,BUY NO (DOWN),NO,-23.99,1.0,19.91,-96657.0,70875.0,0.7,1.0,,60098.01,KXBTC15M-26JUN280930-30,2026-06-28T13:15:00+00:00,2026-06-28T13:30:00+00:00
2026-06-28T13:39:26.945437+00:00,BUY NO (DOWN),NO,-26.81,1.0,9.587,-1266165.0,-1165049.0,0.61,1.0,,60101.18,KXBTC15M-26JUN280945-45,2026-06-28T13:30:00+00:00,2026-06-28T13:45:00+00:00
2026-06-28T13:40:06.123009+00:00,BUY NO (DOWN),NO,-31.99,1.0,8.009,-1311842.0,-1204512.0,0.6,1.0,,60094.0,KXBTC15M-26JUN280945-45,2026-06-28T13:30:00+00:00,2026-06-28T13:45:00+00:00
2026-06-28T13:48:00.154971+00:00,BUY NO (DOWN),NO,-27.91,0.9977,5.675,-120489.0,92243.0,0.62,0.9977,,60095.98,KXBTC15M-26JUN281000-00,2026-06-28T13:45:00+00:00,2026-06-28T14:00:00+00:00
2026-06-28T13:52:21.779121+00:00,BUY NO (DOWN),NO,-23.88,0.9993,6.37,389111.0,464419.0,0.6,0.9993,,60100.0,KXBTC15M-26JUN281000-00,2026-06-28T13:45:00+00:00,2026-06-28T14:00:00+00:00
2026-06-28T13:53:32.257379+00:00,BUY NO (DOWN),NO,-30.88,1.0,9.569,-34967.0,484561.0,0.6599999999999999,1.0,,60093.01,KXBTC15M-26JUN281000-00,2026-06-28T13:45:00+00:00,2026-06-28T14:00:00+00:00
2026-06-28T13:54:13.682109+00:00,BUY NO (DOWN),NO,-21.8,1.0,7.924,37610.0,551729.0,0.7,1.0,,60102.09,KXBTC15M-26JUN281000-00,2026-06-28T13:45:00+00:00,2026-06-28T14:00:00+00:00
2026-06-28T13:55:35.401455+00:00,BUY NO (DOWN),NO,-59.25,1.0,25.503,360329.0,953199.0,0.95,1.0,,60064.64,KXBTC15M-26JUN281000-00,2026-06-28T13:45:00+00:00,2026-06-28T14:00:00+00:00
2026-06-28T14:05:05.562543+00:00,BUY NO (DOWN),NO,-20.59,0.9798,4.098,-76389.0,426474.0,0.54,0.9798,,60064.01,KXBTC15M-26JUN281015-15,2026-06-28T14:00:00+00:00,2026-06-28T14:15:00+00:00
2026-06-28T14:07:48.804952+00:00,BUY NO (DOWN),NO,-21.59,0.9806,4.134,-57602.0,-33465.0,0.5900000000000001,0.9806,,60063.01,KXBTC15M-26JUN281015-15,2026-06-28T14:00:00+00:00,2026-06-28T14:15:00+00:00
2026-06-28T14:18:01.197344+00:00,BUY NO (DOWN),NO,-65.68,1.0,12.102,-213469.0,-187746.0,0.74,1.0,,60104.0,KXBTC15M-26JUN281030-30,2026-06-28T14:15:00+00:00,2026-06-28T14:30:00+00:00
2026-06-28T14:22:58.850398+00:00,BUY NO (DOWN),NO,-30.6,0.9751,3.925,-87179.0,772934.0,0.6,0.9751,,60142.01,KXBTC15M-26JUN281030-30,2026-06-28T14:15:00+00:00,2026-06-28T14:30:00+00:00
2026-06-28T14:24:15.791979+00:00,BUY NO (DOWN),NO,-21.88,0.9532,3.352,-20412.0,720215.0,0.5700000000000001,0.9532,,60153.81,KXBTC15M-26JUN281030-30,2026-06-28T14:15:00+00:00,2026-06-28T14:30:00+00:00
2026-06-28T14:24:42.772348+00:00,BUY NO (DOWN),NO,-21.87,0.9795,4.088,10601.0,27233.0,0.52,0.9795,,60153.81,KXBTC15M-26JUN281030-30,2026-06-28T14:15:00+00:00,2026-06-28T14:30:00+00:00
2026-06-28T14:28:18.101063+00:00,BUY NO (DOWN),NO,-24.34,1.0,27.123,44866.0,79872.0,0.63,1.0,,60147.95,KXBTC15M-26JUN281030-30,2026-06-28T14:15:00+00:00,2026-06-28T14:30:00+00:00
2026-06-28T14:37:46.760075+00:00,BUY NO (DOWN),NO,-37.92,0.9958,5.274,-777439.0,-1489259.0,0.5700000000000001,0.9958,,60100.01,KXBTC15M-26JUN281045-45,2026-06-28T14:30:00+00:00,2026-06-28T14:45:00+00:00
2026-06-28T14:40:41.992767+00:00,BUY NO (DOWN),NO,-24.04,0.999,6.195,-65421.0,-452174.0,0.77,0.999,,60118.94,KXBTC15M-26JUN281045-45,2026-06-28T14:30:00+00:00,2026-06-28T14:45:00+00:00
2026-06-28T14:50:11.407448+00:00,BUY NO (DOWN),NO,-26.64,0.9284,2.928,-24786.0,-19204.0,0.56,0.9284,,60083.04,KXBTC15M-26JUN281100-00,2026-06-28T14:45:00+00:00,2026-06-28T15:00:00+00:00
2026-06-28T14:51:27.205643+00:00,BUY NO (DOWN),NO,-24.34,0.9518,3.326,-27218.0,70565.0,0.54,0.9518,,60085.35,KXBTC15M-26JUN281100-00,2026-06-28T14:45:00+00:00,2026-06-28T15:00:00+00:00
2026-06-28T14:51:42.884827+00:00,BUY NO (DOWN),NO,-23.68,0.9523,3.335,-3582.0,61679.0,0.54,0.9523,,60086.01,KXBTC15M-26JUN281100-00,2026-06-28T14:45:00+00:00,2026-06-28T15:00:00+00:00
2026-06-28T15:08:40.437189+00:00,BUY NO (DOWN),NO,-21.48,0.9866,4.429,-192120.0,-68071.0,0.72,0.9866,,60004.31,KXBTC15M-26JUN281115-15,2026-06-28T15:00:00+00:00,2026-06-28T15:15:00+00:00
2026-06-28T15:11:00.279411+00:00,BUY NO (DOWN),NO,-87.0,1.0,14.412,-198112.0,-3625997.0,0.9410000000000001,1.0,,59949.99,KXBTC15M-26JUN281115-15,2026-06-28T15:00:00+00:00,2026-06-28T15:15:00+00:00
2026-06-28T15:12:03.478160+00:00,BUY NO (DOWN),NO,-75.48,1.0,16.717,-325421.0,-4105149.0,0.947,1.0,,59961.67,KXBTC15M-26JUN281115-15,2026-06-28T15:00:00+00:00,2026-06-28T15:15:00+00:00
2026-06-28T15:12:27.054486+00:00,BUY NO (DOWN),NO,-65.02,1.0,16.319,-625452.0,-4341180.0,0.935,1.0,,59967.98,KXBTC15M-26JUN281115-15,2026-06-28T15:00:00+00:00,2026-06-28T15:15:00+00:00
2026-06-28T15:13:14.845321+00:00,BUY NO (DOWN),NO,-47.01,1.0,16.899,43038.0,-4265476.0,0.95,1.0,,59990.0,KXBTC15M-26JUN281115-15,2026-06-28T15:00:00+00:00,2026-06-28T15:15:00+00:00
2026-06-28T15:18:00.140122+00:00,BUY NO (DOWN),NO,-20.54,0.7934,1.637,21271.0,138376.0,0.57,0.7934,,60058.0,KXBTC15M-26JUN281130-30,2026-06-28T15:15:00+00:00,2026-06-28T15:30:00+00:00
2026-06-28T15:20:06.561471+00:00,BUY NO (DOWN),NO,-22.22,0.8733,2.284,-24927.0,-12389.0,0.65,0.8733,,60056.32,KXBTC15M-26JUN281130-30,2026-06-28T15:15:00+00:00,2026-06-28T15:30:00+00:00
2026-06-28T15:20:51.395334+00:00,BUY NO (DOWN),NO,-22.52,0.9672,3.682,-38537.0,229182.0,0.64,0.9672,,60056.02,KXBTC15M-26JUN281130-30,2026-06-28T15:15:00+00:00,2026-06-28T15:30:00+00:00
2026-06-28T15:21:25.685742+00:00,BUY NO (DOWN),NO,-22.53,0.9845,4.316,-31785.0,207251.0,0.62,0.9845,,60056.02,KXBTC15M-26JUN281130-30,2026-06-28T15:15:00+00:00,2026-06-28T15:30:00+00:00
2026-06-28T15:22:28.387249+00:00,BUY NO (DOWN),NO,-24.67,0.9935,4.965,24946.0,-7023.0,0.58,0.9935,,60053.86,KXBTC15M-26JUN281130-30,2026-06-28T15:15:00+00:00,2026-06-28T15:30:00+00:00
2026-06-28T15:25:19.195461+00:00,BUY NO (DOWN),NO,-21.57,1.0,9.023,-78189.0,99773.0,0.79,1.0,,60056.97,KXBTC15M-26JUN281130-30,2026-06-28T15:15:00+00:00,2026-06-28T15:30:00+00:00
2026-06-28T15:26:53.028481+00:00,BUY NO (DOWN),NO,-32.46,1.0,17.643,-25369.0,159563.0,0.68,1.0,,60046.08,KXBTC15M-26JUN281130-30,2026-06-28T15:15:00+00:00,2026-06-28T15:30:00+00:00
2026-06-28T15:35:59.154463+00:00,BUY NO (DOWN),NO,-39.99,0.9726,3.842,-185724.0,2820498.0,0.51,0.9726,,60000.0,KXBTC15M-26JUN281145-45,2026-06-28T15:30:00+00:00,2026-06-28T15:45:00+00:00
2026-06-28T15:40:48.032717+00:00,BUY NO (DOWN),NO,-114.18,1.0,28.822,-8305.0,-2042056.0,0.949,1.0,,59925.83,KXBTC15M-26JUN281145-45,2026-06-28T15:30:00+00:00,2026-06-28T15:45:00+00:00
2026-06-28T15:48:01.120668+00:00,BUY NO (DOWN),NO,-42.71,0.9999,7.558,11985.0,-240968.0,0.71,0.9999,,59920.01,KXBTC15M-26JUN281200-00,2026-06-28T15:45:00+00:00,2026-06-28T16:00:00+00:00
2026-06-28T15:53:47.144883+00:00,BUY NO (DOWN),NO,-96.71,1.0,10.689,-1258254.0,-1450767.0,0.6699999999999999,1.0,,59837.99,KXBTC15M-26JUN281200-00,2026-06-28T15:45:00+00:00,2026-06-28T16:00:00+00:00
2026-06-28T15:53:59.020988+00:00,BUY NO (DOWN),NO,-136.08,1.0,14.653,-654792.0,-895852.0,0.945,1.0,,59819.08,KXBTC15M-26JUN281200-00,2026-06-28T15:45:00+00:00,2026-06-28T16:00:00+00:00
2026-06-28T16:04:01.665952+00:00,BUY NO (DOWN),NO,-20.0,0.9033,2.601,-163248.0,174486.0,0.55,0.9033,,59890.01,KXBTC15M-26JUN281215-15,2026-06-28T16:00:00+00:00,2026-06-28T16:15:00+00:00
2026-06-28T16:06:14.590538+00:00,BUY NO (DOWN),NO,-20.0,0.9455,3.205,-159456.0,-281797.0,0.58,0.9455,,59890.0,KXBTC15M-26JUN281215-15,2026-06-28T16:00:00+00:00,2026-06-28T16:15:00+00:00
2026-06-28T16:09:02.779654+00:00,BUY NO (DOWN),NO,-25.17,0.9995,6.533,-104276.0,-214046.0,0.71,0.9995,,59884.05,KXBTC15M-26JUN281215-15,2026-06-28T16:00:00+00:00,2026-06-28T16:15:00+00:00
2026-06-28T16:22:47.445669+00:00,BUY NO (DOWN),NO,-22.43,0.9873,4.47,-559863.0,-1004328.0,0.6599999999999999,0.9873,,59810.03,KXBTC15M-26JUN281230-30,2026-06-28T16:15:00+00:00,2026-06-28T16:30:00+00:00
2026-06-28T16:26:07.097428+00:00,BUY NO (DOWN),NO,-87.47,1.0,17.774,-1192781.0,-2282015.0,0.948,1.0,,59747.5,KXBTC15M-26JUN281230-30,2026-06-28T16:15:00+00:00,2026-06-28T16:30:00+00:00
2026-06-28T16:26:18.567569+00:00,BUY NO (DOWN),NO,-102.47,1.0,21.286,-1289778.0,-2311288.0,0.9410000000000001,1.0,,59727.15,KXBTC15M-26JUN281230-30,2026-06-28T16:15:00+00:00,2026-06-28T16:30:00+00:00
2026-06-28T16:26:34.762143+00:00,BUY NO (DOWN),NO,-109.78,1.0,24.137,-1556848.0,-2482601.0,0.95,1.0,,59722.69,KXBTC15M-26JUN281230-30,2026-06-28T16:15:00+00:00,2026-06-28T16:30:00+00:00
2026-06-28T16:26:42.937788+00:00,BUY NO (DOWN),NO,-87.36,1.0,19.8,-1446263.0,-2331910.0,0.9410000000000001,1.0,,59736.11,KXBTC15M-26JUN281230-30,2026-06-28T16:15:00+00:00,2026-06-28T16:30:00+00:00
2026-06-28T16:27:27.264090+00:00,BUY NO (DOWN),NO,-70.46,1.0,20.149,-121043.0,-1938818.0,0.9390000000000001,1.0,,59763.0,KXBTC15M-26JUN281230-30,2026-06-28T16:15:00+00:00,2026-06-28T16:30:00+00:00
2026-06-28T16:33:01.466938+00:00,BUY NO (DOWN),NO,-49.14,0.9801,4.113,-113551.0,86972.0,0.52,0.9801,,59732.8,KXBTC15M-26JUN281245-45,2026-06-28T16:30:00+00:00,2026-06-28T16:45:00+00:00
2026-06-28T17:11:09.825271+00:00,BUY NO (DOWN),NO,-28.01,0.9966,5.406,-254247.0,476038.0,0.51,0.9966,,59660.0,KXBTC15M-26JUN281315-15,2026-06-28T17:00:00+00:00,2026-06-28T17:15:00+00:00
2026-06-28T17:18:14.504097+00:00,BUY NO (DOWN),NO,-26.87,0.9596,3.492,-234508.0,-157186.0,0.51,0.9596,,59614.25,KXBTC15M-26JUN281330-30,2026-06-28T17:15:00+00:00,2026-06-28T17:30:00+00:00
2026-06-28T17:19:06.858968+00:00,BUY NO (DOWN),NO,-29.97,0.9752,3.928,-36079.0,-18230.0,0.6,0.9752,,59622.2,KXBTC15M-26JUN281330-30,2026-06-28T17:15:00+00:00,2026-06-28T17:30:00+00:00
2026-06-28T17:19:29.257935+00:00,BUY NO (DOWN),NO,-31.39,0.9768,3.984,-11859.0,-85788.0,0.5900000000000001,0.9768,,59609.77,KXBTC15M-26JUN281330-30,2026-06-28T17:15:00+00:00,2026-06-28T17:30:00+00:00
2026-06-28T17:26:09.554037+00:00,BUY NO (DOWN),NO,-25.8,1.0,8.62,-146268.0,204942.0,0.65,1.0,,59615.37,KXBTC15M-26JUN281330-30,2026-06-28T17:15:00+00:00,2026-06-28T17:30:00+00:00
2026-06-28T17:26:48.298389+00:00,BUY NO (DOWN),NO,-23.44,1.0,10.017,-239953.0,41295.0,0.72,1.0,,59614.07,KXBTC15M-26JUN281330-30,2026-06-28T17:15:00+00:00,2026-06-28T17:30:00+00:00
2026-06-28T17:27:47.844576+00:00,BUY NO (DOWN),NO,-21.02,1.0,13.872,28388.0,12195.0,0.8,1.0,,59620.15,KXBTC15M-26JUN281330-30,2026-06-28T17:15:00+00:00,2026-06-28T17:30:00+00:00
2026-06-28T17:34:47.143934+00:00,BUY NO (DOWN),NO,-20.01,0.9586,3.47,-160980.0,-140766.0,0.62,0.9586,,59580.0,KXBTC15M-26JUN281345-45,2026-06-28T17:30:00+00:00,2026-06-28T17:45:00+00:00
2026-06-28T17:35:05.359816+00:00,BUY NO (DOWN),NO,-25.92,0.9883,4.537,-136082.0,-100095.0,0.64,0.9883,,59539.85,KXBTC15M-26JUN281345-45,2026-06-28T17:30:00+00:00,2026-06-28T17:45:00+00:00
2026-06-28T17:37:41.531658+00:00,BUY NO (DOWN),NO,-162.87,1.0,17.322,-43270.0,-2476923.0,0.949,1.0,,59437.15,KXBTC15M-26JUN281345-45,2026-06-28T17:30:00+00:00,2026-06-28T17:45:00+00:00
2026-06-28T17:37:49.369461+00:00,BUY NO (DOWN),NO,-147.01,1.0,15.897,60169.0,-2516289.0,0.946,1.0,,59453.52,KXBTC15M-26JUN281345-45,2026-06-28T17:30:00+00:00,2026-06-28T17:45:00+00:00
2026-06-28T17:38:21.331509+00:00,BUY NO (DOWN),NO,-157.02,1.0,16.788,-252706.0,-2619444.0,0.943,1.0,,59442.99,KXBTC15M-26JUN281345-45,2026-06-28T17:30:00+00:00,2026-06-28T17:45:00+00:00
2026-06-28T17:40:32.937011+00:00,BUY NO (DOWN),NO,-99.91,1.0,18.638,192626.0,-119089.0,0.947,1.0,,59502.91,KXBTC15M-26JUN281345-45,2026-06-28T17:30:00+00:00,2026-06-28T17:45:00+00:00
2026-06-28T17:41:16.133189+00:00,BUY NO (DOWN),NO,-88.51,1.0,20.054,271878.0,-134552.0,0.944,1.0,,59512.72,KXBTC15M-26JUN281345-45,2026-06-28T17:30:00+00:00,2026-06-28T17:45:00+00:00
2026-06-28T17:41:57.578820+00:00,BUY NO (DOWN),NO,-77.02,1.0,26.165,177304.0,459252.0,0.94,1.0,,59522.99,KXBTC15M-26JUN281345-45,2026-06-28T17:30:00+00:00,2026-06-28T17:45:00+00:00
2026-06-28T17:43:05.286752+00:00,BUY NO (DOWN),NO,-44.07,1.0,30.095,233536.0,691513.0,0.946,1.0,,59555.95,KXBTC15M-26JUN281345-45,2026-06-28T17:30:00+00:00,2026-06-28T17:45:00+00:00
2026-06-28T18:20:05.644492+00:00,BUY NO (DOWN),NO,-21.41,0.9737,3.875,30820.0,-103294.0,0.65,0.9737,,59626.0,KXBTC15M-26JUN281430-30,2026-06-28T18:15:00+00:00,2026-06-28T18:30:00+00:00
2026-06-28T18:27:05.899129+00:00,BUY NO (DOWN),NO,-29.41,1.0,22.292,-139416.0,-220560.0,0.73,1.0,,59615.69,KXBTC15M-26JUN281430-30,2026-06-28T18:15:00+00:00,2026-06-28T18:30:00+00:00
2026-06-28T18:36:49.359778+00:00,BUY NO (DOWN),NO,-21.97,0.9953,5.198,-91031.0,-123246.0,0.5700000000000001,0.9953,,59590.01,KXBTC15M-26JUN281445-45,2026-06-28T18:30:00+00:00,2026-06-28T18:45:00+00:00
2026-06-28T18:39:30.794054+00:00,BUY NO (DOWN),NO,-21.96,1.0,8.045,-88179.0,-202674.0,0.73,1.0,,59590.0,KXBTC15M-26JUN281445-45,2026-06-28T18:30:00+00:00,2026-06-28T18:45:00+00:00
2026-06-28T18:48:10.331965+00:00,BUY NO (DOWN),NO,-37.35,0.9986,5.982,-130930.0,-104678.0,0.65,0.9986,,59569.61,KXBTC15M-26JUN281500-00,2026-06-28T18:45:00+00:00,2026-06-28T19:00:00+00:00
2026-06-28T18:53:14.522721+00:00,BUY NO (DOWN),NO,-20.02,0.9735,3.87,638254.0,-1006390.0,0.6699999999999999,0.9735,,59580.98,KXBTC15M-26JUN281500-00,2026-06-28T18:45:00+00:00,2026-06-28T19:00:00+00:00
2026-06-28T18:53:31.407421+00:00,BUY NO (DOWN),NO,-24.28,0.9917,4.794,455885.0,-1198571.0,0.6799999999999999,0.9917,,59581.69,KXBTC15M-26JUN281500-00,2026-06-28T18:45:00+00:00,2026-06-28T19:00:00+00:00
2026-06-28T18:53:34.398602+00:00,BUY NO (DOWN),NO,-23.33,0.9894,4.611,436499.0,-1222202.0,0.71,0.9894,,59577.67,KXBTC15M-26JUN281500-00,2026-06-28T18:45:00+00:00,2026-06-28T19:00:00+00:00
2026-06-28T18:55:29.696396+00:00,BUY NO (DOWN),NO,-64.99,1.0,21.692,-49667.0,-187066.0,0.94,1.0,,59536.01,KXBTC15M-26JUN281500-00,2026-06-28T18:45:00+00:00,2026-06-28T19:00:00+00:00
2026-06-28T19:03:00.992462+00:00,BUY NO (DOWN),NO,-70.65,1.0,12.045,-75205.0,-112496.0,0.78,1.0,,59538.0,KXBTC15M-26JUN281515-15,2026-06-28T19:00:00+00:00,2026-06-28T19:15:00+00:00
2026-06-28T19:10:43.399589+00:00,BUY NO (DOWN),NO,-74.75,1.0,31.094,-5417.0,-15412.0,0.945,1.0,,59534.03,KXBTC15M-26JUN281515-15,2026-06-28T19:00:00+00:00,2026-06-28T19:15:00+00:00
2026-06-28T19:18:01.695524+00:00,BUY NO (DOWN),NO,-44.05,1.0,8.338,-65727.0,772164.0,0.73,1.0,,59460.01,KXBTC15M-26JUN281530-30,2026-06-28T19:15:00+00:00,2026-06-28T19:30:00+00:00
2026-06-28T19:19:32.876507+00:00,BUY NO (DOWN),NO,-20.92,0.9891,4.589,-186840.0,354418.0,0.63,0.9891,,59483.13,KXBTC15M-26JUN281530-30,2026-06-28T19:15:00+00:00,2026-06-28T19:30:00+00:00
2026-06-28T19:35:35.108649+00:00,BUY NO (DOWN),NO,-29.58,0.9389,3.091,-87091.0,291531.0,0.65,0.9389,,59521.31,KXBTC15M-26JUN281545-45,2026-06-28T19:30:00+00:00,2026-06-28T19:45:00+00:00
2026-06-28T19:35:47.706973+00:00,BUY NO (DOWN),NO,-20.54,0.8616,2.175,-1928.0,332148.0,0.53,0.8616,,59530.34,KXBTC15M-26JUN281545-45,2026-06-28T19:30:00+00:00,2026-06-28T19:45:00+00:00
2026-06-28T19:36:09.364245+00:00,BUY NO (DOWN),NO,-24.37,0.9,2.563,-177446.0,262484.0,0.53,0.9,,59526.51,KXBTC15M-26JUN281545-45,2026-06-28T19:30:00+00:00,2026-06-28T19:45:00+00:00
2026-06-28T19:36:14.844021+00:00,BUY NO (DOWN),NO,-30.87,0.9457,3.208,-194525.0,193762.0,0.54,0.9457,,59520.01,KXBTC15M-26JUN281545-45,2026-06-28T19:30:00+00:00,2026-06-28T19:45:00+00:00
2026-06-28T19:48:01.913764+00:00,BUY NO (DOWN),NO,-160.26,1.0,14.337,-1685239.0,-2015203.0,0.86,1.0,,59323.99,KXBTC15M-26JUN281600-00,2026-06-28T19:45:00+00:00,2026-06-28T20:00:00+00:00
2026-06-28T20:33:00.799610+00:00,BUY NO (DOWN),NO,-37.71,0.9815,4.171,14836.0,146412.0,0.75,0.9815,,59676.01,KXBTC15M-26JUN281645-45,2026-06-28T20:30:00+00:00,2026-06-28T20:45:00+00:00
2026-06-28T20:36:46.796921+00:00,BUY NO (DOWN),NO,-21.45,0.8862,2.413,107129.0,323113.0,0.6699999999999999,0.8862,,59692.28,KXBTC15M-26JUN281645-45,2026-06-28T20:30:00+00:00,2026-06-28T20:45:00+00:00
2026-06-28T20:37:39.209202+00:00,BUY NO (DOWN),NO,-20.13,0.8801,2.351,171710.0,415623.0,0.74,0.8801,,59708.19,KXBTC15M-26JUN281645-45,2026-06-28T20:30:00+00:00,2026-06-28T20:45:00+00:00
2026-06-28T20:40:05.049826+00:00,BUY NO (DOWN),NO,-25.72,0.9693,3.742,-640.0,514798.0,0.8200000000000001,0.9693,,59688.01,KXBTC15M-26JUN281645-45,2026-06-28T20:30:00+00:00,2026-06-28T20:45:00+00:00
2026-06-28T20:42:08.305063+00:00,BUY NO (DOWN),NO,-25.3,1.0,13.321,58263.0,449615.0,0.94,1.0,,59688.43,KXBTC15M-26JUN281645-45,2026-06-28T20:30:00+00:00,2026-06-28T20:45:00+00:00
2026-06-28T21:18:00.254976+00:00,BUY NO (DOWN),NO,-21.99,0.9473,3.238,-124207.0,-910183.0,0.6,0.9473,,59670.0,KXBTC15M-26JUN281730-30,2026-06-28T21:15:00+00:00,2026-06-28T21:30:00+00:00
2026-06-28T21:22:14.338673+00:00,BUY NO (DOWN),NO,-22.0,0.9999,7.668,-318797.0,-347668.0,0.6,0.9999,,59670.0,KXBTC15M-26JUN281730-30,2026-06-28T21:15:00+00:00,2026-06-28T21:30:00+00:00
2026-06-28T21:39:48.028160+00:00,BUY NO (DOWN),NO,-23.39,0.9984,5.885,-303458.0,-504019.0,0.69,0.9984,,59690.0,KXBTC15M-26JUN281745-45,2026-06-28T21:30:00+00:00,2026-06-28T21:45:00+00:00
2026-06-28T21:43:58.736999+00:00,BUY NO (DOWN),NO,-25.39,1.0,63.398,-248257.0,-620318.0,0.915,1.0,,59688.01,KXBTC15M-26JUN281745-45,2026-06-28T21:30:00+00:00,2026-06-28T21:45:00+00:00
2026-06-28T21:48:00.499756+00:00,BUY NO (DOWN),NO,-171.99,1.0,9.275,356489.0,-1154119.0,0.86,1.0,,59511.99,KXBTC15M-26JUN281800-00,2026-06-28T21:45:00+00:00,2026-06-28T22:00:00+00:00
2026-06-28T21:52:16.018865+00:00,BUY NO (DOWN),NO,-278.0,1.0,18.349,-1639961.0,-1256738.0,0.947,1.0,,59393.99,KXBTC15M-26JUN281800-00,2026-06-28T21:45:00+00:00,2026-06-28T22:00:00+00:00
2026-06-28T22:18:00.702788+00:00,BUY NO (DOWN),NO,-31.84,0.8849,2.399,98761.0,-279351.0,0.6799999999999999,0.8849,,59590.07,KXBTC15M-26JUN281830-30,2026-06-28T22:15:00+00:00,2026-06-28T22:30:00+00:00
2026-06-28T22:19:43.938162+00:00,BUY NO (DOWN),NO,-353.09,1.0,27.618,-2432583.0,-2859968.0,0.948,1.0,,59289.64,KXBTC15M-26JUN281830-30,2026-06-28T22:15:00+00:00,2026-06-28T22:30:00+00:00
2026-06-28T22:21:48.108508+00:00,BUY NO (DOWN),NO,-259.3,1.0,14.597,-412222.0,-3407873.0,0.948,1.0,,59342.54,KXBTC15M-26JUN281830-30,2026-06-28T22:15:00+00:00,2026-06-28T22:30:00+00:00
2026-06-28T22:22:29.045665+00:00,BUY NO (DOWN),NO,-265.99,1.0,15.609,-16593.0,-3638594.0,0.949,1.0,,59364.04,KXBTC15M-26JUN281830-30,2026-06-28T22:15:00+00:00,2026-06-28T22:30:00+00:00
2026-06-28T22:22:36.741069+00:00,BUY NO (DOWN),NO,-267.3,1.0,15.848,-49630.0,-3632195.0,0.948,1.0,,59355.98,KXBTC15M-26JUN281830-30,2026-06-28T22:15:00+00:00,2026-06-28T22:30:00+00:00
2026-06-28T22:22:56.326450+00:00,BUY NO (DOWN),NO,-232.0,1.0,14.23,9379.0,-3597116.0,0.94,1.0,,59398.01,KXBTC15M-26JUN281830-30,2026-06-28T22:15:00+00:00,2026-06-28T22:30:00+00:00
2026-06-28T22:33:01.458269+00:00,BUY NO (DOWN),NO,-61.99,0.9356,3.038,-214901.0,30250.0,0.5700000000000001,0.9356,,59310.37,KXBTC15M-26JUN281845-45,2026-06-28T22:30:00+00:00,2026-06-28T22:45:00+00:00
2026-06-28T22:52:15.388475+00:00,BUY NO (DOWN),NO,-26.39,0.9069,2.644,-421605.0,-543474.0,0.6,0.9069,,59081.86,KXBTC15M-26JUN281900-00,2026-06-28T22:45:00+00:00,2026-06-28T23:00:00+00:00
2026-06-28T22:55:32.288169+00:00,BUY NO (DOWN),NO,-42.76,0.992,4.816,94363.0,-5644570.0,0.62,0.992,,59076.0,KXBTC15M-26JUN281900-00,2026-06-28T22:45:00+00:00,2026-06-28T23:00:00+00:00
2026-06-28T23:52:02.069967+00:00,BUY NO (DOWN),NO,-39.01,0.9871,4.455,-392863.0,-100277.0,0.63,0.9871,,59670.67,KXBTC15M-26JUN282000-00,2026-06-28T23:45:00+00:00,2026-06-29T00:00:00+00:00
2026-06-28T23:53:18.625167+00:00,BUY NO (DOWN),NO,-24.0,0.9508,3.306,-116767.0,-191717.0,0.71,0.9508,,59684.51,KXBTC15M-26JUN282000-00,2026-06-28T23:45:00+00:00,2026-06-29T00:00:00+00:00
2026-06-28T23:54:32.673971+00:00,BUY NO (DOWN),NO,-20.0,0.9531,3.351,-47776.0,-78212.0,0.8,0.9531,,59686.01,KXBTC15M-26JUN282000-00,2026-06-28T23:45:00+00:00,2026-06-29T00:00:00+00:00
2026-06-29T00:03:00.948431+00:00,BUY NO (DOWN),NO,-152.0,1.0,8.52,-112888.0,-1149755.0,0.84,1.0,,59432.02,KXBTC15M-26JUN282015-15,2026-06-29T00:00:00+00:00,2026-06-29T00:15:00+00:00
2026-06-29T00:06:02.044638+00:00,BUY NO (DOWN),NO,-214.01,1.0,15.668,-115420.0,-215595.0,0.949,1.0,,59374.0,KXBTC15M-26JUN282015-15,2026-06-29T00:00:00+00:00,2026-06-29T00:15:00+00:00
2026-06-29T00:08:31.361127+00:00,BUY NO (DOWN),NO,-188.1,1.0,19.587,180479.0,-440975.0,0.942,1.0,,59419.41,KXBTC15M-26JUN282015-15,2026-06-29T00:00:00+00:00,2026-06-29T00:15:00+00:00
2026-06-29T00:09:02.185460+00:00,BUY NO (DOWN),NO,-186.02,1.0,21.743,366516.0,-161813.0,0.95,1.0,,59402.0,KXBTC15M-26JUN282015-15,2026-06-29T00:00:00+00:00,2026-06-29T00:15:00+00:00
2026-06-29T00:09:52.666396+00:00,BUY NO (DOWN),NO,-150.01,1.0,20.421,70391.0,-30339.0,0.9390000000000001,1.0,,59428.0,KXBTC15M-26JUN282015-15,2026-06-29T00:00:00+00:00,2026-06-29T00:15:00+00:00
2026-06-29T00:11:05.071602+00:00,BUY NO (DOWN),NO,-128.01,1.0,23.705,-30380.0,36038.0,0.948,1.0,,59454.56,KXBTC15M-26JUN282015-15,2026-06-29T00:00:00+00:00,2026-06-29T00:15:00+00:00
2026-06-29T00:18:00.428885+00:00,BUY NO (DOWN),NO,-151.0,1.0,9.089,3257.0,-158948.0,0.83,1.0,,59426.0,KXBTC15M-26JUN282030-30,2026-06-29T00:15:00+00:00,2026-06-29T00:30:00+00:00
2026-06-29T00:33:00.824551+00:00,BUY NO (DOWN),NO,-121.99,0.9975,5.608,-1004137.0,-2314355.0,0.8200000000000001,0.9975,,59091.51,KXBTC15M-26JUN282045-45,2026-06-29T00:30:00+00:00,2026-06-29T00:45:00+00:00
2026-06-29T00:35:20.955725+00:00,BUY NO (DOWN),NO,-23.0,0.7318,1.236,194403.0,-1588685.0,0.69,0.7318,,59158.02,KXBTC15M-26JUN282045-45,2026-06-29T00:30:00+00:00,2026-06-29T00:45:00+00:00
2026-06-29T00:36:55.289325+00:00,BUY NO (DOWN),NO,-20.0,0.7638,1.437,-35919.0,-698181.0,0.69,0.7638,,59193.99,KXBTC15M-26JUN282045-45,2026-06-29T00:30:00+00:00,2026-06-29T00:45:00+00:00
2026-06-29T00:37:02.426063+00:00,BUY NO (DOWN),NO,-26.0,0.8485,2.06,-110286.0,-896196.0,0.7,0.8485,,59174.01,KXBTC15M-26JUN282045-45,2026-06-29T00:30:00+00:00,2026-06-29T00:45:00+00:00
2026-06-29T00:48:00.156205+00:00,BUY NO (DOWN),NO,-126.86,1.0,9.669,42277.0,19349.0,0.73,1.0,,59238.05,KXBTC15M-26JUN282100-00,2026-06-29T00:45:00+00:00,2026-06-29T01:00:00+00:00
2026-06-29T01:03:01.368875+00:00,BUY NO (DOWN),NO,-133.82,1.0,8.505,-28606.0,15117.0,0.8,1.0,,59528.92,KXBTC15M-26JUN282115-15,2026-06-29T01:00:00+00:00,2026-06-29T01:15:00+00:00
2026-06-29T01:18:01.250982+00:00,BUY NO (DOWN),NO,-197.12,1.0,14.887,-380162.0,-488511.0,0.86,1.0,,59278.01,KXBTC15M-26JUN282130-30,2026-06-29T01:15:00+00:00,2026-06-29T01:30:00+00:00
2026-06-29T01:34:50.783072+00:00,BUY NO (DOWN),NO,-21.98,0.7955,1.652,-282245.0,-391417.0,0.56,0.7955,,59272.0,KXBTC15M-26JUN282145-45,2026-06-29T01:30:00+00:00,2026-06-29T01:45:00+00:00
2026-06-29T01:48:00.583914+00:00,BUY NO (DOWN),NO,-78.0,0.9999,7.668,-38150.0,536199.0,0.75,0.9999,,59484.0,KXBTC15M-26JUN282200-00,2026-06-29T01:45:00+00:00,2026-06-29T02:00:00+00:00
2026-06-29T01:50:14.183031+00:00,BUY NO (DOWN),NO,-21.99,0.8078,1.74,963664.0,273883.0,0.54,0.8078,,59527.32,KXBTC15M-26JUN282200-00,2026-06-29T01:45:00+00:00,2026-06-29T02:00:00+00:00
2026-06-29T02:04:07.626781+00:00,BUY NO (DOWN),NO,-20.85,0.825,1.869,-112302.0,-288716.0,0.65,0.825,,59416.09,KXBTC15M-26JUN282215-15,2026-06-29T02:00:00+00:00,2026-06-29T02:15:00+00:00
2026-06-29T02:06:11.544740+00:00,BUY NO (DOWN),NO,-24.85,0.9056,2.628,51534.0,87321.0,0.64,0.9056,,59416.1,KXBTC15M-26JUN282215-15,2026-06-29T02:00:00+00:00,2026-06-29T02:15:00+00:00
2026-06-29T02:08:55.909522+00:00,BUY NO (DOWN),NO,-138.95,1.0,21.346,-249039.0,-575457.0,0.946,1.0,,59301.99,KXBTC15M-26JUN282215-15,2026-06-29T02:00:00+00:00,2026-06-29T02:15:00+00:00
2026-06-29T02:33:18.210462+00:00,BUY NO (DOWN),NO,-23.8,0.7695,1.475,1028995.0,1727262.0,0.6,0.7695,,59512.1,KXBTC15M-26JUN282245-45,2026-06-29T02:30:00+00:00,2026-06-29T02:45:00+00:00
2026-06-29T02:33:45.624633+00:00,BUY NO (DOWN),NO,-23.49,0.7887,1.604,600096.0,1384479.0,0.62,0.7887,,59506.46,KXBTC15M-26JUN282245-45,2026-06-29T02:30:00+00:00,2026-06-29T02:45:00+00:00
2026-06-29T02:34:06.444270+00:00,BUY NO (DOWN),NO,-29.94,0.8475,2.052,-103637.0,1183919.0,0.61,0.8475,,59500.01,KXBTC15M-26JUN282245-45,2026-06-29T02:30:00+00:00,2026-06-29T02:45:00+00:00
2026-06-29T02:34:51.596443+00:00,BUY NO (DOWN),NO,-21.94,0.7932,1.635,-80740.0,1212108.0,0.65,0.7932,,59506.02,KXBTC15M-26JUN282245-45,2026-06-29T02:30:00+00:00,2026-06-29T02:45:00+00:00
2026-06-29T02:48:08.589265+00:00,BUY NO (DOWN),NO,-23.0,0.801,1.691,-920828.0,1108234.0,0.51,0.801,,59752.53,KXBTC15M-26JUN282300-00,2026-06-29T02:45:00+00:00,2026-06-29T03:00:00+00:00
2026-06-29T02:50:09.066002+00:00,BUY NO (DOWN),NO,-29.98,0.8829,2.379,1526276.0,884304.0,0.51,0.8829,,59747.88,KXBTC15M-26JUN282300-00,2026-06-29T02:45:00+00:00,2026-06-29T03:00:00+00:00
2026-06-29T02:51:21.161288+00:00,BUY NO (DOWN),NO,-23.72,0.8389,1.98,115050.0,-2547845.0,0.55,0.8389,,59752.28,KXBTC15M-26JUN282300-00,2026-06-29T02:45:00+00:00,2026-06-29T03:00:00+00:00
2026-06-29T02:57:52.686352+00:00,BUY NO (DOWN),NO,-23.99,1.0,8.856,-151643.0,1261345.0,0.52,1.0,,59752.0,KXBTC15M-26JUN282300-00,2026-06-29T02:45:00+00:00,2026-06-29T03:00:00+00:00
2026-06-29T02:58:39.040095+00:00,BUY NO (DOWN),NO,-21.96,1.0,12.49,205711.0,1471400.0,0.51,1.0,,59754.05,KXBTC15M-26JUN282300-00,2026-06-29T02:45:00+00:00,2026-06-29T03:00:00+00:00
2026-06-29T02:59:09.694436+00:00,BUY NO (DOWN),NO,-22.61,1.0,20.175,146034.0,1333392.0,0.52,1.0,,59748.01,KXBTC15M-26JUN282300-00,2026-06-29T02:45:00+00:00,2026-06-29T03:00:00+00:00
2026-06-29T03:19:20.246329+00:00,BUY NO (DOWN),NO,-21.24,0.9366,3.054,2665.0,-121488.0,0.61,0.9366,,59980.43,KXBTC15M-26JUN282330-30,2026-06-29T03:15:00+00:00,2026-06-29T03:30:00+00:00
2026-06-29T03:33:00.776981+00:00,BUY NO (DOWN),NO,-132.39,1.0,12.003,92256.0,100486.0,0.84,1.0,,60052.56,KXBTC15M-26JUN282345-45,2026-06-29T03:30:00+00:00,2026-06-29T03:45:00+00:00
2026-06-29T04:03:00.147207+00:00,BUY NO (DOWN),NO,-42.88,0.9929,4.906,68931.0,375678.0,0.61,0.9929,,60006.58,KXBTC15M-26JUN290015-15,2026-06-29T04:00:00+00:00,2026-06-29T04:15:00+00:00
2026-06-29T04:10:34.730466+00:00,BUY NO (DOWN),NO,-107.44,1.0,40.667,-119982.0,-125808.0,0.948,1.0,,59942.01,KXBTC15M-26JUN290015-15,2026-06-29T04:00:00+00:00,2026-06-29T04:15:00+00:00
2026-06-29T04:20:27.502977+00:00,BUY NO (DOWN),NO,-24.41,0.9849,4.335,-42765.0,170887.0,0.5700000000000001,0.9849,,59898.58,KXBTC15M-26JUN290030-30,2026-06-29T04:15:00+00:00,2026-06-29T04:30:00+00:00
2026-06-29T04:21:03.549801+00:00,BUY NO (DOWN),NO,-25.99,0.9872,4.462,-90993.0,80884.0,0.5900000000000001,0.9872,,59898.01,KXBTC15M-26JUN290030-30,2026-06-29T04:15:00+00:00,2026-06-29T04:30:00+00:00
2026-06-29T04:33:00.057533+00:00,BUY NO (DOWN),NO,-39.14,0.995,5.154,43714.0,-636586.0,0.6699999999999999,0.995,,59917.99,KXBTC15M-26JUN290045-45,2026-06-29T04:30:00+00:00,2026-06-29T04:45:00+00:00
2026-06-29T04:48:00.815507+00:00,BUY NO (DOWN),NO,-25.98,0.8967,2.526,21734.0,-715927.0,0.58,0.8967,,59820.01,KXBTC15M-26JUN290100-00,2026-06-29T04:45:00+00:00,2026-06-29T05:00:00+00:00
2026-06-29T04:51:05.780022+00:00,BUY NO (DOWN),NO,-23.01,0.997,5.506,-9568.0,-453533.0,0.58,0.997,,59822.98,KXBTC15M-26JUN290100-00,2026-06-29T04:45:00+00:00,2026-06-29T05:00:00+00:00
2026-06-29T04:55:41.113182+00:00,BUY NO (DOWN),NO,-21.98,0.9999,7.564,185424.0,308375.0,0.63,0.9999,,59824.01,KXBTC15M-26JUN290100-00,2026-06-29T04:45:00+00:00,2026-06-29T05:00:00+00:00
2026-06-29T04:57:05.454146+00:00,BUY NO (DOWN),NO,-20.0,1.0,10.251,-19051.0,294021.0,0.72,1.0,,59831.47,KXBTC15M-26JUN290100-00,2026-06-29T04:45:00+00:00,2026-06-29T05:00:00+00:00
2026-06-29T05:03:00.263433+00:00,BUY NO (DOWN),NO,-75.8,1.0,9.725,-55506.0,-119668.0,0.79,1.0,,59754.2,KXBTC15M-26JUN290115-15,2026-06-29T05:00:00+00:00,2026-06-29T05:15:00+00:00
2026-06-29T05:07:30.951127+00:00,BUY NO (DOWN),NO,-242.0,1.0,22.043,217.0,-1386647.0,0.948,1.0,,59587.97,KXBTC15M-26JUN290115-15,2026-06-29T05:00:00+00:00,2026-06-29T05:15:00+00:00
2026-06-29T06:04:10.606615+00:00,BUY NO (DOWN),NO,-25.4,0.828,1.892,-160748.0,693703.0,0.6,0.828,,60094.01,KXBTC15M-26JUN290215-15,2026-06-29T06:00:00+00:00,2026-06-29T06:15:00+00:00
2026-06-29T06:05:52.131989+00:00,BUY NO (DOWN),NO,-27.25,0.8837,2.387,-87681.0,159168.0,0.59,0.8837,,60089.83,KXBTC15M-26JUN290215-15,2026-06-29T06:00:00+00:00,2026-06-29T06:15:00+00:00
2026-06-29T06:33:29.123761+00:00,BUY NO (DOWN),NO,-20.44,0.8794,2.344,-49.0,-333984.0,0.65,0.8794,,60149.55,KXBTC15M-26JUN290245-45,2026-06-29T06:30:00+00:00,2026-06-29T06:45:00+00:00
2026-06-29T06:39:02.702324+00:00,BUY NO (DOWN),NO,-97.98,1.0,25.157,-22132.0,-291725.0,0.95,1.0,,60072.0,KXBTC15M-26JUN290245-45,2026-06-29T06:30:00+00:00,2026-06-29T06:45:00+00:00
2026-06-29T06:39:14.570649+00:00,BUY NO (DOWN),NO,-98.0,1.0,26.325,-135307.0,-408913.0,0.948,1.0,,60071.99,KXBTC15M-26JUN290245-45,2026-06-29T06:30:00+00:00,2026-06-29T06:45:00+00:00
2026-06-29T06:39:44.330363+00:00,BUY NO (DOWN),NO,-98.0,1.0,30.347,-96105.0,-479800.0,0.949,1.0,,60072.0,KXBTC15M-26JUN290245-45,2026-06-29T06:30:00+00:00,2026-06-29T06:45:00+00:00
2026-06-29T06:41:05.964048+00:00,BUY NO (DOWN),NO,-71.99,1.0,28.263,1692680.0,1324931.0,0.948,1.0,,60104.92,KXBTC15M-26JUN290245-45,2026-06-29T06:30:00+00:00,2026-06-29T06:45:00+00:00
2026-06-29T06:42:06.614377+00:00,BUY NO (DOWN),NO,-61.24,1.0,29.719,-390940.0,1264146.0,0.937,1.0,,60108.75,KXBTC15M-26JUN290245-45,2026-06-29T06:30:00+00:00,2026-06-29T06:45:00+00:00
2026-06-29T06:49:17.342342+00:00,BUY NO (DOWN),NO,-20.52,0.931,2.967,-231174.0,-262412.0,0.6,0.931,,60060.0,KXBTC15M-26JUN290300-00,2026-06-29T06:45:00+00:00,2026-06-29T07:00:00+00:00
2026-06-29T06:49:41.765074+00:00,BUY NO (DOWN),NO,-24.51,0.9647,3.615,-140649.0,-265291.0,0.63,0.9647,,60056.01,KXBTC15M-26JUN290300-00,2026-06-29T06:45:00+00:00,2026-06-29T07:00:00+00:00
2026-06-29T07:03:00.439114+00:00,BUY NO (DOWN),NO,-136.21,1.0,19.624,-289587.0,-1653882.0,0.9,1.0,,59943.26,KXBTC15M-26JUN290315-15,2026-06-29T07:00:00+00:00,2026-06-29T07:15:00+00:00
2026-06-29T07:10:58.955933+00:00,BUY NO (DOWN),NO,-65.46,1.0,34.529,-22023.0,-846554.0,0.9410000000000001,1.0,,60014.0,KXBTC15M-26JUN290315-15,2026-06-29T07:00:00+00:00,2026-06-29T07:15:00+00:00
2026-06-29T07:11:18.889210+00:00,BUY NO (DOWN),NO,-65.47,1.0,42.156,-55301.0,-896553.0,0.95,1.0,,60014.0,KXBTC15M-26JUN290315-15,2026-06-29T07:00:00+00:00,2026-06-29T07:15:00+00:00
2026-06-29T07:21:52.070758+00:00,BUY NO (DOWN),NO,-23.98,0.9827,4.224,-191280.0,-546910.0,0.57,0.9827,,60060.0,KXBTC15M-26JUN290330-30,2026-06-29T07:15:00+00:00,2026-06-29T07:30:00+00:00
2026-06-29T07:22:48.024880+00:00,BUY NO (DOWN),NO,-29.99,0.998,5.757,-169105.0,-613413.0,0.58,0.998,,60050.01,KXBTC15M-26JUN290330-30,2026-06-29T07:15:00+00:00,2026-06-29T07:30:00+00:00
2026-06-29T07:33:53.806544+00:00,BUY NO (DOWN),NO,-24.01,0.9624,3.56,-275298.0,-932359.0,0.69,0.9624,,60080.94,KXBTC15M-26JUN290345-45,2026-06-29T07:30:00+00:00,2026-06-29T07:45:00+00:00
2026-06-29T07:40:39.960454+00:00,BUY NO (DOWN),NO,-20.02,1.0,7.803,-205705.0,11536.0,0.86,1.0,,60086.0,KXBTC15M-26JUN290345-45,2026-06-29T07:30:00+00:00,2026-06-29T07:45:00+00:00
2026-06-29T07:41:39.015978+00:00,BUY NO (DOWN),NO,-26.02,1.0,13.187,-57034.0,-239643.0,0.906,1.0,,60080.01,KXBTC15M-26JUN290345-45,2026-06-29T07:30:00+00:00,2026-06-29T07:45:00+00:00
2026-06-29T08:03:46.472576+00:00,BUY NO (DOWN),NO,-20.01,0.8086,1.746,-279556.0,-1074698.0,0.5900000000000001,0.8086,,59994.01,KXBTC15M-26JUN290415-15,2026-06-29T08:00:00+00:00,2026-06-29T08:15:00+00:00
2026-06-29T08:06:36.457753+00:00,BUY NO (DOWN),NO,-20.0,0.8984,2.545,-194686.0,-51872.0,0.7,0.8984,,59986.36,KXBTC15M-26JUN290415-15,2026-06-29T08:00:00+00:00,2026-06-29T08:15:00+00:00
2026-06-29T08:07:17.560512+00:00,BUY NO (DOWN),NO,-24.01,0.9624,3.56,82385.0,119882.0,0.72,0.9624,,59996.0,KXBTC15M-26JUN290415-15,2026-06-29T08:00:00+00:00,2026-06-29T08:15:00+00:00
2026-06-29T08:09:29.677484+00:00,BUY NO (DOWN),NO,-31.22,0.9997,6.851,98310.0,507049.0,0.69,0.9997,,59988.79,KXBTC15M-26JUN290415-15,2026-06-29T08:00:00+00:00,2026-06-29T08:15:00+00:00
2026-06-29T08:09:59.614110+00:00,BUY NO (DOWN),NO,-24.01,0.9974,5.583,96196.0,43869.0,0.8,0.9974,,59990.01,KXBTC15M-26JUN290415-15,2026-06-29T08:00:00+00:00,2026-06-29T08:15:00+00:00
2026-06-29T08:10:28.080361+00:00,BUY NO (DOWN),NO,-28.01,0.9998,7.018,-63756.0,325954.0,0.76,0.9998,,59992.01,KXBTC15M-26JUN290415-15,2026-06-29T08:00:00+00:00,2026-06-29T08:15:00+00:00
2026-06-29T08:11:12.905717+00:00,BUY NO (DOWN),NO,-20.0,0.9988,6.052,-28880.0,362343.0,0.78,0.9988,,60002.2,KXBTC15M-26JUN290415-15,2026-06-29T08:00:00+00:00,2026-06-29T08:15:00+00:00
2026-06-29T08:11:18.351917+00:00,BUY NO (DOWN),NO,-21.74,0.9995,6.632,-63157.0,342426.0,0.77,0.9995,,59998.06,KXBTC15M-26JUN290415-15,2026-06-29T08:00:00+00:00,2026-06-29T08:15:00+00:00
2026-06-29T08:11:37.128426+00:00,BUY NO (DOWN),NO,-22.01,0.9999,7.373,-43887.0,441208.0,0.83,0.9999,,59998.01,KXBTC15M-26JUN290415-15,2026-06-29T08:00:00+00:00,2026-06-29T08:15:00+00:00
2026-06-29T08:23:48.989011+00:00,BUY NO (DOWN),NO,-30.76,0.9962,5.334,-347661.0,-796223.0,0.7,0.9962,,59929.23,KXBTC15M-26JUN290430-30,2026-06-29T08:15:00+00:00,2026-06-29T08:30:00+00:00
2026-06-29T08:33:02.609361+00:00,BUY NO (DOWN),NO,-50.93,0.9838,4.278,-230914.0,-605991.0,0.6699999999999999,0.9838,,59777.55,KXBTC15M-26JUN290445-45,2026-06-29T08:30:00+00:00,2026-06-29T08:45:00+00:00
2026-06-29T08:42:25.655327+00:00,BUY NO (DOWN),NO,-23.92,1.0,15.894,-154025.0,-315790.0,0.77,1.0,,59814.0,KXBTC15M-26JUN290445-45,2026-06-29T08:30:00+00:00,2026-06-29T08:45:00+00:00
2026-06-29T08:55:22.683625+00:00,BUY NO (DOWN),NO,-25.72,1.0,9.502,-126163.0,-453326.0,0.7,1.0,,59844.28,KXBTC15M-26JUN290500-00,2026-06-29T08:45:00+00:00,2026-06-29T09:00:00+00:00
2026-06-29T08:55:28.798411+00:00,BUY NO (DOWN),NO,-24.54,1.0,8.752,246714.0,-93270.0,0.7,1.0,,59845.45,KXBTC15M-26JUN290500-00,2026-06-29T08:45:00+00:00,2026-06-29T09:00:00+00:00
2026-06-29T08:56:48.476164+00:00,BUY NO (DOWN),NO,-22.0,1.0,11.433,385681.0,879622.0,0.77,1.0,,59848.0,KXBTC15M-26JUN290500-00,2026-06-29T08:45:00+00:00,2026-06-29T09:00:00+00:00
2026-06-29T09:24:07.155251+00:00,BUY NO (DOWN),NO,-22.0,0.9797,4.093,-222216.0,-1182803.0,0.6,0.9797,,59926.01,KXBTC15M-26JUN290530-30,2026-06-29T09:15:00+00:00,2026-06-29T09:30:00+00:00
2026-06-29T09:27:24.165722+00:00,BUY NO (DOWN),NO,-94.02,1.0,38.287,174147.0,-889313.0,0.94,1.0,,59845.13,KXBTC15M-26JUN290530-30,2026-06-29T09:15:00+00:00,2026-06-29T09:30:00+00:00
2026-06-29T09:28:34.378973+00:00,BUY NO (DOWN),NO,-21.3,1.0,12.962,71911.0,-618546.0,0.73,1.0,,59926.71,KXBTC15M-26JUN290530-30,2026-06-29T09:15:00+00:00,2026-06-29T09:30:00+00:00
2026-06-29T09:29:08.806235+00:00,BUY NO (DOWN),NO,-29.01,1.0,29.068,-698399.0,-984764.0,0.87,1.0,,59928.46,KXBTC15M-26JUN290530-30,2026-06-29T09:15:00+00:00,2026-06-29T09:30:00+00:00
2026-06-29T09:29:31.538806+00:00,BUY NO (DOWN),NO,-20.0,1.0,36.298,-674790.0,-887111.0,0.85,1.0,,59928.01,KXBTC15M-26JUN290530-30,2026-06-29T09:15:00+00:00,2026-06-29T09:30:00+00:00
2026-06-29T09:35:44.866968+00:00,BUY NO (DOWN),NO,-45.94,0.9993,6.405,-391043.0,-973634.0,0.53,0.9993,,59892.0,KXBTC15M-26JUN290545-45,2026-06-29T09:30:00+00:00,2026-06-29T09:45:00+00:00
2026-06-29T09:37:06.339809+00:00,BUY NO (DOWN),NO,-25.91,0.9884,4.539,-88729.0,-774309.0,0.52,0.9884,,59912.0,KXBTC15M-26JUN290545-45,2026-06-29T09:30:00+00:00,2026-06-29T09:45:00+00:00
2026-06-29T09:40:29.489721+00:00,BUY NO (DOWN),NO,-20.71,0.9978,5.689,1468942.0,1127043.0,0.62,0.9978,,59917.25,KXBTC15M-26JUN290545-45,2026-06-29T09:30:00+00:00,2026-06-29T09:45:00+00:00
2026-06-29T09:40:50.403294+00:00,BUY NO (DOWN),NO,-27.59,1.0,9.396,-209454.0,1207110.0,0.64,1.0,,59910.36,KXBTC15M-26JUN290545-45,2026-06-29T09:30:00+00:00,2026-06-29T09:45:00+00:00
2026-06-29T09:41:36.725267+00:00,BUY NO (DOWN),NO,-22.82,1.0,9.824,-40376.0,1245410.0,0.5800000000000001,1.0,,59915.13,KXBTC15M-26JUN290545-45,2026-06-29T09:30:00+00:00,2026-06-29T09:45:00+00:00
2026-06-29T09:51:44.714807+00:00,BUY NO (DOWN),NO,-32.92,0.9419,3.142,-646552.0,-1415158.0,0.54,0.9419,,59939.99,KXBTC15M-26JUN290600-00,2026-06-29T09:45:00+00:00,2026-06-29T10:00:00+00:00
2026-06-29T09:51:58.732014+00:00,BUY NO (DOWN),NO,-22.92,0.8692,2.245,-656830.0,-1340531.0,0.56,0.8692,,59944.01,KXBTC15M-26JUN290600-00,2026-06-29T09:45:00+00:00,2026-06-29T10:00:00+00:00
2026-06-29T09:52:37.551940+00:00,BUY NO (DOWN),NO,-26.92,0.9078,2.655,-52481.0,-1261272.0,0.52,0.9078,,59934.0,KXBTC15M-26JUN290600-00,2026-06-29T09:45:00+00:00,2026-06-29T10:00:00+00:00
2026-06-29T10:25:14.524252+00:00,BUY NO (DOWN),NO,-23.76,0.9997,6.809,-89195.0,-368563.0,0.62,0.9997,,60208.81,KXBTC15M-26JUN290630-30,2026-06-29T10:15:00+00:00,2026-06-29T10:30:00+00:00
2026-06-29T10:28:11.725836+00:00,BUY NO (DOWN),NO,-26.55,1.0,22.131,-82667.0,-322119.0,0.75,1.0,,60204.53,KXBTC15M-26JUN290630-30,2026-06-29T10:15:00+00:00,2026-06-29T10:30:00+00:00
2026-06-29T10:28:26.556055+00:00,BUY NO (DOWN),NO,-42.56,1.0,40.954,-134514.0,-428044.0,0.9410000000000001,1.0,,60193.56,KXBTC15M-26JUN290630-30,2026-06-29T10:15:00+00:00,2026-06-29T10:30:00+00:00
2026-06-29T10:29:13.454244+00:00,BUY NO (DOWN),NO,-22.23,1.0,51.131,14926.0,-171181.0,0.9299999999999999,1.0,,60210.32,KXBTC15M-26JUN290630-30,2026-06-29T10:15:00+00:00,2026-06-29T10:30:00+00:00
2026-06-29T10:33:01.540184+00:00,BUY NO (DOWN),NO,-76.39,1.0,8.8,105420.0,-456976.0,0.74,1.0,,60141.99,KXBTC15M-26JUN290645-45,2026-06-29T10:30:00+00:00,2026-06-29T10:45:00+00:00
2026-06-29T10:41:21.449410+00:00,BUY NO (DOWN),NO,-79.79,1.0,24.348,28839.0,-18663.0,0.937,1.0,,60144.0,KXBTC15M-26JUN290645-45,2026-06-29T10:30:00+00:00,2026-06-29T10:45:00+00:00
2026-06-29T10:48:00.282863+00:00,BUY NO (DOWN),NO,-34.62,0.9371,3.062,-893774.0,-822901.0,0.61,0.9371,,60095.99,KXBTC15M-26JUN290700-00,2026-06-29T10:45:00+00:00,2026-06-29T11:00:00+00:00
2026-06-29T10:51:26.823646+00:00,BUY NO (DOWN),NO,-20.61,0.8675,2.23,-18229.0,-2127881.0,0.61,0.8675,,60104.01,KXBTC15M-26JUN290700-00,2026-06-29T10:45:00+00:00,2026-06-29T11:00:00+00:00
2026-06-29T10:52:38.875438+00:00,BUY NO (DOWN),NO,-36.61,0.9998,6.969,-202251.0,-1462099.0,0.62,0.9998,,60082.03,KXBTC15M-26JUN290700-00,2026-06-29T10:45:00+00:00,2026-06-29T11:00:00+00:00
2026-06-29T11:03:01.501809+00:00,BUY NO (DOWN),NO,-43.71,1.0,8.062,-342745.0,-110443.0,0.71,1.0,,60039.16,KXBTC15M-26JUN290715-15,2026-06-29T11:00:00+00:00,2026-06-29T11:15:00+00:00
2026-06-29T11:10:33.904315+00:00,BUY NO (DOWN),NO,-88.87,1.0,28.2,-130018.0,-561408.0,0.95,1.0,,59993.99,KXBTC15M-26JUN290715-15,2026-06-29T11:00:00+00:00,2026-06-29T11:15:00+00:00
2026-06-29T11:18:02.264884+00:00,BUY NO (DOWN),NO,-61.17,1.0,9.473,-389876.0,-974648.0,0.81,1.0,,59880.01,KXBTC15M-26JUN290730-30,2026-06-29T11:15:00+00:00,2026-06-29T11:30:00+00:00
2026-06-29T11:22:50.965224+00:00,BUY NO (DOWN),NO,-21.17,0.9904,4.684,63167.0,-258733.0,0.79,0.9904,,59920.0,KXBTC15M-26JUN290730-30,2026-06-29T11:15:00+00:00,2026-06-29T11:30:00+00:00
2026-06-29T11:23:24.770437+00:00,BUY NO (DOWN),NO,-23.18,0.9985,5.931,-57325.0,-166516.0,0.76,0.9985,,59911.41,KXBTC15M-26JUN290730-30,2026-06-29T11:15:00+00:00,2026-06-29T11:30:00+00:00
2026-06-29T11:34:19.236080+00:00,BUY NO (DOWN),NO,-20.6,0.6417,0.726,-42008.0,183125.0,0.54,0.6417,,59964.92,KXBTC15M-26JUN290745-45,2026-06-29T11:30:00+00:00,2026-06-29T11:45:00+00:00
2026-06-29T11:49:50.520110+00:00,BUY NO (DOWN),NO,-21.89,0.9482,3.256,-71440.0,262320.0,0.61,0.9482,,59834.01,KXBTC15M-26JUN290800-00,2026-06-29T11:45:00+00:00,2026-06-29T12:00:00+00:00
2026-06-29T11:51:51.843163+00:00,BUY NO (DOWN),NO,-27.99,0.9968,5.463,-46175.0,-474171.0,0.53,0.9968,,59828.0,KXBTC15M-26JUN290800-00,2026-06-29T11:45:00+00:00,2026-06-29T12:00:00+00:00
2026-06-29T12:19:49.173064+00:00,BUY NO (DOWN),NO,-20.13,0.6969,1.031,798448.0,1510059.0,0.55,0.6969,,60664.6,KXBTC15M-26JUN290830-30,2026-06-29T12:15:00+00:00,2026-06-29T12:30:00+00:00
2026-06-29T12:21:01.589676+00:00,BUY NO (DOWN),NO,-20.94,0.7191,1.16,-826402.0,761422.0,0.55,0.7191,,60667.65,KXBTC15M-26JUN290830-30,2026-06-29T12:15:00+00:00,2026-06-29T12:30:00+00:00
2026-06-29T12:21:05.957518+00:00,BUY NO (DOWN),NO,-20.93,0.722,1.177,-825302.0,716314.0,0.5900000000000001,0.722,,60667.05,KXBTC15M-26JUN290830-30,2026-06-29T12:15:00+00:00,2026-06-29T12:30:00+00:00
2026-06-29T12:21:54.859019+00:00,BUY NO (DOWN),NO,-20.0,0.7342,1.251,-140335.0,1147434.0,0.6,0.7342,,60668.0,KXBTC15M-26JUN290830-30,2026-06-29T12:15:00+00:00,2026-06-29T12:30:00+00:00
2026-06-29T12:21:58.273407+00:00,BUY NO (DOWN),NO,-20.0,0.7374,1.271,-128605.0,1206382.0,0.6,0.7374,,60652.29,KXBTC15M-26JUN290830-30,2026-06-29T12:15:00+00:00,2026-06-29T12:30:00+00:00
2026-06-29T12:33:01.272166+00:00,BUY NO (DOWN),NO,-84.02,0.9997,6.897,-405447.0,-702526.0,0.6699999999999999,0.9997,,60369.99,KXBTC15M-26JUN290845-45,2026-06-29T12:30:00+00:00,2026-06-29T12:45:00+00:00
2026-06-29T12:48:42.868350+00:00,BUY NO (DOWN),NO,-21.55,0.828,1.892,-453435.0,1317460.0,0.51,0.828,,59931.93,KXBTC15M-26JUN290900-00,2026-06-29T12:45:00+00:00,2026-06-29T13:00:00+00:00
2026-06-29T12:49:56.748313+00:00,BUY NO (DOWN),NO,-25.51,0.8781,2.331,707893.0,1619129.0,0.54,0.8781,,59924.01,KXBTC15M-26JUN290900-00,2026-06-29T12:45:00+00:00,2026-06-29T13:00:00+00:00
2026-06-29T12:50:04.235234+00:00,BUY NO (DOWN),NO,-23.68,0.8649,2.205,623634.0,1472893.0,0.53,0.8649,,59918.58,KXBTC15M-26JUN290900-00,2026-06-29T12:45:00+00:00,2026-06-29T13:00:00+00:00
2026-06-29T12:51:12.585876+00:00,BUY NO (DOWN),NO,-23.68,0.9111,2.695,743227.0,1568986.0,0.51,0.9111,,59928.01,KXBTC15M-26JUN290900-00,2026-06-29T12:45:00+00:00,2026-06-29T13:00:00+00:00
2026-06-29T12:51:27.367099+00:00,BUY NO (DOWN),NO,-31.66,0.9673,3.684,651520.0,1149296.0,0.53,0.9673,,59925.58,KXBTC15M-26JUN290900-00,2026-06-29T12:45:00+00:00,2026-06-29T13:00:00+00:00
2026-06-29T12:55:06.304804+00:00,BUY NO (DOWN),NO,-22.52,0.9565,3.422,-463069.0,-792174.0,0.53,0.9565,,59928.01,KXBTC15M-26JUN290900-00,2026-06-29T12:45:00+00:00,2026-06-29T13:00:00+00:00
2026-06-29T12:56:17.098038+00:00,BUY NO (DOWN),NO,-25.58,0.9957,5.253,16675.0,-1488014.0,0.56,0.9957,,59926.12,KXBTC15M-26JUN290900-00,2026-06-29T12:45:00+00:00,2026-06-29T13:00:00+00:00
2026-06-29T12:56:32.101002+00:00,BUY NO (DOWN),NO,-21.68,0.9928,4.898,-49714.0,-1484266.0,0.5700000000000001,0.9928,,59930.0,KXBTC15M-26JUN290900-00,2026-06-29T12:45:00+00:00,2026-06-29T13:00:00+00:00
2026-06-29T13:21:05.827541+00:00,BUY NO (DOWN),NO,-21.99,0.8965,2.523,-249605.0,594491.0,0.53,0.8965,,60182.0,KXBTC15M-26JUN290930-30,2026-06-29T13:15:00+00:00,2026-06-29T13:30:00+00:00
2026-06-29T13:21:59.433069+00:00,BUY NO (DOWN),NO,-23.13,0.9267,2.903,295116.0,604887.0,0.6599999999999999,0.9267,,60190.86,KXBTC15M-26JUN290930-30,2026-06-29T13:15:00+00:00,2026-06-29T13:30:00+00:00
2026-06-29T13:22:19.106409+00:00,BUY NO (DOWN),NO,-21.98,0.9173,2.774,733728.0,826663.0,0.6699999999999999,0.9173,,60192.01,KXBTC15M-26JUN290930-30,2026-06-29T13:15:00+00:00,2026-06-29T13:30:00+00:00
2026-06-29T13:22:36.370052+00:00,BUY NO (DOWN),NO,-21.98,0.9284,2.928,790257.0,802018.0,0.69,0.9284,,60184.01,KXBTC15M-26JUN290930-30,2026-06-29T13:15:00+00:00,2026-06-29T13:30:00+00:00
2026-06-29T13:35:43.512368+00:00,BUY NO (DOWN),NO,-28.54,0.6834,0.955,-339572.0,2525381.0,0.52,0.6834,,59916.1,KXBTC15M-26JUN290945-45,2026-06-29T13:30:00+00:00,2026-06-29T13:45:00+00:00
2026-06-29T13:36:18.983087+00:00,BUY NO (DOWN),NO,-33.55,0.7579,1.399,-533926.0,1212347.0,0.61,0.7579,,59920.98,KXBTC15M-26JUN290945-45,2026-06-29T13:30:00+00:00,2026-06-29T13:45:00+00:00
2026-06-29T13:36:31.363154+00:00,BUY NO (DOWN),NO,-38.53,0.7981,1.67,-348767.0,1349138.0,0.62,0.7981,,59874.02,KXBTC15M-26JUN290945-45,2026-06-29T13:30:00+00:00,2026-06-29T13:45:00+00:00
2026-06-29T13:48:04.722516+00:00,BUY NO (DOWN),NO,-22.99,0.6307,0.667,195214.0,-8403004.0,0.55,0.6307,,59422.56,KXBTC15M-26JUN291000-00,2026-06-29T13:45:00+00:00,2026-06-29T14:00:00+00:00
2026-06-29T13:48:25.867060+00:00,BUY NO (DOWN),NO,-35.73,0.7079,1.095,-73457.0,-7899527.0,0.5800000000000001,0.7079,,59416.0,KXBTC15M-26JUN291000-00,2026-06-29T13:45:00+00:00,2026-06-29T14:00:00+00:00
2026-06-29T13:48:36.834252+00:00,BUY NO (DOWN),NO,-20.99,0.6263,0.644,-170498.0,-7791168.0,0.5800000000000001,0.6263,,59434.01,KXBTC15M-26JUN291000-00,2026-06-29T13:45:00+00:00,2026-06-29T14:00:00+00:00
2026-06-29T13:48:51.682099+00:00,BUY NO (DOWN),NO,-29.12,0.6751,0.908,10905.0,-5333574.0,0.56,0.6751,,59424.01,KXBTC15M-26JUN291000-00,2026-06-29T13:45:00+00:00,2026-06-29T14:00:00+00:00
2026-06-29T13:49:02.739621+00:00,BUY NO (DOWN),NO,-22.84,0.6399,0.717,33579.0,-4139551.0,0.61,0.6399,,59440.0,KXBTC15M-26JUN291000-00,2026-06-29T13:45:00+00:00,2026-06-29T14:00:00+00:00
2026-06-29T13:49:05.335893+00:00,BUY NO (DOWN),NO,-37.0,0.7199,1.165,230725.0,-4213812.0,0.61,0.7199,,59412.0,KXBTC15M-26JUN291000-00,2026-06-29T13:45:00+00:00,2026-06-29T14:00:00+00:00
2026-06-29T13:49:19.836994+00:00,BUY NO (DOWN),NO,-32.99,0.6972,1.033,596930.0,-4462837.0,0.6,0.6972,,59420.41,KXBTC15M-26JUN291000-00,2026-06-29T13:45:00+00:00,2026-06-29T14:00:00+00:00
2026-06-29T13:50:44.198530+00:00,BUY NO (DOWN),NO,-21.99,0.6504,0.773,670817.0,-3699758.0,0.6,0.6504,,59430.85,KXBTC15M-26JUN291000-00,2026-06-29T13:45:00+00:00,2026-06-29T14:00:00+00:00
2026-06-29T13:51:43.307773+00:00,BUY NO (DOWN),NO,-32.35,0.7475,1.334,119250.0,1180254.0,0.62,0.7475,,59431.99,KXBTC15M-26JUN291000-00,2026-06-29T13:45:00+00:00,2026-06-29T14:00:00+00:00
2026-06-29T13:51:57.508853+00:00,BUY NO (DOWN),NO,-26.99,0.7219,1.177,-232796.0,1199693.0,0.62,0.7219,,59428.01,KXBTC15M-26JUN291000-00,2026-06-29T13:45:00+00:00,2026-06-29T14:00:00+00:00
2026-06-29T13:54:50.098824+00:00,BUY NO (DOWN),NO,-25.01,0.8275,1.889,-219268.0,1621824.0,0.64,0.8275,,59410.77,KXBTC15M-26JUN291000-00,2026-06-29T13:45:00+00:00,2026-06-29T14:00:00+00:00
2026-06-29T13:55:32.343757+00:00,BUY NO (DOWN),NO,-33.41,0.9487,3.265,-252269.0,812395.0,0.6799999999999999,0.9487,,59421.42,KXBTC15M-26JUN291000-00,2026-06-29T13:45:00+00:00,2026-06-29T14:00:00+00:00
2026-06-29T13:57:14.468726+00:00,BUY NO (DOWN),NO,-39.0,0.9987,6.045,185488.0,365945.0,0.78,0.9987,,59413.19,KXBTC15M-26JUN291000-00,2026-06-29T13:45:00+00:00,2026-06-29T14:00:00+00:00
2026-06-29T13:57:39.263213+00:00,BUY NO (DOWN),NO,-23.01,0.9849,4.334,291512.0,-160529.0,0.76,0.9849,,59427.47,KXBTC15M-26JUN291000-00,2026-06-29T13:45:00+00:00,2026-06-29T14:00:00+00:00
2026-06-29T14:03:01.246124+00:00,BUY NO (DOWN),NO,-146.22,0.9969,5.482,426270.0,4545599.0,0.7,0.9969,,59451.99,KXBTC15M-26JUN291015-15,2026-06-29T14:00:00+00:00,2026-06-29T14:15:00+00:00
2026-06-29T14:08:52.985974+00:00,BUY NO (DOWN),NO,-296.27,1.0,18.574,-686985.0,-2207667.0,0.946,1.0,,59289.95,KXBTC15M-26JUN291015-15,2026-06-29T14:00:00+00:00,2026-06-29T14:15:00+00:00
2026-06-29T14:09:01.013716+00:00,BUY NO (DOWN),NO,-264.22,1.0,16.843,-576404.0,-2089493.0,0.942,1.0,,59308.95,KXBTC15M-26JUN291015-15,2026-06-29T14:00:00+00:00,2026-06-29T14:15:00+00:00
2026-06-29T14:09:40.657905+00:00,BUY NO (DOWN),NO,-275.3,1.0,19.676,628510.0,-2195418.0,0.946,1.0,,59320.0,KXBTC15M-26JUN291015-15,2026-06-29T14:00:00+00:00,2026-06-29T14:15:00+00:00
2026-06-29T14:10:05.759168+00:00,BUY NO (DOWN),NO,-259.1,1.0,19.729,134166.0,-2174124.0,0.942,1.0,,59324.94,KXBTC15M-26JUN291015-15,2026-06-29T14:00:00+00:00,2026-06-29T14:15:00+00:00
2026-06-29T14:18:31.982905+00:00,BUY NO (DOWN),NO,-24.99,0.6361,0.696,-1488281.0,-1855108.0,0.55,0.6361,,59054.1,KXBTC15M-26JUN291030-30,2026-06-29T14:15:00+00:00,2026-06-29T14:30:00+00:00
2026-06-29T14:18:42.596439+00:00,BUY NO (DOWN),NO,-27.2,0.6461,0.75,-1561536.0,-2185712.0,0.51,0.6461,,59075.54,KXBTC15M-26JUN291030-30,2026-06-29T14:15:00+00:00,2026-06-29T14:30:00+00:00
2026-06-29T14:20:06.180529+00:00,BUY NO (DOWN),NO,-29.0,0.6624,0.838,-1273217.0,-3188943.0,0.56,0.6624,,59064.0,KXBTC15M-26JUN291030-30,2026-06-29T14:15:00+00:00,2026-06-29T14:30:00+00:00
2026-06-29T14:20:18.380287+00:00,BUY NO (DOWN),NO,-24.52,0.6405,0.719,-1300094.0,-2974701.0,0.55,0.6405,,59069.92,KXBTC15M-26JUN291030-30,2026-06-29T14:15:00+00:00,2026-06-29T14:30:00+00:00
2026-06-29T14:33:00.402737+00:00,BUY NO (DOWN),NO,-118.66,0.9952,5.178,133543.0,1402017.0,0.78,0.9952,,59374.43,KXBTC15M-26JUN291045-45,2026-06-29T14:30:00+00:00,2026-06-29T14:45:00+00:00
2026-06-29T14:40:13.282211+00:00,BUY NO (DOWN),NO,-27.98,0.9401,3.111,-512358.0,-816008.0,0.52,0.9401,,59468.02,KXBTC15M-26JUN291045-45,2026-06-29T14:30:00+00:00,2026-06-29T14:45:00+00:00
2026-06-29T14:40:25.453306+00:00,BUY NO (DOWN),NO,-25.88,0.9353,3.033,-496114.0,-675980.0,0.6599999999999999,0.9353,,59470.05,KXBTC15M-26JUN291045-45,2026-06-29T14:30:00+00:00,2026-06-29T14:45:00+00:00
2026-06-29T14:40:38.054806+00:00,BUY NO (DOWN),NO,-23.98,0.9344,3.02,-439810.0,-804197.0,0.6799999999999999,0.9344,,59472.01,KXBTC15M-26JUN291045-45,2026-06-29T14:30:00+00:00,2026-06-29T14:45:00+00:00
2026-06-29T14:43:00.971421+00:00,BUY NO (DOWN),NO,-26.31,0.9997,6.882,-206278.0,-1480070.0,0.85,0.9997,,59469.01,KXBTC15M-26JUN291045-45,2026-06-29T14:30:00+00:00,2026-06-29T14:45:00+00:00
2026-06-29T14:43:19.151435+00:00,BUY NO (DOWN),NO,-70.01,1.0,22.001,-290072.0,-1706734.0,0.946,1.0,,59425.98,KXBTC15M-26JUN291045-45,2026-06-29T14:30:00+00:00,2026-06-29T14:45:00+00:00
2026-06-29T14:43:29.818380+00:00,BUY NO (DOWN),NO,-54.5,1.0,19.221,-367064.0,-1731263.0,0.948,1.0,,59436.01,KXBTC15M-26JUN291045-45,2026-06-29T14:30:00+00:00,2026-06-29T14:45:00+00:00
2026-06-29T14:49:07.248871+00:00,BUY NO (DOWN),NO,-21.01,0.73,1.226,-94883.0,-1903083.0,0.62,0.73,,59259.57,KXBTC15M-26JUN291100-00,2026-06-29T14:45:00+00:00,2026-06-29T15:00:00+00:00
2026-06-29T15:03:01.250001+00:00,BUY NO (DOWN),NO,-162.38,1.0,9.865,-150391.0,-1385258.0,0.76,1.0,,59308.25,KXBTC15M-26JUN291115-15,2026-06-29T15:00:00+00:00,2026-06-29T15:15:00+00:00
2026-06-29T15:06:50.210418+00:00,BUY NO (DOWN),NO,-298.63,1.0,20.995,7468.0,-847544.0,0.948,1.0,,59171.99,KXBTC15M-26JUN291115-15,2026-06-29T15:00:00+00:00,2026-06-29T15:15:00+00:00
2026-06-29T15:07:19.589345+00:00,BUY NO (DOWN),NO,-289.61,1.0,21.447,5739.0,-779251.0,0.95,1.0,,59182.0,KXBTC15M-26JUN291115-15,2026-06-29T15:00:00+00:00,2026-06-29T15:15:00+00:00
2026-06-29T15:08:03.049875+00:00,BUY NO (DOWN),NO,-279.71,1.0,21.535,-227654.0,-823410.0,0.949,1.0,,59187.19,KXBTC15M-26JUN291115-15,2026-06-29T15:00:00+00:00,2026-06-29T15:15:00+00:00
2026-06-29T15:09:11.953531+00:00,BUY NO (DOWN),NO,-234.64,1.0,25.114,-23719.0,-183316.0,0.948,1.0,,59247.0,KXBTC15M-26JUN291115-15,2026-06-29T15:00:00+00:00,2026-06-29T15:15:00+00:00
2026-06-29T15:09:35.670145+00:00,BUY NO (DOWN),NO,-211.63,1.0,23.523,-34133.0,-255177.0,0.946,1.0,,59246.01,KXBTC15M-26JUN291115-15,2026-06-29T15:00:00+00:00,2026-06-29T15:15:00+00:00
2026-06-29T15:09:49.403923+00:00,BUY NO (DOWN),NO,-204.3,1.0,23.74,-14824.0,-30080.0,0.9410000000000001,1.0,,59256.01,KXBTC15M-26JUN291115-15,2026-06-29T15:00:00+00:00,2026-06-29T15:15:00+00:00
2026-06-29T15:10:00.512092+00:00,BUY NO (DOWN),NO,-216.63,1.0,26.071,70025.0,14892.0,0.946,1.0,,59265.86,KXBTC15M-26JUN291115-15,2026-06-29T15:00:00+00:00,2026-06-29T15:15:00+00:00
2026-06-29T15:22:37.540468+00:00,BUY NO (DOWN),NO,-23.58,0.8652,2.208,-331574.0,-1093356.0,0.53,0.8652,,59212.56,KXBTC15M-26JUN291130-30,2026-06-29T15:15:00+00:00,2026-06-29T15:30:00+00:00
2026-06-29T15:23:07.073979+00:00,BUY NO (DOWN),NO,-21.58,0.8605,2.165,-367105.0,-1102609.0,0.55,0.8605,,59230.01,KXBTC15M-26JUN291130-30,2026-06-29T15:15:00+00:00,2026-06-29T15:30:00+00:00
2026-06-29T15:25:28.074328+00:00,BUY NO (DOWN),NO,-22.58,0.9462,3.218,-1365640.0,-2744198.0,0.6599999999999999,0.9462,,59228.0,KXBTC15M-26JUN291130-30,2026-06-29T15:15:00+00:00,2026-06-29T15:30:00+00:00
2026-06-29T16:03:00.813881+00:00,BUY NO (DOWN),NO,-55.32,0.9815,4.173,-212922.0,-168393.0,0.6799999999999999,0.9815,,59778.0,KXBTC15M-26JUN291215-15,2026-06-29T16:00:00+00:00,2026-06-29T16:15:00+00:00
2026-06-29T16:03:44.661709+00:00,BUY NO (DOWN),NO,-21.32,0.8147,1.791,-80286.0,812573.0,0.5700000000000001,0.8147,,59804.0,KXBTC15M-26JUN291215-15,2026-06-29T16:00:00+00:00,2026-06-29T16:15:00+00:00
2026-06-29T16:05:00.798808+00:00,BUY NO (DOWN),NO,-33.33,0.95,3.29,53983.0,61852.0,0.63,0.95,,59805.99,KXBTC15M-26JUN291215-15,2026-06-29T16:00:00+00:00,2026-06-29T16:15:00+00:00
2026-06-29T16:09:43.805337+00:00,BUY NO (DOWN),NO,-23.32,0.9425,3.152,17066.0,926525.0,0.54,0.9425,,59810.01,KXBTC15M-26JUN291215-15,2026-06-29T16:00:00+00:00,2026-06-29T16:15:00+00:00
2026-06-29T16:09:56.139043+00:00,BUY NO (DOWN),NO,-23.32,0.9507,3.304,38518.0,825530.0,0.5800000000000001,0.9507,,59804.01,KXBTC15M-26JUN291215-15,2026-06-29T16:00:00+00:00,2026-06-29T16:15:00+00:00
2026-06-29T16:10:23.053285+00:00,BUY NO (DOWN),NO,-25.34,0.9696,3.749,-78751.0,749074.0,0.62,0.9696,,59804.0,KXBTC15M-26JUN291215-15,2026-06-29T16:00:00+00:00,2026-06-29T16:15:00+00:00
2026-06-29T16:12:49.687896+00:00,BUY NO (DOWN),NO,-27.21,1.0,9.571,-63623.0,352242.0,0.62,1.0,,59800.13,KXBTC15M-26JUN291215-15,2026-06-29T16:00:00+00:00,2026-06-29T16:15:00+00:00
2026-06-29T16:13:28.428101+00:00,BUY NO (DOWN),NO,-68.28,1.0,40.019,-521496.0,-733577.0,0.9410000000000001,1.0,,59765.05,KXBTC15M-26JUN291215-15,2026-06-29T16:00:00+00:00,2026-06-29T16:15:00+00:00
2026-06-29T16:20:26.814856+00:00,BUY NO (DOWN),NO,-25.37,0.9538,3.365,8272.0,42272.0,0.55,0.9538,,59710.54,KXBTC15M-26JUN291230-30,2026-06-29T16:15:00+00:00,2026-06-29T16:30:00+00:00
2026-06-29T16:21:34.800124+00:00,BUY NO (DOWN),NO,-26.0,0.9897,4.628,-149742.0,-188766.0,0.52,0.9897,,59714.0,KXBTC15M-26JUN291230-30,2026-06-29T16:15:00+00:00,2026-06-29T16:30:00+00:00
2026-06-29T16:52:48.181860+00:00,BUY NO (DOWN),NO,-23.92,0.911,2.694,7482.0,1231585.0,0.56,0.911,,59854.0,KXBTC15M-26JUN291300-00,2026-06-29T16:45:00+00:00,2026-06-29T17:00:00+00:00
2026-06-29T16:53:09.059723+00:00,BUY NO (DOWN),NO,-20.7,0.8927,2.482,1043932.0,2238759.0,0.5700000000000001,0.8927,,59857.24,KXBTC15M-26JUN291300-00,2026-06-29T16:45:00+00:00,2026-06-29T17:00:00+00:00
2026-06-29T16:53:54.549667+00:00,BUY NO (DOWN),NO,-24.93,0.9697,3.752,1038244.0,2216214.0,0.61,0.9697,,59853.0,KXBTC15M-26JUN291300-00,2026-06-29T16:45:00+00:00,2026-06-29T17:00:00+00:00
2026-06-29T16:54:16.294978+00:00,BUY NO (DOWN),NO,-29.4,0.9893,4.605,-73.0,2036541.0,0.62,0.9893,,59848.53,KXBTC15M-26JUN291300-00,2026-06-29T16:45:00+00:00,2026-06-29T17:00:00+00:00
2026-06-29T16:55:41.748664+00:00,BUY NO (DOWN),NO,-35.23,1.0,8.508,-122353.0,984298.0,0.5700000000000001,1.0,,59832.0,KXBTC15M-26JUN291300-00,2026-06-29T16:45:00+00:00,2026-06-29T17:00:00+00:00
2026-06-29T17:21:45.114867+00:00,BUY NO (DOWN),NO,-29.56,0.7799,1.544,-473210.0,1607279.0,0.57,0.7799,,60450.52,KXBTC15M-26JUN291330-30,2026-06-29T17:15:00+00:00,2026-06-29T17:30:00+00:00
2026-06-29T17:22:02.020126+00:00,BUY NO (DOWN),NO,-24.79,0.7479,1.335,-711481.0,1416008.0,0.52,0.7479,,60441.33,KXBTC15M-26JUN291330-30,2026-06-29T17:15:00+00:00,2026-06-29T17:30:00+00:00
2026-06-29T17:22:04.469222+00:00,BUY NO (DOWN),NO,-20.39,0.7078,1.094,-424139.0,1681478.0,0.51,0.7078,,60448.97,KXBTC15M-26JUN291330-30,2026-06-29T17:15:00+00:00,2026-06-29T17:30:00+00:00
2026-06-29T17:22:09.312890+00:00,BUY NO (DOWN),NO,-20.79,0.7121,1.119,-338380.0,1626461.0,0.55,0.7121,,60434.01,KXBTC15M-26JUN291330-30,2026-06-29T17:15:00+00:00,2026-06-29T17:30:00+00:00
2026-06-29T17:22:13.768320+00:00,BUY NO (DOWN),NO,-21.95,0.7257,1.2,-336478.0,1588982.0,0.54,0.7257,,60417.36,KXBTC15M-26JUN291330-30,2026-06-29T17:15:00+00:00,2026-06-29T17:30:00+00:00
2026-06-29T17:23:16.233733+00:00,BUY NO (DOWN),NO,-22.79,0.7881,1.6,437047.0,843510.0,0.51,0.7881,,60436.01,KXBTC15M-26JUN291330-30,2026-06-29T17:15:00+00:00,2026-06-29T17:30:00+00:00
2026-06-29T17:23:28.600123+00:00,BUY NO (DOWN),NO,-26.79,0.835,1.948,283946.0,854070.0,0.52,0.835,,60428.01,KXBTC15M-26JUN291330-30,2026-06-29T17:15:00+00:00,2026-06-29T17:30:00+00:00
2026-06-29T17:24:58.016419+00:00,BUY NO (DOWN),NO,-20.79,0.8695,2.249,1045863.0,907606.0,0.5700000000000001,0.8695,,60434.01,KXBTC15M-26JUN291330-30,2026-06-29T17:15:00+00:00,2026-06-29T17:30:00+00:00
2026-06-29T17:26:28.110314+00:00,BUY NO (DOWN),NO,-31.8,0.9972,5.552,513988.0,1125149.0,0.62,0.9972,,60418.4,KXBTC15M-26JUN291330-30,2026-06-29T17:15:00+00:00,2026-06-29T17:30:00+00:00
2026-06-29T17:33:10.908295+00:00,BUY NO (DOWN),NO,-22.0,0.7257,1.2,-356162.0,714807.0,0.56,0.7257,,60514.0,KXBTC15M-26JUN291345-45,2026-06-29T17:30:00+00:00,2026-06-29T17:45:00+00:00
2026-06-29T17:33:25.305860+00:00,BUY NO (DOWN),NO,-34.0,0.8351,1.949,-274039.0,409962.0,0.55,0.8351,,60510.01,KXBTC15M-26JUN291345-45,2026-06-29T17:30:00+00:00,2026-06-29T17:45:00+00:00
2026-06-29T17:39:20.979888+00:00,BUY NO (DOWN),NO,-78.01,1.0,11.166,122262.0,-8612515.0,0.85,1.0,,60466.0,KXBTC15M-26JUN291345-45,2026-06-29T17:30:00+00:00,2026-06-29T17:45:00+00:00
2026-06-29T17:48:00.852241+00:00,BUY NO (DOWN),NO,-73.01,0.9928,4.897,-112237.0,679722.0,0.62,0.9928,,60547.0,KXBTC15M-26JUN291400-00,2026-06-29T17:45:00+00:00,2026-06-29T18:00:00+00:00
2026-06-29T17:49:52.958496+00:00,BUY NO (DOWN),NO,-28.0,0.8784,2.334,227840.0,607218.0,0.59,0.8784,,60592.01,KXBTC15M-26JUN291400-00,2026-06-29T17:45:00+00:00,2026-06-29T18:00:00+00:00
2026-06-29T18:03:00.742332+00:00,BUY NO (DOWN),NO,-38.01,0.9482,3.255,-1446973.0,-1621216.0,0.63,0.9482,,60371.99,KXBTC15M-26JUN291415-15,2026-06-29T18:00:00+00:00,2026-06-29T18:15:00+00:00
2026-06-29T18:03:20.675840+00:00,BUY NO (DOWN),NO,-22.0,0.826,1.877,-1383191.0,-1463215.0,0.5700000000000001,0.826,,60388.0,KXBTC15M-26JUN291415-15,2026-06-29T18:00:00+00:00,2026-06-29T18:15:00+00:00
2026-06-29T18:18:01.940142+00:00,BUY NO (DOWN),NO,-114.73,1.0,15.82,-243033.0,-824786.0,0.83,1.0,,60406.59,KXBTC15M-26JUN291430-30,2026-06-29T18:15:00+00:00,2026-06-29T18:30:00+00:00
2026-06-29T18:34:43.930967+00:00,BUY NO (DOWN),NO,-29.71,0.9783,4.038,-84485.0,-181941.0,0.5800000000000001,0.9783,,60242.29,KXBTC15M-26JUN291445-45,2026-06-29T18:30:00+00:00,2026-06-29T18:45:00+00:00
2026-06-29T18:36:36.300985+00:00,BUY NO (DOWN),NO,-25.99,0.9845,4.312,-80783.0,-55107.0,0.5700000000000001,0.9845,,60244.56,KXBTC15M-26JUN291445-45,2026-06-29T18:30:00+00:00,2026-06-29T18:45:00+00:00
2026-06-29T18:37:13.727587+00:00,BUY NO (DOWN),NO,-51.96,0.9999,7.615,-562364.0,-648751.0,0.54,0.9999,,60221.93,KXBTC15M-26JUN291445-45,2026-06-29T18:30:00+00:00,2026-06-29T18:45:00+00:00
2026-06-29T18:37:55.926191+00:00,BUY NO (DOWN),NO,-43.34,0.9979,5.715,-920840.0,-1032341.0,0.51,0.9979,,60228.67,KXBTC15M-26JUN291445-45,2026-06-29T18:30:00+00:00,2026-06-29T18:45:00+00:00
2026-06-29T18:39:14.771475+00:00,BUY NO (DOWN),NO,-33.22,0.9835,4.266,-244949.0,-945981.0,0.57,0.9835,,60238.78,KXBTC15M-26JUN291445-45,2026-06-29T18:30:00+00:00,2026-06-29T18:45:00+00:00
2026-06-29T18:41:35.845221+00:00,BUY NO (DOWN),NO,-33.1,0.9989,6.126,-308344.0,-1176674.0,0.71,0.9989,,60238.9,KXBTC15M-26JUN291445-45,2026-06-29T18:30:00+00:00,2026-06-29T18:45:00+00:00
2026-06-29T18:42:11.577439+00:00,BUY NO (DOWN),NO,-23.99,0.9981,5.805,-371329.0,-980845.0,0.62,0.9981,,60248.01,KXBTC15M-26JUN291445-45,2026-06-29T18:30:00+00:00,2026-06-29T18:45:00+00:00
2026-06-29T18:43:15.438466+00:00,BUY NO (DOWN),NO,-42.89,1.0,17.294,-531127.0,-1104940.0,0.52,1.0,,60228.49,KXBTC15M-26JUN291445-45,2026-06-29T18:30:00+00:00,2026-06-29T18:45:00+00:00
2026-06-29T18:48:02.467482+00:00,BUY NO (DOWN),NO,-20.31,0.8513,2.084,-54441.0,-350353.0,0.51,0.8513,,60267.0,KXBTC15M-26JUN291500-00,2026-06-29T18:45:00+00:00,2026-06-29T19:00:00+00:00
2026-06-29T18:49:06.091366+00:00,BUY NO (DOWN),NO,-20.29,0.9357,3.04,143.0,150366.0,0.56,0.9357,,60268.0,KXBTC15M-26JUN291500-00,2026-06-29T18:45:00+00:00,2026-06-29T19:00:00+00:00
2026-06-29T18:49:59.269704+00:00,BUY NO (DOWN),NO,-20.29,0.955,3.392,-284754.0,-324016.0,0.54,0.955,,60268.01,KXBTC15M-26JUN291500-00,2026-06-29T18:45:00+00:00,2026-06-29T19:00:00+00:00
2026-06-29T18:57:56.066377+00:00,BUY NO (DOWN),NO,-26.3,1.0,21.842,46201.0,-58327.0,0.63,1.0,,60262.0,KXBTC15M-26JUN291500-00,2026-06-29T18:45:00+00:00,2026-06-29T19:00:00+00:00
2026-06-29T19:03:01.364025+00:00,BUY NO (DOWN),NO,-113.4,1.0,12.977,-134474.0,-16768.0,0.81,1.0,,60197.24,KXBTC15M-26JUN291515-15,2026-06-29T19:00:00+00:00,2026-06-29T19:15:00+00:00
2026-06-29T19:33:01.067746+00:00,BUY NO (DOWN),NO,-37.26,0.9804,4.122,-199460.0,-186014.0,0.69,0.9804,,60422.74,KXBTC15M-26JUN291545-45,2026-06-29T19:30:00+00:00,2026-06-29T19:45:00+00:00
2026-06-29T19:34:57.953999+00:00,BUY NO (DOWN),NO,-130.01,1.0,20.438,22162.0,-732025.0,0.944,1.0,,60330.0,KXBTC15M-26JUN291545-45,2026-06-29T19:30:00+00:00,2026-06-29T19:45:00+00:00
2026-06-29T19:35:36.328200+00:00,BUY NO (DOWN),NO,-127.86,1.0,25.463,233706.0,-511675.0,0.943,1.0,,60332.15,KXBTC15M-26JUN291545-45,2026-06-29T19:30:00+00:00,2026-06-29T19:45:00+00:00
2026-06-29T19:37:07.132753+00:00,BUY NO (DOWN),NO,-112.04,1.0,27.332,61027.0,-517819.0,0.944,1.0,,60347.96,KXBTC15M-26JUN291545-45,2026-06-29T19:30:00+00:00,2026-06-29T19:45:00+00:00
2026-06-29T19:37:38.609683+00:00,BUY NO (DOWN),NO,-96.8,1.0,22.291,319874.0,-251654.0,0.9359999999999999,1.0,,60363.2,KXBTC15M-26JUN291545-45,2026-06-29T19:30:00+00:00,2026-06-29T19:45:00+00:00
2026-06-29T19:39:08.153759+00:00,BUY NO (DOWN),NO,-84.33,1.0,24.056,342679.0,695414.0,0.938,1.0,,60375.96,KXBTC15M-26JUN291545-45,2026-06-29T19:30:00+00:00,2026-06-29T19:45:00+00:00
2026-06-29T19:40:41.658056+00:00,BUY NO (DOWN),NO,-70.0,1.0,25.509,65424.0,665179.0,0.949,1.0,,60390.0,KXBTC15M-26JUN291545-45,2026-06-29T19:30:00+00:00,2026-06-29T19:45:00+00:00
2026-06-29T19:41:10.758165+00:00,BUY NO (DOWN),NO,-72.5,1.0,29.311,21163.0,782009.0,0.946,1.0,,60389.99,KXBTC15M-26JUN291545-45,2026-06-29T19:30:00+00:00,2026-06-29T19:45:00+00:00
2026-06-29T19:50:07.223354+00:00,BUY NO (DOWN),NO,-20.0,0.8219,1.845,-19400.0,-144350.0,0.51,0.8219,,60446.01,KXBTC15M-26JUN291600-00,2026-06-29T19:45:00+00:00,2026-06-29T20:00:00+00:00
2026-06-29T19:54:06.746437+00:00,BUY NO (DOWN),NO,-33.92,0.9838,4.281,-274207.0,353154.0,0.58,0.9838,,60432.09,KXBTC15M-26JUN291600-00,2026-06-29T19:45:00+00:00,2026-06-29T20:00:00+00:00
2026-06-29T19:54:31.065854+00:00,BUY NO (DOWN),NO,-25.51,0.9572,3.439,-389086.0,-25182.0,0.52,0.9572,,60440.0,KXBTC15M-26JUN291600-00,2026-06-29T19:45:00+00:00,2026-06-29T20:00:00+00:00
2026-06-29T19:56:42.466163+00:00,BUY NO (DOWN),NO,-29.63,1.0,7.971,-644622.0,-1037277.0,0.59,1.0,,60436.0,KXBTC15M-26JUN291600-00,2026-06-29T19:45:00+00:00,2026-06-29T20:00:00+00:00
2026-06-29T19:57:24.664007+00:00,BUY NO (DOWN),NO,-20.0,0.9996,6.735,129016.0,-599156.0,0.56,0.9996,,60445.53,KXBTC15M-26JUN291600-00,2026-06-29T19:45:00+00:00,2026-06-29T20:00:00+00:00
2026-06-29T19:59:20.658665+00:00,BUY NO (DOWN),NO,-20.0,1.0,29.968,-210464.0,-373966.0,0.6,1.0,,60432.0,KXBTC15M-26JUN291600-00,2026-06-29T19:45:00+00:00,2026-06-29T20:00:00+00:00
2026-06-29T19:59:42.631261+00:00,BUY NO (DOWN),NO,-20.96,1.0,71.187,-183469.0,-364798.0,0.8,1.0,,60440.53,KXBTC15M-26JUN291600-00,2026-06-29T19:45:00+00:00,2026-06-29T20:00:00+00:00
2026-06-29T20:18:01.471483+00:00,BUY NO (DOWN),NO,-30.02,0.969,3.733,42131.0,-266392.0,0.62,0.969,,60406.0,KXBTC15M-26JUN291630-30,2026-06-29T20:15:00+00:00,2026-06-29T20:30:00+00:00
2026-06-29T20:26:44.673745+00:00,BUY NO (DOWN),NO,-39.99,1.0,10.012,-71130.0,498749.0,0.86,1.0,,60411.52,KXBTC15M-26JUN291630-30,2026-06-29T20:15:00+00:00,2026-06-29T20:30:00+00:00
2026-06-29T20:27:04.802739+00:00,BUY NO (DOWN),NO,-44.0,1.0,11.134,-626874.0,317922.0,0.55,1.0,,60400.04,KXBTC15M-26JUN291630-30,2026-06-29T20:15:00+00:00,2026-06-29T20:30:00+00:00
2026-06-29T20:28:12.895938+00:00,BUY NO (DOWN),NO,-23.99,1.0,9.938,10231.0,120989.0,0.6599999999999999,1.0,,60414.0,KXBTC15M-26JUN291630-30,2026-06-29T20:15:00+00:00,2026-06-29T20:30:00+00:00
2026-06-29T20:48:01.379842+00:00,BUY NO (DOWN),NO,-55.0,1.0,8.073,-81466.0,-340341.0,0.74,1.0,,60360.0,KXBTC15M-26JUN291700-00,2026-06-29T20:45:00+00:00,2026-06-29T21:00:00+00:00
2026-06-29T20:50:05.097665+00:00,BUY NO (DOWN),NO,-24.95,0.9791,4.07,-48180.0,-64246.0,0.63,0.9791,,60384.02,KXBTC15M-26JUN291700-00,2026-06-29T20:45:00+00:00,2026-06-29T21:00:00+00:00
2026-06-29T21:04:38.870582+00:00,BUY NO (DOWN),NO,-28.09,0.9876,4.49,-303084.0,-498403.0,0.51,0.9876,,60271.23,KXBTC15M-26JUN291715-15,2026-06-29T21:00:00+00:00,2026-06-29T21:15:00+00:00
2026-06-29T21:05:18.842853+00:00,BUY NO (DOWN),NO,-28.09,0.9821,4.197,-321096.0,-600616.0,0.6,0.9821,,60267.93,KXBTC15M-26JUN291715-15,2026-06-29T21:00:00+00:00,2026-06-29T21:15:00+00:00
2026-06-29T21:18:00.085681+00:00,BUY NO (DOWN),NO,-70.99,0.9999,7.714,-13824.0,-254710.0,0.8200000000000001,0.9999,,60343.01,KXBTC15M-26JUN291730-30,2026-06-29T21:15:00+00:00,2026-06-29T21:30:00+00:00
2026-06-29T22:03:50.443666+00:00,BUY NO (DOWN),NO,-23.24,0.9318,2.979,71074.0,115419.0,0.65,0.9318,,60452.0,KXBTC15M-26JUN291815-15,2026-06-29T22:00:00+00:00,2026-06-29T22:15:00+00:00
2026-06-29T22:05:23.445940+00:00,BUY NO (DOWN),NO,-21.71,0.9708,3.787,21525.0,212053.0,0.65,0.9708,,60458.01,KXBTC15M-26JUN291815-15,2026-06-29T22:00:00+00:00,2026-06-29T22:15:00+00:00
2026-06-29T22:06:14.338373+00:00,BUY NO (DOWN),NO,-27.21,0.9956,5.245,59096.0,253853.0,0.63,0.9956,,60452.35,KXBTC15M-26JUN291815-15,2026-06-29T22:00:00+00:00,2026-06-29T22:15:00+00:00
2026-06-29T22:18:18.266260+00:00,BUY NO (DOWN),NO,-21.99,0.9861,4.403,-59146.0,96458.0,0.55,0.9861,,60440.0,KXBTC15M-26JUN291830-30,2026-06-29T22:15:00+00:00,2026-06-29T22:30:00+00:00
2026-06-29T22:25:03.266298+00:00,BUY NO (DOWN),NO,-21.99,1.0,10.48,-23619.0,-158073.0,0.6,1.0,,60442.0,KXBTC15M-26JUN291830-30,2026-06-29T22:15:00+00:00,2026-06-29T22:30:00+00:00
2026-06-29T22:25:17.705894+00:00,BUY NO (DOWN),NO,-31.6,1.0,13.707,-739645.0,-914020.0,0.57,1.0,,60432.4,KXBTC15M-26JUN291830-30,2026-06-29T22:15:00+00:00,2026-06-29T22:30:00+00:00
2026-06-29T22:33:08.632423+00:00,BUY NO (DOWN),NO,-23.97,0.9874,4.478,-33346.0,84367.0,0.69,0.9874,,60421.04,KXBTC15M-26JUN291845-45,2026-06-29T22:30:00+00:00,2026-06-29T22:45:00+00:00
2026-06-29T22:57:30.556231+00:00,BUY NO (DOWN),NO,-22.25,1.0,11.697,-1171276.0,-1023572.0,0.81,1.0,,60360.2,KXBTC15M-26JUN291900-00,2026-06-29T22:45:00+00:00,2026-06-29T23:00:00+00:00
2026-06-29T23:10:52.269667+00:00,BUY NO (DOWN),NO,-20.3,1.0,19.328,-135137.0,-151449.0,0.75,1.0,,60332.01,KXBTC15M-26JUN291915-15,2026-06-29T23:00:00+00:00,2026-06-29T23:15:00+00:00
2026-06-29T23:20:05.116470+00:00,BUY NO (DOWN),NO,-28.02,1.0,9.113,-228096.0,192268.0,0.6,1.0,,60312.01,KXBTC15M-26JUN291930-30,2026-06-29T23:15:00+00:00,2026-06-29T23:30:00+00:00
2026-06-29T23:55:09.397962+00:00,BUY NO (DOWN),NO,-22.01,1.0,14.404,-101067.0,-228629.0,0.87,1.0,,60225.91,KXBTC15M-26JUN292000-00,2026-06-29T23:45:00+00:00,2026-06-30T00:00:00+00:00
2026-06-29T23:56:17.644489+00:00,BUY NO (DOWN),NO,-26.89,1.0,24.337,23073.0,-156662.0,0.947,1.0,,60221.11,KXBTC15M-26JUN292000-00,2026-06-29T23:45:00+00:00,2026-06-30T00:00:00+00:00
2026-06-30T00:03:00.571382+00:00,BUY NO (DOWN),NO,-52.2,0.9965,5.391,-59915.0,-451518.0,0.61,0.9965,,60208.01,KXBTC15M-26JUN292015-15,2026-06-30T00:00:00+00:00,2026-06-30T00:15:00+00:00
2026-06-30T00:04:51.054305+00:00,BUY NO (DOWN),NO,-21.89,0.89,2.453,-23284.0,-404792.0,0.61,0.89,,60236.0,KXBTC15M-26JUN292015-15,2026-06-30T00:00:00+00:00,2026-06-30T00:15:00+00:00
2026-06-30T00:05:04.580224+00:00,BUY NO (DOWN),NO,-24.2,0.9043,2.613,2335417.0,-432553.0,0.71,0.9043,,60234.71,KXBTC15M-26JUN292015-15,2026-06-30T00:00:00+00:00,2026-06-30T00:15:00+00:00
2026-06-30T00:05:16.760226+00:00,BUY NO (DOWN),NO,-21.1,0.9139,2.73,2346984.0,2170632.0,0.6,0.9139,,60239.11,KXBTC15M-26JUN292015-15,2026-06-30T00:00:00+00:00,2026-06-30T00:15:00+00:00
2026-06-30T00:05:26.662771+00:00,BUY NO (DOWN),NO,-33.39,0.9837,4.274,2176552.0,2069947.0,0.62,0.9837,,60226.81,KXBTC15M-26JUN292015-15,2026-06-30T00:00:00+00:00,2026-06-30T00:15:00+00:00
2026-06-30T00:06:17.683494+00:00,BUY NO (DOWN),NO,-28.24,0.9687,3.723,-192298.0,2032334.0,0.52,0.9687,,60231.95,KXBTC15M-26JUN292015-15,2026-06-30T00:00:00+00:00,2026-06-30T00:15:00+00:00
2026-06-30T00:10:28.847663+00:00,BUY NO (DOWN),NO,-109.15,1.0,29.89,-291322.0,-819626.0,0.937,1.0,,60151.05,KXBTC15M-26JUN292015-15,2026-06-30T00:00:00+00:00,2026-06-30T00:15:00+00:00
2026-06-30T00:11:42.926927+00:00,BUY NO (DOWN),NO,-22.21,0.9999,7.354,92945.0,-680300.0,0.56,0.9999,,60230.4,KXBTC15M-26JUN292015-15,2026-06-30T00:00:00+00:00,2026-06-30T00:15:00+00:00
2026-06-30T00:19:18.401863+00:00,BUY NO (DOWN),NO,-33.99,0.9893,4.6,-123335.0,-541690.0,0.55,0.9893,,60166.67,KXBTC15M-26JUN292030-30,2026-06-30T00:15:00+00:00,2026-06-30T00:30:00+00:00
2026-06-30T00:33:01.016416+00:00,BUY NO (DOWN),NO,-99.01,0.9933,4.951,-39063.0,-5000504.0,0.83,0.9933,,59840.0,KXBTC15M-26JUN292045-45,2026-06-30T00:30:00+00:00,2026-06-30T00:45:00+00:00
2026-06-30T00:38:59.649213+00:00,BUY NO (DOWN),NO,-112.3,1.0,16.33,-233412.0,-258965.0,0.948,1.0,,59814.71,KXBTC15M-26JUN292045-45,2026-06-30T00:30:00+00:00,2026-06-30T00:45:00+00:00
2026-06-30T01:03:00.223356+00:00,BUY NO (DOWN),NO,-28.27,0.9321,2.984,-246307.0,-431938.0,0.62,0.9321,,59811.33,KXBTC15M-26JUN292115-15,2026-06-30T01:00:00+00:00,2026-06-30T01:15:00+00:00
2026-06-30T01:04:04.220423+00:00,BUY NO (DOWN),NO,-21.56,0.8401,1.99,-105333.0,-784955.0,0.62,0.8401,,59816.01,KXBTC15M-26JUN292115-15,2026-06-30T01:00:00+00:00,2026-06-30T01:15:00+00:00
2026-06-30T01:07:17.912382+00:00,BUY NO (DOWN),NO,-27.78,0.9576,3.447,1043218.0,882256.0,0.56,0.9576,,59811.81,KXBTC15M-26JUN292115-15,2026-06-30T01:00:00+00:00,2026-06-30T01:15:00+00:00
2026-06-30T01:07:22.087795+00:00,BUY NO (DOWN),NO,-26.59,0.9504,3.298,1054371.0,892063.0,0.6599999999999999,0.9504,,59813.01,KXBTC15M-26JUN292115-15,2026-06-30T01:00:00+00:00,2026-06-30T01:15:00+00:00
2026-06-30T01:07:38.779038+00:00,BUY NO (DOWN),NO,-35.21,0.9878,4.503,1018590.0,948827.0,0.71,0.9878,,59795.01,KXBTC15M-26JUN292115-15,2026-06-30T01:00:00+00:00,2026-06-30T01:15:00+00:00
2026-06-30T01:08:08.440224+00:00,BUY NO (DOWN),NO,-23.58,0.9607,3.518,-153987.0,1183037.0,0.6799999999999999,0.9607,,59802.68,KXBTC15M-26JUN292115-15,2026-06-30T01:00:00+00:00,2026-06-30T01:15:00+00:00
2026-06-30T01:09:21.391289+00:00,BUY NO (DOWN),NO,-24.55,0.9722,3.827,-18488.0,962784.0,0.65,0.9722,,59810.91,KXBTC15M-26JUN292115-15,2026-06-30T01:00:00+00:00,2026-06-30T01:15:00+00:00
2026-06-30T01:11:21.121733+00:00,BUY NO (DOWN),NO,-23.59,0.9985,5.938,-7346.0,778303.0,0.6699999999999999,0.9985,,59816.01,KXBTC15M-26JUN292115-15,2026-06-30T01:00:00+00:00,2026-06-30T01:15:00+00:00
2026-06-30T01:13:06.107585+00:00,BUY NO (DOWN),NO,-29.58,1.0,15.682,13511.0,-292702.0,0.74,1.0,,59804.0,KXBTC15M-26JUN292115-15,2026-06-30T01:00:00+00:00,2026-06-30T01:15:00+00:00
2026-06-30T01:13:26.652112+00:00,BUY NO (DOWN),NO,-22.23,1.0,15.211,-69716.0,-194860.0,0.923,1.0,,59817.37,KXBTC15M-26JUN292115-15,2026-06-30T01:00:00+00:00,2026-06-30T01:15:00+00:00
2026-06-30T01:33:18.983248+00:00,BUY NO (DOWN),NO,-24.99,0.9793,4.079,-226520.0,195436.0,0.56,0.9793,,60013.0,KXBTC15M-26JUN292145-45,2026-06-30T01:30:00+00:00,2026-06-30T01:45:00+00:00
2026-06-30T02:03:00.612589+00:00,BUY NO (DOWN),NO,-55.71,1.0,13.255,-37438.0,30304.0,0.83,1.0,,59890.01,KXBTC15M-26JUN292215-15,2026-06-30T02:00:00+00:00,2026-06-30T02:15:00+00:00
2026-06-30T02:08:47.070211+00:00,BUY NO (DOWN),NO,-65.08,1.0,45.496,-204488.0,-41618.0,0.928,1.0,,59880.64,KXBTC15M-26JUN292215-15,2026-06-30T02:00:00+00:00,2026-06-30T02:15:00+00:00
2026-06-30T02:10:39.900918+00:00,BUY NO (DOWN),NO,-51.71,1.0,34.871,123674.0,114581.0,0.9390000000000001,1.0,,59894.01,KXBTC15M-26JUN292215-15,2026-06-30T02:00:00+00:00,2026-06-30T02:15:00+00:00
2026-06-30T02:18:00.578205+00:00,BUY NO (DOWN),NO,-28.51,0.9925,4.862,-160551.0,918177.0,0.6,0.9925,,59767.49,KXBTC15M-26JUN292230-30,2026-06-30T02:15:00+00:00,2026-06-30T02:30:00+00:00
2026-06-30T02:33:00.766626+00:00,BUY NO (DOWN),NO,-50.98,1.0,9.203,42631.0,662193.0,0.8,1.0,,59926.0,KXBTC15M-26JUN292245-45,2026-06-30T02:30:00+00:00,2026-06-30T02:45:00+00:00
2026-06-30T03:08:06.823342+00:00,BUY NO (DOWN),NO,-21.26,0.9996,6.727,-149978.0,-349884.0,0.6799999999999999,0.9996,,59902.73,KXBTC15M-26JUN292315-15,2026-06-30T03:00:00+00:00,2026-06-30T03:15:00+00:00
2026-06-30T03:09:13.674074+00:00,BUY NO (DOWN),NO,-75.76,1.0,20.577,112298.0,-497529.0,0.948,1.0,,59883.08,KXBTC15M-26JUN292315-15,2026-06-30T03:00:00+00:00,2026-06-30T03:15:00+00:00
2026-06-30T03:24:17.270194+00:00,BUY NO (DOWN),NO,-23.94,1.0,8.025,-781354.0,-800703.0,0.79,1.0,,59870.71,KXBTC15M-26JUN292330-30,2026-06-30T03:15:00+00:00,2026-06-30T03:30:00+00:00
2026-06-30T03:25:09.632991+00:00,BUY NO (DOWN),NO,-61.94,1.0,20.601,-360546.0,-1194965.0,0.927,1.0,,59838.01,KXBTC15M-26JUN292330-30,2026-06-30T03:15:00+00:00,2026-06-30T03:30:00+00:00
2026-06-30T03:26:24.895119+00:00,BUY NO (DOWN),NO,-33.29,1.0,14.171,142797.0,-925894.0,0.907,1.0,,59866.65,KXBTC15M-26JUN292330-30,2026-06-30T03:15:00+00:00,2026-06-30T03:30:00+00:00
2026-06-30T03:33:01.195476+00:00,BUY NO (DOWN),NO,-59.33,1.0,13.254,-860674.0,-1127532.0,0.8200000000000001,1.0,,59798.0,KXBTC15M-26JUN292345-45,2026-06-30T03:30:00+00:00,2026-06-30T03:45:00+00:00
2026-06-30T03:48:00.623950+00:00,BUY NO (DOWN),NO,-76.64,0.9999,7.699,348373.0,-978462.0,0.87,0.9999,,59663.88,KXBTC15M-26JUN300000-00,2026-06-30T03:45:00+00:00,2026-06-30T04:00:00+00:00
2026-06-30T04:03:00.848190+00:00,BUY NO (DOWN),NO,-54.51,1.0,8.838,-142949.0,-1345024.0,0.85,1.0,,59564.54,KXBTC15M-26JUN300015-15,2026-06-30T04:00:00+00:00,2026-06-30T04:15:00+00:00
2026-06-30T04:13:02.581363+00:00,BUY NO (DOWN),NO,-41.05,1.0,22.428,616658.0,1042483.0,0.916,1.0,,59577.11,KXBTC15M-26JUN300015-15,2026-06-30T04:00:00+00:00,2026-06-30T04:15:00+00:00
2026-06-30T04:18:00.623545+00:00,BUY NO (DOWN),NO,-87.44,1.0,13.783,385802.0,126364.0,0.83,1.0,,59476.02,KXBTC15M-26JUN300030-30,2026-06-30T04:15:00+00:00,2026-06-30T04:30:00+00:00
2026-06-30T04:48:00.585177+00:00,BUY NO (DOWN),NO,-69.08,0.9999,7.415,-658646.0,-1176152.0,0.74,0.9999,,59546.92,KXBTC15M-26JUN300100-00,2026-06-30T04:45:00+00:00,2026-06-30T05:00:00+00:00
2026-06-30T05:04:17.733900+00:00,BUY NO (DOWN),NO,-22.54,0.9968,5.455,-302673.0,-639709.0,0.6,0.9968,,59466.01,KXBTC15M-26JUN300115-15,2026-06-30T05:00:00+00:00,2026-06-30T05:15:00+00:00
2026-06-30T05:07:19.013783+00:00,BUY NO (DOWN),NO,-21.0,0.9707,3.782,-570819.0,1529613.0,0.6699999999999999,0.9707,,59471.01,KXBTC15M-26JUN300115-15,2026-06-30T05:00:00+00:00,2026-06-30T05:15:00+00:00
2026-06-30T05:18:00.787712+00:00,BUY NO (DOWN),NO,-44.87,1.0,9.337,-25019.0,-213913.0,0.7,1.0,,59388.12,KXBTC15M-26JUN300130-30,2026-06-30T05:15:00+00:00,2026-06-30T05:30:00+00:00
2026-06-30T05:18:51.353479+00:00,BUY NO (DOWN),NO,-21.0,0.9947,5.116,40207.0,-216457.0,0.55,0.9947,,59410.6,KXBTC15M-26JUN300130-30,2026-06-30T05:15:00+00:00,2026-06-30T05:30:00+00:00
2026-06-30T05:27:07.046460+00:00,BUY NO (DOWN),NO,-32.99,1.0,20.395,-192816.0,938869.0,0.51,1.0,,59400.01,KXBTC15M-26JUN300130-30,2026-06-30T05:15:00+00:00,2026-06-30T05:30:00+00:00
2026-06-30T05:36:12.543233+00:00,BUY NO (DOWN),NO,-26.0,0.9959,5.284,-405586.0,1666900.0,0.65,0.9959,,59360.01,KXBTC15M-26JUN300145-45,2026-06-30T05:30:00+00:00,2026-06-30T05:45:00+00:00
2026-06-30T06:03:00.860781+00:00,BUY NO (DOWN),NO,-72.12,1.0,10.216,-96554.0,-4921777.0,0.8,1.0,,59580.01,KXBTC15M-26JUN300215-15,2026-06-30T06:00:00+00:00,2026-06-30T06:15:00+00:00
2026-06-30T06:18:48.916978+00:00,BUY NO (DOWN),NO,-22.02,0.9993,6.389,-106025.0,-311882.0,0.6699999999999999,0.9993,,59540.0,KXBTC15M-26JUN300230-30,2026-06-30T06:15:00+00:00,2026-06-30T06:30:00+00:00
2026-06-30T06:20:35.081019+00:00,BUY NO (DOWN),NO,-32.04,0.9989,6.119,3019284.0,2811647.0,0.65,0.9989,,59532.12,KXBTC15M-26JUN300230-30,2026-06-30T06:15:00+00:00,2026-06-30T06:30:00+00:00
2026-06-30T06:22:46.901547+00:00,BUY NO (DOWN),NO,-21.88,0.9949,5.132,-288171.0,-2166739.0,0.7,0.9949,,59544.27,KXBTC15M-26JUN300230-30,2026-06-30T06:15:00+00:00,2026-06-30T06:30:00+00:00
2026-06-30T06:24:51.722744+00:00,BUY NO (DOWN),NO,-24.14,0.9998,7.059,-29833.0,-2266080.0,0.74,0.9998,,59542.0,KXBTC15M-26JUN300230-30,2026-06-30T06:15:00+00:00,2026-06-30T06:30:00+00:00
2026-06-30T06:25:09.498344+00:00,BUY NO (DOWN),NO,-26.14,0.9998,7.193,1156606.0,-4581882.0,0.71,0.9998,,59534.42,KXBTC15M-26JUN300230-30,2026-06-30T06:15:00+00:00,2026-06-30T06:30:00+00:00
2026-06-30T06:25:20.080203+00:00,BUY NO (DOWN),NO,-25.12,0.9996,6.692,-424394.0,-6104012.0,0.69,0.9996,,59540.01,KXBTC15M-26JUN300230-30,2026-06-30T06:15:00+00:00,2026-06-30T06:30:00+00:00
2026-06-30T06:33:01.201147+00:00,BUY NO (DOWN),NO,-68.65,0.9998,7.115,-102645.0,-387478.0,0.76,0.9998,,59625.04,KXBTC15M-26JUN300245-45,2026-06-30T06:30:00+00:00,2026-06-30T06:45:00+00:00
2026-06-30T07:05:20.514481+00:00,BUY NO (DOWN),NO,-29.58,0.9904,4.683,-1953365.0,-1955472.0,0.52,0.9904,,59566.15,KXBTC15M-26JUN300315-15,2026-06-30T07:00:00+00:00,2026-06-30T07:15:00+00:00
2026-06-30T07:19:19.233166+00:00,BUY NO (DOWN),NO,-20.15,0.9366,3.054,-205228.0,-731114.0,0.51,0.9366,,59479.32,KXBTC15M-26JUN300330-30,2026-06-30T07:15:00+00:00,2026-06-30T07:30:00+00:00
2026-06-30T07:20:10.694147+00:00,BUY NO (DOWN),NO,-21.63,0.9471,3.235,57717.0,-502246.0,0.55,0.9471,,59474.37,KXBTC15M-26JUN300330-30,2026-06-30T07:15:00+00:00,2026-06-30T07:30:00+00:00
2026-06-30T07:21:15.272922+00:00,BUY NO (DOWN),NO,-22.14,0.9673,3.684,-106366.0,-575037.0,0.52,0.9673,,59473.85,KXBTC15M-26JUN300330-30,2026-06-30T07:15:00+00:00,2026-06-30T07:30:00+00:00
2026-06-30T07:22:13.632768+00:00,BUY NO (DOWN),NO,-20.99,0.9751,3.924,-114257.0,-691251.0,0.5900000000000001,0.9751,,59471.49,KXBTC15M-26JUN300330-30,2026-06-30T07:15:00+00:00,2026-06-30T07:30:00+00:00
2026-06-30T07:27:34.258080+00:00,BUY NO (DOWN),NO,-29.81,1.0,12.287,-829574.0,-1146326.0,0.75,1.0,,59466.17,KXBTC15M-26JUN300330-30,2026-06-30T07:15:00+00:00,2026-06-30T07:30:00+00:00
2026-06-30T07:27:42.553659+00:00,BUY NO (DOWN),NO,-29.83,1.0,12.514,-812878.0,-1114785.0,0.5800000000000001,1.0,,59466.17,KXBTC15M-26JUN300330-30,2026-06-30T07:15:00+00:00,2026-06-30T07:30:00+00:00
2026-06-30T07:29:27.119664+00:00,BUY NO (DOWN),NO,-34.0,1.0,55.862,-339121.0,-1458724.0,0.95,1.0,,59461.99,KXBTC15M-26JUN300330-30,2026-06-30T07:15:00+00:00,2026-06-30T07:30:00+00:00
2026-06-30T07:50:50.499762+00:00,BUY NO (DOWN),NO,-20.71,0.9845,4.316,-797948.0,-1197409.0,0.64,0.9845,,59490.01,KXBTC15M-26JUN300400-00,2026-06-30T07:45:00+00:00,2026-06-30T08:00:00+00:00
2026-06-30T07:52:06.400166+00:00,BUY NO (DOWN),NO,-22.77,0.9961,5.322,8759.0,-1057563.0,0.7,0.9961,,59489.94,KXBTC15M-26JUN300400-00,2026-06-30T07:45:00+00:00,2026-06-30T08:00:00+00:00
2026-06-30T07:53:29.391262+00:00,BUY NO (DOWN),NO,-20.37,0.9958,5.278,289797.0,-906275.0,0.74,0.9958,,59492.0,KXBTC15M-26JUN300400-00,2026-06-30T07:45:00+00:00,2026-06-30T08:00:00+00:00
2026-06-30T08:06:52.302927+00:00,BUY NO (DOWN),NO,-24.0,0.9937,4.992,-180688.0,-1154251.0,0.61,0.9937,,59500.0,KXBTC15M-26JUN300415-15,2026-06-30T08:00:00+00:00,2026-06-30T08:15:00+00:00
2026-06-30T08:08:51.566051+00:00,BUY NO (DOWN),NO,-20.13,0.9895,4.614,60615.0,-168358.0,0.62,0.9895,,59503.87,KXBTC15M-26JUN300415-15,2026-06-30T08:00:00+00:00,2026-06-30T08:15:00+00:00
2026-06-30T08:12:11.718730+00:00,BUY NO (DOWN),NO,-20.01,1.0,11.406,-509333.0,1767.0,0.79,1.0,,59504.0,KXBTC15M-26JUN300415-15,2026-06-30T08:00:00+00:00,2026-06-30T08:15:00+00:00
2026-06-30T08:12:47.379925+00:00,BUY NO (DOWN),NO,-45.0,1.0,32.859,-513739.0,-690374.0,0.948,1.0,,59479.0,KXBTC15M-26JUN300415-15,2026-06-30T08:00:00+00:00,2026-06-30T08:15:00+00:00
2026-06-30T08:18:00.150954+00:00,BUY NO (DOWN),NO,-28.87,0.9796,4.09,-52232.0,-1910428.0,0.65,0.9796,,59402.99,KXBTC15M-26JUN300430-30,2026-06-30T08:15:00+00:00,2026-06-30T08:30:00+00:00
2026-06-30T08:21:03.444725+00:00,BUY NO (DOWN),NO,-23.34,0.9977,5.663,-200426.0,-333948.0,0.7,0.9977,,59408.53,KXBTC15M-26JUN300430-30,2026-06-30T08:15:00+00:00,2026-06-30T08:30:00+00:00
2026-06-30T08:21:11.187985+00:00,BUY NO (DOWN),NO,-23.34,0.9976,5.641,-162554.0,-310024.0,0.73,0.9976,,59408.53,KXBTC15M-26JUN300430-30,2026-06-30T08:15:00+00:00,2026-06-30T08:30:00+00:00
2026-06-30T08:26:24.288383+00:00,BUY NO (DOWN),NO,-20.42,1.0,10.35,-221778.0,-509222.0,0.86,1.0,,59411.44,KXBTC15M-26JUN300430-30,2026-06-30T08:15:00+00:00,2026-06-30T08:30:00+00:00
2026-06-30T08:33:01.530732+00:00,BUY NO (DOWN),NO,-30.88,0.9875,4.485,-385323.0,331978.0,0.64,0.9875,,59381.0,KXBTC15M-26JUN300445-45,2026-06-30T08:30:00+00:00,2026-06-30T08:45:00+00:00
2026-06-30T08:48:03.830424+00:00,BUY NO (DOWN),NO,-26.7,0.7905,1.616,151504.0,-1141076.0,0.56,0.7905,,59258.0,KXBTC15M-26JUN300500-00,2026-06-30T08:45:00+00:00,2026-06-30T09:00:00+00:00
2026-06-30T08:48:08.043153+00:00,BUY NO (DOWN),NO,-24.71,0.7729,1.497,176076.0,-1119558.0,0.6,0.7729,,59247.01,KXBTC15M-26JUN300500-00,2026-06-30T08:45:00+00:00,2026-06-30T09:00:00+00:00
2026-06-30T08:48:25.103649+00:00,BUY NO (DOWN),NO,-20.7,0.7546,1.378,176981.0,-1371259.0,0.55,0.7546,,59252.14,KXBTC15M-26JUN300500-00,2026-06-30T08:45:00+00:00,2026-06-30T09:00:00+00:00
2026-06-30T08:48:47.351494+00:00,BUY NO (DOWN),NO,-20.69,0.7628,1.43,-137167.0,-1381574.0,0.5900000000000001,0.7628,,59254.02,KXBTC15M-26JUN300500-00,2026-06-30T08:45:00+00:00,2026-06-30T09:00:00+00:00
2026-06-30T08:50:36.387144+00:00,BUY NO (DOWN),NO,-28.7,0.8766,2.316,-609423.0,-2235085.0,0.53,0.8766,,59238.61,KXBTC15M-26JUN300500-00,2026-06-30T08:45:00+00:00,2026-06-30T09:00:00+00:00
2026-06-30T08:51:12.251302+00:00,BUY NO (DOWN),NO,-22.71,0.9127,2.715,-212624.0,-336076.0,0.5800000000000001,0.9127,,59251.01,KXBTC15M-26JUN300500-00,2026-06-30T08:45:00+00:00,2026-06-30T09:00:00+00:00
2026-06-30T09:10:39.361661+00:00,BUY NO (DOWN),NO,-20.0,1.0,10.359,-403018.0,-1507755.0,0.81,1.0,,59280.0,KXBTC15M-26JUN300515-15,2026-06-30T09:00:00+00:00,2026-06-30T09:15:00+00:00
2026-06-30T09:18:00.322213+00:00,BUY NO (DOWN),NO,-37.43,0.999,6.18,-392830.0,-938176.0,0.71,0.999,,59306.32,KXBTC15M-26JUN300530-30,2026-06-30T09:15:00+00:00,2026-06-30T09:30:00+00:00
2026-06-30T09:21:00.887474+00:00,BUY NO (DOWN),NO,-66.72,0.9999,7.385,-944948.0,-2098275.0,0.5800000000000001,0.9999,,59266.1,KXBTC15M-26JUN300530-30,2026-06-30T09:15:00+00:00,2026-06-30T09:30:00+00:00
2026-06-30T09:26:14.364516+00:00,BUY NO (DOWN),NO,-20.84,1.0,10.87,-366072.0,-686512.0,0.6699999999999999,1.0,,59320.0,KXBTC15M-26JUN300530-30,2026-06-30T09:15:00+00:00,2026-06-30T09:30:00+00:00
2026-06-30T09:27:36.425623+00:00,BUY NO (DOWN),NO,-23.74,1.0,25.162,2066.0,-681942.0,0.8,1.0,,59320.01,KXBTC15M-26JUN300530-30,2026-06-30T09:15:00+00:00,2026-06-30T09:30:00+00:00
2026-06-30T09:27:58.733886+00:00,BUY NO (DOWN),NO,-30.74,1.0,35.761,6324.0,-664529.0,0.907,1.0,,59313.0,KXBTC15M-26JUN300530-30,2026-06-30T09:15:00+00:00,2026-06-30T09:30:00+00:00
2026-06-30T09:33:00.375068+00:00,BUY NO (DOWN),NO,-32.0,0.9882,4.53,-82289.0,-300940.0,0.73,0.9882,,59264.0,KXBTC15M-26JUN300545-45,2026-06-30T09:30:00+00:00,2026-06-30T09:45:00+00:00
2026-06-30T10:05:16.191811+00:00,BUY NO (DOWN),NO,-26.68,0.9999,7.329,-433887.0,362194.0,0.6,0.9999,,59355.27,KXBTC15M-26JUN300615-15,2026-06-30T10:00:00+00:00,2026-06-30T10:15:00+00:00
2026-06-30T10:10:02.709697+00:00,BUY NO (DOWN),NO,-33.32,1.0,11.891,-223797.0,-166933.0,0.64,1.0,,59340.01,KXBTC15M-26JUN300615-15,2026-06-30T10:00:00+00:00,2026-06-30T10:15:00+00:00
2026-06-30T10:13:57.952189+00:00,BUY NO (DOWN),NO,-26.32,1.0,51.104,-82749.0,-761640.0,0.9390000000000001,1.0,,59356.99,KXBTC15M-26JUN300615-15,2026-06-30T10:00:00+00:00,2026-06-30T10:15:00+00:00
2026-06-30T10:21:54.510423+00:00,BUY NO (DOWN),NO,-25.5,0.9981,5.78,-34242.0,-178570.0,0.54,0.9981,,59346.01,KXBTC15M-26JUN300630-30,2026-06-30T10:15:00+00:00,2026-06-30T10:30:00+00:00
2026-06-30T10:23:29.721232+00:00,BUY NO (DOWN),NO,-25.51,1.0,8.125,33288.0,16860.0,0.55,1.0,,59346.01,KXBTC15M-26JUN300630-30,2026-06-30T10:15:00+00:00,2026-06-30T10:30:00+00:00
2026-06-30T10:33:38.702287+00:00,BUY NO (DOWN),NO,-23.12,0.9951,5.161,-72891.0,-263655.0,0.6,0.9951,,59338.23,KXBTC15M-26JUN300645-45,2026-06-30T10:30:00+00:00,2026-06-30T10:45:00+00:00
2026-06-30T10:35:03.480900+00:00,BUY NO (DOWN),NO,-22.97,0.9966,5.422,-7932.0,-350840.0,0.6799999999999999,0.9966,,59347.0,KXBTC15M-26JUN300645-45,2026-06-30T10:30:00+00:00,2026-06-30T10:45:00+00:00
2026-06-30T10:41:46.378839+00:00,BUY NO (DOWN),NO,-55.26,1.0,36.235,-84836.0,-348170.0,0.95,1.0,,59316.71,KXBTC15M-26JUN300645-45,2026-06-30T10:30:00+00:00,2026-06-30T10:45:00+00:00
2026-06-30T10:43:08.415431+00:00,BUY NO (DOWN),NO,-35.99,1.0,40.448,-61476.0,-477234.0,0.948,1.0,,59335.99,KXBTC15M-26JUN300645-45,2026-06-30T10:30:00+00:00,2026-06-30T10:45:00+00:00
2026-06-30T10:50:16.339221+00:00,BUY NO (DOWN),NO,-29.12,0.9982,5.815,-76827.0,-111025.0,0.72,0.9982,,59304.88,KXBTC15M-26JUN300700-00,2026-06-30T10:45:00+00:00,2026-06-30T11:00:00+00:00
2026-06-30T10:51:15.860524+00:00,BUY NO (DOWN),NO,-21.39,0.9862,4.405,-171361.0,-155009.0,0.61,0.9862,,59312.6,KXBTC15M-26JUN300700-00,2026-06-30T10:45:00+00:00,2026-06-30T11:00:00+00:00
2026-06-30T10:53:00.056255+00:00,BUY NO (DOWN),NO,-24.63,0.9999,7.582,-119514.0,-517011.0,0.65,0.9999,,59308.01,KXBTC15M-26JUN300700-00,2026-06-30T10:45:00+00:00,2026-06-30T11:00:00+00:00
2026-06-30T11:18:01.250446+00:00,BUY NO (DOWN),NO,-58.6,1.0,12.956,-17104.0,-130076.0,0.81,1.0,,59339.99,KXBTC15M-26JUN300730-30,2026-06-30T11:15:00+00:00,2026-06-30T11:30:00+00:00
2026-06-30T11:22:20.372813+00:00,BUY NO (DOWN),NO,-90.0,1.0,17.535,-30264.0,86461.0,0.925,1.0,,59306.0,KXBTC15M-26JUN300730-30,2026-06-30T11:15:00+00:00,2026-06-30T11:30:00+00:00
2026-06-30T11:22:37.070178+00:00,BUY NO (DOWN),NO,-106.86,1.0,22.49,-54305.0,86051.0,0.947,1.0,,59291.41,KXBTC15M-26JUN300730-30,2026-06-30T11:15:00+00:00,2026-06-30T11:30:00+00:00
2026-06-30T11:33:00.147449+00:00,BUY NO (DOWN),NO,-73.31,0.998,5.755,-843350.0,-934298.0,0.74,0.998,,59150.0,KXBTC15M-26JUN300745-45,2026-06-30T11:30:00+00:00,2026-06-30T11:45:00+00:00
2026-06-30T11:36:13.949688+00:00,BUY NO (DOWN),NO,-27.17,0.9146,2.74,96152.0,-1250831.0,0.5800000000000001,0.9146,,59196.0,KXBTC15M-26JUN300745-45,2026-06-30T11:30:00+00:00,2026-06-30T11:45:00+00:00
2026-06-30T11:38:29.636373+00:00,BUY NO (DOWN),NO,-27.14,0.9888,4.565,-86993.0,260532.0,0.5700000000000001,0.9888,,59196.08,KXBTC15M-26JUN300745-45,2026-06-30T11:30:00+00:00,2026-06-30T11:45:00+00:00
2026-06-30T11:54:08.453142+00:00,BUY NO (DOWN),NO,-34.73,1.0,8.066,-579863.0,-391137.0,0.62,1.0,,59214.41,KXBTC15M-26JUN300800-00,2026-06-30T11:45:00+00:00,2026-06-30T12:00:00+00:00
2026-06-30T12:03:00.170950+00:00,BUY NO (DOWN),NO,-94.71,1.0,11.497,-805525.0,-1012456.0,0.81,1.0,,59098.01,KXBTC15M-26JUN300815-15,2026-06-30T12:00:00+00:00,2026-06-30T12:15:00+00:00
2026-06-30T12:07:07.709177+00:00,BUY NO (DOWN),NO,-120.74,1.0,18.023,-579922.0,-1824220.0,0.94,1.0,,59082.54,KXBTC15M-26JUN300815-15,2026-06-30T12:00:00+00:00,2026-06-30T12:15:00+00:00
2026-06-30T12:09:34.643078+00:00,BUY NO (DOWN),NO,-124.82,1.0,20.439,274445.0,431408.0,0.9359999999999999,1.0,,59058.26,KXBTC15M-26JUN300815-15,2026-06-30T12:00:00+00:00,2026-06-30T12:15:00+00:00
2026-06-30T12:09:48.511109+00:00,BUY NO (DOWN),NO,-134.75,1.0,22.071,281942.0,121959.0,0.948,1.0,,59060.0,KXBTC15M-26JUN300815-15,2026-06-30T12:00:00+00:00,2026-06-30T12:15:00+00:00
2026-06-30T12:10:56.819930+00:00,BUY NO (DOWN),NO,-108.44,1.0,20.792,503824.0,422763.0,0.949,1.0,,59084.27,KXBTC15M-26JUN300815-15,2026-06-30T12:00:00+00:00,2026-06-30T12:15:00+00:00
2026-06-30T12:11:36.291438+00:00,BUY NO (DOWN),NO,-92.71,1.0,22.465,1349494.0,1341040.0,0.95,1.0,,59100.0,KXBTC15M-26JUN300815-15,2026-06-30T12:00:00+00:00,2026-06-30T12:15:00+00:00
2026-06-30T12:11:51.830007+00:00,BUY NO (DOWN),NO,-79.75,1.0,20.447,1593800.0,3100825.0,0.95,1.0,,59102.33,KXBTC15M-26JUN300815-15,2026-06-30T12:00:00+00:00,2026-06-30T12:15:00+00:00
2026-06-30T12:20:50.866384+00:00,BUY NO (DOWN),NO,-37.52,0.9883,4.532,-20375543.0,-20072707.0,0.6699999999999999,0.9883,,58981.23,KXBTC15M-26JUN300830-30,2026-06-30T12:15:00+00:00,2026-06-30T12:30:00+00:00
2026-06-30T12:33:16.214922+00:00,BUY NO (DOWN),NO,-22.75,0.7787,1.535,321435.0,852528.0,0.62,0.7787,,58844.17,KXBTC15M-26JUN300845-45,2026-06-30T12:30:00+00:00,2026-06-30T12:45:00+00:00
2026-06-30T12:33:38.585041+00:00,BUY NO (DOWN),NO,-46.44,0.9353,3.033,239780.0,976754.0,0.5800000000000001,0.9353,,58827.06,KXBTC15M-26JUN300845-45,2026-06-30T12:30:00+00:00,2026-06-30T12:45:00+00:00
2026-06-30T12:35:45.822507+00:00,BUY NO (DOWN),NO,-40.43,0.951,3.31,219022.0,589080.0,0.6,0.951,,58816.01,KXBTC15M-26JUN300845-45,2026-06-30T12:30:00+00:00,2026-06-30T12:45:00+00:00
2026-06-30T12:37:45.554704+00:00,BUY NO (DOWN),NO,-32.26,0.9631,3.575,273979.0,890030.0,0.63,0.9631,,58812.01,KXBTC15M-26JUN300845-45,2026-06-30T12:30:00+00:00,2026-06-30T12:45:00+00:00
2026-06-30T12:38:32.049032+00:00,BUY NO (DOWN),NO,-32.37,0.9767,3.979,-326770.0,241371.0,0.6599999999999999,0.9767,,58819.2,KXBTC15M-26JUN300845-45,2026-06-30T12:30:00+00:00,2026-06-30T12:45:00+00:00
2026-06-30T12:41:20.567868+00:00,BUY NO (DOWN),NO,-27.46,0.9999,7.693,117334.0,426149.0,0.73,0.9999,,58828.98,KXBTC15M-26JUN300845-45,2026-06-30T12:30:00+00:00,2026-06-30T12:45:00+00:00
2026-06-30T12:42:28.549543+00:00,BUY NO (DOWN),NO,-20.44,1.0,8.4,10169.0,16489.0,0.8200000000000001,1.0,,58836.0,KXBTC15M-26JUN300845-45,2026-06-30T12:30:00+00:00,2026-06-30T12:45:00+00:00
2026-06-30T12:43:32.203531+00:00,BUY NO (DOWN),NO,-25.09,1.0,20.252,-153558.0,163156.0,0.938,1.0,,58834.68,KXBTC15M-26JUN300845-45,2026-06-30T12:30:00+00:00,2026-06-30T12:45:00+00:00
2026-06-30T12:48:01.492704+00:00,BUY NO (DOWN),NO,-155.51,1.0,15.94,-263451.0,-947996.0,0.89,1.0,,58698.0,KXBTC15M-26JUN300900-00,2026-06-30T12:45:00+00:00,2026-06-30T13:00:00+00:00
2026-06-30T12:52:17.291157+00:00,BUY NO (DOWN),NO,-169.5,1.0,18.668,50146.0,-1480780.0,0.95,1.0,,58674.0,KXBTC15M-26JUN300900-00,2026-06-30T12:45:00+00:00,2026-06-30T13:00:00+00:00
2026-06-30T12:52:51.864276+00:00,BUY NO (DOWN),NO,-153.51,1.0,18.319,1159095.0,-635184.0,0.9299999999999999,1.0,,58688.0,KXBTC15M-26JUN300900-00,2026-06-30T12:45:00+00:00,2026-06-30T13:00:00+00:00
2026-06-30T12:53:01.819017+00:00,BUY NO (DOWN),NO,-163.5,1.0,20.376,1195004.0,-633405.0,0.946,1.0,,58664.44,KXBTC15M-26JUN300900-00,2026-06-30T12:45:00+00:00,2026-06-30T13:00:00+00:00
2026-06-30T13:03:01.432377+00:00,BUY NO (DOWN),NO,-58.77,0.8451,2.032,-2180681.0,-12012637.0,0.63,0.8451,,58357.74,KXBTC15M-26JUN300915-15,2026-06-30T13:00:00+00:00,2026-06-30T13:15:00+00:00
2026-06-30T13:33:01.485570+00:00,BUY NO (DOWN),NO,-124.28,0.9775,4.008,-7069708.0,-3819992.0,0.53,0.9775,,58429.22,KXBTC15M-26JUN300945-45,2026-06-30T13:30:00+00:00,2026-06-30T13:45:00+00:00
2026-06-30T13:40:22.229619+00:00,BUY NO (DOWN),NO,-38.84,0.9236,2.859,677074.0,4276507.0,0.62,0.9236,,58522.01,KXBTC15M-26JUN300945-45,2026-06-30T13:30:00+00:00,2026-06-30T13:45:00+00:00
2026-06-30T13:40:29.454350+00:00,BUY NO (DOWN),NO,-50.72,0.9712,3.798,546993.0,4269764.0,0.59,0.9712,,58506.0,KXBTC15M-26JUN300945-45,2026-06-30T13:30:00+00:00,2026-06-30T13:45:00+00:00
2026-06-30T13:41:03.585592+00:00,BUY NO (DOWN),NO,-36.28,0.9464,3.223,633664.0,4015119.0,0.59,0.9464,,58553.54,KXBTC15M-26JUN300945-45,2026-06-30T13:30:00+00:00,2026-06-30T13:45:00+00:00
2026-06-30T13:41:18.600308+00:00,BUY NO (DOWN),NO,-32.27,0.9366,3.054,-15819.0,3809762.0,0.63,0.9366,,58511.05,KXBTC15M-26JUN300945-45,2026-06-30T13:30:00+00:00,2026-06-30T13:45:00+00:00
2026-06-30T13:42:10.739927+00:00,BUY NO (DOWN),NO,-30.28,0.9721,3.826,368947.0,2935198.0,0.63,0.9721,,58535.01,KXBTC15M-26JUN300945-45,2026-06-30T13:30:00+00:00,2026-06-30T13:45:00+00:00
2026-06-30T13:42:14.671670+00:00,BUY NO (DOWN),NO,-39.5,0.9942,5.052,398815.0,2848317.0,0.59,0.9942,,58512.78,KXBTC15M-26JUN300945-45,2026-06-30T13:30:00+00:00,2026-06-30T13:45:00+00:00
2026-06-30T13:44:00.433315+00:00,BUY NO (DOWN),NO,-24.29,1.0,9.356,333151.0,1962885.0,0.83,1.0,,58528.01,KXBTC15M-26JUN300945-45,2026-06-30T13:30:00+00:00,2026-06-30T13:45:00+00:00
2026-06-30T13:44:13.701932+00:00,BUY NO (DOWN),NO,-24.28,1.0,12.666,689076.0,2373902.0,0.926,1.0,,58528.01,KXBTC15M-26JUN300945-45,2026-06-30T13:30:00+00:00,2026-06-30T13:45:00+00:00
2026-06-30T13:48:00.904335+00:00,BUY NO (DOWN),NO,-89.97,0.9745,3.903,-58410.0,480773.0,0.64,0.9745,,58482.0,KXBTC15M-26JUN301000-00,2026-06-30T13:45:00+00:00,2026-06-30T14:00:00+00:00
2026-06-30T14:18:01.222164+00:00,BUY NO (DOWN),NO,-86.0,0.9822,4.205,295183.0,513153.0,0.74,0.9822,,58911.51,KXBTC15M-26JUN301030-30,2026-06-30T14:15:00+00:00,2026-06-30T14:30:00+00:00
2026-06-30T14:18:33.110080+00:00,BUY NO (DOWN),NO,-31.99,0.7807,1.549,179432.0,461133.0,0.5900000000000001,0.7807,,58964.0,KXBTC15M-26JUN301030-30,2026-06-30T14:15:00+00:00,2026-06-30T14:30:00+00:00
2026-06-30T14:19:19.256143+00:00,BUY NO (DOWN),NO,-24.0,0.7276,1.211,8553.0,280076.0,0.5900000000000001,0.7276,,58970.8,KXBTC15M-26JUN301030-30,2026-06-30T14:15:00+00:00,2026-06-30T14:30:00+00:00
2026-06-30T14:19:30.333499+00:00,BUY NO (DOWN),NO,-28.88,0.7706,1.481,-11488.0,283029.0,0.63,0.7706,,58966.01,KXBTC15M-26JUN301030-30,2026-06-30T14:15:00+00:00,2026-06-30T14:30:00+00:00
2026-06-30T14:20:00.853646+00:00,BUY NO (DOWN),NO,-27.99,0.7717,1.489,99396.0,347915.0,0.65,0.7717,,58958.01,KXBTC15M-26JUN301030-30,2026-06-30T14:15:00+00:00,2026-06-30T14:30:00+00:00
2026-06-30T14:21:19.534345+00:00,BUY NO (DOWN),NO,-35.99,0.845,2.031,-107843.0,446013.0,0.6699999999999999,0.845,,58983.99,KXBTC15M-26JUN301030-30,2026-06-30T14:15:00+00:00,2026-06-30T14:30:00+00:00
2026-06-30T14:21:41.593321+00:00,BUY NO (DOWN),NO,-22.01,0.7359,1.261,-87215.0,347095.0,0.62,0.7359,,58973.99,KXBTC15M-26JUN301030-30,2026-06-30T14:15:00+00:00,2026-06-30T14:30:00+00:00
2026-06-30T14:33:01.193165+00:00,BUY NO (DOWN),NO,-67.87,0.961,3.525,-704863.0,-2058976.0,0.6,0.961,,58968.14,KXBTC15M-26JUN301045-45,2026-06-30T14:30:00+00:00,2026-06-30T14:45:00+00:00
2026-06-30T14:33:11.835865+00:00,BUY NO (DOWN),NO,-20.44,0.6945,1.017,-777235.0,-1958883.0,0.54,0.6945,,59015.57,KXBTC15M-26JUN301045-45,2026-06-30T14:30:00+00:00,2026-06-30T14:45:00+00:00
2026-06-30T14:34:55.471105+00:00,BUY NO (DOWN),NO,-29.6,0.7979,1.669,-289502.0,-2440166.0,0.55,0.7979,,59006.41,KXBTC15M-26JUN301045-45,2026-06-30T14:30:00+00:00,2026-06-30T14:45:00+00:00
2026-06-30T14:48:01.991031+00:00,BUY NO (DOWN),NO,-216.27,1.0,11.996,94102.0,654110.0,0.81,1.0,,58701.18,KXBTC15M-26JUN301100-00,2026-06-30T14:45:00+00:00,2026-06-30T15:00:00+00:00
2026-06-30T15:03:36.727358+00:00,BUY NO (DOWN),NO,-25.25,0.7371,1.269,-276331.0,-1231252.0,0.65,0.7371,,58444.0,KXBTC15M-26JUN301115-15,2026-06-30T15:00:00+00:00,2026-06-30T15:15:00+00:00
2026-06-30T15:05:23.898826+00:00,BUY NO (DOWN),NO,-229.63,1.0,14.065,-2423467.0,-5189816.0,0.95,1.0,,58266.28,KXBTC15M-26JUN301115-15,2026-06-30T15:00:00+00:00,2026-06-30T15:15:00+00:00
2026-06-30T15:06:19.505645+00:00,BUY NO (DOWN),NO,-243.26,1.0,19.291,705444.0,-4829738.0,0.95,1.0,,58230.0,KXBTC15M-26JUN301115-15,2026-06-30T15:00:00+00:00,2026-06-30T15:15:00+00:00
2026-06-30T15:06:54.474956+00:00,BUY NO (DOWN),NO,-218.35,1.0,17.226,-1502814.0,-6547365.0,0.949,1.0,,58272.32,KXBTC15M-26JUN301115-15,2026-06-30T15:00:00+00:00,2026-06-30T15:15:00+00:00
2026-06-30T15:07:24.262607+00:00,BUY NO (DOWN),NO,-157.28,1.0,11.451,-800688.0,-6153368.0,0.916,1.0,,58349.56,KXBTC15M-26JUN301115-15,2026-06-30T15:00:00+00:00,2026-06-30T15:15:00+00:00
2026-06-30T15:09:47.524443+00:00,BUY NO (DOWN),NO,-151.02,1.0,14.399,-464984.0,-4010413.0,0.944,1.0,,58336.0,KXBTC15M-26JUN301115-15,2026-06-30T15:00:00+00:00,2026-06-30T15:15:00+00:00
2026-06-30T15:09:56.962698+00:00,BUY NO (DOWN),NO,-135.29,1.0,13.236,-440725.0,-3905189.0,0.95,1.0,,58345.98,KXBTC15M-26JUN301115-15,2026-06-30T15:00:00+00:00,2026-06-30T15:15:00+00:00
2026-06-30T15:10:37.222284+00:00,BUY NO (DOWN),NO,-111.36,1.0,12.653,153099.0,-1855933.0,0.9410000000000001,1.0,,58370.0,KXBTC15M-26JUN301115-15,2026-06-30T15:00:00+00:00,2026-06-30T15:15:00+00:00
2026-06-30T15:13:09.963192+00:00,BUY NO (DOWN),NO,-35.26,1.0,11.974,186157.0,-371921.0,0.95,1.0,,58447.04,KXBTC15M-26JUN301115-15,2026-06-30T15:00:00+00:00,2026-06-30T15:15:00+00:00
2026-06-30T15:13:22.922921+00:00,BUY NO (DOWN),NO,-24.82,1.0,9.528,74969.0,-266408.0,0.933,1.0,,58453.09,KXBTC15M-26JUN301115-15,2026-06-30T15:00:00+00:00,2026-06-30T15:15:00+00:00
2026-06-30T15:18:00.268615+00:00,BUY NO (DOWN),NO,-230.0,1.0,11.798,621793.0,243764.0,0.89,1.0,,58213.54,KXBTC15M-26JUN301130-30,2026-06-30T15:15:00+00:00,2026-06-30T15:30:00+00:00
2026-06-30T15:21:03.277826+00:00,BUY NO (DOWN),NO,-27.86,0.8033,1.707,380759.0,1708617.0,0.5800000000000001,0.8033,,58414.0,KXBTC15M-26JUN301130-30,2026-06-30T15:15:00+00:00,2026-06-30T15:30:00+00:00
2026-06-30T15:21:20.028170+00:00,BUY NO (DOWN),NO,-30.0,0.83,1.909,60298.0,1714602.0,0.5700000000000001,0.83,,58411.53,KXBTC15M-26JUN301130-30,2026-06-30T15:15:00+00:00,2026-06-30T15:30:00+00:00
2026-06-30T15:24:45.555062+00:00,BUY NO (DOWN),NO,-20.69,0.8952,2.51,18835.0,-66559.0,0.6,0.8952,,58425.32,KXBTC15M-26JUN301130-30,2026-06-30T15:15:00+00:00,2026-06-30T15:30:00+00:00
2026-06-30T15:24:54.708068+00:00,BUY NO (DOWN),NO,-20.68,0.9166,2.765,-144342.0,-488885.0,0.5900000000000001,0.9166,,58425.32,KXBTC15M-26JUN301130-30,2026-06-30T15:15:00+00:00,2026-06-30T15:30:00+00:00
2026-06-30T15:26:29.159087+00:00,BUY NO (DOWN),NO,-22.27,0.9879,4.511,-118692.0,459345.0,0.61,0.9879,,58434.01,KXBTC15M-26JUN301130-30,2026-06-30T15:15:00+00:00,2026-06-30T15:30:00+00:00
2026-06-30T15:26:45.871612+00:00,BUY NO (DOWN),NO,-23.99,0.9951,5.172,-288144.0,495943.0,0.54,0.9951,,58422.0,KXBTC15M-26JUN301130-30,2026-06-30T15:15:00+00:00,2026-06-30T15:30:00+00:00
2026-06-30T15:27:29.224773+00:00,BUY NO (DOWN),NO,-21.99,0.9988,6.071,-550685.0,135482.0,0.56,0.9988,,58424.0,KXBTC15M-26JUN301130-30,2026-06-30T15:15:00+00:00,2026-06-30T15:30:00+00:00
2026-06-30T15:27:47.417065+00:00,BUY NO (DOWN),NO,-25.99,1.0,8.482,-485555.0,193169.0,0.7,1.0,,58420.01,KXBTC15M-26JUN301130-30,2026-06-30T15:15:00+00:00,2026-06-30T15:30:00+00:00
2026-06-30T15:28:58.650211+00:00,BUY NO (DOWN),NO,-30.01,1.0,22.084,-77896.0,397741.0,0.9410000000000001,1.0,,58416.0,KXBTC15M-26JUN301130-30,2026-06-30T15:15:00+00:00,2026-06-30T15:30:00+00:00
2026-06-30T15:36:13.650042+00:00,BUY NO (DOWN),NO,-27.98,0.9088,2.666,-180045.0,13254.0,0.54,0.9088,,58375.11,KXBTC15M-26JUN301145-45,2026-06-30T15:30:00+00:00,2026-06-30T15:45:00+00:00
2026-06-30T15:38:08.431633+00:00,BUY NO (DOWN),NO,-21.98,0.9207,2.82,87148.0,216551.0,0.52,0.9207,,58380.0,KXBTC15M-26JUN301145-45,2026-06-30T15:30:00+00:00,2026-06-30T15:45:00+00:00
2026-06-30T15:38:33.458633+00:00,BUY NO (DOWN),NO,-21.98,0.9543,3.375,78958.0,361326.0,0.54,0.9543,,58382.0,KXBTC15M-26JUN301145-45,2026-06-30T15:30:00+00:00,2026-06-30T15:45:00+00:00
2026-06-30T15:41:54.996497+00:00,BUY NO (DOWN),NO,-20.0,0.9983,5.858,-28175.0,-124534.0,0.6,0.9983,,58388.0,KXBTC15M-26JUN301145-45,2026-06-30T15:30:00+00:00,2026-06-30T15:45:00+00:00
2026-06-30T15:42:26.823330+00:00,BUY NO (DOWN),NO,-21.99,1.0,7.941,280213.0,52508.0,0.56,1.0,,58382.01,KXBTC15M-26JUN301145-45,2026-06-30T15:30:00+00:00,2026-06-30T15:45:00+00:00
2026-06-30T15:58:28.478671+00:00,BUY NO (DOWN),NO,-22.62,1.0,14.528,-248145.0,221590.0,0.62,1.0,,58410.56,KXBTC15M-26JUN301200-00,2026-06-30T15:45:00+00:00,2026-06-30T16:00:00+00:00
2026-06-30T15:58:46.710993+00:00,BUY NO (DOWN),NO,-32.01,1.0,24.985,-331961.0,195272.0,0.94,1.0,,58410.14,KXBTC15M-26JUN301200-00,2026-06-30T15:45:00+00:00,2026-06-30T16:00:00+00:00
2026-06-30T16:21:48.260811+00:00,BUY NO (DOWN),NO,-20.9,0.936,3.045,-1294861.0,-561514.0,0.65,0.936,,58369.27,KXBTC15M-26JUN301230-30,2026-06-30T16:15:00+00:00,2026-06-30T16:30:00+00:00
2026-06-30T16:25:37.423944+00:00,BUY NO (DOWN),NO,-87.92,1.0,25.84,-1337253.0,-3804750.0,0.943,1.0,,58316.0,KXBTC15M-26JUN301230-30,2026-06-30T16:15:00+00:00,2026-06-30T16:30:00+00:00
2026-06-30T16:33:20.707700+00:00,BUY NO (DOWN),NO,-25.38,0.961,3.525,-216998.0,750011.0,0.53,0.961,,58288.33,KXBTC15M-26JUN301245-45,2026-06-30T16:30:00+00:00,2026-06-30T16:45:00+00:00
2026-06-30T16:33:36.224974+00:00,BUY NO (DOWN),NO,-23.7,0.9516,3.322,363833.0,1536675.0,0.51,0.9516,,58291.22,KXBTC15M-26JUN301245-45,2026-06-30T16:30:00+00:00,2026-06-30T16:45:00+00:00
2026-06-30T16:33:51.743976+00:00,BUY NO (DOWN),NO,-23.66,0.9537,3.364,473346.0,1520981.0,0.51,0.9537,,58291.25,KXBTC15M-26JUN301245-45,2026-06-30T16:30:00+00:00,2026-06-30T16:45:00+00:00
2026-06-30T16:34:06.033353+00:00,BUY NO (DOWN),NO,-24.13,0.9534,3.358,536060.0,1679544.0,0.52,0.9534,,58290.78,KXBTC15M-26JUN301245-45,2026-06-30T16:30:00+00:00,2026-06-30T16:45:00+00:00
2026-06-30T16:35:36.591547+00:00,BUY NO (DOWN),NO,-26.91,0.8663,2.218,-552214.0,-3437775.0,0.55,0.8663,,58289.18,KXBTC15M-26JUN301245-45,2026-06-30T16:30:00+00:00,2026-06-30T16:45:00+00:00
2026-06-30T16:43:45.163976+00:00,BUY NO (DOWN),NO,-20.92,1.0,12.312,-1777154.0,-1680265.0,0.55,1.0,,58294.01,KXBTC15M-26JUN301245-45,2026-06-30T16:30:00+00:00,2026-06-30T16:45:00+00:00
2026-06-30T17:11:11.848119+00:00,BUY NO (DOWN),NO,-21.63,0.9945,5.084,-261520.0,-382547.0,0.77,0.9945,,58474.94,KXBTC15M-26JUN301315-15,2026-06-30T17:00:00+00:00,2026-06-30T17:15:00+00:00
2026-06-30T17:12:21.332097+00:00,BUY NO (DOWN),NO,-24.05,0.9999,7.701,-59842.0,-457171.0,0.58,0.9999,,58473.6,KXBTC15M-26JUN301315-15,2026-06-30T17:00:00+00:00,2026-06-30T17:15:00+00:00
2026-06-30T17:23:24.844062+00:00,BUY NO (DOWN),NO,-20.59,0.9522,3.333,-300532.0,-705914.0,0.55,0.9522,,58392.75,KXBTC15M-26JUN301330-30,2026-06-30T17:15:00+00:00,2026-06-30T17:30:00+00:00
2026-06-30T17:23:46.839678+00:00,BUY NO (DOWN),NO,-21.32,0.9677,3.695,-258506.0,-688657.0,0.54,0.9677,,58389.76,KXBTC15M-26JUN301330-30,2026-06-30T17:15:00+00:00,2026-06-30T17:30:00+00:00
2026-06-30T17:24:07.005839+00:00,BUY NO (DOWN),NO,-21.36,0.9774,4.006,-228801.0,-760798.0,0.52,0.9774,,58380.01,KXBTC15M-26JUN301330-30,2026-06-30T17:15:00+00:00,2026-06-30T17:30:00+00:00
2026-06-30T17:26:43.694539+00:00,BUY NO (DOWN),NO,-20.27,0.9998,7.127,-240723.0,-619238.0,0.53,0.9998,,58390.01,KXBTC15M-26JUN301330-30,2026-06-30T17:15:00+00:00,2026-06-30T17:30:00+00:00
2026-06-30T17:28:59.535173+00:00,BUY NO (DOWN),NO,-21.27,1.0,26.58,-31872.0,-1008756.0,0.6599999999999999,1.0,,58389.81,KXBTC15M-26JUN301330-30,2026-06-30T17:15:00+00:00,2026-06-30T17:30:00+00:00
2026-06-30T17:29:11.525899+00:00,BUY NO (DOWN),NO,-21.58,1.0,35.793,-40156.0,-991709.0,0.57,1.0,,58389.49,KXBTC15M-26JUN301330-30,2026-06-30T17:15:00+00:00,2026-06-30T17:30:00+00:00
2026-06-30T17:29:41.906628+00:00,BUY NO (DOWN),NO,-20.96,1.0,94.695,-18414.0,-969572.0,0.63,1.0,,58390.11,KXBTC15M-26JUN301330-30,2026-06-30T17:15:00+00:00,2026-06-30T17:30:00+00:00
2026-06-30T17:33:00.960511+00:00,BUY NO (DOWN),NO,-40.32,0.978,4.027,-201848.0,-746008.0,0.6,0.978,,58359.68,KXBTC15M-26JUN301345-45,2026-06-30T17:30:00+00:00,2026-06-30T17:45:00+00:00
2026-06-30T17:37:11.418882+00:00,BUY NO (DOWN),NO,-39.77,0.9848,4.328,-399331.0,-680353.0,0.55,0.9848,,58360.23,KXBTC15M-26JUN301345-45,2026-06-30T17:30:00+00:00,2026-06-30T17:45:00+00:00
2026-06-30T17:39:53.210414+00:00,BUY NO (DOWN),NO,-28.81,0.9978,5.704,-327114.0,-993718.0,0.51,0.9978,,58356.82,KXBTC15M-26JUN301345-45,2026-06-30T17:30:00+00:00,2026-06-30T17:45:00+00:00
2026-06-30T17:41:00.541114+00:00,BUY NO (DOWN),NO,-20.01,0.9939,5.014,-49314.0,-1370015.0,0.62,0.9939,,58380.0,KXBTC15M-26JUN301345-45,2026-06-30T17:30:00+00:00,2026-06-30T17:45:00+00:00
2026-06-30T17:41:22.558947+00:00,BUY NO (DOWN),NO,-21.99,0.9995,6.609,-284530.0,-1366570.0,0.5800000000000001,0.9995,,58374.15,KXBTC15M-26JUN301345-45,2026-06-30T17:30:00+00:00,2026-06-30T17:45:00+00:00
2026-06-30T17:41:36.100533+00:00,BUY NO (DOWN),NO,-31.99,1.0,10.0,-370170.0,-1442454.0,0.5700000000000001,1.0,,58364.86,KXBTC15M-26JUN301345-45,2026-06-30T17:30:00+00:00,2026-06-30T17:45:00+00:00
2026-06-30T17:43:23.296655+00:00,BUY NO (DOWN),NO,-24.0,1.0,15.857,-359261.0,-1283611.0,0.55,1.0,,58378.95,KXBTC15M-26JUN301345-45,2026-06-30T17:30:00+00:00,2026-06-30T17:45:00+00:00
2026-06-30T17:43:53.180048+00:00,BUY NO (DOWN),NO,-22.66,1.0,21.599,-409586.0,-1230308.0,0.8200000000000001,1.0,,58377.34,KXBTC15M-26JUN301345-45,2026-06-30T17:30:00+00:00,2026-06-30T17:45:00+00:00
2026-06-30T17:44:19.225110+00:00,BUY NO (DOWN),NO,-22.15,1.0,37.922,-191575.0,-978598.0,0.948,1.0,,58377.85,KXBTC15M-26JUN301345-45,2026-06-30T17:30:00+00:00,2026-06-30T17:45:00+00:00
2026-06-30T17:48:00.618484+00:00,BUY NO (DOWN),NO,-43.99,0.9984,5.901,-317476.0,-1334359.0,0.69,0.9984,,58324.26,KXBTC15M-26JUN301400-00,2026-06-30T17:45:00+00:00,2026-06-30T18:00:00+00:00
2026-06-30T18:03:34.276353+00:00,BUY NO (DOWN),NO,-20.0,0.8305,1.912,-560233.0,-1152294.0,0.54,0.8305,,58398.0,KXBTC15M-26JUN301415-15,2026-06-30T18:00:00+00:00,2026-06-30T18:15:00+00:00
2026-06-30T18:24:55.583503+00:00,BUY NO (DOWN),NO,-38.23,0.9934,4.955,-1629885.0,-1560323.0,0.69,0.9934,,58432.01,KXBTC15M-26JUN301430-30,2026-06-30T18:15:00+00:00,2026-06-30T18:30:00+00:00
2026-06-30T18:33:00.284102+00:00,BUY NO (DOWN),NO,-37.49,0.9771,3.994,-70471.0,-469113.0,0.6,0.9771,,58508.22,KXBTC15M-26JUN301445-45,2026-06-30T18:30:00+00:00,2026-06-30T18:45:00+00:00
2026-06-30T19:03:01.806667+00:00,BUY NO (DOWN),NO,-22.14,0.8444,2.026,207983.0,543486.0,0.61,0.8444,,58638.01,KXBTC15M-26JUN301515-15,2026-06-30T19:00:00+00:00,2026-06-30T19:15:00+00:00
2026-06-30T19:04:05.538529+00:00,BUY NO (DOWN),NO,-27.06,0.8643,2.2,324676.0,797920.0,0.6,0.8643,,58644.94,KXBTC15M-26JUN301515-15,2026-06-30T19:00:00+00:00,2026-06-30T19:15:00+00:00
2026-06-30T19:10:06.474311+00:00,BUY NO (DOWN),NO,-26.0,0.9969,5.478,-236429.0,-247381.0,0.5700000000000001,0.9969,,58645.09,KXBTC15M-26JUN301515-15,2026-06-30T19:00:00+00:00,2026-06-30T19:15:00+00:00
2026-06-30T19:13:26.201040+00:00,BUY NO (DOWN),NO,-30.97,1.0,24.344,7820.0,-734653.0,0.946,1.0,,58641.04,KXBTC15M-26JUN301515-15,2026-06-30T19:00:00+00:00,2026-06-30T19:15:00+00:00
2026-06-30T19:19:07.795190+00:00,BUY NO (DOWN),NO,-21.99,0.8774,2.325,-276055.0,-49968.0,0.51,0.8774,,58624.0,KXBTC15M-26JUN301530-30,2026-06-30T19:15:00+00:00,2026-06-30T19:30:00+00:00
2026-06-30T19:19:20.505954+00:00,BUY NO (DOWN),NO,-23.98,0.898,2.541,-373263.0,-215246.0,0.52,0.898,,58618.01,KXBTC15M-26JUN301530-30,2026-06-30T19:15:00+00:00,2026-06-30T19:30:00+00:00
2026-06-30T19:20:42.231241+00:00,BUY NO (DOWN),NO,-25.99,0.9251,2.881,-377409.0,-1186161.0,0.51,0.9251,,58618.01,KXBTC15M-26JUN301530-30,2026-06-30T19:15:00+00:00,2026-06-30T19:30:00+00:00
2026-06-30T19:21:22.479965+00:00,BUY NO (DOWN),NO,-21.98,0.9334,3.004,83803.0,-918303.0,0.5700000000000001,0.9334,,58624.0,KXBTC15M-26JUN301530-30,2026-06-30T19:15:00+00:00,2026-06-30T19:30:00+00:00
2026-06-30T19:23:43.678622+00:00,BUY NO (DOWN),NO,-25.98,0.9955,5.224,174825.0,-1192259.0,0.6,0.9955,,58620.01,KXBTC15M-26JUN301530-30,2026-06-30T19:15:00+00:00,2026-06-30T19:30:00+00:00
2026-06-30T19:28:39.407619+00:00,BUY NO (DOWN),NO,-25.58,1.0,29.653,-333699.0,-1001904.0,0.87,1.0,,58620.41,KXBTC15M-26JUN301530-30,2026-06-30T19:15:00+00:00,2026-06-30T19:30:00+00:00
2026-06-30T19:51:36.859966+00:00,BUY NO (DOWN),NO,-21.98,0.9247,2.874,230723.0,91128.0,0.5800000000000001,0.9247,,58728.66,KXBTC15M-26JUN301600-00,2026-06-30T19:45:00+00:00,2026-06-30T20:00:00+00:00
2026-06-30T19:52:24.090309+00:00,BUY NO (DOWN),NO,-24.99,0.9651,3.627,-16635.0,-13959.0,0.61,0.9651,,58726.01,KXBTC15M-26JUN301600-00,2026-06-30T19:45:00+00:00,2026-06-30T20:00:00+00:00
2026-06-30T20:08:36.007680+00:00,BUY NO (DOWN),NO,-23.37,0.9962,5.347,-29102.0,-409112.0,0.6599999999999999,0.9962,,58774.0,KXBTC15M-26JUN301615-15,2026-06-30T20:00:00+00:00,2026-06-30T20:15:00+00:00
2026-06-30T20:18:00.901387+00:00,BUY NO (DOWN),NO,-46.0,0.9986,5.983,-333020.0,-824002.0,0.72,0.9986,,58820.0,KXBTC15M-26JUN301630-30,2026-06-30T20:15:00+00:00,2026-06-30T20:30:00+00:00
2026-06-30T20:21:53.301859+00:00,BUY NO (DOWN),NO,-150.0,1.0,21.13,-407135.0,-846842.0,0.948,1.0,,58717.99,KXBTC15M-26JUN301630-30,2026-06-30T20:15:00+00:00,2026-06-30T20:30:00+00:00
2026-06-30T20:23:38.509159+00:00,BUY NO (DOWN),NO,-132.0,1.0,28.789,42096.0,-397415.0,0.949,1.0,,58738.25,KXBTC15M-26JUN301630-30,2026-06-30T20:15:00+00:00,2026-06-30T20:30:00+00:00
2026-06-30T20:23:46.225367+00:00,BUY NO (DOWN),NO,-132.14,1.0,29.577,3536.0,-411797.0,0.948,1.0,,58733.85,KXBTC15M-26JUN301630-30,2026-06-30T20:15:00+00:00,2026-06-30T20:30:00+00:00
2026-06-30T20:24:17.784114+00:00,BUY NO (DOWN),NO,-118.69,1.0,29.189,83814.0,-479901.0,0.948,1.0,,58747.31,KXBTC15M-26JUN301630-30,2026-06-30T20:15:00+00:00,2026-06-30T20:30:00+00:00
2026-06-30T20:33:00.821424+00:00,BUY NO (DOWN),NO,-68.25,1.0,8.778,-215299.0,-691576.0,0.79,1.0,,58675.99,KXBTC15M-26JUN301645-45,2026-06-30T20:30:00+00:00,2026-06-30T20:45:00+00:00
2026-06-30T20:40:15.207437+00:00,BUY NO (DOWN),NO,-20.0,0.9985,5.955,267407.0,-33861.0,0.5700000000000001,0.9985,,58722.01,KXBTC15M-26JUN301645-45,2026-06-30T20:30:00+00:00,2026-06-30T20:45:00+00:00
2026-06-30T20:42:30.692761+00:00,BUY NO (DOWN),NO,-55.63,1.0,30.041,-276021.0,-356768.0,0.935,1.0,,58685.48,KXBTC15M-26JUN301645-45,2026-06-30T20:30:00+00:00,2026-06-30T20:45:00+00:00
2026-06-30T20:42:48.900288+00:00,BUY NO (DOWN),NO,-50.93,1.0,31.308,-291995.0,-303652.0,0.949,1.0,,58691.07,KXBTC15M-26JUN301645-45,2026-06-30T20:30:00+00:00,2026-06-30T20:45:00+00:00
2026-06-30T20:43:17.620324+00:00,BUY NO (DOWN),NO,-38.81,1.0,30.371,-67956.0,-239711.0,0.946,1.0,,58703.2,KXBTC15M-26JUN301645-45,2026-06-30T20:30:00+00:00,2026-06-30T20:45:00+00:00
2026-06-30T21:05:02.217996+00:00,BUY NO (DOWN),NO,-31.99,0.9982,5.824,-250407.0,-463886.0,0.7,0.9982,,58707.25,KXBTC15M-26JUN301715-15,2026-06-30T21:00:00+00:00,2026-06-30T21:15:00+00:00
2026-06-30T21:05:38.861702+00:00,BUY NO (DOWN),NO,-23.4,0.9571,3.436,26307.0,-399337.0,0.75,0.9571,,58714.84,KXBTC15M-26JUN301715-15,2026-06-30T21:00:00+00:00,2026-06-30T21:15:00+00:00
2026-06-30T21:09:24.833531+00:00,BUY NO (DOWN),NO,-23.99,0.9947,5.108,11556.0,-15430.0,0.89,0.9947,,58706.0,KXBTC15M-26JUN301715-15,2026-06-30T21:00:00+00:00,2026-06-30T21:15:00+00:00
2026-06-30T21:09:50.526164+00:00,BUY NO (DOWN),NO,-54.55,1.0,11.873,-57175.0,-9863.0,0.948,1.0,,58675.45,KXBTC15M-26JUN301715-15,2026-06-30T21:00:00+00:00,2026-06-30T21:15:00+00:00
2026-06-30T21:22:41.936519+00:00,BUY NO (DOWN),NO,-24.87,0.9999,7.629,-358966.0,-635119.0,0.69,0.9999,,58558.01,KXBTC15M-26JUN301730-30,2026-06-30T21:15:00+00:00,2026-06-30T21:30:00+00:00
2026-06-30T21:25:15.439727+00:00,BUY NO (DOWN),NO,-69.09,1.0,24.159,-106665.0,-375106.0,0.944,1.0,,58513.79,KXBTC15M-26JUN301730-30,2026-06-30T21:15:00+00:00,2026-06-30T21:30:00+00:00
2026-06-30T21:26:07.754749+00:00,BUY NO (DOWN),NO,-22.87,1.0,8.003,100562.0,-333087.0,0.72,1.0,,58556.0,KXBTC15M-26JUN301730-30,2026-06-30T21:15:00+00:00,2026-06-30T21:30:00+00:00
2026-06-30T21:48:37.734210+00:00,BUY NO (DOWN),NO,-23.85,0.9119,2.705,-160087.0,22569.0,0.64,0.9119,,58576.01,KXBTC15M-26JUN301800-00,2026-06-30T21:45:00+00:00,2026-06-30T22:00:00+00:00
2026-06-30T21:48:59.473387+00:00,BUY NO (DOWN),NO,-20.58,0.8879,2.43,-107858.0,40557.0,0.56,0.8879,,58579.27,KXBTC15M-26JUN301800-00,2026-06-30T21:45:00+00:00,2026-06-30T22:00:00+00:00
2026-06-30T21:49:12.253081+00:00,BUY NO (DOWN),NO,-21.69,0.895,2.507,-75823.0,31050.0,0.61,0.895,,58578.17,KXBTC15M-26JUN301800-00,2026-06-30T21:45:00+00:00,2026-06-30T22:00:00+00:00
2026-06-30T21:49:28.140112+00:00,BUY NO (DOWN),NO,-36.0,0.9905,4.694,-32470.0,-61303.0,0.5800000000000001,0.9905,,58563.87,KXBTC15M-26JUN301800-00,2026-06-30T21:45:00+00:00,2026-06-30T22:00:00+00:00
2026-06-30T22:22:09.628797+00:00,BUY NO (DOWN),NO,-22.95,0.9628,3.567,-96448.0,701616.0,0.6799999999999999,0.9628,,58694.0,KXBTC15M-26JUN301830-30,2026-06-30T22:15:00+00:00,2026-06-30T22:30:00+00:00
2026-06-30T22:25:08.679645+00:00,BUY NO (DOWN),NO,-26.94,1.0,8.682,-204185.0,-37293.0,0.74,1.0,,58690.01,KXBTC15M-26JUN301830-30,2026-06-30T22:15:00+00:00,2026-06-30T22:30:00+00:00
2026-06-30T22:33:00.178633+00:00,BUY NO (DOWN),NO,-105.15,1.0,11.644,-177909.0,-964920.0,0.904,1.0,,58543.87,KXBTC15M-26JUN301845-45,2026-06-30T22:30:00+00:00,2026-06-30T22:45:00+00:00
2026-06-30T22:36:29.874218+00:00,BUY NO (DOWN),NO,-110.7,1.0,23.245,55076.0,-536181.0,0.949,1.0,,58542.16,KXBTC15M-26JUN301845-45,2026-06-30T22:30:00+00:00,2026-06-30T22:45:00+00:00
2026-06-30T22:39:08.558298+00:00,BUY NO (DOWN),NO,-73.82,1.0,25.667,51847.0,-232856.0,0.949,1.0,,58576.0,KXBTC15M-26JUN301845-45,2026-06-30T22:30:00+00:00,2026-06-30T22:45:00+00:00
2026-06-30T22:40:55.528513+00:00,BUY NO (DOWN),NO,-55.02,1.0,26.101,22321.0,61873.0,0.943,1.0,,58593.99,KXBTC15M-26JUN301845-45,2026-06-30T22:30:00+00:00,2026-06-30T22:45:00+00:00
2026-06-30T22:51:13.726532+00:00,BUY NO (DOWN),NO,-23.94,0.9887,4.562,-170706.0,-164458.0,0.5800000000000001,0.9887,,58578.05,KXBTC15M-26JUN301900-00,2026-06-30T22:45:00+00:00,2026-06-30T23:00:00+00:00
2026-06-30T23:04:55.796083+00:00,BUY NO (DOWN),NO,-39.99,0.9937,4.991,-142661.0,-71216.0,0.63,0.9937,,58568.0,KXBTC15M-26JUN301915-15,2026-06-30T23:00:00+00:00,2026-06-30T23:15:00+00:00
2026-06-30T23:20:54.030474+00:00,BUY NO (DOWN),NO,-20.0,0.974,3.887,-58118.0,337418.0,0.62,0.974,,58590.0,KXBTC15M-26JUN301930-30,2026-06-30T23:15:00+00:00,2026-06-30T23:30:00+00:00
2026-06-30T23:20:58.708970+00:00,BUY NO (DOWN),NO,-22.0,0.9838,4.28,-168760.0,339331.0,0.6799999999999999,0.9838,,58586.01,KXBTC15M-26JUN301930-30,2026-06-30T23:15:00+00:00,2026-06-30T23:30:00+00:00
2026-06-30T23:21:53.423817+00:00,BUY NO (DOWN),NO,-20.0,0.9828,4.231,-30150.0,178220.0,0.69,0.9828,,58584.01,KXBTC15M-26JUN301930-30,2026-06-30T23:15:00+00:00,2026-06-30T23:30:00+00:00
2026-06-30T23:23:41.470977+00:00,BUY NO (DOWN),NO,-20.0,0.9969,5.475,19237.0,61512.0,0.76,0.9969,,58590.01,KXBTC15M-26JUN301930-30,2026-06-30T23:15:00+00:00,2026-06-30T23:30:00+00:00
2026-06-30T23:23:54.374281+00:00,BUY NO (DOWN),NO,-20.0,0.9979,5.739,14652.0,62471.0,0.73,0.9979,,58590.0,KXBTC15M-26JUN301930-30,2026-06-30T23:15:00+00:00,2026-06-30T23:30:00+00:00
2026-06-30T23:34:08.980199+00:00,BUY NO (DOWN),NO,-20.74,0.9853,4.359,-78343.0,-506168.0,0.7,0.9853,,58594.0,KXBTC15M-26JUN301945-45,2026-06-30T23:30:00+00:00,2026-06-30T23:45:00+00:00
2026-06-30T23:36:13.089658+00:00,BUY NO (DOWN),NO,-20.78,0.9713,3.8,-153419.0,-142212.0,0.71,0.9713,,58595.23,KXBTC15M-26JUN301945-45,2026-06-30T23:30:00+00:00,2026-06-30T23:45:00+00:00
2026-06-30T23:38:46.807538+00:00,BUY NO (DOWN),NO,-20.95,0.9958,5.276,-75202.0,-30422.0,0.65,0.9958,,58595.06,KXBTC15M-26JUN301945-45,2026-06-30T23:30:00+00:00,2026-06-30T23:45:00+00:00
2026-06-30T23:41:43.230137+00:00,BUY NO (DOWN),NO,-44.01,1.0,39.607,-24499.0,-205068.0,0.947,1.0,,58572.0,KXBTC15M-26JUN301945-45,2026-06-30T23:30:00+00:00,2026-06-30T23:45:00+00:00
2026-06-30T23:42:17.294212+00:00,BUY NO (DOWN),NO,-38.7,1.0,42.099,22199.0,-220016.0,0.95,1.0,,58577.31,KXBTC15M-26JUN301945-45,2026-06-30T23:30:00+00:00,2026-06-30T23:45:00+00:00
2026-06-30T23:42:36.111738+00:00,BUY NO (DOWN),NO,-30.1,1.0,36.895,-10741.0,-266168.0,0.9410000000000001,1.0,,58585.92,KXBTC15M-26JUN301945-45,2026-06-30T23:30:00+00:00,2026-06-30T23:45:00+00:00
2026-06-30T23:43:03.488235+00:00,BUY NO (DOWN),NO,-24.01,1.0,34.333,18671.0,-224776.0,0.929,1.0,,58593.97,KXBTC15M-26JUN301945-45,2026-06-30T23:30:00+00:00,2026-06-30T23:45:00+00:00
2026-07-01T00:18:02.470392+00:00,BUY NO (DOWN),NO,-49.46,0.999,6.164,-548098.0,-816475.0,0.6699999999999999,0.999,,58604.53,KXBTC15M-26JUN302030-30,2026-07-01T00:15:00+00:00,2026-07-01T00:30:00+00:00
2026-07-01T01:03:01.142404+00:00,BUY NO (DOWN),NO,-77.99,1.0,9.026,-201651.0,-423202.0,0.78,1.0,,58499.99,KXBTC15M-26JUN302115-15,2026-07-01T01:00:00+00:00,2026-07-01T01:15:00+00:00
2026-07-01T01:06:05.512221+00:00,BUY NO (DOWN),NO,-208.0,1.0,19.285,140910.0,-642022.0,0.945,1.0,,58361.42,KXBTC15M-26JUN302115-15,2026-07-01T01:00:00+00:00,2026-07-01T01:15:00+00:00
2026-07-01T01:18:00.642376+00:00,BUY NO (DOWN),NO,-52.37,0.7285,1.217,-83578.0,-1513033.0,0.54,0.7285,,58134.08,KXBTC15M-26JUN302130-30,2026-07-01T01:15:00+00:00,2026-07-01T01:30:00+00:00
2026-07-01T01:18:20.885533+00:00,BUY NO (DOWN),NO,-48.37,0.7179,1.153,-893439.0,261405.0,0.56,0.7179,,58148.93,KXBTC15M-26JUN302130-30,2026-07-01T01:15:00+00:00,2026-07-01T01:30:00+00:00
2026-07-01T01:48:01.786960+00:00,BUY NO (DOWN),NO,-70.0,0.9026,2.593,113327.0,3472079.0,0.72,0.9026,,58814.0,KXBTC15M-26JUN302200-00,2026-07-01T01:45:00+00:00,2026-07-01T02:00:00+00:00
2026-07-01T01:56:00.404234+00:00,BUY NO (DOWN),NO,-25.88,0.9973,5.569,142826.0,744983.0,0.79,0.9973,,58863.06,KXBTC15M-26JUN302200-00,2026-07-01T01:45:00+00:00,2026-07-01T02:00:00+00:00
2026-07-01T01:56:11.827081+00:00,BUY NO (DOWN),NO,-21.99,0.9946,5.098,19467.0,425244.0,0.71,0.9946,,58846.63,KXBTC15M-26JUN302200-00,2026-07-01T01:45:00+00:00,2026-07-01T02:00:00+00:00
2026-07-01T02:05:19.109659+00:00,BUY NO (DOWN),NO,-24.61,0.937,3.061,678210.0,1877288.0,0.6,0.937,,58745.42,KXBTC15M-26JUN302215-15,2026-07-01T02:00:00+00:00,2026-07-01T02:15:00+00:00
2026-07-01T02:10:47.763124+00:00,BUY NO (DOWN),NO,-22.57,0.9971,5.518,213614.0,-73341.0,0.71,0.9971,,58748.01,KXBTC15M-26JUN302215-15,2026-07-01T02:00:00+00:00,2026-07-01T02:15:00+00:00
2026-07-01T02:11:42.284285+00:00,BUY NO (DOWN),NO,-24.57,1.0,10.159,121654.0,306348.0,0.75,1.0,,58746.01,KXBTC15M-26JUN302215-15,2026-07-01T02:00:00+00:00,2026-07-01T02:15:00+00:00
2026-07-01T02:12:04.168413+00:00,BUY NO (DOWN),NO,-20.94,1.0,10.033,58796.0,179180.0,0.85,1.0,,58748.01,KXBTC15M-26JUN302215-15,2026-07-01T02:00:00+00:00,2026-07-01T02:15:00+00:00
2026-07-01T02:33:13.614749+00:00,BUY NO (DOWN),NO,-25.99,0.7767,1.522,539659.0,678871.0,0.5700000000000001,0.7767,,58934.0,KXBTC15M-26JUN302245-45,2026-07-01T02:30:00+00:00,2026-07-01T02:45:00+00:00
2026-07-01T02:48:01.373797+00:00,BUY NO (DOWN),NO,-99.21,1.0,8.498,-224742.0,-125307.0,0.78,1.0,,59040.92,KXBTC15M-26JUN302300-00,2026-07-01T02:45:00+00:00,2026-07-01T03:00:00+00:00
2026-07-01T02:48:17.808093+00:00,BUY NO (DOWN),NO,-27.36,0.738,1.274,2126091.0,2048299.0,0.5800000000000001,0.738,,59107.08,KXBTC15M-26JUN302300-00,2026-07-01T02:45:00+00:00,2026-07-01T03:00:00+00:00
2026-07-01T02:55:10.161897+00:00,BUY NO (DOWN),NO,-25.34,0.9993,6.398,271035.0,535657.0,0.54,0.9993,,59114.01,KXBTC15M-26JUN302300-00,2026-07-01T02:45:00+00:00,2026-07-01T03:00:00+00:00
2026-07-01T02:57:19.946069+00:00,BUY NO (DOWN),NO,-20.12,1.0,9.623,123450.0,764374.0,0.63,1.0,,59120.01,KXBTC15M-26JUN302300-00,2026-07-01T02:45:00+00:00,2026-07-01T03:00:00+00:00
2026-07-01T02:57:40.044187+00:00,BUY NO (DOWN),NO,-20.41,1.0,11.622,221653.0,957432.0,0.64,1.0,,59119.72,KXBTC15M-26JUN302300-00,2026-07-01T02:45:00+00:00,2026-07-01T03:00:00+00:00
2026-07-01T03:03:01.219436+00:00,BUY NO (DOWN),NO,-55.98,1.0,8.174,-50274.0,-452813.0,0.72,1.0,,59034.0,KXBTC15M-26JUN302315-15,2026-07-01T03:00:00+00:00,2026-07-01T03:15:00+00:00
2026-07-01T03:08:40.305674+00:00,BUY NO (DOWN),NO,-27.95,0.9998,7.23,-140365.0,239237.0,0.65,0.9998,,59062.04,KXBTC15M-26JUN302315-15,2026-07-01T03:00:00+00:00,2026-07-01T03:15:00+00:00
2026-07-01T03:12:41.525906+00:00,BUY NO (DOWN),NO,-58.6,1.0,33.623,122179.0,125081.0,0.95,1.0,,59031.39,KXBTC15M-26JUN302315-15,2026-07-01T03:00:00+00:00,2026-07-01T03:15:00+00:00
2026-07-01T03:18:01.540577+00:00,BUY NO (DOWN),NO,-81.22,1.0,8.694,-327672.0,-794304.0,0.77,1.0,,58906.01,KXBTC15M-26JUN302330-30,2026-07-01T03:15:00+00:00,2026-07-01T03:30:00+00:00
2026-07-01T03:23:17.545011+00:00,BUY NO (DOWN),NO,-100.89,1.0,35.496,-666329.0,-1551276.0,0.946,1.0,,58898.35,KXBTC15M-26JUN302330-30,2026-07-01T03:15:00+00:00,2026-07-01T03:30:00+00:00
2026-07-01T03:23:38.774291+00:00,BUY NO (DOWN),NO,-89.24,1.0,30.225,274056.0,-828539.0,0.927,1.0,,58918.0,KXBTC15M-26JUN302330-30,2026-07-01T03:15:00+00:00,2026-07-01T03:30:00+00:00
2026-07-01T03:33:00.152751+00:00,BUY NO (DOWN),NO,-48.88,0.9984,5.883,295317.0,-121991.0,0.7,0.9984,,58875.11,KXBTC15M-26JUN302345-45,2026-07-01T03:30:00+00:00,2026-07-01T03:45:00+00:00
2026-07-01T03:34:14.952756+00:00,BUY NO (DOWN),NO,-32.12,0.9897,4.63,-26856.0,172572.0,0.5900000000000001,0.9897,,58891.87,KXBTC15M-26JUN302345-45,2026-07-01T03:30:00+00:00,2026-07-01T03:45:00+00:00
2026-07-01T04:03:00.488708+00:00,BUY NO (DOWN),NO,-106.02,1.0,11.155,-185528.0,23710.0,0.85,1.0,,59070.0,KXBTC15M-26JUL010015-15,2026-07-01T04:00:00+00:00,2026-07-01T04:15:00+00:00
2026-07-01T04:10:57.283163+00:00,BUY NO (DOWN),NO,-22.96,1.0,9.699,21768.0,-207999.0,0.75,1.0,,59150.01,KXBTC15M-26JUL010015-15,2026-07-01T04:00:00+00:00,2026-07-01T04:15:00+00:00
2026-07-01T04:12:05.159771+00:00,BUY NO (DOWN),NO,-50.63,1.0,31.24,2280.0,-90068.0,0.9390000000000001,1.0,,59125.38,KXBTC15M-26JUL010015-15,2026-07-01T04:00:00+00:00,2026-07-01T04:15:00+00:00
2026-07-01T04:12:18.871256+00:00,BUY NO (DOWN),NO,-46.76,1.0,32.39,-35033.0,-140812.0,0.943,1.0,,59130.0,KXBTC15M-26JUL010015-15,2026-07-01T04:00:00+00:00,2026-07-01T04:15:00+00:00
2026-07-01T04:33:18.896075+00:00,BUY NO (DOWN),NO,-20.0,0.9292,2.94,-36694.0,-63036.0,0.5800000000000001,0.9292,,59252.15,KXBTC15M-26JUL010045-45,2026-07-01T04:30:00+00:00,2026-07-01T04:45:00+00:00
2026-07-01T04:33:40.758900+00:00,BUY NO (DOWN),NO,-21.99,0.9482,3.255,10133.0,-38772.0,0.54,0.9482,,59252.01,KXBTC15M-26JUL010045-45,2026-07-01T04:30:00+00:00,2026-07-01T04:45:00+00:00
2026-07-01T04:34:48.679986+00:00,BUY NO (DOWN),NO,-25.99,0.9771,3.996,-60063.0,-203326.0,0.54,0.9771,,59248.01,KXBTC15M-26JUL010045-45,2026-07-01T04:30:00+00:00,2026-07-01T04:45:00+00:00
2026-07-01T04:39:30.500717+00:00,BUY NO (DOWN),NO,-20.98,0.9952,5.181,51958.0,50810.0,0.5700000000000001,0.9952,,59248.0,KXBTC15M-26JUL010045-45,2026-07-01T04:30:00+00:00,2026-07-01T04:45:00+00:00
2026-07-01T04:53:13.318954+00:00,BUY NO (DOWN),NO,-23.9,1.0,7.788,-551910.0,-4236260.0,0.51,1.0,,59336.01,KXBTC15M-26JUL010100-00,2026-07-01T04:45:00+00:00,2026-07-01T05:00:00+00:00
2026-07-01T04:56:17.807313+00:00,BUY NO (DOWN),NO,-39.15,1.0,20.75,-1288632.0,-6283673.0,0.62,1.0,,59320.75,KXBTC15M-26JUL010100-00,2026-07-01T04:45:00+00:00,2026-07-01T05:00:00+00:00
2026-07-01T04:57:51.302187+00:00,BUY NO (DOWN),NO,-34.06,1.0,29.767,-154719.0,-2755813.0,0.5800000000000001,1.0,,59325.84,KXBTC15M-26JUL010100-00,2026-07-01T04:45:00+00:00,2026-07-01T05:00:00+00:00
2026-07-01T05:03:00.625420+00:00,BUY NO (DOWN),NO,-46.64,0.9999,7.425,-1151036.0,-2419790.0,0.7,0.9999,,59288.01,KXBTC15M-26JUL010115-15,2026-07-01T05:00:00+00:00,2026-07-01T05:15:00+00:00
2026-07-01T05:04:48.262845+00:00,BUY NO (DOWN),NO,-24.28,0.9826,4.22,-848893.0,-3142656.0,0.54,0.9826,,59310.37,KXBTC15M-26JUL010115-15,2026-07-01T05:00:00+00:00,2026-07-01T05:15:00+00:00
2026-07-01T05:09:44.800142+00:00,BUY NO (DOWN),NO,-28.18,0.9999,7.723,-1530580.0,-3899045.0,0.62,0.9999,,59304.01,KXBTC15M-26JUL010115-15,2026-07-01T05:00:00+00:00,2026-07-01T05:15:00+00:00
2026-07-01T05:11:37.667692+00:00,BUY NO (DOWN),NO,-74.02,1.0,44.145,-159230.0,-2608015.0,0.949,1.0,,59260.63,KXBTC15M-26JUL010115-15,2026-07-01T05:00:00+00:00,2026-07-01T05:15:00+00:00
2026-07-01T05:21:13.011577+00:00,BUY NO (DOWN),NO,-20.01,0.9612,3.529,-182528.0,-96472.0,0.58,0.9612,,59272.01,KXBTC15M-26JUL010130-30,2026-07-01T05:15:00+00:00,2026-07-01T05:30:00+00:00
2026-07-01T05:25:09.355707+00:00,BUY NO (DOWN),NO,-22.02,0.9976,5.645,327064.0,-178699.0,0.5900000000000001,0.9976,,59270.0,KXBTC15M-26JUL010130-30,2026-07-01T05:15:00+00:00,2026-07-01T05:30:00+00:00
2026-07-01T05:26:45.684383+00:00,BUY NO (DOWN),NO,-80.01,1.0,32.967,-113827.0,1688.0,0.948,1.0,,59212.49,KXBTC15M-26JUL010130-30,2026-07-01T05:15:00+00:00,2026-07-01T05:30:00+00:00
2026-07-01T05:37:40.318295+00:00,BUY NO (DOWN),NO,-20.02,0.9896,4.62,-255267.0,-228691.0,0.64,0.9896,,59149.98,KXBTC15M-26JUL010145-45,2026-07-01T05:30:00+00:00,2026-07-01T05:45:00+00:00
2026-07-01T05:37:47.835853+00:00,BUY NO (DOWN),NO,-22.5,0.9955,5.219,-277500.0,-235706.0,0.6599999999999999,0.9955,,59146.01,KXBTC15M-26JUL010145-45,2026-07-01T05:30:00+00:00,2026-07-01T05:45:00+00:00
2026-07-01T05:39:24.992034+00:00,BUY NO (DOWN),NO,-20.36,1.0,8.001,-899697.0,-1145194.0,0.6599999999999999,1.0,,59149.68,KXBTC15M-26JUL010145-45,2026-07-01T05:30:00+00:00,2026-07-01T05:45:00+00:00
2026-07-01T05:48:00.229956+00:00,BUY NO (DOWN),NO,-28.39,0.9997,6.936,-19697.0,-20677.0,0.5700000000000001,0.9997,,59168.94,KXBTC15M-26JUL010200-00,2026-07-01T05:45:00+00:00,2026-07-01T06:00:00+00:00
2026-07-01T05:49:45.925178+00:00,BUY NO (DOWN),NO,-21.33,0.995,5.145,-23363.0,-104691.0,0.55,0.995,,59176.0,KXBTC15M-26JUL010200-00,2026-07-01T05:45:00+00:00,2026-07-01T06:00:00+00:00
2026-07-01T05:52:25.316211+00:00,BUY NO (DOWN),NO,-28.06,1.0,8.617,-51606.0,-324955.0,0.53,1.0,,59156.97,KXBTC15M-26JUL010200-00,2026-07-01T05:45:00+00:00,2026-07-01T06:00:00+00:00
2026-07-01T06:03:00.119289+00:00,BUY NO (DOWN),NO,-64.32,1.0,10.98,-493068.0,-899057.0,0.77,1.0,,59090.0,KXBTC15M-26JUL010215-15,2026-07-01T06:00:00+00:00,2026-07-01T06:15:00+00:00
2026-07-01T06:18:02.916678+00:00,BUY NO (DOWN),NO,-20.12,0.8371,1.965,-34018.0,391574.0,0.5800000000000001,0.8371,,58932.0,KXBTC15M-26JUL010230-30,2026-07-01T06:15:00+00:00,2026-07-01T06:30:00+00:00
2026-07-01T06:34:34.944367+00:00,BUY NO (DOWN),NO,-73.58,0.9971,5.519,-600579.0,-893301.0,0.52,0.9971,,58706.17,KXBTC15M-26JUL010245-45,2026-07-01T06:30:00+00:00,2026-07-01T06:45:00+00:00
2026-07-01T06:37:36.568820+00:00,BUY NO (DOWN),NO,-175.91,1.0,12.961,-983707.0,-2492582.0,0.944,1.0,,58602.78,KXBTC15M-26JUL010245-45,2026-07-01T06:30:00+00:00,2026-07-01T06:45:00+00:00
2026-07-01T06:39:42.413155+00:00,BUY NO (DOWN),NO,-138.3,1.0,14.335,316377.0,-3131821.0,0.95,1.0,,58647.71,KXBTC15M-26JUL010245-45,2026-07-01T06:30:00+00:00,2026-07-01T06:45:00+00:00
2026-07-01T06:40:07.631326+00:00,BUY NO (DOWN),NO,-113.45,1.0,12.524,353958.0,-3076635.0,0.94,1.0,,58672.56,KXBTC15M-26JUL010245-45,2026-07-01T06:30:00+00:00,2026-07-01T06:45:00+00:00
2026-07-01T06:48:00.764282+00:00,BUY NO (DOWN),NO,-46.09,0.9954,5.204,165159.0,-451195.0,0.65,0.9954,,58653.91,KXBTC15M-26JUL010300-00,2026-07-01T06:45:00+00:00,2026-07-01T07:00:00+00:00
2026-07-01T07:03:02.021683+00:00,BUY NO (DOWN),NO,-21.91,0.8987,2.548,99613.0,696195.0,0.53,0.8987,,58730.0,KXBTC15M-26JUL010315-15,2026-07-01T07:00:00+00:00,2026-07-01T07:15:00+00:00
2026-07-01T07:08:18.798996+00:00,BUY NO (DOWN),NO,-117.8,1.0,24.18,-140358.0,-416384.0,0.943,1.0,,58638.0,KXBTC15M-26JUL010315-15,2026-07-01T07:00:00+00:00,2026-07-01T07:15:00+00:00
2026-07-01T07:08:33.567652+00:00,BUY NO (DOWN),NO,-118.79,1.0,24.269,-226445.0,-363637.0,0.94,1.0,,58637.01,KXBTC15M-26JUL010315-15,2026-07-01T07:00:00+00:00,2026-07-01T07:15:00+00:00
2026-07-01T07:18:18.670270+00:00,BUY NO (DOWN),NO,-33.01,0.972,3.823,-376865.0,299618.0,0.55,0.972,,58645.9,KXBTC15M-26JUL010330-30,2026-07-01T07:15:00+00:00,2026-07-01T07:30:00+00:00
2026-07-01T07:18:55.040644+00:00,BUY NO (DOWN),NO,-22.71,0.9078,2.655,-284068.0,-68916.0,0.52,0.9078,,58658.25,KXBTC15M-26JUL010330-30,2026-07-01T07:15:00+00:00,2026-07-01T07:30:00+00:00
2026-07-01T07:20:16.757182+00:00,BUY NO (DOWN),NO,-20.92,0.9209,2.822,-17405.0,-218082.0,0.53,0.9209,,58660.1,KXBTC15M-26JUL010330-30,2026-07-01T07:15:00+00:00,2026-07-01T07:30:00+00:00
2026-07-01T07:33:00.937067+00:00,BUY NO (DOWN),NO,-63.62,0.9994,6.5,-63118.0,-546223.0,0.74,0.9994,,58676.37,KXBTC15M-26JUL010345-45,2026-07-01T07:30:00+00:00,2026-07-01T07:45:00+00:00
2026-07-01T07:35:20.681984+00:00,BUY NO (DOWN),NO,-22.63,0.9364,3.05,-119895.0,-262312.0,0.62,0.9364,,58717.38,KXBTC15M-26JUL010345-45,2026-07-01T07:30:00+00:00,2026-07-01T07:45:00+00:00
2026-07-01T07:35:46.521682+00:00,BUY NO (DOWN),NO,-39.99,0.9972,5.545,-130411.0,-214593.0,0.6,0.9972,,58700.0,KXBTC15M-26JUL010345-45,2026-07-01T07:30:00+00:00,2026-07-01T07:45:00+00:00
2026-07-01T07:37:48.302148+00:00,BUY NO (DOWN),NO,-20.0,0.9804,4.125,-82859.0,-382665.0,0.6699999999999999,0.9804,,58720.01,KXBTC15M-26JUL010345-45,2026-07-01T07:30:00+00:00,2026-07-01T07:45:00+00:00
2026-07-01T07:39:25.232046+00:00,BUY NO (DOWN),NO,-26.78,0.9999,7.308,-122256.0,-288493.0,0.63,0.9999,,58713.22,KXBTC15M-26JUL010345-45,2026-07-01T07:30:00+00:00,2026-07-01T07:45:00+00:00
2026-07-01T07:42:45.580071+00:00,BUY NO (DOWN),NO,-23.99,1.0,17.901,-6781.0,712545.0,0.87,1.0,,58706.01,KXBTC15M-26JUL010345-45,2026-07-01T07:30:00+00:00,2026-07-01T07:45:00+00:00
2026-07-01T08:03:00.408451+00:00,BUY NO (DOWN),NO,-48.66,0.9987,6.041,244292.0,-318010.0,0.78,0.9987,,58723.4,KXBTC15M-26JUL010415-15,2026-07-01T08:00:00+00:00,2026-07-01T08:15:00+00:00
2026-07-01T08:03:25.152147+00:00,BUY NO (DOWN),NO,-22.47,0.9089,2.668,348730.0,-82112.0,0.5900000000000001,0.9089,,58740.01,KXBTC15M-26JUL010415-15,2026-07-01T08:00:00+00:00,2026-07-01T08:15:00+00:00
2026-07-01T08:04:49.478514+00:00,BUY NO (DOWN),NO,-20.8,0.893,2.485,-1707.0,-76618.0,0.5700000000000001,0.893,,58747.85,KXBTC15M-26JUL010415-15,2026-07-01T08:00:00+00:00,2026-07-01T08:15:00+00:00
2026-07-01T08:09:07.942911+00:00,BUY NO (DOWN),NO,-22.64,0.9783,4.04,-328357.0,-571557.0,0.5700000000000001,0.9783,,58746.0,KXBTC15M-26JUL010415-15,2026-07-01T08:00:00+00:00,2026-07-01T08:15:00+00:00
2026-07-01T08:09:45.376028+00:00,BUY NO (DOWN),NO,-20.07,0.9828,4.228,14607.0,-415124.0,0.63,0.9828,,58748.48,KXBTC15M-26JUL010415-15,2026-07-01T08:00:00+00:00,2026-07-01T08:15:00+00:00
2026-07-01T08:12:13.692958+00:00,BUY NO (DOWN),NO,-60.65,1.0,21.823,-175549.0,-684133.0,0.9299999999999999,1.0,,58708.0,KXBTC15M-26JUL010415-15,2026-07-01T08:00:00+00:00,2026-07-01T08:15:00+00:00
2026-07-01T08:12:58.767902+00:00,BUY NO (DOWN),NO,-44.66,1.0,33.677,13657.0,-422786.0,0.9390000000000001,1.0,,58730.0,KXBTC15M-26JUL010415-15,2026-07-01T08:00:00+00:00,2026-07-01T08:15:00+00:00
2026-07-01T08:13:30.062285+00:00,BUY NO (DOWN),NO,-32.66,1.0,34.844,35701.0,-284910.0,0.95,1.0,,58736.0,KXBTC15M-26JUL010415-15,2026-07-01T08:00:00+00:00,2026-07-01T08:15:00+00:00
2026-07-01T08:13:43.388948+00:00,BUY NO (DOWN),NO,-32.65,1.0,41.463,62938.0,-210963.0,0.944,1.0,,58735.99,KXBTC15M-26JUL010415-15,2026-07-01T08:00:00+00:00,2026-07-01T08:15:00+00:00
2026-07-01T08:21:58.354725+00:00,BUY NO (DOWN),NO,-25.19,1.0,7.954,-171783.0,-518109.0,0.6599999999999999,1.0,,58674.94,KXBTC15M-26JUL010430-30,2026-07-01T08:15:00+00:00,2026-07-01T08:30:00+00:00
2026-07-01T08:24:01.329655+00:00,BUY NO (DOWN),NO,-68.13,1.0,16.299,165303.0,-242082.0,0.922,1.0,,58632.0,KXBTC15M-26JUL010430-30,2026-07-01T08:15:00+00:00,2026-07-01T08:30:00+00:00
2026-07-01T08:26:59.702011+00:00,BUY NO (DOWN),NO,-40.13,1.0,16.692,97091.0,43982.0,0.947,1.0,,58660.0,KXBTC15M-26JUL010430-30,2026-07-01T08:15:00+00:00,2026-07-01T08:30:00+00:00
2026-07-01T08:27:12.629143+00:00,BUY NO (DOWN),NO,-23.09,1.0,10.28,327120.0,329946.0,0.931,1.0,,58677.03,KXBTC15M-26JUL010430-30,2026-07-01T08:15:00+00:00,2026-07-01T08:30:00+00:00
2026-07-01T08:33:22.939380+00:00,BUY NO (DOWN),NO,-20.0,0.9542,3.373,-73431.0,-216495.0,0.6699999999999999,0.9542,,58600.0,KXBTC15M-26JUL010445-45,2026-07-01T08:30:00+00:00,2026-07-01T08:45:00+00:00
2026-07-01T08:34:58.419097+00:00,BUY NO (DOWN),NO,-21.21,0.8604,2.164,276013.0,-976773.0,0.62,0.8604,,58594.01,KXBTC15M-26JUL010445-45,2026-07-01T08:30:00+00:00,2026-07-01T08:45:00+00:00
2026-07-01T08:36:55.991415+00:00,BUY NO (DOWN),NO,-20.01,0.854,2.107,-99737.0,-1125793.0,0.6699999999999999,0.854,,58600.0,KXBTC15M-26JUL010445-45,2026-07-01T08:30:00+00:00,2026-07-01T08:45:00+00:00
2026-07-01T08:48:00.277722+00:00,BUY NO (DOWN),NO,-39.43,0.9921,4.826,-195860.0,-237655.0,0.65,0.9921,,58700.01,KXBTC15M-26JUL010500-00,2026-07-01T08:45:00+00:00,2026-07-01T09:00:00+00:00
2026-07-01T08:51:01.731617+00:00,BUY NO (DOWN),NO,-20.18,0.9737,3.875,31341.0,-21352.0,0.61,0.9737,,58714.91,KXBTC15M-26JUL010500-00,2026-07-01T08:45:00+00:00,2026-07-01T09:00:00+00:00
2026-07-01T09:03:01.114338+00:00,BUY NO (DOWN),NO,-41.85,0.985,4.341,192424.0,-396884.0,0.6699999999999999,0.985,,58932.0,KXBTC15M-26JUL010515-15,2026-07-01T09:00:00+00:00,2026-07-01T09:15:00+00:00
2026-07-01T09:04:59.025133+00:00,BUY NO (DOWN),NO,-20.0,0.9018,2.584,125801.0,-342968.0,0.61,0.9018,,58948.0,KXBTC15M-26JUL010515-15,2026-07-01T09:00:00+00:00,2026-07-01T09:15:00+00:00
2026-07-01T09:05:16.221883+00:00,BUY NO (DOWN),NO,-21.52,0.9423,3.149,182888.0,-56991.0,0.5800000000000001,0.9423,,58952.49,KXBTC15M-26JUL010515-15,2026-07-01T09:00:00+00:00,2026-07-01T09:15:00+00:00
2026-07-01T09:20:11.768930+00:00,BUY NO (DOWN),NO,-28.0,0.9775,4.009,-389776.0,-139261.0,0.53,0.9775,,58932.77,KXBTC15M-26JUL010530-30,2026-07-01T09:15:00+00:00,2026-07-01T09:30:00+00:00
2026-07-01T09:21:53.992701+00:00,BUY NO (DOWN),NO,-29.99,0.9607,3.517,2072276.0,1896498.0,0.64,0.9607,,58920.17,KXBTC15M-26JUL010530-30,2026-07-01T09:15:00+00:00,2026-07-01T09:30:00+00:00
2026-07-01T09:24:06.271298+00:00,BUY NO (DOWN),NO,-23.76,0.9824,4.21,21526.0,1723985.0,0.6799999999999999,0.9824,,58932.24,KXBTC15M-26JUL010530-30,2026-07-01T09:15:00+00:00,2026-07-01T09:30:00+00:00
2026-07-01T09:24:58.674268+00:00,BUY NO (DOWN),NO,-22.71,0.9904,4.685,-6179.0,1835512.0,0.72,0.9904,,58933.29,KXBTC15M-26JUL010530-30,2026-07-01T09:15:00+00:00,2026-07-01T09:30:00+00:00
2026-07-01T09:39:24.194697+00:00,BUY NO (DOWN),NO,-24.99,1.0,13.372,-306474.0,-541115.0,0.5700000000000001,1.0,,58869.0,KXBTC15M-26JUL010545-45,2026-07-01T09:30:00+00:00,2026-07-01T09:45:00+00:00
2026-07-01T09:40:40.591322+00:00,BUY NO (DOWN),NO,-30.65,1.0,17.337,-154341.0,-671032.0,0.63,1.0,,58863.34,KXBTC15M-26JUL010545-45,2026-07-01T09:30:00+00:00,2026-07-01T09:45:00+00:00
2026-07-01T09:49:07.306102+00:00,BUY NO (DOWN),NO,-30.06,0.9438,3.175,-534213.0,-900791.0,0.55,0.9438,,58853.68,KXBTC15M-26JUL010600-00,2026-07-01T09:45:00+00:00,2026-07-01T10:00:00+00:00
2026-07-01T10:03:00.534981+00:00,BUY NO (DOWN),NO,-62.46,1.0,10.092,38101.0,-63975.0,0.75,1.0,,58886.01,KXBTC15M-26JUL010615-15,2026-07-01T10:00:00+00:00,2026-07-01T10:15:00+00:00
2026-07-01T10:04:40.719080+00:00,BUY NO (DOWN),NO,-24.46,0.9837,4.275,517108.0,176865.0,0.61,0.9837,,58920.0,KXBTC15M-26JUL010615-15,2026-07-01T10:00:00+00:00,2026-07-01T10:15:00+00:00
2026-07-01T10:25:09.570979+00:00,BUY NO (DOWN),NO,-21.22,1.0,10.81,-175263.0,-931043.0,0.77,1.0,,58736.21,KXBTC15M-26JUL010630-30,2026-07-01T10:15:00+00:00,2026-07-01T10:30:00+00:00
2026-07-01T10:26:01.923154+00:00,BUY NO (DOWN),NO,-67.43,1.0,27.07,352404.0,-562048.0,0.948,1.0,,58693.99,KXBTC15M-26JUL010630-30,2026-07-01T10:15:00+00:00,2026-07-01T10:30:00+00:00
2026-07-01T10:26:21.227495+00:00,BUY NO (DOWN),NO,-55.43,1.0,23.78,456393.0,-602375.0,0.9410000000000001,1.0,,58701.99,KXBTC15M-26JUL010630-30,2026-07-01T10:15:00+00:00,2026-07-01T10:30:00+00:00
2026-07-01T10:27:45.151110+00:00,BUY NO (DOWN),NO,-27.43,1.0,15.633,194766.0,-588578.0,0.912,1.0,,58730.0,KXBTC15M-26JUL010630-30,2026-07-01T10:15:00+00:00,2026-07-01T10:30:00+00:00
2026-07-01T10:28:02.566637+00:00,BUY NO (DOWN),NO,-21.08,1.0,13.484,204889.0,-589054.0,0.84,1.0,,58736.35,KXBTC15M-26JUL010630-30,2026-07-01T10:15:00+00:00,2026-07-01T10:30:00+00:00
2026-07-01T10:34:26.871582+00:00,BUY NO (DOWN),NO,-25.19,0.9909,4.722,-108808.0,-231375.0,0.61,0.9909,,58720.01,KXBTC15M-26JUL010645-45,2026-07-01T10:30:00+00:00,2026-07-01T10:45:00+00:00
2026-07-01T10:35:40.990503+00:00,BUY NO (DOWN),NO,-27.2,0.9981,5.781,-325159.0,-853461.0,0.63,0.9981,,58718.01,KXBTC15M-26JUL010645-45,2026-07-01T10:30:00+00:00,2026-07-01T10:45:00+00:00
2026-07-01T10:38:09.855864+00:00,BUY NO (DOWN),NO,-24.88,0.9996,6.748,-501232.0,-1358438.0,0.6599999999999999,0.9996,,58720.31,KXBTC15M-26JUL010645-45,2026-07-01T10:30:00+00:00,2026-07-01T10:45:00+00:00
2026-07-01T11:03:00.759177+00:00,BUY NO (DOWN),NO,-32.23,0.952,3.329,40914.0,-606156.0,0.6599999999999999,0.952,,58631.02,KXBTC15M-26JUL010715-15,2026-07-01T11:00:00+00:00,2026-07-01T11:15:00+00:00
2026-07-01T11:03:05.488701+00:00,BUY NO (DOWN),NO,-23.96,0.8859,2.41,30103.0,-456261.0,0.56,0.8859,,58636.01,KXBTC15M-26JUL010715-15,2026-07-01T11:00:00+00:00,2026-07-01T11:15:00+00:00
2026-07-01T11:04:01.273036+00:00,BUY NO (DOWN),NO,-20.15,0.8351,1.949,104501.0,-491122.0,0.61,0.8351,,58631.68,KXBTC15M-26JUL010715-15,2026-07-01T11:00:00+00:00,2026-07-01T11:15:00+00:00
2026-07-01T11:23:06.925109+00:00,BUY NO (DOWN),NO,-21.44,0.9919,4.813,-97205.0,157960.0,0.6799999999999999,0.9919,,58682.57,KXBTC15M-26JUL010730-30,2026-07-01T11:15:00+00:00,2026-07-01T11:30:00+00:00
2026-07-01T11:23:59.890058+00:00,BUY NO (DOWN),NO,-22.12,0.9985,5.954,-159552.0,-216597.0,0.69,0.9985,,58681.89,KXBTC15M-26JUL010730-30,2026-07-01T11:15:00+00:00,2026-07-01T11:30:00+00:00
2026-07-01T11:34:05.708513+00:00,BUY NO (DOWN),NO,-30.0,0.9706,3.781,-313079.0,501628.0,0.78,0.9706,,58650.01,KXBTC15M-26JUL010745-45,2026-07-01T11:30:00+00:00,2026-07-01T11:45:00+00:00
2026-07-01T11:39:25.525804+00:00,BUY NO (DOWN),NO,-20.01,0.9879,4.509,-256666.0,-476481.0,0.8200000000000001,0.9879,,58660.01,KXBTC15M-26JUL010745-45,2026-07-01T11:30:00+00:00,2026-07-01T11:45:00+00:00
2026-07-01T11:40:09.571398+00:00,BUY NO (DOWN),NO,-27.45,0.9998,7.124,-134751.0,-718475.0,0.89,0.9998,,58652.56,KXBTC15M-26JUL010745-45,2026-07-01T11:30:00+00:00,2026-07-01T11:45:00+00:00
2026-07-01T11:41:22.225356+00:00,BUY NO (DOWN),NO,-23.58,1.0,8.568,149945.0,-526616.0,0.901,1.0,,58654.53,KXBTC15M-26JUL010745-45,2026-07-01T11:30:00+00:00,2026-07-01T11:45:00+00:00
2026-07-01T11:41:51.018237+00:00,BUY NO (DOWN),NO,-32.01,1.0,15.513,37740.0,-479164.0,0.944,1.0,,58648.0,KXBTC15M-26JUL010745-45,2026-07-01T11:30:00+00:00,2026-07-01T11:45:00+00:00
2026-07-01T11:48:33.711268+00:00,BUY NO (DOWN),NO,-28.0,0.997,5.496,-61490.0,110344.0,0.54,0.997,,58650.01,KXBTC15M-26JUL010800-00,2026-07-01T11:45:00+00:00,2026-07-01T12:00:00+00:00
2026-07-01T11:54:32.539931+00:00,BUY NO (DOWN),NO,-94.45,1.0,25.206,-129798.0,-1190204.0,0.947,1.0,,58591.54,KXBTC15M-26JUL010800-00,2026-07-01T11:45:00+00:00,2026-07-01T12:00:00+00:00
2026-07-01T12:03:00.148584+00:00,BUY NO (DOWN),NO,-68.02,1.0,8.374,-124858.0,-219692.0,0.78,1.0,,58554.01,KXBTC15M-26JUL010815-15,2026-07-01T12:00:00+00:00,2026-07-01T12:15:00+00:00
2026-07-01T12:09:11.732137+00:00,BUY NO (DOWN),NO,-104.04,1.0,19.361,-88840.0,-2264099.0,0.946,1.0,,58520.0,KXBTC15M-26JUL010815-15,2026-07-01T12:00:00+00:00,2026-07-01T12:15:00+00:00
2026-07-01T12:10:14.499058+00:00,BUY NO (DOWN),NO,-30.04,0.9973,5.564,158837.0,-2021556.0,0.75,0.9973,,58591.64,KXBTC15M-26JUL010815-15,2026-07-01T12:00:00+00:00,2026-07-01T12:15:00+00:00
2026-07-01T12:11:38.877354+00:00,BUY NO (DOWN),NO,-76.04,1.0,18.427,-73887.0,-2140650.0,0.95,1.0,,58545.99,KXBTC15M-26JUL010815-15,2026-07-01T12:00:00+00:00,2026-07-01T12:15:00+00:00
2026-07-01T12:33:00.185703+00:00,BUY NO (DOWN),NO,-36.67,0.9707,3.783,-21612.0,369776.0,0.71,0.9707,,58520.0,KXBTC15M-26JUL010845-45,2026-07-01T12:30:00+00:00,2026-07-01T12:45:00+00:00
2026-07-01T12:34:21.727695+00:00,BUY NO (DOWN),NO,-72.01,0.9965,5.389,-410371.0,-157379.0,0.6,0.9965,,58493.61,KXBTC15M-26JUL010845-45,2026-07-01T12:30:00+00:00,2026-07-01T12:45:00+00:00
2026-07-01T12:38:08.117234+00:00,BUY NO (DOWN),NO,-132.98,1.0,12.395,524720.0,-199452.0,0.945,1.0,,58422.0,KXBTC15M-26JUL010845-45,2026-07-01T12:30:00+00:00,2026-07-01T12:45:00+00:00
2026-07-01T12:38:14.351221+00:00,BUY NO (DOWN),NO,-122.02,1.0,11.503,597174.0,-108468.0,0.9410000000000001,1.0,,58431.99,KXBTC15M-26JUL010845-45,2026-07-01T12:30:00+00:00,2026-07-01T12:45:00+00:00
2026-07-01T12:48:00.400396+00:00,BUY NO (DOWN),NO,-37.99,0.9988,6.096,-374544.0,-282860.0,0.6599999999999999,0.9988,,58360.01,KXBTC15M-26JUL010900-00,2026-07-01T12:45:00+00:00,2026-07-01T13:00:00+00:00
2026-07-01T12:51:37.572645+00:00,BUY NO (DOWN),NO,-28.0,0.9575,3.445,-66976.0,-415215.0,0.6,0.9575,,58372.01,KXBTC15M-26JUL010900-00,2026-07-01T12:45:00+00:00,2026-07-01T13:00:00+00:00
2026-07-01T12:52:05.725642+00:00,BUY NO (DOWN),NO,-29.99,0.9564,3.421,-61073.0,-483712.0,0.65,0.9564,,58352.34,KXBTC15M-26JUL010900-00,2026-07-01T12:45:00+00:00,2026-07-01T13:00:00+00:00
2026-07-01T12:53:04.252502+00:00,BUY NO (DOWN),NO,-23.99,0.9264,2.899,-203999.0,-245812.0,0.63,0.9264,,58385.36,KXBTC15M-26JUL010900-00,2026-07-01T12:45:00+00:00,2026-07-01T13:00:00+00:00
2026-07-01T12:53:33.506407+00:00,BUY NO (DOWN),NO,-23.22,0.9304,2.958,-16903.0,-281126.0,0.51,0.9304,,58378.78,KXBTC15M-26JUL010900-00,2026-07-01T12:45:00+00:00,2026-07-01T13:00:00+00:00
2026-07-01T13:33:06.256742+00:00,BUY NO (DOWN),NO,-30.26,0.6779,0.924,-104374.0,957386.0,0.56,0.6779,,58718.7,KXBTC15M-26JUL010945-45,2026-07-01T13:30:00+00:00,2026-07-01T13:45:00+00:00
2026-07-01T13:33:21.596477+00:00,BUY NO (DOWN),NO,-40.36,0.7306,1.229,7019.0,1175519.0,0.5700000000000001,0.7306,,58736.22,KXBTC15M-26JUL010945-45,2026-07-01T13:30:00+00:00,2026-07-01T13:45:00+00:00
2026-07-01T13:33:33.925090+00:00,BUY NO (DOWN),NO,-21.98,0.6344,0.687,292423.0,1617804.0,0.56,0.6344,,58754.55,KXBTC15M-26JUL010945-45,2026-07-01T13:30:00+00:00,2026-07-01T13:45:00+00:00
2026-07-01T13:33:52.921901+00:00,BUY NO (DOWN),NO,-32.43,0.6963,1.027,347504.0,1544796.0,0.5700000000000001,0.6963,,58733.61,KXBTC15M-26JUL010945-45,2026-07-01T13:30:00+00:00,2026-07-01T13:45:00+00:00
2026-07-01T13:35:46.883800+00:00,BUY NO (DOWN),NO,-22.55,0.6931,1.009,428298.0,2422373.0,0.56,0.6931,,58730.11,KXBTC15M-26JUL010945-45,2026-07-01T13:30:00+00:00,2026-07-01T13:45:00+00:00
2026-07-01T13:36:05.760759+00:00,BUY NO (DOWN),NO,-22.92,0.7092,1.102,177274.0,2537392.0,0.56,0.7092,,58762.01,KXBTC15M-26JUL010945-45,2026-07-01T13:30:00+00:00,2026-07-01T13:45:00+00:00
2026-07-01T13:36:46.956463+00:00,BUY NO (DOWN),NO,-23.09,0.7357,1.26,287664.0,2470039.0,0.5900000000000001,0.7357,,58742.0,KXBTC15M-26JUL010945-45,2026-07-01T13:30:00+00:00,2026-07-01T13:45:00+00:00
2026-07-01T14:03:00.474614+00:00,BUY NO (DOWN),NO,-191.11,1.0,8.675,-122164.0,2103513.0,0.75,1.0,,59319.61,KXBTC15M-26JUL011015-15,2026-07-01T14:00:00+00:00,2026-07-01T14:15:00+00:00
2026-07-01T14:09:22.806006+00:00,BUY NO (DOWN),NO,-28.64,0.9469,3.23,356835.0,927661.0,0.66,0.9469,,59455.99,KXBTC15M-26JUL011015-15,2026-07-01T14:00:00+00:00,2026-07-01T14:15:00+00:00
2026-07-01T14:23:54.888939+00:00,BUY NO (DOWN),NO,-31.7,0.9233,2.855,256089.0,210203.0,0.57,0.9233,,59944.32,KXBTC15M-26JUL011030-30,2026-07-01T14:15:00+00:00,2026-07-01T14:30:00+00:00
2026-07-01T14:25:32.369643+00:00,BUY NO (DOWN),NO,-36.01,0.9837,4.272,1765914.0,3504159.0,0.58,0.9837,,59940.0,KXBTC15M-26JUL011030-30,2026-07-01T14:15:00+00:00,2026-07-01T14:30:00+00:00
2026-07-01T14:33:01.133637+00:00,BUY NO (DOWN),NO,-59.61,0.9215,2.83,-170229.0,13970486.0,0.72,0.9215,,59718.4,KXBTC15M-26JUL011045-45,2026-07-01T14:30:00+00:00,2026-07-01T14:45:00+00:00
2026-07-01T14:48:00.179643+00:00,BUY NO (DOWN),NO,-52.75,0.9454,3.203,449328.0,2695308.0,0.76,0.9454,,59530.01,KXBTC15M-26JUL011100-00,2026-07-01T14:45:00+00:00,2026-07-01T15:00:00+00:00
2026-07-01T14:48:15.105296+00:00,BUY NO (DOWN),NO,-22.75,0.7478,1.335,225043.0,2750228.0,0.69,0.7478,,59560.01,KXBTC15M-26JUL011100-00,2026-07-01T14:45:00+00:00,2026-07-01T15:00:00+00:00
2026-07-01T14:55:48.653619+00:00,BUY NO (DOWN),NO,-22.74,0.9601,3.504,-425308.0,-393323.0,0.78,0.9601,,59556.61,KXBTC15M-26JUL011100-00,2026-07-01T14:45:00+00:00,2026-07-01T15:00:00+00:00
2026-07-01T14:57:39.757291+00:00,BUY NO (DOWN),NO,-22.75,0.9993,6.389,-110634.0,-360841.0,0.86,0.9993,,59560.0,KXBTC15M-26JUL011100-00,2026-07-01T14:45:00+00:00,2026-07-01T15:00:00+00:00
2026-07-01T14:57:56.573899+00:00,BUY NO (DOWN),NO,-28.11,1.0,9.143,-179194.0,-338054.0,0.949,1.0,,59554.64,KXBTC15M-26JUL011100-00,2026-07-01T14:45:00+00:00,2026-07-01T15:00:00+00:00
2026-07-01T15:18:01.577410+00:00,BUY NO (DOWN),NO,-42.01,0.9213,2.828,-112200.0,-128434.0,0.6,0.9213,,59888.0,KXBTC15M-26JUL011130-30,2026-07-01T15:15:00+00:00,2026-07-01T15:30:00+00:00
2026-07-01T15:20:22.103813+00:00,BUY NO (DOWN),NO,-24.0,0.9228,2.849,-33801.0,-701863.0,0.55,0.9228,,59894.0,KXBTC15M-26JUL011130-30,2026-07-01T15:15:00+00:00,2026-07-01T15:30:00+00:00
2026-07-01T15:33:01.688104+00:00,BUY NO (DOWN),NO,-92.24,0.9855,4.366,-1479755.0,-3371859.0,0.64,0.9855,,60264.28,KXBTC15M-26JUL011145-45,2026-07-01T15:30:00+00:00,2026-07-01T15:45:00+00:00
2026-07-01T15:42:40.090828+00:00,BUY NO (DOWN),NO,-114.25,1.0,43.077,244405.0,171605.0,0.944,1.0,,60230.0,KXBTC15M-26JUL011145-45,2026-07-01T15:30:00+00:00,2026-07-01T15:45:00+00:00
2026-07-01T15:48:39.161742+00:00,BUY NO (DOWN),NO,-25.99,0.8542,2.11,-132137.0,1349494.0,0.61,0.8542,,60192.01,KXBTC15M-26JUL011200-00,2026-07-01T15:45:00+00:00,2026-07-01T16:00:00+00:00
2026-07-01T15:55:05.072104+00:00,BUY NO (DOWN),NO,-112.01,1.0,24.832,50067.0,2549472.0,0.948,1.0,,60106.0,KXBTC15M-26JUL011200-00,2026-07-01T15:45:00+00:00,2026-07-01T16:00:00+00:00
2026-07-01T16:04:04.262041+00:00,BUY NO (DOWN),NO,-21.02,0.8269,1.884,-142471.0,-1397524.0,0.51,0.8269,,60123.74,KXBTC15M-26JUL011215-15,2026-07-01T16:00:00+00:00,2026-07-01T16:15:00+00:00
2026-07-01T16:04:57.553247+00:00,BUY NO (DOWN),NO,-21.11,0.8765,2.315,-51997.0,-202148.0,0.56,0.8765,,60138.88,KXBTC15M-26JUL011215-15,2026-07-01T16:00:00+00:00,2026-07-01T16:15:00+00:00
2026-07-01T16:05:17.281686+00:00,BUY NO (DOWN),NO,-26.53,0.927,2.907,574334.0,-23206.0,0.5800000000000001,0.927,,60132.01,KXBTC15M-26JUL011215-15,2026-07-01T16:00:00+00:00,2026-07-01T16:15:00+00:00
2026-07-01T16:06:14.375134+00:00,BUY NO (DOWN),NO,-20.0,0.905,2.621,358561.0,2376309.0,0.5700000000000001,0.905,,60140.0,KXBTC15M-26JUL011215-15,2026-07-01T16:00:00+00:00,2026-07-01T16:15:00+00:00
2026-07-01T16:10:09.858624+00:00,BUY NO (DOWN),NO,-25.98,0.9997,6.929,-1047564.0,2419028.0,0.51,0.9997,,60128.04,KXBTC15M-26JUL011215-15,2026-07-01T16:00:00+00:00,2026-07-01T16:15:00+00:00
2026-07-01T16:11:18.780352+00:00,BUY NO (DOWN),NO,-29.07,1.0,10.221,733513.0,2074578.0,0.5700000000000001,1.0,,60130.92,KXBTC15M-26JUL011215-15,2026-07-01T16:00:00+00:00,2026-07-01T16:15:00+00:00
2026-07-01T16:11:45.167616+00:00,BUY NO (DOWN),NO,-21.91,1.0,8.691,1243229.0,1010694.0,0.62,1.0,,60138.01,KXBTC15M-26JUL011215-15,2026-07-01T16:00:00+00:00,2026-07-01T16:15:00+00:00
2026-07-01T16:12:06.775489+00:00,BUY NO (DOWN),NO,-20.63,1.0,8.856,766358.0,1021377.0,0.5700000000000001,1.0,,60139.36,KXBTC15M-26JUL011215-15,2026-07-01T16:00:00+00:00,2026-07-01T16:15:00+00:00
2026-07-01T16:12:28.040102+00:00,BUY NO (DOWN),NO,-20.0,1.0,10.936,642537.0,717865.0,0.64,1.0,,60139.99,KXBTC15M-26JUL011215-15,2026-07-01T16:00:00+00:00,2026-07-01T16:15:00+00:00
2026-07-01T16:12:33.541922+00:00,BUY NO (DOWN),NO,-20.62,1.0,11.804,646277.0,733073.0,0.64,1.0,,60136.01,KXBTC15M-26JUL011215-15,2026-07-01T16:00:00+00:00,2026-07-01T16:15:00+00:00
2026-07-01T16:13:01.297866+00:00,BUY NO (DOWN),NO,-20.0,1.0,14.034,270963.0,583804.0,0.71,1.0,,60140.0,KXBTC15M-26JUL011215-15,2026-07-01T16:00:00+00:00,2026-07-01T16:15:00+00:00
2026-07-01T16:13:10.954633+00:00,BUY NO (DOWN),NO,-26.51,1.0,20.069,204781.0,582090.0,0.73,1.0,,60133.48,KXBTC15M-26JUL011215-15,2026-07-01T16:00:00+00:00,2026-07-01T16:15:00+00:00
2026-07-01T16:18:07.773646+00:00,BUY NO (DOWN),NO,-20.01,0.8321,1.925,551545.0,1067696.0,0.5800000000000001,0.8321,,60108.0,KXBTC15M-26JUL011230-30,2026-07-01T16:15:00+00:00,2026-07-01T16:30:00+00:00
2026-07-01T16:19:12.729812+00:00,BUY NO (DOWN),NO,-21.94,0.8673,2.227,707447.0,1025140.0,0.61,0.8673,,60110.08,KXBTC15M-26JUL011230-30,2026-07-01T16:15:00+00:00,2026-07-01T16:30:00+00:00
2026-07-01T16:19:47.376007+00:00,BUY NO (DOWN),NO,-22.62,0.8828,2.378,280282.0,1545428.0,0.62,0.8828,,60109.4,KXBTC15M-26JUL011230-30,2026-07-01T16:15:00+00:00,2026-07-01T16:30:00+00:00
2026-07-01T16:20:02.681700+00:00,BUY NO (DOWN),NO,-22.35,0.883,2.38,201036.0,1559467.0,0.5900000000000001,0.883,,60109.4,KXBTC15M-26JUL011230-30,2026-07-01T16:15:00+00:00,2026-07-01T16:30:00+00:00
2026-07-01T16:23:25.304008+00:00,BUY NO (DOWN),NO,-138.01,1.0,22.388,188235.0,-789505.0,0.95,1.0,,59993.99,KXBTC15M-26JUL011230-30,2026-07-01T16:15:00+00:00,2026-07-01T16:30:00+00:00
2026-07-01T16:25:36.005237+00:00,BUY NO (DOWN),NO,-85.56,1.0,19.965,247630.0,-902942.0,0.95,1.0,,60046.45,KXBTC15M-26JUL011230-30,2026-07-01T16:15:00+00:00,2026-07-01T16:30:00+00:00
2026-07-01T16:25:55.292233+00:00,BUY NO (DOWN),NO,-72.02,1.0,17.942,389409.0,-774017.0,0.935,1.0,,60059.98,KXBTC15M-26JUL011230-30,2026-07-01T16:15:00+00:00,2026-07-01T16:30:00+00:00
2026-07-01T16:26:11.949455+00:00,BUY NO (DOWN),NO,-74.01,1.0,19.728,461513.0,-707732.0,0.95,1.0,,60057.99,KXBTC15M-26JUL011230-30,2026-07-01T16:15:00+00:00,2026-07-01T16:30:00+00:00
2026-07-01T16:33:08.366660+00:00,BUY NO (DOWN),NO,-21.99,0.8555,2.121,-81616.0,-304028.0,0.61,0.8555,,60122.02,KXBTC15M-26JUL011245-45,2026-07-01T16:30:00+00:00,2026-07-01T16:45:00+00:00
2026-07-01T16:38:57.885049+00:00,BUY NO (DOWN),NO,-95.46,1.0,34.413,-1279.0,-553281.0,0.9359999999999999,1.0,,60048.55,KXBTC15M-26JUL011245-45,2026-07-01T16:30:00+00:00,2026-07-01T16:45:00+00:00
2026-07-01T16:48:11.026591+00:00,BUY NO (DOWN),NO,-25.99,0.9792,4.075,-73563.0,19368.0,0.53,0.9792,,60052.01,KXBTC15M-26JUL011300-00,2026-07-01T16:45:00+00:00,2026-07-01T17:00:00+00:00
2026-07-01T17:03:00.066032+00:00,BUY NO (DOWN),NO,-44.67,0.9979,5.722,-143753.0,28242.0,0.6799999999999999,0.9979,,59875.32,KXBTC15M-26JUL011315-15,2026-07-01T17:00:00+00:00,2026-07-01T17:15:00+00:00
2026-07-01T17:10:47.829462+00:00,BUY NO (DOWN),NO,-23.99,1.0,8.57,182052.0,554675.0,0.72,1.0,,59896.01,KXBTC15M-26JUL011315-15,2026-07-01T17:00:00+00:00,2026-07-01T17:15:00+00:00
2026-07-01T17:11:57.894897+00:00,BUY NO (DOWN),NO,-68.01,1.0,28.9,-63394.0,235904.0,0.945,1.0,,59852.0,KXBTC15M-26JUL011315-15,2026-07-01T17:00:00+00:00,2026-07-01T17:15:00+00:00
2026-07-01T17:12:06.180894+00:00,BUY NO (DOWN),NO,-65.62,1.0,30.369,-8756.0,178420.0,0.929,1.0,,59863.66,KXBTC15M-26JUL011315-15,2026-07-01T17:00:00+00:00,2026-07-01T17:15:00+00:00
2026-07-01T17:12:35.157064+00:00,BUY NO (DOWN),NO,-57.99,1.0,32.06,31151.0,60590.0,0.947,1.0,,59870.0,KXBTC15M-26JUL011315-15,2026-07-01T17:00:00+00:00,2026-07-01T17:15:00+00:00
2026-07-01T17:13:21.675842+00:00,BUY NO (DOWN),NO,-20.35,1.0,15.824,44547.0,104183.0,0.78,1.0,,59898.17,KXBTC15M-26JUL011315-15,2026-07-01T17:00:00+00:00,2026-07-01T17:15:00+00:00
2026-07-01T17:33:00.650520+00:00,BUY NO (DOWN),NO,-33.99,0.9438,3.176,-204060.0,-804896.0,0.62,0.9438,,60114.28,KXBTC15M-26JUL011345-45,2026-07-01T17:30:00+00:00,2026-07-01T17:45:00+00:00
2026-07-01T17:35:13.979752+00:00,BUY NO (DOWN),NO,-22.27,0.9045,2.616,91167.0,-390151.0,0.61,0.9045,,60126.01,KXBTC15M-26JUL011345-45,2026-07-01T17:30:00+00:00,2026-07-01T17:45:00+00:00
2026-07-01T18:03:00.593096+00:00,BUY NO (DOWN),NO,-36.6,0.9899,4.646,-280904.0,275473.0,0.54,0.9899,,60151.98,KXBTC15M-26JUL011415-15,2026-07-01T18:00:00+00:00,2026-07-01T18:15:00+00:00
2026-07-01T18:05:42.441783+00:00,BUY NO (DOWN),NO,-24.6,0.9556,3.403,93332.0,-22079.0,0.51,0.9556,,60166.01,KXBTC15M-26JUL011415-15,2026-07-01T18:00:00+00:00,2026-07-01T18:15:00+00:00
2026-07-01T18:06:21.639394+00:00,BUY NO (DOWN),NO,-28.59,0.9749,3.916,-30503.0,-123731.0,0.56,0.9749,,60162.01,KXBTC15M-26JUL011415-15,2026-07-01T18:00:00+00:00,2026-07-01T18:15:00+00:00
2026-07-01T18:48:01.118366+00:00,BUY NO (DOWN),NO,-46.12,0.9956,5.237,216488.0,574100.0,0.5900000000000001,0.9956,,60175.99,KXBTC15M-26JUL011500-00,2026-07-01T18:45:00+00:00,2026-07-01T19:00:00+00:00
2026-07-01T18:52:41.108659+00:00,BUY NO (DOWN),NO,-20.84,0.9488,3.267,33927.0,307217.0,0.57,0.9488,,60200.66,KXBTC15M-26JUL011500-00,2026-07-01T18:45:00+00:00,2026-07-01T19:00:00+00:00
2026-07-01T18:54:56.289716+00:00,BUY NO (DOWN),NO,-110.01,1.0,24.92,-396283.0,-450315.0,0.929,1.0,,60114.36,KXBTC15M-26JUL011500-00,2026-07-01T18:45:00+00:00,2026-07-01T19:00:00+00:00
2026-07-01T19:19:18.743531+00:00,BUY NO (DOWN),NO,-30.01,0.9603,3.509,-997426.0,-690481.0,0.53,0.9603,,60250.01,KXBTC15M-26JUL011530-30,2026-07-01T19:15:00+00:00,2026-07-01T19:30:00+00:00
2026-07-01T19:20:06.369221+00:00,BUY NO (DOWN),NO,-26.01,0.9402,3.113,-823422.0,-843882.0,0.5900000000000001,0.9402,,60246.0,KXBTC15M-26JUL011530-30,2026-07-01T19:15:00+00:00,2026-07-01T19:30:00+00:00
2026-07-01T19:25:06.637575+00:00,BUY NO (DOWN),NO,-24.0,0.9999,7.429,-20978.0,-130168.0,0.69,0.9999,,60242.01,KXBTC15M-26JUL011530-30,2026-07-01T19:15:00+00:00,2026-07-01T19:30:00+00:00
2026-07-01T19:48:00.123806+00:00,BUY NO (DOWN),NO,-41.45,0.9994,6.484,-122828.0,-267704.0,0.71,0.9994,,60165.31,KXBTC15M-26JUL011600-00,2026-07-01T19:45:00+00:00,2026-07-01T20:00:00+00:00
2026-07-01T19:50:04.699005+00:00,BUY NO (DOWN),NO,-22.2,0.8895,2.448,138514.0,-334893.0,0.63,0.8895,,60184.58,KXBTC15M-26JUL011600-00,2026-07-01T19:45:00+00:00,2026-07-01T20:00:00+00:00
2026-07-01T20:03:02.208674+00:00,BUY NO (DOWN),NO,-98.54,1.0,10.202,126062.0,-1566194.0,0.79,1.0,,59951.46,KXBTC15M-26JUL011615-15,2026-07-01T20:00:00+00:00,2026-07-01T20:15:00+00:00
2026-07-01T20:13:54.665548+00:00,BUY NO (DOWN),NO,-38.0,1.0,60.756,790753.0,802630.0,0.86,1.0,,60013.79,KXBTC15M-26JUL011615-15,2026-07-01T20:00:00+00:00,2026-07-01T20:15:00+00:00
2026-07-01T20:14:14.805152+00:00,BUY NO (DOWN),NO,-28.71,1.0,66.765,627268.0,639694.0,0.85,1.0,,60021.28,KXBTC15M-26JUL011615-15,2026-07-01T20:00:00+00:00,2026-07-01T20:15:00+00:00
2026-07-01T20:18:00.866524+00:00,BUY NO (DOWN),NO,-79.81,0.9999,7.403,-225297.0,304908.0,0.84,0.9999,,59918.0,KXBTC15M-26JUL011630-30,2026-07-01T20:15:00+00:00,2026-07-01T20:30:00+00:00
2026-07-01T21:19:09.934962+00:00,BUY NO (DOWN),NO,-25.21,0.8607,2.167,178793.0,1476472.0,0.53,0.8607,,60425.47,KXBTC15M-26JUL011730-30,2026-07-01T21:15:00+00:00,2026-07-01T21:30:00+00:00
2026-07-01T21:19:24.094477+00:00,BUY NO (DOWN),NO,-37.21,0.9519,3.327,209692.0,1021097.0,0.52,0.9519,,60417.08,KXBTC15M-26JUL011730-30,2026-07-01T21:15:00+00:00,2026-07-01T21:30:00+00:00
2026-07-01T21:24:18.279540+00:00,BUY NO (DOWN),NO,-21.2,0.9693,3.741,-431370.0,1080150.0,0.57,0.9693,,60426.0,KXBTC15M-26JUL011730-30,2026-07-01T21:15:00+00:00,2026-07-01T21:30:00+00:00
2026-07-01T21:27:17.819471+00:00,BUY NO (DOWN),NO,-23.19,0.9926,4.879,-828195.0,-13725.0,0.74,0.9926,,60427.04,KXBTC15M-26JUL011730-30,2026-07-01T21:15:00+00:00,2026-07-01T21:30:00+00:00
2026-07-01T21:54:52.433989+00:00,BUY NO (DOWN),NO,-20.24,1.0,10.4,-360699.0,1021764.0,0.58,1.0,,60799.76,KXBTC15M-26JUL011800-00,2026-07-01T21:45:00+00:00,2026-07-01T22:00:00+00:00
2026-07-01T22:03:53.170990+00:00,BUY NO (DOWN),NO,-23.97,0.9962,5.334,-137994.0,-427377.0,0.64,0.9962,,60788.65,KXBTC15M-26JUL011815-15,2026-07-01T22:00:00+00:00,2026-07-01T22:15:00+00:00
2026-07-01T22:27:22.092333+00:00,BUY NO (DOWN),NO,-23.99,0.9706,3.779,-111954.0,-7802724.0,0.52,0.9706,,60786.01,KXBTC15M-26JUL011830-30,2026-07-01T22:15:00+00:00,2026-07-01T22:30:00+00:00
2026-07-01T22:27:47.435903+00:00,BUY NO (DOWN),NO,-20.28,0.9819,4.191,-1485004.0,-6684375.0,0.5700000000000001,0.9819,,60776.3,KXBTC15M-26JUL011830-30,2026-07-01T22:15:00+00:00,2026-07-01T22:30:00+00:00
2026-07-01T22:28:28.735038+00:00,BUY NO (DOWN),NO,-88.0,1.0,27.946,-481927.0,-7345558.0,0.942,1.0,,60716.4,KXBTC15M-26JUL011830-30,2026-07-01T22:15:00+00:00,2026-07-01T22:30:00+00:00
2026-07-01T22:33:00.261905+00:00,BUY NO (DOWN),NO,-75.72,0.9058,2.63,-162407.0,-2178549.0,0.7,0.9058,,60556.28,KXBTC15M-26JUL011845-45,2026-07-01T22:30:00+00:00,2026-07-01T22:45:00+00:00
2026-07-01T22:40:08.156785+00:00,BUY NO (DOWN),NO,-84.63,1.0,16.572,687476.0,757102.0,0.921,1.0,,60547.17,KXBTC15M-26JUL011845-45,2026-07-01T22:30:00+00:00,2026-07-01T22:45:00+00:00
2026-07-01T22:49:20.662375+00:00,BUY NO (DOWN),NO,-33.43,0.9336,3.006,-73463.0,-811631.0,0.52,0.9336,,60455.5,KXBTC15M-26JUL011900-00,2026-07-01T22:45:00+00:00,2026-07-01T23:00:00+00:00
2026-07-01T23:03:00.063628+00:00,BUY NO (DOWN),NO,-165.96,1.0,13.791,-1293997.0,-1771379.0,0.86,1.0,,60308.74,KXBTC15M-26JUL011915-15,2026-07-01T23:00:00+00:00,2026-07-01T23:15:00+00:00
2026-07-01T23:09:09.174073+00:00,BUY NO (DOWN),NO,-136.06,1.0,40.142,-115537.0,-814404.0,0.945,1.0,,60337.95,KXBTC15M-26JUL011915-15,2026-07-01T23:00:00+00:00,2026-07-01T23:15:00+00:00
2026-07-01T23:23:47.107738+00:00,BUY NO (DOWN),NO,-30.8,0.9843,4.303,-200453.0,-34957.0,0.5900000000000001,0.9843,,60211.83,KXBTC15M-26JUL011930-30,2026-07-01T23:15:00+00:00,2026-07-01T23:30:00+00:00
2026-07-01T23:27:16.379049+00:00,BUY NO (DOWN),NO,-24.76,1.0,11.15,-96047.0,-549391.0,0.6699999999999999,1.0,,60226.04,KXBTC15M-26JUL011930-30,2026-07-01T23:15:00+00:00,2026-07-01T23:30:00+00:00
2026-07-01T23:28:16.440390+00:00,BUY NO (DOWN),NO,-33.21,1.0,20.578,-193202.0,-737637.0,0.84,1.0,,60217.6,KXBTC15M-26JUL011930-30,2026-07-01T23:15:00+00:00,2026-07-01T23:30:00+00:00
2026-07-01T23:28:41.194288+00:00,BUY NO (DOWN),NO,-29.87,1.0,24.686,-467834.0,-896215.0,0.948,1.0,,60220.92,KXBTC15M-26JUL011930-30,2026-07-01T23:15:00+00:00,2026-07-01T23:30:00+00:00
2026-07-01T23:35:14.440810+00:00,BUY NO (DOWN),NO,-22.72,0.9775,4.008,-468544.0,-482554.0,0.62,0.9775,,60185.12,KXBTC15M-26JUL011945-45,2026-07-01T23:30:00+00:00,2026-07-01T23:45:00+00:00
2026-07-01T23:39:50.099023+00:00,BUY NO (DOWN),NO,-25.89,0.9584,3.464,373322.0,-1429380.0,0.65,0.9584,,60178.01,KXBTC15M-26JUL011945-45,2026-07-01T23:30:00+00:00,2026-07-01T23:45:00+00:00
2026-07-01T23:41:44.386910+00:00,BUY NO (DOWN),NO,-62.15,1.0,19.567,21553.0,144453.0,0.89,1.0,,60146.0,KXBTC15M-26JUL011945-45,2026-07-01T23:30:00+00:00,2026-07-01T23:45:00+00:00
2026-07-01T23:43:24.793335+00:00,BUY NO (DOWN),NO,-22.13,1.0,12.989,149415.0,265788.0,0.89,1.0,,60186.01,KXBTC15M-26JUL011945-45,2026-07-01T23:30:00+00:00,2026-07-01T23:45:00+00:00
2026-07-01T23:48:00.484402+00:00,BUY NO (DOWN),NO,-73.97,1.0,9.908,-31200.0,-764436.0,0.79,1.0,,60084.78,KXBTC15M-26JUL012000-00,2026-07-01T23:45:00+00:00,2026-07-02T00:00:00+00:00
2026-07-01T23:52:41.122822+00:00,BUY NO (DOWN),NO,-152.74,1.0,22.771,771606.0,-1653612.0,0.948,1.0,,60006.0,KXBTC15M-26JUL012000-00,2026-07-01T23:45:00+00:00,2026-07-02T00:00:00+00:00
2026-07-01T23:53:05.855966+00:00,BUY NO (DOWN),NO,-141.34,1.0,21.946,1023275.0,-1578475.0,0.942,1.0,,60017.99,KXBTC15M-26JUL012000-00,2026-07-01T23:45:00+00:00,2026-07-02T00:00:00+00:00
2026-07-01T23:55:58.743251+00:00,BUY NO (DOWN),NO,-82.74,1.0,20.902,-242060.0,-1204595.0,0.931,1.0,,60076.0,KXBTC15M-26JUL012000-00,2026-07-01T23:45:00+00:00,2026-07-02T00:00:00+00:00
2026-07-02T00:03:00.234713+00:00,BUY NO (DOWN),NO,-100.67,0.9999,7.619,-454644.0,-1246362.0,0.81,0.9999,,59920.0,KXBTC15M-26JUL012015-15,2026-07-02T00:00:00+00:00,2026-07-02T00:15:00+00:00
2026-07-02T00:18:00.656742+00:00,BUY NO (DOWN),NO,-111.0,1.0,10.944,-868081.0,-745467.0,0.87,1.0,,59832.0,KXBTC15M-26JUL012030-30,2026-07-02T00:15:00+00:00,2026-07-02T00:30:00+00:00
2026-07-02T00:20:29.776035+00:00,BUY NO (DOWN),NO,-182.99,1.0,21.577,-732321.0,-1917449.0,0.943,1.0,,59760.0,KXBTC15M-26JUL012030-30,2026-07-02T00:15:00+00:00,2026-07-02T00:30:00+00:00
2026-07-02T00:23:47.775508+00:00,BUY NO (DOWN),NO,-109.25,1.0,21.352,-43216.0,-519714.0,0.95,1.0,,59833.99,KXBTC15M-26JUL012030-30,2026-07-02T00:15:00+00:00,2026-07-02T00:30:00+00:00
2026-07-02T00:24:08.073607+00:00,BUY NO (DOWN),NO,-85.01,1.0,16.779,-115045.0,-555644.0,0.9299999999999999,1.0,,59858.0,KXBTC15M-26JUL012030-30,2026-07-02T00:15:00+00:00,2026-07-02T00:30:00+00:00
2026-07-02T00:33:00.081727+00:00,BUY NO (DOWN),NO,-67.97,1.0,8.551,183692.0,282412.0,0.75,1.0,,59720.02,KXBTC15M-26JUL012045-45,2026-07-02T00:30:00+00:00,2026-07-02T00:45:00+00:00
2026-07-02T01:04:39.380882+00:00,BUY NO (DOWN),NO,-25.72,0.9229,2.849,291329.0,3242.0,0.54,0.9229,,59736.01,KXBTC15M-26JUL012115-15,2026-07-02T01:00:00+00:00,2026-07-02T01:15:00+00:00
2026-07-02T01:06:04.857321+00:00,BUY NO (DOWN),NO,-21.73,0.9583,3.463,160071.0,-456623.0,0.63,0.9583,,59735.69,KXBTC15M-26JUL012115-15,2026-07-02T01:00:00+00:00,2026-07-02T01:15:00+00:00
2026-07-02T01:07:04.469336+00:00,BUY NO (DOWN),NO,-26.24,0.9846,4.32,-75841.0,424120.0,0.62,0.9846,,59724.0,KXBTC15M-26JUL012115-15,2026-07-02T01:00:00+00:00,2026-07-02T01:15:00+00:00
2026-07-02T01:18:00.418383+00:00,BUY NO (DOWN),NO,-90.95,1.0,8.494,-240881.0,-291850.0,0.79,1.0,,59849.06,KXBTC15M-26JUL012130-30,2026-07-02T01:15:00+00:00,2026-07-02T01:30:00+00:00
2026-07-02T01:22:33.982805+00:00,BUY NO (DOWN),NO,-33.95,0.9869,4.449,382202.0,998634.0,0.54,0.9869,,59906.05,KXBTC15M-26JUL012130-30,2026-07-02T01:15:00+00:00,2026-07-02T01:30:00+00:00
2026-07-02T01:50:36.763034+00:00,BUY NO (DOWN),NO,-23.26,0.9031,2.599,-281686.0,-528277.0,0.53,0.9031,,60154.01,KXBTC15M-26JUL012200-00,2026-07-02T01:45:00+00:00,2026-07-02T02:00:00+00:00
2026-07-02T01:58:18.945289+00:00,BUY NO (DOWN),NO,-31.73,1.0,20.585,48947.0,167135.0,0.909,1.0,,60168.0,KXBTC15M-26JUL012200-00,2026-07-02T01:45:00+00:00,2026-07-02T02:00:00+00:00
2026-07-02T02:03:02.069414+00:00,BUY NO (DOWN),NO,-42.95,0.9913,4.758,594316.0,799049.0,0.6599999999999999,0.9913,,60132.96,KXBTC15M-26JUL012215-15,2026-07-02T02:00:00+00:00,2026-07-02T02:15:00+00:00
2026-07-02T02:04:24.470140+00:00,BUY NO (DOWN),NO,-21.33,0.9335,3.005,99866.0,439216.0,0.55,0.9335,,60154.58,KXBTC15M-26JUL012215-15,2026-07-02T02:00:00+00:00,2026-07-02T02:15:00+00:00
2026-07-02T02:04:32.152127+00:00,BUY NO (DOWN),NO,-20.08,0.9257,2.89,116939.0,564293.0,0.52,0.9257,,60155.83,KXBTC15M-26JUL012215-15,2026-07-02T02:00:00+00:00,2026-07-02T02:15:00+00:00
2026-07-02T02:06:54.445983+00:00,BUY NO (DOWN),NO,-21.91,0.9747,3.91,-866336.0,-149806.0,0.55,0.9747,,60153.23,KXBTC15M-26JUL012215-15,2026-07-02T02:00:00+00:00,2026-07-02T02:15:00+00:00
2026-07-02T02:13:08.480375+00:00,BUY NO (DOWN),NO,-35.92,1.0,19.372,87049.0,-470947.0,0.9339999999999999,1.0,,60140.0,KXBTC15M-26JUL012215-15,2026-07-02T02:00:00+00:00,2026-07-02T02:15:00+00:00
2026-07-02T02:49:21.582294+00:00,BUY NO (DOWN),NO,-22.12,0.8632,2.189,-1623441.0,2758496.0,0.53,0.8632,,60394.0,KXBTC15M-26JUL012300-00,2026-07-02T02:45:00+00:00,2026-07-02T03:00:00+00:00
2026-07-02T02:50:05.418035+00:00,BUY NO (DOWN),NO,-21.01,0.8592,2.153,296166.0,3517580.0,0.56,0.8592,,60386.0,KXBTC15M-26JUL012300-00,2026-07-02T02:45:00+00:00,2026-07-02T03:00:00+00:00
2026-07-02T02:50:41.267030+00:00,BUY NO (DOWN),NO,-24.31,0.9055,2.627,21808.0,3638852.0,0.56,0.9055,,60382.7,KXBTC15M-26JUL012300-00,2026-07-02T02:45:00+00:00,2026-07-02T03:00:00+00:00
2026-07-02T03:03:33.456356+00:00,BUY NO (DOWN),NO,-21.98,0.9475,3.241,-53347.0,-346243.0,0.6699999999999999,0.9475,,60408.01,KXBTC15M-26JUL012315-15,2026-07-02T03:00:00+00:00,2026-07-02T03:15:00+00:00
2026-07-02T03:03:43.660855+00:00,BUY NO (DOWN),NO,-21.1,0.9422,3.147,-70348.0,-297206.0,0.64,0.9422,,60408.88,KXBTC15M-26JUL012315-15,2026-07-02T03:00:00+00:00,2026-07-02T03:15:00+00:00
2026-07-02T03:11:02.061156+00:00,BUY NO (DOWN),NO,-21.13,1.0,9.436,-180898.0,-1309759.0,0.78,1.0,,60408.87,KXBTC15M-26JUL012315-15,2026-07-02T03:00:00+00:00,2026-07-02T03:15:00+00:00
2026-07-02T03:18:01.827276+00:00,BUY NO (DOWN),NO,-62.72,1.0,7.831,-45654.0,796933.0,0.77,1.0,,60422.01,KXBTC15M-26JUL012330-30,2026-07-02T03:15:00+00:00,2026-07-02T03:30:00+00:00
2026-07-02T03:22:21.456269+00:00,BUY NO (DOWN),NO,-142.41,1.0,23.458,-109270.0,-619462.0,0.9390000000000001,1.0,,60342.32,KXBTC15M-26JUL012330-30,2026-07-02T03:15:00+00:00,2026-07-02T03:30:00+00:00
2026-07-02T03:22:33.391198+00:00,BUY NO (DOWN),NO,-156.72,1.0,26.586,-83189.0,-603344.0,0.949,1.0,,60332.0,KXBTC15M-26JUL012330-30,2026-07-02T03:15:00+00:00,2026-07-02T03:30:00+00:00
2026-07-02T03:48:00.486000+00:00,BUY NO (DOWN),NO,-36.46,0.9888,4.566,81660.0,621575.0,0.56,0.9888,,60778.0,KXBTC15M-26JUL020000-00,2026-07-02T03:45:00+00:00,2026-07-02T04:00:00+00:00
2026-07-02T04:03:01.486845+00:00,BUY NO (DOWN),NO,-40.0,0.947,3.234,652630.0,976124.0,0.53,0.947,,61010.0,KXBTC15M-26JUL020015-15,2026-07-02T04:00:00+00:00,2026-07-02T04:15:00+00:00
2026-07-02T04:09:06.595783+00:00,BUY NO (DOWN),NO,-172.18,1.0,34.695,-69726.0,-75857.0,0.947,1.0,,60885.82,KXBTC15M-26JUL020015-15,2026-07-02T04:00:00+00:00,2026-07-02T04:15:00+00:00
2026-07-02T04:18:56.149279+00:00,BUY NO (DOWN),NO,-23.03,0.9339,3.011,-24372.0,45354.0,0.65,0.9339,,60918.0,KXBTC15M-26JUL020030-30,2026-07-02T04:15:00+00:00,2026-07-02T04:30:00+00:00
2026-07-02T04:21:11.851664+00:00,BUY NO (DOWN),NO,-28.39,0.9902,4.671,46076.0,267223.0,0.62,0.9902,,60912.65,KXBTC15M-26JUL020030-30,2026-07-02T04:15:00+00:00,2026-07-02T04:30:00+00:00
2026-07-02T04:22:16.180077+00:00,BUY NO (DOWN),NO,-20.73,0.984,4.289,-10985.0,-204042.0,0.6799999999999999,0.984,,60914.63,KXBTC15M-26JUL020030-30,2026-07-02T04:15:00+00:00,2026-07-02T04:30:00+00:00
2026-07-02T04:22:28.573522+00:00,BUY NO (DOWN),NO,-24.17,0.9924,4.855,-188540.0,-428880.0,0.6,0.9924,,60916.87,KXBTC15M-26JUL020030-30,2026-07-02T04:15:00+00:00,2026-07-02T04:30:00+00:00
2026-07-02T04:25:41.258253+00:00,BUY NO (DOWN),NO,-84.62,1.0,23.295,55255.0,-3387945.0,0.95,1.0,,60856.42,KXBTC15M-26JUL020030-30,2026-07-02T04:15:00+00:00,2026-07-02T04:30:00+00:00
2026-07-02T04:25:51.381318+00:00,BUY NO (DOWN),NO,-73.04,1.0,21.109,129596.0,-3454323.0,0.9339999999999999,1.0,,60868.0,KXBTC15M-26JUL020030-30,2026-07-02T04:15:00+00:00,2026-07-02T04:30:00+00:00
2026-07-02T04:33:01.458524+00:00,BUY NO (DOWN),NO,-68.99,1.0,7.996,-4443865.0,-5169605.0,0.72,1.0,,60782.0,KXBTC15M-26JUL020045-45,2026-07-02T04:30:00+00:00,2026-07-02T04:45:00+00:00
2026-07-02T04:42:08.164775+00:00,BUY NO (DOWN),NO,-75.98,1.0,34.037,36113.0,-95222.0,0.948,1.0,,60775.02,KXBTC15M-26JUL020045-45,2026-07-02T04:30:00+00:00,2026-07-02T04:45:00+00:00
2026-07-02T04:42:14.656364+00:00,BUY NO (DOWN),NO,-75.43,1.0,35.19,37450.0,25447.0,0.947,1.0,,60775.56,KXBTC15M-26JUL020045-45,2026-07-02T04:30:00+00:00,2026-07-02T04:45:00+00:00
2026-07-02T04:42:29.262355+00:00,BUY NO (DOWN),NO,-72.48,1.0,36.975,4411.0,49448.0,0.95,1.0,,60778.5,KXBTC15M-26JUL020045-45,2026-07-02T04:30:00+00:00,2026-07-02T04:45:00+00:00
2026-07-02T05:03:00.516870+00:00,BUY NO (DOWN),NO,-110.55,1.0,11.671,39300.0,-320437.0,0.86,1.0,,60677.43,KXBTC15M-26JUL020115-15,2026-07-02T05:00:00+00:00,2026-07-02T05:15:00+00:00
2026-07-02T05:18:00.740027+00:00,BUY NO (DOWN),NO,-32.15,0.938,3.077,-196485.0,-4237690.0,0.55,0.938,,60844.0,KXBTC15M-26JUL020130-30,2026-07-02T05:15:00+00:00,2026-07-02T05:30:00+00:00
2026-07-02T05:20:04.867855+00:00,BUY NO (DOWN),NO,-21.99,0.9298,2.948,-55495.0,-8781753.0,0.54,0.9298,,60848.01,KXBTC15M-26JUL020130-30,2026-07-02T05:15:00+00:00,2026-07-02T05:30:00+00:00
2026-07-02T05:23:03.687658+00:00,BUY NO (DOWN),NO,-29.99,0.9952,5.178,143904.0,69789.0,0.61,0.9952,,60836.01,KXBTC15M-26JUL020130-30,2026-07-02T05:15:00+00:00,2026-07-02T05:30:00+00:00
2026-07-02T05:26:35.322658+00:00,BUY NO (DOWN),NO,-102.0,1.0,35.438,-20317.0,-130259.0,0.944,1.0,,60767.99,KXBTC15M-26JUL020130-30,2026-07-02T05:15:00+00:00,2026-07-02T05:30:00+00:00
2026-07-02T05:38:29.873745+00:00,BUY NO (DOWN),NO,-31.63,0.9883,4.535,-357261.0,-541393.0,0.52,0.9883,,60698.08,KXBTC15M-26JUL020145-45,2026-07-02T05:30:00+00:00,2026-07-02T05:45:00+00:00
2026-07-02T05:48:00.406874+00:00,BUY NO (DOWN),NO,-49.8,0.9919,4.813,168679.0,-371319.0,0.75,0.9919,,60560.0,KXBTC15M-26JUL020200-00,2026-07-02T05:45:00+00:00,2026-07-02T06:00:00+00:00
2026-07-02T05:56:05.439187+00:00,BUY NO (DOWN),NO,-54.8,1.0,23.005,-68769.0,373795.0,0.947,1.0,,60559.99,KXBTC15M-26JUL020200-00,2026-07-02T05:45:00+00:00,2026-07-02T06:00:00+00:00
2026-07-02T06:03:22.921700+00:00,BUY NO (DOWN),NO,-21.0,0.9591,3.48,-35489.0,-710361.0,0.61,0.9591,,60485.98,KXBTC15M-26JUL020215-15,2026-07-02T06:00:00+00:00,2026-07-02T06:15:00+00:00
2026-07-02T06:06:02.824774+00:00,BUY NO (DOWN),NO,-20.97,0.9473,3.238,81801.0,-631751.0,0.63,0.9473,,60488.89,KXBTC15M-26JUL020215-15,2026-07-02T06:00:00+00:00,2026-07-02T06:15:00+00:00
2026-07-02T06:06:23.945780+00:00,BUY NO (DOWN),NO,-26.97,0.988,4.517,-1487.0,-158970.0,0.62,0.988,,60480.0,KXBTC15M-26JUL020215-15,2026-07-02T06:00:00+00:00,2026-07-02T06:15:00+00:00
2026-07-02T06:07:13.892895+00:00,BUY NO (DOWN),NO,-22.97,0.9826,4.22,97194.0,346814.0,0.61,0.9826,,60474.31,KXBTC15M-26JUL020215-15,2026-07-02T06:00:00+00:00,2026-07-02T06:15:00+00:00
