window_start,window_end,market_slug,open_price,close_price,token_ids
2026-06-16T13:00:00+00:00,2026-06-16T13:15:00+00:00,KXBTC15M-26JUN160915-15,,,"[""KXBTC15M-26JUN160915-15:YES"", ""KXBTC15M-26JUN160915-15:NO""]"
2026-06-16T13:15:00+00:00,2026-06-16T13:30:00+00:00,KXBTC15M-26JUN160930-30,,,"[""KXBTC15M-26JUN160930-30:YES"", ""KXBTC15M-26JUN160930-30:NO""]"
2026-06-16T13:30:00+00:00,2026-06-16T13:45:00+00:00,,66031.99,,[]
2026-06-16T13:45:00+00:00,2026-06-16T14:00:00+00:00,,66128.93,,[]
2026-06-16T14:00:00+00:00,2026-06-16T14:15:00+00:00,,66058.88,,[]
2026-06-16T14:15:00+00:00,2026-06-16T14:30:00+00:00,,66029.99,,[]
2026-06-16T14:30:00+00:00,2026-06-16T14:45:00+00:00,,65553.08,,[]
2026-06-16T14:45:00+00:00,2026-06-16T15:00:00+00:00,,65696.17,,[]
2026-06-16T15:00:00+00:00,2026-06-16T15:15:00+00:00,KXBTC15M-26JUN161115-15,,,"[""KXBTC15M-26JUN161115-15:YES"", ""KXBTC15M-26JUN161115-15:NO""]"
2026-06-16T15:15:00+00:00,2026-06-16T15:30:00+00:00,KXBTC15M-26JUN161130-30,,,"[""KXBTC15M-26JUN161130-30:YES"", ""KXBTC15M-26JUN161130-30:NO""]"
2026-06-16T15:30:00+00:00,2026-06-16T15:45:00+00:00,,65826.0,,[]
2026-06-16T15:45:00+00:00,2026-06-16T16:00:00+00:00,,65846.0,,[]
2026-06-16T16:00:00+00:00,2026-06-16T16:15:00+00:00,,65859.76,,[]
2026-06-16T16:15:00+00:00,2026-06-16T16:30:00+00:00,,65776.02,,[]
2026-06-16T16:30:00+00:00,2026-06-16T16:45:00+00:00,,65786.0,,[]
2026-06-16T16:45:00+00:00,2026-06-16T17:00:00+00:00,,65815.99,,[]
2026-06-16T17:00:00+00:00,2026-06-16T17:15:00+00:00,,65766.0,,[]
2026-06-16T17:15:00+00:00,2026-06-16T17:30:00+00:00,,65792.9,,[]
2026-06-16T17:30:00+00:00,2026-06-16T17:45:00+00:00,,65730.0,,[]
2026-06-16T17:45:00+00:00,2026-06-16T18:00:00+00:00,,65750.93,,[]
2026-06-16T18:00:00+00:00,2026-06-16T18:15:00+00:00,,65973.37,,[]
2026-06-16T18:15:00+00:00,2026-06-16T18:30:00+00:00,,66136.0,,[]
2026-06-16T18:30:00+00:00,2026-06-16T18:45:00+00:00,,65911.49,,[]
2026-06-16T18:45:00+00:00,2026-06-16T19:00:00+00:00,,65853.99,,[]
2026-06-16T19:00:00+00:00,2026-06-16T19:15:00+00:00,,65838.0,,[]
2026-06-16T19:15:00+00:00,2026-06-16T19:30:00+00:00,,65650.31,,[]
2026-06-16T19:30:00+00:00,2026-06-16T19:45:00+00:00,,65716.0,,[]
2026-06-16T19:45:00+00:00,2026-06-16T20:00:00+00:00,KXBTC15M-26JUN161600-00,65672.01,,"[""KXBTC15M-26JUN161600-00:YES"", ""KXBTC15M-26JUN161600-00:NO""]"
2026-06-16T20:00:00+00:00,2026-06-16T20:15:00+00:00,,65634.01,,[]
2026-06-16T20:15:00+00:00,2026-06-16T20:30:00+00:00,KXBTC15M-26JUN161630-30,,,"[""KXBTC15M-26JUN161630-30:YES"", ""KXBTC15M-26JUN161630-30:NO""]"
2026-06-16T20:30:00+00:00,2026-06-16T20:45:00+00:00,,65721.39,,[]
2026-06-16T20:45:00+00:00,2026-06-16T21:00:00+00:00,,65844.0,,[]
2026-06-16T21:00:00+00:00,2026-06-16T21:15:00+00:00,,65854.0,,[]
2026-06-16T21:15:00+00:00,2026-06-16T21:30:00+00:00,,65918.0,,[]
2026-06-16T21:30:00+00:00,2026-06-16T21:45:00+00:00,,65728.01,,[]
2026-06-16T21:45:00+00:00,2026-06-16T22:00:00+00:00,,65735.77,,[]
2026-06-16T22:00:00+00:00,2026-06-16T22:15:00+00:00,,65776.97,,[]
2026-06-16T22:15:00+00:00,2026-06-16T22:30:00+00:00,,65842.01,,[]
2026-06-16T22:30:00+00:00,2026-06-16T22:45:00+00:00,,65770.48,,[]
2026-06-16T22:45:00+00:00,2026-06-16T23:00:00+00:00,,65720.64,,[]
2026-06-16T23:00:00+00:00,2026-06-16T23:15:00+00:00,,65780.01,,[]
2026-06-16T23:15:00+00:00,2026-06-16T23:30:00+00:00,,65762.93,,[]
2026-06-16T23:30:00+00:00,2026-06-16T23:45:00+00:00,,65732.0,,[]
2026-06-16T23:45:00+00:00,2026-06-17T00:00:00+00:00,,65701.14,,[]
2026-06-17T00:00:00+00:00,2026-06-17T00:15:00+00:00,,65694.47,,[]
2026-06-17T00:15:00+00:00,2026-06-17T00:30:00+00:00,,65755.99,,[]
2026-06-17T00:30:00+00:00,2026-06-17T00:45:00+00:00,,65725.95,,[]
2026-06-17T00:45:00+00:00,2026-06-17T01:00:00+00:00,,65833.99,,[]
2026-06-17T01:00:00+00:00,2026-06-17T01:15:00+00:00,,65719.96,,[]
2026-06-17T01:15:00+00:00,2026-06-17T01:30:00+00:00,,65805.28,,[]
2026-06-17T01:30:00+00:00,2026-06-17T01:45:00+00:00,,65585.74,,[]
2026-06-17T01:45:00+00:00,2026-06-17T02:00:00+00:00,,65766.34,,[]
2026-06-17T02:00:00+00:00,2026-06-17T02:15:00+00:00,,65940.0,,[]
2026-06-17T02:15:00+00:00,2026-06-17T02:30:00+00:00,,65905.22,,[]
2026-06-17T02:30:00+00:00,2026-06-17T02:45:00+00:00,,66106.0,,[]
2026-06-17T02:45:00+00:00,2026-06-17T03:00:00+00:00,,65858.05,,[]
2026-06-17T03:00:00+00:00,2026-06-17T03:15:00+00:00,,65904.0,,[]
2026-06-17T03:15:00+00:00,2026-06-17T03:30:00+00:00,,65820.01,,[]
2026-06-17T03:30:00+00:00,2026-06-17T03:45:00+00:00,,65780.01,,[]
2026-06-17T03:45:00+00:00,2026-06-17T04:00:00+00:00,,65797.98,,[]
2026-06-17T04:00:00+00:00,2026-06-17T04:15:00+00:00,,65856.0,,[]
2026-06-17T04:15:00+00:00,2026-06-17T04:30:00+00:00,,65839.34,,[]
2026-06-17T04:30:00+00:00,2026-06-17T04:45:00+00:00,,65906.95,,[]
2026-06-17T04:45:00+00:00,2026-06-17T05:00:00+00:00,,65927.99,,[]
2026-06-17T05:00:00+00:00,2026-06-17T05:15:00+00:00,,65892.01,,[]
2026-06-17T05:15:00+00:00,2026-06-17T05:30:00+00:00,,65800.53,,[]
2026-06-17T05:30:00+00:00,2026-06-17T05:45:00+00:00,,65856.0,,[]
2026-06-17T05:45:00+00:00,2026-06-17T06:00:00+00:00,,65906.01,,[]
2026-06-17T06:00:00+00:00,2026-06-17T06:15:00+00:00,,65836.31,,[]
2026-06-17T06:15:00+00:00,2026-06-17T06:30:00+00:00,,65854.0,,[]
2026-06-17T06:30:00+00:00,2026-06-17T06:45:00+00:00,,65650.01,,[]
2026-06-17T06:45:00+00:00,2026-06-17T07:00:00+00:00,,65641.99,,[]
2026-06-17T07:00:00+00:00,2026-06-17T07:15:00+00:00,,65624.01,,[]
2026-06-17T07:15:00+00:00,2026-06-17T07:30:00+00:00,,65687.99,,[]
2026-06-17T07:30:00+00:00,2026-06-17T07:45:00+00:00,,65555.79,,[]
2026-06-17T07:45:00+00:00,2026-06-17T08:00:00+00:00,,65527.78,,[]
2026-06-17T08:00:00+00:00,2026-06-17T08:15:00+00:00,,65539.51,,[]
2026-06-17T08:15:00+00:00,2026-06-17T08:30:00+00:00,,65340.51,,[]
2026-06-17T08:30:00+00:00,2026-06-17T08:45:00+00:00,,65330.0,,[]
2026-06-17T08:45:00+00:00,2026-06-17T09:00:00+00:00,,64920.01,,[]
2026-06-17T09:00:00+00:00,2026-06-17T09:15:00+00:00,,64926.01,,[]
2026-06-17T09:15:00+00:00,2026-06-17T09:30:00+00:00,,64975.99,,[]
2026-06-17T09:30:00+00:00,2026-06-17T09:45:00+00:00,,65045.99,,[]
2026-06-17T09:45:00+00:00,2026-06-17T10:00:00+00:00,,64947.74,,[]
2026-06-17T10:00:00+00:00,2026-06-17T10:15:00+00:00,,64909.43,,[]
2026-06-17T10:15:00+00:00,2026-06-17T10:30:00+00:00,,64879.98,,[]
2026-06-17T10:30:00+00:00,2026-06-17T10:45:00+00:00,,64936.01,,[]
2026-06-17T10:45:00+00:00,2026-06-17T11:00:00+00:00,KXBTC15M-26JUN170700-00,64922.01,,"[""KXBTC15M-26JUN170700-00:YES"", ""KXBTC15M-26JUN170700-00:NO""]"
2026-06-17T11:00:00+00:00,2026-06-17T11:15:00+00:00,,64804.99,,[]
2026-06-17T11:15:00+00:00,2026-06-17T11:30:00+00:00,,64598.01,,[]
2026-06-17T11:30:00+00:00,2026-06-17T11:45:00+00:00,,64704.91,,[]
2026-06-17T11:45:00+00:00,2026-06-17T12:00:00+00:00,,64790.72,,[]
2026-06-17T12:00:00+00:00,2026-06-17T12:15:00+00:00,,64810.01,,[]
2026-06-17T12:15:00+00:00,2026-06-17T12:30:00+00:00,,64850.18,,[]
2026-06-17T12:30:00+00:00,2026-06-17T12:45:00+00:00,,64674.01,,[]
2026-06-17T12:45:00+00:00,2026-06-17T13:00:00+00:00,,64924.51,,[]
2026-06-17T13:00:00+00:00,2026-06-17T13:15:00+00:00,,65036.68,,[]
2026-06-17T13:15:00+00:00,2026-06-17T13:30:00+00:00,,65080.0,,[]
2026-06-17T13:30:00+00:00,2026-06-17T13:45:00+00:00,,64889.28,,[]
2026-06-17T13:45:00+00:00,2026-06-17T14:00:00+00:00,,65268.49,,[]
2026-06-17T14:00:00+00:00,2026-06-17T14:15:00+00:00,,65276.4,,[]
2026-06-17T14:15:00+00:00,2026-06-17T14:30:00+00:00,,65355.99,,[]
2026-06-17T14:30:00+00:00,2026-06-17T14:45:00+00:00,,65267.99,,[]
2026-06-17T14:45:00+00:00,2026-06-17T15:00:00+00:00,,65106.01,,[]
2026-06-17T15:00:00+00:00,2026-06-17T15:15:00+00:00,,65113.99,,[]
2026-06-17T15:15:00+00:00,2026-06-17T15:30:00+00:00,,65219.27,,[]
2026-06-17T15:30:00+00:00,2026-06-17T15:45:00+00:00,,65346.0,,[]
2026-06-17T15:45:00+00:00,2026-06-17T16:00:00+00:00,,65501.99,,[]
2026-06-17T16:00:00+00:00,2026-06-17T16:15:00+00:00,,65752.0,,[]
2026-06-17T16:15:00+00:00,2026-06-17T16:30:00+00:00,,65849.99,,[]
2026-06-17T16:30:00+00:00,2026-06-17T16:45:00+00:00,,66267.31,,[]
2026-06-17T16:45:00+00:00,2026-06-17T17:00:00+00:00,,65966.81,,[]
2026-06-17T17:00:00+00:00,2026-06-17T17:15:00+00:00,,65877.57,,[]
2026-06-17T17:15:00+00:00,2026-06-17T17:30:00+00:00,,65867.33,,[]
2026-06-17T17:30:00+00:00,2026-06-17T17:45:00+00:00,,65980.0,,[]
2026-06-17T17:45:00+00:00,2026-06-17T18:00:00+00:00,,65858.66,,[]
2026-06-17T18:00:00+00:00,2026-06-17T18:15:00+00:00,,66098.69,,[]
2026-06-17T18:15:00+00:00,2026-06-17T18:30:00+00:00,,65301.51,,[]
2026-06-17T18:30:00+00:00,2026-06-17T18:45:00+00:00,,65400.0,,[]
2026-06-17T18:45:00+00:00,2026-06-17T19:00:00+00:00,,66004.82,,[]
2026-06-17T19:00:00+00:00,2026-06-17T19:15:00+00:00,,65519.12,,[]
2026-06-17T19:15:00+00:00,2026-06-17T19:30:00+00:00,,65380.01,,[]
2026-06-17T19:30:00+00:00,2026-06-17T19:45:00+00:00,,64505.4,,[]
2026-06-17T19:45:00+00:00,2026-06-17T20:00:00+00:00,,64188.22,,[]
2026-06-17T20:00:00+00:00,2026-06-17T20:15:00+00:00,,64282.96,,[]
2026-06-17T20:15:00+00:00,2026-06-17T20:30:00+00:00,,64231.64,,[]
2026-06-17T20:30:00+00:00,2026-06-17T20:45:00+00:00,,64366.01,,[]
2026-06-17T20:45:00+00:00,2026-06-17T21:00:00+00:00,,64222.96,,[]
2026-06-17T21:00:00+00:00,2026-06-17T21:15:00+00:00,,64437.99,,[]
2026-06-17T21:15:00+00:00,2026-06-17T21:30:00+00:00,,64316.1,,[]
2026-06-17T21:30:00+00:00,2026-06-17T21:45:00+00:00,,64266.01,,[]
2026-06-17T21:45:00+00:00,2026-06-17T22:00:00+00:00,,64182.0,,[]
2026-06-17T22:00:00+00:00,2026-06-17T22:15:00+00:00,,64244.01,,[]
2026-06-17T22:15:00+00:00,2026-06-17T22:30:00+00:00,,64101.09,,[]
2026-06-17T22:30:00+00:00,2026-06-17T22:45:00+00:00,,64362.52,,[]
2026-06-17T22:45:00+00:00,2026-06-17T23:00:00+00:00,,64266.0,,[]
2026-06-17T23:00:00+00:00,2026-06-17T23:15:00+00:00,,64300.01,,[]
2026-06-17T23:15:00+00:00,2026-06-17T23:30:00+00:00,,64324.0,,[]
2026-06-17T23:30:00+00:00,2026-06-17T23:45:00+00:00,,64496.0,,[]
2026-06-17T23:45:00+00:00,2026-06-18T00:00:00+00:00,,64427.21,,[]
2026-06-18T00:00:00+00:00,2026-06-18T00:15:00+00:00,,64518.87,,[]
2026-06-18T00:15:00+00:00,2026-06-18T00:30:00+00:00,,64640.7,,[]
2026-06-18T00:30:00+00:00,2026-06-18T00:45:00+00:00,,64595.78,,[]
2026-06-18T00:45:00+00:00,2026-06-18T01:00:00+00:00,,64595.99,,[]
2026-06-18T01:00:00+00:00,2026-06-18T01:15:00+00:00,,64466.3,,[]
2026-06-18T01:15:00+00:00,2026-06-18T01:30:00+00:00,,64737.99,,[]
2026-06-18T01:30:00+00:00,2026-06-18T01:45:00+00:00,,64674.0,,[]
2026-06-18T01:45:00+00:00,2026-06-18T02:00:00+00:00,,64614.84,,[]
2026-06-18T02:00:00+00:00,2026-06-18T02:15:00+00:00,,64573.99,,[]
2026-06-18T02:15:00+00:00,2026-06-18T02:30:00+00:00,,64559.29,,[]
2026-06-18T02:30:00+00:00,2026-06-18T02:45:00+00:00,,64715.99,,[]
2026-06-18T02:45:00+00:00,2026-06-18T03:00:00+00:00,,64759.98,,[]
2026-06-18T03:00:00+00:00,2026-06-18T03:15:00+00:00,,64671.16,,[]
2026-06-18T03:15:00+00:00,2026-06-18T03:30:00+00:00,,64525.43,,[]
2026-06-18T03:30:00+00:00,2026-06-18T03:45:00+00:00,,64317.45,,[]
2026-06-18T03:45:00+00:00,2026-06-18T04:00:00+00:00,,64314.87,,[]
2026-06-18T04:00:00+00:00,2026-06-18T04:15:00+00:00,,64286.78,,[]
2026-06-18T04:15:00+00:00,2026-06-18T04:30:00+00:00,,63978.0,,[]
2026-06-18T04:30:00+00:00,2026-06-18T04:45:00+00:00,,63954.8,,[]
2026-06-18T04:45:00+00:00,2026-06-18T05:00:00+00:00,,63884.0,,[]
2026-06-18T05:00:00+00:00,2026-06-18T05:15:00+00:00,,63882.0,,[]
2026-06-18T05:15:00+00:00,2026-06-18T05:30:00+00:00,,63921.27,,[]
2026-06-18T05:30:00+00:00,2026-06-18T05:45:00+00:00,,63931.33,,[]
2026-06-18T05:45:00+00:00,2026-06-18T06:00:00+00:00,,63927.25,,[]
2026-06-18T06:00:00+00:00,2026-06-18T06:15:00+00:00,,63992.01,,[]
2026-06-18T06:15:00+00:00,2026-06-18T06:30:00+00:00,,63964.0,,[]
2026-06-18T06:30:00+00:00,2026-06-18T06:45:00+00:00,,63979.99,,[]
2026-06-18T06:45:00+00:00,2026-06-18T07:00:00+00:00,,64099.86,,[]
2026-06-18T07:00:00+00:00,2026-06-18T07:15:00+00:00,,64096.23,,[]
2026-06-18T07:15:00+00:00,2026-06-18T07:30:00+00:00,,64083.06,,[]
2026-06-18T07:30:00+00:00,2026-06-18T07:45:00+00:00,,64304.59,,[]
2026-06-18T07:45:00+00:00,2026-06-18T08:00:00+00:00,,64438.09,,[]
2026-06-18T08:00:00+00:00,2026-06-18T08:15:00+00:00,,64510.44,,[]
2026-06-18T08:15:00+00:00,2026-06-18T08:30:00+00:00,,64539.99,,[]
2026-06-18T08:30:00+00:00,2026-06-18T08:45:00+00:00,,64578.0,,[]
2026-06-18T08:45:00+00:00,2026-06-18T09:00:00+00:00,,64517.0,,[]
2026-06-18T09:00:00+00:00,2026-06-18T09:15:00+00:00,,64399.93,,[]
2026-06-18T09:15:00+00:00,2026-06-18T09:30:00+00:00,,64390.31,,[]
2026-06-18T09:30:00+00:00,2026-06-18T09:45:00+00:00,,64245.81,,[]
2026-06-18T09:45:00+00:00,2026-06-18T10:00:00+00:00,,64282.66,,[]
2026-06-18T10:00:00+00:00,2026-06-18T10:15:00+00:00,,64199.53,,[]
2026-06-18T10:15:00+00:00,2026-06-18T10:30:00+00:00,,64009.98,,[]
2026-06-18T10:30:00+00:00,2026-06-18T10:45:00+00:00,,63965.48,,[]
2026-06-18T10:45:00+00:00,2026-06-18T11:00:00+00:00,,64000.82,,[]
2026-06-18T11:00:00+00:00,2026-06-18T11:15:00+00:00,,64081.99,,[]
2026-06-18T11:15:00+00:00,2026-06-18T11:30:00+00:00,,64044.0,,[]
2026-06-18T11:30:00+00:00,2026-06-18T11:45:00+00:00,,64080.0,,[]
2026-06-18T11:45:00+00:00,2026-06-18T12:00:00+00:00,,63969.99,,[]
2026-06-18T12:00:00+00:00,2026-06-18T12:15:00+00:00,,63974.4,,[]
2026-06-18T12:15:00+00:00,2026-06-18T12:30:00+00:00,,64007.99,,[]
2026-06-18T12:30:00+00:00,2026-06-18T12:45:00+00:00,,64235.28,,[]
2026-06-18T12:45:00+00:00,2026-06-18T13:00:00+00:00,,64257.2,,[]
2026-06-18T13:00:00+00:00,2026-06-18T13:15:00+00:00,,64378.06,,[]
2026-06-18T13:15:00+00:00,2026-06-18T13:30:00+00:00,,64395.44,,[]
2026-06-18T13:30:00+00:00,2026-06-18T13:45:00+00:00,,64328.3,,[]
2026-06-18T13:45:00+00:00,2026-06-18T14:00:00+00:00,,63885.67,,[]
2026-06-18T14:00:00+00:00,2026-06-18T14:15:00+00:00,,63984.0,,[]
2026-06-18T14:15:00+00:00,2026-06-18T14:30:00+00:00,,63780.0,,[]
2026-06-18T14:30:00+00:00,2026-06-18T14:45:00+00:00,,63812.02,,[]
2026-06-18T14:45:00+00:00,2026-06-18T15:00:00+00:00,,63872.01,,[]
2026-06-18T15:00:00+00:00,2026-06-18T15:15:00+00:00,,63814.54,,[]
2026-06-18T15:15:00+00:00,2026-06-18T15:30:00+00:00,,63560.01,,[]
2026-06-18T15:30:00+00:00,2026-06-18T15:45:00+00:00,,63223.92,,[]
2026-06-18T15:45:00+00:00,2026-06-18T16:00:00+00:00,,62786.0,,[]
2026-06-18T16:00:00+00:00,2026-06-18T16:15:00+00:00,,62352.55,,[]
2026-06-18T16:15:00+00:00,2026-06-18T16:30:00+00:00,,62636.0,,[]
2026-06-18T16:30:00+00:00,2026-06-18T16:45:00+00:00,,62597.51,,[]
2026-06-18T16:45:00+00:00,2026-06-18T17:00:00+00:00,,62731.99,,[]
2026-06-18T17:00:00+00:00,2026-06-18T17:15:00+00:00,,62706.1,,[]
2026-06-18T17:15:00+00:00,2026-06-18T17:30:00+00:00,,62492.55,,[]
2026-06-18T17:30:00+00:00,2026-06-18T17:45:00+00:00,,62594.0,,[]
2026-06-18T17:45:00+00:00,2026-06-18T18:00:00+00:00,,62644.01,,[]
2026-06-18T18:00:00+00:00,2026-06-18T18:15:00+00:00,,62610.89,,[]
2026-06-18T18:15:00+00:00,2026-06-18T18:30:00+00:00,,62698.0,,[]
2026-06-18T18:30:00+00:00,2026-06-18T18:45:00+00:00,,62842.0,,[]
2026-06-18T18:45:00+00:00,2026-06-18T19:00:00+00:00,,62781.99,,[]
2026-06-18T19:00:00+00:00,2026-06-18T19:15:00+00:00,,62711.96,,[]
2026-06-18T19:15:00+00:00,2026-06-18T19:30:00+00:00,,62674.01,,[]
2026-06-18T19:30:00+00:00,2026-06-18T19:45:00+00:00,,62787.99,,[]
2026-06-18T19:45:00+00:00,2026-06-18T20:00:00+00:00,,62986.6,,[]
2026-06-18T20:00:00+00:00,2026-06-18T20:15:00+00:00,,62978.88,,[]
2026-06-18T20:15:00+00:00,2026-06-18T20:30:00+00:00,,63158.0,,[]
2026-06-18T20:30:00+00:00,2026-06-18T20:45:00+00:00,,63118.01,,[]
2026-06-18T20:45:00+00:00,2026-06-18T21:00:00+00:00,,63133.91,,[]
2026-06-18T21:00:00+00:00,2026-06-18T21:15:00+00:00,,63086.0,,[]
2026-06-18T21:15:00+00:00,2026-06-18T21:30:00+00:00,,62910.54,,[]
2026-06-18T21:30:00+00:00,2026-06-18T21:45:00+00:00,,62958.01,,[]
2026-06-18T21:45:00+00:00,2026-06-18T22:00:00+00:00,,62914.0,,[]
2026-06-18T22:00:00+00:00,2026-06-18T22:15:00+00:00,,62952.0,,[]
2026-06-18T22:15:00+00:00,2026-06-18T22:30:00+00:00,,62921.36,,[]
2026-06-18T22:30:00+00:00,2026-06-18T22:45:00+00:00,,62838.09,,[]
2026-06-18T22:45:00+00:00,2026-06-18T23:00:00+00:00,,62812.28,,[]
2026-06-18T23:00:00+00:00,2026-06-18T23:15:00+00:00,,62885.85,,[]
2026-06-18T23:15:00+00:00,2026-06-18T23:30:00+00:00,,62765.06,,[]
2026-06-18T23:30:00+00:00,2026-06-18T23:45:00+00:00,,62890.0,,[]
2026-06-18T23:45:00+00:00,2026-06-19T00:00:00+00:00,,62914.42,,[]
2026-06-19T00:00:00+00:00,2026-06-19T00:15:00+00:00,,62959.58,,[]
2026-06-19T00:15:00+00:00,2026-06-19T00:30:00+00:00,,62864.0,,[]
2026-06-19T00:30:00+00:00,2026-06-19T00:45:00+00:00,,62975.48,,[]
2026-06-19T00:45:00+00:00,2026-06-19T01:00:00+00:00,,63057.99,,[]
2026-06-19T01:00:00+00:00,2026-06-19T01:15:00+00:00,,63021.99,,[]
2026-06-19T01:15:00+00:00,2026-06-19T01:30:00+00:00,,62980.0,,[]
2026-06-19T01:30:00+00:00,2026-06-19T01:45:00+00:00,,62933.99,,[]
2026-06-19T01:45:00+00:00,2026-06-19T02:00:00+00:00,,62916.6,,[]
2026-06-19T02:00:00+00:00,2026-06-19T02:15:00+00:00,,63022.02,,[]
2026-06-19T02:15:00+00:00,2026-06-19T02:30:00+00:00,,63025.19,,[]
2026-06-19T02:30:00+00:00,2026-06-19T02:45:00+00:00,,62956.08,,[]
2026-06-19T02:45:00+00:00,2026-06-19T03:00:00+00:00,,62944.71,,[]
2026-06-19T03:00:00+00:00,2026-06-19T03:15:00+00:00,,63006.01,,[]
2026-06-19T03:15:00+00:00,2026-06-19T03:30:00+00:00,,62735.43,,[]
2026-06-19T03:30:00+00:00,2026-06-19T03:45:00+00:00,,62822.01,,[]
2026-06-19T03:45:00+00:00,2026-06-19T04:00:00+00:00,,62697.87,,[]
2026-06-19T04:00:00+00:00,2026-06-19T04:15:00+00:00,,62773.51,,[]
2026-06-19T04:15:00+00:00,2026-06-19T04:30:00+00:00,,62870.0,,[]
2026-06-19T04:30:00+00:00,2026-06-19T04:45:00+00:00,,62732.01,,[]
2026-06-19T04:45:00+00:00,2026-06-19T05:00:00+00:00,,62607.69,,[]
2026-06-19T05:00:00+00:00,2026-06-19T05:15:00+00:00,,62454.0,,[]
2026-06-19T05:15:00+00:00,2026-06-19T05:30:00+00:00,,62669.99,,[]
2026-06-19T05:30:00+00:00,2026-06-19T05:45:00+00:00,,62615.99,,[]
2026-06-19T05:45:00+00:00,2026-06-19T06:00:00+00:00,,62651.99,,[]
2026-06-19T06:00:00+00:00,2026-06-19T06:15:00+00:00,,62739.21,,[]
2026-06-19T06:15:00+00:00,2026-06-19T06:30:00+00:00,,62849.99,,[]
2026-06-19T06:30:00+00:00,2026-06-19T06:45:00+00:00,,62839.37,,[]
2026-06-19T06:45:00+00:00,2026-06-19T07:00:00+00:00,,62824.0,,[]
2026-06-19T07:00:00+00:00,2026-06-19T07:15:00+00:00,,62892.91,,[]
2026-06-19T07:15:00+00:00,2026-06-19T07:30:00+00:00,,62777.01,,[]
2026-06-19T07:30:00+00:00,2026-06-19T07:45:00+00:00,,62754.0,,[]
2026-06-19T07:45:00+00:00,2026-06-19T08:00:00+00:00,,62543.98,,[]
2026-06-19T08:00:00+00:00,2026-06-19T08:15:00+00:00,,62632.0,,[]
2026-06-19T08:15:00+00:00,2026-06-19T08:30:00+00:00,,62666.01,,[]
2026-06-19T08:30:00+00:00,2026-06-19T08:45:00+00:00,,62679.4,,[]
2026-06-19T08:45:00+00:00,2026-06-19T09:00:00+00:00,,62660.27,,[]
2026-06-19T09:00:00+00:00,2026-06-19T09:15:00+00:00,,62606.0,,[]
2026-06-19T09:15:00+00:00,2026-06-19T09:30:00+00:00,,62432.55,,[]
2026-06-19T09:30:00+00:00,2026-06-19T09:45:00+00:00,,62383.67,,[]
2026-06-19T09:45:00+00:00,2026-06-19T10:00:00+00:00,,62418.29,,[]
2026-06-19T10:00:00+00:00,2026-06-19T10:15:00+00:00,,62388.04,,[]
2026-06-19T10:15:00+00:00,2026-06-19T10:30:00+00:00,,62541.74,,[]
2026-06-19T10:30:00+00:00,2026-06-19T10:45:00+00:00,,62502.01,,[]
2026-06-19T10:45:00+00:00,2026-06-19T11:00:00+00:00,,62406.28,,[]
2026-06-19T11:00:00+00:00,2026-06-19T11:15:00+00:00,,62533.24,,[]
2026-06-19T11:15:00+00:00,2026-06-19T11:30:00+00:00,,62502.0,,[]
2026-06-19T11:30:00+00:00,2026-06-19T11:45:00+00:00,,62646.0,,[]
2026-06-19T11:45:00+00:00,2026-06-19T12:00:00+00:00,,62660.0,,[]
2026-06-19T12:00:00+00:00,2026-06-19T12:15:00+00:00,,62640.43,,[]
2026-06-19T12:15:00+00:00,2026-06-19T12:30:00+00:00,,62610.25,,[]
2026-06-19T12:30:00+00:00,2026-06-19T12:45:00+00:00,,62548.01,,[]
2026-06-19T12:45:00+00:00,2026-06-19T13:00:00+00:00,,62507.98,,[]
2026-06-19T13:00:00+00:00,2026-06-19T13:15:00+00:00,,62826.0,,[]
2026-06-19T13:15:00+00:00,2026-06-19T13:30:00+00:00,,62788.01,,[]
2026-06-19T13:30:00+00:00,2026-06-19T13:45:00+00:00,,62789.49,,[]
2026-06-19T13:45:00+00:00,2026-06-19T14:00:00+00:00,,63091.1,,[]
2026-06-19T14:00:00+00:00,2026-06-19T14:15:00+00:00,,63204.81,,[]
2026-06-19T14:15:00+00:00,2026-06-19T14:30:00+00:00,,63095.84,,[]
2026-06-19T14:30:00+00:00,2026-06-19T14:45:00+00:00,,63283.51,,[]
2026-06-19T14:45:00+00:00,2026-06-19T15:00:00+00:00,,63316.6,,[]
2026-06-19T15:00:00+00:00,2026-06-19T15:15:00+00:00,,63203.53,,[]
2026-06-19T15:15:00+00:00,2026-06-19T15:30:00+00:00,,63189.99,,[]
2026-06-19T15:30:00+00:00,2026-06-19T15:45:00+00:00,,63054.8,,[]
2026-06-19T15:45:00+00:00,2026-06-19T16:00:00+00:00,,63252.18,,[]
2026-06-19T16:00:00+00:00,2026-06-19T16:15:00+00:00,,63210.85,,[]
2026-06-19T16:15:00+00:00,2026-06-19T16:30:00+00:00,,63380.98,,[]
2026-06-19T16:30:00+00:00,2026-06-19T16:45:00+00:00,,63308.0,,[]
2026-06-19T16:45:00+00:00,2026-06-19T17:00:00+00:00,,63244.0,,[]
2026-06-19T17:00:00+00:00,2026-06-19T17:15:00+00:00,,62983.99,,[]
2026-06-19T17:15:00+00:00,2026-06-19T17:30:00+00:00,,63003.99,,[]
2026-06-19T17:30:00+00:00,2026-06-19T17:45:00+00:00,,62926.0,,[]
2026-06-19T17:45:00+00:00,2026-06-19T18:00:00+00:00,,63097.39,,[]
2026-06-19T18:00:00+00:00,2026-06-19T18:15:00+00:00,,63198.01,,[]
2026-06-19T18:15:00+00:00,2026-06-19T18:30:00+00:00,,63159.99,,[]
2026-06-19T18:30:00+00:00,2026-06-19T18:45:00+00:00,,63124.0,,[]
2026-06-19T18:45:00+00:00,2026-06-19T19:00:00+00:00,,63051.99,,[]
2026-06-19T19:00:00+00:00,2026-06-19T19:15:00+00:00,,63102.0,,[]
2026-06-19T19:15:00+00:00,2026-06-19T19:30:00+00:00,,63056.59,,[]
2026-06-19T19:30:00+00:00,2026-06-19T19:45:00+00:00,,62998.45,,[]
2026-06-19T19:45:00+00:00,2026-06-19T20:00:00+00:00,,62998.56,,[]
2026-06-19T20:00:00+00:00,2026-06-19T20:15:00+00:00,,63034.0,,[]
2026-06-19T20:15:00+00:00,2026-06-19T20:30:00+00:00,,63071.99,,[]
2026-06-19T20:30:00+00:00,2026-06-19T20:45:00+00:00,,63077.6,,[]
2026-06-19T20:45:00+00:00,2026-06-19T21:00:00+00:00,,63089.8,,[]
2026-06-19T21:00:00+00:00,2026-06-19T21:15:00+00:00,,63250.02,,[]
2026-06-19T21:15:00+00:00,2026-06-19T21:30:00+00:00,,63265.99,,[]
2026-06-19T21:30:00+00:00,2026-06-19T21:45:00+00:00,,63156.77,,[]
2026-06-19T21:45:00+00:00,2026-06-19T22:00:00+00:00,,63087.55,,[]
2026-06-19T22:00:00+00:00,2026-06-19T22:15:00+00:00,,63069.67,,[]
2026-06-19T22:15:00+00:00,2026-06-19T22:30:00+00:00,,63098.0,,[]
2026-06-19T22:30:00+00:00,2026-06-19T22:45:00+00:00,,63268.01,,[]
2026-06-19T22:45:00+00:00,2026-06-19T23:00:00+00:00,,63316.29,,[]
2026-06-19T23:00:00+00:00,2026-06-19T23:15:00+00:00,,63319.39,,[]
2026-06-19T23:15:00+00:00,2026-06-19T23:30:00+00:00,,63295.49,,[]
2026-06-19T23:30:00+00:00,2026-06-19T23:45:00+00:00,,63318.01,,[]
2026-06-19T23:45:00+00:00,2026-06-20T00:00:00+00:00,,63318.71,,[]
2026-06-20T00:00:00+00:00,2026-06-20T00:15:00+00:00,,63535.14,,[]
2026-06-20T00:15:00+00:00,2026-06-20T00:30:00+00:00,,63523.99,,[]
2026-06-20T00:30:00+00:00,2026-06-20T00:45:00+00:00,,63618.01,,[]
2026-06-20T00:45:00+00:00,2026-06-20T01:00:00+00:00,,63607.31,,[]
2026-06-20T01:00:00+00:00,2026-06-20T01:15:00+00:00,,63530.01,,[]
2026-06-20T01:15:00+00:00,2026-06-20T01:30:00+00:00,,63446.6,,[]
2026-06-20T01:30:00+00:00,2026-06-20T01:45:00+00:00,,63511.19,,[]
2026-06-20T01:45:00+00:00,2026-06-20T02:00:00+00:00,,63564.0,,[]
2026-06-20T02:00:00+00:00,2026-06-20T02:15:00+00:00,,63569.68,,[]
2026-06-20T02:15:00+00:00,2026-06-20T02:30:00+00:00,,63468.01,,[]
2026-06-20T02:30:00+00:00,2026-06-20T02:45:00+00:00,,63406.18,,[]
2026-06-20T02:45:00+00:00,2026-06-20T03:00:00+00:00,,63404.01,,[]
2026-06-20T03:00:00+00:00,2026-06-20T03:15:00+00:00,,63340.58,,[]
2026-06-20T03:15:00+00:00,2026-06-20T03:30:00+00:00,,63356.0,,[]
2026-06-20T03:30:00+00:00,2026-06-20T03:45:00+00:00,,63443.93,,[]
2026-06-20T03:45:00+00:00,2026-06-20T04:00:00+00:00,,63484.0,,[]
2026-06-20T04:00:00+00:00,2026-06-20T04:15:00+00:00,,63476.79,,[]
2026-06-20T04:15:00+00:00,2026-06-20T04:30:00+00:00,,63423.61,,[]
2026-06-20T04:30:00+00:00,2026-06-20T04:45:00+00:00,,63568.82,,[]
2026-06-20T04:45:00+00:00,2026-06-20T05:00:00+00:00,,63606.0,,[]
2026-06-20T05:00:00+00:00,2026-06-20T05:15:00+00:00,,63585.99,,[]
2026-06-20T05:15:00+00:00,2026-06-20T05:30:00+00:00,,63814.0,,[]
2026-06-20T05:30:00+00:00,2026-06-20T05:45:00+00:00,,63633.12,,[]
2026-06-20T05:45:00+00:00,2026-06-20T06:00:00+00:00,,63643.99,,[]
2026-06-20T06:00:00+00:00,2026-06-20T06:15:00+00:00,,63678.08,,[]
2026-06-20T06:15:00+00:00,2026-06-20T06:30:00+00:00,,63689.99,,[]
2026-06-20T06:30:00+00:00,2026-06-20T06:45:00+00:00,,63699.99,,[]
2026-06-20T06:45:00+00:00,2026-06-20T07:00:00+00:00,,63752.43,,[]
2026-06-20T07:00:00+00:00,2026-06-20T07:15:00+00:00,,63744.06,,[]
2026-06-20T07:15:00+00:00,2026-06-20T07:30:00+00:00,,63661.85,,[]
2026-06-20T07:30:00+00:00,2026-06-20T07:45:00+00:00,,63792.0,,[]
2026-06-20T07:45:00+00:00,2026-06-20T08:00:00+00:00,,63752.68,,[]
2026-06-20T08:00:00+00:00,2026-06-20T08:15:00+00:00,,63658.08,,[]
2026-06-20T08:15:00+00:00,2026-06-20T08:30:00+00:00,,63555.99,,[]
2026-06-20T08:30:00+00:00,2026-06-20T08:45:00+00:00,,63480.01,,[]
2026-06-20T08:45:00+00:00,2026-06-20T09:00:00+00:00,,63449.4,,[]
2026-06-20T09:00:00+00:00,2026-06-20T09:15:00+00:00,,63425.17,,[]
2026-06-20T09:15:00+00:00,2026-06-20T09:30:00+00:00,,63520.0,,[]
2026-06-20T09:30:00+00:00,2026-06-20T09:45:00+00:00,,63564.0,,[]
2026-06-20T09:45:00+00:00,2026-06-20T10:00:00+00:00,,63700.02,,[]
2026-06-20T10:00:00+00:00,2026-06-20T10:15:00+00:00,,63741.16,,[]
2026-06-20T10:15:00+00:00,2026-06-20T10:30:00+00:00,,63692.0,,[]
2026-06-20T10:30:00+00:00,2026-06-20T10:45:00+00:00,,63678.64,,[]
2026-06-20T10:45:00+00:00,2026-06-20T11:00:00+00:00,,63604.14,,[]
2026-06-20T11:00:00+00:00,2026-06-20T11:15:00+00:00,,63674.7,,[]
2026-06-20T11:15:00+00:00,2026-06-20T11:30:00+00:00,,63667.36,,[]
2026-06-20T11:30:00+00:00,2026-06-20T11:45:00+00:00,,63700.0,,[]
2026-06-20T11:45:00+00:00,2026-06-20T12:00:00+00:00,,63732.0,,[]
2026-06-20T12:00:00+00:00,2026-06-20T12:15:00+00:00,,63688.01,,[]
2026-06-20T12:15:00+00:00,2026-06-20T12:30:00+00:00,,63753.99,,[]
2026-06-20T12:30:00+00:00,2026-06-20T12:45:00+00:00,,63743.73,,[]
2026-06-20T12:45:00+00:00,2026-06-20T13:00:00+00:00,,63625.9,,[]
2026-06-20T13:00:00+00:00,2026-06-20T13:15:00+00:00,,63655.03,,[]
2026-06-20T13:15:00+00:00,2026-06-20T13:30:00+00:00,,63586.0,,[]
2026-06-20T13:30:00+00:00,2026-06-20T13:45:00+00:00,,63348.94,,[]
2026-06-20T13:45:00+00:00,2026-06-20T14:00:00+00:00,,63449.99,,[]
2026-06-20T14:00:00+00:00,2026-06-20T14:15:00+00:00,,63396.0,,[]
2026-06-20T14:15:00+00:00,2026-06-20T14:30:00+00:00,,63212.0,,[]
2026-06-20T14:30:00+00:00,2026-06-20T14:45:00+00:00,,63369.99,,[]
2026-06-20T14:45:00+00:00,2026-06-20T15:00:00+00:00,,63502.02,,[]
2026-06-20T15:00:00+00:00,2026-06-20T15:15:00+00:00,,63958.0,,[]
2026-06-20T15:15:00+00:00,2026-06-20T15:30:00+00:00,,64004.1,,[]
2026-06-20T15:30:00+00:00,2026-06-20T15:45:00+00:00,,64208.57,,[]
2026-06-20T15:45:00+00:00,2026-06-20T16:00:00+00:00,,64116.0,,[]
2026-06-20T16:00:00+00:00,2026-06-20T16:15:00+00:00,,64167.25,,[]
2026-06-20T16:15:00+00:00,2026-06-20T16:30:00+00:00,,63994.98,,[]
2026-06-20T16:30:00+00:00,2026-06-20T16:45:00+00:00,,63998.0,,[]
2026-06-20T16:45:00+00:00,2026-06-20T17:00:00+00:00,,63992.33,,[]
2026-06-20T17:00:00+00:00,2026-06-20T17:15:00+00:00,,64025.07,,[]
2026-06-20T17:15:00+00:00,2026-06-20T17:30:00+00:00,,63956.0,,[]
2026-06-20T17:30:00+00:00,2026-06-20T17:45:00+00:00,,63992.72,,[]
2026-06-20T17:45:00+00:00,2026-06-20T18:00:00+00:00,,63865.98,,[]
2026-06-20T18:00:00+00:00,2026-06-20T18:15:00+00:00,,63834.7,,[]
2026-06-20T18:15:00+00:00,2026-06-20T18:30:00+00:00,,63833.05,,[]
2026-06-20T18:30:00+00:00,2026-06-20T18:45:00+00:00,,63865.99,,[]
2026-06-20T18:45:00+00:00,2026-06-20T19:00:00+00:00,,63813.99,,[]
2026-06-20T19:00:00+00:00,2026-06-20T19:15:00+00:00,,63800.01,,[]
2026-06-20T19:15:00+00:00,2026-06-20T19:30:00+00:00,,63909.99,,[]
2026-06-20T19:30:00+00:00,2026-06-20T19:45:00+00:00,,63865.99,,[]
2026-06-20T19:45:00+00:00,2026-06-20T20:00:00+00:00,,63939.99,,[]
2026-06-20T20:00:00+00:00,2026-06-20T20:15:00+00:00,,63936.0,,[]
2026-06-20T20:15:00+00:00,2026-06-20T20:30:00+00:00,,63962.58,,[]
2026-06-20T20:30:00+00:00,2026-06-20T20:45:00+00:00,,63907.99,,[]
2026-06-20T20:45:00+00:00,2026-06-20T21:00:00+00:00,,63874.9,,[]
2026-06-20T21:00:00+00:00,2026-06-20T21:15:00+00:00,,63927.99,,[]
2026-06-20T21:15:00+00:00,2026-06-20T21:30:00+00:00,,63988.01,,[]
2026-06-20T21:30:00+00:00,2026-06-20T21:45:00+00:00,,63932.9,,[]
2026-06-20T21:45:00+00:00,2026-06-20T22:00:00+00:00,,64030.01,,[]
2026-06-20T22:00:00+00:00,2026-06-20T22:15:00+00:00,,64012.4,,[]
2026-06-20T22:15:00+00:00,2026-06-20T22:30:00+00:00,,64127.82,,[]
2026-06-20T22:30:00+00:00,2026-06-20T22:45:00+00:00,,64296.0,,[]
2026-06-20T22:45:00+00:00,2026-06-20T23:00:00+00:00,,64280.0,,[]
2026-06-20T23:00:00+00:00,2026-06-20T23:15:00+00:00,,64272.01,,[]
2026-06-20T23:15:00+00:00,2026-06-20T23:30:00+00:00,,64260.78,,[]
2026-06-20T23:30:00+00:00,2026-06-20T23:45:00+00:00,,64276.43,,[]
2026-06-20T23:45:00+00:00,2026-06-21T00:00:00+00:00,,64304.01,,[]
2026-06-21T00:00:00+00:00,2026-06-21T00:15:00+00:00,,64298.01,,[]
2026-06-21T00:15:00+00:00,2026-06-21T00:30:00+00:00,,64268.1,,[]
2026-06-21T00:30:00+00:00,2026-06-21T00:45:00+00:00,,64270.71,,[]
2026-06-21T00:45:00+00:00,2026-06-21T01:00:00+00:00,,64285.99,,[]
2026-06-21T01:00:00+00:00,2026-06-21T01:15:00+00:00,,64293.99,,[]
2026-06-21T01:15:00+00:00,2026-06-21T01:30:00+00:00,,64253.95,,[]
2026-06-21T01:30:00+00:00,2026-06-21T01:45:00+00:00,,64241.85,,[]
2026-06-21T01:45:00+00:00,2026-06-21T02:00:00+00:00,,64253.48,,[]
2026-06-21T02:00:00+00:00,2026-06-21T02:15:00+00:00,,64242.01,,[]
2026-06-21T02:15:00+00:00,2026-06-21T02:30:00+00:00,,64263.37,,[]
2026-06-21T02:30:00+00:00,2026-06-21T02:45:00+00:00,,64230.43,,[]
2026-06-21T02:45:00+00:00,2026-06-21T03:00:00+00:00,,64237.77,,[]
2026-06-21T03:00:00+00:00,2026-06-21T03:15:00+00:00,,64241.26,,[]
2026-06-21T03:15:00+00:00,2026-06-21T03:30:00+00:00,,64300.0,,[]
2026-06-21T03:30:00+00:00,2026-06-21T03:45:00+00:00,,64357.34,,[]
2026-06-21T03:45:00+00:00,2026-06-21T04:00:00+00:00,,64452.0,,[]
2026-06-21T04:00:00+00:00,2026-06-21T04:15:00+00:00,,64426.0,,[]
2026-06-21T04:15:00+00:00,2026-06-21T04:30:00+00:00,,64405.69,,[]
2026-06-21T04:30:00+00:00,2026-06-21T04:45:00+00:00,,64530.0,,[]
2026-06-21T04:45:00+00:00,2026-06-21T05:00:00+00:00,,64488.01,,[]
2026-06-21T05:00:00+00:00,2026-06-21T05:15:00+00:00,,64276.11,,[]
2026-06-21T05:15:00+00:00,2026-06-21T05:30:00+00:00,,64238.01,,[]
2026-06-21T05:30:00+00:00,2026-06-21T05:45:00+00:00,,64301.99,,[]
2026-06-21T05:45:00+00:00,2026-06-21T06:00:00+00:00,,64300.07,,[]
2026-06-21T06:00:00+00:00,2026-06-21T06:15:00+00:00,,64256.55,,[]
2026-06-21T06:15:00+00:00,2026-06-21T06:30:00+00:00,,64216.01,,[]
2026-06-21T06:30:00+00:00,2026-06-21T06:45:00+00:00,,64272.0,,[]
2026-06-21T06:45:00+00:00,2026-06-21T07:00:00+00:00,,64314.01,,[]
2026-06-21T07:00:00+00:00,2026-06-21T07:15:00+00:00,,64303.46,,[]
2026-06-21T07:15:00+00:00,2026-06-21T07:30:00+00:00,,64258.0,,[]
2026-06-21T07:30:00+00:00,2026-06-21T07:45:00+00:00,,64179.45,,[]
2026-06-21T07:45:00+00:00,2026-06-21T08:00:00+00:00,,64257.99,,[]
2026-06-21T08:00:00+00:00,2026-06-21T08:15:00+00:00,,64199.9,,[]
2026-06-21T08:15:00+00:00,2026-06-21T08:30:00+00:00,,64118.0,,[]
2026-06-21T08:30:00+00:00,2026-06-21T08:45:00+00:00,,64053.18,,[]
2026-06-21T08:45:00+00:00,2026-06-21T09:00:00+00:00,,63982.73,,[]
2026-06-21T09:00:00+00:00,2026-06-21T09:15:00+00:00,,64015.76,,[]
2026-06-21T09:15:00+00:00,2026-06-21T09:30:00+00:00,,63976.0,,[]
2026-06-21T09:30:00+00:00,2026-06-21T09:45:00+00:00,,64050.01,,[]
2026-06-21T09:45:00+00:00,2026-06-21T10:00:00+00:00,,64135.99,,[]
2026-06-21T10:00:00+00:00,2026-06-21T10:15:00+00:00,,64210.0,,[]
2026-06-21T10:15:00+00:00,2026-06-21T10:30:00+00:00,,64282.01,,[]
2026-06-21T10:30:00+00:00,2026-06-21T10:45:00+00:00,,64310.01,,[]
2026-06-21T10:45:00+00:00,2026-06-21T11:00:00+00:00,,64349.99,,[]
2026-06-21T11:00:00+00:00,2026-06-21T11:15:00+00:00,,64367.99,,[]
2026-06-21T11:15:00+00:00,2026-06-21T11:30:00+00:00,,64406.01,,[]
2026-06-21T11:30:00+00:00,2026-06-21T11:45:00+00:00,,64384.75,,[]
2026-06-21T11:45:00+00:00,2026-06-21T12:00:00+00:00,,64293.65,,[]
2026-06-21T12:00:00+00:00,2026-06-21T12:15:00+00:00,,64176.0,,[]
2026-06-21T12:15:00+00:00,2026-06-21T12:30:00+00:00,,64077.98,,[]
2026-06-21T12:30:00+00:00,2026-06-21T12:45:00+00:00,,64021.56,,[]
2026-06-21T12:45:00+00:00,2026-06-21T13:00:00+00:00,,64056.02,,[]
2026-06-21T13:00:00+00:00,2026-06-21T13:15:00+00:00,,64188.35,,[]
2026-06-21T13:15:00+00:00,2026-06-21T13:30:00+00:00,,64121.98,,[]
2026-06-21T13:30:00+00:00,2026-06-21T13:45:00+00:00,,64164.0,,[]
2026-06-21T13:45:00+00:00,2026-06-21T14:00:00+00:00,,64048.01,,[]
2026-06-21T14:00:00+00:00,2026-06-21T14:15:00+00:00,,64146.0,,[]
2026-06-21T14:15:00+00:00,2026-06-21T14:30:00+00:00,,64074.02,,[]
2026-06-21T14:30:00+00:00,2026-06-21T14:45:00+00:00,,64030.51,,[]
2026-06-21T14:45:00+00:00,2026-06-21T15:00:00+00:00,,64056.05,,[]
2026-06-21T15:00:00+00:00,2026-06-21T15:15:00+00:00,,64146.0,,[]
2026-06-21T15:15:00+00:00,2026-06-21T15:30:00+00:00,,64206.81,,[]
2026-06-21T15:30:00+00:00,2026-06-21T15:45:00+00:00,,64260.96,,[]
2026-06-21T15:45:00+00:00,2026-06-21T16:00:00+00:00,,64302.08,,[]
2026-06-21T16:00:00+00:00,2026-06-21T16:15:00+00:00,,64224.0,,[]
2026-06-21T16:15:00+00:00,2026-06-21T16:30:00+00:00,,64144.5,,[]
2026-06-21T16:30:00+00:00,2026-06-21T16:45:00+00:00,,64186.28,,[]
2026-06-21T16:45:00+00:00,2026-06-21T17:00:00+00:00,,64119.99,,[]
2026-06-21T17:00:00+00:00,2026-06-21T17:15:00+00:00,,64145.31,,[]
2026-06-21T17:15:00+00:00,2026-06-21T17:30:00+00:00,,64210.17,,[]
2026-06-21T17:30:00+00:00,2026-06-21T17:45:00+00:00,,64104.6,,[]
2026-06-21T17:45:00+00:00,2026-06-21T18:00:00+00:00,,64134.99,,[]
2026-06-21T18:00:00+00:00,2026-06-21T18:15:00+00:00,,64151.46,,[]
2026-06-21T18:15:00+00:00,2026-06-21T18:30:00+00:00,,64010.0,,[]
2026-06-21T18:30:00+00:00,2026-06-21T18:45:00+00:00,,64042.0,,[]
2026-06-21T18:45:00+00:00,2026-06-21T19:00:00+00:00,,64186.0,,[]
2026-06-21T19:00:00+00:00,2026-06-21T19:15:00+00:00,,64213.81,,[]
2026-06-21T19:15:00+00:00,2026-06-21T19:30:00+00:00,,64220.01,,[]
2026-06-21T19:30:00+00:00,2026-06-21T19:45:00+00:00,,64219.39,,[]
2026-06-21T19:45:00+00:00,2026-06-21T20:00:00+00:00,,64213.99,,[]
2026-06-21T20:00:00+00:00,2026-06-21T20:15:00+00:00,,64207.13,,[]
2026-06-21T20:15:00+00:00,2026-06-21T20:30:00+00:00,,64165.99,,[]
2026-06-21T20:30:00+00:00,2026-06-21T20:45:00+00:00,,64109.66,,[]
2026-06-21T20:45:00+00:00,2026-06-21T21:00:00+00:00,,63975.49,,[]
2026-06-21T21:00:00+00:00,2026-06-21T21:15:00+00:00,,63844.0,,[]
2026-06-21T21:15:00+00:00,2026-06-21T21:30:00+00:00,,63633.96,,[]
2026-06-21T21:30:00+00:00,2026-06-21T21:45:00+00:00,,63688.6,,[]
2026-06-21T21:45:00+00:00,2026-06-21T22:00:00+00:00,,63893.99,,[]
2026-06-21T22:00:00+00:00,2026-06-21T22:15:00+00:00,,63710.55,,[]
2026-06-21T22:15:00+00:00,2026-06-21T22:30:00+00:00,,63659.39,,[]
2026-06-21T22:30:00+00:00,2026-06-21T22:45:00+00:00,,63705.6,,[]
2026-06-21T22:45:00+00:00,2026-06-21T23:00:00+00:00,,63669.89,,[]
2026-06-21T23:00:00+00:00,2026-06-21T23:15:00+00:00,,63792.01,,[]
2026-06-21T23:15:00+00:00,2026-06-21T23:30:00+00:00,,63706.0,,[]
2026-06-21T23:30:00+00:00,2026-06-21T23:45:00+00:00,,63635.63,,[]
2026-06-21T23:45:00+00:00,2026-06-22T00:00:00+00:00,,63350.0,,[]
2026-06-22T00:00:00+00:00,2026-06-22T00:15:00+00:00,,63312.0,,[]
2026-06-22T00:15:00+00:00,2026-06-22T00:30:00+00:00,,63500.01,,[]
2026-06-22T00:30:00+00:00,2026-06-22T00:45:00+00:00,,63720.01,,[]
2026-06-22T00:45:00+00:00,2026-06-22T01:00:00+00:00,,63916.0,,[]
2026-06-22T01:00:00+00:00,2026-06-22T01:15:00+00:00,,63908.0,,[]
2026-06-22T01:15:00+00:00,2026-06-22T01:30:00+00:00,,63895.42,,[]
2026-06-22T01:30:00+00:00,2026-06-22T01:45:00+00:00,,64658.0,,[]
2026-06-22T01:45:00+00:00,2026-06-22T02:00:00+00:00,,64523.99,,[]
2026-06-22T02:00:00+00:00,2026-06-22T02:15:00+00:00,,64604.01,,[]
2026-06-22T02:15:00+00:00,2026-06-22T02:30:00+00:00,,64542.0,,[]
2026-06-22T02:30:00+00:00,2026-06-22T02:45:00+00:00,,64541.74,,[]
2026-06-22T02:45:00+00:00,2026-06-22T03:00:00+00:00,,64496.0,,[]
2026-06-22T03:00:00+00:00,2026-06-22T03:15:00+00:00,,64262.15,,[]
2026-06-22T03:15:00+00:00,2026-06-22T03:30:00+00:00,,64074.0,,[]
2026-06-22T03:30:00+00:00,2026-06-22T03:45:00+00:00,,64282.0,,[]
2026-06-22T03:45:00+00:00,2026-06-22T04:00:00+00:00,,64178.0,,[]
2026-06-22T04:00:00+00:00,2026-06-22T04:15:00+00:00,,63987.27,,[]
2026-06-22T04:15:00+00:00,2026-06-22T04:30:00+00:00,,63962.0,,[]
2026-06-22T04:30:00+00:00,2026-06-22T04:45:00+00:00,,63970.02,,[]
2026-06-22T04:45:00+00:00,2026-06-22T05:00:00+00:00,,63958.54,,[]
2026-06-22T05:00:00+00:00,2026-06-22T05:15:00+00:00,,64092.01,,[]
2026-06-22T05:15:00+00:00,2026-06-22T05:30:00+00:00,,64282.86,,[]
2026-06-22T05:30:00+00:00,2026-06-22T05:45:00+00:00,,64235.3,,[]
2026-06-22T05:45:00+00:00,2026-06-22T06:00:00+00:00,,64259.33,,[]
2026-06-22T06:00:00+00:00,2026-06-22T06:15:00+00:00,,64247.74,,[]
2026-06-22T06:15:00+00:00,2026-06-22T06:30:00+00:00,,64224.83,,[]
2026-06-22T06:30:00+00:00,2026-06-22T06:45:00+00:00,,64116.98,,[]
2026-06-22T06:45:00+00:00,2026-06-22T07:00:00+00:00,,64002.36,,[]
2026-06-22T07:00:00+00:00,2026-06-22T07:15:00+00:00,,63995.99,,[]
2026-06-22T07:15:00+00:00,2026-06-22T07:30:00+00:00,,64202.5,,[]
2026-06-22T07:30:00+00:00,2026-06-22T07:45:00+00:00,,64262.57,,[]
2026-06-22T07:45:00+00:00,2026-06-22T08:00:00+00:00,,64255.81,,[]
2026-06-22T08:00:00+00:00,2026-06-22T08:15:00+00:00,,64229.99,,[]
2026-06-22T08:15:00+00:00,2026-06-22T08:30:00+00:00,,64310.0,,[]
2026-06-22T08:30:00+00:00,2026-06-22T08:45:00+00:00,,64188.27,,[]
2026-06-22T08:45:00+00:00,2026-06-22T09:00:00+00:00,,64262.0,,[]
2026-06-22T09:00:00+00:00,2026-06-22T09:15:00+00:00,,64166.0,,[]
2026-06-22T09:15:00+00:00,2026-06-22T09:30:00+00:00,,64185.99,,[]
2026-06-22T09:30:00+00:00,2026-06-22T09:45:00+00:00,,64116.82,,[]
2026-06-22T09:45:00+00:00,2026-06-22T10:00:00+00:00,,64127.89,,[]
2026-06-22T10:00:00+00:00,2026-06-22T10:15:00+00:00,KXBTC15M-26JUN220615-15,64142.0,,"[""KXBTC15M-26JUN220615-15:YES"", ""KXBTC15M-26JUN220615-15:NO""]"
2026-06-22T10:15:00+00:00,2026-06-22T10:30:00+00:00,,64214.0,,[]
2026-06-22T10:30:00+00:00,2026-06-22T10:45:00+00:00,,64174.2,,[]
2026-06-22T10:45:00+00:00,2026-06-22T11:00:00+00:00,,64088.0,,[]
2026-06-22T11:00:00+00:00,2026-06-22T11:15:00+00:00,,64139.21,,[]
2026-06-22T11:15:00+00:00,2026-06-22T11:30:00+00:00,,64309.47,,[]
2026-06-22T11:30:00+00:00,2026-06-22T11:45:00+00:00,,64366.11,,[]
2026-06-22T11:45:00+00:00,2026-06-22T12:00:00+00:00,,64618.02,,[]
2026-06-22T12:00:00+00:00,2026-06-22T12:15:00+00:00,,64657.22,,[]
2026-06-22T12:15:00+00:00,2026-06-22T12:30:00+00:00,,64734.01,,[]
2026-06-22T12:30:00+00:00,2026-06-22T12:45:00+00:00,,64951.99,,[]
2026-06-22T12:45:00+00:00,2026-06-22T13:00:00+00:00,,65064.0,,[]
2026-06-22T13:00:00+00:00,2026-06-22T13:15:00+00:00,,65162.0,,[]
2026-06-22T13:15:00+00:00,2026-06-22T13:30:00+00:00,,65142.97,,[]
2026-06-22T13:30:00+00:00,2026-06-22T13:45:00+00:00,,65010.52,,[]
2026-06-22T13:45:00+00:00,2026-06-22T14:00:00+00:00,,65403.03,,[]
2026-06-22T14:00:00+00:00,2026-06-22T14:15:00+00:00,,65593.99,,[]
2026-06-22T14:15:00+00:00,2026-06-22T14:30:00+00:00,,65295.45,,[]
2026-06-22T14:30:00+00:00,2026-06-22T14:45:00+00:00,,64957.47,,[]
2026-06-22T14:45:00+00:00,2026-06-22T15:00:00+00:00,,64908.0,,[]
2026-06-22T15:00:00+00:00,2026-06-22T15:15:00+00:00,,64980.39,,[]
2026-06-22T15:15:00+00:00,2026-06-22T15:30:00+00:00,,65080.23,,[]
2026-06-22T15:30:00+00:00,2026-06-22T15:45:00+00:00,,65052.0,,[]
2026-06-22T15:45:00+00:00,2026-06-22T16:00:00+00:00,,65064.19,,[]
2026-06-22T16:00:00+00:00,2026-06-22T16:15:00+00:00,,64841.18,,[]
2026-06-22T16:15:00+00:00,2026-06-22T16:30:00+00:00,,64730.0,,[]
2026-06-22T16:30:00+00:00,2026-06-22T16:45:00+00:00,,64688.01,,[]
2026-06-22T16:45:00+00:00,2026-06-22T17:00:00+00:00,,64578.65,,[]
2026-06-22T17:00:00+00:00,2026-06-22T17:15:00+00:00,,64719.77,,[]
2026-06-22T17:15:00+00:00,2026-06-22T17:30:00+00:00,,64674.65,,[]
2026-06-22T17:30:00+00:00,2026-06-22T17:45:00+00:00,,64521.72,,[]
2026-06-22T17:45:00+00:00,2026-06-22T18:00:00+00:00,,64432.0,,[]
2026-06-22T18:00:00+00:00,2026-06-22T18:15:00+00:00,,64609.98,,[]
2026-06-22T18:15:00+00:00,2026-06-22T18:30:00+00:00,,64677.99,,[]
2026-06-22T18:30:00+00:00,2026-06-22T18:45:00+00:00,,64592.0,,[]
2026-06-22T18:45:00+00:00,2026-06-22T19:00:00+00:00,,64515.51,,[]
2026-06-22T19:00:00+00:00,2026-06-22T19:15:00+00:00,,64341.99,,[]
2026-06-22T19:15:00+00:00,2026-06-22T19:30:00+00:00,,64414.2,,[]
2026-06-22T19:30:00+00:00,2026-06-22T19:45:00+00:00,,64365.99,,[]
2026-06-22T19:45:00+00:00,2026-06-22T20:00:00+00:00,,64396.45,,[]
2026-06-22T20:00:00+00:00,2026-06-22T20:15:00+00:00,,64489.66,,[]
2026-06-22T20:15:00+00:00,2026-06-22T20:30:00+00:00,,64524.0,,[]
2026-06-22T20:30:00+00:00,2026-06-22T20:45:00+00:00,,64410.44,,[]
2026-06-22T20:45:00+00:00,2026-06-22T21:00:00+00:00,,64480.22,,[]
2026-06-22T21:00:00+00:00,2026-06-22T21:15:00+00:00,,64433.79,,[]
2026-06-22T21:15:00+00:00,2026-06-22T21:30:00+00:00,,64402.0,,[]
2026-06-22T21:30:00+00:00,2026-06-22T21:45:00+00:00,,64296.97,,[]
2026-06-22T21:45:00+00:00,2026-06-22T22:00:00+00:00,,64182.86,,[]
2026-06-22T22:00:00+00:00,2026-06-22T22:15:00+00:00,,64320.57,,[]
2026-06-22T22:15:00+00:00,2026-06-22T22:30:00+00:00,,64310.03,,[]
2026-06-22T22:30:00+00:00,2026-06-22T22:45:00+00:00,,64006.41,,[]
2026-06-22T22:45:00+00:00,2026-06-22T23:00:00+00:00,,63842.03,,[]
2026-06-22T23:00:00+00:00,2026-06-22T23:15:00+00:00,,63944.01,,[]
2026-06-22T23:15:00+00:00,2026-06-22T23:30:00+00:00,,63946.0,,[]
2026-06-22T23:30:00+00:00,2026-06-22T23:45:00+00:00,,64042.38,,[]
2026-06-22T23:45:00+00:00,2026-06-23T00:00:00+00:00,,63986.0,,[]
2026-06-23T00:00:00+00:00,2026-06-23T00:15:00+00:00,,64008.07,,[]
2026-06-23T00:15:00+00:00,2026-06-23T00:30:00+00:00,,63963.0,,[]
2026-06-23T00:30:00+00:00,2026-06-23T00:45:00+00:00,,63857.09,,[]
2026-06-23T00:45:00+00:00,2026-06-23T01:00:00+00:00,,64111.01,,[]
2026-06-23T01:00:00+00:00,2026-06-23T01:15:00+00:00,,64156.0,,[]
2026-06-23T01:15:00+00:00,2026-06-23T01:30:00+00:00,,64217.13,,[]
2026-06-23T01:30:00+00:00,2026-06-23T01:45:00+00:00,,64199.02,,[]
2026-06-23T01:45:00+00:00,2026-06-23T02:00:00+00:00,,64053.11,,[]
2026-06-23T02:00:00+00:00,2026-06-23T02:15:00+00:00,,64156.0,,[]
2026-06-23T02:15:00+00:00,2026-06-23T02:30:00+00:00,,64126.9,,[]
2026-06-23T02:30:00+00:00,2026-06-23T02:45:00+00:00,,64174.0,,[]
2026-06-23T02:45:00+00:00,2026-06-23T03:00:00+00:00,,64200.0,,[]
2026-06-23T03:00:00+00:00,2026-06-23T03:15:00+00:00,,64204.01,,[]
2026-06-23T03:15:00+00:00,2026-06-23T03:30:00+00:00,,64018.0,,[]
2026-06-23T03:30:00+00:00,2026-06-23T03:45:00+00:00,,64095.54,,[]
2026-06-23T03:45:00+00:00,2026-06-23T04:00:00+00:00,,64003.99,,[]
2026-06-23T04:00:00+00:00,2026-06-23T04:15:00+00:00,,64066.0,,[]
2026-06-23T04:15:00+00:00,2026-06-23T04:30:00+00:00,,64052.0,,[]
2026-06-23T04:30:00+00:00,2026-06-23T04:45:00+00:00,,63974.96,,[]
2026-06-23T04:45:00+00:00,2026-06-23T05:00:00+00:00,,63816.0,,[]
2026-06-23T05:00:00+00:00,2026-06-23T05:15:00+00:00,,63624.0,,[]
2026-06-23T05:15:00+00:00,2026-06-23T05:30:00+00:00,,63617.91,,[]
2026-06-23T05:30:00+00:00,2026-06-23T05:45:00+00:00,,63471.41,,[]
2026-06-23T05:45:00+00:00,2026-06-23T06:00:00+00:00,,63445.66,,[]
2026-06-23T06:00:00+00:00,2026-06-23T06:15:00+00:00,,63399.99,,[]
2026-06-23T06:15:00+00:00,2026-06-23T06:30:00+00:00,,63210.0,,[]
2026-06-23T06:30:00+00:00,2026-06-23T06:45:00+00:00,,62767.36,,[]
2026-06-23T06:45:00+00:00,2026-06-23T07:00:00+00:00,,62946.03,,[]
2026-06-23T07:00:00+00:00,2026-06-23T07:15:00+00:00,,62945.6,,[]
2026-06-23T07:15:00+00:00,2026-06-23T07:30:00+00:00,,63036.0,,[]
2026-06-23T07:30:00+00:00,2026-06-23T07:45:00+00:00,,62989.46,,[]
2026-06-23T07:45:00+00:00,2026-06-23T08:00:00+00:00,,62912.54,,[]
2026-06-23T08:00:00+00:00,2026-06-23T08:15:00+00:00,,62900.0,,[]
2026-06-23T08:15:00+00:00,2026-06-23T08:30:00+00:00,,62668.2,,[]
2026-06-23T08:30:00+00:00,2026-06-23T08:45:00+00:00,,62038.01,,[]
2026-06-23T08:45:00+00:00,2026-06-23T09:00:00+00:00,,62352.3,,[]
2026-06-23T09:00:00+00:00,2026-06-23T09:15:00+00:00,,62395.99,,[]
2026-06-23T09:15:00+00:00,2026-06-23T09:30:00+00:00,,62441.41,,[]
2026-06-23T09:30:00+00:00,2026-06-23T09:45:00+00:00,,62520.0,,[]
2026-06-23T09:45:00+00:00,2026-06-23T10:00:00+00:00,,62362.0,,[]
2026-06-23T10:00:00+00:00,2026-06-23T10:15:00+00:00,,62386.39,,[]
2026-06-23T10:15:00+00:00,2026-06-23T10:30:00+00:00,,62468.65,,[]
2026-06-23T10:30:00+00:00,2026-06-23T10:45:00+00:00,,62372.95,,[]
2026-06-23T10:45:00+00:00,2026-06-23T11:00:00+00:00,,62268.42,,[]
2026-06-23T11:00:00+00:00,2026-06-23T11:15:00+00:00,,62328.0,,[]
2026-06-23T11:15:00+00:00,2026-06-23T11:30:00+00:00,,62394.51,,[]
2026-06-23T11:30:00+00:00,2026-06-23T11:45:00+00:00,,62552.11,,[]
2026-06-23T11:45:00+00:00,2026-06-23T12:00:00+00:00,,62573.89,,[]
2026-06-23T12:00:00+00:00,2026-06-23T12:15:00+00:00,,62516.0,,[]
2026-06-23T12:15:00+00:00,2026-06-23T12:30:00+00:00,,62431.99,,[]
2026-06-23T12:30:00+00:00,2026-06-23T12:45:00+00:00,,62410.49,,[]
2026-06-23T12:45:00+00:00,2026-06-23T13:00:00+00:00,,62333.1,,[]
2026-06-23T13:00:00+00:00,2026-06-23T13:15:00+00:00,,62257.85,,[]
2026-06-23T13:15:00+00:00,2026-06-23T13:30:00+00:00,,62178.0,,[]
2026-06-23T13:30:00+00:00,2026-06-23T13:45:00+00:00,,62030.01,,[]
2026-06-23T13:45:00+00:00,2026-06-23T14:00:00+00:00,,62373.75,,[]
2026-06-23T14:00:00+00:00,2026-06-23T14:15:00+00:00,,62472.59,,[]
2026-06-23T14:15:00+00:00,2026-06-23T14:30:00+00:00,,62696.01,,[]
2026-06-23T14:30:00+00:00,2026-06-23T14:45:00+00:00,,62599.99,,[]
2026-06-23T14:45:00+00:00,2026-06-23T15:00:00+00:00,,62524.0,,[]
2026-06-23T15:00:00+00:00,2026-06-23T15:15:00+00:00,,62470.7,,[]
2026-06-23T15:15:00+00:00,2026-06-23T15:30:00+00:00,,62381.99,,[]
2026-06-23T15:30:00+00:00,2026-06-23T15:45:00+00:00,,62277.09,,[]
2026-06-23T15:45:00+00:00,2026-06-23T16:00:00+00:00,,62300.01,,[]
2026-06-23T16:00:00+00:00,2026-06-23T16:15:00+00:00,,62487.79,,[]
2026-06-23T16:15:00+00:00,2026-06-23T16:30:00+00:00,,62787.26,,[]
2026-06-23T16:30:00+00:00,2026-06-23T16:45:00+00:00,,62588.43,,[]
2026-06-23T16:45:00+00:00,2026-06-23T17:00:00+00:00,,62622.0,,[]
2026-06-23T17:00:00+00:00,2026-06-23T17:15:00+00:00,,62550.01,,[]
2026-06-23T17:15:00+00:00,2026-06-23T17:30:00+00:00,,62439.53,,[]
2026-06-23T17:30:00+00:00,2026-06-23T17:45:00+00:00,,62649.99,,[]
2026-06-23T17:45:00+00:00,2026-06-23T18:00:00+00:00,,62524.0,,[]
2026-06-23T18:00:00+00:00,2026-06-23T18:15:00+00:00,,62373.64,,[]
2026-06-23T18:15:00+00:00,2026-06-23T18:30:00+00:00,,62372.01,,[]
2026-06-23T18:30:00+00:00,2026-06-23T18:45:00+00:00,,62336.0,,[]
2026-06-23T18:45:00+00:00,2026-06-23T19:00:00+00:00,,62148.25,,[]
2026-06-23T19:00:00+00:00,2026-06-23T19:15:00+00:00,,62241.99,,[]
2026-06-23T19:15:00+00:00,2026-06-23T19:30:00+00:00,,62371.56,,[]
2026-06-23T19:30:00+00:00,2026-06-23T19:45:00+00:00,,62442.0,,[]
2026-06-23T19:45:00+00:00,2026-06-23T20:00:00+00:00,,62297.54,,[]
2026-06-23T20:00:00+00:00,2026-06-23T20:15:00+00:00,,62399.36,,[]
2026-06-23T20:15:00+00:00,2026-06-23T20:30:00+00:00,,62438.65,,[]
2026-06-23T20:30:00+00:00,2026-06-23T20:45:00+00:00,,62490.84,,[]
2026-06-23T20:45:00+00:00,2026-06-23T21:00:00+00:00,,62476.86,,[]
2026-06-23T21:00:00+00:00,2026-06-23T21:15:00+00:00,,62477.81,,[]
2026-06-23T21:15:00+00:00,2026-06-23T21:30:00+00:00,,62515.17,,[]
2026-06-23T21:30:00+00:00,2026-06-23T21:45:00+00:00,,62572.66,,[]
2026-06-23T21:45:00+00:00,2026-06-23T22:00:00+00:00,,62624.01,,[]
2026-06-23T22:00:00+00:00,2026-06-23T22:15:00+00:00,,62594.0,,[]
2026-06-23T22:15:00+00:00,2026-06-23T22:30:00+00:00,,62746.01,,[]
2026-06-23T22:30:00+00:00,2026-06-23T22:45:00+00:00,,62614.0,,[]
2026-06-23T22:45:00+00:00,2026-06-23T23:00:00+00:00,,62551.38,,[]
2026-06-23T23:00:00+00:00,2026-06-23T23:15:00+00:00,,62589.99,,[]
2026-06-23T23:15:00+00:00,2026-06-23T23:30:00+00:00,,62522.0,,[]
2026-06-23T23:30:00+00:00,2026-06-23T23:45:00+00:00,,62672.0,,[]
2026-06-23T23:45:00+00:00,2026-06-24T00:00:00+00:00,,62618.01,,[]
2026-06-24T00:00:00+00:00,2026-06-24T00:15:00+00:00,,62734.56,,[]
2026-06-24T00:15:00+00:00,2026-06-24T00:30:00+00:00,,62899.0,,[]
2026-06-24T00:30:00+00:00,2026-06-24T00:45:00+00:00,,62849.99,,[]
2026-06-24T00:45:00+00:00,2026-06-24T01:00:00+00:00,,62954.31,,[]
2026-06-24T01:00:00+00:00,2026-06-24T01:15:00+00:00,,63019.72,,[]
2026-06-24T01:15:00+00:00,2026-06-24T01:30:00+00:00,,62969.4,,[]
2026-06-24T01:30:00+00:00,2026-06-24T01:45:00+00:00,,62917.04,,[]
2026-06-24T01:45:00+00:00,2026-06-24T02:00:00+00:00,,62945.99,,[]
2026-06-24T02:00:00+00:00,2026-06-24T02:15:00+00:00,,62932.19,,[]
2026-06-24T02:15:00+00:00,2026-06-24T02:30:00+00:00,,62877.67,,[]
2026-06-24T02:30:00+00:00,2026-06-24T02:45:00+00:00,,62763.58,,[]
2026-06-24T02:45:00+00:00,2026-06-24T03:00:00+00:00,,62726.66,,[]
2026-06-24T03:00:00+00:00,2026-06-24T03:15:00+00:00,,62630.01,,[]
2026-06-24T03:15:00+00:00,2026-06-24T03:30:00+00:00,,62588.55,,[]
2026-06-24T03:30:00+00:00,2026-06-24T03:45:00+00:00,,62669.87,,[]
2026-06-24T03:45:00+00:00,2026-06-24T04:00:00+00:00,,62800.28,,[]
2026-06-24T04:00:00+00:00,2026-06-24T04:15:00+00:00,,62729.77,,[]
2026-06-24T04:15:00+00:00,2026-06-24T04:30:00+00:00,,62666.02,,[]
2026-06-24T04:30:00+00:00,2026-06-24T04:45:00+00:00,,62588.28,,[]
2026-06-24T04:45:00+00:00,2026-06-24T05:00:00+00:00,,62655.14,,[]
2026-06-24T05:00:00+00:00,2026-06-24T05:15:00+00:00,,62744.41,,[]
2026-06-24T05:15:00+00:00,2026-06-24T05:30:00+00:00,,62788.15,,[]
2026-06-24T05:30:00+00:00,2026-06-24T05:45:00+00:00,,62883.66,,[]
2026-06-24T05:45:00+00:00,2026-06-24T06:00:00+00:00,,62930.0,,[]
2026-06-24T06:00:00+00:00,2026-06-24T06:15:00+00:00,,62889.99,,[]
2026-06-24T06:15:00+00:00,2026-06-24T06:30:00+00:00,,62838.0,,[]
2026-06-24T06:30:00+00:00,2026-06-24T06:45:00+00:00,,62857.29,,[]
2026-06-24T06:45:00+00:00,2026-06-24T07:00:00+00:00,,62778.01,,[]
2026-06-24T07:00:00+00:00,2026-06-24T07:15:00+00:00,,62780.0,,[]
2026-06-24T07:15:00+00:00,2026-06-24T07:30:00+00:00,,62815.0,,[]
2026-06-24T07:30:00+00:00,2026-06-24T07:45:00+00:00,,62673.23,,[]
2026-06-24T07:45:00+00:00,2026-06-24T08:00:00+00:00,,62697.98,,[]
2026-06-24T08:00:00+00:00,2026-06-24T08:15:00+00:00,,62663.99,,[]
2026-06-24T08:15:00+00:00,2026-06-24T08:30:00+00:00,,62658.0,,[]
2026-06-24T08:30:00+00:00,2026-06-24T08:45:00+00:00,,62706.02,,[]
2026-06-24T08:45:00+00:00,2026-06-24T09:00:00+00:00,,62796.0,,[]
2026-06-24T09:00:00+00:00,2026-06-24T09:15:00+00:00,,62800.0,,[]
2026-06-24T09:15:00+00:00,2026-06-24T09:30:00+00:00,,62772.93,,[]
2026-06-24T09:30:00+00:00,2026-06-24T09:45:00+00:00,,62678.37,,[]
2026-06-24T09:45:00+00:00,2026-06-24T10:00:00+00:00,,62652.6,,[]
2026-06-24T10:00:00+00:00,2026-06-24T10:15:00+00:00,,62681.7,,[]
2026-06-24T10:15:00+00:00,2026-06-24T10:30:00+00:00,,62612.61,,[]
2026-06-24T10:30:00+00:00,2026-06-24T10:45:00+00:00,,62559.96,,[]
2026-06-24T10:45:00+00:00,2026-06-24T11:00:00+00:00,,62604.0,,[]
2026-06-24T11:00:00+00:00,2026-06-24T11:15:00+00:00,,62446.0,,[]
2026-06-24T11:15:00+00:00,2026-06-24T11:30:00+00:00,,62387.99,,[]
2026-06-24T11:30:00+00:00,2026-06-24T11:45:00+00:00,,62383.0,,[]
2026-06-24T11:45:00+00:00,2026-06-24T12:00:00+00:00,,62746.62,,[]
2026-06-24T12:00:00+00:00,2026-06-24T12:15:00+00:00,,62923.93,,[]
2026-06-24T12:15:00+00:00,2026-06-24T12:30:00+00:00,,62843.45,,[]
2026-06-24T12:30:00+00:00,2026-06-24T12:45:00+00:00,,62826.02,,[]
2026-06-24T12:45:00+00:00,2026-06-24T13:00:00+00:00,,62850.01,,[]
2026-06-24T13:00:00+00:00,2026-06-24T13:15:00+00:00,,62628.0,,[]
2026-06-24T13:15:00+00:00,2026-06-24T13:30:00+00:00,,62067.74,,[]
2026-06-24T13:30:00+00:00,2026-06-24T13:45:00+00:00,,61748.0,,[]
2026-06-24T13:45:00+00:00,2026-06-24T14:00:00+00:00,,61482.37,,[]
2026-06-24T14:00:00+00:00,2026-06-24T14:15:00+00:00,,61294.34,,[]
2026-06-24T14:15:00+00:00,2026-06-24T14:30:00+00:00,,61208.03,,[]
2026-06-24T14:30:00+00:00,2026-06-24T14:45:00+00:00,,61222.85,,[]
2026-06-24T14:45:00+00:00,2026-06-24T15:00:00+00:00,,61158.0,,[]
2026-06-24T15:00:00+00:00,2026-06-24T15:15:00+00:00,,61097.92,,[]
2026-06-24T15:15:00+00:00,2026-06-24T15:30:00+00:00,,60880.02,,[]
2026-06-24T15:30:00+00:00,2026-06-24T15:45:00+00:00,,60875.39,,[]
2026-06-24T15:45:00+00:00,2026-06-24T16:00:00+00:00,,60574.05,,[]
2026-06-24T16:00:00+00:00,2026-06-24T16:15:00+00:00,,60250.0,,[]
2026-06-24T16:15:00+00:00,2026-06-24T16:30:00+00:00,,60524.5,,[]
2026-06-24T16:30:00+00:00,2026-06-24T16:45:00+00:00,,60550.01,,[]
2026-06-24T16:45:00+00:00,2026-06-24T17:00:00+00:00,,60238.01,,[]
2026-06-24T17:00:00+00:00,2026-06-24T17:15:00+00:00,,59856.0,,[]
2026-06-24T17:15:00+00:00,2026-06-24T17:30:00+00:00,,59838.02,,[]
2026-06-24T17:30:00+00:00,2026-06-24T17:45:00+00:00,,59680.68,,[]
2026-06-24T17:45:00+00:00,2026-06-24T18:00:00+00:00,,59324.0,,[]
2026-06-24T18:00:00+00:00,2026-06-24T18:15:00+00:00,,59411.99,,[]
2026-06-24T18:15:00+00:00,2026-06-24T18:30:00+00:00,,59609.53,,[]
2026-06-24T18:30:00+00:00,2026-06-24T18:45:00+00:00,,59710.0,,[]
2026-06-24T18:45:00+00:00,2026-06-24T19:00:00+00:00,,59559.56,,[]
2026-06-24T19:00:00+00:00,2026-06-24T19:15:00+00:00,,59623.13,,[]
2026-06-24T19:15:00+00:00,2026-06-24T19:30:00+00:00,,59670.0,,[]
2026-06-24T19:30:00+00:00,2026-06-24T19:45:00+00:00,,59818.01,,[]
2026-06-24T19:45:00+00:00,2026-06-24T20:00:00+00:00,,59818.0,,[]
2026-06-24T20:00:00+00:00,2026-06-24T20:15:00+00:00,,59947.12,,[]
2026-06-24T20:15:00+00:00,2026-06-24T20:30:00+00:00,,60677.93,,[]
2026-06-24T20:30:00+00:00,2026-06-24T20:45:00+00:00,,60779.99,,[]
2026-06-24T20:45:00+00:00,2026-06-24T21:00:00+00:00,,60889.99,,[]
2026-06-24T21:00:00+00:00,2026-06-24T21:15:00+00:00,,60981.77,,[]
2026-06-24T21:15:00+00:00,2026-06-24T21:30:00+00:00,,60692.51,,[]
2026-06-24T21:30:00+00:00,2026-06-24T21:45:00+00:00,,60854.0,,[]
2026-06-24T21:45:00+00:00,2026-06-24T22:00:00+00:00,,61088.01,,[]
2026-06-24T22:00:00+00:00,2026-06-24T22:15:00+00:00,,61100.83,,[]
2026-06-24T22:15:00+00:00,2026-06-24T22:30:00+00:00,,60999.99,,[]
2026-06-24T22:30:00+00:00,2026-06-24T22:45:00+00:00,,60889.33,,[]
2026-06-24T22:45:00+00:00,2026-06-24T23:00:00+00:00,,60924.0,,[]
2026-06-24T23:00:00+00:00,2026-06-24T23:15:00+00:00,,60872.01,,[]
2026-06-24T23:15:00+00:00,2026-06-24T23:30:00+00:00,,60890.0,,[]
2026-06-24T23:30:00+00:00,2026-06-24T23:45:00+00:00,,60974.01,,[]
2026-06-24T23:45:00+00:00,2026-06-25T00:00:00+00:00,,61030.0,,[]
2026-06-25T00:00:00+00:00,2026-06-25T00:15:00+00:00,,61082.0,,[]
2026-06-25T00:15:00+00:00,2026-06-25T00:30:00+00:00,,61099.99,,[]
2026-06-25T00:30:00+00:00,2026-06-25T00:45:00+00:00,,60920.95,,[]
2026-06-25T00:45:00+00:00,2026-06-25T01:00:00+00:00,,60842.0,,[]
2026-06-25T01:00:00+00:00,2026-06-25T01:15:00+00:00,,60818.01,,[]
2026-06-25T01:15:00+00:00,2026-06-25T01:30:00+00:00,,60773.08,,[]
2026-06-25T01:30:00+00:00,2026-06-25T01:45:00+00:00,,60862.01,,[]
2026-06-25T01:45:00+00:00,2026-06-25T02:00:00+00:00,,60826.82,,[]
2026-06-25T02:00:00+00:00,2026-06-25T02:15:00+00:00,,60924.97,,[]
2026-06-25T02:15:00+00:00,2026-06-25T02:30:00+00:00,,60781.99,,[]
2026-06-25T02:30:00+00:00,2026-06-25T02:45:00+00:00,,60928.09,,[]
2026-06-25T02:45:00+00:00,2026-06-25T03:00:00+00:00,,60766.32,,[]
2026-06-25T03:00:00+00:00,2026-06-25T03:15:00+00:00,,60799.09,,[]
2026-06-25T03:15:00+00:00,2026-06-25T03:30:00+00:00,,60760.8,,[]
2026-06-25T03:30:00+00:00,2026-06-25T03:45:00+00:00,,60787.26,,[]
2026-06-25T03:45:00+00:00,2026-06-25T04:00:00+00:00,,60747.37,,[]
2026-06-25T04:00:00+00:00,2026-06-25T04:15:00+00:00,,60893.22,,[]
2026-06-25T04:15:00+00:00,2026-06-25T04:30:00+00:00,,60820.01,,[]
2026-06-25T04:30:00+00:00,2026-06-25T04:45:00+00:00,,60901.21,,[]
2026-06-25T04:45:00+00:00,2026-06-25T05:00:00+00:00,,60973.67,,[]
2026-06-25T05:00:00+00:00,2026-06-25T05:15:00+00:00,,61355.0,,[]
2026-06-25T05:15:00+00:00,2026-06-25T05:30:00+00:00,,61641.85,,[]
2026-06-25T05:30:00+00:00,2026-06-25T05:45:00+00:00,,61614.0,,[]
2026-06-25T05:45:00+00:00,2026-06-25T06:00:00+00:00,,61534.09,,[]
2026-06-25T06:00:00+00:00,2026-06-25T06:15:00+00:00,,61600.03,,[]
2026-06-25T06:15:00+00:00,2026-06-25T06:30:00+00:00,,61715.82,,[]
2026-06-25T06:30:00+00:00,2026-06-25T06:45:00+00:00,,61662.26,,[]
2026-06-25T06:45:00+00:00,2026-06-25T07:00:00+00:00,,61764.59,,[]
2026-06-25T07:00:00+00:00,2026-06-25T07:15:00+00:00,,61736.33,,[]
2026-06-25T07:15:00+00:00,2026-06-25T07:30:00+00:00,,61756.77,,[]
2026-06-25T07:30:00+00:00,2026-06-25T07:45:00+00:00,,61807.89,,[]
2026-06-25T07:45:00+00:00,2026-06-25T08:00:00+00:00,,61912.01,,[]
2026-06-25T08:00:00+00:00,2026-06-25T08:15:00+00:00,,61911.04,,[]
2026-06-25T08:15:00+00:00,2026-06-25T08:30:00+00:00,,61799.5,,[]
2026-06-25T08:30:00+00:00,2026-06-25T08:45:00+00:00,,61772.01,,[]
2026-06-25T08:45:00+00:00,2026-06-25T09:00:00+00:00,,61757.19,,[]
2026-06-25T09:00:00+00:00,2026-06-25T09:15:00+00:00,,61725.99,,[]
2026-06-25T09:15:00+00:00,2026-06-25T09:30:00+00:00,,61740.01,,[]
2026-06-25T09:30:00+00:00,2026-06-25T09:45:00+00:00,,61696.01,,[]
2026-06-25T09:45:00+00:00,2026-06-25T10:00:00+00:00,,61753.01,,[]
2026-06-25T10:00:00+00:00,2026-06-25T10:15:00+00:00,,61736.98,,[]
2026-06-25T10:15:00+00:00,2026-06-25T10:30:00+00:00,,61688.0,,[]
2026-06-25T10:30:00+00:00,2026-06-25T10:45:00+00:00,,61583.84,,[]
2026-06-25T10:45:00+00:00,2026-06-25T11:00:00+00:00,,61388.96,,[]
2026-06-25T11:00:00+00:00,2026-06-25T11:15:00+00:00,,61272.9,,[]
2026-06-25T11:15:00+00:00,2026-06-25T11:30:00+00:00,,61344.94,,[]
2026-06-25T11:30:00+00:00,2026-06-25T11:45:00+00:00,,61247.06,,[]
2026-06-25T11:45:00+00:00,2026-06-25T12:00:00+00:00,,61317.99,,[]
2026-06-25T12:00:00+00:00,2026-06-25T12:15:00+00:00,,61289.99,,[]
2026-06-25T12:15:00+00:00,2026-06-25T12:30:00+00:00,,61218.01,,[]
2026-06-25T12:30:00+00:00,2026-06-25T12:45:00+00:00,,61111.97,,[]
2026-06-25T12:45:00+00:00,2026-06-25T13:00:00+00:00,,61369.23,,[]
2026-06-25T13:00:00+00:00,2026-06-25T13:15:00+00:00,,61244.0,,[]
2026-06-25T13:15:00+00:00,2026-06-25T13:30:00+00:00,,61326.01,,[]
2026-06-25T13:30:00+00:00,2026-06-25T13:45:00+00:00,,61290.47,,[]
2026-06-25T13:45:00+00:00,2026-06-25T14:00:00+00:00,,60148.98,,[]
2026-06-25T14:00:00+00:00,2026-06-25T14:15:00+00:00,,58375.01,,[]
2026-06-25T14:15:00+00:00,2026-06-25T14:30:00+00:00,,59282.94,,[]
2026-06-25T14:30:00+00:00,2026-06-25T14:45:00+00:00,,59360.78,,[]
2026-06-25T14:45:00+00:00,2026-06-25T15:00:00+00:00,,59489.48,,[]
2026-06-25T15:00:00+00:00,2026-06-25T15:15:00+00:00,,59454.12,,[]
2026-06-25T15:15:00+00:00,2026-06-25T15:30:00+00:00,,59031.98,,[]
2026-06-25T15:30:00+00:00,2026-06-25T15:45:00+00:00,,59270.3,,[]
2026-06-25T15:45:00+00:00,2026-06-25T16:00:00+00:00,,59198.01,,[]
2026-06-25T16:00:00+00:00,2026-06-25T16:15:00+00:00,,59574.0,,[]
2026-06-25T16:15:00+00:00,2026-06-25T16:30:00+00:00,,59762.01,,[]
2026-06-25T16:30:00+00:00,2026-06-25T16:45:00+00:00,,59742.98,,[]
2026-06-25T16:45:00+00:00,2026-06-25T17:00:00+00:00,,59279.99,,[]
2026-06-25T17:00:00+00:00,2026-06-25T17:15:00+00:00,,59312.64,,[]
2026-06-25T17:15:00+00:00,2026-06-25T17:30:00+00:00,,59410.76,,[]
2026-06-25T17:30:00+00:00,2026-06-25T17:45:00+00:00,,59556.0,,[]
2026-06-25T17:45:00+00:00,2026-06-25T18:00:00+00:00,,59520.62,,[]
2026-06-25T18:00:00+00:00,2026-06-25T18:15:00+00:00,,59688.0,,[]
2026-06-25T18:15:00+00:00,2026-06-25T18:30:00+00:00,,59400.01,,[]
2026-06-25T18:30:00+00:00,2026-06-25T18:45:00+00:00,,59718.01,,[]
2026-06-25T18:45:00+00:00,2026-06-25T19:00:00+00:00,KXBTC15M-26JUN251500-00,59423.87,,"[""KXBTC15M-26JUN251500-00:YES"", ""KXBTC15M-26JUN251500-00:NO""]"
2026-06-25T19:00:00+00:00,2026-06-25T19:15:00+00:00,,59515.98,,[]
2026-06-25T19:15:00+00:00,2026-06-25T19:30:00+00:00,,59242.01,,[]
2026-06-25T19:30:00+00:00,2026-06-25T19:45:00+00:00,,59344.5,,[]
2026-06-25T19:45:00+00:00,2026-06-25T20:00:00+00:00,,59296.32,,[]
2026-06-25T20:00:00+00:00,2026-06-25T20:15:00+00:00,,59340.63,,[]
2026-06-25T20:15:00+00:00,2026-06-25T20:30:00+00:00,,59581.44,,[]
2026-06-25T20:30:00+00:00,2026-06-25T20:45:00+00:00,,59633.26,,[]
2026-06-25T20:45:00+00:00,2026-06-25T21:00:00+00:00,,59506.01,,[]
2026-06-25T21:00:00+00:00,2026-06-25T21:15:00+00:00,,59456.62,,[]
2026-06-25T21:15:00+00:00,2026-06-25T21:30:00+00:00,,59618.0,,[]
2026-06-25T21:30:00+00:00,2026-06-25T21:45:00+00:00,,59700.01,,[]
2026-06-25T21:45:00+00:00,2026-06-25T22:00:00+00:00,,59959.67,,[]
2026-06-25T22:00:00+00:00,2026-06-25T22:15:00+00:00,,60204.65,,[]
2026-06-25T22:15:00+00:00,2026-06-25T22:30:00+00:00,,59893.99,,[]
2026-06-25T22:30:00+00:00,2026-06-25T22:45:00+00:00,,59794.01,,[]
2026-06-25T22:45:00+00:00,2026-06-25T23:00:00+00:00,,59793.99,,[]
2026-06-25T23:00:00+00:00,2026-06-25T23:15:00+00:00,,59832.66,,[]
2026-06-25T23:15:00+00:00,2026-06-25T23:30:00+00:00,,59950.0,,[]
2026-06-25T23:30:00+00:00,2026-06-25T23:45:00+00:00,,60098.0,,[]
2026-06-25T23:45:00+00:00,2026-06-26T00:00:00+00:00,,59976.01,,[]
2026-06-26T00:00:00+00:00,2026-06-26T00:15:00+00:00,,59799.12,,[]
2026-06-26T00:15:00+00:00,2026-06-26T00:30:00+00:00,,59876.01,,[]
2026-06-26T00:30:00+00:00,2026-06-26T00:45:00+00:00,,59771.98,,[]
2026-06-26T00:45:00+00:00,2026-06-26T01:00:00+00:00,,59789.8,,[]
2026-06-26T01:00:00+00:00,2026-06-26T01:15:00+00:00,,59672.29,,[]
2026-06-26T01:15:00+00:00,2026-06-26T01:30:00+00:00,,59596.0,,[]
2026-06-26T01:30:00+00:00,2026-06-26T01:45:00+00:00,,59300.1,,[]
2026-06-26T01:45:00+00:00,2026-06-26T02:00:00+00:00,,59310.0,,[]
2026-06-26T02:00:00+00:00,2026-06-26T02:15:00+00:00,,59447.99,,[]
2026-06-26T02:15:00+00:00,2026-06-26T02:30:00+00:00,,58681.99,,[]
2026-06-26T02:30:00+00:00,2026-06-26T02:45:00+00:00,,58865.34,,[]
2026-06-26T02:45:00+00:00,2026-06-26T03:00:00+00:00,,58812.0,,[]
2026-06-26T03:00:00+00:00,2026-06-26T03:15:00+00:00,,58565.52,,[]
2026-06-26T03:15:00+00:00,2026-06-26T03:30:00+00:00,,58898.01,,[]
2026-06-26T03:30:00+00:00,2026-06-26T03:45:00+00:00,,59100.36,,[]
2026-06-26T03:45:00+00:00,2026-06-26T04:00:00+00:00,,59488.0,,[]
2026-06-26T04:00:00+00:00,2026-06-26T04:15:00+00:00,,60035.36,,[]
2026-06-26T04:15:00+00:00,2026-06-26T04:30:00+00:00,,59914.73,,[]
2026-06-26T04:30:00+00:00,2026-06-26T04:45:00+00:00,,59982.41,,[]
2026-06-26T04:45:00+00:00,2026-06-26T05:00:00+00:00,,59973.73,,[]
2026-06-26T05:00:00+00:00,2026-06-26T05:15:00+00:00,,59932.64,,[]
2026-06-26T05:15:00+00:00,2026-06-26T05:30:00+00:00,,59979.65,,[]
2026-06-26T05:30:00+00:00,2026-06-26T05:45:00+00:00,,59958.01,,[]
2026-06-26T05:45:00+00:00,2026-06-26T06:00:00+00:00,,59881.74,,[]
2026-06-26T06:00:00+00:00,2026-06-26T06:15:00+00:00,,59953.31,,[]
2026-06-26T06:15:00+00:00,2026-06-26T06:30:00+00:00,,59715.77,,[]
2026-06-26T06:30:00+00:00,2026-06-26T06:45:00+00:00,,60044.01,,[]
2026-06-26T06:45:00+00:00,2026-06-26T07:00:00+00:00,,60382.01,,[]
2026-06-26T07:00:00+00:00,2026-06-26T07:15:00+00:00,,60330.0,,[]
2026-06-26T07:15:00+00:00,2026-06-26T07:30:00+00:00,,60500.96,,[]
2026-06-26T07:30:00+00:00,2026-06-26T07:45:00+00:00,,60590.01,,[]
2026-06-26T07:45:00+00:00,2026-06-26T08:00:00+00:00,,60587.58,,[]
2026-06-26T08:00:00+00:00,2026-06-26T08:15:00+00:00,,60533.88,,[]
2026-06-26T08:15:00+00:00,2026-06-26T08:30:00+00:00,,60287.99,,[]
2026-06-26T08:30:00+00:00,2026-06-26T08:45:00+00:00,,60314.51,,[]
2026-06-26T08:45:00+00:00,2026-06-26T09:00:00+00:00,,60214.0,,[]
2026-06-26T09:00:00+00:00,2026-06-26T09:15:00+00:00,,60259.36,,[]
2026-06-26T09:15:00+00:00,2026-06-26T09:30:00+00:00,,60175.68,,[]
2026-06-26T09:30:00+00:00,2026-06-26T09:45:00+00:00,,60131.66,,[]
2026-06-26T09:45:00+00:00,2026-06-26T10:00:00+00:00,,60003.5,,[]
2026-06-26T10:00:00+00:00,2026-06-26T10:15:00+00:00,,59744.63,,[]
2026-06-26T10:15:00+00:00,2026-06-26T10:30:00+00:00,,59752.01,,[]
2026-06-26T10:30:00+00:00,2026-06-26T10:45:00+00:00,,59727.99,,[]
2026-06-26T10:45:00+00:00,2026-06-26T11:00:00+00:00,,59554.01,,[]
2026-06-26T11:00:00+00:00,2026-06-26T11:15:00+00:00,,59318.0,,[]
2026-06-26T11:15:00+00:00,2026-06-26T11:30:00+00:00,,59485.99,,[]
2026-06-26T11:30:00+00:00,2026-06-26T11:45:00+00:00,,59427.7,,[]
2026-06-26T11:45:00+00:00,2026-06-26T12:00:00+00:00,,59440.0,,[]
2026-06-26T12:00:00+00:00,2026-06-26T12:15:00+00:00,,59413.25,,[]
2026-06-26T12:15:00+00:00,2026-06-26T12:30:00+00:00,,59461.19,,[]
2026-06-26T12:30:00+00:00,2026-06-26T12:45:00+00:00,,59727.99,,[]
2026-06-26T12:45:00+00:00,2026-06-26T13:00:00+00:00,,59161.99,,[]
2026-06-26T13:00:00+00:00,2026-06-26T13:15:00+00:00,,59203.41,,[]
2026-06-26T13:15:00+00:00,2026-06-26T13:30:00+00:00,,59100.0,,[]
2026-06-26T13:30:00+00:00,2026-06-26T13:45:00+00:00,,58922.24,,[]
2026-06-26T13:45:00+00:00,2026-06-26T14:00:00+00:00,,59470.31,,[]
2026-06-26T14:00:00+00:00,2026-06-26T14:15:00+00:00,,60162.8,,[]
2026-06-26T14:15:00+00:00,2026-06-26T14:30:00+00:00,,59986.97,,[]
2026-06-26T14:30:00+00:00,2026-06-26T14:45:00+00:00,,60054.01,,[]
2026-06-26T14:45:00+00:00,2026-06-26T15:00:00+00:00,,59597.01,,[]
2026-06-26T15:00:00+00:00,2026-06-26T15:15:00+00:00,,59599.99,,[]
2026-06-26T15:15:00+00:00,2026-06-26T15:30:00+00:00,,59827.08,,[]
2026-06-26T15:30:00+00:00,2026-06-26T15:45:00+00:00,,60188.79,,[]
2026-06-26T15:45:00+00:00,2026-06-26T16:00:00+00:00,,60438.0,,[]
2026-06-26T16:00:00+00:00,2026-06-26T16:15:00+00:00,,60341.99,,[]
2026-06-26T16:15:00+00:00,2026-06-26T16:30:00+00:00,,60178.0,,[]
2026-06-26T16:30:00+00:00,2026-06-26T16:45:00+00:00,,60047.99,,[]
2026-06-26T16:45:00+00:00,2026-06-26T17:00:00+00:00,,60066.99,,[]
2026-06-26T17:00:00+00:00,2026-06-26T17:15:00+00:00,,60041.76,,[]
2026-06-26T17:15:00+00:00,2026-06-26T17:30:00+00:00,,60221.99,,[]
2026-06-26T17:30:00+00:00,2026-06-26T17:45:00+00:00,,60182.73,,[]
2026-06-26T17:45:00+00:00,2026-06-26T18:00:00+00:00,,60065.43,,[]
2026-06-26T18:00:00+00:00,2026-06-26T18:15:00+00:00,,60029.99,,[]
2026-06-26T18:15:00+00:00,2026-06-26T18:30:00+00:00,,60084.0,,[]
2026-06-26T18:30:00+00:00,2026-06-26T18:45:00+00:00,,59829.0,,[]
2026-06-26T18:45:00+00:00,2026-06-26T19:00:00+00:00,,59778.01,,[]
2026-06-26T19:00:00+00:00,2026-06-26T19:15:00+00:00,,59674.55,,[]
2026-06-26T19:15:00+00:00,2026-06-26T19:30:00+00:00,,60019.17,,[]
2026-06-26T19:30:00+00:00,2026-06-26T19:45:00+00:00,,59940.0,,[]
2026-06-26T19:45:00+00:00,2026-06-26T20:00:00+00:00,,59884.0,,[]
2026-06-26T20:00:00+00:00,2026-06-26T20:15:00+00:00,,59783.05,,[]
2026-06-26T20:15:00+00:00,2026-06-26T20:30:00+00:00,,59731.99,,[]
2026-06-26T20:30:00+00:00,2026-06-26T20:45:00+00:00,,59768.01,,[]
2026-06-26T20:45:00+00:00,2026-06-26T21:00:00+00:00,,59657.99,,[]
2026-06-26T21:00:00+00:00,2026-06-26T21:15:00+00:00,,59708.01,,[]
2026-06-26T21:15:00+00:00,2026-06-26T21:30:00+00:00,,59765.1,,[]
2026-06-26T21:30:00+00:00,2026-06-26T21:45:00+00:00,,59864.01,,[]
2026-06-26T21:45:00+00:00,2026-06-26T22:00:00+00:00,,60023.99,,[]
2026-06-26T22:00:00+00:00,2026-06-26T22:15:00+00:00,,59911.23,,[]
2026-06-26T22:15:00+00:00,2026-06-26T22:30:00+00:00,,59910.04,,[]
2026-06-26T22:30:00+00:00,2026-06-26T22:45:00+00:00,,59894.01,,[]
2026-06-26T22:45:00+00:00,2026-06-26T23:00:00+00:00,,59969.66,,[]
2026-06-26T23:00:00+00:00,2026-06-26T23:15:00+00:00,,60039.33,,[]
2026-06-26T23:15:00+00:00,2026-06-26T23:30:00+00:00,,60091.45,,[]
2026-06-26T23:30:00+00:00,2026-06-26T23:45:00+00:00,,59976.0,,[]
2026-06-26T23:45:00+00:00,2026-06-27T00:00:00+00:00,,60073.99,,[]
2026-06-27T00:00:00+00:00,2026-06-27T00:15:00+00:00,,60102.0,,[]
2026-06-27T00:15:00+00:00,2026-06-27T00:30:00+00:00,,60114.0,,[]
2026-06-27T00:30:00+00:00,2026-06-27T00:45:00+00:00,,60050.64,,[]
2026-06-27T00:45:00+00:00,2026-06-27T01:00:00+00:00,,59978.49,,[]
2026-06-27T01:00:00+00:00,2026-06-27T01:15:00+00:00,,60059.1,,[]
2026-06-27T01:15:00+00:00,2026-06-27T01:30:00+00:00,,59964.69,,[]
2026-06-27T01:30:00+00:00,2026-06-27T01:45:00+00:00,,59992.01,,[]
2026-06-27T01:45:00+00:00,2026-06-27T02:00:00+00:00,,59968.01,,[]
2026-06-27T02:00:00+00:00,2026-06-27T02:15:00+00:00,,59941.53,,[]
2026-06-27T02:15:00+00:00,2026-06-27T02:30:00+00:00,,60115.65,,[]
2026-06-27T02:30:00+00:00,2026-06-27T02:45:00+00:00,,60272.14,,[]
2026-06-27T02:45:00+00:00,2026-06-27T03:00:00+00:00,,60295.04,,[]
2026-06-27T03:00:00+00:00,2026-06-27T03:15:00+00:00,,60269.35,,[]
2026-06-27T03:15:00+00:00,2026-06-27T03:30:00+00:00,,60170.0,,[]
2026-06-27T03:30:00+00:00,2026-06-27T03:45:00+00:00,,60314.93,,[]
2026-06-27T03:45:00+00:00,2026-06-27T04:00:00+00:00,,60304.01,,[]
2026-06-27T04:00:00+00:00,2026-06-27T04:15:00+00:00,,60305.73,,[]
2026-06-27T04:15:00+00:00,2026-06-27T04:30:00+00:00,,60406.12,,[]
2026-06-27T04:30:00+00:00,2026-06-27T04:45:00+00:00,,60396.22,,[]
2026-06-27T04:45:00+00:00,2026-06-27T05:00:00+00:00,,60374.02,,[]
2026-06-27T05:00:00+00:00,2026-06-27T05:15:00+00:00,,60240.0,,[]
2026-06-27T05:15:00+00:00,2026-06-27T05:30:00+00:00,,60293.29,,[]
2026-06-27T05:30:00+00:00,2026-06-27T05:45:00+00:00,,60164.01,,[]
2026-06-27T05:45:00+00:00,2026-06-27T06:00:00+00:00,,60232.98,,[]
2026-06-27T06:00:00+00:00,2026-06-27T06:15:00+00:00,,60236.76,,[]
2026-06-27T06:15:00+00:00,2026-06-27T06:30:00+00:00,,60147.99,,[]
2026-06-27T06:30:00+00:00,2026-06-27T06:45:00+00:00,,60202.99,,[]
2026-06-27T06:45:00+00:00,2026-06-27T07:00:00+00:00,,60407.99,,[]
2026-06-27T07:00:00+00:00,2026-06-27T07:15:00+00:00,,60370.62,,[]
2026-06-27T07:15:00+00:00,2026-06-27T07:30:00+00:00,,60321.98,,[]
2026-06-27T07:30:00+00:00,2026-06-27T07:45:00+00:00,,60429.99,,[]
2026-06-27T07:45:00+00:00,2026-06-27T08:00:00+00:00,,60442.8,,[]
2026-06-27T08:00:00+00:00,2026-06-27T08:15:00+00:00,,60548.07,,[]
2026-06-27T08:15:00+00:00,2026-06-27T08:30:00+00:00,,60480.01,,[]
2026-06-27T08:30:00+00:00,2026-06-27T08:45:00+00:00,,60446.76,,[]
2026-06-27T08:45:00+00:00,2026-06-27T09:00:00+00:00,,60373.21,,[]
2026-06-27T09:00:00+00:00,2026-06-27T09:15:00+00:00,,60456.0,,[]
2026-06-27T09:15:00+00:00,2026-06-27T09:30:00+00:00,,60360.02,,[]
2026-06-27T09:30:00+00:00,2026-06-27T09:45:00+00:00,,60368.24,,[]
2026-06-27T09:45:00+00:00,2026-06-27T10:00:00+00:00,,60394.18,,[]
2026-06-27T10:00:00+00:00,2026-06-27T10:15:00+00:00,,60414.61,,[]
2026-06-27T10:15:00+00:00,2026-06-27T10:30:00+00:00,,60471.99,,[]
2026-06-27T10:30:00+00:00,2026-06-27T10:45:00+00:00,,60457.69,,[]
2026-06-27T10:45:00+00:00,2026-06-27T11:00:00+00:00,,60428.53,,[]
2026-06-27T11:00:00+00:00,2026-06-27T11:15:00+00:00,,60420.28,,[]
2026-06-27T11:15:00+00:00,2026-06-27T11:30:00+00:00,,60401.58,,[]
2026-06-27T11:30:00+00:00,2026-06-27T11:45:00+00:00,,60263.27,,[]
2026-06-27T11:45:00+00:00,2026-06-27T12:00:00+00:00,,60267.44,,[]
2026-06-27T12:00:00+00:00,2026-06-27T12:15:00+00:00,,60363.66,,[]
2026-06-27T12:15:00+00:00,2026-06-27T12:30:00+00:00,,60300.62,,[]
2026-06-27T12:30:00+00:00,2026-06-27T12:45:00+00:00,,60345.98,,[]
2026-06-27T12:45:00+00:00,2026-06-27T13:00:00+00:00,,60329.27,,[]
2026-06-27T13:00:00+00:00,2026-06-27T13:15:00+00:00,,60430.01,,[]
2026-06-27T13:15:00+00:00,2026-06-27T13:30:00+00:00,,60430.64,,[]
2026-06-27T13:30:00+00:00,2026-06-27T13:45:00+00:00,,60468.76,,[]
2026-06-27T13:45:00+00:00,2026-06-27T14:00:00+00:00,,60598.76,,[]
2026-06-27T14:00:00+00:00,2026-06-27T14:15:00+00:00,,60588.35,,[]
2026-06-27T14:15:00+00:00,2026-06-27T14:30:00+00:00,,60670.6,,[]
2026-06-27T14:30:00+00:00,2026-06-27T14:45:00+00:00,,60590.95,,[]
2026-06-27T14:45:00+00:00,2026-06-27T15:00:00+00:00,,60630.13,,[]
2026-06-27T15:00:00+00:00,2026-06-27T15:15:00+00:00,,60611.5,,[]
2026-06-27T15:15:00+00:00,2026-06-27T15:30:00+00:00,,60877.5,,[]
2026-06-27T15:30:00+00:00,2026-06-27T15:45:00+00:00,,60811.66,,[]
2026-06-27T15:45:00+00:00,2026-06-27T16:00:00+00:00,,60792.0,,[]
2026-06-27T16:00:00+00:00,2026-06-27T16:15:00+00:00,,60840.17,,[]
2026-06-27T16:15:00+00:00,2026-06-27T16:30:00+00:00,,60749.94,,[]
2026-06-27T16:30:00+00:00,2026-06-27T16:45:00+00:00,,60716.62,,[]
2026-06-27T16:45:00+00:00,2026-06-27T17:00:00+00:00,,60793.99,,[]
2026-06-27T17:00:00+00:00,2026-06-27T17:15:00+00:00,,60808.0,,[]
2026-06-27T17:15:00+00:00,2026-06-27T17:30:00+00:00,,60563.38,,[]
2026-06-27T17:30:00+00:00,2026-06-27T17:45:00+00:00,,60578.89,,[]
2026-06-27T17:45:00+00:00,2026-06-27T18:00:00+00:00,,60584.0,,[]
2026-06-27T18:00:00+00:00,2026-06-27T18:15:00+00:00,,60524.89,,[]
2026-06-27T18:15:00+00:00,2026-06-27T18:30:00+00:00,,60522.13,,[]
2026-06-27T18:30:00+00:00,2026-06-27T18:45:00+00:00,,60510.02,,[]
2026-06-27T18:45:00+00:00,2026-06-27T19:00:00+00:00,,60562.51,,[]
2026-06-27T19:00:00+00:00,2026-06-27T19:15:00+00:00,,60560.6,,[]
2026-06-27T19:15:00+00:00,2026-06-27T19:30:00+00:00,,60599.34,,[]
2026-06-27T19:30:00+00:00,2026-06-27T19:45:00+00:00,,60330.31,,[]
2026-06-27T19:45:00+00:00,2026-06-27T20:00:00+00:00,,60193.95,,[]
2026-06-27T20:00:00+00:00,2026-06-27T20:15:00+00:00,,60173.08,,[]
2026-06-27T20:15:00+00:00,2026-06-27T20:30:00+00:00,,60258.5,,[]
2026-06-27T20:30:00+00:00,2026-06-27T20:45:00+00:00,,60277.89,,[]
2026-06-27T20:45:00+00:00,2026-06-27T21:00:00+00:00,,60267.67,,[]
2026-06-27T21:00:00+00:00,2026-06-27T21:15:00+00:00,,60300.0,,[]
2026-06-27T21:15:00+00:00,2026-06-27T21:30:00+00:00,,60391.73,,[]
2026-06-27T21:30:00+00:00,2026-06-27T21:45:00+00:00,,60451.01,,[]
2026-06-27T21:45:00+00:00,2026-06-27T22:00:00+00:00,,60249.99,,[]
2026-06-27T22:00:00+00:00,2026-06-27T22:15:00+00:00,,60187.26,,[]
2026-06-27T22:15:00+00:00,2026-06-27T22:30:00+00:00,,60120.04,,[]
2026-06-27T22:30:00+00:00,2026-06-27T22:45:00+00:00,,60132.0,,[]
2026-06-27T22:45:00+00:00,2026-06-27T23:00:00+00:00,,60177.96,,[]
2026-06-27T23:00:00+00:00,2026-06-27T23:15:00+00:00,,60228.96,,[]
2026-06-27T23:15:00+00:00,2026-06-27T23:30:00+00:00,,60037.99,,[]
2026-06-27T23:30:00+00:00,2026-06-27T23:45:00+00:00,,59988.0,,[]
2026-06-27T23:45:00+00:00,2026-06-28T00:00:00+00:00,,60049.0,,[]
2026-06-28T00:00:00+00:00,2026-06-28T00:15:00+00:00,,60029.01,,[]
2026-06-28T00:15:00+00:00,2026-06-28T00:30:00+00:00,,60137.29,,[]
2026-06-28T00:30:00+00:00,2026-06-28T00:45:00+00:00,,60166.79,,[]
2026-06-28T00:45:00+00:00,2026-06-28T01:00:00+00:00,,60176.87,,[]
2026-06-28T01:00:00+00:00,2026-06-28T01:15:00+00:00,,60146.0,,[]
2026-06-28T01:15:00+00:00,2026-06-28T01:30:00+00:00,,60081.33,,[]
2026-06-28T01:30:00+00:00,2026-06-28T01:45:00+00:00,,60204.79,,[]
2026-06-28T01:45:00+00:00,2026-06-28T02:00:00+00:00,,60258.88,,[]
2026-06-28T02:00:00+00:00,2026-06-28T02:15:00+00:00,,60222.21,,[]
2026-06-28T02:15:00+00:00,2026-06-28T02:30:00+00:00,,60286.14,,[]
2026-06-28T02:30:00+00:00,2026-06-28T02:45:00+00:00,,60111.48,,[]
2026-06-28T02:45:00+00:00,2026-06-28T03:00:00+00:00,,60138.77,,[]
2026-06-28T03:00:00+00:00,2026-06-28T03:15:00+00:00,,60150.45,,[]
2026-06-28T03:15:00+00:00,2026-06-28T03:30:00+00:00,,60263.86,,[]
2026-06-28T03:30:00+00:00,2026-06-28T03:45:00+00:00,,60262.57,,[]
2026-06-28T03:45:00+00:00,2026-06-28T04:00:00+00:00,,60197.27,,[]
2026-06-28T04:00:00+00:00,2026-06-28T04:15:00+00:00,,60197.03,,[]
2026-06-28T04:15:00+00:00,2026-06-28T04:30:00+00:00,,60224.0,,[]
2026-06-28T04:30:00+00:00,2026-06-28T04:45:00+00:00,,60199.18,,[]
2026-06-28T04:45:00+00:00,2026-06-28T05:00:00+00:00,,60174.01,,[]
2026-06-28T05:00:00+00:00,2026-06-28T05:15:00+00:00,,60139.99,,[]
2026-06-28T05:15:00+00:00,2026-06-28T05:30:00+00:00,,60012.77,,[]
2026-06-28T05:30:00+00:00,2026-06-28T05:45:00+00:00,,59838.46,,[]
2026-06-28T05:45:00+00:00,2026-06-28T06:00:00+00:00,,59918.63,,[]
2026-06-28T06:00:00+00:00,2026-06-28T06:15:00+00:00,,59989.17,,[]
2026-06-28T06:15:00+00:00,2026-06-28T06:30:00+00:00,,59850.72,,[]
2026-06-28T06:30:00+00:00,2026-06-28T06:45:00+00:00,,59925.28,,[]
2026-06-28T06:45:00+00:00,2026-06-28T07:00:00+00:00,,59966.88,,[]
2026-06-28T07:00:00+00:00,2026-06-28T07:15:00+00:00,,60000.0,,[]
2026-06-28T07:15:00+00:00,2026-06-28T07:30:00+00:00,,60140.95,,[]
2026-06-28T07:30:00+00:00,2026-06-28T07:45:00+00:00,,60108.42,,[]
2026-06-28T07:45:00+00:00,2026-06-28T08:00:00+00:00,,60222.86,,[]
2026-06-28T08:00:00+00:00,2026-06-28T08:15:00+00:00,,60220.0,,[]
2026-06-28T08:15:00+00:00,2026-06-28T08:30:00+00:00,,60179.55,,[]
2026-06-28T08:30:00+00:00,2026-06-28T08:45:00+00:00,,60224.6,,[]
2026-06-28T08:45:00+00:00,2026-06-28T09:00:00+00:00,,60449.41,,[]
2026-06-28T09:00:00+00:00,2026-06-28T09:15:00+00:00,,60370.01,,[]
2026-06-28T09:15:00+00:00,2026-06-28T09:30:00+00:00,,60368.03,,[]
2026-06-28T09:30:00+00:00,2026-06-28T09:45:00+00:00,,60323.35,,[]
2026-06-28T09:45:00+00:00,2026-06-28T10:00:00+00:00,,60378.88,,[]
2026-06-28T10:00:00+00:00,2026-06-28T10:15:00+00:00,,60258.84,,[]
2026-06-28T10:15:00+00:00,2026-06-28T10:30:00+00:00,,60260.37,,[]
2026-06-28T10:30:00+00:00,2026-06-28T10:45:00+00:00,,60105.02,,[]
2026-06-28T10:45:00+00:00,2026-06-28T11:00:00+00:00,,60127.21,,[]
2026-06-28T11:00:00+00:00,2026-06-28T11:15:00+00:00,,60166.72,,[]
2026-06-28T11:15:00+00:00,2026-06-28T11:30:00+00:00,,60125.41,,[]
2026-06-28T11:30:00+00:00,2026-06-28T11:45:00+00:00,,60312.01,,[]
2026-06-28T11:45:00+00:00,2026-06-28T12:00:00+00:00,,60302.95,,[]
2026-06-28T12:00:00+00:00,2026-06-28T12:15:00+00:00,,60341.99,,[]
2026-06-28T12:15:00+00:00,2026-06-28T12:30:00+00:00,,60302.18,,[]
2026-06-28T12:30:00+00:00,2026-06-28T12:45:00+00:00,,60324.79,,[]
2026-06-28T12:45:00+00:00,2026-06-28T13:00:00+00:00,,60241.74,,[]
2026-06-28T13:00:00+00:00,2026-06-28T13:15:00+00:00,,60284.01,,[]
2026-06-28T13:15:00+00:00,2026-06-28T13:30:00+00:00,,60129.99,,[]
2026-06-28T13:30:00+00:00,2026-06-28T13:45:00+00:00,,60127.99,,[]
2026-06-28T13:45:00+00:00,2026-06-28T14:00:00+00:00,,60123.89,,[]
2026-06-28T14:00:00+00:00,2026-06-28T14:15:00+00:00,,60084.6,,[]
2026-06-28T14:15:00+00:00,2026-06-28T14:30:00+00:00,,60175.69,,[]
2026-06-28T14:30:00+00:00,2026-06-28T14:45:00+00:00,,60144.0,,[]
2026-06-28T14:45:00+00:00,2026-06-28T15:00:00+00:00,,60112.0,,[]
2026-06-28T15:00:00+00:00,2026-06-28T15:15:00+00:00,,60033.01,,[]
2026-06-28T15:15:00+00:00,2026-06-28T15:30:00+00:00,,60078.55,,[]
2026-06-28T15:30:00+00:00,2026-06-28T15:45:00+00:00,,60040.01,,[]
2026-06-28T15:45:00+00:00,2026-06-28T16:00:00+00:00,,59962.71,,[]
2026-06-28T16:00:00+00:00,2026-06-28T16:15:00+00:00,,59916.0,,[]
2026-06-28T16:15:00+00:00,2026-06-28T16:30:00+00:00,,59832.47,,[]
2026-06-28T16:30:00+00:00,2026-06-28T16:45:00+00:00,,59781.13,,[]
2026-06-28T16:45:00+00:00,2026-06-28T17:00:00+00:00,,59617.48,,[]
2026-06-28T17:00:00+00:00,2026-06-28T17:15:00+00:00,,59688.03,,[]
2026-06-28T17:15:00+00:00,2026-06-28T17:30:00+00:00,,59639.28,,[]
2026-06-28T17:30:00+00:00,2026-06-28T17:45:00+00:00,,59600.0,,[]
2026-06-28T17:45:00+00:00,2026-06-28T18:00:00+00:00,,59533.81,,[]
2026-06-28T18:00:00+00:00,2026-06-28T18:15:00+00:00,,59581.96,,[]
2026-06-28T18:15:00+00:00,2026-06-28T18:30:00+00:00,,59647.41,,[]
2026-06-28T18:30:00+00:00,2026-06-28T18:45:00+00:00,,59611.98,,[]
2026-06-28T18:45:00+00:00,2026-06-28T19:00:00+00:00,,59601.0,,[]
2026-06-28T19:00:00+00:00,2026-06-28T19:15:00+00:00,,59608.78,,[]
2026-06-28T19:15:00+00:00,2026-06-28T19:30:00+00:00,,59504.05,,[]
2026-06-28T19:30:00+00:00,2026-06-28T19:45:00+00:00,,59550.87,,[]
2026-06-28T19:45:00+00:00,2026-06-28T20:00:00+00:00,,59442.83,,[]
2026-06-28T20:00:00+00:00,2026-06-28T20:15:00+00:00,,59478.14,,[]
2026-06-28T20:15:00+00:00,2026-06-28T20:30:00+00:00,,59663.35,,[]
2026-06-28T20:30:00+00:00,2026-06-28T20:45:00+00:00,,59713.73,,[]
2026-06-28T20:45:00+00:00,2026-06-28T21:00:00+00:00,,59670.01,,[]
2026-06-28T21:00:00+00:00,2026-06-28T21:15:00+00:00,,59660.0,,[]
2026-06-28T21:15:00+00:00,2026-06-28T21:30:00+00:00,,59691.99,,[]
2026-06-28T21:30:00+00:00,2026-06-28T21:45:00+00:00,,59713.4,,[]
2026-06-28T21:45:00+00:00,2026-06-28T22:00:00+00:00,,59660.0,,[]
2026-06-28T22:00:00+00:00,2026-06-28T22:15:00+00:00,,59451.96,,[]
2026-06-28T22:15:00+00:00,2026-06-28T22:30:00+00:00,,59630.01,,[]
2026-06-28T22:30:00+00:00,2026-06-28T22:45:00+00:00,,59390.0,,[]
2026-06-28T22:45:00+00:00,2026-06-28T23:00:00+00:00,,59120.48,,[]
2026-06-28T23:00:00+00:00,2026-06-28T23:15:00+00:00,,59060.2,,[]
2026-06-28T23:15:00+00:00,2026-06-28T23:30:00+00:00,,59267.94,,[]
2026-06-28T23:30:00+00:00,2026-06-28T23:45:00+00:00,,59530.01,,[]
2026-06-28T23:45:00+00:00,2026-06-29T00:00:00+00:00,,59726.7,,[]
2026-06-29T00:00:00+00:00,2026-06-29T00:15:00+00:00,,59581.99,,[]
2026-06-29T00:15:00+00:00,2026-06-29T00:30:00+00:00,,59576.01,,[]
2026-06-29T00:30:00+00:00,2026-06-29T00:45:00+00:00,,59210.01,,[]
2026-06-29T00:45:00+00:00,2026-06-29T01:00:00+00:00,,59364.05,,[]
2026-06-29T01:00:00+00:00,2026-06-29T01:15:00+00:00,,59664.74,,[]
2026-06-29T01:15:00+00:00,2026-06-29T01:30:00+00:00,,59482.12,,[]
2026-06-29T01:30:00+00:00,2026-06-29T01:45:00+00:00,,59292.0,,[]
2026-06-29T01:45:00+00:00,2026-06-29T02:00:00+00:00,,59550.0,,[]
2026-06-29T02:00:00+00:00,2026-06-29T02:15:00+00:00,,59440.01,,[]
2026-06-29T02:15:00+00:00,2026-06-29T02:30:00+00:00,,59025.99,,[]
2026-06-29T02:30:00+00:00,2026-06-29T02:45:00+00:00,,59529.96,,[]
2026-06-29T02:45:00+00:00,2026-06-29T03:00:00+00:00,,59776.0,,[]
2026-06-29T03:00:00+00:00,2026-06-29T03:15:00+00:00,,59762.0,,[]
2026-06-29T03:15:00+00:00,2026-06-29T03:30:00+00:00,,59996.01,,[]
2026-06-29T03:30:00+00:00,2026-06-29T03:45:00+00:00,,60184.95,,[]
2026-06-29T03:45:00+00:00,2026-06-29T04:00:00+00:00,,59914.0,,[]
2026-06-29T04:00:00+00:00,2026-06-29T04:15:00+00:00,,60049.45,,[]
2026-06-29T04:15:00+00:00,2026-06-29T04:30:00+00:00,,59924.0,,[]
2026-06-29T04:30:00+00:00,2026-06-29T04:45:00+00:00,,59955.14,,[]
2026-06-29T04:45:00+00:00,2026-06-29T05:00:00+00:00,,59845.99,,[]
2026-06-29T05:00:00+00:00,2026-06-29T05:15:00+00:00,,59835.93,,[]
2026-06-29T05:15:00+00:00,2026-06-29T05:30:00+00:00,,59534.88,,[]
2026-06-29T05:30:00+00:00,2026-06-29T05:45:00+00:00,,59689.99,,[]
2026-06-29T05:45:00+00:00,2026-06-29T06:00:00+00:00,,59904.0,,[]
2026-06-29T06:00:00+00:00,2026-06-29T06:15:00+00:00,KXBTC15M-26JUN290215-15,60106.5,,"[""KXBTC15M-26JUN290215-15:YES"", ""KXBTC15M-26JUN290215-15:NO""]"
2026-06-29T06:15:00+00:00,2026-06-29T06:30:00+00:00,KXBTC15M-26JUN290230-30,60150.0,,"[""KXBTC15M-26JUN290230-30:YES"", ""KXBTC15M-26JUN290230-30:NO""]"
2026-06-29T06:30:00+00:00,2026-06-29T06:45:00+00:00,,60176.0,,[]
2026-06-29T06:45:00+00:00,2026-06-29T07:00:00+00:00,,60080.52,,[]
2026-06-29T07:00:00+00:00,2026-06-29T07:15:00+00:00,,60079.47,,[]
2026-06-29T07:15:00+00:00,2026-06-29T07:30:00+00:00,,60092.02,,[]
2026-06-29T07:30:00+00:00,2026-06-29T07:45:00+00:00,,60106.01,,[]
2026-06-29T07:45:00+00:00,2026-06-29T08:00:00+00:00,,60050.01,,[]
2026-06-29T08:00:00+00:00,2026-06-29T08:15:00+00:00,,60020.01,,[]
2026-06-29T08:15:00+00:00,2026-06-29T08:30:00+00:00,,59959.99,,[]
2026-06-29T08:30:00+00:00,2026-06-29T08:45:00+00:00,,59828.01,,[]
2026-06-29T08:45:00+00:00,2026-06-29T09:00:00+00:00,,59870.0,,[]
2026-06-29T09:00:00+00:00,2026-06-29T09:15:00+00:00,,59840.01,,[]
2026-06-29T09:15:00+00:00,2026-06-29T09:30:00+00:00,,59946.01,,[]
2026-06-29T09:30:00+00:00,2026-06-29T09:45:00+00:00,,59937.95,,[]
2026-06-29T09:45:00+00:00,2026-06-29T10:00:00+00:00,,59968.92,,[]
2026-06-29T10:00:00+00:00,2026-06-29T10:15:00+00:00,,60062.0,,[]
2026-06-29T10:15:00+00:00,2026-06-29T10:30:00+00:00,,60232.56,,[]
2026-06-29T10:30:00+00:00,2026-06-29T10:45:00+00:00,,60215.78,,[]
2026-06-29T10:45:00+00:00,2026-06-29T11:00:00+00:00,,60130.62,,[]
2026-06-29T11:00:00+00:00,2026-06-29T11:15:00+00:00,,60087.94,,[]
2026-06-29T11:15:00+00:00,2026-06-29T11:30:00+00:00,KXBTC15M-26JUN290730-30,59941.18,,"[""KXBTC15M-26JUN290730-30:YES"", ""KXBTC15M-26JUN290730-30:NO""]"
2026-06-29T11:30:00+00:00,2026-06-29T11:45:00+00:00,,59990.61,,[]
2026-06-29T11:45:00+00:00,2026-06-29T12:00:00+00:00,,59856.0,,[]
2026-06-29T12:00:00+00:00,2026-06-29T12:15:00+00:00,,59990.01,,[]
2026-06-29T12:15:00+00:00,2026-06-29T12:30:00+00:00,,60687.99,,[]
2026-06-29T12:30:00+00:00,2026-06-29T12:45:00+00:00,,60440.0,,[]
2026-06-29T12:45:00+00:00,2026-06-29T13:00:00+00:00,,59948.03,,[]
2026-06-29T13:00:00+00:00,2026-06-29T13:15:00+00:00,,59950.0,,[]
2026-06-29T13:15:00+00:00,2026-06-29T13:30:00+00:00,,60214.0,,[]
2026-06-29T13:30:00+00:00,2026-06-29T13:45:00+00:00,,59939.38,,[]
2026-06-29T13:45:00+00:00,2026-06-29T14:00:00+00:00,,59455.01,,[]
2026-06-29T14:00:00+00:00,2026-06-29T14:15:00+00:00,,59570.01,,[]
2026-06-29T14:15:00+00:00,2026-06-29T14:30:00+00:00,,59082.43,,[]
2026-06-29T14:30:00+00:00,2026-06-29T14:45:00+00:00,,59496.58,,[]
2026-06-29T14:45:00+00:00,2026-06-29T15:00:00+00:00,,59303.76,,[]
2026-06-29T15:00:00+00:00,2026-06-29T15:15:00+00:00,,59470.65,,[]
2026-06-29T15:15:00+00:00,2026-06-29T15:30:00+00:00,,59250.01,,[]
2026-06-29T15:30:00+00:00,2026-06-29T15:45:00+00:00,,59505.99,,[]
2026-06-29T15:45:00+00:00,2026-06-29T16:00:00+00:00,,59822.62,,[]
2026-06-29T16:00:00+00:00,2026-06-29T16:15:00+00:00,,59835.28,,[]
2026-06-29T16:15:00+00:00,2026-06-29T16:30:00+00:00,,59741.99,,[]
2026-06-29T16:30:00+00:00,2026-06-29T16:45:00+00:00,,59606.67,,[]
2026-06-29T16:45:00+00:00,2026-06-29T17:00:00+00:00,,59876.0,,[]
2026-06-29T17:00:00+00:00,2026-06-29T17:15:00+00:00,,59892.01,,[]
2026-06-29T17:15:00+00:00,2026-06-29T17:30:00+00:00,,60470.0,,[]
2026-06-29T17:30:00+00:00,2026-06-29T17:45:00+00:00,,60537.48,,[]
2026-06-29T17:45:00+00:00,2026-06-29T18:00:00+00:00,,60620.01,,[]
2026-06-29T18:00:00+00:00,2026-06-29T18:15:00+00:00,,60402.01,,[]
2026-06-29T18:15:00+00:00,2026-06-29T18:30:00+00:00,,60520.0,,[]
2026-06-29T18:30:00+00:00,2026-06-29T18:45:00+00:00,,60272.01,,[]
2026-06-29T18:45:00+00:00,2026-06-29T19:00:00+00:00,,60288.3,,[]
2026-06-29T19:00:00+00:00,2026-06-29T19:15:00+00:00,,60304.61,,[]
2026-06-29T19:15:00+00:00,2026-06-29T19:30:00+00:00,,60200.0,,[]
2026-06-29T19:30:00+00:00,2026-06-29T19:45:00+00:00,,60460.01,,[]
2026-06-29T19:45:00+00:00,2026-06-29T20:00:00+00:00,,60468.95,,[]
2026-06-29T20:00:00+00:00,2026-06-29T20:15:00+00:00,,60433.49,,[]
2026-06-29T20:15:00+00:00,2026-06-29T20:30:00+00:00,,60438.0,,[]
2026-06-29T20:30:00+00:00,2026-06-29T20:45:00+00:00,,60411.99,,[]
2026-06-29T20:45:00+00:00,2026-06-29T21:00:00+00:00,,60415.0,,[]
2026-06-29T21:00:00+00:00,2026-06-29T21:15:00+00:00,,60296.0,,[]
2026-06-29T21:15:00+00:00,2026-06-29T21:30:00+00:00,,60413.99,,[]
2026-06-29T21:30:00+00:00,2026-06-29T21:45:00+00:00,,60349.99,,[]
2026-06-29T21:45:00+00:00,2026-06-29T22:00:00+00:00,,60465.66,,[]
2026-06-29T22:00:00+00:00,2026-06-29T22:15:00+00:00,,60479.71,,[]
2026-06-29T22:15:00+00:00,2026-06-29T22:30:00+00:00,,60463.99,,[]
2026-06-29T22:30:00+00:00,2026-06-29T22:45:00+00:00,,60445.0,,[]
2026-06-29T22:45:00+00:00,2026-06-29T23:00:00+00:00,,60385.24,,[]
2026-06-29T23:00:00+00:00,2026-06-29T23:15:00+00:00,,60352.3,,[]
2026-06-29T23:15:00+00:00,2026-06-29T23:30:00+00:00,,60347.85,,[]
2026-06-29T23:30:00+00:00,2026-06-29T23:45:00+00:00,,60227.99,,[]
2026-06-29T23:45:00+00:00,2026-06-30T00:00:00+00:00,,60248.01,,[]
2026-06-30T00:00:00+00:00,2026-06-30T00:15:00+00:00,,60256.0,,[]
2026-06-30T00:15:00+00:00,2026-06-30T00:30:00+00:00,,60201.99,,[]
2026-06-30T00:30:00+00:00,2026-06-30T00:45:00+00:00,,59918.09,,[]
2026-06-30T00:45:00+00:00,2026-06-30T01:00:00+00:00,,59778.0,,[]
2026-06-30T01:00:00+00:00,2026-06-30T01:15:00+00:00,,59839.59,,[]
2026-06-30T01:15:00+00:00,2026-06-30T01:30:00+00:00,,59814.0,,[]
2026-06-30T01:30:00+00:00,2026-06-30T01:45:00+00:00,,60037.99,,[]
2026-06-30T01:45:00+00:00,2026-06-30T02:00:00+00:00,,59834.01,,[]
2026-06-30T02:00:00+00:00,2026-06-30T02:15:00+00:00,,59945.72,,[]
2026-06-30T02:15:00+00:00,2026-06-30T02:30:00+00:00,,59796.0,,[]
2026-06-30T02:30:00+00:00,2026-06-30T02:45:00+00:00,,59973.38,,[]
2026-06-30T02:45:00+00:00,2026-06-30T03:00:00+00:00,,60007.01,,[]
2026-06-30T03:00:00+00:00,2026-06-30T03:15:00+00:00,,59947.4,,[]
2026-06-30T03:15:00+00:00,2026-06-30T03:30:00+00:00,,59899.94,,[]
2026-06-30T03:30:00+00:00,2026-06-30T03:45:00+00:00,,59858.0,,[]
2026-06-30T03:45:00+00:00,2026-06-30T04:00:00+00:00,,59740.53,,[]
2026-06-30T04:00:00+00:00,2026-06-30T04:15:00+00:00,,59615.06,,[]
2026-06-30T04:15:00+00:00,2026-06-30T04:30:00+00:00,,59563.46,,[]
2026-06-30T04:30:00+00:00,2026-06-30T04:45:00+00:00,,59553.99,,[]
2026-06-30T04:45:00+00:00,2026-06-30T05:00:00+00:00,,59610.01,,[]
2026-06-30T05:00:00+00:00,2026-06-30T05:15:00+00:00,,59492.01,,[]
2026-06-30T05:15:00+00:00,2026-06-30T05:30:00+00:00,,59432.99,,[]
2026-06-30T05:30:00+00:00,2026-06-30T05:45:00+00:00,,59386.03,,[]
2026-06-30T05:45:00+00:00,2026-06-30T06:00:00+00:00,,59567.5,,[]
2026-06-30T06:00:00+00:00,2026-06-30T06:15:00+00:00,,59654.16,,[]
2026-06-30T06:15:00+00:00,2026-06-30T06:30:00+00:00,,59566.15,,[]
2026-06-30T06:30:00+00:00,2026-06-30T06:45:00+00:00,,59693.69,,[]
2026-06-30T06:45:00+00:00,2026-06-30T07:00:00+00:00,,59566.0,,[]
2026-06-30T07:00:00+00:00,2026-06-30T07:15:00+00:00,,59591.99,,[]
2026-06-30T07:15:00+00:00,2026-06-30T07:30:00+00:00,,59495.99,,[]
2026-06-30T07:30:00+00:00,2026-06-30T07:45:00+00:00,,59472.87,,[]
2026-06-30T07:45:00+00:00,2026-06-30T08:00:00+00:00,,59512.72,,[]
2026-06-30T08:00:00+00:00,2026-06-30T08:15:00+00:00,,59524.01,,[]
2026-06-30T08:15:00+00:00,2026-06-30T08:30:00+00:00,,59431.87,,[]
2026-06-30T08:30:00+00:00,2026-06-30T08:45:00+00:00,,59409.99,,[]
2026-06-30T08:45:00+00:00,2026-06-30T09:00:00+00:00,,59289.5,,[]
2026-06-30T09:00:00+00:00,2026-06-30T09:15:00+00:00,,59300.01,,[]
2026-06-30T09:15:00+00:00,2026-06-30T09:30:00+00:00,,59343.73,,[]
2026-06-30T09:30:00+00:00,2026-06-30T09:45:00+00:00,,59296.0,,[]
2026-06-30T09:45:00+00:00,2026-06-30T10:00:00+00:00,,59360.27,,[]
2026-06-30T10:00:00+00:00,2026-06-30T10:15:00+00:00,,59383.32,,[]
2026-06-30T10:15:00+00:00,2026-06-30T10:30:00+00:00,,59379.45,,[]
2026-06-30T10:30:00+00:00,2026-06-30T10:45:00+00:00,,59371.99,,[]
2026-06-30T10:45:00+00:00,2026-06-30T11:00:00+00:00,KXBTC15M-26JUN300700-00,59334.01,,"[""KXBTC15M-26JUN300700-00:YES"", ""KXBTC15M-26JUN300700-00:NO""]"
2026-06-30T11:00:00+00:00,2026-06-30T11:15:00+00:00,,59334.0,,[]
2026-06-30T11:15:00+00:00,2026-06-30T11:30:00+00:00,,59395.99,,[]
2026-06-30T11:30:00+00:00,2026-06-30T11:45:00+00:00,,59223.36,,[]
2026-06-30T11:45:00+00:00,2026-06-30T12:00:00+00:00,,59249.14,,[]
2026-06-30T12:00:00+00:00,2026-06-30T12:15:00+00:00,,59192.01,,[]
2026-06-30T12:15:00+00:00,2026-06-30T12:30:00+00:00,,59018.75,,[]
2026-06-30T12:30:00+00:00,2026-06-30T12:45:00+00:00,,58856.45,,[]
2026-06-30T12:45:00+00:00,2026-06-30T13:00:00+00:00,,58843.5,,[]
2026-06-30T13:00:00+00:00,2026-06-30T13:15:00+00:00,,58435.44,,[]
2026-06-30T13:15:00+00:00,2026-06-30T13:30:00+00:00,,58463.94,,[]
2026-06-30T13:30:00+00:00,2026-06-30T13:45:00+00:00,,58581.54,,[]
2026-06-30T13:45:00+00:00,2026-06-30T14:00:00+00:00,,58579.5,,[]
2026-06-30T14:00:00+00:00,2026-06-30T14:15:00+00:00,,58656.0,,[]
2026-06-30T14:15:00+00:00,2026-06-30T14:30:00+00:00,,59005.8,,[]
2026-06-30T14:30:00+00:00,2026-06-30T14:45:00+00:00,,59036.0,,[]
2026-06-30T14:45:00+00:00,2026-06-30T15:00:00+00:00,,58876.01,,[]
2026-06-30T15:00:00+00:00,2026-06-30T15:15:00+00:00,,58481.28,,[]
2026-06-30T15:15:00+00:00,2026-06-30T15:30:00+00:00,,58446.0,,[]
2026-06-30T15:30:00+00:00,2026-06-30T15:45:00+00:00,,58403.99,,[]
2026-06-30T15:45:00+00:00,2026-06-30T16:00:00+00:00,,58444.01,,[]
2026-06-30T16:00:00+00:00,2026-06-30T16:15:00+00:00,,58387.67,,[]
2026-06-30T16:15:00+00:00,2026-06-30T16:30:00+00:00,,58400.01,,[]
2026-06-30T16:30:00+00:00,2026-06-30T16:45:00+00:00,,58318.0,,[]
2026-06-30T16:45:00+00:00,2026-06-30T17:00:00+00:00,,58324.77,,[]
2026-06-30T17:00:00+00:00,2026-06-30T17:15:00+00:00,,58497.99,,[]
2026-06-30T17:15:00+00:00,2026-06-30T17:30:00+00:00,,58411.07,,[]
2026-06-30T17:30:00+00:00,2026-06-30T17:45:00+00:00,,58399.99,,[]
2026-06-30T17:45:00+00:00,2026-06-30T18:00:00+00:00,,58370.0,,[]
2026-06-30T18:00:00+00:00,2026-06-30T18:15:00+00:00,,58412.63,,[]
2026-06-30T18:15:00+00:00,2026-06-30T18:30:00+00:00,,58472.0,,[]
2026-06-30T18:30:00+00:00,2026-06-30T18:45:00+00:00,,58545.99,,[]
2026-06-30T18:45:00+00:00,2026-06-30T19:00:00+00:00,,58470.82,,[]
2026-06-30T19:00:00+00:00,2026-06-30T19:15:00+00:00,,58672.0,,[]
2026-06-30T19:15:00+00:00,2026-06-30T19:30:00+00:00,,58646.0,,[]
2026-06-30T19:30:00+00:00,2026-06-30T19:45:00+00:00,,58669.43,,[]
2026-06-30T19:45:00+00:00,2026-06-30T20:00:00+00:00,,58752.0,,[]
2026-06-30T20:00:00+00:00,2026-06-30T20:15:00+00:00,,58797.38,,[]
2026-06-30T20:15:00+00:00,2026-06-30T20:30:00+00:00,,58866.0,,[]
2026-06-30T20:30:00+00:00,2026-06-30T20:45:00+00:00,,58740.33,,[]
2026-06-30T20:45:00+00:00,2026-06-30T21:00:00+00:00,,58654.34,,[]
2026-06-30T21:00:00+00:00,2026-06-30T21:15:00+00:00,,58730.0,,[]
2026-06-30T21:15:00+00:00,2026-06-30T21:30:00+00:00,,58582.89,,[]
2026-06-30T21:30:00+00:00,2026-06-30T21:45:00+00:00,,58594.01,,[]
2026-06-30T21:45:00+00:00,2026-06-30T22:00:00+00:00,,58599.87,,[]
2026-06-30T22:00:00+00:00,2026-06-30T22:15:00+00:00,,58650.0,,[]
2026-06-30T22:15:00+00:00,2026-06-30T22:30:00+00:00,,58716.95,,[]
2026-06-30T22:30:00+00:00,2026-06-30T22:45:00+00:00,,58649.02,,[]
2026-06-30T22:45:00+00:00,2026-06-30T23:00:00+00:00,,58602.0,,[]
2026-06-30T23:00:00+00:00,2026-06-30T23:15:00+00:00,,58608.0,,[]
2026-06-30T23:15:00+00:00,2026-06-30T23:30:00+00:00,,58609.99,,[]
2026-06-30T23:30:00+00:00,2026-06-30T23:45:00+00:00,,58614.0,,[]
2026-06-30T23:45:00+00:00,2026-07-01T00:00:00+00:00,,58598.96,,[]
2026-07-01T00:00:00+00:00,2026-07-01T00:15:00+00:00,,58624.71,,[]
2026-07-01T00:15:00+00:00,2026-07-01T00:30:00+00:00,,58653.99,,[]
2026-07-01T00:30:00+00:00,2026-07-01T00:45:00+00:00,,58394.0,,[]
2026-07-01T00:45:00+00:00,2026-07-01T01:00:00+00:00,,58483.99,,[]
2026-07-01T01:00:00+00:00,2026-07-01T01:15:00+00:00,,58575.99,,[]
2026-07-01T01:15:00+00:00,2026-07-01T01:30:00+00:00,,58199.99,,[]
2026-07-01T01:30:00+00:00,2026-07-01T01:45:00+00:00,,58334.7,,[]
2026-07-01T01:45:00+00:00,2026-07-01T02:00:00+00:00,,58886.0,,[]
2026-07-01T02:00:00+00:00,2026-07-01T02:15:00+00:00,,58775.02,,[]
2026-07-01T02:15:00+00:00,2026-07-01T02:30:00+00:00,,58805.99,,[]
2026-07-01T02:30:00+00:00,2026-07-01T02:45:00+00:00,,58960.0,,[]
2026-07-01T02:45:00+00:00,2026-07-01T03:00:00+00:00,,59140.13,,[]
2026-07-01T03:00:00+00:00,2026-07-01T03:15:00+00:00,,59089.99,,[]
2026-07-01T03:15:00+00:00,2026-07-01T03:30:00+00:00,,59003.01,,[]
2026-07-01T03:30:00+00:00,2026-07-01T03:45:00+00:00,,58933.0,,[]
2026-07-01T03:45:00+00:00,2026-07-01T04:00:00+00:00,,58939.18,,[]
2026-07-01T04:00:00+00:00,2026-07-01T04:15:00+00:00,,59176.01,,[]
2026-07-01T04:15:00+00:00,2026-07-01T04:30:00+00:00,,59110.0,,[]
2026-07-01T04:30:00+00:00,2026-07-01T04:45:00+00:00,,59274.0,,[]
2026-07-01T04:45:00+00:00,2026-07-01T05:00:00+00:00,,59359.9,,[]
2026-07-01T05:00:00+00:00,2026-07-01T05:15:00+00:00,,59334.65,,[]
2026-07-01T05:15:00+00:00,2026-07-01T05:30:00+00:00,,59292.02,,[]
2026-07-01T05:30:00+00:00,2026-07-01T05:45:00+00:00,,59170.0,,[]
2026-07-01T05:45:00+00:00,2026-07-01T06:00:00+00:00,,59197.33,,[]
2026-07-01T06:00:00+00:00,2026-07-01T06:15:00+00:00,,59154.33,,[]
2026-07-01T06:15:00+00:00,2026-07-01T06:30:00+00:00,,58952.12,,[]
2026-07-01T06:30:00+00:00,2026-07-01T06:45:00+00:00,,58785.99,,[]
2026-07-01T06:45:00+00:00,2026-07-01T07:00:00+00:00,,58700.0,,[]
2026-07-01T07:00:00+00:00,2026-07-01T07:15:00+00:00,,58755.79,,[]
2026-07-01T07:15:00+00:00,2026-07-01T07:30:00+00:00,,58681.02,,[]
2026-07-01T07:30:00+00:00,2026-07-01T07:45:00+00:00,,58740.01,,[]
2026-07-01T07:45:00+00:00,2026-07-01T08:00:00+00:00,,58689.69,,[]
2026-07-01T08:00:00+00:00,2026-07-01T08:15:00+00:00,,58762.23,,[]
2026-07-01T08:15:00+00:00,2026-07-01T08:30:00+00:00,,58700.13,,[]
2026-07-01T08:30:00+00:00,2026-07-01T08:45:00+00:00,,58623.0,,[]
2026-07-01T08:45:00+00:00,2026-07-01T09:00:00+00:00,,58739.45,,[]
2026-07-01T09:00:00+00:00,2026-07-01T09:15:00+00:00,,58974.0,,[]
2026-07-01T09:15:00+00:00,2026-07-01T09:30:00+00:00,,58956.0,,[]
2026-07-01T09:30:00+00:00,2026-07-01T09:45:00+00:00,,58893.99,,[]
2026-07-01T09:45:00+00:00,2026-07-01T10:00:00+00:00,,58883.75,,[]
2026-07-01T10:00:00+00:00,2026-07-01T10:15:00+00:00,,58948.47,,[]
2026-07-01T10:15:00+00:00,2026-07-01T10:30:00+00:00,,58763.3,,[]
2026-07-01T10:30:00+00:00,2026-07-01T10:45:00+00:00,,58745.2,,[]
2026-07-01T10:45:00+00:00,2026-07-01T11:00:00+00:00,,58624.01,,[]
2026-07-01T11:00:00+00:00,2026-07-01T11:15:00+00:00,,58659.98,,[]
2026-07-01T11:15:00+00:00,2026-07-01T11:30:00+00:00,,58704.0,,[]
2026-07-01T11:30:00+00:00,2026-07-01T11:45:00+00:00,,58680.01,,[]
2026-07-01T11:45:00+00:00,2026-07-01T12:00:00+00:00,,58692.0,,[]
2026-07-01T12:00:00+00:00,2026-07-01T12:15:00+00:00,,58622.01,,[]
2026-07-01T12:15:00+00:00,2026-07-01T12:30:00+00:00,,58454.0,,[]
2026-07-01T12:30:00+00:00,2026-07-01T12:45:00+00:00,,58534.03,,[]
2026-07-01T12:45:00+00:00,2026-07-01T13:00:00+00:00,,58401.99,,[]
2026-07-01T13:00:00+00:00,2026-07-01T13:15:00+00:00,,58538.01,,[]
2026-07-01T13:15:00+00:00,2026-07-01T13:30:00+00:00,,58677.17,,[]
2026-07-01T13:30:00+00:00,2026-07-01T13:45:00+00:00,,58774.71,,[]
2026-07-01T13:45:00+00:00,2026-07-01T14:00:00+00:00,,58974.01,,[]
2026-07-01T14:00:00+00:00,2026-07-01T14:15:00+00:00,,59469.98,,[]
2026-07-01T14:15:00+00:00,2026-07-01T14:30:00+00:00,,59966.97,,[]
2026-07-01T14:30:00+00:00,2026-07-01T14:45:00+00:00,,59785.99,,[]
2026-07-01T14:45:00+00:00,2026-07-01T15:00:00+00:00,,59584.97,,[]
2026-07-01T15:00:00+00:00,2026-07-01T15:15:00+00:00,,59545.59,,[]
2026-07-01T15:15:00+00:00,2026-07-01T15:30:00+00:00,,59922.0,,[]
2026-07-01T15:30:00+00:00,2026-07-01T15:45:00+00:00,,60319.91,,[]
2026-07-01T15:45:00+00:00,2026-07-01T16:00:00+00:00,,60218.0,,[]
2026-07-01T16:00:00+00:00,2026-07-01T16:15:00+00:00,,60159.99,,[]
2026-07-01T16:15:00+00:00,2026-07-01T16:30:00+00:00,,60132.01,,[]
2026-07-01T16:30:00+00:00,2026-07-01T16:45:00+00:00,KXBTC15M-26JUL011245-45,60128.01,,"[""KXBTC15M-26JUL011245-45:YES"", ""KXBTC15M-26JUL011245-45:NO""]"
2026-07-01T16:45:00+00:00,2026-07-01T17:00:00+00:00,,60068.01,,[]
2026-07-01T17:00:00+00:00,2026-07-01T17:15:00+00:00,,59920.0,,[]
2026-07-01T17:15:00+00:00,2026-07-01T17:30:00+00:00,,59900.46,,[]
2026-07-01T17:30:00+00:00,2026-07-01T17:45:00+00:00,,60138.0,,[]
2026-07-01T17:45:00+00:00,2026-07-01T18:00:00+00:00,,60156.84,,[]
2026-07-01T18:00:00+00:00,2026-07-01T18:15:00+00:00,,60190.59,,[]
2026-07-01T18:15:00+00:00,2026-07-01T18:30:00+00:00,,60068.01,,[]
2026-07-01T18:30:00+00:00,2026-07-01T18:45:00+00:00,,60139.99,,[]
2026-07-01T18:45:00+00:00,2026-07-01T19:00:00+00:00,,60222.0,,[]
2026-07-01T19:00:00+00:00,2026-07-01T19:15:00+00:00,,60170.0,,[]
2026-07-01T19:15:00+00:00,2026-07-01T19:30:00+00:00,,60280.01,,[]
2026-07-01T19:30:00+00:00,2026-07-01T19:45:00+00:00,,60157.15,,[]
2026-07-01T19:45:00+00:00,2026-07-01T20:00:00+00:00,,60206.64,,[]
2026-07-01T20:00:00+00:00,2026-07-01T20:15:00+00:00,,60050.0,,[]
2026-07-01T20:15:00+00:00,2026-07-01T20:30:00+00:00,,59997.82,,[]
2026-07-01T20:30:00+00:00,2026-07-01T20:45:00+00:00,,59974.0,,[]
2026-07-01T20:45:00+00:00,2026-07-01T21:00:00+00:00,,60043.45,,[]
2026-07-01T21:00:00+00:00,2026-07-01T21:15:00+00:00,,60126.0,,[]
2026-07-01T21:15:00+00:00,2026-07-01T21:30:00+00:00,,60447.21,,[]
2026-07-01T21:30:00+00:00,2026-07-01T21:45:00+00:00,,60527.98,,[]
2026-07-01T21:45:00+00:00,2026-07-01T22:00:00+00:00,,60819.99,,[]
2026-07-01T22:00:00+00:00,2026-07-01T22:15:00+00:00,,60815.99,,[]
2026-07-01T22:15:00+00:00,2026-07-01T22:30:00+00:00,,60810.01,,[]
2026-07-01T22:30:00+00:00,2026-07-01T22:45:00+00:00,,60631.8,,[]
2026-07-01T22:45:00+00:00,2026-07-01T23:00:00+00:00,,60490.4,,[]
2026-07-01T23:00:00+00:00,2026-07-01T23:15:00+00:00,,60464.87,,[]
2026-07-01T23:15:00+00:00,2026-07-01T23:30:00+00:00,,60250.8,,[]
2026-07-01T23:30:00+00:00,2026-07-01T23:45:00+00:00,,60208.14,,[]
2026-07-01T23:45:00+00:00,2026-07-02T00:00:00+00:00,,60158.73,,[]
2026-07-02T00:00:00+00:00,2026-07-02T00:15:00+00:00,,60017.01,,[]
2026-07-02T00:15:00+00:00,2026-07-02T00:30:00+00:00,,59955.85,,[]
2026-07-02T00:30:00+00:00,2026-07-02T00:45:00+00:00,,59787.99,,[]
2026-07-02T00:45:00+00:00,2026-07-02T01:00:00+00:00,,59631.99,,[]
2026-07-02T01:00:00+00:00,2026-07-02T01:15:00+00:00,,59761.73,,[]
2026-07-02T01:15:00+00:00,2026-07-02T01:30:00+00:00,,59939.99,,[]
2026-07-02T01:30:00+00:00,2026-07-02T01:45:00+00:00,,60042.82,,[]
2026-07-02T01:45:00+00:00,2026-07-02T02:00:00+00:00,,60199.74,,[]
2026-07-02T02:00:00+00:00,2026-07-02T02:15:00+00:00,,60175.91,,[]
2026-07-02T02:15:00+00:00,2026-07-02T02:30:00+00:00,,60177.95,,[]
2026-07-02T02:30:00+00:00,2026-07-02T02:45:00+00:00,,60214.0,,[]
2026-07-02T02:45:00+00:00,2026-07-02T03:00:00+00:00,,60407.01,,[]
2026-07-02T03:00:00+00:00,2026-07-02T03:15:00+00:00,,60431.99,,[]
2026-07-02T03:15:00+00:00,2026-07-02T03:30:00+00:00,,60485.89,,[]
2026-07-02T03:30:00+00:00,2026-07-02T03:45:00+00:00,,60541.43,,[]
2026-07-02T03:45:00+00:00,2026-07-02T04:00:00+00:00,,60812.46,,[]
2026-07-02T04:00:00+00:00,2026-07-02T04:15:00+00:00,,61058.0,,[]
2026-07-02T04:15:00+00:00,2026-07-02T04:30:00+00:00,,60941.03,,[]
2026-07-02T04:30:00+00:00,2026-07-02T04:45:00+00:00,,60847.4,,[]
2026-07-02T04:45:00+00:00,2026-07-02T05:00:00+00:00,,60775.4,,[]
2026-07-02T05:00:00+00:00,2026-07-02T05:15:00+00:00,,60787.98,,[]
2026-07-02T05:15:00+00:00,2026-07-02T05:30:00+00:00,,60856.88,,[]
2026-07-02T05:30:00+00:00,2026-07-02T05:45:00+00:00,,60745.64,,[]
2026-07-02T05:45:00+00:00,2026-07-02T06:00:00+00:00,,60609.8,,[]
2026-07-02T06:00:00+00:00,2026-07-02T06:15:00+00:00,,60512.2,,[]
2026-07-02T06:15:00+00:00,2026-07-02T06:30:00+00:00,,60410.01,,[]
2026-07-02T06:30:00+00:00,2026-07-02T06:45:00+00:00,,60476.54,,[]
2026-07-02T06:45:00+00:00,2026-07-02T07:00:00+00:00,,60534.41,,[]
2026-07-02T07:00:00+00:00,2026-07-02T07:15:00+00:00,,60274.0,,[]
2026-07-02T07:15:00+00:00,2026-07-02T07:30:00+00:00,,60240.06,,[]
2026-07-02T07:30:00+00:00,2026-07-02T07:45:00+00:00,,60165.01,,[]
2026-07-02T07:45:00+00:00,2026-07-02T08:00:00+00:00,,60136.29,,[]
2026-07-02T08:00:00+00:00,2026-07-02T08:15:00+00:00,,60146.98,,[]
2026-07-02T08:15:00+00:00,2026-07-02T08:30:00+00:00,,60314.52,,[]
2026-07-02T08:30:00+00:00,2026-07-02T08:45:00+00:00,,60350.01,,[]
