ticker,open_time,close_time,floor_strike,result
KXBTC15M-26APR172000-00,2026-04-17T23:45:00Z,2026-04-18T00:00:00Z,77065.49,yes
KXBTC15M-26APR172015-15,2026-04-18T00:00:00Z,2026-04-18T00:15:00Z,77147.86,no
KXBTC15M-26APR172030-30,2026-04-18T00:15:00Z,2026-04-18T00:30:00Z,77130.77,yes
KXBTC15M-26APR172045-45,2026-04-18T00:30:00Z,2026-04-18T00:45:00Z,77259.74,no
KXBTC15M-26APR172100-00,2026-04-18T00:45:00Z,2026-04-18T01:00:00Z,77100.84,yes
KXBTC15M-26APR172115-15,2026-04-18T01:00:00Z,2026-04-18T01:15:00Z,77192.73,yes
KXBTC15M-26APR172130-30,2026-04-18T01:15:00Z,2026-04-18T01:30:00Z,77344.83,no
KXBTC15M-26APR172145-45,2026-04-18T01:30:00Z,2026-04-18T01:45:00Z,77324.84,no
KXBTC15M-26APR172200-00,2026-04-18T01:45:00Z,2026-04-18T02:00:00Z,77306.26,no
KXBTC15M-26APR172215-15,2026-04-18T02:00:00Z,2026-04-18T02:15:00Z,77248.6,yes
KXBTC15M-26APR172230-30,2026-04-18T02:15:00Z,2026-04-18T02:30:00Z,77289.07,yes
KXBTC15M-26APR172245-45,2026-04-18T02:30:00Z,2026-04-18T02:45:00Z,77354.57,no
KXBTC15M-26APR172300-00,2026-04-18T02:45:00Z,2026-04-18T03:00:00Z,77348.83,no
KXBTC15M-26APR172315-15,2026-04-18T03:00:00Z,2026-04-18T03:15:00Z,77325.55,no
KXBTC15M-26APR172330-30,2026-04-18T03:15:00Z,2026-04-18T03:30:00Z,77296.53,no
KXBTC15M-26APR172345-45,2026-04-18T03:30:00Z,2026-04-18T03:45:00Z,77213.22,no
KXBTC15M-26APR180000-00,2026-04-18T03:45:00Z,2026-04-18T04:00:00Z,77199.6,no
KXBTC15M-26APR180015-15,2026-04-18T04:00:00Z,2026-04-18T04:15:00Z,77033.8,yes
KXBTC15M-26APR180030-30,2026-04-18T04:15:00Z,2026-04-18T04:30:00Z,77120.86,no
KXBTC15M-26APR180045-45,2026-04-18T04:30:00Z,2026-04-18T04:45:00Z,77029.63,yes
KXBTC15M-26APR180100-00,2026-04-18T04:45:00Z,2026-04-18T05:00:00Z,77099.21,yes
KXBTC15M-26APR180115-15,2026-04-18T05:00:00Z,2026-04-18T05:15:00Z,77162.91,yes
KXBTC15M-26APR180130-30,2026-04-18T05:15:00Z,2026-04-18T05:30:00Z,77239.04,no
KXBTC15M-26APR180145-45,2026-04-18T05:30:00Z,2026-04-18T05:45:00Z,77196.61,no
KXBTC15M-26APR180200-00,2026-04-18T05:45:00Z,2026-04-18T06:00:00Z,77187.94,no
KXBTC15M-26APR180215-15,2026-04-18T06:00:00Z,2026-04-18T06:15:00Z,77169.38,yes
KXBTC15M-26APR180230-30,2026-04-18T06:15:00Z,2026-04-18T06:30:00Z,77204.85,no
KXBTC15M-26APR180245-45,2026-04-18T06:30:00Z,2026-04-18T06:45:00Z,77131.18,yes
KXBTC15M-26APR180300-00,2026-04-18T06:45:00Z,2026-04-18T07:00:00Z,77170.42,no
KXBTC15M-26APR180315-15,2026-04-18T07:00:00Z,2026-04-18T07:15:00Z,77138.69,no
KXBTC15M-26APR180330-30,2026-04-18T07:15:00Z,2026-04-18T07:30:00Z,77101.68,yes
KXBTC15M-26APR180345-45,2026-04-18T07:30:00Z,2026-04-18T07:45:00Z,77118.42,no
KXBTC15M-26APR180400-00,2026-04-18T07:45:00Z,2026-04-18T08:00:00Z,77016.72,yes
KXBTC15M-26APR180415-15,2026-04-18T08:00:00Z,2026-04-18T08:15:00Z,77018.78,no
KXBTC15M-26APR180430-30,2026-04-18T08:15:00Z,2026-04-18T08:30:00Z,76894.26,no
KXBTC15M-26APR180445-45,2026-04-18T08:30:00Z,2026-04-18T08:45:00Z,76732.98,no
KXBTC15M-26APR180500-00,2026-04-18T08:45:00Z,2026-04-18T09:00:00Z,76553.78,yes
KXBTC15M-26APR180515-15,2026-04-18T09:00:00Z,2026-04-18T09:15:00Z,76763.6,no
KXBTC15M-26APR180530-30,2026-04-18T09:15:00Z,2026-04-18T09:30:00Z,76576.23,yes
KXBTC15M-26APR180545-45,2026-04-18T09:30:00Z,2026-04-18T09:45:00Z,76603.61,yes
KXBTC15M-26APR180600-00,2026-04-18T09:45:00Z,2026-04-18T10:00:00Z,76653.53,no
KXBTC15M-26APR180615-15,2026-04-18T10:00:00Z,2026-04-18T10:15:00Z,76632.2,no
KXBTC15M-26APR180630-30,2026-04-18T10:15:00Z,2026-04-18T10:30:00Z,76314.14,yes
KXBTC15M-26APR180645-45,2026-04-18T10:30:00Z,2026-04-18T10:45:00Z,76353.44,no
KXBTC15M-26APR180700-00,2026-04-18T10:45:00Z,2026-04-18T11:00:00Z,76277.29,no
KXBTC15M-26APR180715-15,2026-04-18T11:00:00Z,2026-04-18T11:15:00Z,76194.11,no
KXBTC15M-26APR180730-30,2026-04-18T11:15:00Z,2026-04-18T11:30:00Z,76007.95,yes
KXBTC15M-26APR180745-45,2026-04-18T11:30:00Z,2026-04-18T11:45:00Z,76091.8,no
KXBTC15M-26APR180800-00,2026-04-18T11:45:00Z,2026-04-18T12:00:00Z,75862.47,yes
KXBTC15M-26APR180815-15,2026-04-18T12:00:00Z,2026-04-18T12:15:00Z,76070.49,yes
KXBTC15M-26APR180830-30,2026-04-18T12:15:00Z,2026-04-18T12:30:00Z,76232.33,no
KXBTC15M-26APR180845-45,2026-04-18T12:30:00Z,2026-04-18T12:45:00Z,76203.65,no
KXBTC15M-26APR180900-00,2026-04-18T12:45:00Z,2026-04-18T13:00:00Z,76197.71,yes
KXBTC15M-26APR180915-15,2026-04-18T13:00:00Z,2026-04-18T13:15:00Z,76241.06,no
KXBTC15M-26APR180930-30,2026-04-18T13:15:00Z,2026-04-18T13:30:00Z,76192.88,no
KXBTC15M-26APR180945-45,2026-04-18T13:30:00Z,2026-04-18T13:45:00Z,76126.43,no
KXBTC15M-26APR181000-00,2026-04-18T13:45:00Z,2026-04-18T14:00:00Z,75990.1,yes
KXBTC15M-26APR181015-15,2026-04-18T14:00:00Z,2026-04-18T14:15:00Z,76158.73,yes
KXBTC15M-26APR181030-30,2026-04-18T14:15:00Z,2026-04-18T14:30:00Z,76187.14,no
KXBTC15M-26APR181045-45,2026-04-18T14:30:00Z,2026-04-18T14:45:00Z,76168.86,yes
KXBTC15M-26APR181100-00,2026-04-18T14:45:00Z,2026-04-18T15:00:00Z,76258.18,yes
KXBTC15M-26APR181115-15,2026-04-18T15:00:00Z,2026-04-18T15:15:00Z,76283.99,no
KXBTC15M-26APR181130-30,2026-04-18T15:15:00Z,2026-04-18T15:30:00Z,76223.47,yes
KXBTC15M-26APR181145-45,2026-04-18T15:30:00Z,2026-04-18T15:45:00Z,76239.77,no
KXBTC15M-26APR181200-00,2026-04-18T15:45:00Z,2026-04-18T16:00:00Z,76171.35,yes
KXBTC15M-26APR181215-15,2026-04-18T16:00:00Z,2026-04-18T16:15:00Z,76193.98,yes
KXBTC15M-26APR181230-30,2026-04-18T16:15:00Z,2026-04-18T16:30:00Z,76241.22,no
KXBTC15M-26APR181245-45,2026-04-18T16:30:00Z,2026-04-18T16:45:00Z,76129.23,no
KXBTC15M-26APR181300-00,2026-04-18T16:45:00Z,2026-04-18T17:00:00Z,76039.25,no
KXBTC15M-26APR181315-15,2026-04-18T17:00:00Z,2026-04-18T17:15:00Z,75974.05,no
KXBTC15M-26APR181330-30,2026-04-18T17:15:00Z,2026-04-18T17:30:00Z,75861.99,yes
KXBTC15M-26APR181345-45,2026-04-18T17:30:00Z,2026-04-18T17:45:00Z,75908.53,yes
KXBTC15M-26APR181400-00,2026-04-18T17:45:00Z,2026-04-18T18:00:00Z,75919.56,no
KXBTC15M-26APR181415-15,2026-04-18T18:00:00Z,2026-04-18T18:15:00Z,75878.31,no
KXBTC15M-26APR181430-30,2026-04-18T18:15:00Z,2026-04-18T18:30:00Z,75833.99,no
KXBTC15M-26APR181445-45,2026-04-18T18:30:00Z,2026-04-18T18:45:00Z,75696.98,no
KXBTC15M-26APR181500-00,2026-04-18T18:45:00Z,2026-04-18T19:00:00Z,75597.07,yes
KXBTC15M-26APR181515-15,2026-04-18T19:00:00Z,2026-04-18T19:15:00Z,75677.05,yes
KXBTC15M-26APR181530-30,2026-04-18T19:15:00Z,2026-04-18T19:30:00Z,75779.53,no
KXBTC15M-26APR181545-45,2026-04-18T19:30:00Z,2026-04-18T19:45:00Z,75722.63,no
KXBTC15M-26APR181600-00,2026-04-18T19:45:00Z,2026-04-18T20:00:00Z,75631.79,yes
KXBTC15M-26APR181615-15,2026-04-18T20:00:00Z,2026-04-18T20:15:00Z,75695.91,yes
KXBTC15M-26APR181630-30,2026-04-18T20:15:00Z,2026-04-18T20:30:00Z,75725.24,yes
KXBTC15M-26APR181645-45,2026-04-18T20:30:00Z,2026-04-18T20:45:00Z,75748.07,yes
KXBTC15M-26APR181700-00,2026-04-18T20:45:00Z,2026-04-18T21:00:00Z,75815.77,no
KXBTC15M-26APR181715-15,2026-04-18T21:00:00Z,2026-04-18T21:15:00Z,75796.88,no
KXBTC15M-26APR181730-30,2026-04-18T21:15:00Z,2026-04-18T21:30:00Z,75775.3,no
KXBTC15M-26APR181745-45,2026-04-18T21:30:00Z,2026-04-18T21:45:00Z,75742.25,yes
KXBTC15M-26APR181800-00,2026-04-18T21:45:00Z,2026-04-18T22:00:00Z,75759.73,yes
KXBTC15M-26APR181815-15,2026-04-18T22:00:00Z,2026-04-18T22:15:00Z,75845.07,no
KXBTC15M-26APR181830-30,2026-04-18T22:15:00Z,2026-04-18T22:30:00Z,75697.07,yes
KXBTC15M-26APR181845-45,2026-04-18T22:30:00Z,2026-04-18T22:45:00Z,75746.44,yes
KXBTC15M-26APR181900-00,2026-04-18T22:45:00Z,2026-04-18T23:00:00Z,75808.16,yes
KXBTC15M-26APR181915-15,2026-04-18T23:00:00Z,2026-04-18T23:15:00Z,75858.14,yes
KXBTC15M-26APR181930-30,2026-04-18T23:15:00Z,2026-04-18T23:30:00Z,75868.99,no
KXBTC15M-26APR181945-45,2026-04-18T23:30:00Z,2026-04-18T23:45:00Z,75860.84,no
KXBTC15M-26APR182000-00,2026-04-18T23:45:00Z,2026-04-19T00:00:00Z,75793.14,no
KXBTC15M-26APR182015-15,2026-04-19T00:00:00Z,2026-04-19T00:15:00Z,75735.24,yes
KXBTC15M-26APR182030-30,2026-04-19T00:15:00Z,2026-04-19T00:30:00Z,75804.74,no
KXBTC15M-26APR182045-45,2026-04-19T00:30:00Z,2026-04-19T00:45:00Z,75645.92,no
KXBTC15M-26APR182100-00,2026-04-19T00:45:00Z,2026-04-19T01:00:00Z,75613.58,yes
KXBTC15M-26APR182115-15,2026-04-19T01:00:00Z,2026-04-19T01:15:00Z,75681.2,no
KXBTC15M-26APR182130-30,2026-04-19T01:15:00Z,2026-04-19T01:30:00Z,75677.36,no
KXBTC15M-26APR182145-45,2026-04-19T01:30:00Z,2026-04-19T01:45:00Z,75588.93,yes
KXBTC15M-26APR182200-00,2026-04-19T01:45:00Z,2026-04-19T02:00:00Z,75588.98,yes
KXBTC15M-26APR182215-15,2026-04-19T02:00:00Z,2026-04-19T02:15:00Z,75653.13,no
KXBTC15M-26APR182230-30,2026-04-19T02:15:00Z,2026-04-19T02:30:00Z,75649.54,no
KXBTC15M-26APR182245-45,2026-04-19T02:30:00Z,2026-04-19T02:45:00Z,75515.78,yes
KXBTC15M-26APR182300-00,2026-04-19T02:45:00Z,2026-04-19T03:00:00Z,75688.75,no
KXBTC15M-26APR182315-15,2026-04-19T03:00:00Z,2026-04-19T03:15:00Z,75560,yes
KXBTC15M-26APR182330-30,2026-04-19T03:15:00Z,2026-04-19T03:30:00Z,75562.61,no
KXBTC15M-26APR182345-45,2026-04-19T03:30:00Z,2026-04-19T03:45:00Z,75542.14,yes
KXBTC15M-26APR190000-00,2026-04-19T03:45:00Z,2026-04-19T04:00:00Z,75633.21,no
KXBTC15M-26APR190015-15,2026-04-19T04:00:00Z,2026-04-19T04:15:00Z,75550.22,yes
KXBTC15M-26APR190030-30,2026-04-19T04:15:00Z,2026-04-19T04:30:00Z,75758.17,no
KXBTC15M-26APR190045-45,2026-04-19T04:30:00Z,2026-04-19T04:45:00Z,75718.82,no
KXBTC15M-26APR190100-00,2026-04-19T04:45:00Z,2026-04-19T05:00:00Z,75554.02,yes
KXBTC15M-26APR190115-15,2026-04-19T05:00:00Z,2026-04-19T05:15:00Z,75701.86,no
KXBTC15M-26APR190130-30,2026-04-19T05:15:00Z,2026-04-19T05:30:00Z,75591.42,yes
KXBTC15M-26APR190145-45,2026-04-19T05:30:00Z,2026-04-19T05:45:00Z,75597,yes
KXBTC15M-26APR190200-00,2026-04-19T05:45:00Z,2026-04-19T06:00:00Z,75641.01,no
KXBTC15M-26APR190215-15,2026-04-19T06:00:00Z,2026-04-19T06:15:00Z,75585.57,no
KXBTC15M-26APR190230-30,2026-04-19T06:15:00Z,2026-04-19T06:30:00Z,75448.9,no
KXBTC15M-26APR190245-45,2026-04-19T06:30:00Z,2026-04-19T06:45:00Z,75447.72,yes
KXBTC15M-26APR190300-00,2026-04-19T06:45:00Z,2026-04-19T07:00:00Z,75464.44,no
KXBTC15M-26APR190315-15,2026-04-19T07:00:00Z,2026-04-19T07:15:00Z,75428.5,no
KXBTC15M-26APR190330-30,2026-04-19T07:15:00Z,2026-04-19T07:30:00Z,75283.15,no
KXBTC15M-26APR190345-45,2026-04-19T07:30:00Z,2026-04-19T07:45:00Z,75034.56,yes
KXBTC15M-26APR190400-00,2026-04-19T07:45:00Z,2026-04-19T08:00:00Z,75230.48,yes
KXBTC15M-26APR190415-15,2026-04-19T08:00:00Z,2026-04-19T08:15:00Z,75301.79,yes
KXBTC15M-26APR190430-30,2026-04-19T08:15:00Z,2026-04-19T08:30:00Z,75309.03,no
KXBTC15M-26APR190445-45,2026-04-19T08:30:00Z,2026-04-19T08:45:00Z,75204.77,yes
KXBTC15M-26APR190500-00,2026-04-19T08:45:00Z,2026-04-19T09:00:00Z,75276.47,no
KXBTC15M-26APR190515-15,2026-04-19T09:00:00Z,2026-04-19T09:15:00Z,75273.9,no
KXBTC15M-26APR190530-30,2026-04-19T09:15:00Z,2026-04-19T09:30:00Z,75218.29,no
KXBTC15M-26APR190545-45,2026-04-19T09:30:00Z,2026-04-19T09:45:00Z,75141.95,no
KXBTC15M-26APR190600-00,2026-04-19T09:45:00Z,2026-04-19T10:00:00Z,75111.93,no
KXBTC15M-26APR190615-15,2026-04-19T10:00:00Z,2026-04-19T10:15:00Z,75045.21,yes
KXBTC15M-26APR190630-30,2026-04-19T10:15:00Z,2026-04-19T10:30:00Z,75075.31,yes
KXBTC15M-26APR190645-45,2026-04-19T10:30:00Z,2026-04-19T10:45:00Z,75121.6,yes
KXBTC15M-26APR190700-00,2026-04-19T10:45:00Z,2026-04-19T11:00:00Z,75125.32,yes
KXBTC15M-26APR190715-15,2026-04-19T11:00:00Z,2026-04-19T11:15:00Z,75251.35,yes
KXBTC15M-26APR190730-30,2026-04-19T11:15:00Z,2026-04-19T11:30:00Z,75425.02,no
KXBTC15M-26APR190745-45,2026-04-19T11:30:00Z,2026-04-19T11:45:00Z,75420.84,yes
KXBTC15M-26APR190800-00,2026-04-19T11:45:00Z,2026-04-19T12:00:00Z,75550.24,yes
KXBTC15M-26APR190815-15,2026-04-19T12:00:00Z,2026-04-19T12:15:00Z,75635.84,yes
KXBTC15M-26APR190830-30,2026-04-19T12:15:00Z,2026-04-19T12:30:00Z,75665.4,no
KXBTC15M-26APR190845-45,2026-04-19T12:30:00Z,2026-04-19T12:45:00Z,75562.87,no
KXBTC15M-26APR190900-00,2026-04-19T12:45:00Z,2026-04-19T13:00:00Z,75541.07,yes
KXBTC15M-26APR190915-15,2026-04-19T13:00:00Z,2026-04-19T13:15:00Z,75614.08,yes
KXBTC15M-26APR190930-30,2026-04-19T13:15:00Z,2026-04-19T13:30:00Z,75770.75,yes
KXBTC15M-26APR190945-45,2026-04-19T13:30:00Z,2026-04-19T13:45:00Z,76070.78,no
KXBTC15M-26APR191000-00,2026-04-19T13:45:00Z,2026-04-19T14:00:00Z,76055.76,no
KXBTC15M-26APR191015-15,2026-04-19T14:00:00Z,2026-04-19T14:15:00Z,75929.04,no
KXBTC15M-26APR191030-30,2026-04-19T14:15:00Z,2026-04-19T14:30:00Z,75832.34,yes
KXBTC15M-26APR191045-45,2026-04-19T14:30:00Z,2026-04-19T14:45:00Z,76001.65,yes
KXBTC15M-26APR191100-00,2026-04-19T14:45:00Z,2026-04-19T15:00:00Z,76012.01,yes
KXBTC15M-26APR191115-15,2026-04-19T15:00:00Z,2026-04-19T15:15:00Z,76064.92,yes
KXBTC15M-26APR191130-30,2026-04-19T15:15:00Z,2026-04-19T15:30:00Z,76065.26,no
KXBTC15M-26APR191145-45,2026-04-19T15:30:00Z,2026-04-19T15:45:00Z,76001.93,no
KXBTC15M-26APR191200-00,2026-04-19T15:45:00Z,2026-04-19T16:00:00Z,75771.7,yes
KXBTC15M-26APR191215-15,2026-04-19T16:00:00Z,2026-04-19T16:15:00Z,75856.82,no
KXBTC15M-26APR191230-30,2026-04-19T16:15:00Z,2026-04-19T16:30:00Z,75718.09,no
KXBTC15M-26APR191245-45,2026-04-19T16:30:00Z,2026-04-19T16:45:00Z,75608.21,no
KXBTC15M-26APR191300-00,2026-04-19T16:45:00Z,2026-04-19T17:00:00Z,75566.5,no
KXBTC15M-26APR191315-15,2026-04-19T17:00:00Z,2026-04-19T17:15:00Z,75429.83,no
KXBTC15M-26APR191330-30,2026-04-19T17:15:00Z,2026-04-19T17:30:00Z,75275.98,yes
KXBTC15M-26APR191345-45,2026-04-19T17:30:00Z,2026-04-19T17:45:00Z,75299.67,no
KXBTC15M-26APR191400-00,2026-04-19T17:45:00Z,2026-04-19T18:00:00Z,75221.92,no
KXBTC15M-26APR191415-15,2026-04-19T18:00:00Z,2026-04-19T18:15:00Z,74817.55,yes
KXBTC15M-26APR191430-30,2026-04-19T18:15:00Z,2026-04-19T18:30:00Z,74844.39,no
KXBTC15M-26APR191445-45,2026-04-19T18:30:00Z,2026-04-19T18:45:00Z,74813.42,no
KXBTC15M-26APR191500-00,2026-04-19T18:45:00Z,2026-04-19T19:00:00Z,74705.76,yes
KXBTC15M-26APR191515-15,2026-04-19T19:00:00Z,2026-04-19T19:15:00Z,74803.9,yes
KXBTC15M-26APR191530-30,2026-04-19T19:15:00Z,2026-04-19T19:30:00Z,74994.71,yes
KXBTC15M-26APR191545-45,2026-04-19T19:30:00Z,2026-04-19T19:45:00Z,74997.11,yes
KXBTC15M-26APR191600-00,2026-04-19T19:45:00Z,2026-04-19T20:00:00Z,75012.68,no
KXBTC15M-26APR191615-15,2026-04-19T20:00:00Z,2026-04-19T20:15:00Z,75001.15,no
KXBTC15M-26APR191630-30,2026-04-19T20:15:00Z,2026-04-19T20:30:00Z,74813.53,no
KXBTC15M-26APR191645-45,2026-04-19T20:30:00Z,2026-04-19T20:45:00Z,74783.1,no
KXBTC15M-26APR191700-00,2026-04-19T20:45:00Z,2026-04-19T21:00:00Z,74661.86,yes
KXBTC15M-26APR191715-15,2026-04-19T21:00:00Z,2026-04-19T21:15:00Z,74665.57,yes
KXBTC15M-26APR191730-30,2026-04-19T21:15:00Z,2026-04-19T21:30:00Z,74716.27,yes
KXBTC15M-26APR191745-45,2026-04-19T21:30:00Z,2026-04-19T21:45:00Z,74783.72,no
KXBTC15M-26APR191800-00,2026-04-19T21:45:00Z,2026-04-19T22:00:00Z,74779.72,no
KXBTC15M-26APR191815-15,2026-04-19T22:00:00Z,2026-04-19T22:15:00Z,74478.8,no
KXBTC15M-26APR191830-30,2026-04-19T22:15:00Z,2026-04-19T22:30:00Z,74047.31,no
KXBTC15M-26APR191845-45,2026-04-19T22:30:00Z,2026-04-19T22:45:00Z,74009.91,yes
KXBTC15M-26APR191900-00,2026-04-19T22:45:00Z,2026-04-19T23:00:00Z,74158.02,no
KXBTC15M-26APR191915-15,2026-04-19T23:00:00Z,2026-04-19T23:15:00Z,74124.03,no
KXBTC15M-26APR191930-30,2026-04-19T23:15:00Z,2026-04-19T23:30:00Z,74037.86,no
KXBTC15M-26APR191945-45,2026-04-19T23:30:00Z,2026-04-19T23:45:00Z,73908.87,yes
KXBTC15M-26APR192000-00,2026-04-19T23:45:00Z,2026-04-20T00:00:00Z,73918.56,no
KXBTC15M-26APR192015-15,2026-04-20T00:00:00Z,2026-04-20T00:15:00Z,73846.78,yes
KXBTC15M-26APR192030-30,2026-04-20T00:15:00Z,2026-04-20T00:30:00Z,74112.58,yes
KXBTC15M-26APR192045-45,2026-04-20T00:30:00Z,2026-04-20T00:45:00Z,74270.97,no
KXBTC15M-26APR192100-00,2026-04-20T00:45:00Z,2026-04-20T01:00:00Z,74208.95,yes
KXBTC15M-26APR192115-15,2026-04-20T01:00:00Z,2026-04-20T01:15:00Z,74350.32,yes
KXBTC15M-26APR192130-30,2026-04-20T01:15:00Z,2026-04-20T01:30:00Z,74370.21,no
KXBTC15M-26APR192145-45,2026-04-20T01:30:00Z,2026-04-20T01:45:00Z,74324.5,yes
KXBTC15M-26APR192200-00,2026-04-20T01:45:00Z,2026-04-20T02:00:00Z,74704.86,no
KXBTC15M-26APR192215-15,2026-04-20T02:00:00Z,2026-04-20T02:15:00Z,74623.12,no
KXBTC15M-26APR192230-30,2026-04-20T02:15:00Z,2026-04-20T02:30:00Z,74407.63,yes
KXBTC15M-26APR192245-45,2026-04-20T02:30:00Z,2026-04-20T02:45:00Z,74490.95,yes
KXBTC15M-26APR192300-00,2026-04-20T02:45:00Z,2026-04-20T03:00:00Z,74496.58,no
KXBTC15M-26APR192315-15,2026-04-20T03:00:00Z,2026-04-20T03:15:00Z,74452.24,yes
KXBTC15M-26APR192330-30,2026-04-20T03:15:00Z,2026-04-20T03:30:00Z,74511.32,yes
KXBTC15M-26APR192345-45,2026-04-20T03:30:00Z,2026-04-20T03:45:00Z,74549.66,yes
KXBTC15M-26APR200000-00,2026-04-20T03:45:00Z,2026-04-20T04:00:00Z,74608.74,yes
KXBTC15M-26APR200015-15,2026-04-20T04:00:00Z,2026-04-20T04:15:00Z,74661.4,no
KXBTC15M-26APR200030-30,2026-04-20T04:15:00Z,2026-04-20T04:30:00Z,74554.31,no
KXBTC15M-26APR200045-45,2026-04-20T04:30:00Z,2026-04-20T04:45:00Z,74537.93,no
KXBTC15M-26APR200100-00,2026-04-20T04:45:00Z,2026-04-20T05:00:00Z,74493.01,yes
KXBTC15M-26APR200115-15,2026-04-20T05:00:00Z,2026-04-20T05:15:00Z,74595.51,no
KXBTC15M-26APR200130-30,2026-04-20T05:15:00Z,2026-04-20T05:30:00Z,74342.67,no
KXBTC15M-26APR200145-45,2026-04-20T05:30:00Z,2026-04-20T05:45:00Z,74187.11,yes
KXBTC15M-26APR200200-00,2026-04-20T05:45:00Z,2026-04-20T06:00:00Z,74211.94,yes
KXBTC15M-26APR200215-15,2026-04-20T06:00:00Z,2026-04-20T06:15:00Z,74301.93,yes
KXBTC15M-26APR200230-30,2026-04-20T06:15:00Z,2026-04-20T06:30:00Z,74330.54,yes
KXBTC15M-26APR200245-45,2026-04-20T06:30:00Z,2026-04-20T06:45:00Z,74403.81,yes
KXBTC15M-26APR200300-00,2026-04-20T06:45:00Z,2026-04-20T07:00:00Z,74788.2,yes
KXBTC15M-26APR200315-15,2026-04-20T07:00:00Z,2026-04-20T07:15:00Z,74817.47,yes
KXBTC15M-26APR200330-30,2026-04-20T07:15:00Z,2026-04-20T07:30:00Z,74835.42,yes
KXBTC15M-26APR200345-45,2026-04-20T07:30:00Z,2026-04-20T07:45:00Z,75212.77,no
KXBTC15M-26APR200400-00,2026-04-20T07:45:00Z,2026-04-20T08:00:00Z,74985.17,no
KXBTC15M-26APR200415-15,2026-04-20T08:00:00Z,2026-04-20T08:15:00Z,74834.91,yes
KXBTC15M-26APR200430-30,2026-04-20T08:15:00Z,2026-04-20T08:30:00Z,74875.6,no
KXBTC15M-26APR200445-45,2026-04-20T08:30:00Z,2026-04-20T08:45:00Z,74838.71,yes
KXBTC15M-26APR200500-00,2026-04-20T08:45:00Z,2026-04-20T09:00:00Z,74857.62,no
KXBTC15M-26APR200515-15,2026-04-20T09:00:00Z,2026-04-20T09:15:00Z,74762.85,yes
KXBTC15M-26APR200530-30,2026-04-20T09:15:00Z,2026-04-20T09:30:00Z,75068.39,no
KXBTC15M-26APR200545-45,2026-04-20T09:30:00Z,2026-04-20T09:45:00Z,75037.64,yes
KXBTC15M-26APR200600-00,2026-04-20T09:45:00Z,2026-04-20T10:00:00Z,75191.36,no
KXBTC15M-26APR200615-15,2026-04-20T10:00:00Z,2026-04-20T10:15:00Z,75090.66,yes
KXBTC15M-26APR200630-30,2026-04-20T10:15:00Z,2026-04-20T10:30:00Z,75375.23,no
KXBTC15M-26APR200645-45,2026-04-20T10:30:00Z,2026-04-20T10:45:00Z,75336.46,no
KXBTC15M-26APR200700-00,2026-04-20T10:45:00Z,2026-04-20T11:00:00Z,75212.8,no
KXBTC15M-26APR200715-15,2026-04-20T11:00:00Z,2026-04-20T11:15:00Z,75055.77,yes
KXBTC15M-26APR200730-30,2026-04-20T11:15:00Z,2026-04-20T11:30:00Z,75191.21,yes
KXBTC15M-26APR200745-45,2026-04-20T11:30:00Z,2026-04-20T11:45:00Z,75228.18,yes
KXBTC15M-26APR200800-00,2026-04-20T11:45:00Z,2026-04-20T12:00:00Z,75254.31,no
KXBTC15M-26APR200815-15,2026-04-20T12:00:00Z,2026-04-20T12:15:00Z,75207.85,yes
KXBTC15M-26APR200830-30,2026-04-20T12:15:00Z,2026-04-20T12:30:00Z,75385.56,yes
KXBTC15M-26APR200845-45,2026-04-20T12:30:00Z,2026-04-20T12:45:00Z,75447.85,no
KXBTC15M-26APR200900-00,2026-04-20T12:45:00Z,2026-04-20T13:00:00Z,75264.7,yes
KXBTC15M-26APR200915-15,2026-04-20T13:00:00Z,2026-04-20T13:15:00Z,75320.45,no
KXBTC15M-26APR200930-30,2026-04-20T13:15:00Z,2026-04-20T13:30:00Z,75273.52,no
KXBTC15M-26APR200945-45,2026-04-20T13:30:00Z,2026-04-20T13:45:00Z,75184.17,yes
KXBTC15M-26APR201000-00,2026-04-20T13:45:00Z,2026-04-20T14:00:00Z,75256.47,yes
KXBTC15M-26APR201015-15,2026-04-20T14:00:00Z,2026-04-20T14:15:00Z,75294.84,no
KXBTC15M-26APR201030-30,2026-04-20T14:15:00Z,2026-04-20T14:30:00Z,75105.07,yes
KXBTC15M-26APR201045-45,2026-04-20T14:30:00Z,2026-04-20T14:45:00Z,75571.86,no
KXBTC15M-26APR201100-00,2026-04-20T14:45:00Z,2026-04-20T15:00:00Z,75375.79,no
KXBTC15M-26APR201115-15,2026-04-20T15:00:00Z,2026-04-20T15:15:00Z,75039.75,no
KXBTC15M-26APR201130-30,2026-04-20T15:15:00Z,2026-04-20T15:30:00Z,75034.16,yes
KXBTC15M-26APR201145-45,2026-04-20T15:30:00Z,2026-04-20T15:45:00Z,75680.32,no
KXBTC15M-26APR201200-00,2026-04-20T15:45:00Z,2026-04-20T16:00:00Z,75627.28,yes
KXBTC15M-26APR201215-15,2026-04-20T16:00:00Z,2026-04-20T16:15:00Z,75740.1,no
KXBTC15M-26APR201230-30,2026-04-20T16:15:00Z,2026-04-20T16:30:00Z,75451.85,no
KXBTC15M-26APR201245-45,2026-04-20T16:30:00Z,2026-04-20T16:45:00Z,75408.99,yes
KXBTC15M-26APR201300-00,2026-04-20T16:45:00Z,2026-04-20T17:00:00Z,75520.34,no
KXBTC15M-26APR201315-15,2026-04-20T17:00:00Z,2026-04-20T17:15:00Z,75350.85,yes
KXBTC15M-26APR201330-30,2026-04-20T17:15:00Z,2026-04-20T17:30:00Z,75684.5,yes
KXBTC15M-26APR201345-45,2026-04-20T17:30:00Z,2026-04-20T17:45:00Z,75776.11,yes
KXBTC15M-26APR201400-00,2026-04-20T17:45:00Z,2026-04-20T18:00:00Z,75824.05,yes
KXBTC15M-26APR201415-15,2026-04-20T18:00:00Z,2026-04-20T18:15:00Z,75944.84,yes
KXBTC15M-26APR201430-30,2026-04-20T18:15:00Z,2026-04-20T18:30:00Z,76310.85,no
KXBTC15M-26APR201445-45,2026-04-20T18:30:00Z,2026-04-20T18:45:00Z,76151.82,yes
KXBTC15M-26APR201500-00,2026-04-20T18:45:00Z,2026-04-20T19:00:00Z,76204.99,yes
KXBTC15M-26APR201515-15,2026-04-20T19:00:00Z,2026-04-20T19:15:00Z,76450.17,no
KXBTC15M-26APR201530-30,2026-04-20T19:15:00Z,2026-04-20T19:30:00Z,76398.17,no
KXBTC15M-26APR201545-45,2026-04-20T19:30:00Z,2026-04-20T19:45:00Z,76238.51,yes
KXBTC15M-26APR201600-00,2026-04-20T19:45:00Z,2026-04-20T20:00:00Z,76279,yes
KXBTC15M-26APR201615-15,2026-04-20T20:00:00Z,2026-04-20T20:15:00Z,76314.38,yes
KXBTC15M-26APR201630-30,2026-04-20T20:15:00Z,2026-04-20T20:30:00Z,76390.04,no
KXBTC15M-26APR201645-45,2026-04-20T20:30:00Z,2026-04-20T20:45:00Z,76361.85,no
KXBTC15M-26APR201700-00,2026-04-20T20:45:00Z,2026-04-20T21:00:00Z,76288.29,yes
KXBTC15M-26APR201715-15,2026-04-20T21:00:00Z,2026-04-20T21:15:00Z,76318.72,no
KXBTC15M-26APR201730-30,2026-04-20T21:15:00Z,2026-04-20T21:30:00Z,76037.41,no
KXBTC15M-26APR201745-45,2026-04-20T21:30:00Z,2026-04-20T21:45:00Z,75978.37,no
KXBTC15M-26APR201800-00,2026-04-20T21:45:00Z,2026-04-20T22:00:00Z,75938.75,yes
KXBTC15M-26APR201815-15,2026-04-20T22:00:00Z,2026-04-20T22:15:00Z,75985.39,yes
KXBTC15M-26APR201830-30,2026-04-20T22:15:00Z,2026-04-20T22:30:00Z,76090.28,no
KXBTC15M-26APR201845-45,2026-04-20T22:30:00Z,2026-04-20T22:45:00Z,75963.82,yes
KXBTC15M-26APR201900-00,2026-04-20T22:45:00Z,2026-04-20T23:00:00Z,76006.07,yes
KXBTC15M-26APR201915-15,2026-04-20T23:00:00Z,2026-04-20T23:15:00Z,76007.89,no
KXBTC15M-26APR201930-30,2026-04-20T23:15:00Z,2026-04-20T23:30:00Z,75800.84,no
KXBTC15M-26APR201945-45,2026-04-20T23:30:00Z,2026-04-20T23:45:00Z,75694.25,yes
KXBTC15M-26APR202000-00,2026-04-20T23:45:00Z,2026-04-21T00:00:00Z,75806.09,yes
KXBTC15M-26APR202015-15,2026-04-21T00:00:00Z,2026-04-21T00:15:00Z,75885.91,yes
KXBTC15M-26APR202030-30,2026-04-21T00:15:00Z,2026-04-21T00:30:00Z,75915.64,no
KXBTC15M-26APR202045-45,2026-04-21T00:30:00Z,2026-04-21T00:45:00Z,75907.05,yes
KXBTC15M-26APR202100-00,2026-04-21T00:45:00Z,2026-04-21T01:00:00Z,75941.18,yes
KXBTC15M-26APR202115-15,2026-04-21T01:00:00Z,2026-04-21T01:15:00Z,76116.95,yes
KXBTC15M-26APR202130-30,2026-04-21T01:15:00Z,2026-04-21T01:30:00Z,76181.4,no
KXBTC15M-26APR202145-45,2026-04-21T01:30:00Z,2026-04-21T01:45:00Z,76103.7,no
KXBTC15M-26APR202200-00,2026-04-21T01:45:00Z,2026-04-21T02:00:00Z,76083.67,no
KXBTC15M-26APR202215-15,2026-04-21T02:00:00Z,2026-04-21T02:15:00Z,75954.71,no
KXBTC15M-26APR202230-30,2026-04-21T02:15:00Z,2026-04-21T02:30:00Z,75759.49,yes
KXBTC15M-26APR202245-45,2026-04-21T02:30:00Z,2026-04-21T02:45:00Z,75805.54,no
KXBTC15M-26APR202300-00,2026-04-21T02:45:00Z,2026-04-21T03:00:00Z,75677.24,no
KXBTC15M-26APR202315-15,2026-04-21T03:00:00Z,2026-04-21T03:15:00Z,75636.05,no
KXBTC15M-26APR202330-30,2026-04-21T03:15:00Z,2026-04-21T03:30:00Z,75601.93,yes
KXBTC15M-26APR202345-45,2026-04-21T03:30:00Z,2026-04-21T03:45:00Z,75664.22,no
KXBTC15M-26APR210000-00,2026-04-21T03:45:00Z,2026-04-21T04:00:00Z,75592.11,yes
KXBTC15M-26APR210015-15,2026-04-21T04:00:00Z,2026-04-21T04:15:00Z,75744.88,no
KXBTC15M-26APR210030-30,2026-04-21T04:15:00Z,2026-04-21T04:30:00Z,75676.02,yes
KXBTC15M-26APR210045-45,2026-04-21T04:30:00Z,2026-04-21T04:45:00Z,75688.18,yes
KXBTC15M-26APR210100-00,2026-04-21T04:45:00Z,2026-04-21T05:00:00Z,75692.18,yes
KXBTC15M-26APR210115-15,2026-04-21T05:00:00Z,2026-04-21T05:15:00Z,75836.63,yes
KXBTC15M-26APR210130-30,2026-04-21T05:15:00Z,2026-04-21T05:30:00Z,75922.05,yes
KXBTC15M-26APR210145-45,2026-04-21T05:30:00Z,2026-04-21T05:45:00Z,75930.08,no
KXBTC15M-26APR210200-00,2026-04-21T05:45:00Z,2026-04-21T06:00:00Z,75884.16,no
KXBTC15M-26APR210215-15,2026-04-21T06:00:00Z,2026-04-21T06:15:00Z,75848.5,no
KXBTC15M-26APR210230-30,2026-04-21T06:15:00Z,2026-04-21T06:30:00Z,75817.56,no
KXBTC15M-26APR210245-45,2026-04-21T06:30:00Z,2026-04-21T06:45:00Z,75793.57,yes
KXBTC15M-26APR210300-00,2026-04-21T06:45:00Z,2026-04-21T07:00:00Z,76034.37,no
KXBTC15M-26APR210315-15,2026-04-21T07:00:00Z,2026-04-21T07:15:00Z,76019.41,no
KXBTC15M-26APR210330-30,2026-04-21T07:15:00Z,2026-04-21T07:30:00Z,75982.25,yes
KXBTC15M-26APR210345-45,2026-04-21T07:30:00Z,2026-04-21T07:45:00Z,76205.91,yes
KXBTC15M-26APR210400-00,2026-04-21T07:45:00Z,2026-04-21T08:00:00Z,76249.76,no
KXBTC15M-26APR210415-15,2026-04-21T08:00:00Z,2026-04-21T08:15:00Z,76133.25,yes
KXBTC15M-26APR210430-30,2026-04-21T08:15:00Z,2026-04-21T08:30:00Z,76158.99,yes
KXBTC15M-26APR210445-45,2026-04-21T08:30:00Z,2026-04-21T08:45:00Z,76396.31,yes
KXBTC15M-26APR210500-00,2026-04-21T08:45:00Z,2026-04-21T09:00:00Z,76514.55,yes
KXBTC15M-26APR210515-15,2026-04-21T09:00:00Z,2026-04-21T09:15:00Z,76554.8,no
KXBTC15M-26APR210530-30,2026-04-21T09:15:00Z,2026-04-21T09:30:00Z,76508.42,no
KXBTC15M-26APR210545-45,2026-04-21T09:30:00Z,2026-04-21T09:45:00Z,76282.93,yes
KXBTC15M-26APR210600-00,2026-04-21T09:45:00Z,2026-04-21T10:00:00Z,76322.7,yes
KXBTC15M-26APR210615-15,2026-04-21T10:00:00Z,2026-04-21T10:15:00Z,76392.41,yes
KXBTC15M-26APR210630-30,2026-04-21T10:15:00Z,2026-04-21T10:30:00Z,76467.53,yes
KXBTC15M-26APR210645-45,2026-04-21T10:30:00Z,2026-04-21T10:45:00Z,76550.43,yes
KXBTC15M-26APR210700-00,2026-04-21T10:45:00Z,2026-04-21T11:00:00Z,76590.81,yes
KXBTC15M-26APR210715-15,2026-04-21T11:00:00Z,2026-04-21T11:15:00Z,76790.32,no
KXBTC15M-26APR210730-30,2026-04-21T11:15:00Z,2026-04-21T11:30:00Z,76456.56,yes
KXBTC15M-26APR210745-45,2026-04-21T11:30:00Z,2026-04-21T11:45:00Z,76693.2,no
KXBTC15M-26APR210800-00,2026-04-21T11:45:00Z,2026-04-21T12:00:00Z,76504.58,no
KXBTC15M-26APR210815-15,2026-04-21T12:00:00Z,2026-04-21T12:15:00Z,76499.49,no
KXBTC15M-26APR210830-30,2026-04-21T12:15:00Z,2026-04-21T12:30:00Z,76328.79,yes
KXBTC15M-26APR210845-45,2026-04-21T12:30:00Z,2026-04-21T12:45:00Z,76403.38,no
KXBTC15M-26APR210900-00,2026-04-21T12:45:00Z,2026-04-21T13:00:00Z,75833.47,yes
KXBTC15M-26APR210915-15,2026-04-21T13:00:00Z,2026-04-21T13:15:00Z,76053.4,no
KXBTC15M-26APR210930-30,2026-04-21T13:15:00Z,2026-04-21T13:30:00Z,76038.36,yes
KXBTC15M-26APR210945-45,2026-04-21T13:30:00Z,2026-04-21T13:45:00Z,76054.79,yes
KXBTC15M-26APR211000-00,2026-04-21T13:45:00Z,2026-04-21T14:00:00Z,76091.59,no
KXBTC15M-26APR211015-15,2026-04-21T14:00:00Z,2026-04-21T14:15:00Z,75903.54,no
KXBTC15M-26APR211030-30,2026-04-21T14:15:00Z,2026-04-21T14:30:00Z,75869.9,yes
KXBTC15M-26APR211045-45,2026-04-21T14:30:00Z,2026-04-21T14:45:00Z,76132.44,yes
KXBTC15M-26APR211100-00,2026-04-21T14:45:00Z,2026-04-21T15:00:00Z,76502.35,no
KXBTC15M-26APR211115-15,2026-04-21T15:00:00Z,2026-04-21T15:15:00Z,75723.34,yes
KXBTC15M-26APR211130-30,2026-04-21T15:15:00Z,2026-04-21T15:30:00Z,75778.59,no
KXBTC15M-26APR211145-45,2026-04-21T15:30:00Z,2026-04-21T15:45:00Z,75672.38,yes
KXBTC15M-26APR211200-00,2026-04-21T15:45:00Z,2026-04-21T16:00:00Z,75751.1,yes
KXBTC15M-26APR211215-15,2026-04-21T16:00:00Z,2026-04-21T16:15:00Z,75825.51,yes
KXBTC15M-26APR211230-30,2026-04-21T16:15:00Z,2026-04-21T16:30:00Z,75944.15,no
KXBTC15M-26APR211245-45,2026-04-21T16:30:00Z,2026-04-21T16:45:00Z,75894.2,yes
KXBTC15M-26APR211300-00,2026-04-21T16:45:00Z,2026-04-21T17:00:00Z,75906.28,no
KXBTC15M-26APR211315-15,2026-04-21T17:00:00Z,2026-04-21T17:15:00Z,75802.38,no
KXBTC15M-26APR211330-30,2026-04-21T17:15:00Z,2026-04-21T17:30:00Z,75526.23,no
KXBTC15M-26APR211345-45,2026-04-21T17:30:00Z,2026-04-21T17:45:00Z,75316.1,yes
KXBTC15M-26APR211400-00,2026-04-21T17:45:00Z,2026-04-21T18:00:00Z,75808.7,no
KXBTC15M-26APR211415-15,2026-04-21T18:00:00Z,2026-04-21T18:15:00Z,75561.72,yes
KXBTC15M-26APR211430-30,2026-04-21T18:15:00Z,2026-04-21T18:30:00Z,75590.8,no
KXBTC15M-26APR211445-45,2026-04-21T18:30:00Z,2026-04-21T18:45:00Z,75447,yes
KXBTC15M-26APR211500-00,2026-04-21T18:45:00Z,2026-04-21T19:00:00Z,75529.27,yes
KXBTC15M-26APR211515-15,2026-04-21T19:00:00Z,2026-04-21T19:15:00Z,75603.59,yes
KXBTC15M-26APR211530-30,2026-04-21T19:15:00Z,2026-04-21T19:30:00Z,75689.67,yes
KXBTC15M-26APR211545-45,2026-04-21T19:30:00Z,2026-04-21T19:45:00Z,75794.38,no
KXBTC15M-26APR211600-00,2026-04-21T19:45:00Z,2026-04-21T20:00:00Z,74869.43,yes
KXBTC15M-26APR211615-15,2026-04-21T20:00:00Z,2026-04-21T20:15:00Z,75018.82,yes
KXBTC15M-26APR211630-30,2026-04-21T20:15:00Z,2026-04-21T20:30:00Z,75577.49,yes
KXBTC15M-26APR211645-45,2026-04-21T20:30:00Z,2026-04-21T20:45:00Z,75672.31,yes
KXBTC15M-26APR211700-00,2026-04-21T20:45:00Z,2026-04-21T21:00:00Z,75690.92,yes
KXBTC15M-26APR211715-15,2026-04-21T21:00:00Z,2026-04-21T21:15:00Z,75761.56,no
KXBTC15M-26APR211730-30,2026-04-21T21:15:00Z,2026-04-21T21:30:00Z,75599.79,no
KXBTC15M-26APR211745-45,2026-04-21T21:30:00Z,2026-04-21T21:45:00Z,75584.93,no
KXBTC15M-26APR211800-00,2026-04-21T21:45:00Z,2026-04-21T22:00:00Z,75505.48,yes
KXBTC15M-26APR211815-15,2026-04-21T22:00:00Z,2026-04-21T22:15:00Z,75568.57,yes
KXBTC15M-26APR211830-30,2026-04-21T22:15:00Z,2026-04-21T22:30:00Z,75585.1,no
KXBTC15M-26APR211845-45,2026-04-21T22:30:00Z,2026-04-21T22:45:00Z,75388.31,yes
KXBTC15M-26APR211900-00,2026-04-21T22:45:00Z,2026-04-21T23:00:00Z,75564.49,yes
KXBTC15M-26APR211915-15,2026-04-21T23:00:00Z,2026-04-21T23:15:00Z,75659.33,yes
KXBTC15M-26APR211930-30,2026-04-21T23:15:00Z,2026-04-21T23:30:00Z,75787.29,yes
KXBTC15M-26APR211945-45,2026-04-21T23:30:00Z,2026-04-21T23:45:00Z,75807.64,yes
KXBTC15M-26APR212000-00,2026-04-21T23:45:00Z,2026-04-22T00:00:00Z,76103.31,yes
KXBTC15M-26APR212015-15,2026-04-22T00:00:00Z,2026-04-22T00:15:00Z,76351.47,yes
KXBTC15M-26APR212030-30,2026-04-22T00:15:00Z,2026-04-22T00:30:00Z,76429.98,no
KXBTC15M-26APR212045-45,2026-04-22T00:30:00Z,2026-04-22T00:45:00Z,76305.32,yes
KXBTC15M-26APR212100-00,2026-04-22T00:45:00Z,2026-04-22T01:00:00Z,76353.82,no
KXBTC15M-26APR212115-15,2026-04-22T01:00:00Z,2026-04-22T01:15:00Z,76312.89,yes
KXBTC15M-26APR212130-30,2026-04-22T01:15:00Z,2026-04-22T01:30:00Z,76419.89,no
KXBTC15M-26APR212145-45,2026-04-22T01:30:00Z,2026-04-22T01:45:00Z,76182.32,yes
KXBTC15M-26APR212200-00,2026-04-22T01:45:00Z,2026-04-22T02:00:00Z,76266.46,yes
KXBTC15M-26APR212215-15,2026-04-22T02:00:00Z,2026-04-22T02:15:00Z,76322.81,yes
KXBTC15M-26APR212230-30,2026-04-22T02:15:00Z,2026-04-22T02:30:00Z,76765.04,yes
KXBTC15M-26APR212245-45,2026-04-22T02:30:00Z,2026-04-22T02:45:00Z,77223.94,yes
KXBTC15M-26APR212300-00,2026-04-22T02:45:00Z,2026-04-22T03:00:00Z,77280.8,yes
KXBTC15M-26APR212315-15,2026-04-22T03:00:00Z,2026-04-22T03:15:00Z,77607.46,yes
KXBTC15M-26APR212330-30,2026-04-22T03:15:00Z,2026-04-22T03:30:00Z,77611.4,no
KXBTC15M-26APR212345-45,2026-04-22T03:30:00Z,2026-04-22T03:45:00Z,77549.59,yes
KXBTC15M-26APR220000-00,2026-04-22T03:45:00Z,2026-04-22T04:00:00Z,77584.76,no
KXBTC15M-26APR220015-15,2026-04-22T04:00:00Z,2026-04-22T04:15:00Z,77568.66,no
KXBTC15M-26APR220030-30,2026-04-22T04:15:00Z,2026-04-22T04:30:00Z,77528.59,no
KXBTC15M-26APR220045-45,2026-04-22T04:30:00Z,2026-04-22T04:45:00Z,77523.68,yes
KXBTC15M-26APR220100-00,2026-04-22T04:45:00Z,2026-04-22T05:00:00Z,77586.39,no
KXBTC15M-26APR220115-15,2026-04-22T05:00:00Z,2026-04-22T05:15:00Z,77489.53,yes
KXBTC15M-26APR220130-30,2026-04-22T05:15:00Z,2026-04-22T05:30:00Z,77579.17,yes
KXBTC15M-26APR220145-45,2026-04-22T05:30:00Z,2026-04-22T05:45:00Z,78265.83,no
KXBTC15M-26APR220200-00,2026-04-22T05:45:00Z,2026-04-22T06:00:00Z,78145.8,no
KXBTC15M-26APR220215-15,2026-04-22T06:00:00Z,2026-04-22T06:15:00Z,78004.98,yes
KXBTC15M-26APR220230-30,2026-04-22T06:15:00Z,2026-04-22T06:30:00Z,78012.73,no
KXBTC15M-26APR220245-45,2026-04-22T06:30:00Z,2026-04-22T06:45:00Z,77955.06,yes
KXBTC15M-26APR220300-00,2026-04-22T06:45:00Z,2026-04-22T07:00:00Z,77981.47,yes
KXBTC15M-26APR220315-15,2026-04-22T07:00:00Z,2026-04-22T07:15:00Z,78011.43,yes
KXBTC15M-26APR220330-30,2026-04-22T07:15:00Z,2026-04-22T07:30:00Z,78098.66,no
KXBTC15M-26APR220345-45,2026-04-22T07:30:00Z,2026-04-22T07:45:00Z,77873.22,yes
KXBTC15M-26APR220400-00,2026-04-22T07:45:00Z,2026-04-22T08:00:00Z,78061.52,no
KXBTC15M-26APR220415-15,2026-04-22T08:00:00Z,2026-04-22T08:15:00Z,78059.95,yes
KXBTC15M-26APR220430-30,2026-04-22T08:15:00Z,2026-04-22T08:30:00Z,78154,no
KXBTC15M-26APR220445-45,2026-04-22T08:30:00Z,2026-04-22T08:45:00Z,78020.42,no
KXBTC15M-26APR220500-00,2026-04-22T08:45:00Z,2026-04-22T09:00:00Z,77975.67,yes
KXBTC15M-26APR220515-15,2026-04-22T09:00:00Z,2026-04-22T09:15:00Z,78065.33,no
KXBTC15M-26APR220530-30,2026-04-22T09:15:00Z,2026-04-22T09:30:00Z,78061.33,yes
KXBTC15M-26APR220545-45,2026-04-22T09:30:00Z,2026-04-22T09:45:00Z,78159.07,yes
KXBTC15M-26APR220600-00,2026-04-22T09:45:00Z,2026-04-22T10:00:00Z,78159.5,no
KXBTC15M-26APR220615-15,2026-04-22T10:00:00Z,2026-04-22T10:15:00Z,78036.28,yes
KXBTC15M-26APR220630-30,2026-04-22T10:15:00Z,2026-04-22T10:30:00Z,78047.13,yes
KXBTC15M-26APR220645-45,2026-04-22T10:30:00Z,2026-04-22T10:45:00Z,78089.34,yes
KXBTC15M-26APR220700-00,2026-04-22T10:45:00Z,2026-04-22T11:00:00Z,78138.16,yes
KXBTC15M-26APR220715-15,2026-04-22T11:00:00Z,2026-04-22T11:15:00Z,78176.49,yes
KXBTC15M-26APR220730-30,2026-04-22T11:15:00Z,2026-04-22T11:30:00Z,78185.98,yes
KXBTC15M-26APR220745-45,2026-04-22T11:30:00Z,2026-04-22T11:45:00Z,78304.9,no
KXBTC15M-26APR220800-00,2026-04-22T11:45:00Z,2026-04-22T12:00:00Z,78228.83,yes
KXBTC15M-26APR220815-15,2026-04-22T12:00:00Z,2026-04-22T12:15:00Z,78305.48,yes
KXBTC15M-26APR220830-30,2026-04-22T12:15:00Z,2026-04-22T12:30:00Z,78439.78,no
KXBTC15M-26APR220845-45,2026-04-22T12:30:00Z,2026-04-22T12:45:00Z,78228.82,yes
KXBTC15M-26APR220900-00,2026-04-22T12:45:00Z,2026-04-22T13:00:00Z,78231.14,yes
KXBTC15M-26APR220915-15,2026-04-22T13:00:00Z,2026-04-22T13:15:00Z,78273.38,yes
KXBTC15M-26APR220930-30,2026-04-22T13:15:00Z,2026-04-22T13:30:00Z,78388.79,yes
KXBTC15M-26APR220945-45,2026-04-22T13:30:00Z,2026-04-22T13:45:00Z,78488.12,yes
KXBTC15M-26APR221000-00,2026-04-22T13:45:00Z,2026-04-22T14:00:00Z,78632.19,yes
KXBTC15M-26APR221015-15,2026-04-22T14:00:00Z,2026-04-22T14:15:00Z,78864.3,yes
KXBTC15M-26APR221030-30,2026-04-22T14:15:00Z,2026-04-22T14:30:00Z,79036.75,yes
KXBTC15M-26APR221045-45,2026-04-22T14:30:00Z,2026-04-22T14:45:00Z,79102.4,no
KXBTC15M-26APR221100-00,2026-04-22T14:45:00Z,2026-04-22T15:00:00Z,78758.9,yes
KXBTC15M-26APR221115-15,2026-04-22T15:00:00Z,2026-04-22T15:15:00Z,79098.06,no
KXBTC15M-26APR221130-30,2026-04-22T15:15:00Z,2026-04-22T15:30:00Z,78986.47,yes
KXBTC15M-26APR221145-45,2026-04-22T15:30:00Z,2026-04-22T15:45:00Z,79091.28,yes
KXBTC15M-26APR221200-00,2026-04-22T15:45:00Z,2026-04-22T16:00:00Z,79291.35,yes
KXBTC15M-26APR221215-15,2026-04-22T16:00:00Z,2026-04-22T16:15:00Z,79334.41,no
KXBTC15M-26APR221230-30,2026-04-22T16:15:00Z,2026-04-22T16:30:00Z,79230.1,no
KXBTC15M-26APR221245-45,2026-04-22T16:30:00Z,2026-04-22T16:45:00Z,78980.37,no
KXBTC15M-26APR221300-00,2026-04-22T16:45:00Z,2026-04-22T17:00:00Z,78829.09,no
KXBTC15M-26APR221315-15,2026-04-22T17:00:00Z,2026-04-22T17:15:00Z,78771.94,yes
KXBTC15M-26APR221330-30,2026-04-22T17:15:00Z,2026-04-22T17:30:00Z,78989.58,no
KXBTC15M-26APR221345-45,2026-04-22T17:30:00Z,2026-04-22T17:45:00Z,78880.52,no
KXBTC15M-26APR221400-00,2026-04-22T17:45:00Z,2026-04-22T18:00:00Z,78873.08,yes
KXBTC15M-26APR221415-15,2026-04-22T18:00:00Z,2026-04-22T18:15:00Z,78926.23,yes
KXBTC15M-26APR221430-30,2026-04-22T18:15:00Z,2026-04-22T18:30:00Z,79000.13,no
KXBTC15M-26APR221445-45,2026-04-22T18:30:00Z,2026-04-22T18:45:00Z,78954.61,yes
KXBTC15M-26APR221500-00,2026-04-22T18:45:00Z,2026-04-22T19:00:00Z,79013.11,yes
KXBTC15M-26APR221515-15,2026-04-22T19:00:00Z,2026-04-22T19:15:00Z,79036.82,no
KXBTC15M-26APR221530-30,2026-04-22T19:15:00Z,2026-04-22T19:30:00Z,78866.63,yes
KXBTC15M-26APR221545-45,2026-04-22T19:30:00Z,2026-04-22T19:45:00Z,79035.18,no
KXBTC15M-26APR221600-00,2026-04-22T19:45:00Z,2026-04-22T20:00:00Z,78895.49,yes
KXBTC15M-26APR221615-15,2026-04-22T20:00:00Z,2026-04-22T20:15:00Z,78920.27,no
KXBTC15M-26APR221630-30,2026-04-22T20:15:00Z,2026-04-22T20:30:00Z,78782.5,no
KXBTC15M-26APR221645-45,2026-04-22T20:30:00Z,2026-04-22T20:45:00Z,78622.67,no
KXBTC15M-26APR221700-00,2026-04-22T20:45:00Z,2026-04-22T21:00:00Z,78546.55,no
KXBTC15M-26APR221715-15,2026-04-22T21:00:00Z,2026-04-22T21:15:00Z,78451.63,yes
KXBTC15M-26APR221730-30,2026-04-22T21:15:00Z,2026-04-22T21:30:00Z,78596.42,yes
KXBTC15M-26APR221745-45,2026-04-22T21:30:00Z,2026-04-22T21:45:00Z,78604.99,yes
KXBTC15M-26APR221800-00,2026-04-22T21:45:00Z,2026-04-22T22:00:00Z,78766.01,yes
KXBTC15M-26APR221815-15,2026-04-22T22:00:00Z,2026-04-22T22:15:00Z,78791.08,yes
KXBTC15M-26APR221830-30,2026-04-22T22:15:00Z,2026-04-22T22:30:00Z,78836.55,no
KXBTC15M-26APR221845-45,2026-04-22T22:30:00Z,2026-04-22T22:45:00Z,78575.02,no
KXBTC15M-26APR221900-00,2026-04-22T22:45:00Z,2026-04-22T23:00:00Z,78549.37,yes
KXBTC15M-26APR221915-15,2026-04-22T23:00:00Z,2026-04-22T23:15:00Z,78638.25,no
KXBTC15M-26APR221930-30,2026-04-22T23:15:00Z,2026-04-22T23:30:00Z,78590.31,no
KXBTC15M-26APR221945-45,2026-04-22T23:30:00Z,2026-04-22T23:45:00Z,78364.53,no
KXBTC15M-26APR222000-00,2026-04-22T23:45:00Z,2026-04-23T00:00:00Z,78292.55,no
KXBTC15M-26APR222015-15,2026-04-23T00:00:00Z,2026-04-23T00:15:00Z,78207.29,no
KXBTC15M-26APR222030-30,2026-04-23T00:15:00Z,2026-04-23T00:30:00Z,77959.83,yes
KXBTC15M-26APR222045-45,2026-04-23T00:30:00Z,2026-04-23T00:45:00Z,78426.09,yes
KXBTC15M-26APR222100-00,2026-04-23T00:45:00Z,2026-04-23T01:00:00Z,78428.84,no
KXBTC15M-26APR222115-15,2026-04-23T01:00:00Z,2026-04-23T01:15:00Z,78425.4,no
KXBTC15M-26APR222130-30,2026-04-23T01:15:00Z,2026-04-23T01:30:00Z,78284.16,no
KXBTC15M-26APR222145-45,2026-04-23T01:30:00Z,2026-04-23T01:45:00Z,78182.57,yes
KXBTC15M-26APR222200-00,2026-04-23T01:45:00Z,2026-04-23T02:00:00Z,78323.11,yes
KXBTC15M-26APR222215-15,2026-04-23T02:00:00Z,2026-04-23T02:15:00Z,78377.06,no
KXBTC15M-26APR222230-30,2026-04-23T02:15:00Z,2026-04-23T02:30:00Z,78230.61,no
KXBTC15M-26APR222245-45,2026-04-23T02:30:00Z,2026-04-23T02:45:00Z,78069.44,no
KXBTC15M-26APR222300-00,2026-04-23T02:45:00Z,2026-04-23T03:00:00Z,77910.46,yes
KXBTC15M-26APR222315-15,2026-04-23T03:00:00Z,2026-04-23T03:15:00Z,77987.95,no
KXBTC15M-26APR222330-30,2026-04-23T03:15:00Z,2026-04-23T03:30:00Z,77796.33,no
KXBTC15M-26APR222345-45,2026-04-23T03:30:00Z,2026-04-23T03:45:00Z,77729.91,no
KXBTC15M-26APR230000-00,2026-04-23T03:45:00Z,2026-04-23T04:00:00Z,77617.43,yes
KXBTC15M-26APR230015-15,2026-04-23T04:00:00Z,2026-04-23T04:15:00Z,77756.32,yes
KXBTC15M-26APR230030-30,2026-04-23T04:15:00Z,2026-04-23T04:30:00Z,77857,no
KXBTC15M-26APR230045-45,2026-04-23T04:30:00Z,2026-04-23T04:45:00Z,77822.06,yes
KXBTC15M-26APR230100-00,2026-04-23T04:45:00Z,2026-04-23T05:00:00Z,77913.21,yes
KXBTC15M-26APR230115-15,2026-04-23T05:00:00Z,2026-04-23T05:15:00Z,77952.72,yes
KXBTC15M-26APR230130-30,2026-04-23T05:15:00Z,2026-04-23T05:30:00Z,78016.95,no
KXBTC15M-26APR230145-45,2026-04-23T05:30:00Z,2026-04-23T05:45:00Z,77927.01,no
KXBTC15M-26APR230200-00,2026-04-23T05:45:00Z,2026-04-23T06:00:00Z,77885.39,yes
KXBTC15M-26APR230515-15,2026-04-23T09:00:00Z,2026-04-23T09:15:00Z,77897.97,no
KXBTC15M-26APR230530-30,2026-04-23T09:15:00Z,2026-04-23T09:30:00Z,77591.51,yes
KXBTC15M-26APR230545-45,2026-04-23T09:30:00Z,2026-04-23T09:45:00Z,77611.88,yes
KXBTC15M-26APR230600-00,2026-04-23T09:45:00Z,2026-04-23T10:00:00Z,77748.43,no
KXBTC15M-26APR230615-15,2026-04-23T10:00:00Z,2026-04-23T10:15:00Z,77658.63,no
KXBTC15M-26APR230630-30,2026-04-23T10:15:00Z,2026-04-23T10:30:00Z,77233.64,yes
KXBTC15M-26APR230645-45,2026-04-23T10:30:00Z,2026-04-23T10:45:00Z,77405.66,no
KXBTC15M-26APR230700-00,2026-04-23T10:45:00Z,2026-04-23T11:00:00Z,77405.09,yes
KXBTC15M-26APR230715-15,2026-04-23T11:00:00Z,2026-04-23T11:15:00Z,77429.64,yes
KXBTC15M-26APR230730-30,2026-04-23T11:15:00Z,2026-04-23T11:30:00Z,77432.06,yes
KXBTC15M-26APR230745-45,2026-04-23T11:30:00Z,2026-04-23T11:45:00Z,77492.26,yes
KXBTC15M-26APR230800-00,2026-04-23T11:45:00Z,2026-04-23T12:00:00Z,77601.02,yes
KXBTC15M-26APR230815-15,2026-04-23T12:00:00Z,2026-04-23T12:15:00Z,77728.27,yes
KXBTC15M-26APR230830-30,2026-04-23T12:15:00Z,2026-04-23T12:30:00Z,77790.03,no
KXBTC15M-26APR230845-45,2026-04-23T12:30:00Z,2026-04-23T12:45:00Z,77769.72,yes
KXBTC15M-26APR230900-00,2026-04-23T12:45:00Z,2026-04-23T13:00:00Z,77827.38,yes
KXBTC15M-26APR230915-15,2026-04-23T13:00:00Z,2026-04-23T13:15:00Z,77865.46,no
KXBTC15M-26APR230930-30,2026-04-23T13:15:00Z,2026-04-23T13:30:00Z,77736.12,no
KXBTC15M-26APR230945-45,2026-04-23T13:30:00Z,2026-04-23T13:45:00Z,77626.49,no
KXBTC15M-26APR231000-00,2026-04-23T13:45:00Z,2026-04-23T14:00:00Z,77564.22,no
KXBTC15M-26APR231015-15,2026-04-23T14:00:00Z,2026-04-23T14:15:00Z,77551.8,no
KXBTC15M-26APR231030-30,2026-04-23T14:15:00Z,2026-04-23T14:30:00Z,77521.76,yes
KXBTC15M-26APR231045-45,2026-04-23T14:30:00Z,2026-04-23T14:45:00Z,77842.93,yes
KXBTC15M-26APR231100-00,2026-04-23T14:45:00Z,2026-04-23T15:00:00Z,77928.4,yes
KXBTC15M-26APR231115-15,2026-04-23T15:00:00Z,2026-04-23T15:15:00Z,78214.74,no
KXBTC15M-26APR231130-30,2026-04-23T15:15:00Z,2026-04-23T15:30:00Z,78121,yes
KXBTC15M-26APR231145-45,2026-04-23T15:30:00Z,2026-04-23T15:45:00Z,78472.94,yes
KXBTC15M-26APR231200-00,2026-04-23T15:45:00Z,2026-04-23T16:00:00Z,78556.35,no
KXBTC15M-26APR231215-15,2026-04-23T16:00:00Z,2026-04-23T16:15:00Z,78416.97,no
KXBTC15M-26APR231230-30,2026-04-23T16:15:00Z,2026-04-23T16:30:00Z,78357.51,yes
KXBTC15M-26APR231245-45,2026-04-23T16:30:00Z,2026-04-23T16:45:00Z,78365.96,yes
KXBTC15M-26APR231300-00,2026-04-23T16:45:00Z,2026-04-23T17:00:00Z,78383.98,no
KXBTC15M-26APR231315-15,2026-04-23T17:00:00Z,2026-04-23T17:15:00Z,78128.71,no
KXBTC15M-26APR231330-30,2026-04-23T17:15:00Z,2026-04-23T17:30:00Z,77863.28,no
KXBTC15M-26APR231345-45,2026-04-23T17:30:00Z,2026-04-23T17:45:00Z,77679.4,no
KXBTC15M-26APR231400-00,2026-04-23T17:45:00Z,2026-04-23T18:00:00Z,77202.24,yes
KXBTC15M-26APR231415-15,2026-04-23T18:00:00Z,2026-04-23T18:15:00Z,77797.1,yes
KXBTC15M-26APR231430-30,2026-04-23T18:15:00Z,2026-04-23T18:30:00Z,78039.27,no
KXBTC15M-26APR231445-45,2026-04-23T18:30:00Z,2026-04-23T18:45:00Z,77935.54,yes
KXBTC15M-26APR231500-00,2026-04-23T18:45:00Z,2026-04-23T19:00:00Z,78080.01,no
KXBTC15M-26APR231515-15,2026-04-23T19:00:00Z,2026-04-23T19:15:00Z,77760.03,no
KXBTC15M-26APR231530-30,2026-04-23T19:15:00Z,2026-04-23T19:30:00Z,77744.02,yes
KXBTC15M-26APR231545-45,2026-04-23T19:30:00Z,2026-04-23T19:45:00Z,77890.5,no
KXBTC15M-26APR231600-00,2026-04-23T19:45:00Z,2026-04-23T20:00:00Z,77689.76,yes
KXBTC15M-26APR231615-15,2026-04-23T20:00:00Z,2026-04-23T20:15:00Z,77759.35,yes
KXBTC15M-26APR231630-30,2026-04-23T20:15:00Z,2026-04-23T20:30:00Z,77835.91,no
KXBTC15M-26APR231645-45,2026-04-23T20:30:00Z,2026-04-23T20:45:00Z,77752.85,yes
KXBTC15M-26APR231700-00,2026-04-23T20:45:00Z,2026-04-23T21:00:00Z,77997.99,no
KXBTC15M-26APR231715-15,2026-04-23T21:00:00Z,2026-04-23T21:15:00Z,77910.14,yes
KXBTC15M-26APR231730-30,2026-04-23T21:15:00Z,2026-04-23T21:30:00Z,77913.81,yes
KXBTC15M-26APR231745-45,2026-04-23T21:30:00Z,2026-04-23T21:45:00Z,77919.68,yes
KXBTC15M-26APR231800-00,2026-04-23T21:45:00Z,2026-04-23T22:00:00Z,78071.23,no
KXBTC15M-26APR231815-15,2026-04-23T22:00:00Z,2026-04-23T22:15:00Z,77946.71,yes
KXBTC15M-26APR231830-30,2026-04-23T22:15:00Z,2026-04-23T22:30:00Z,78092.69,yes
KXBTC15M-26APR231845-45,2026-04-23T22:30:00Z,2026-04-23T22:45:00Z,78231.64,yes
KXBTC15M-26APR231900-00,2026-04-23T22:45:00Z,2026-04-23T23:00:00Z,78320.32,no
KXBTC15M-26APR231915-15,2026-04-23T23:00:00Z,2026-04-23T23:15:00Z,78255.38,no
KXBTC15M-26APR231930-30,2026-04-23T23:15:00Z,2026-04-23T23:30:00Z,78124.2,yes
KXBTC15M-26APR231945-45,2026-04-23T23:30:00Z,2026-04-23T23:45:00Z,78162.17,yes
KXBTC15M-26APR232000-00,2026-04-23T23:45:00Z,2026-04-24T00:00:00Z,78274.36,yes
KXBTC15M-26APR232015-15,2026-04-24T00:00:00Z,2026-04-24T00:15:00Z,78278.12,yes
KXBTC15M-26APR232030-30,2026-04-24T00:15:00Z,2026-04-24T00:30:00Z,78315.19,yes
KXBTC15M-26APR232045-45,2026-04-24T00:30:00Z,2026-04-24T00:45:00Z,78430.74,no
KXBTC15M-26APR232100-00,2026-04-24T00:45:00Z,2026-04-24T01:00:00Z,78413.7,no
KXBTC15M-26APR232115-15,2026-04-24T01:00:00Z,2026-04-24T01:15:00Z,78406.79,no
KXBTC15M-26APR232130-30,2026-04-24T01:15:00Z,2026-04-24T01:30:00Z,78186.09,no
KXBTC15M-26APR232145-45,2026-04-24T01:30:00Z,2026-04-24T01:45:00Z,78091.26,no
KXBTC15M-26APR232200-00,2026-04-24T01:45:00Z,2026-04-24T02:00:00Z,78063.32,yes
KXBTC15M-26APR232215-15,2026-04-24T02:00:00Z,2026-04-24T02:15:00Z,78462.26,no
KXBTC15M-26APR232230-30,2026-04-24T02:15:00Z,2026-04-24T02:30:00Z,78430.17,no
KXBTC15M-26APR232245-45,2026-04-24T02:30:00Z,2026-04-24T02:45:00Z,78287.09,yes
KXBTC15M-26APR232300-00,2026-04-24T02:45:00Z,2026-04-24T03:00:00Z,78421.74,no
KXBTC15M-26APR232315-15,2026-04-24T03:00:00Z,2026-04-24T03:15:00Z,78162.17,yes
KXBTC15M-26APR232330-30,2026-04-24T03:15:00Z,2026-04-24T03:30:00Z,78171.12,no
KXBTC15M-26APR232345-45,2026-04-24T03:30:00Z,2026-04-24T03:45:00Z,77817.68,no
KXBTC15M-26APR240000-00,2026-04-24T03:45:00Z,2026-04-24T04:00:00Z,77660.06,yes
KXBTC15M-26APR240015-15,2026-04-24T04:00:00Z,2026-04-24T04:15:00Z,77760.42,no
KXBTC15M-26APR240030-30,2026-04-24T04:15:00Z,2026-04-24T04:30:00Z,77758.39,no
KXBTC15M-26APR240045-45,2026-04-24T04:30:00Z,2026-04-24T04:45:00Z,77664.1,no
KXBTC15M-26APR240100-00,2026-04-24T04:45:00Z,2026-04-24T05:00:00Z,77645.02,yes
KXBTC15M-26APR240115-15,2026-04-24T05:00:00Z,2026-04-24T05:15:00Z,77698.68,no
KXBTC15M-26APR240130-30,2026-04-24T05:15:00Z,2026-04-24T05:30:00Z,77592.22,yes
KXBTC15M-26APR240145-45,2026-04-24T05:30:00Z,2026-04-24T05:45:00Z,77638.34,yes
KXBTC15M-26APR240200-00,2026-04-24T05:45:00Z,2026-04-24T06:00:00Z,77761.78,yes
KXBTC15M-26APR240215-15,2026-04-24T06:00:00Z,2026-04-24T06:15:00Z,77982.08,no
KXBTC15M-26APR240230-30,2026-04-24T06:15:00Z,2026-04-24T06:30:00Z,77946.06,no
KXBTC15M-26APR240245-45,2026-04-24T06:30:00Z,2026-04-24T06:45:00Z,77865.91,yes
KXBTC15M-26APR240300-00,2026-04-24T06:45:00Z,2026-04-24T07:00:00Z,77871.91,no
KXBTC15M-26APR240315-15,2026-04-24T07:00:00Z,2026-04-24T07:15:00Z,77822.8,no
KXBTC15M-26APR240330-30,2026-04-24T07:15:00Z,2026-04-24T07:30:00Z,77799.96,no
KXBTC15M-26APR240345-45,2026-04-24T07:30:00Z,2026-04-24T07:45:00Z,77732.59,no
KXBTC15M-26APR240400-00,2026-04-24T07:45:00Z,2026-04-24T08:00:00Z,77686.41,no
KXBTC15M-26APR240415-15,2026-04-24T08:00:00Z,2026-04-24T08:15:00Z,77662.91,yes
KXBTC15M-26APR240430-30,2026-04-24T08:15:00Z,2026-04-24T08:30:00Z,77717.29,yes
KXBTC15M-26APR240445-45,2026-04-24T08:30:00Z,2026-04-24T08:45:00Z,77891.65,no
KXBTC15M-26APR240500-00,2026-04-24T08:45:00Z,2026-04-24T09:00:00Z,77779.18,yes
KXBTC15M-26APR240515-15,2026-04-24T09:00:00Z,2026-04-24T09:15:00Z,77835.43,no
KXBTC15M-26APR240530-30,2026-04-24T09:15:00Z,2026-04-24T09:30:00Z,77513.73,yes
KXBTC15M-26APR240545-45,2026-04-24T09:30:00Z,2026-04-24T09:45:00Z,77531.12,yes
KXBTC15M-26APR240600-00,2026-04-24T09:45:00Z,2026-04-24T10:00:00Z,77578.53,no
KXBTC15M-26APR240615-15,2026-04-24T10:00:00Z,2026-04-24T10:15:00Z,77549.49,no
KXBTC15M-26APR240630-30,2026-04-24T10:15:00Z,2026-04-24T10:30:00Z,77536.06,yes
KXBTC15M-26APR240645-45,2026-04-24T10:30:00Z,2026-04-24T10:45:00Z,77703.36,no
KXBTC15M-26APR240700-00,2026-04-24T10:45:00Z,2026-04-24T11:00:00Z,77678.58,yes
KXBTC15M-26APR240715-15,2026-04-24T11:00:00Z,2026-04-24T11:15:00Z,77779.81,yes
KXBTC15M-26APR240730-30,2026-04-24T11:15:00Z,2026-04-24T11:30:00Z,78219.07,yes
KXBTC15M-26APR240745-45,2026-04-24T11:30:00Z,2026-04-24T11:45:00Z,78328.7,no
KXBTC15M-26APR240800-00,2026-04-24T11:45:00Z,2026-04-24T12:00:00Z,78327.78,no
KXBTC15M-26APR240815-15,2026-04-24T12:00:00Z,2026-04-24T12:15:00Z,78269.28,yes
KXBTC15M-26APR240830-30,2026-04-24T12:15:00Z,2026-04-24T12:30:00Z,78335.78,no
KXBTC15M-26APR240845-45,2026-04-24T12:30:00Z,2026-04-24T12:45:00Z,78294.48,no
KXBTC15M-26APR240900-00,2026-04-24T12:45:00Z,2026-04-24T13:00:00Z,78228.38,yes
KXBTC15M-26APR240915-15,2026-04-24T13:00:00Z,2026-04-24T13:15:00Z,78264.41,yes
KXBTC15M-26APR240930-30,2026-04-24T13:15:00Z,2026-04-24T13:30:00Z,78382.59,no
KXBTC15M-26APR240945-45,2026-04-24T13:30:00Z,2026-04-24T13:45:00Z,78216.81,no
KXBTC15M-26APR241000-00,2026-04-24T13:45:00Z,2026-04-24T14:00:00Z,78200.68,no
KXBTC15M-26APR241015-15,2026-04-24T14:00:00Z,2026-04-24T14:15:00Z,78113.42,no
KXBTC15M-26APR241030-30,2026-04-24T14:15:00Z,2026-04-24T14:30:00Z,77918.35,no
KXBTC15M-26APR241045-45,2026-04-24T14:30:00Z,2026-04-24T14:45:00Z,77728.3,yes
KXBTC15M-26APR241100-00,2026-04-24T14:45:00Z,2026-04-24T15:00:00Z,78021.94,yes
KXBTC15M-26APR241115-15,2026-04-24T15:00:00Z,2026-04-24T15:15:00Z,78054.16,no
KXBTC15M-26APR241130-30,2026-04-24T15:15:00Z,2026-04-24T15:30:00Z,77747.86,yes
KXBTC15M-26APR241145-45,2026-04-24T15:30:00Z,2026-04-24T15:45:00Z,77849.41,yes
KXBTC15M-26APR241200-00,2026-04-24T15:45:00Z,2026-04-24T16:00:00Z,77853.9,yes
KXBTC15M-26APR241215-15,2026-04-24T16:00:00Z,2026-04-24T16:15:00Z,78060.37,no
KXBTC15M-26APR241230-30,2026-04-24T16:15:00Z,2026-04-24T16:30:00Z,77864.97,no
KXBTC15M-26APR241245-45,2026-04-24T16:30:00Z,2026-04-24T16:45:00Z,77727.58,no
KXBTC15M-26APR241300-00,2026-04-24T16:45:00Z,2026-04-24T17:00:00Z,77727.42,yes
KXBTC15M-26APR241315-15,2026-04-24T17:00:00Z,2026-04-24T17:15:00Z,77793.52,no
KXBTC15M-26APR241330-30,2026-04-24T17:15:00Z,2026-04-24T17:30:00Z,77756.49,no
KXBTC15M-26APR241345-45,2026-04-24T17:30:00Z,2026-04-24T17:45:00Z,,no
KXBTC15M-26APR241400-00,2026-04-24T17:45:00Z,2026-04-24T18:00:00Z,,yes
KXBTC15M-26APR241415-15,2026-04-24T18:00:00Z,2026-04-24T18:15:00Z,77692.93,no
KXBTC15M-26APR241430-30,2026-04-24T18:15:00Z,2026-04-24T18:30:00Z,77581.82,no
KXBTC15M-26APR241445-45,2026-04-24T18:30:00Z,2026-04-24T18:45:00Z,77534.57,yes
KXBTC15M-26APR241500-00,2026-04-24T18:45:00Z,2026-04-24T19:00:00Z,77587.31,yes
KXBTC15M-26APR241515-15,2026-04-24T19:00:00Z,2026-04-24T19:15:00Z,77630.42,no
KXBTC15M-26APR241530-30,2026-04-24T19:15:00Z,2026-04-24T19:30:00Z,77623.5,no
KXBTC15M-26APR241545-45,2026-04-24T19:30:00Z,2026-04-24T19:45:00Z,77602.79,yes
KXBTC15M-26APR241600-00,2026-04-24T19:45:00Z,2026-04-24T20:00:00Z,77661.28,no
KXBTC15M-26APR241615-15,2026-04-24T20:00:00Z,2026-04-24T20:15:00Z,77650.92,no
KXBTC15M-26APR241630-30,2026-04-24T20:15:00Z,2026-04-24T20:30:00Z,77650.44,no
KXBTC15M-26APR241645-45,2026-04-24T20:30:00Z,2026-04-24T20:45:00Z,77568.66,yes
KXBTC15M-26APR241700-00,2026-04-24T20:45:00Z,2026-04-24T21:00:00Z,77652.31,yes
KXBTC15M-26APR241715-15,2026-04-24T21:00:00Z,2026-04-24T21:15:00Z,77751.58,no
KXBTC15M-26APR241730-30,2026-04-24T21:15:00Z,2026-04-24T21:30:00Z,77670.03,no
KXBTC15M-26APR241745-45,2026-04-24T21:30:00Z,2026-04-24T21:45:00Z,77656.79,no
KXBTC15M-26APR241800-00,2026-04-24T21:45:00Z,2026-04-24T22:00:00Z,77628.22,no
KXBTC15M-26APR241815-15,2026-04-24T22:00:00Z,2026-04-24T22:15:00Z,77592.43,yes
KXBTC15M-26APR241830-30,2026-04-24T22:15:00Z,2026-04-24T22:30:00Z,77625.05,no
KXBTC15M-26APR241845-45,2026-04-24T22:30:00Z,2026-04-24T22:45:00Z,77595.38,no
KXBTC15M-26APR241900-00,2026-04-24T22:45:00Z,2026-04-24T23:00:00Z,77328.59,yes
KXBTC15M-26APR241915-15,2026-04-24T23:00:00Z,2026-04-24T23:15:00Z,77367.63,yes
KXBTC15M-26APR241930-30,2026-04-24T23:15:00Z,2026-04-24T23:30:00Z,77413.8,yes
KXBTC15M-26APR241945-45,2026-04-24T23:30:00Z,2026-04-24T23:45:00Z,77431.25,yes
KXBTC15M-26APR242000-00,2026-04-24T23:45:00Z,2026-04-25T00:00:00Z,77463.5,no
KXBTC15M-26APR242015-15,2026-04-25T00:00:00Z,2026-04-25T00:15:00Z,77453.93,no
KXBTC15M-26APR242030-30,2026-04-25T00:15:00Z,2026-04-25T00:30:00Z,77451.72,no
KXBTC15M-26APR242045-45,2026-04-25T00:30:00Z,2026-04-25T00:45:00Z,77349.69,yes
KXBTC15M-26APR242100-00,2026-04-25T00:45:00Z,2026-04-25T01:00:00Z,77443.86,yes
KXBTC15M-26APR242115-15,2026-04-25T01:00:00Z,2026-04-25T01:15:00Z,77478.21,yes
KXBTC15M-26APR242130-30,2026-04-25T01:15:00Z,2026-04-25T01:30:00Z,77538.55,no
KXBTC15M-26APR242145-45,2026-04-25T01:30:00Z,2026-04-25T01:45:00Z,77516.02,yes
KXBTC15M-26APR242200-00,2026-04-25T01:45:00Z,2026-04-25T02:00:00Z,77587.39,no
KXBTC15M-26APR242215-15,2026-04-25T02:00:00Z,2026-04-25T02:15:00Z,77572.16,yes
KXBTC15M-26APR242230-30,2026-04-25T02:15:00Z,2026-04-25T02:30:00Z,77644.79,yes
KXBTC15M-26APR242245-45,2026-04-25T02:30:00Z,2026-04-25T02:45:00Z,77659.45,no
KXBTC15M-26APR242300-00,2026-04-25T02:45:00Z,2026-04-25T03:00:00Z,77654.73,no
KXBTC15M-26APR242315-15,2026-04-25T03:00:00Z,2026-04-25T03:15:00Z,77635.49,no
KXBTC15M-26APR242330-30,2026-04-25T03:15:00Z,2026-04-25T03:30:00Z,77606.32,no
KXBTC15M-26APR242345-45,2026-04-25T03:30:00Z,2026-04-25T03:45:00Z,77590.75,yes
KXBTC15M-26APR250000-00,2026-04-25T03:45:00Z,2026-04-25T04:00:00Z,77705.43,no
KXBTC15M-26APR250015-15,2026-04-25T04:00:00Z,2026-04-25T04:15:00Z,77679.87,yes
KXBTC15M-26APR250030-30,2026-04-25T04:15:00Z,2026-04-25T04:30:00Z,77705.76,no
KXBTC15M-26APR250045-45,2026-04-25T04:30:00Z,2026-04-25T04:45:00Z,77675.64,no
KXBTC15M-26APR250100-00,2026-04-25T04:45:00Z,2026-04-25T05:00:00Z,77638.5,yes
KXBTC15M-26APR250115-15,2026-04-25T05:00:00Z,2026-04-25T05:15:00Z,77653.53,no
KXBTC15M-26APR250130-30,2026-04-25T05:15:00Z,2026-04-25T05:30:00Z,77536.11,yes
KXBTC15M-26APR250145-45,2026-04-25T05:30:00Z,2026-04-25T05:45:00Z,77544.88,yes
KXBTC15M-26APR250200-00,2026-04-25T05:45:00Z,2026-04-25T06:00:00Z,77574.25,no
KXBTC15M-26APR250215-15,2026-04-25T06:00:00Z,2026-04-25T06:15:00Z,77547.37,yes
KXBTC15M-26APR250230-30,2026-04-25T06:15:00Z,2026-04-25T06:30:00Z,77572.46,no
KXBTC15M-26APR250245-45,2026-04-25T06:30:00Z,2026-04-25T06:45:00Z,77524.92,yes
KXBTC15M-26APR250300-00,2026-04-25T06:45:00Z,2026-04-25T07:00:00Z,77570.27,no
KXBTC15M-26APR250315-15,2026-04-25T07:00:00Z,2026-04-25T07:15:00Z,77552.84,no
KXBTC15M-26APR250330-30,2026-04-25T07:15:00Z,2026-04-25T07:30:00Z,77510.07,yes
KXBTC15M-26APR250345-45,2026-04-25T07:30:00Z,2026-04-25T07:45:00Z,77543.67,yes
KXBTC15M-26APR250400-00,2026-04-25T07:45:00Z,2026-04-25T08:00:00Z,77560.58,no
KXBTC15M-26APR250415-15,2026-04-25T08:00:00Z,2026-04-25T08:15:00Z,77544.31,yes
KXBTC15M-26APR250430-30,2026-04-25T08:15:00Z,2026-04-25T08:30:00Z,77586.91,yes
KXBTC15M-26APR250445-45,2026-04-25T08:30:00Z,2026-04-25T08:45:00Z,77597.43,yes
KXBTC15M-26APR250500-00,2026-04-25T08:45:00Z,2026-04-25T09:00:00Z,77664.04,no
KXBTC15M-26APR250515-15,2026-04-25T09:00:00Z,2026-04-25T09:15:00Z,77660.88,no
KXBTC15M-26APR250530-30,2026-04-25T09:15:00Z,2026-04-25T09:30:00Z,77654.41,no
KXBTC15M-26APR250545-45,2026-04-25T09:30:00Z,2026-04-25T09:45:00Z,77626.75,yes
KXBTC15M-26APR250600-00,2026-04-25T09:45:00Z,2026-04-25T10:00:00Z,77762.76,no
KXBTC15M-26APR250615-15,2026-04-25T10:00:00Z,2026-04-25T10:15:00Z,77752.65,yes
KXBTC15M-26APR250630-30,2026-04-25T10:15:00Z,2026-04-25T10:30:00Z,77796.99,yes
KXBTC15M-26APR250645-45,2026-04-25T10:30:00Z,2026-04-25T10:45:00Z,77847.91,no
KXBTC15M-26APR250700-00,2026-04-25T10:45:00Z,2026-04-25T11:00:00Z,77830.74,no
KXBTC15M-26APR250715-15,2026-04-25T11:00:00Z,2026-04-25T11:15:00Z,77817.87,no
KXBTC15M-26APR250730-30,2026-04-25T11:15:00Z,2026-04-25T11:30:00Z,77776.97,no
KXBTC15M-26APR250745-45,2026-04-25T11:30:00Z,2026-04-25T11:45:00Z,77706.93,no
KXBTC15M-26APR250800-00,2026-04-25T11:45:00Z,2026-04-25T12:00:00Z,77689.77,yes
KXBTC15M-26APR250815-15,2026-04-25T12:00:00Z,2026-04-25T12:15:00Z,77699.78,yes
KXBTC15M-26APR250830-30,2026-04-25T12:15:00Z,2026-04-25T12:30:00Z,77713.72,no
KXBTC15M-26APR250845-45,2026-04-25T12:30:00Z,2026-04-25T12:45:00Z,77663.25,no
KXBTC15M-26APR250900-00,2026-04-25T12:45:00Z,2026-04-25T13:00:00Z,77584.89,yes
KXBTC15M-26APR250915-15,2026-04-25T13:00:00Z,2026-04-25T13:15:00Z,77585.27,yes
KXBTC15M-26APR250930-30,2026-04-25T13:15:00Z,2026-04-25T13:30:00Z,77661.82,no
KXBTC15M-26APR250945-45,2026-04-25T13:30:00Z,2026-04-25T13:45:00Z,77642.73,yes
KXBTC15M-26APR251000-00,2026-04-25T13:45:00Z,2026-04-25T14:00:00Z,77691.55,yes
KXBTC15M-26APR251015-15,2026-04-25T14:00:00Z,2026-04-25T14:15:00Z,77710.95,no
KXBTC15M-26APR251030-30,2026-04-25T14:15:00Z,2026-04-25T14:30:00Z,77677.01,yes
KXBTC15M-26APR251045-45,2026-04-25T14:30:00Z,2026-04-25T14:45:00Z,77753.95,no
KXBTC15M-26APR251100-00,2026-04-25T14:45:00Z,2026-04-25T15:00:00Z,77752.73,no
KXBTC15M-26APR251115-15,2026-04-25T15:00:00Z,2026-04-25T15:15:00Z,77684.2,yes
KXBTC15M-26APR251130-30,2026-04-25T15:15:00Z,2026-04-25T15:30:00Z,77697.87,yes
KXBTC15M-26APR251145-45,2026-04-25T15:30:00Z,2026-04-25T15:45:00Z,77729.68,no
KXBTC15M-26APR251200-00,2026-04-25T15:45:00Z,2026-04-25T16:00:00Z,77698.87,no
KXBTC15M-26APR251215-15,2026-04-25T16:00:00Z,2026-04-25T16:15:00Z,77366.31,yes
KXBTC15M-26APR251230-30,2026-04-25T16:15:00Z,2026-04-25T16:30:00Z,77463.16,no
KXBTC15M-26APR251245-45,2026-04-25T16:30:00Z,2026-04-25T16:45:00Z,77425.73,no
KXBTC15M-26APR251300-00,2026-04-25T16:45:00Z,2026-04-25T17:00:00Z,77398.01,yes
KXBTC15M-26APR251315-15,2026-04-25T17:00:00Z,2026-04-25T17:15:00Z,77430.54,no
KXBTC15M-26APR251330-30,2026-04-25T17:15:00Z,2026-04-25T17:30:00Z,77383.85,no
KXBTC15M-26APR251345-45,2026-04-25T17:30:00Z,2026-04-25T17:45:00Z,77352.32,no
KXBTC15M-26APR251400-00,2026-04-25T17:45:00Z,2026-04-25T18:00:00Z,77341.68,no
KXBTC15M-26APR251415-15,2026-04-25T18:00:00Z,2026-04-25T18:15:00Z,77274.65,yes
KXBTC15M-26APR251430-30,2026-04-25T18:15:00Z,2026-04-25T18:30:00Z,77304.04,yes
KXBTC15M-26APR251445-45,2026-04-25T18:30:00Z,2026-04-25T18:45:00Z,77333.58,yes
KXBTC15M-26APR251500-00,2026-04-25T18:45:00Z,2026-04-25T19:00:00Z,77348.8,no
KXBTC15M-26APR251515-15,2026-04-25T19:00:00Z,2026-04-25T19:15:00Z,77341.58,yes
KXBTC15M-26APR251530-30,2026-04-25T19:15:00Z,2026-04-25T19:30:00Z,77345.69,no
KXBTC15M-26APR251545-45,2026-04-25T19:30:00Z,2026-04-25T19:45:00Z,77277.41,no
KXBTC15M-26APR251600-00,2026-04-25T19:45:00Z,2026-04-25T20:00:00Z,77237.73,yes
KXBTC15M-26APR251615-15,2026-04-25T20:00:00Z,2026-04-25T20:15:00Z,77347.96,yes
KXBTC15M-26APR251630-30,2026-04-25T20:15:00Z,2026-04-25T20:30:00Z,77375.08,yes
KXBTC15M-26APR251645-45,2026-04-25T20:30:00Z,2026-04-25T20:45:00Z,77433.28,no
KXBTC15M-26APR251700-00,2026-04-25T20:45:00Z,2026-04-25T21:00:00Z,77426.57,yes
KXBTC15M-26APR251715-15,2026-04-25T21:00:00Z,2026-04-25T21:15:00Z,77494.41,yes
KXBTC15M-26APR251730-30,2026-04-25T21:15:00Z,2026-04-25T21:30:00Z,77517.82,no
KXBTC15M-26APR251745-45,2026-04-25T21:30:00Z,2026-04-25T21:45:00Z,77515.3,no
KXBTC15M-26APR251800-00,2026-04-25T21:45:00Z,2026-04-25T22:00:00Z,77473.24,yes
KXBTC15M-26APR251815-15,2026-04-25T22:00:00Z,2026-04-25T22:15:00Z,77530.98,yes
KXBTC15M-26APR251830-30,2026-04-25T22:15:00Z,2026-04-25T22:30:00Z,77531.44,yes
KXBTC15M-26APR251845-45,2026-04-25T22:30:00Z,2026-04-25T22:45:00Z,77570.13,yes
KXBTC15M-26APR251900-00,2026-04-25T22:45:00Z,2026-04-25T23:00:00Z,77590.27,no
KXBTC15M-26APR251915-15,2026-04-25T23:00:00Z,2026-04-25T23:15:00Z,77574.67,yes
KXBTC15M-26APR251930-30,2026-04-25T23:15:00Z,2026-04-25T23:30:00Z,77606.67,yes
KXBTC15M-26APR251945-45,2026-04-25T23:30:00Z,2026-04-25T23:45:00Z,77611.34,yes
KXBTC15M-26APR252000-00,2026-04-25T23:45:00Z,2026-04-26T00:00:00Z,77643.31,no
KXBTC15M-26APR252015-15,2026-04-26T00:00:00Z,2026-04-26T00:15:00Z,77641.6,no
KXBTC15M-26APR252030-30,2026-04-26T00:15:00Z,2026-04-26T00:30:00Z,77567.84,no
KXBTC15M-26APR252045-45,2026-04-26T00:30:00Z,2026-04-26T00:45:00Z,77498.5,yes
KXBTC15M-26APR252100-00,2026-04-26T00:45:00Z,2026-04-26T01:00:00Z,77561.07,no
KXBTC15M-26APR252115-15,2026-04-26T01:00:00Z,2026-04-26T01:15:00Z,77534.37,no
KXBTC15M-26APR252130-30,2026-04-26T01:15:00Z,2026-04-26T01:30:00Z,77534.01,yes
KXBTC15M-26APR252145-45,2026-04-26T01:30:00Z,2026-04-26T01:45:00Z,77539.61,yes
KXBTC15M-26APR252200-00,2026-04-26T01:45:00Z,2026-04-26T02:00:00Z,77567.13,no
KXBTC15M-26APR252215-15,2026-04-26T02:00:00Z,2026-04-26T02:15:00Z,77481.96,yes
KXBTC15M-26APR252230-30,2026-04-26T02:15:00Z,2026-04-26T02:30:00Z,77589.82,no
KXBTC15M-26APR252245-45,2026-04-26T02:30:00Z,2026-04-26T02:45:00Z,77580.65,no
KXBTC15M-26APR252300-00,2026-04-26T02:45:00Z,2026-04-26T03:00:00Z,77548.39,no
KXBTC15M-26APR252315-15,2026-04-26T03:00:00Z,2026-04-26T03:15:00Z,77524.99,yes
KXBTC15M-26APR252330-30,2026-04-26T03:15:00Z,2026-04-26T03:30:00Z,77542.65,no
KXBTC15M-26APR252345-45,2026-04-26T03:30:00Z,2026-04-26T03:45:00Z,77482.53,no
KXBTC15M-26APR260000-00,2026-04-26T03:45:00Z,2026-04-26T04:00:00Z,77404.22,yes
KXBTC15M-26APR260015-15,2026-04-26T04:00:00Z,2026-04-26T04:15:00Z,77430.11,yes
KXBTC15M-26APR260030-30,2026-04-26T04:15:00Z,2026-04-26T04:30:00Z,77500.36,yes
KXBTC15M-26APR260045-45,2026-04-26T04:30:00Z,2026-04-26T04:45:00Z,77502.41,yes
KXBTC15M-26APR260100-00,2026-04-26T04:45:00Z,2026-04-26T05:00:00Z,77539.31,yes
KXBTC15M-26APR260115-15,2026-04-26T05:00:00Z,2026-04-26T05:15:00Z,77800.09,yes
KXBTC15M-26APR260130-30,2026-04-26T05:15:00Z,2026-04-26T05:30:00Z,78135.7,no
KXBTC15M-26APR260145-45,2026-04-26T05:30:00Z,2026-04-26T05:45:00Z,78134.21,no
KXBTC15M-26APR260200-00,2026-04-26T05:45:00Z,2026-04-26T06:00:00Z,78064.64,no
KXBTC15M-26APR260215-15,2026-04-26T06:00:00Z,2026-04-26T06:15:00Z,78014.65,yes
KXBTC15M-26APR260230-30,2026-04-26T06:15:00Z,2026-04-26T06:30:00Z,78041.65,no
KXBTC15M-26APR260245-45,2026-04-26T06:30:00Z,2026-04-26T06:45:00Z,77975.98,yes
KXBTC15M-26APR260300-00,2026-04-26T06:45:00Z,2026-04-26T07:00:00Z,78033.26,no
KXBTC15M-26APR260315-15,2026-04-26T07:00:00Z,2026-04-26T07:15:00Z,78017.79,yes
KXBTC15M-26APR260330-30,2026-04-26T07:15:00Z,2026-04-26T07:30:00Z,78033.19,no
KXBTC15M-26APR260345-45,2026-04-26T07:30:00Z,2026-04-26T07:45:00Z,78018.37,no
KXBTC15M-26APR260400-00,2026-04-26T07:45:00Z,2026-04-26T08:00:00Z,78002.66,yes
KXBTC15M-26APR260415-15,2026-04-26T08:00:00Z,2026-04-26T08:15:00Z,78127.32,no
KXBTC15M-26APR260430-30,2026-04-26T08:15:00Z,2026-04-26T08:30:00Z,78103.83,yes
KXBTC15M-26APR260445-45,2026-04-26T08:30:00Z,2026-04-26T08:45:00Z,78108.29,no
KXBTC15M-26APR260500-00,2026-04-26T08:45:00Z,2026-04-26T09:00:00Z,78068.99,no
KXBTC15M-26APR260515-15,2026-04-26T09:00:00Z,2026-04-26T09:15:00Z,78059.77,no
KXBTC15M-26APR260530-30,2026-04-26T09:15:00Z,2026-04-26T09:30:00Z,78031.02,yes
KXBTC15M-26APR260545-45,2026-04-26T09:30:00Z,2026-04-26T09:45:00Z,78035.12,no
KXBTC15M-26APR260600-00,2026-04-26T09:45:00Z,2026-04-26T10:00:00Z,78002.64,yes
KXBTC15M-26APR260615-15,2026-04-26T10:00:00Z,2026-04-26T10:15:00Z,78025.06,yes
KXBTC15M-26APR260630-30,2026-04-26T10:15:00Z,2026-04-26T10:30:00Z,78059.68,no
KXBTC15M-26APR260645-45,2026-04-26T10:30:00Z,2026-04-26T10:45:00Z,78037.22,no
KXBTC15M-26APR260700-00,2026-04-26T10:45:00Z,2026-04-26T11:00:00Z,78030.37,no
KXBTC15M-26APR260715-15,2026-04-26T11:00:00Z,2026-04-26T11:15:00Z,78022.02,yes
KXBTC15M-26APR260730-30,2026-04-26T11:15:00Z,2026-04-26T11:30:00Z,78076.8,yes
KXBTC15M-26APR260745-45,2026-04-26T11:30:00Z,2026-04-26T11:45:00Z,78147.39,no
KXBTC15M-26APR260800-00,2026-04-26T11:45:00Z,2026-04-26T12:00:00Z,78097.91,yes
KXBTC15M-26APR260815-15,2026-04-26T12:00:00Z,2026-04-26T12:15:00Z,78125.84,no
KXBTC15M-26APR260830-30,2026-04-26T12:15:00Z,2026-04-26T12:30:00Z,78009.36,no
KXBTC15M-26APR260845-45,2026-04-26T12:30:00Z,2026-04-26T12:45:00Z,77994.43,no
KXBTC15M-26APR260900-00,2026-04-26T12:45:00Z,2026-04-26T13:00:00Z,77971.77,no
KXBTC15M-26APR260915-15,2026-04-26T13:00:00Z,2026-04-26T13:15:00Z,77852.91,yes
KXBTC15M-26APR260930-30,2026-04-26T13:15:00Z,2026-04-26T13:30:00Z,77927.58,no
KXBTC15M-26APR260945-45,2026-04-26T13:30:00Z,2026-04-26T13:45:00Z,77896.06,yes
KXBTC15M-26APR261000-00,2026-04-26T13:45:00Z,2026-04-26T14:00:00Z,77987.55,no
KXBTC15M-26APR261015-15,2026-04-26T14:00:00Z,2026-04-26T14:15:00Z,77964.5,no
KXBTC15M-26APR261030-30,2026-04-26T14:15:00Z,2026-04-26T14:30:00Z,77962.07,yes
KXBTC15M-26APR261045-45,2026-04-26T14:30:00Z,2026-04-26T14:45:00Z,78079.41,no
KXBTC15M-26APR261100-00,2026-04-26T14:45:00Z,2026-04-26T15:00:00Z,78071.35,yes
KXBTC15M-26APR261115-15,2026-04-26T15:00:00Z,2026-04-26T15:15:00Z,78109.82,no
KXBTC15M-26APR261130-30,2026-04-26T15:15:00Z,2026-04-26T15:30:00Z,78108.59,no
KXBTC15M-26APR261145-45,2026-04-26T15:30:00Z,2026-04-26T15:45:00Z,78093.69,no
KXBTC15M-26APR261200-00,2026-04-26T15:45:00Z,2026-04-26T16:00:00Z,78065.67,no
KXBTC15M-26APR261215-15,2026-04-26T16:00:00Z,2026-04-26T16:15:00Z,78064.35,no
KXBTC15M-26APR261230-30,2026-04-26T16:15:00Z,2026-04-26T16:30:00Z,78046.4,yes
KXBTC15M-26APR261245-45,2026-04-26T16:30:00Z,2026-04-26T16:45:00Z,78070.21,no
KXBTC15M-26APR261300-00,2026-04-26T16:45:00Z,2026-04-26T17:00:00Z,78038.25,no
KXBTC15M-26APR261315-15,2026-04-26T17:00:00Z,2026-04-26T17:15:00Z,77976.19,yes
KXBTC15M-26APR261330-30,2026-04-26T17:15:00Z,2026-04-26T17:30:00Z,78028.56,yes
KXBTC15M-26APR261345-45,2026-04-26T17:30:00Z,2026-04-26T17:45:00Z,78041.3,no
KXBTC15M-26APR261400-00,2026-04-26T17:45:00Z,2026-04-26T18:00:00Z,78041.11,yes
KXBTC15M-26APR261415-15,2026-04-26T18:00:00Z,2026-04-26T18:15:00Z,78048.16,yes
KXBTC15M-26APR261430-30,2026-04-26T18:15:00Z,2026-04-26T18:30:00Z,78140.33,yes
KXBTC15M-26APR261445-45,2026-04-26T18:30:00Z,2026-04-26T18:45:00Z,78207.93,yes
KXBTC15M-26APR261500-00,2026-04-26T18:45:00Z,2026-04-26T19:00:00Z,78235.81,yes
KXBTC15M-26APR261515-15,2026-04-26T19:00:00Z,2026-04-26T19:15:00Z,78299.94,yes
KXBTC15M-26APR261530-30,2026-04-26T19:15:00Z,2026-04-26T19:30:00Z,78414.62,no
KXBTC15M-26APR261545-45,2026-04-26T19:30:00Z,2026-04-26T19:45:00Z,78207.42,yes
KXBTC15M-26APR261600-00,2026-04-26T19:45:00Z,2026-04-26T20:00:00Z,78210.72,yes
KXBTC15M-26APR261615-15,2026-04-26T20:00:00Z,2026-04-26T20:15:00Z,78254.23,no
KXBTC15M-26APR261630-30,2026-04-26T20:15:00Z,2026-04-26T20:30:00Z,78229.71,yes
KXBTC15M-26APR261645-45,2026-04-26T20:30:00Z,2026-04-26T20:45:00Z,78258.82,yes
KXBTC15M-26APR261700-00,2026-04-26T20:45:00Z,2026-04-26T21:00:00Z,78314.08,no
KXBTC15M-26APR261715-15,2026-04-26T21:00:00Z,2026-04-26T21:15:00Z,78231.73,yes
KXBTC15M-26APR261730-30,2026-04-26T21:15:00Z,2026-04-26T21:30:00Z,78276.79,no
KXBTC15M-26APR261745-45,2026-04-26T21:30:00Z,2026-04-26T21:45:00Z,78221.78,no
KXBTC15M-26APR261800-00,2026-04-26T21:45:00Z,2026-04-26T22:00:00Z,78011.87,yes
KXBTC15M-26APR261815-15,2026-04-26T22:00:00Z,2026-04-26T22:15:00Z,78417.49,yes
KXBTC15M-26APR261830-30,2026-04-26T22:15:00Z,2026-04-26T22:30:00Z,78578.56,no
KXBTC15M-26APR261845-45,2026-04-26T22:30:00Z,2026-04-26T22:45:00Z,78561.02,no
KXBTC15M-26APR261900-00,2026-04-26T22:45:00Z,2026-04-26T23:00:00Z,78285.91,yes
KXBTC15M-26APR261915-15,2026-04-26T23:00:00Z,2026-04-26T23:15:00Z,78367.48,yes
KXBTC15M-26APR261930-30,2026-04-26T23:15:00Z,2026-04-26T23:30:00Z,78390.14,no
KXBTC15M-26APR261945-45,2026-04-26T23:30:00Z,2026-04-26T23:45:00Z,78256.52,yes
KXBTC15M-26APR262000-00,2026-04-26T23:45:00Z,2026-04-27T00:00:00Z,78590.84,yes
KXBTC15M-26APR262015-15,2026-04-27T00:00:00Z,2026-04-27T00:15:00Z,78650.43,no
KXBTC15M-26APR262030-30,2026-04-27T00:15:00Z,2026-04-27T00:30:00Z,78616.78,no
KXBTC15M-26APR262045-45,2026-04-27T00:30:00Z,2026-04-27T00:45:00Z,78508.06,yes
KXBTC15M-26APR262100-00,2026-04-27T00:45:00Z,2026-04-27T01:00:00Z,78819.48,yes
KXBTC15M-26APR262115-15,2026-04-27T01:00:00Z,2026-04-27T01:15:00Z,79259.54,no
KXBTC15M-26APR262130-30,2026-04-27T01:15:00Z,2026-04-27T01:30:00Z,79138.61,no
KXBTC15M-26APR262145-45,2026-04-27T01:30:00Z,2026-04-27T01:45:00Z,78906.02,yes
KXBTC15M-26APR262200-00,2026-04-27T01:45:00Z,2026-04-27T02:00:00Z,79062.9,yes
KXBTC15M-26APR262215-15,2026-04-27T02:00:00Z,2026-04-27T02:15:00Z,79244.53,no
KXBTC15M-26APR262230-30,2026-04-27T02:15:00Z,2026-04-27T02:30:00Z,79206.55,no
KXBTC15M-26APR262245-45,2026-04-27T02:30:00Z,2026-04-27T02:45:00Z,79108.32,no
KXBTC15M-26APR262300-00,2026-04-27T02:45:00Z,2026-04-27T03:00:00Z,79090.71,yes
KXBTC15M-26APR262315-15,2026-04-27T03:00:00Z,2026-04-27T03:15:00Z,79165.52,yes
KXBTC15M-26APR262330-30,2026-04-27T03:15:00Z,2026-04-27T03:30:00Z,79250.66,yes
KXBTC15M-26APR262345-45,2026-04-27T03:30:00Z,2026-04-27T03:45:00Z,79277.04,no
KXBTC15M-26APR270000-00,2026-04-27T03:45:00Z,2026-04-27T04:00:00Z,79252.81,no
KXBTC15M-26APR270015-15,2026-04-27T04:00:00Z,2026-04-27T04:15:00Z,79113.29,no
KXBTC15M-26APR270030-30,2026-04-27T04:15:00Z,2026-04-27T04:30:00Z,79075.87,yes
KXBTC15M-26APR270045-45,2026-04-27T04:30:00Z,2026-04-27T04:45:00Z,79132.17,no
KXBTC15M-26APR270100-00,2026-04-27T04:45:00Z,2026-04-27T05:00:00Z,79098.11,no
KXBTC15M-26APR270115-15,2026-04-27T05:00:00Z,2026-04-27T05:15:00Z,78935.08,no
KXBTC15M-26APR270130-30,2026-04-27T05:15:00Z,2026-04-27T05:30:00Z,78495.53,no
KXBTC15M-26APR270145-45,2026-04-27T05:30:00Z,2026-04-27T05:45:00Z,77900.39,no
KXBTC15M-26APR270200-00,2026-04-27T05:45:00Z,2026-04-27T06:00:00Z,77794.51,yes
KXBTC15M-26APR270215-15,2026-04-27T06:00:00Z,2026-04-27T06:15:00Z,77820.5,no
KXBTC15M-26APR270230-30,2026-04-27T06:15:00Z,2026-04-27T06:30:00Z,77755.86,yes
KXBTC15M-26APR270245-45,2026-04-27T06:30:00Z,2026-04-27T06:45:00Z,77764.8,no
KXBTC15M-26APR270300-00,2026-04-27T06:45:00Z,2026-04-27T07:00:00Z,77633.76,yes
KXBTC15M-26APR270315-15,2026-04-27T07:00:00Z,2026-04-27T07:15:00Z,77746.97,no
KXBTC15M-26APR270330-30,2026-04-27T07:15:00Z,2026-04-27T07:30:00Z,77652.22,yes
KXBTC15M-26APR270345-45,2026-04-27T07:30:00Z,2026-04-27T07:45:00Z,77704.58,no
KXBTC15M-26APR270400-00,2026-04-27T07:45:00Z,2026-04-27T08:00:00Z,77687.07,no
KXBTC15M-26APR270415-15,2026-04-27T08:00:00Z,2026-04-27T08:15:00Z,77637.9,yes
KXBTC15M-26APR270430-30,2026-04-27T08:15:00Z,2026-04-27T08:30:00Z,77645.84,no
KXBTC15M-26APR270445-45,2026-04-27T08:30:00Z,2026-04-27T08:45:00Z,77606.01,yes
KXBTC15M-26APR270500-00,2026-04-27T08:45:00Z,2026-04-27T09:00:00Z,77638.07,yes
KXBTC15M-26APR270515-15,2026-04-27T09:00:00Z,2026-04-27T09:15:00Z,77814.85,yes
KXBTC15M-26APR270530-30,2026-04-27T09:15:00Z,2026-04-27T09:30:00Z,77829.25,no
KXBTC15M-26APR270545-45,2026-04-27T09:30:00Z,2026-04-27T09:45:00Z,77782.43,yes
KXBTC15M-26APR270600-00,2026-04-27T09:45:00Z,2026-04-27T10:00:00Z,77951.09,no
KXBTC15M-26APR270615-15,2026-04-27T10:00:00Z,2026-04-27T10:15:00Z,77916.1,no
KXBTC15M-26APR270630-30,2026-04-27T10:15:00Z,2026-04-27T10:30:00Z,77830.69,no
KXBTC15M-26APR270645-45,2026-04-27T10:30:00Z,2026-04-27T10:45:00Z,77808.85,yes
KXBTC15M-26APR270700-00,2026-04-27T10:45:00Z,2026-04-27T11:00:00Z,77899.55,no
KXBTC15M-26APR270715-15,2026-04-27T11:00:00Z,2026-04-27T11:15:00Z,77879.46,no
KXBTC15M-26APR270730-30,2026-04-27T11:15:00Z,2026-04-27T11:30:00Z,77778.12,yes
KXBTC15M-26APR270745-45,2026-04-27T11:30:00Z,2026-04-27T11:45:00Z,77885.01,no
KXBTC15M-26APR270800-00,2026-04-27T11:45:00Z,2026-04-27T12:00:00Z,77818.32,yes
KXBTC15M-26APR270815-15,2026-04-27T12:00:00Z,2026-04-27T12:15:00Z,77854.91,no
KXBTC15M-26APR270830-30,2026-04-27T12:15:00Z,2026-04-27T12:30:00Z,77837.71,no
KXBTC15M-26APR270845-45,2026-04-27T12:30:00Z,2026-04-27T12:45:00Z,77746.91,yes
KXBTC15M-26APR270900-00,2026-04-27T12:45:00Z,2026-04-27T13:00:00Z,77747.4,no
KXBTC15M-26APR270915-15,2026-04-27T13:00:00Z,2026-04-27T13:15:00Z,77642.84,yes
KXBTC15M-26APR270930-30,2026-04-27T13:15:00Z,2026-04-27T13:30:00Z,77734.5,no
KXBTC15M-26APR270945-45,2026-04-27T13:30:00Z,2026-04-27T13:45:00Z,77719.6,yes
KXBTC15M-26APR271000-00,2026-04-27T13:45:00Z,2026-04-27T14:00:00Z,77843.03,no
KXBTC15M-26APR271015-15,2026-04-27T14:00:00Z,2026-04-27T14:15:00Z,77770.54,yes
KXBTC15M-26APR271030-30,2026-04-27T14:15:00Z,2026-04-27T14:30:00Z,77880.1,yes
KXBTC15M-26APR271045-45,2026-04-27T14:30:00Z,2026-04-27T14:45:00Z,77882.76,yes
KXBTC15M-26APR271100-00,2026-04-27T14:45:00Z,2026-04-27T15:00:00Z,78158.78,no
KXBTC15M-26APR271115-15,2026-04-27T15:00:00Z,2026-04-27T15:15:00Z,77816.41,no
KXBTC15M-26APR271130-30,2026-04-27T15:15:00Z,2026-04-27T15:30:00Z,77372.86,no
KXBTC15M-26APR271145-45,2026-04-27T15:30:00Z,2026-04-27T15:45:00Z,76790.04,yes
KXBTC15M-26APR271200-00,2026-04-27T15:45:00Z,2026-04-27T16:00:00Z,77049.99,no
KXBTC15M-26APR271215-15,2026-04-27T16:00:00Z,2026-04-27T16:15:00Z,76777.74,no
KXBTC15M-26APR271230-30,2026-04-27T16:15:00Z,2026-04-27T16:30:00Z,76760.53,no
KXBTC15M-26APR271245-45,2026-04-27T16:30:00Z,2026-04-27T16:45:00Z,76738.57,no
KXBTC15M-26APR271300-00,2026-04-27T16:45:00Z,2026-04-27T17:00:00Z,76607.51,no
KXBTC15M-26APR271315-15,2026-04-27T17:00:00Z,2026-04-27T17:15:00Z,76604.69,yes
KXBTC15M-26APR271330-30,2026-04-27T17:15:00Z,2026-04-27T17:30:00Z,76706.76,yes
KXBTC15M-26APR271345-45,2026-04-27T17:30:00Z,2026-04-27T17:45:00Z,76834.28,yes
KXBTC15M-26APR271400-00,2026-04-27T17:45:00Z,2026-04-27T18:00:00Z,76872.84,no
KXBTC15M-26APR271415-15,2026-04-27T18:00:00Z,2026-04-27T18:15:00Z,76720.23,yes
KXBTC15M-26APR271430-30,2026-04-27T18:15:00Z,2026-04-27T18:30:00Z,76746.47,no
KXBTC15M-26APR271445-45,2026-04-27T18:30:00Z,2026-04-27T18:45:00Z,76686.32,yes
KXBTC15M-26APR271500-00,2026-04-27T18:45:00Z,2026-04-27T19:00:00Z,76740.51,yes
KXBTC15M-26APR271515-15,2026-04-27T19:00:00Z,2026-04-27T19:15:00Z,76836.29,yes
KXBTC15M-26APR271530-30,2026-04-27T19:15:00Z,2026-04-27T19:30:00Z,76876.92,no
KXBTC15M-26APR271545-45,2026-04-27T19:30:00Z,2026-04-27T19:45:00Z,76653.29,yes
KXBTC15M-26APR271600-00,2026-04-27T19:45:00Z,2026-04-27T20:00:00Z,76767.7,yes
KXBTC15M-26APR271615-15,2026-04-27T20:00:00Z,2026-04-27T20:15:00Z,76842.94,yes
KXBTC15M-26APR271630-30,2026-04-27T20:15:00Z,2026-04-27T20:30:00Z,76906.72,yes
KXBTC15M-26APR271645-45,2026-04-27T20:30:00Z,2026-04-27T20:45:00Z,76999.03,no
KXBTC15M-26APR271700-00,2026-04-27T20:45:00Z,2026-04-27T21:00:00Z,76994.44,yes
KXBTC15M-26APR271715-15,2026-04-27T21:00:00Z,2026-04-27T21:15:00Z,76994.62,no
KXBTC15M-26APR271730-30,2026-04-27T21:15:00Z,2026-04-27T21:30:00Z,76892.57,yes
KXBTC15M-26APR271745-45,2026-04-27T21:30:00Z,2026-04-27T21:45:00Z,76923,no
KXBTC15M-26APR271800-00,2026-04-27T21:45:00Z,2026-04-27T22:00:00Z,76914.89,no
KXBTC15M-26APR271815-15,2026-04-27T22:00:00Z,2026-04-27T22:15:00Z,76802.27,yes
KXBTC15M-26APR271830-30,2026-04-27T22:15:00Z,2026-04-27T22:30:00Z,76870.98,yes
KXBTC15M-26APR271845-45,2026-04-27T22:30:00Z,2026-04-27T22:45:00Z,76900.89,yes
KXBTC15M-26APR271900-00,2026-04-27T22:45:00Z,2026-04-27T23:00:00Z,77012.76,yes
KXBTC15M-26APR271915-15,2026-04-27T23:00:00Z,2026-04-27T23:15:00Z,77064.69,no
KXBTC15M-26APR271930-30,2026-04-27T23:15:00Z,2026-04-27T23:30:00Z,77046.06,yes
KXBTC15M-26APR271945-45,2026-04-27T23:30:00Z,2026-04-27T23:45:00Z,77132.68,yes
KXBTC15M-26APR272000-00,2026-04-27T23:45:00Z,2026-04-28T00:00:00Z,77287.37,yes
KXBTC15M-26APR272015-15,2026-04-28T00:00:00Z,2026-04-28T00:15:00Z,77370.64,no
KXBTC15M-26APR272030-30,2026-04-28T00:15:00Z,2026-04-28T00:30:00Z,77317.71,no
KXBTC15M-26APR272045-45,2026-04-28T00:30:00Z,2026-04-28T00:45:00Z,77240.14,yes
KXBTC15M-26APR272100-00,2026-04-28T00:45:00Z,2026-04-28T01:00:00Z,77415.69,no
KXBTC15M-26APR272115-15,2026-04-28T01:00:00Z,2026-04-28T01:15:00Z,77386.83,no
KXBTC15M-26APR272130-30,2026-04-28T01:15:00Z,2026-04-28T01:30:00Z,77362.12,no
KXBTC15M-26APR272145-45,2026-04-28T01:30:00Z,2026-04-28T01:45:00Z,77217.72,no
KXBTC15M-26APR272200-00,2026-04-28T01:45:00Z,2026-04-28T02:00:00Z,77095.93,no
KXBTC15M-26APR272215-15,2026-04-28T02:00:00Z,2026-04-28T02:15:00Z,77085.89,yes
KXBTC15M-26APR272230-30,2026-04-28T02:15:00Z,2026-04-28T02:30:00Z,77154.75,no
KXBTC15M-26APR272245-45,2026-04-28T02:30:00Z,2026-04-28T02:45:00Z,77033.54,no
KXBTC15M-26APR272300-00,2026-04-28T02:45:00Z,2026-04-28T03:00:00Z,76727.81,yes
KXBTC15M-26APR272315-15,2026-04-28T03:00:00Z,2026-04-28T03:15:00Z,76887.69,no
KXBTC15M-26APR272330-30,2026-04-28T03:15:00Z,2026-04-28T03:30:00Z,76764.83,yes
KXBTC15M-26APR272345-45,2026-04-28T03:30:00Z,2026-04-28T03:45:00Z,76765.33,yes
KXBTC15M-26APR280000-00,2026-04-28T03:45:00Z,2026-04-28T04:00:00Z,76804.13,yes
KXBTC15M-26APR280015-15,2026-04-28T04:00:00Z,2026-04-28T04:15:00Z,76823.44,yes
KXBTC15M-26APR280030-30,2026-04-28T04:15:00Z,2026-04-28T04:30:00Z,76883.87,no
KXBTC15M-26APR280045-45,2026-04-28T04:30:00Z,2026-04-28T04:45:00Z,76807.12,yes
KXBTC15M-26APR280100-00,2026-04-28T04:45:00Z,2026-04-28T05:00:00Z,76835.34,yes
KXBTC15M-26APR280115-15,2026-04-28T05:00:00Z,2026-04-28T05:15:00Z,76889.96,yes
KXBTC15M-26APR280130-30,2026-04-28T05:15:00Z,2026-04-28T05:30:00Z,76956.73,yes
KXBTC15M-26APR280145-45,2026-04-28T05:30:00Z,2026-04-28T05:45:00Z,77079.37,no
KXBTC15M-26APR280200-00,2026-04-28T05:45:00Z,2026-04-28T06:00:00Z,76873.36,yes
KXBTC15M-26APR280215-15,2026-04-28T06:00:00Z,2026-04-28T06:15:00Z,76942.51,yes
KXBTC15M-26APR280230-30,2026-04-28T06:15:00Z,2026-04-28T06:30:00Z,77000.06,no
KXBTC15M-26APR280245-45,2026-04-28T06:30:00Z,2026-04-28T06:45:00Z,76898.03,no
KXBTC15M-26APR280300-00,2026-04-28T06:45:00Z,2026-04-28T07:00:00Z,76610.44,yes
KXBTC15M-26APR280315-15,2026-04-28T07:00:00Z,2026-04-28T07:15:00Z,76714.32,no
KXBTC15M-26APR280330-30,2026-04-28T07:15:00Z,2026-04-28T07:30:00Z,76580.23,yes
KXBTC15M-26APR280345-45,2026-04-28T07:30:00Z,2026-04-28T07:45:00Z,76642.16,yes
KXBTC15M-26APR280400-00,2026-04-28T07:45:00Z,2026-04-28T08:00:00Z,76844.14,yes
KXBTC15M-26APR280415-15,2026-04-28T08:00:00Z,2026-04-28T08:15:00Z,76869.6,no
KXBTC15M-26APR280430-30,2026-04-28T08:15:00Z,2026-04-28T08:30:00Z,76844.74,yes
KXBTC15M-26APR280445-45,2026-04-28T08:30:00Z,2026-04-28T08:45:00Z,76963.64,no
KXBTC15M-26APR280500-00,2026-04-28T08:45:00Z,2026-04-28T09:00:00Z,76827.12,yes
KXBTC15M-26APR280515-15,2026-04-28T09:00:00Z,2026-04-28T09:15:00Z,76850.71,no
KXBTC15M-26APR280530-30,2026-04-28T09:15:00Z,2026-04-28T09:30:00Z,76837.72,no
KXBTC15M-26APR280545-45,2026-04-28T09:30:00Z,2026-04-28T09:45:00Z,76775.25,no
KXBTC15M-26APR280600-00,2026-04-28T09:45:00Z,2026-04-28T10:00:00Z,76677.92,no
KXBTC15M-26APR280615-15,2026-04-28T10:00:00Z,2026-04-28T10:15:00Z,76594.76,no
KXBTC15M-26APR280630-30,2026-04-28T10:15:00Z,2026-04-28T10:30:00Z,76527.53,no
KXBTC15M-26APR280645-45,2026-04-28T10:30:00Z,2026-04-28T10:45:00Z,76527.08,yes
KXBTC15M-26APR280700-00,2026-04-28T10:45:00Z,2026-04-28T11:00:00Z,76613.96,no
KXBTC15M-26APR280715-15,2026-04-28T11:00:00Z,2026-04-28T11:15:00Z,76600.59,no
KXBTC15M-26APR280730-30,2026-04-28T11:15:00Z,2026-04-28T11:30:00Z,76457.74,no
KXBTC15M-26APR280745-45,2026-04-28T11:30:00Z,2026-04-28T11:45:00Z,76326.68,no
KXBTC15M-26APR280800-00,2026-04-28T11:45:00Z,2026-04-28T12:00:00Z,76258.02,no
KXBTC15M-26APR280815-15,2026-04-28T12:00:00Z,2026-04-28T12:15:00Z,76198.47,yes
KXBTC15M-26APR280830-30,2026-04-28T12:15:00Z,2026-04-28T12:30:00Z,76265.4,no
KXBTC15M-26APR280845-45,2026-04-28T12:30:00Z,2026-04-28T12:45:00Z,76219.86,yes
KXBTC15M-26APR280900-00,2026-04-28T12:45:00Z,2026-04-28T13:00:00Z,76310.45,yes
KXBTC15M-26APR280915-15,2026-04-28T13:00:00Z,2026-04-28T13:15:00Z,76352.39,no
KXBTC15M-26APR280930-30,2026-04-28T13:15:00Z,2026-04-28T13:30:00Z,76110.86,yes
KXBTC15M-26APR280945-45,2026-04-28T13:30:00Z,2026-04-28T13:45:00Z,76165.16,yes
KXBTC15M-26APR281000-00,2026-04-28T13:45:00Z,2026-04-28T14:00:00Z,76283.36,no
KXBTC15M-26APR281015-15,2026-04-28T14:00:00Z,2026-04-28T14:15:00Z,76193.82,no
KXBTC15M-26APR281030-30,2026-04-28T14:15:00Z,2026-04-28T14:30:00Z,76062.86,no
KXBTC15M-26APR281045-45,2026-04-28T14:30:00Z,2026-04-28T14:45:00Z,75855.32,no
KXBTC15M-26APR281100-00,2026-04-28T14:45:00Z,2026-04-28T15:00:00Z,75805.78,yes
KXBTC15M-26APR281115-15,2026-04-28T15:00:00Z,2026-04-28T15:15:00Z,75883.98,yes
KXBTC15M-26APR281130-30,2026-04-28T15:15:00Z,2026-04-28T15:30:00Z,75991.32,yes
KXBTC15M-26APR281145-45,2026-04-28T15:30:00Z,2026-04-28T15:45:00Z,75993.35,no
KXBTC15M-26APR281200-00,2026-04-28T15:45:00Z,2026-04-28T16:00:00Z,75942.06,yes
KXBTC15M-26APR281215-15,2026-04-28T16:00:00Z,2026-04-28T16:15:00Z,76029.02,no
KXBTC15M-26APR281230-30,2026-04-28T16:15:00Z,2026-04-28T16:30:00Z,76005.32,no
KXBTC15M-26APR281245-45,2026-04-28T16:30:00Z,2026-04-28T16:45:00Z,75941.88,no
KXBTC15M-26APR281300-00,2026-04-28T16:45:00Z,2026-04-28T17:00:00Z,75894.25,yes
KXBTC15M-26APR281315-15,2026-04-28T17:00:00Z,2026-04-28T17:15:00Z,76101.43,no
KXBTC15M-26APR281330-30,2026-04-28T17:15:00Z,2026-04-28T17:30:00Z,76011.07,yes
KXBTC15M-26APR281345-45,2026-04-28T17:30:00Z,2026-04-28T17:45:00Z,76088.79,yes
KXBTC15M-26APR281400-00,2026-04-28T17:45:00Z,2026-04-28T18:00:00Z,76180.69,no
KXBTC15M-26APR281415-15,2026-04-28T18:00:00Z,2026-04-28T18:15:00Z,76175.82,no
KXBTC15M-26APR281430-30,2026-04-28T18:15:00Z,2026-04-28T18:30:00Z,76140.93,yes
KXBTC15M-26APR281445-45,2026-04-28T18:30:00Z,2026-04-28T18:45:00Z,76206.7,no
KXBTC15M-26APR281500-00,2026-04-28T18:45:00Z,2026-04-28T19:00:00Z,76158.65,yes
KXBTC15M-26APR281515-15,2026-04-28T19:00:00Z,2026-04-28T19:15:00Z,76226.01,no
KXBTC15M-26APR281530-30,2026-04-28T19:15:00Z,2026-04-28T19:30:00Z,76076.93,yes
KXBTC15M-26APR281545-45,2026-04-28T19:30:00Z,2026-04-28T19:45:00Z,76142.06,yes
KXBTC15M-26APR281600-00,2026-04-28T19:45:00Z,2026-04-28T20:00:00Z,76290.88,yes
KXBTC15M-26APR281615-15,2026-04-28T20:00:00Z,2026-04-28T20:15:00Z,76324.6,yes
KXBTC15M-26APR281630-30,2026-04-28T20:15:00Z,2026-04-28T20:30:00Z,76367.55,no
KXBTC15M-26APR281645-45,2026-04-28T20:30:00Z,2026-04-28T20:45:00Z,76362.86,yes
KXBTC15M-26APR281700-00,2026-04-28T20:45:00Z,2026-04-28T21:00:00Z,76421.93,yes
KXBTC15M-26APR281715-15,2026-04-28T21:00:00Z,2026-04-28T21:15:00Z,76472.38,no
KXBTC15M-26APR281730-30,2026-04-28T21:15:00Z,2026-04-28T21:30:00Z,76361,no
KXBTC15M-26APR281745-45,2026-04-28T21:30:00Z,2026-04-28T21:45:00Z,76307.39,yes
KXBTC15M-26APR281800-00,2026-04-28T21:45:00Z,2026-04-28T22:00:00Z,76315.52,yes
KXBTC15M-26APR281815-15,2026-04-28T22:00:00Z,2026-04-28T22:15:00Z,76357.19,no
KXBTC15M-26APR281830-30,2026-04-28T22:15:00Z,2026-04-28T22:30:00Z,76344.42,no
KXBTC15M-26APR281845-45,2026-04-28T22:30:00Z,2026-04-28T22:45:00Z,76327.76,no
KXBTC15M-26APR281900-00,2026-04-28T22:45:00Z,2026-04-28T23:00:00Z,76292.46,no
KXBTC15M-26APR281915-15,2026-04-28T23:00:00Z,2026-04-28T23:15:00Z,76236.56,yes
KXBTC15M-26APR281930-30,2026-04-28T23:15:00Z,2026-04-28T23:30:00Z,76327.42,no
KXBTC15M-26APR281945-45,2026-04-28T23:30:00Z,2026-04-28T23:45:00Z,76266.61,yes
KXBTC15M-26APR282000-00,2026-04-28T23:45:00Z,2026-04-29T00:00:00Z,76282.84,yes
KXBTC15M-26APR282015-15,2026-04-29T00:00:00Z,2026-04-29T00:15:00Z,76333.22,no
KXBTC15M-26APR282030-30,2026-04-29T00:15:00Z,2026-04-29T00:30:00Z,76314.43,no
KXBTC15M-26APR282045-45,2026-04-29T00:30:00Z,2026-04-29T00:45:00Z,76312.88,yes
KXBTC15M-26APR282100-00,2026-04-29T00:45:00Z,2026-04-29T01:00:00Z,76382,yes
KXBTC15M-26APR282115-15,2026-04-29T01:00:00Z,2026-04-29T01:15:00Z,76508.24,no
KXBTC15M-26APR282130-30,2026-04-29T01:15:00Z,2026-04-29T01:30:00Z,76352.4,no
KXBTC15M-26APR282145-45,2026-04-29T01:30:00Z,2026-04-29T01:45:00Z,76235.22,yes
KXBTC15M-26APR282200-00,2026-04-29T01:45:00Z,2026-04-29T02:00:00Z,76395.73,yes
KXBTC15M-26APR282215-15,2026-04-29T02:00:00Z,2026-04-29T02:15:00Z,76546.05,no
KXBTC15M-26APR282230-30,2026-04-29T02:15:00Z,2026-04-29T02:30:00Z,76534.11,no
KXBTC15M-26APR282245-45,2026-04-29T02:30:00Z,2026-04-29T02:45:00Z,76451.34,no
KXBTC15M-26APR282300-00,2026-04-29T02:45:00Z,2026-04-29T03:00:00Z,76438.03,yes
KXBTC15M-26APR282315-15,2026-04-29T03:00:00Z,2026-04-29T03:15:00Z,76494.1,yes
KXBTC15M-26APR282330-30,2026-04-29T03:15:00Z,2026-04-29T03:30:00Z,76601.09,yes
KXBTC15M-26APR282345-45,2026-04-29T03:30:00Z,2026-04-29T03:45:00Z,76849.26,yes
KXBTC15M-26APR290000-00,2026-04-29T03:45:00Z,2026-04-29T04:00:00Z,77083.24,no
KXBTC15M-26APR290015-15,2026-04-29T04:00:00Z,2026-04-29T04:15:00Z,76977.54,no
KXBTC15M-26APR290030-30,2026-04-29T04:15:00Z,2026-04-29T04:30:00Z,76917.79,yes
KXBTC15M-26APR290045-45,2026-04-29T04:30:00Z,2026-04-29T04:45:00Z,77031.4,yes
KXBTC15M-26APR290100-00,2026-04-29T04:45:00Z,2026-04-29T05:00:00Z,77331.05,no
KXBTC15M-26APR290115-15,2026-04-29T05:00:00Z,2026-04-29T05:15:00Z,77271.53,no
KXBTC15M-26APR290130-30,2026-04-29T05:15:00Z,2026-04-29T05:30:00Z,77226.61,yes
KXBTC15M-26APR290145-45,2026-04-29T05:30:00Z,2026-04-29T05:45:00Z,77239.2,no
KXBTC15M-26APR290200-00,2026-04-29T05:45:00Z,2026-04-29T06:00:00Z,77229.9,yes
KXBTC15M-26APR290215-15,2026-04-29T06:00:00Z,2026-04-29T06:15:00Z,77262.61,no
KXBTC15M-26APR290230-30,2026-04-29T06:15:00Z,2026-04-29T06:30:00Z,77196.77,no
KXBTC15M-26APR290245-45,2026-04-29T06:30:00Z,2026-04-29T06:45:00Z,77080.53,no
KXBTC15M-26APR290300-00,2026-04-29T06:45:00Z,2026-04-29T07:00:00Z,77061.36,no
KXBTC15M-26APR290315-15,2026-04-29T07:00:00Z,2026-04-29T07:15:00Z,76994.64,yes
KXBTC15M-26APR290330-30,2026-04-29T07:15:00Z,2026-04-29T07:30:00Z,77077.29,no
KXBTC15M-26APR290345-45,2026-04-29T07:30:00Z,2026-04-29T07:45:00Z,77051.91,yes
KXBTC15M-26APR290400-00,2026-04-29T07:45:00Z,2026-04-29T08:00:00Z,77115.24,no
KXBTC15M-26APR290415-15,2026-04-29T08:00:00Z,2026-04-29T08:15:00Z,77035.98,no
KXBTC15M-26APR290430-30,2026-04-29T08:15:00Z,2026-04-29T08:30:00Z,77030.05,yes
KXBTC15M-26APR290445-45,2026-04-29T08:30:00Z,2026-04-29T08:45:00Z,77097.83,no
KXBTC15M-26APR290500-00,2026-04-29T08:45:00Z,2026-04-29T09:00:00Z,77038.45,no
KXBTC15M-26APR290515-15,2026-04-29T09:00:00Z,2026-04-29T09:15:00Z,77032.82,yes
KXBTC15M-26APR290530-30,2026-04-29T09:15:00Z,2026-04-29T09:30:00Z,77051.17,yes
KXBTC15M-26APR290545-45,2026-04-29T09:30:00Z,2026-04-29T09:45:00Z,77115.4,yes
KXBTC15M-26APR290600-00,2026-04-29T09:45:00Z,2026-04-29T10:00:00Z,77242.77,yes
KXBTC15M-26APR290615-15,2026-04-29T10:00:00Z,2026-04-29T10:15:00Z,77655.74,yes
KXBTC15M-26APR290630-30,2026-04-29T10:15:00Z,2026-04-29T10:30:00Z,77722.67,yes
KXBTC15M-26APR290645-45,2026-04-29T10:30:00Z,2026-04-29T10:45:00Z,77847.43,no
KXBTC15M-26APR290700-00,2026-04-29T10:45:00Z,2026-04-29T11:00:00Z,77583.31,yes
KXBTC15M-26APR290715-15,2026-04-29T11:00:00Z,2026-04-29T11:15:00Z,77616.68,no
KXBTC15M-26APR290730-30,2026-04-29T11:15:00Z,2026-04-29T11:30:00Z,77578.72,no
KXBTC15M-26APR290745-45,2026-04-29T11:30:00Z,2026-04-29T11:45:00Z,77499.97,yes
KXBTC15M-26APR290800-00,2026-04-29T11:45:00Z,2026-04-29T12:00:00Z,77565.38,yes
KXBTC15M-26APR290815-15,2026-04-29T12:00:00Z,2026-04-29T12:15:00Z,77590.35,no
KXBTC15M-26APR290830-30,2026-04-29T12:15:00Z,2026-04-29T12:30:00Z,77416.32,no
KXBTC15M-26APR290845-45,2026-04-29T12:30:00Z,2026-04-29T12:45:00Z,77132.96,yes
KXBTC15M-26APR290900-00,2026-04-29T12:45:00Z,2026-04-29T13:00:00Z,77151.61,no
KXBTC15M-26APR290915-15,2026-04-29T13:00:00Z,2026-04-29T13:15:00Z,77128.46,yes
KXBTC15M-26APR290930-30,2026-04-29T13:15:00Z,2026-04-29T13:30:00Z,77157.64,no
KXBTC15M-26APR290945-45,2026-04-29T13:30:00Z,2026-04-29T13:45:00Z,76907.27,no
KXBTC15M-26APR291000-00,2026-04-29T13:45:00Z,2026-04-29T14:00:00Z,76588.44,yes
KXBTC15M-26APR291015-15,2026-04-29T14:00:00Z,2026-04-29T14:15:00Z,76775.11,no
KXBTC15M-26APR291030-30,2026-04-29T14:15:00Z,2026-04-29T14:30:00Z,76553.66,yes
KXBTC15M-26APR291045-45,2026-04-29T14:30:00Z,2026-04-29T14:45:00Z,76680.04,no
KXBTC15M-26APR291100-00,2026-04-29T14:45:00Z,2026-04-29T15:00:00Z,76570.11,no
KXBTC15M-26APR291115-15,2026-04-29T15:00:00Z,2026-04-29T15:15:00Z,76549.48,no
KXBTC15M-26APR291130-30,2026-04-29T15:15:00Z,2026-04-29T15:30:00Z,76227.64,yes
KXBTC15M-26APR291145-45,2026-04-29T15:30:00Z,2026-04-29T15:45:00Z,76230.93,no
KXBTC15M-26APR291200-00,2026-04-29T15:45:00Z,2026-04-29T16:00:00Z,75977.79,no
KXBTC15M-26APR291215-15,2026-04-29T16:00:00Z,2026-04-29T16:15:00Z,75874.31,yes
KXBTC15M-26APR291230-30,2026-04-29T16:15:00Z,2026-04-29T16:30:00Z,76028.91,no
KXBTC15M-26APR291245-45,2026-04-29T16:30:00Z,2026-04-29T16:45:00Z,75828.82,yes
KXBTC15M-26APR291300-00,2026-04-29T16:45:00Z,2026-04-29T17:00:00Z,75840.69,no
KXBTC15M-26APR291315-15,2026-04-29T17:00:00Z,2026-04-29T17:15:00Z,75752.56,yes
KXBTC15M-26APR291330-30,2026-04-29T17:15:00Z,2026-04-29T17:30:00Z,75906.07,no
KXBTC15M-26APR291345-45,2026-04-29T17:30:00Z,2026-04-29T17:45:00Z,75857.78,yes
KXBTC15M-26APR291400-00,2026-04-29T17:45:00Z,2026-04-29T18:00:00Z,75975.82,yes
KXBTC15M-26APR291415-15,2026-04-29T18:00:00Z,2026-04-29T18:15:00Z,76083.6,no
KXBTC15M-26APR291430-30,2026-04-29T18:15:00Z,2026-04-29T18:30:00Z,75186.84,no
KXBTC15M-26APR291445-45,2026-04-29T18:30:00Z,2026-04-29T18:45:00Z,75102.99,yes
KXBTC15M-26APR291500-00,2026-04-29T18:45:00Z,2026-04-29T19:00:00Z,75256.31,yes
KXBTC15M-26APR291515-15,2026-04-29T19:00:00Z,2026-04-29T19:15:00Z,75469,yes
KXBTC15M-26APR291530-30,2026-04-29T19:15:00Z,2026-04-29T19:30:00Z,75507.84,yes
KXBTC15M-26APR291545-45,2026-04-29T19:30:00Z,2026-04-29T19:45:00Z,75508.27,no
KXBTC15M-26APR291600-00,2026-04-29T19:45:00Z,2026-04-29T20:00:00Z,75424.94,yes
KXBTC15M-26APR291615-15,2026-04-29T20:00:00Z,2026-04-29T20:15:00Z,75504.77,no
KXBTC15M-26APR291630-30,2026-04-29T20:15:00Z,2026-04-29T20:30:00Z,75496.51,yes
KXBTC15M-26APR291645-45,2026-04-29T20:30:00Z,2026-04-29T20:45:00Z,75649.68,yes
KXBTC15M-26APR291700-00,2026-04-29T20:45:00Z,2026-04-29T21:00:00Z,75760.98,no
KXBTC15M-26APR291715-15,2026-04-29T21:00:00Z,2026-04-29T21:15:00Z,75691.72,yes
KXBTC15M-26APR291730-30,2026-04-29T21:15:00Z,2026-04-29T21:30:00Z,75790.05,yes
KXBTC15M-26APR291745-45,2026-04-29T21:30:00Z,2026-04-29T21:45:00Z,75806.61,yes
KXBTC15M-26APR291800-00,2026-04-29T21:45:00Z,2026-04-29T22:00:00Z,75925.45,no
KXBTC15M-26APR291815-15,2026-04-29T22:00:00Z,2026-04-29T22:15:00Z,75920.74,yes
KXBTC15M-26APR291830-30,2026-04-29T22:15:00Z,2026-04-29T22:30:00Z,75927.62,no
KXBTC15M-26APR291845-45,2026-04-29T22:30:00Z,2026-04-29T22:45:00Z,75820.43,yes
KXBTC15M-26APR291900-00,2026-04-29T22:45:00Z,2026-04-29T23:00:00Z,75931.75,no
KXBTC15M-26APR291915-15,2026-04-29T23:00:00Z,2026-04-29T23:15:00Z,75912.13,yes
KXBTC15M-26APR291930-30,2026-04-29T23:15:00Z,2026-04-29T23:30:00Z,75960.52,no
KXBTC15M-26APR291945-45,2026-04-29T23:30:00Z,2026-04-29T23:45:00Z,75732.56,yes
KXBTC15M-26APR292000-00,2026-04-29T23:45:00Z,2026-04-30T00:00:00Z,75815.64,no
KXBTC15M-26APR292015-15,2026-04-30T00:00:00Z,2026-04-30T00:15:00Z,75768.06,no
KXBTC15M-26APR292030-30,2026-04-30T00:15:00Z,2026-04-30T00:30:00Z,75696.25,yes
KXBTC15M-26APR292045-45,2026-04-30T00:30:00Z,2026-04-30T00:45:00Z,75763.54,yes
KXBTC15M-26APR292100-00,2026-04-30T00:45:00Z,2026-04-30T01:00:00Z,76057.82,yes
KXBTC15M-26APR292115-15,2026-04-30T01:00:00Z,2026-04-30T01:15:00Z,76258.79,no
KXBTC15M-26APR292130-30,2026-04-30T01:15:00Z,2026-04-30T01:30:00Z,76213.27,yes
KXBTC15M-26APR292145-45,2026-04-30T01:30:00Z,2026-04-30T01:45:00Z,76344.52,no
KXBTC15M-26APR292200-00,2026-04-30T01:45:00Z,2026-04-30T02:00:00Z,76334.19,no
KXBTC15M-26APR292215-15,2026-04-30T02:00:00Z,2026-04-30T02:15:00Z,76216.16,yes
KXBTC15M-26APR292230-30,2026-04-30T02:15:00Z,2026-04-30T02:30:00Z,76282.95,no
KXBTC15M-26APR292245-45,2026-04-30T02:30:00Z,2026-04-30T02:45:00Z,76141.96,no
KXBTC15M-26APR292300-00,2026-04-30T02:45:00Z,2026-04-30T03:00:00Z,75595.14,yes
KXBTC15M-26APR292315-15,2026-04-30T03:00:00Z,2026-04-30T03:15:00Z,75708.06,yes
KXBTC15M-26APR292330-30,2026-04-30T03:15:00Z,2026-04-30T03:30:00Z,75789.73,yes
KXBTC15M-26APR292345-45,2026-04-30T03:30:00Z,2026-04-30T03:45:00Z,75844.07,yes
KXBTC15M-26APR300000-00,2026-04-30T03:45:00Z,2026-04-30T04:00:00Z,75921.26,no
KXBTC15M-26APR300015-15,2026-04-30T04:00:00Z,2026-04-30T04:15:00Z,75916.32,no
KXBTC15M-26APR300030-30,2026-04-30T04:15:00Z,2026-04-30T04:30:00Z,75778.87,no
KXBTC15M-26APR300045-45,2026-04-30T04:30:00Z,2026-04-30T04:45:00Z,75682.34,no
KXBTC15M-26APR300100-00,2026-04-30T04:45:00Z,2026-04-30T05:00:00Z,75440.22,yes
KXBTC15M-26APR300115-15,2026-04-30T05:00:00Z,2026-04-30T05:15:00Z,75467.68,yes
KXBTC15M-26APR300130-30,2026-04-30T05:15:00Z,2026-04-30T05:30:00Z,75591.08,no
KXBTC15M-26APR300145-45,2026-04-30T05:30:00Z,2026-04-30T05:45:00Z,75401.12,yes
KXBTC15M-26APR300200-00,2026-04-30T05:45:00Z,2026-04-30T06:00:00Z,75683.98,no
KXBTC15M-26APR300515-15,2026-04-30T09:00:00Z,2026-04-30T09:15:00Z,76041.93,yes
KXBTC15M-26APR300530-30,2026-04-30T09:15:00Z,2026-04-30T09:30:00Z,76054.83,yes
KXBTC15M-26APR300545-45,2026-04-30T09:30:00Z,2026-04-30T09:45:00Z,76152.93,no
KXBTC15M-26APR300600-00,2026-04-30T09:45:00Z,2026-04-30T10:00:00Z,76092.51,yes
KXBTC15M-26APR300615-15,2026-04-30T10:00:00Z,2026-04-30T10:15:00Z,76100.82,no
KXBTC15M-26APR300630-30,2026-04-30T10:15:00Z,2026-04-30T10:30:00Z,76046.47,no
KXBTC15M-26APR300645-45,2026-04-30T10:30:00Z,2026-04-30T10:45:00Z,75967.08,yes
KXBTC15M-26APR300700-00,2026-04-30T10:45:00Z,2026-04-30T11:00:00Z,76022.52,no
KXBTC15M-26APR300715-15,2026-04-30T11:00:00Z,2026-04-30T11:15:00Z,76009.5,yes
KXBTC15M-26APR300730-30,2026-04-30T11:15:00Z,2026-04-30T11:30:00Z,76141.65,no
KXBTC15M-26APR300745-45,2026-04-30T11:30:00Z,2026-04-30T11:45:00Z,76087.38,no
KXBTC15M-26APR300800-00,2026-04-30T11:45:00Z,2026-04-30T12:00:00Z,75916.34,yes
KXBTC15M-26APR300815-15,2026-04-30T12:00:00Z,2026-04-30T12:15:00Z,76033.74,yes
KXBTC15M-26APR300830-30,2026-04-30T12:15:00Z,2026-04-30T12:30:00Z,76107.71,yes
KXBTC15M-26APR300845-45,2026-04-30T12:30:00Z,2026-04-30T12:45:00Z,76325.56,no
KXBTC15M-26APR300900-00,2026-04-30T12:45:00Z,2026-04-30T13:00:00Z,76245.9,yes
KXBTC15M-26APR300915-15,2026-04-30T13:00:00Z,2026-04-30T13:15:00Z,76295.34,no
KXBTC15M-26APR300930-30,2026-04-30T13:15:00Z,2026-04-30T13:30:00Z,76294.03,no
KXBTC15M-26APR300945-45,2026-04-30T13:30:00Z,2026-04-30T13:45:00Z,76141.08,yes
KXBTC15M-26APR301000-00,2026-04-30T13:45:00Z,2026-04-30T14:00:00Z,76561.03,no
KXBTC15M-26APR301015-15,2026-04-30T14:00:00Z,2026-04-30T14:15:00Z,76401.2,no
KXBTC15M-26APR301030-30,2026-04-30T14:15:00Z,2026-04-30T14:30:00Z,76361.58,no
KXBTC15M-26APR301045-45,2026-04-30T14:30:00Z,2026-04-30T14:45:00Z,76293.17,yes
KXBTC15M-26APR301100-00,2026-04-30T14:45:00Z,2026-04-30T15:00:00Z,76322.31,no
KXBTC15M-26APR301115-15,2026-04-30T15:00:00Z,2026-04-30T15:15:00Z,76300.32,yes
KXBTC15M-26APR301130-30,2026-04-30T15:15:00Z,2026-04-30T15:30:00Z,76393.43,yes
KXBTC15M-26APR301145-45,2026-04-30T15:30:00Z,2026-04-30T15:45:00Z,76446.5,no
KXBTC15M-26APR301200-00,2026-04-30T15:45:00Z,2026-04-30T16:00:00Z,76398.42,yes
KXBTC15M-26APR301215-15,2026-04-30T16:00:00Z,2026-04-30T16:15:00Z,76468.14,no
KXBTC15M-26APR301230-30,2026-04-30T16:15:00Z,2026-04-30T16:30:00Z,76442.58,no
KXBTC15M-26APR301245-45,2026-04-30T16:30:00Z,2026-04-30T16:45:00Z,76300.85,yes
KXBTC15M-26APR301300-00,2026-04-30T16:45:00Z,2026-04-30T17:00:00Z,76325.47,no
KXBTC15M-26APR301315-15,2026-04-30T17:00:00Z,2026-04-30T17:15:00Z,76233.5,no
KXBTC15M-26APR301330-30,2026-04-30T17:15:00Z,2026-04-30T17:30:00Z,76198.78,no
KXBTC15M-26APR301345-45,2026-04-30T17:30:00Z,2026-04-30T17:45:00Z,76107.7,yes
KXBTC15M-26APR301400-00,2026-04-30T17:45:00Z,2026-04-30T18:00:00Z,76131.02,yes
KXBTC15M-26APR301415-15,2026-04-30T18:00:00Z,2026-04-30T18:15:00Z,76253.56,no
KXBTC15M-26APR301430-30,2026-04-30T18:15:00Z,2026-04-30T18:30:00Z,76242.16,yes
KXBTC15M-26APR301445-45,2026-04-30T18:30:00Z,2026-04-30T18:45:00Z,76271.46,yes
KXBTC15M-26APR301500-00,2026-04-30T18:45:00Z,2026-04-30T19:00:00Z,76374.15,no
KXBTC15M-26APR301515-15,2026-04-30T19:00:00Z,2026-04-30T19:15:00Z,76332.21,yes
KXBTC15M-26APR301530-30,2026-04-30T19:15:00Z,2026-04-30T19:30:00Z,76444.96,yes
KXBTC15M-26APR301545-45,2026-04-30T19:30:00Z,2026-04-30T19:45:00Z,76462.22,no
KXBTC15M-26APR301600-00,2026-04-30T19:45:00Z,2026-04-30T20:00:00Z,76413.29,no
KXBTC15M-26APR301615-15,2026-04-30T20:00:00Z,2026-04-30T20:15:00Z,76404.22,yes
KXBTC15M-26APR301630-30,2026-04-30T20:15:00Z,2026-04-30T20:30:00Z,76421.56,yes
KXBTC15M-26APR301645-45,2026-04-30T20:30:00Z,2026-04-30T20:45:00Z,76440.76,yes
KXBTC15M-26APR301700-00,2026-04-30T20:45:00Z,2026-04-30T21:00:00Z,76495.85,no
KXBTC15M-26APR301715-15,2026-04-30T21:00:00Z,2026-04-30T21:15:00Z,76468.89,no
KXBTC15M-26APR301730-30,2026-04-30T21:15:00Z,2026-04-30T21:30:00Z,76462.25,no
KXBTC15M-26APR301745-45,2026-04-30T21:30:00Z,2026-04-30T21:45:00Z,76301.22,yes
KXBTC15M-26APR301800-00,2026-04-30T21:45:00Z,2026-04-30T22:00:00Z,76368.07,no
KXBTC15M-26APR301815-15,2026-04-30T22:00:00Z,2026-04-30T22:15:00Z,76249.47,yes
KXBTC15M-26APR301830-30,2026-04-30T22:15:00Z,2026-04-30T22:30:00Z,76331.18,yes
KXBTC15M-26APR301845-45,2026-04-30T22:30:00Z,2026-04-30T22:45:00Z,76403.51,no
KXBTC15M-26APR301900-00,2026-04-30T22:45:00Z,2026-04-30T23:00:00Z,76292.15,no
KXBTC15M-26APR301915-15,2026-04-30T23:00:00Z,2026-04-30T23:15:00Z,76199.18,yes
KXBTC15M-26APR301930-30,2026-04-30T23:15:00Z,2026-04-30T23:30:00Z,76265.79,yes
KXBTC15M-26APR301945-45,2026-04-30T23:30:00Z,2026-04-30T23:45:00Z,76285.45,yes
KXBTC15M-26APR302000-00,2026-04-30T23:45:00Z,2026-05-01T00:00:00Z,76311.31,no
KXBTC15M-26APR302015-15,2026-05-01T00:00:00Z,2026-05-01T00:15:00Z,76294.39,yes
KXBTC15M-26APR302030-30,2026-05-01T00:15:00Z,2026-05-01T00:30:00Z,76429.06,yes
KXBTC15M-26APR302045-45,2026-05-01T00:30:00Z,2026-05-01T00:45:00Z,76489.72,yes
KXBTC15M-26APR302100-00,2026-05-01T00:45:00Z,2026-05-01T01:00:00Z,76499.14,no
KXBTC15M-26APR302115-15,2026-05-01T01:00:00Z,2026-05-01T01:15:00Z,76388.57,yes
KXBTC15M-26APR302130-30,2026-05-01T01:15:00Z,2026-05-01T01:30:00Z,76555.07,no
KXBTC15M-26APR302145-45,2026-05-01T01:30:00Z,2026-05-01T01:45:00Z,76514.06,yes
KXBTC15M-26APR302200-00,2026-05-01T01:45:00Z,2026-05-01T02:00:00Z,76590.46,yes
KXBTC15M-26APR302215-15,2026-05-01T02:00:00Z,2026-05-01T02:15:00Z,76659.01,no
KXBTC15M-26APR302230-30,2026-05-01T02:15:00Z,2026-05-01T02:30:00Z,76652,no
KXBTC15M-26APR302245-45,2026-05-01T02:30:00Z,2026-05-01T02:45:00Z,76603.27,no
KXBTC15M-26APR302300-00,2026-05-01T02:45:00Z,2026-05-01T03:00:00Z,76574.18,no
KXBTC15M-26APR302315-15,2026-05-01T03:00:00Z,2026-05-01T03:15:00Z,76566.01,yes
KXBTC15M-26APR302330-30,2026-05-01T03:15:00Z,2026-05-01T03:30:00Z,76668.47,yes
KXBTC15M-26APR302345-45,2026-05-01T03:30:00Z,2026-05-01T03:45:00Z,77219.61,no
KXBTC15M-26MAY010000-00,2026-05-01T03:45:00Z,2026-05-01T04:00:00Z,77133.88,no
KXBTC15M-26MAY010015-15,2026-05-01T04:00:00Z,2026-05-01T04:15:00Z,77099.09,yes
KXBTC15M-26MAY010030-30,2026-05-01T04:15:00Z,2026-05-01T04:30:00Z,77131.71,no
KXBTC15M-26MAY010045-45,2026-05-01T04:30:00Z,2026-05-01T04:45:00Z,76977.88,yes
KXBTC15M-26MAY010100-00,2026-05-01T04:45:00Z,2026-05-01T05:00:00Z,77042.93,no
KXBTC15M-26MAY010115-15,2026-05-01T05:00:00Z,2026-05-01T05:15:00Z,77018.24,yes
KXBTC15M-26MAY010130-30,2026-05-01T05:15:00Z,2026-05-01T05:30:00Z,77124.46,no
KXBTC15M-26MAY010145-45,2026-05-01T05:30:00Z,2026-05-01T05:45:00Z,77063.64,yes
KXBTC15M-26MAY010200-00,2026-05-01T05:45:00Z,2026-05-01T06:00:00Z,77097.32,yes
KXBTC15M-26MAY010215-15,2026-05-01T06:00:00Z,2026-05-01T06:15:00Z,77126.97,no
KXBTC15M-26MAY010230-30,2026-05-01T06:15:00Z,2026-05-01T06:30:00Z,77118.82,yes
KXBTC15M-26MAY010245-45,2026-05-01T06:30:00Z,2026-05-01T06:45:00Z,77127.24,no
KXBTC15M-26MAY010300-00,2026-05-01T06:45:00Z,2026-05-01T07:00:00Z,76983.36,yes
KXBTC15M-26MAY010315-15,2026-05-01T07:00:00Z,2026-05-01T07:15:00Z,77015.93,yes
KXBTC15M-26MAY010330-30,2026-05-01T07:15:00Z,2026-05-01T07:30:00Z,77016.34,no
KXBTC15M-26MAY010345-45,2026-05-01T07:30:00Z,2026-05-01T07:45:00Z,76978.45,yes
KXBTC15M-26MAY010400-00,2026-05-01T07:45:00Z,2026-05-01T08:00:00Z,76997.16,yes
KXBTC15M-26MAY010415-15,2026-05-01T08:00:00Z,2026-05-01T08:15:00Z,77108.18,yes
KXBTC15M-26MAY010430-30,2026-05-01T08:15:00Z,2026-05-01T08:30:00Z,77188.32,yes
KXBTC15M-26MAY010445-45,2026-05-01T08:30:00Z,2026-05-01T08:45:00Z,77432.88,no
KXBTC15M-26MAY010500-00,2026-05-01T08:45:00Z,2026-05-01T09:00:00Z,77353.67,yes
KXBTC15M-26MAY010515-15,2026-05-01T09:00:00Z,2026-05-01T09:15:00Z,77360.41,no
KXBTC15M-26MAY010530-30,2026-05-01T09:15:00Z,2026-05-01T09:30:00Z,77319.74,yes
KXBTC15M-26MAY010545-45,2026-05-01T09:30:00Z,2026-05-01T09:45:00Z,77336.66,no
KXBTC15M-26MAY010600-00,2026-05-01T09:45:00Z,2026-05-01T10:00:00Z,77269.11,no
KXBTC15M-26MAY010615-15,2026-05-01T10:00:00Z,2026-05-01T10:15:00Z,77257.26,no
KXBTC15M-26MAY010630-30,2026-05-01T10:15:00Z,2026-05-01T10:30:00Z,77156.79,yes
KXBTC15M-26MAY010645-45,2026-05-01T10:30:00Z,2026-05-01T10:45:00Z,77337.29,no
KXBTC15M-26MAY010700-00,2026-05-01T10:45:00Z,2026-05-01T11:00:00Z,77238.15,yes
KXBTC15M-26MAY010715-15,2026-05-01T11:00:00Z,2026-05-01T11:15:00Z,77271.46,yes
KXBTC15M-26MAY010730-30,2026-05-01T11:15:00Z,2026-05-01T11:30:00Z,77309.64,yes
KXBTC15M-26MAY010745-45,2026-05-01T11:30:00Z,2026-05-01T11:45:00Z,77358.36,yes
KXBTC15M-26MAY010800-00,2026-05-01T11:45:00Z,2026-05-01T12:00:00Z,77392.73,yes
KXBTC15M-26MAY010815-15,2026-05-01T12:00:00Z,2026-05-01T12:15:00Z,77446.23,yes
KXBTC15M-26MAY010830-30,2026-05-01T12:15:00Z,2026-05-01T12:30:00Z,77567.59,yes
KXBTC15M-26MAY010845-45,2026-05-01T12:30:00Z,2026-05-01T12:45:00Z,77757.05,yes
KXBTC15M-26MAY010900-00,2026-05-01T12:45:00Z,2026-05-01T13:00:00Z,77950.55,yes
KXBTC15M-26MAY010915-15,2026-05-01T13:00:00Z,2026-05-01T13:15:00Z,77951.26,yes
KXBTC15M-26MAY010930-30,2026-05-01T13:15:00Z,2026-05-01T13:30:00Z,78335.09,no
KXBTC15M-26MAY010945-45,2026-05-01T13:30:00Z,2026-05-01T13:45:00Z,78291.38,no
KXBTC15M-26MAY011000-00,2026-05-01T13:45:00Z,2026-05-01T14:00:00Z,78204.2,yes
KXBTC15M-26MAY011015-15,2026-05-01T14:00:00Z,2026-05-01T14:15:00Z,78727.48,yes
KXBTC15M-26MAY011030-30,2026-05-01T14:15:00Z,2026-05-01T14:30:00Z,78757.7,no
KXBTC15M-26MAY011045-45,2026-05-01T14:30:00Z,2026-05-01T14:45:00Z,78279.42,no
KXBTC15M-26MAY011100-00,2026-05-01T14:45:00Z,2026-05-01T15:00:00Z,78205.37,yes
KXBTC15M-26MAY011115-15,2026-05-01T15:00:00Z,2026-05-01T15:15:00Z,78334.21,yes
KXBTC15M-26MAY011130-30,2026-05-01T15:15:00Z,2026-05-01T15:30:00Z,78454.83,yes
KXBTC15M-26MAY011145-45,2026-05-01T15:30:00Z,2026-05-01T15:45:00Z,78531.35,yes
KXBTC15M-26MAY011200-00,2026-05-01T15:45:00Z,2026-05-01T16:00:00Z,78667.28,no
KXBTC15M-26MAY011215-15,2026-05-01T16:00:00Z,2026-05-01T16:15:00Z,78458.78,no
KXBTC15M-26MAY011230-30,2026-05-01T16:15:00Z,2026-05-01T16:30:00Z,78405.45,no
KXBTC15M-26MAY011245-45,2026-05-01T16:30:00Z,2026-05-01T16:45:00Z,78343.02,no
KXBTC15M-26MAY011300-00,2026-05-01T16:45:00Z,2026-05-01T17:00:00Z,78272.34,no
KXBTC15M-26MAY011315-15,2026-05-01T17:00:00Z,2026-05-01T17:15:00Z,78225,yes
KXBTC15M-26MAY011330-30,2026-05-01T17:15:00Z,2026-05-01T17:30:00Z,78284.99,no
KXBTC15M-26MAY011345-45,2026-05-01T17:30:00Z,2026-05-01T17:45:00Z,78203.71,yes
KXBTC15M-26MAY011400-00,2026-05-01T17:45:00Z,2026-05-01T18:00:00Z,78444.4,yes
KXBTC15M-26MAY011415-15,2026-05-01T18:00:00Z,2026-05-01T18:15:00Z,78551.63,no
KXBTC15M-26MAY011430-30,2026-05-01T18:15:00Z,2026-05-01T18:30:00Z,78532.23,yes
KXBTC15M-26MAY011445-45,2026-05-01T18:30:00Z,2026-05-01T18:45:00Z,78550.9,no
KXBTC15M-26MAY011500-00,2026-05-01T18:45:00Z,2026-05-01T19:00:00Z,78431.64,no
KXBTC15M-26MAY011515-15,2026-05-01T19:00:00Z,2026-05-01T19:15:00Z,78422.21,yes
KXBTC15M-26MAY011530-30,2026-05-01T19:15:00Z,2026-05-01T19:30:00Z,78502.3,no
KXBTC15M-26MAY011545-45,2026-05-01T19:30:00Z,2026-05-01T19:45:00Z,78423.8,no
KXBTC15M-26MAY011600-00,2026-05-01T19:45:00Z,2026-05-01T20:00:00Z,78329.1,yes
KXBTC15M-26MAY011615-15,2026-05-01T20:00:00Z,2026-05-01T20:15:00Z,78411.55,no
KXBTC15M-26MAY011630-30,2026-05-01T20:15:00Z,2026-05-01T20:30:00Z,78293.82,no
KXBTC15M-26MAY011645-45,2026-05-01T20:30:00Z,2026-05-01T20:45:00Z,78150.05,no
KXBTC15M-26MAY011700-00,2026-05-01T20:45:00Z,2026-05-01T21:00:00Z,77986.13,no
KXBTC15M-26MAY011715-15,2026-05-01T21:00:00Z,2026-05-01T21:15:00Z,77873.81,yes
KXBTC15M-26MAY011730-30,2026-05-01T21:15:00Z,2026-05-01T21:30:00Z,77944.16,yes
KXBTC15M-26MAY011745-45,2026-05-01T21:30:00Z,2026-05-01T21:45:00Z,78006.44,yes
KXBTC15M-26MAY011800-00,2026-05-01T21:45:00Z,2026-05-01T22:00:00Z,78098.34,yes
KXBTC15M-26MAY011815-15,2026-05-01T22:00:00Z,2026-05-01T22:15:00Z,78195.36,yes
KXBTC15M-26MAY011830-30,2026-05-01T22:15:00Z,2026-05-01T22:30:00Z,78308.34,yes
KXBTC15M-26MAY011845-45,2026-05-01T22:30:00Z,2026-05-01T22:45:00Z,78339.19,no
KXBTC15M-26MAY011900-00,2026-05-01T22:45:00Z,2026-05-01T23:00:00Z,78240.46,no
KXBTC15M-26MAY011915-15,2026-05-01T23:00:00Z,2026-05-01T23:15:00Z,78145.51,no
KXBTC15M-26MAY011930-30,2026-05-01T23:15:00Z,2026-05-01T23:30:00Z,78142.33,no
KXBTC15M-26MAY011945-45,2026-05-01T23:30:00Z,2026-05-01T23:45:00Z,78051.28,yes
KXBTC15M-26MAY012000-00,2026-05-01T23:45:00Z,2026-05-02T00:00:00Z,78120.6,yes
KXBTC15M-26MAY012015-15,2026-05-02T00:00:00Z,2026-05-02T00:15:00Z,78215.98,no
KXBTC15M-26MAY012030-30,2026-05-02T00:15:00Z,2026-05-02T00:30:00Z,78203.41,yes
KXBTC15M-26MAY012045-45,2026-05-02T00:30:00Z,2026-05-02T00:45:00Z,78281.9,yes
KXBTC15M-26MAY012100-00,2026-05-02T00:45:00Z,2026-05-02T01:00:00Z,78317.17,yes
KXBTC15M-26MAY012115-15,2026-05-02T01:00:00Z,2026-05-02T01:15:00Z,78317.62,yes
KXBTC15M-26MAY012130-30,2026-05-02T01:15:00Z,2026-05-02T01:30:00Z,78356.61,no
KXBTC15M-26MAY012145-45,2026-05-02T01:30:00Z,2026-05-02T01:45:00Z,78343.9,no
KXBTC15M-26MAY012200-00,2026-05-02T01:45:00Z,2026-05-02T02:00:00Z,78332.89,no
KXBTC15M-26MAY012215-15,2026-05-02T02:00:00Z,2026-05-02T02:15:00Z,78314.97,no
KXBTC15M-26MAY012230-30,2026-05-02T02:15:00Z,2026-05-02T02:30:00Z,78311.84,no
KXBTC15M-26MAY012245-45,2026-05-02T02:30:00Z,2026-05-02T02:45:00Z,78267.12,yes
KXBTC15M-26MAY012300-00,2026-05-02T02:45:00Z,2026-05-02T03:00:00Z,78377.62,no
KXBTC15M-26MAY012315-15,2026-05-02T03:00:00Z,2026-05-02T03:15:00Z,78358.79,no
KXBTC15M-26MAY012330-30,2026-05-02T03:15:00Z,2026-05-02T03:30:00Z,78277.2,yes
KXBTC15M-26MAY012345-45,2026-05-02T03:30:00Z,2026-05-02T03:45:00Z,78389.01,yes
KXBTC15M-26MAY020000-00,2026-05-02T03:45:00Z,2026-05-02T04:00:00Z,78396.72,yes
KXBTC15M-26MAY020015-15,2026-05-02T04:00:00Z,2026-05-02T04:15:00Z,78434.29,no
KXBTC15M-26MAY020030-30,2026-05-02T04:15:00Z,2026-05-02T04:30:00Z,78283.39,no
KXBTC15M-26MAY020045-45,2026-05-02T04:30:00Z,2026-05-02T04:45:00Z,78278.98,no
KXBTC15M-26MAY020100-00,2026-05-02T04:45:00Z,2026-05-02T05:00:00Z,78224.05,no
KXBTC15M-26MAY020115-15,2026-05-02T05:00:00Z,2026-05-02T05:15:00Z,78174.98,no
KXBTC15M-26MAY020130-30,2026-05-02T05:15:00Z,2026-05-02T05:30:00Z,78085.19,yes
KXBTC15M-26MAY020145-45,2026-05-02T05:30:00Z,2026-05-02T05:45:00Z,78090.86,yes
KXBTC15M-26MAY020200-00,2026-05-02T05:45:00Z,2026-05-02T06:00:00Z,78189.11,yes
KXBTC15M-26MAY020215-15,2026-05-02T06:00:00Z,2026-05-02T06:15:00Z,78205.92,yes
KXBTC15M-26MAY020230-30,2026-05-02T06:15:00Z,2026-05-02T06:30:00Z,78210.57,no
KXBTC15M-26MAY020245-45,2026-05-02T06:30:00Z,2026-05-02T06:45:00Z,78149.96,yes
KXBTC15M-26MAY020300-00,2026-05-02T06:45:00Z,2026-05-02T07:00:00Z,78229.49,yes
KXBTC15M-26MAY020315-15,2026-05-02T07:00:00Z,2026-05-02T07:15:00Z,78328.56,no
KXBTC15M-26MAY020330-30,2026-05-02T07:15:00Z,2026-05-02T07:30:00Z,78310.48,yes
KXBTC15M-26MAY020345-45,2026-05-02T07:30:00Z,2026-05-02T07:45:00Z,78319.47,no
KXBTC15M-26MAY020400-00,2026-05-02T07:45:00Z,2026-05-02T08:00:00Z,78219.92,no
KXBTC15M-26MAY020415-15,2026-05-02T08:00:00Z,2026-05-02T08:15:00Z,78212.66,yes
KXBTC15M-26MAY020430-30,2026-05-02T08:15:00Z,2026-05-02T08:30:00Z,78257.26,yes
KXBTC15M-26MAY020445-45,2026-05-02T08:30:00Z,2026-05-02T08:45:00Z,78280.97,yes
KXBTC15M-26MAY020500-00,2026-05-02T08:45:00Z,2026-05-02T09:00:00Z,78327.21,no
KXBTC15M-26MAY020515-15,2026-05-02T09:00:00Z,2026-05-02T09:15:00Z,78310.31,no
KXBTC15M-26MAY020530-30,2026-05-02T09:15:00Z,2026-05-02T09:30:00Z,78296.42,yes
KXBTC15M-26MAY020545-45,2026-05-02T09:30:00Z,2026-05-02T09:45:00Z,78310.97,yes
KXBTC15M-26MAY020600-00,2026-05-02T09:45:00Z,2026-05-02T10:00:00Z,78325.35,no
KXBTC15M-26MAY020615-15,2026-05-02T10:00:00Z,2026-05-02T10:15:00Z,78294.79,yes
KXBTC15M-26MAY020630-30,2026-05-02T10:15:00Z,2026-05-02T10:30:00Z,78302.75,no
KXBTC15M-26MAY020645-45,2026-05-02T10:30:00Z,2026-05-02T10:45:00Z,78242.87,no
KXBTC15M-26MAY020700-00,2026-05-02T10:45:00Z,2026-05-02T11:00:00Z,78231.61,yes
KXBTC15M-26MAY020715-15,2026-05-02T11:00:00Z,2026-05-02T11:15:00Z,78250.65,no
KXBTC15M-26MAY020730-30,2026-05-02T11:15:00Z,2026-05-02T11:30:00Z,78177.8,yes
KXBTC15M-26MAY020745-45,2026-05-02T11:30:00Z,2026-05-02T11:45:00Z,78216.48,no
KXBTC15M-26MAY020800-00,2026-05-02T11:45:00Z,2026-05-02T12:00:00Z,78147.98,yes
KXBTC15M-26MAY020815-15,2026-05-02T12:00:00Z,2026-05-02T12:15:00Z,78148.85,no
KXBTC15M-26MAY020830-30,2026-05-02T12:15:00Z,2026-05-02T12:30:00Z,78146.95,yes
KXBTC15M-26MAY020845-45,2026-05-02T12:30:00Z,2026-05-02T12:45:00Z,78245.65,no
KXBTC15M-26MAY020900-00,2026-05-02T12:45:00Z,2026-05-02T13:00:00Z,78221.29,no
KXBTC15M-26MAY020915-15,2026-05-02T13:00:00Z,2026-05-02T13:15:00Z,78210.72,yes
KXBTC15M-26MAY020930-30,2026-05-02T13:15:00Z,2026-05-02T13:30:00Z,78402.31,no
KXBTC15M-26MAY020945-45,2026-05-02T13:30:00Z,2026-05-02T13:45:00Z,78305,yes
KXBTC15M-26MAY021000-00,2026-05-02T13:45:00Z,2026-05-02T14:00:00Z,78357.85,yes
KXBTC15M-26MAY021015-15,2026-05-02T14:00:00Z,2026-05-02T14:15:00Z,78361.99,no
KXBTC15M-26MAY021030-30,2026-05-02T14:15:00Z,2026-05-02T14:30:00Z,78316.34,yes
KXBTC15M-26MAY021045-45,2026-05-02T14:30:00Z,2026-05-02T14:45:00Z,78406.99,no
KXBTC15M-26MAY021100-00,2026-05-02T14:45:00Z,2026-05-02T15:00:00Z,78389.63,yes
KXBTC15M-26MAY021115-15,2026-05-02T15:00:00Z,2026-05-02T15:15:00Z,78417.73,yes
KXBTC15M-26MAY021130-30,2026-05-02T15:15:00Z,2026-05-02T15:30:00Z,78434.44,no
KXBTC15M-26MAY021145-45,2026-05-02T15:30:00Z,2026-05-02T15:45:00Z,78373.22,yes
KXBTC15M-26MAY021200-00,2026-05-02T15:45:00Z,2026-05-02T16:00:00Z,78439.12,yes
KXBTC15M-26MAY021215-15,2026-05-02T16:00:00Z,2026-05-02T16:15:00Z,78478.99,yes
KXBTC15M-26MAY021230-30,2026-05-02T16:15:00Z,2026-05-02T16:30:00Z,78539.43,no
KXBTC15M-26MAY021245-45,2026-05-02T16:30:00Z,2026-05-02T16:45:00Z,78514.15,no
KXBTC15M-26MAY021300-00,2026-05-02T16:45:00Z,2026-05-02T17:00:00Z,78452.16,no
KXBTC15M-26MAY021315-15,2026-05-02T17:00:00Z,2026-05-02T17:15:00Z,78449.91,no
KXBTC15M-26MAY021330-30,2026-05-02T17:15:00Z,2026-05-02T17:30:00Z,78435.09,yes
KXBTC15M-26MAY021345-45,2026-05-02T17:30:00Z,2026-05-02T17:45:00Z,78442.3,no
KXBTC15M-26MAY021400-00,2026-05-02T17:45:00Z,2026-05-02T18:00:00Z,78422.16,no
KXBTC15M-26MAY021415-15,2026-05-02T18:00:00Z,2026-05-02T18:15:00Z,78394.07,no
KXBTC15M-26MAY021430-30,2026-05-02T18:15:00Z,2026-05-02T18:30:00Z,78319.14,yes
KXBTC15M-26MAY021445-45,2026-05-02T18:30:00Z,2026-05-02T18:45:00Z,78378.66,yes
KXBTC15M-26MAY021500-00,2026-05-02T18:45:00Z,2026-05-02T19:00:00Z,78409.72,yes
KXBTC15M-26MAY021515-15,2026-05-02T19:00:00Z,2026-05-02T19:15:00Z,78459.49,yes
KXBTC15M-26MAY021530-30,2026-05-02T19:15:00Z,2026-05-02T19:30:00Z,78491.15,no
KXBTC15M-26MAY021545-45,2026-05-02T19:30:00Z,2026-05-02T19:45:00Z,78450.35,yes
KXBTC15M-26MAY021600-00,2026-05-02T19:45:00Z,2026-05-02T20:00:00Z,78490.34,no
KXBTC15M-26MAY021615-15,2026-05-02T20:00:00Z,2026-05-02T20:15:00Z,78454,no
KXBTC15M-26MAY021630-30,2026-05-02T20:15:00Z,2026-05-02T20:30:00Z,78431.69,no
KXBTC15M-26MAY021645-45,2026-05-02T20:30:00Z,2026-05-02T20:45:00Z,78428.98,yes
KXBTC15M-26MAY021700-00,2026-05-02T20:45:00Z,2026-05-02T21:00:00Z,78429.6,yes
KXBTC15M-26MAY021715-15,2026-05-02T21:00:00Z,2026-05-02T21:15:00Z,78452.97,no
KXBTC15M-26MAY021730-30,2026-05-02T21:15:00Z,2026-05-02T21:30:00Z,78449.78,yes
KXBTC15M-26MAY021745-45,2026-05-02T21:30:00Z,2026-05-02T21:45:00Z,78492.76,yes
KXBTC15M-26MAY021800-00,2026-05-02T21:45:00Z,2026-05-02T22:00:00Z,78776.62,no
KXBTC15M-26MAY021815-15,2026-05-02T22:00:00Z,2026-05-02T22:15:00Z,78729,yes
KXBTC15M-26MAY021830-30,2026-05-02T22:15:00Z,2026-05-02T22:30:00Z,78757.45,no
KXBTC15M-26MAY021845-45,2026-05-02T22:30:00Z,2026-05-02T22:45:00Z,78621.77,yes
KXBTC15M-26MAY021900-00,2026-05-02T22:45:00Z,2026-05-02T23:00:00Z,78659.21,yes
KXBTC15M-26MAY021915-15,2026-05-02T23:00:00Z,2026-05-02T23:15:00Z,78822.06,no
KXBTC15M-26MAY021930-30,2026-05-02T23:15:00Z,2026-05-02T23:30:00Z,78737.2,yes
KXBTC15M-26MAY021945-45,2026-05-02T23:30:00Z,2026-05-02T23:45:00Z,78797.02,no
KXBTC15M-26MAY022000-00,2026-05-02T23:45:00Z,2026-05-03T00:00:00Z,78691.74,no
KXBTC15M-26MAY022015-15,2026-05-03T00:00:00Z,2026-05-03T00:15:00Z,78679.26,no
KXBTC15M-26MAY022030-30,2026-05-03T00:15:00Z,2026-05-03T00:30:00Z,78577.65,yes
KXBTC15M-26MAY022045-45,2026-05-03T00:30:00Z,2026-05-03T00:45:00Z,78632.35,yes
KXBTC15M-26MAY022100-00,2026-05-03T00:45:00Z,2026-05-03T01:00:00Z,78636.82,no
KXBTC15M-26MAY022115-15,2026-05-03T01:00:00Z,2026-05-03T01:15:00Z,78539.83,no
KXBTC15M-26MAY022130-30,2026-05-03T01:15:00Z,2026-05-03T01:30:00Z,78355.72,no
KXBTC15M-26MAY022145-45,2026-05-03T01:30:00Z,2026-05-03T01:45:00Z,78274.25,no
KXBTC15M-26MAY022200-00,2026-05-03T01:45:00Z,2026-05-03T02:00:00Z,78225.96,yes
KXBTC15M-26MAY022215-15,2026-05-03T02:00:00Z,2026-05-03T02:15:00Z,78252.31,no
KXBTC15M-26MAY022230-30,2026-05-03T02:15:00Z,2026-05-03T02:30:00Z,78178.78,no
KXBTC15M-26MAY022245-45,2026-05-03T02:30:00Z,2026-05-03T02:45:00Z,78108.01,yes
KXBTC15M-26MAY022300-00,2026-05-03T02:45:00Z,2026-05-03T03:00:00Z,78118.41,yes
KXBTC15M-26MAY022315-15,2026-05-03T03:00:00Z,2026-05-03T03:15:00Z,78164.42,no
KXBTC15M-26MAY022330-30,2026-05-03T03:15:00Z,2026-05-03T03:30:00Z,78129.8,no
KXBTC15M-26MAY022345-45,2026-05-03T03:30:00Z,2026-05-03T03:45:00Z,78125.57,yes
KXBTC15M-26MAY030000-00,2026-05-03T03:45:00Z,2026-05-03T04:00:00Z,78128.9,yes
KXBTC15M-26MAY030015-15,2026-05-03T04:00:00Z,2026-05-03T04:15:00Z,78197.28,no
KXBTC15M-26MAY030030-30,2026-05-03T04:15:00Z,2026-05-03T04:30:00Z,78139.84,yes
KXBTC15M-26MAY030045-45,2026-05-03T04:30:00Z,2026-05-03T04:45:00Z,78212.32,no
KXBTC15M-26MAY030100-00,2026-05-03T04:45:00Z,2026-05-03T05:00:00Z,78179.66,no
KXBTC15M-26MAY030115-15,2026-05-03T05:00:00Z,2026-05-03T05:15:00Z,78157.01,yes
KXBTC15M-26MAY030130-30,2026-05-03T05:15:00Z,2026-05-03T05:30:00Z,78230.61,no
KXBTC15M-26MAY030145-45,2026-05-03T05:30:00Z,2026-05-03T05:45:00Z,78214.4,no
KXBTC15M-26MAY030200-00,2026-05-03T05:45:00Z,2026-05-03T06:00:00Z,78206.94,yes
KXBTC15M-26MAY030215-15,2026-05-03T06:00:00Z,2026-05-03T06:15:00Z,78238.77,no
KXBTC15M-26MAY030230-30,2026-05-03T06:15:00Z,2026-05-03T06:30:00Z,78146.2,no
KXBTC15M-26MAY030245-45,2026-05-03T06:30:00Z,2026-05-03T06:45:00Z,78107.96,yes
KXBTC15M-26MAY030300-00,2026-05-03T06:45:00Z,2026-05-03T07:00:00Z,78138,yes
KXBTC15M-26MAY030315-15,2026-05-03T07:00:00Z,2026-05-03T07:15:00Z,78282.95,yes
KXBTC15M-26MAY030330-30,2026-05-03T07:15:00Z,2026-05-03T07:30:00Z,78345.48,yes
KXBTC15M-26MAY030345-45,2026-05-03T07:30:00Z,2026-05-03T07:45:00Z,78404.25,no
KXBTC15M-26MAY030400-00,2026-05-03T07:45:00Z,2026-05-03T08:00:00Z,78402.75,no
KXBTC15M-26MAY030415-15,2026-05-03T08:00:00Z,2026-05-03T08:15:00Z,78359.05,yes
KXBTC15M-26MAY030430-30,2026-05-03T08:15:00Z,2026-05-03T08:30:00Z,78442.28,no
KXBTC15M-26MAY030445-45,2026-05-03T08:30:00Z,2026-05-03T08:45:00Z,78412.35,yes
KXBTC15M-26MAY030500-00,2026-05-03T08:45:00Z,2026-05-03T09:00:00Z,78430.44,no
KXBTC15M-26MAY030515-15,2026-05-03T09:00:00Z,2026-05-03T09:15:00Z,78391.91,yes
KXBTC15M-26MAY030530-30,2026-05-03T09:15:00Z,2026-05-03T09:30:00Z,78399.06,yes
KXBTC15M-26MAY030545-45,2026-05-03T09:30:00Z,2026-05-03T09:45:00Z,78495.29,yes
KXBTC15M-26MAY030600-00,2026-05-03T09:45:00Z,2026-05-03T10:00:00Z,78520.04,yes
KXBTC15M-26MAY030615-15,2026-05-03T10:00:00Z,2026-05-03T10:15:00Z,78529.64,no
KXBTC15M-26MAY030630-30,2026-05-03T10:15:00Z,2026-05-03T10:30:00Z,78479.97,no
KXBTC15M-26MAY030645-45,2026-05-03T10:30:00Z,2026-05-03T10:45:00Z,78428.44,yes
KXBTC15M-26MAY030700-00,2026-05-03T10:45:00Z,2026-05-03T11:00:00Z,78441.01,no
KXBTC15M-26MAY030715-15,2026-05-03T11:00:00Z,2026-05-03T11:15:00Z,78406.54,yes
KXBTC15M-26MAY030730-30,2026-05-03T11:15:00Z,2026-05-03T11:30:00Z,78518.33,no
KXBTC15M-26MAY030745-45,2026-05-03T11:30:00Z,2026-05-03T11:45:00Z,78505.96,yes
KXBTC15M-26MAY030800-00,2026-05-03T11:45:00Z,2026-05-03T12:00:00Z,78709.68,no
KXBTC15M-26MAY030815-15,2026-05-03T12:00:00Z,2026-05-03T12:15:00Z,78658.52,yes
KXBTC15M-26MAY030830-30,2026-05-03T12:15:00Z,2026-05-03T12:30:00Z,78851.14,no
KXBTC15M-26MAY030845-45,2026-05-03T12:30:00Z,2026-05-03T12:45:00Z,78769.45,no
KXBTC15M-26MAY030900-00,2026-05-03T12:45:00Z,2026-05-03T13:00:00Z,78753.4,no
KXBTC15M-26MAY030915-15,2026-05-03T13:00:00Z,2026-05-03T13:15:00Z,78742.29,yes
KXBTC15M-26MAY030930-30,2026-05-03T13:15:00Z,2026-05-03T13:30:00Z,78744.42,no
KXBTC15M-26MAY030945-45,2026-05-03T13:30:00Z,2026-05-03T13:45:00Z,78625.48,no
KXBTC15M-26MAY031000-00,2026-05-03T13:45:00Z,2026-05-03T14:00:00Z,78594.85,yes
KXBTC15M-26MAY031015-15,2026-05-03T14:00:00Z,2026-05-03T14:15:00Z,78669.61,yes
KXBTC15M-26MAY031030-30,2026-05-03T14:15:00Z,2026-05-03T14:30:00Z,78719.28,no
KXBTC15M-26MAY031045-45,2026-05-03T14:30:00Z,2026-05-03T14:45:00Z,78672.75,yes
KXBTC15M-26MAY031100-00,2026-05-03T14:45:00Z,2026-05-03T15:00:00Z,78702.85,yes
KXBTC15M-26MAY031115-15,2026-05-03T15:00:00Z,2026-05-03T15:15:00Z,78740.6,no
KXBTC15M-26MAY031130-30,2026-05-03T15:15:00Z,2026-05-03T15:30:00Z,78733.41,yes
KXBTC15M-26MAY031145-45,2026-05-03T15:30:00Z,2026-05-03T15:45:00Z,78752.02,no
KXBTC15M-26MAY031200-00,2026-05-03T15:45:00Z,2026-05-03T16:00:00Z,78694.32,no
KXBTC15M-26MAY031215-15,2026-05-03T16:00:00Z,2026-05-03T16:15:00Z,78655.98,no
KXBTC15M-26MAY031230-30,2026-05-03T16:15:00Z,2026-05-03T16:30:00Z,78615.51,yes
KXBTC15M-26MAY031245-45,2026-05-03T16:30:00Z,2026-05-03T16:45:00Z,78649.64,yes
KXBTC15M-26MAY031300-00,2026-05-03T16:45:00Z,2026-05-03T17:00:00Z,78715.2,no
KXBTC15M-26MAY031315-15,2026-05-03T17:00:00Z,2026-05-03T17:15:00Z,78656.57,yes
KXBTC15M-26MAY031330-30,2026-05-03T17:15:00Z,2026-05-03T17:30:00Z,78688.3,yes
KXBTC15M-26MAY031345-45,2026-05-03T17:30:00Z,2026-05-03T17:45:00Z,78722.6,yes
KXBTC15M-26MAY031400-00,2026-05-03T17:45:00Z,2026-05-03T18:00:00Z,78790.58,no
KXBTC15M-26MAY031415-15,2026-05-03T18:00:00Z,2026-05-03T18:15:00Z,78719.39,no
KXBTC15M-26MAY031430-30,2026-05-03T18:15:00Z,2026-05-03T18:30:00Z,78666.25,yes
KXBTC15M-26MAY031445-45,2026-05-03T18:30:00Z,2026-05-03T18:45:00Z,78728.16,no
KXBTC15M-26MAY031500-00,2026-05-03T18:45:00Z,2026-05-03T19:00:00Z,78689.18,yes
KXBTC15M-26MAY031515-15,2026-05-03T19:00:00Z,2026-05-03T19:15:00Z,78732.56,no
KXBTC15M-26MAY031530-30,2026-05-03T19:15:00Z,2026-05-03T19:30:00Z,78693.1,no
KXBTC15M-26MAY031545-45,2026-05-03T19:30:00Z,2026-05-03T19:45:00Z,78681.59,yes
KXBTC15M-26MAY031600-00,2026-05-03T19:45:00Z,2026-05-03T20:00:00Z,78798.24,no
KXBTC15M-26MAY031615-15,2026-05-03T20:00:00Z,2026-05-03T20:15:00Z,78776.8,no
KXBTC15M-26MAY031630-30,2026-05-03T20:15:00Z,2026-05-03T20:30:00Z,78737.39,yes
KXBTC15M-26MAY031645-45,2026-05-03T20:30:00Z,2026-05-03T20:45:00Z,78891.7,yes
KXBTC15M-26MAY031700-00,2026-05-03T20:45:00Z,2026-05-03T21:00:00Z,79010.28,no
KXBTC15M-26MAY031715-15,2026-05-03T21:00:00Z,2026-05-03T21:15:00Z,78911.2,yes
KXBTC15M-26MAY031730-30,2026-05-03T21:15:00Z,2026-05-03T21:30:00Z,79012.99,no
KXBTC15M-26MAY031745-45,2026-05-03T21:30:00Z,2026-05-03T21:45:00Z,78921.72,no
KXBTC15M-26MAY031800-00,2026-05-03T21:45:00Z,2026-05-03T22:00:00Z,78686.05,yes
KXBTC15M-26MAY031815-15,2026-05-03T22:00:00Z,2026-05-03T22:15:00Z,78830.82,yes
KXBTC15M-26MAY031830-30,2026-05-03T22:15:00Z,2026-05-03T22:30:00Z,79290.68,no
KXBTC15M-26MAY031845-45,2026-05-03T22:30:00Z,2026-05-03T22:45:00Z,79054.41,yes
KXBTC15M-26MAY031900-00,2026-05-03T22:45:00Z,2026-05-03T23:00:00Z,79276.14,no
KXBTC15M-26MAY031915-15,2026-05-03T23:00:00Z,2026-05-03T23:15:00Z,79174.31,no
KXBTC15M-26MAY031930-30,2026-05-03T23:15:00Z,2026-05-03T23:30:00Z,79065.32,no
KXBTC15M-26MAY031945-45,2026-05-03T23:30:00Z,2026-05-03T23:45:00Z,78646.76,no
KXBTC15M-26MAY032000-00,2026-05-03T23:45:00Z,2026-05-04T00:00:00Z,78585,no
KXBTC15M-26MAY032015-15,2026-05-04T00:00:00Z,2026-05-04T00:15:00Z,78553.96,no
KXBTC15M-26MAY032030-30,2026-05-04T00:15:00Z,2026-05-04T00:30:00Z,78487.82,no
KXBTC15M-26MAY032045-45,2026-05-04T00:30:00Z,2026-05-04T00:45:00Z,78383.24,no
KXBTC15M-26MAY032100-00,2026-05-04T00:45:00Z,2026-05-04T01:00:00Z,78375.15,yes
KXBTC15M-26MAY032115-15,2026-05-04T01:00:00Z,2026-05-04T01:15:00Z,78535.22,no
KXBTC15M-26MAY032130-30,2026-05-04T01:15:00Z,2026-05-04T01:30:00Z,78452.78,yes
KXBTC15M-26MAY032145-45,2026-05-04T01:30:00Z,2026-05-04T01:45:00Z,78573.32,yes
KXBTC15M-26MAY032200-00,2026-05-04T01:45:00Z,2026-05-04T02:00:00Z,78814.54,yes
KXBTC15M-26MAY032215-15,2026-05-04T02:00:00Z,2026-05-04T02:15:00Z,79653.81,yes
KXBTC15M-26MAY032230-30,2026-05-04T02:15:00Z,2026-05-04T02:30:00Z,79919.51,no
KXBTC15M-26MAY032245-45,2026-05-04T02:30:00Z,2026-05-04T02:45:00Z,79693.73,yes
KXBTC15M-26MAY032300-00,2026-05-04T02:45:00Z,2026-05-04T03:00:00Z,80136.39,yes
KXBTC15M-26MAY032315-15,2026-05-04T03:00:00Z,2026-05-04T03:15:00Z,80207.18,yes
KXBTC15M-26MAY032330-30,2026-05-04T03:15:00Z,2026-05-04T03:30:00Z,80311.33,no
KXBTC15M-26MAY032345-45,2026-05-04T03:30:00Z,2026-05-04T03:45:00Z,80058.2,no
KXBTC15M-26MAY040000-00,2026-05-04T03:45:00Z,2026-05-04T04:00:00Z,79976.46,yes
KXBTC15M-26MAY040015-15,2026-05-04T04:00:00Z,2026-05-04T04:15:00Z,80276.76,yes
KXBTC15M-26MAY040030-30,2026-05-04T04:15:00Z,2026-05-04T04:30:00Z,80420.24,no
KXBTC15M-26MAY040045-45,2026-05-04T04:30:00Z,2026-05-04T04:45:00Z,80338.42,no
KXBTC15M-26MAY040100-00,2026-05-04T04:45:00Z,2026-05-04T05:00:00Z,80333.91,no
KXBTC15M-26MAY040115-15,2026-05-04T05:00:00Z,2026-05-04T05:15:00Z,80313.51,no
KXBTC15M-26MAY040130-30,2026-05-04T05:15:00Z,2026-05-04T05:30:00Z,80140.36,no
KXBTC15M-26MAY040145-45,2026-05-04T05:30:00Z,2026-05-04T05:45:00Z,80025.17,yes
KXBTC15M-26MAY040200-00,2026-05-04T05:45:00Z,2026-05-04T06:00:00Z,80069.15,no
KXBTC15M-26MAY040215-15,2026-05-04T06:00:00Z,2026-05-04T06:15:00Z,80014.34,no
KXBTC15M-26MAY040230-30,2026-05-04T06:15:00Z,2026-05-04T06:30:00Z,79950.36,no
KXBTC15M-26MAY040245-45,2026-05-04T06:30:00Z,2026-05-04T06:45:00Z,79652.01,yes
KXBTC15M-26MAY040300-00,2026-05-04T06:45:00Z,2026-05-04T07:00:00Z,79746.7,yes
KXBTC15M-26MAY040315-15,2026-05-04T07:00:00Z,2026-05-04T07:15:00Z,79890.24,no
KXBTC15M-26MAY040330-30,2026-05-04T07:15:00Z,2026-05-04T07:30:00Z,79863.49,no
KXBTC15M-26MAY040345-45,2026-05-04T07:30:00Z,2026-05-04T07:45:00Z,79834.27,no
KXBTC15M-26MAY040400-00,2026-05-04T07:45:00Z,2026-05-04T08:00:00Z,79781.78,no
KXBTC15M-26MAY040415-15,2026-05-04T08:00:00Z,2026-05-04T08:15:00Z,79675.67,yes
KXBTC15M-26MAY040430-30,2026-05-04T08:15:00Z,2026-05-04T08:30:00Z,79772.8,no
KXBTC15M-26MAY040445-45,2026-05-04T08:30:00Z,2026-05-04T08:45:00Z,79729.31,no
KXBTC15M-26MAY040500-00,2026-05-04T08:45:00Z,2026-05-04T09:00:00Z,79701.38,no
KXBTC15M-26MAY040515-15,2026-05-04T09:00:00Z,2026-05-04T09:15:00Z,79700.5,yes
KXBTC15M-26MAY040530-30,2026-05-04T09:15:00Z,2026-05-04T09:30:00Z,79714.78,yes
KXBTC15M-26MAY040545-45,2026-05-04T09:30:00Z,2026-05-04T09:45:00Z,79728.1,yes
KXBTC15M-26MAY040600-00,2026-05-04T09:45:00Z,2026-05-04T10:00:00Z,79837.35,no
KXBTC15M-26MAY040615-15,2026-05-04T10:00:00Z,2026-05-04T10:15:00Z,79827.93,no
KXBTC15M-26MAY040630-30,2026-05-04T10:15:00Z,2026-05-04T10:30:00Z,78707.68,no
KXBTC15M-26MAY040645-45,2026-05-04T10:30:00Z,2026-05-04T10:45:00Z,78485.87,yes
KXBTC15M-26MAY040700-00,2026-05-04T10:45:00Z,2026-05-04T11:00:00Z,78939.55,yes
KXBTC15M-26MAY040715-15,2026-05-04T11:00:00Z,2026-05-04T11:15:00Z,78945.7,yes
KXBTC15M-26MAY040730-30,2026-05-04T11:15:00Z,2026-05-04T11:30:00Z,79033.8,no
KXBTC15M-26MAY040745-45,2026-05-04T11:30:00Z,2026-05-04T11:45:00Z,78944.87,no
KXBTC15M-26MAY040800-00,2026-05-04T11:45:00Z,2026-05-04T12:00:00Z,78726.18,yes
KXBTC15M-26MAY040815-15,2026-05-04T12:00:00Z,2026-05-04T12:15:00Z,78787.12,yes
KXBTC15M-26MAY040830-30,2026-05-04T12:15:00Z,2026-05-04T12:30:00Z,78792.68,yes
KXBTC15M-26MAY040845-45,2026-05-04T12:30:00Z,2026-05-04T12:45:00Z,78940.91,yes
KXBTC15M-26MAY040900-00,2026-05-04T12:45:00Z,2026-05-04T13:00:00Z,78976.14,no
KXBTC15M-26MAY040915-15,2026-05-04T13:00:00Z,2026-05-04T13:15:00Z,78937,no
KXBTC15M-26MAY040930-30,2026-05-04T13:15:00Z,2026-05-04T13:30:00Z,78926.85,yes
KXBTC15M-26MAY040945-45,2026-05-04T13:30:00Z,2026-05-04T13:45:00Z,78955.23,no
KXBTC15M-26MAY041000-00,2026-05-04T13:45:00Z,2026-05-04T14:00:00Z,78884.25,no
KXBTC15M-26MAY041015-15,2026-05-04T14:00:00Z,2026-05-04T14:15:00Z,78796.08,yes
KXBTC15M-26MAY041030-30,2026-05-04T14:15:00Z,2026-05-04T14:30:00Z,78947.76,yes
KXBTC15M-26MAY041045-45,2026-05-04T14:30:00Z,2026-05-04T14:45:00Z,79286.32,yes
KXBTC15M-26MAY041100-00,2026-05-04T14:45:00Z,2026-05-04T15:00:00Z,79552.97,yes
KXBTC15M-26MAY041115-15,2026-05-04T15:00:00Z,2026-05-04T15:15:00Z,80269.47,no
KXBTC15M-26MAY041130-30,2026-05-04T15:15:00Z,2026-05-04T15:30:00Z,80036.93,no
KXBTC15M-26MAY041145-45,2026-05-04T15:30:00Z,2026-05-04T15:45:00Z,79734.22,yes
KXBTC15M-26MAY041200-00,2026-05-04T15:45:00Z,2026-05-04T16:00:00Z,79871.33,yes
KXBTC15M-26MAY041215-15,2026-05-04T16:00:00Z,2026-05-04T16:15:00Z,80053.2,no
KXBTC15M-26MAY041230-30,2026-05-04T16:15:00Z,2026-05-04T16:30:00Z,79720.54,yes
KXBTC15M-26MAY041245-45,2026-05-04T16:30:00Z,2026-05-04T16:45:00Z,80244.35,yes
KXBTC15M-26MAY041300-00,2026-05-04T16:45:00Z,2026-05-04T17:00:00Z,80324.02,no
KXBTC15M-26MAY041315-15,2026-05-04T17:00:00Z,2026-05-04T17:15:00Z,80030.38,yes
KXBTC15M-26MAY041330-30,2026-05-04T17:15:00Z,2026-05-04T17:30:00Z,80398.35,yes
KXBTC15M-26MAY041345-45,2026-05-04T17:30:00Z,2026-05-04T17:45:00Z,80461.75,no
KXBTC15M-26MAY041400-00,2026-05-04T17:45:00Z,2026-05-04T18:00:00Z,80297.48,yes
KXBTC15M-26MAY041415-15,2026-05-04T18:00:00Z,2026-05-04T18:15:00Z,80446.33,no
KXBTC15M-26MAY041430-30,2026-05-04T18:15:00Z,2026-05-04T18:30:00Z,80374.36,no
KXBTC15M-26MAY041445-45,2026-05-04T18:30:00Z,2026-05-04T18:45:00Z,80247.45,no
KXBTC15M-26MAY041500-00,2026-05-04T18:45:00Z,2026-05-04T19:00:00Z,80165.85,no
KXBTC15M-26MAY041515-15,2026-05-04T19:00:00Z,2026-05-04T19:15:00Z,80108.18,no
KXBTC15M-26MAY041530-30,2026-05-04T19:15:00Z,2026-05-04T19:30:00Z,80078.5,no
KXBTC15M-26MAY041545-45,2026-05-04T19:30:00Z,2026-05-04T19:45:00Z,79929.22,yes
KXBTC15M-26MAY041600-00,2026-05-04T19:45:00Z,2026-05-04T20:00:00Z,,yes
KXBTC15M-26MAY041615-15,2026-05-04T20:00:00Z,2026-05-04T20:15:00Z,80058.03,yes
KXBTC15M-26MAY041630-30,2026-05-04T20:15:00Z,2026-05-04T20:30:00Z,80110.1,no
KXBTC15M-26MAY041645-45,2026-05-04T20:30:00Z,2026-05-04T20:45:00Z,80041.76,no
KXBTC15M-26MAY041700-00,2026-05-04T20:45:00Z,2026-05-04T21:00:00Z,79918.27,yes
KXBTC15M-26MAY041715-15,2026-05-04T21:00:00Z,2026-05-04T21:15:00Z,79942.1,yes
KXBTC15M-26MAY041730-30,2026-05-04T21:15:00Z,2026-05-04T21:30:00Z,80110.6,yes
KXBTC15M-26MAY041745-45,2026-05-04T21:30:00Z,2026-05-04T21:45:00Z,80200.79,yes
KXBTC15M-26MAY041800-00,2026-05-04T21:45:00Z,2026-05-04T22:00:00Z,80251.3,yes
KXBTC15M-26MAY041815-15,2026-05-04T22:00:00Z,2026-05-04T22:15:00Z,80253.26,yes
KXBTC15M-26MAY041830-30,2026-05-04T22:15:00Z,2026-05-04T22:30:00Z,80352.95,no
KXBTC15M-26MAY041845-45,2026-05-04T22:30:00Z,2026-05-04T22:45:00Z,80261.89,no
KXBTC15M-26MAY041900-00,2026-05-04T22:45:00Z,2026-05-04T23:00:00Z,80122.1,no
KXBTC15M-26MAY041915-15,2026-05-04T23:00:00Z,2026-05-04T23:15:00Z,80073.49,no
KXBTC15M-26MAY041930-30,2026-05-04T23:15:00Z,2026-05-04T23:30:00Z,79911.26,yes
KXBTC15M-26MAY041945-45,2026-05-04T23:30:00Z,2026-05-04T23:45:00Z,79951.67,no
KXBTC15M-26MAY042000-00,2026-05-04T23:45:00Z,2026-05-05T00:00:00Z,79757.81,yes
KXBTC15M-26MAY042015-15,2026-05-05T00:00:00Z,2026-05-05T00:15:00Z,79824.73,yes
KXBTC15M-26MAY042030-30,2026-05-05T00:15:00Z,2026-05-05T00:30:00Z,79946.78,no
KXBTC15M-26MAY042045-45,2026-05-05T00:30:00Z,2026-05-05T00:45:00Z,79861.18,yes
KXBTC15M-26MAY042100-00,2026-05-05T00:45:00Z,2026-05-05T01:00:00Z,80038.55,yes
KXBTC15M-26MAY042115-15,2026-05-05T01:00:00Z,2026-05-05T01:15:00Z,80163.5,yes
KXBTC15M-26MAY042130-30,2026-05-05T01:15:00Z,2026-05-05T01:30:00Z,80222.78,yes
KXBTC15M-26MAY042145-45,2026-05-05T01:30:00Z,2026-05-05T01:45:00Z,80245.61,yes
KXBTC15M-26MAY042200-00,2026-05-05T01:45:00Z,2026-05-05T02:00:00Z,80269.72,yes
KXBTC15M-26MAY042215-15,2026-05-05T02:00:00Z,2026-05-05T02:15:00Z,80346.94,yes
KXBTC15M-26MAY042230-30,2026-05-05T02:15:00Z,2026-05-05T02:30:00Z,80407.45,yes
KXBTC15M-26MAY042245-45,2026-05-05T02:30:00Z,2026-05-05T02:45:00Z,80462.31,yes
KXBTC15M-26MAY042300-00,2026-05-05T02:45:00Z,2026-05-05T03:00:00Z,80797.32,no
KXBTC15M-26MAY042315-15,2026-05-05T03:00:00Z,2026-05-05T03:15:00Z,80528.08,yes
KXBTC15M-26MAY042330-30,2026-05-05T03:15:00Z,2026-05-05T03:30:00Z,80669.08,yes
KXBTC15M-26MAY042345-45,2026-05-05T03:30:00Z,2026-05-05T03:45:00Z,80797.4,yes
KXBTC15M-26MAY050000-00,2026-05-05T03:45:00Z,2026-05-05T04:00:00Z,80923.05,no
KXBTC15M-26MAY050015-15,2026-05-05T04:00:00Z,2026-05-05T04:15:00Z,80879.3,no
KXBTC15M-26MAY050030-30,2026-05-05T04:15:00Z,2026-05-05T04:30:00Z,80801.48,no
KXBTC15M-26MAY050045-45,2026-05-05T04:30:00Z,2026-05-05T04:45:00Z,80801.26,no
KXBTC15M-26MAY050100-00,2026-05-05T04:45:00Z,2026-05-05T05:00:00Z,80763.8,yes
KXBTC15M-26MAY050115-15,2026-05-05T05:00:00Z,2026-05-05T05:15:00Z,80908.46,yes
KXBTC15M-26MAY050130-30,2026-05-05T05:15:00Z,2026-05-05T05:30:00Z,80916.58,yes
KXBTC15M-26MAY050145-45,2026-05-05T05:30:00Z,2026-05-05T05:45:00Z,81061.77,yes
KXBTC15M-26MAY050200-00,2026-05-05T05:45:00Z,2026-05-05T06:00:00Z,81084.01,no
KXBTC15M-26MAY050215-15,2026-05-05T06:00:00Z,2026-05-05T06:15:00Z,80981.74,no
KXBTC15M-26MAY050230-30,2026-05-05T06:15:00Z,2026-05-05T06:30:00Z,80962.33,no
KXBTC15M-26MAY050245-45,2026-05-05T06:30:00Z,2026-05-05T06:45:00Z,80819.42,yes
KXBTC15M-26MAY050300-00,2026-05-05T06:45:00Z,2026-05-05T07:00:00Z,80859.76,yes
KXBTC15M-26MAY050315-15,2026-05-05T07:00:00Z,2026-05-05T07:15:00Z,80960.02,yes
KXBTC15M-26MAY050330-30,2026-05-05T07:15:00Z,2026-05-05T07:30:00Z,80999.69,yes
KXBTC15M-26MAY050345-45,2026-05-05T07:30:00Z,2026-05-05T07:45:00Z,81046.82,no
KXBTC15M-26MAY050400-00,2026-05-05T07:45:00Z,2026-05-05T08:00:00Z,81037.92,no
KXBTC15M-26MAY050415-15,2026-05-05T08:00:00Z,2026-05-05T08:15:00Z,80853.58,yes
KXBTC15M-26MAY050430-30,2026-05-05T08:15:00Z,2026-05-05T08:30:00Z,80881.28,no
KXBTC15M-26MAY050445-45,2026-05-05T08:30:00Z,2026-05-05T08:45:00Z,80836.89,no
KXBTC15M-26MAY050500-00,2026-05-05T08:45:00Z,2026-05-05T09:00:00Z,80731.18,yes
KXBTC15M-26MAY050515-15,2026-05-05T09:00:00Z,2026-05-05T09:15:00Z,80788.67,no
KXBTC15M-26MAY050530-30,2026-05-05T09:15:00Z,2026-05-05T09:30:00Z,80676.27,no
KXBTC15M-26MAY050545-45,2026-05-05T09:30:00Z,2026-05-05T09:45:00Z,80651.67,no
KXBTC15M-26MAY050600-00,2026-05-05T09:45:00Z,2026-05-05T10:00:00Z,80583.16,no
KXBTC15M-26MAY050615-15,2026-05-05T10:00:00Z,2026-05-05T10:15:00Z,80572.76,yes
KXBTC15M-26MAY050630-30,2026-05-05T10:15:00Z,2026-05-05T10:30:00Z,80685.79,yes
KXBTC15M-26MAY050645-45,2026-05-05T10:30:00Z,2026-05-05T10:45:00Z,80730.93,yes
KXBTC15M-26MAY050700-00,2026-05-05T10:45:00Z,2026-05-05T11:00:00Z,80828.73,yes
KXBTC15M-26MAY050715-15,2026-05-05T11:00:00Z,2026-05-05T11:15:00Z,80831.65,yes
KXBTC15M-26MAY050730-30,2026-05-05T11:15:00Z,2026-05-05T11:30:00Z,80904.95,yes
KXBTC15M-26MAY050745-45,2026-05-05T11:30:00Z,2026-05-05T11:45:00Z,80961.09,yes
KXBTC15M-26MAY050800-00,2026-05-05T11:45:00Z,2026-05-05T12:00:00Z,81051.5,no
KXBTC15M-26MAY050815-15,2026-05-05T12:00:00Z,2026-05-05T12:15:00Z,81005.83,yes
KXBTC15M-26MAY050830-30,2026-05-05T12:15:00Z,2026-05-05T12:30:00Z,81105.58,yes
KXBTC15M-26MAY050845-45,2026-05-05T12:30:00Z,2026-05-05T12:45:00Z,81237.19,yes
KXBTC15M-26MAY050900-00,2026-05-05T12:45:00Z,2026-05-05T13:00:00Z,81316.87,no
KXBTC15M-26MAY050915-15,2026-05-05T13:00:00Z,2026-05-05T13:15:00Z,81290.61,yes
KXBTC15M-26MAY050930-30,2026-05-05T13:15:00Z,2026-05-05T13:30:00Z,81642.86,no
KXBTC15M-26MAY050945-45,2026-05-05T13:30:00Z,2026-05-05T13:45:00Z,81494.87,no
KXBTC15M-26MAY051000-00,2026-05-05T13:45:00Z,2026-05-05T14:00:00Z,81414.56,no
KXBTC15M-26MAY051015-15,2026-05-05T14:00:00Z,2026-05-05T14:15:00Z,81374.37,no
KXBTC15M-26MAY051030-30,2026-05-05T14:15:00Z,2026-05-05T14:30:00Z,81166.56,yes
KXBTC15M-26MAY051045-45,2026-05-05T14:30:00Z,2026-05-05T14:45:00Z,81418.02,no
KXBTC15M-26MAY051100-00,2026-05-05T14:45:00Z,2026-05-05T15:00:00Z,81237.16,yes
KXBTC15M-26MAY051115-15,2026-05-05T15:00:00Z,2026-05-05T15:15:00Z,81335.31,yes
KXBTC15M-26MAY051130-30,2026-05-05T15:15:00Z,2026-05-05T15:30:00Z,81556.74,yes
KXBTC15M-26MAY051145-45,2026-05-05T15:30:00Z,2026-05-05T15:45:00Z,81578.83,yes
KXBTC15M-26MAY051200-00,2026-05-05T15:45:00Z,2026-05-05T16:00:00Z,81616.21,no
KXBTC15M-26MAY051215-15,2026-05-05T16:00:00Z,2026-05-05T16:15:00Z,81547.2,no
KXBTC15M-26MAY051230-30,2026-05-05T16:15:00Z,2026-05-05T16:30:00Z,81482.05,no
KXBTC15M-26MAY051245-45,2026-05-05T16:30:00Z,2026-05-05T16:45:00Z,81421.85,no
KXBTC15M-26MAY051300-00,2026-05-05T16:45:00Z,2026-05-05T17:00:00Z,81079.43,yes
KXBTC15M-26MAY051315-15,2026-05-05T17:00:00Z,2026-05-05T17:15:00Z,81258.13,yes
KXBTC15M-26MAY051330-30,2026-05-05T17:15:00Z,2026-05-05T17:30:00Z,81318.34,yes
KXBTC15M-26MAY051345-45,2026-05-05T17:30:00Z,2026-05-05T17:45:00Z,81415.01,no
KXBTC15M-26MAY051400-00,2026-05-05T17:45:00Z,2026-05-05T18:00:00Z,81303.75,no
KXBTC15M-26MAY051415-15,2026-05-05T18:00:00Z,2026-05-05T18:15:00Z,81273.97,yes
KXBTC15M-26MAY051430-30,2026-05-05T18:15:00Z,2026-05-05T18:30:00Z,81554.55,no
KXBTC15M-26MAY051445-45,2026-05-05T18:30:00Z,2026-05-05T18:45:00Z,81476.57,yes
KXBTC15M-26MAY051500-00,2026-05-05T18:45:00Z,2026-05-05T19:00:00Z,81523.53,no
KXBTC15M-26MAY051515-15,2026-05-05T19:00:00Z,2026-05-05T19:15:00Z,81518.51,no
KXBTC15M-26MAY051530-30,2026-05-05T19:15:00Z,2026-05-05T19:30:00Z,81446.73,yes
KXBTC15M-26MAY051545-45,2026-05-05T19:30:00Z,2026-05-05T19:45:00Z,81554.07,yes
KXBTC15M-26MAY051600-00,2026-05-05T19:45:00Z,2026-05-05T20:00:00Z,81661.14,no
KXBTC15M-26MAY051615-15,2026-05-05T20:00:00Z,2026-05-05T20:15:00Z,81612.38,yes
KXBTC15M-26MAY051630-30,2026-05-05T20:15:00Z,2026-05-05T20:30:00Z,81722.2,no
KXBTC15M-26MAY051645-45,2026-05-05T20:30:00Z,2026-05-05T20:45:00Z,81557.19,yes
KXBTC15M-26MAY051700-00,2026-05-05T20:45:00Z,2026-05-05T21:00:00Z,81668.95,no
KXBTC15M-26MAY051715-15,2026-05-05T21:00:00Z,2026-05-05T21:15:00Z,81653.01,no
KXBTC15M-26MAY051730-30,2026-05-05T21:15:00Z,2026-05-05T21:30:00Z,81630.73,no
KXBTC15M-26MAY051745-45,2026-05-05T21:30:00Z,2026-05-05T21:45:00Z,81488.55,no
KXBTC15M-26MAY051800-00,2026-05-05T21:45:00Z,2026-05-05T22:00:00Z,81368.47,yes
KXBTC15M-26MAY051815-15,2026-05-05T22:00:00Z,2026-05-05T22:15:00Z,81432.89,no
KXBTC15M-26MAY051830-30,2026-05-05T22:15:00Z,2026-05-05T22:30:00Z,81398.18,yes
KXBTC15M-26MAY051845-45,2026-05-05T22:30:00Z,2026-05-05T22:45:00Z,81496.3,no
KXBTC15M-26MAY051900-00,2026-05-05T22:45:00Z,2026-05-05T23:00:00Z,80997.48,yes
KXBTC15M-26MAY051915-15,2026-05-05T23:00:00Z,2026-05-05T23:15:00Z,81112.94,yes
KXBTC15M-26MAY051930-30,2026-05-05T23:15:00Z,2026-05-05T23:30:00Z,81197.03,no
KXBTC15M-26MAY051945-45,2026-05-05T23:30:00Z,2026-05-05T23:45:00Z,80888.43,yes
KXBTC15M-26MAY052000-00,2026-05-05T23:45:00Z,2026-05-06T00:00:00Z,80929.57,no
KXBTC15M-26MAY052015-15,2026-05-06T00:00:00Z,2026-05-06T00:15:00Z,80912.39,yes
KXBTC15M-26MAY052030-30,2026-05-06T00:15:00Z,2026-05-06T00:30:00Z,81154.09,no
KXBTC15M-26MAY052045-45,2026-05-06T00:30:00Z,2026-05-06T00:45:00Z,80933.66,no
KXBTC15M-26MAY052100-00,2026-05-06T00:45:00Z,2026-05-06T01:00:00Z,80925.78,yes
KXBTC15M-26MAY052115-15,2026-05-06T01:00:00Z,2026-05-06T01:15:00Z,81018.54,yes
KXBTC15M-26MAY052130-30,2026-05-06T01:15:00Z,2026-05-06T01:30:00Z,81145.25,yes
KXBTC15M-26MAY052145-45,2026-05-06T01:30:00Z,2026-05-06T01:45:00Z,81232.91,yes
KXBTC15M-26MAY052200-00,2026-05-06T01:45:00Z,2026-05-06T02:00:00Z,81308.25,yes
KXBTC15M-26MAY052215-15,2026-05-06T02:00:00Z,2026-05-06T02:15:00Z,81414.39,no
KXBTC15M-26MAY052230-30,2026-05-06T02:15:00Z,2026-05-06T02:30:00Z,81302.25,no
KXBTC15M-26MAY052245-45,2026-05-06T02:30:00Z,2026-05-06T02:45:00Z,81151.59,yes
KXBTC15M-26MAY052300-00,2026-05-06T02:45:00Z,2026-05-06T03:00:00Z,81180.9,yes
KXBTC15M-26MAY052315-15,2026-05-06T03:00:00Z,2026-05-06T03:15:00Z,81362.38,yes
KXBTC15M-26MAY052330-30,2026-05-06T03:15:00Z,2026-05-06T03:30:00Z,81417.32,yes
KXBTC15M-26MAY052345-45,2026-05-06T03:30:00Z,2026-05-06T03:45:00Z,81621.97,no
KXBTC15M-26MAY060000-00,2026-05-06T03:45:00Z,2026-05-06T04:00:00Z,81533.41,yes
KXBTC15M-26MAY060015-15,2026-05-06T04:00:00Z,2026-05-06T04:15:00Z,81578.51,no
KXBTC15M-26MAY060030-30,2026-05-06T04:15:00Z,2026-05-06T04:30:00Z,81547.44,no
KXBTC15M-26MAY060045-45,2026-05-06T04:30:00Z,2026-05-06T04:45:00Z,81448.73,no
KXBTC15M-26MAY060100-00,2026-05-06T04:45:00Z,2026-05-06T05:00:00Z,81396.53,no
KXBTC15M-26MAY060115-15,2026-05-06T05:00:00Z,2026-05-06T05:15:00Z,81327.32,no
KXBTC15M-26MAY060130-30,2026-05-06T05:15:00Z,2026-05-06T05:30:00Z,81268.7,no
KXBTC15M-26MAY060145-45,2026-05-06T05:30:00Z,2026-05-06T05:45:00Z,81240.27,no
KXBTC15M-26MAY060200-00,2026-05-06T05:45:00Z,2026-05-06T06:00:00Z,81163.64,yes
KXBTC15M-26MAY060215-15,2026-05-06T06:00:00Z,2026-05-06T06:15:00Z,81313.15,no
KXBTC15M-26MAY060230-30,2026-05-06T06:15:00Z,2026-05-06T06:30:00Z,81265.2,yes
KXBTC15M-26MAY060245-45,2026-05-06T06:30:00Z,2026-05-06T06:45:00Z,81373.43,yes
KXBTC15M-26MAY060300-00,2026-05-06T06:45:00Z,2026-05-06T07:00:00Z,81436.52,yes
KXBTC15M-26MAY060315-15,2026-05-06T07:00:00Z,2026-05-06T07:15:00Z,81491.73,yes
KXBTC15M-26MAY060330-30,2026-05-06T07:15:00Z,2026-05-06T07:30:00Z,81526.13,yes
KXBTC15M-26MAY060345-45,2026-05-06T07:30:00Z,2026-05-06T07:45:00Z,81539.63,no
KXBTC15M-26MAY060400-00,2026-05-06T07:45:00Z,2026-05-06T08:00:00Z,81415.05,no
KXBTC15M-26MAY060415-15,2026-05-06T08:00:00Z,2026-05-06T08:15:00Z,81344.26,yes
KXBTC15M-26MAY060430-30,2026-05-06T08:15:00Z,2026-05-06T08:30:00Z,81556.36,yes
KXBTC15M-26MAY060445-45,2026-05-06T08:30:00Z,2026-05-06T08:45:00Z,81564.86,yes
KXBTC15M-26MAY060500-00,2026-05-06T08:45:00Z,2026-05-06T09:00:00Z,81711.15,yes
KXBTC15M-26MAY060515-15,2026-05-06T09:00:00Z,2026-05-06T09:15:00Z,81926.43,no
KXBTC15M-26MAY060530-30,2026-05-06T09:15:00Z,2026-05-06T09:30:00Z,81835.04,no
KXBTC15M-26MAY060545-45,2026-05-06T09:30:00Z,2026-05-06T09:45:00Z,81756.72,yes
KXBTC15M-26MAY060600-00,2026-05-06T09:45:00Z,2026-05-06T10:00:00Z,82002.09,no
KXBTC15M-26MAY060615-15,2026-05-06T10:00:00Z,2026-05-06T10:15:00Z,81972.32,yes
KXBTC15M-26MAY060630-30,2026-05-06T10:15:00Z,2026-05-06T10:30:00Z,82088.66,yes
KXBTC15M-26MAY060645-45,2026-05-06T10:30:00Z,2026-05-06T10:45:00Z,82148.32,yes
KXBTC15M-26MAY060700-00,2026-05-06T10:45:00Z,2026-05-06T11:00:00Z,82264.74,yes
KXBTC15M-26MAY060715-15,2026-05-06T11:00:00Z,2026-05-06T11:15:00Z,82288.05,yes
KXBTC15M-26MAY060730-30,2026-05-06T11:15:00Z,2026-05-06T11:30:00Z,82397.79,yes
KXBTC15M-26MAY060745-45,2026-05-06T11:30:00Z,2026-05-06T11:45:00Z,82669.25,no
KXBTC15M-26MAY060800-00,2026-05-06T11:45:00Z,2026-05-06T12:00:00Z,82494.83,yes
KXBTC15M-26MAY060815-15,2026-05-06T12:00:00Z,2026-05-06T12:15:00Z,82504.8,no
KXBTC15M-26MAY060830-30,2026-05-06T12:15:00Z,2026-05-06T12:30:00Z,82286.28,yes
KXBTC15M-26MAY060845-45,2026-05-06T12:30:00Z,2026-05-06T12:45:00Z,82384.97,no
KXBTC15M-26MAY060900-00,2026-05-06T12:45:00Z,2026-05-06T13:00:00Z,82327.84,no
KXBTC15M-26MAY060915-15,2026-05-06T13:00:00Z,2026-05-06T13:15:00Z,82221.92,no
KXBTC15M-26MAY060930-30,2026-05-06T13:15:00Z,2026-05-06T13:30:00Z,82117.48,no
KXBTC15M-26MAY060945-45,2026-05-06T13:30:00Z,2026-05-06T13:45:00Z,81960.23,no
KXBTC15M-26MAY061000-00,2026-05-06T13:45:00Z,2026-05-06T14:00:00Z,81895.98,no
KXBTC15M-26MAY061015-15,2026-05-06T14:00:00Z,2026-05-06T14:15:00Z,81699.43,no
KXBTC15M-26MAY061030-30,2026-05-06T14:15:00Z,2026-05-06T14:30:00Z,81418.02,yes
KXBTC15M-26MAY061045-45,2026-05-06T14:30:00Z,2026-05-06T14:45:00Z,81661.37,yes
KXBTC15M-26MAY061100-00,2026-05-06T14:45:00Z,2026-05-06T15:00:00Z,81841.19,no
KXBTC15M-26MAY061115-15,2026-05-06T15:00:00Z,2026-05-06T15:15:00Z,81531.92,no
KXBTC15M-26MAY061130-30,2026-05-06T15:15:00Z,2026-05-06T15:30:00Z,81371.22,yes
KXBTC15M-26MAY061145-45,2026-05-06T15:30:00Z,2026-05-06T15:45:00Z,81659.45,no
KXBTC15M-26MAY061200-00,2026-05-06T15:45:00Z,2026-05-06T16:00:00Z,81558.35,yes
KXBTC15M-26MAY061215-15,2026-05-06T16:00:00Z,2026-05-06T16:15:00Z,81710.44,yes
KXBTC15M-26MAY061230-30,2026-05-06T16:15:00Z,2026-05-06T16:30:00Z,81772.15,no
KXBTC15M-26MAY061245-45,2026-05-06T16:30:00Z,2026-05-06T16:45:00Z,81538.55,yes
KXBTC15M-26MAY061300-00,2026-05-06T16:45:00Z,2026-05-06T17:00:00Z,81685.58,no
KXBTC15M-26MAY061315-15,2026-05-06T17:00:00Z,2026-05-06T17:15:00Z,81623.51,yes
KXBTC15M-26MAY061330-30,2026-05-06T17:15:00Z,2026-05-06T17:30:00Z,81691.96,no
KXBTC15M-26MAY061345-45,2026-05-06T17:30:00Z,2026-05-06T17:45:00Z,81502.28,yes
KXBTC15M-26MAY061400-00,2026-05-06T17:45:00Z,2026-05-06T18:00:00Z,81536.81,no
KXBTC15M-26MAY061415-15,2026-05-06T18:00:00Z,2026-05-06T18:15:00Z,81454.96,no
KXBTC15M-26MAY061430-30,2026-05-06T18:15:00Z,2026-05-06T18:30:00Z,81446.12,yes
KXBTC15M-26MAY061445-45,2026-05-06T18:30:00Z,2026-05-06T18:45:00Z,81511.02,no
KXBTC15M-26MAY061500-00,2026-05-06T18:45:00Z,2026-05-06T19:00:00Z,81391.76,no
KXBTC15M-26MAY061515-15,2026-05-06T19:00:00Z,2026-05-06T19:15:00Z,81360.36,no
KXBTC15M-26MAY061530-30,2026-05-06T19:15:00Z,2026-05-06T19:30:00Z,81243.26,yes
KXBTC15M-26MAY061545-45,2026-05-06T19:30:00Z,2026-05-06T19:45:00Z,81320.22,yes
KXBTC15M-26MAY061600-00,2026-05-06T19:45:00Z,2026-05-06T20:00:00Z,81451.18,yes
KXBTC15M-26MAY061615-15,2026-05-06T20:00:00Z,2026-05-06T20:15:00Z,81468.04,yes
KXBTC15M-26MAY061630-30,2026-05-06T20:15:00Z,2026-05-06T20:30:00Z,81630.44,no
KXBTC15M-26MAY061645-45,2026-05-06T20:30:00Z,2026-05-06T20:45:00Z,81587.9,no
KXBTC15M-26MAY061700-00,2026-05-06T20:45:00Z,2026-05-06T21:00:00Z,81370.22,yes
KXBTC15M-26MAY061715-15,2026-05-06T21:00:00Z,2026-05-06T21:15:00Z,81423.36,no
KXBTC15M-26MAY061730-30,2026-05-06T21:15:00Z,2026-05-06T21:30:00Z,81378.26,yes
KXBTC15M-26MAY061745-45,2026-05-06T21:30:00Z,2026-05-06T21:45:00Z,81446.59,yes
KXBTC15M-26MAY061800-00,2026-05-06T21:45:00Z,2026-05-06T22:00:00Z,81590.09,no
KXBTC15M-26MAY061815-15,2026-05-06T22:00:00Z,2026-05-06T22:15:00Z,81530.44,no
KXBTC15M-26MAY061830-30,2026-05-06T22:15:00Z,2026-05-06T22:30:00Z,81383.17,no
KXBTC15M-26MAY061845-45,2026-05-06T22:30:00Z,2026-05-06T22:45:00Z,81251.89,yes
KXBTC15M-26MAY061900-00,2026-05-06T22:45:00Z,2026-05-06T23:00:00Z,81316.48,yes
KXBTC15M-26MAY061915-15,2026-05-06T23:00:00Z,2026-05-06T23:15:00Z,81356.84,no
KXBTC15M-26MAY061930-30,2026-05-06T23:15:00Z,2026-05-06T23:30:00Z,81247.85,yes
KXBTC15M-26MAY061945-45,2026-05-06T23:30:00Z,2026-05-06T23:45:00Z,81385.59,no
KXBTC15M-26MAY062000-00,2026-05-06T23:45:00Z,2026-05-07T00:00:00Z,81362.12,yes
KXBTC15M-26MAY062015-15,2026-05-07T00:00:00Z,2026-05-07T00:15:00Z,81441.09,no
KXBTC15M-26MAY062030-30,2026-05-07T00:15:00Z,2026-05-07T00:30:00Z,81435.85,no
KXBTC15M-26MAY062045-45,2026-05-07T00:30:00Z,2026-05-07T00:45:00Z,81248.91,no
KXBTC15M-26MAY062100-00,2026-05-07T00:45:00Z,2026-05-07T01:00:00Z,81020.85,yes
KXBTC15M-26MAY062115-15,2026-05-07T01:00:00Z,2026-05-07T01:15:00Z,81025.07,yes
KXBTC15M-26MAY062130-30,2026-05-07T01:15:00Z,2026-05-07T01:30:00Z,81139.46,yes
KXBTC15M-26MAY062145-45,2026-05-07T01:30:00Z,2026-05-07T01:45:00Z,81213.28,yes
KXBTC15M-26MAY062200-00,2026-05-07T01:45:00Z,2026-05-07T02:00:00Z,81267.23,no
KXBTC15M-26MAY062215-15,2026-05-07T02:00:00Z,2026-05-07T02:15:00Z,81180.85,no
KXBTC15M-26MAY062230-30,2026-05-07T02:15:00Z,2026-05-07T02:30:00Z,80934.49,no
KXBTC15M-26MAY062245-45,2026-05-07T02:30:00Z,2026-05-07T02:45:00Z,80916.97,yes
KXBTC15M-26MAY062300-00,2026-05-07T02:45:00Z,2026-05-07T03:00:00Z,80976.91,yes
KXBTC15M-26MAY062315-15,2026-05-07T03:00:00Z,2026-05-07T03:15:00Z,81118.23,no
KXBTC15M-26MAY062330-30,2026-05-07T03:15:00Z,2026-05-07T03:30:00Z,81035.19,no
KXBTC15M-26MAY062345-45,2026-05-07T03:30:00Z,2026-05-07T03:45:00Z,80971.69,yes
KXBTC15M-26MAY070000-00,2026-05-07T03:45:00Z,2026-05-07T04:00:00Z,80986.08,no
KXBTC15M-26MAY070015-15,2026-05-07T04:00:00Z,2026-05-07T04:15:00Z,80845.71,yes
KXBTC15M-26MAY070030-30,2026-05-07T04:15:00Z,2026-05-07T04:30:00Z,80889.16,yes
KXBTC15M-26MAY070045-45,2026-05-07T04:30:00Z,2026-05-07T04:45:00Z,80920.66,no
KXBTC15M-26MAY070100-00,2026-05-07T04:45:00Z,2026-05-07T05:00:00Z,80886.45,yes
KXBTC15M-26MAY070115-15,2026-05-07T05:00:00Z,2026-05-07T05:15:00Z,80979.49,yes
KXBTC15M-26MAY070130-30,2026-05-07T05:15:00Z,2026-05-07T05:30:00Z,81128.36,no
KXBTC15M-26MAY070145-45,2026-05-07T05:30:00Z,2026-05-07T05:45:00Z,81105.82,no
KXBTC15M-26MAY070200-00,2026-05-07T05:45:00Z,2026-05-07T06:00:00Z,81081.65,no
KXBTC15M-26MAY070515-15,2026-05-07T09:00:00Z,2026-05-07T09:15:00Z,81214.91,no
KXBTC15M-26MAY070530-30,2026-05-07T09:15:00Z,2026-05-07T09:30:00Z,81161.33,no
KXBTC15M-26MAY070545-45,2026-05-07T09:30:00Z,2026-05-07T09:45:00Z,81024.54,no
KXBTC15M-26MAY070600-00,2026-05-07T09:45:00Z,2026-05-07T10:00:00Z,80890.41,yes
KXBTC15M-26MAY070615-15,2026-05-07T10:00:00Z,2026-05-07T10:15:00Z,80932.82,no
KXBTC15M-26MAY070630-30,2026-05-07T10:15:00Z,2026-05-07T10:30:00Z,80881.53,no
KXBTC15M-26MAY070645-45,2026-05-07T10:30:00Z,2026-05-07T10:45:00Z,80594.81,yes
KXBTC15M-26MAY070700-00,2026-05-07T10:45:00Z,2026-05-07T11:00:00Z,80869.51,no
KXBTC15M-26MAY070715-15,2026-05-07T11:00:00Z,2026-05-07T11:15:00Z,80841.36,yes
KXBTC15M-26MAY070730-30,2026-05-07T11:15:00Z,2026-05-07T11:30:00Z,80939.94,no
KXBTC15M-26MAY070745-45,2026-05-07T11:30:00Z,2026-05-07T11:45:00Z,80890.22,yes
KXBTC15M-26MAY070800-00,2026-05-07T11:45:00Z,2026-05-07T12:00:00Z,80975.09,no
KXBTC15M-26MAY070815-15,2026-05-07T12:00:00Z,2026-05-07T12:15:00Z,80860.55,yes
KXBTC15M-26MAY070830-30,2026-05-07T12:15:00Z,2026-05-07T12:30:00Z,81071.42,no
KXBTC15M-26MAY070845-45,2026-05-07T12:30:00Z,2026-05-07T12:45:00Z,81045.12,yes
KXBTC15M-26MAY070900-00,2026-05-07T12:45:00Z,2026-05-07T13:00:00Z,81060.23,yes
KXBTC15M-26MAY070915-15,2026-05-07T13:00:00Z,2026-05-07T13:15:00Z,81174.7,no
KXBTC15M-26MAY070930-30,2026-05-07T13:15:00Z,2026-05-07T13:30:00Z,80937.8,yes
KXBTC15M-26MAY070945-45,2026-05-07T13:30:00Z,2026-05-07T13:45:00Z,80962.65,no
KXBTC15M-26MAY071000-00,2026-05-07T13:45:00Z,2026-05-07T14:00:00Z,80622.06,no
KXBTC15M-26MAY071015-15,2026-05-07T14:00:00Z,2026-05-07T14:15:00Z,80513.73,yes
KXBTC15M-26MAY071030-30,2026-05-07T14:15:00Z,2026-05-07T14:30:00Z,80679.6,no
KXBTC15M-26MAY071045-45,2026-05-07T14:30:00Z,2026-05-07T14:45:00Z,80413.48,no
KXBTC15M-26MAY071100-00,2026-05-07T14:45:00Z,2026-05-07T15:00:00Z,80172.05,no
KXBTC15M-26MAY071115-15,2026-05-07T15:00:00Z,2026-05-07T15:15:00Z,80141.17,yes
KXBTC15M-26MAY071130-30,2026-05-07T15:15:00Z,2026-05-07T15:30:00Z,80147.45,no
KXBTC15M-26MAY071145-45,2026-05-07T15:30:00Z,2026-05-07T15:45:00Z,79804.42,yes
KXBTC15M-26MAY071200-00,2026-05-07T15:45:00Z,2026-05-07T16:00:00Z,79970.79,no
KXBTC15M-26MAY071215-15,2026-05-07T16:00:00Z,2026-05-07T16:15:00Z,79859.53,no
KXBTC15M-26MAY071230-30,2026-05-07T16:15:00Z,2026-05-07T16:30:00Z,79811.37,yes
KXBTC15M-26MAY071245-45,2026-05-07T16:30:00Z,2026-05-07T16:45:00Z,79958.23,no
KXBTC15M-26MAY071300-00,2026-05-07T16:45:00Z,2026-05-07T17:00:00Z,79854.99,no
KXBTC15M-26MAY071315-15,2026-05-07T17:00:00Z,2026-05-07T17:15:00Z,79788.16,yes
KXBTC15M-26MAY071330-30,2026-05-07T17:15:00Z,2026-05-07T17:30:00Z,79868.92,no
KXBTC15M-26MAY071345-45,2026-05-07T17:30:00Z,2026-05-07T17:45:00Z,79720.09,yes
KXBTC15M-26MAY071400-00,2026-05-07T17:45:00Z,2026-05-07T18:00:00Z,79883.81,yes
KXBTC15M-26MAY071415-15,2026-05-07T18:00:00Z,2026-05-07T18:15:00Z,80099.95,yes
KXBTC15M-26MAY071430-30,2026-05-07T18:15:00Z,2026-05-07T18:30:00Z,80152.97,yes
KXBTC15M-26MAY071445-45,2026-05-07T18:30:00Z,2026-05-07T18:45:00Z,80156.87,no
KXBTC15M-26MAY071500-00,2026-05-07T18:45:00Z,2026-05-07T19:00:00Z,80145.56,yes
KXBTC15M-26MAY071515-15,2026-05-07T19:00:00Z,2026-05-07T19:15:00Z,80223.94,no
KXBTC15M-26MAY071530-30,2026-05-07T19:15:00Z,2026-05-07T19:30:00Z,80160.32,no
KXBTC15M-26MAY071545-45,2026-05-07T19:30:00Z,2026-05-07T19:45:00Z,79973.69,yes
KXBTC15M-26MAY071600-00,2026-05-07T19:45:00Z,2026-05-07T20:00:00Z,80139.79,no
KXBTC15M-26MAY071615-15,2026-05-07T20:00:00Z,2026-05-07T20:15:00Z,80112.12,yes
KXBTC15M-26MAY071630-30,2026-05-07T20:15:00Z,2026-05-07T20:30:00Z,80152.95,yes
KXBTC15M-26MAY071645-45,2026-05-07T20:30:00Z,2026-05-07T20:45:00Z,80177.39,no
KXBTC15M-26MAY071700-00,2026-05-07T20:45:00Z,2026-05-07T21:00:00Z,79941.81,no
KXBTC15M-26MAY071715-15,2026-05-07T21:00:00Z,2026-05-07T21:15:00Z,79870.42,no
KXBTC15M-26MAY071730-30,2026-05-07T21:15:00Z,2026-05-07T21:30:00Z,79781.01,yes
KXBTC15M-26MAY071745-45,2026-05-07T21:30:00Z,2026-05-07T21:45:00Z,79909.51,no
KXBTC15M-26MAY071800-00,2026-05-07T21:45:00Z,2026-05-07T22:00:00Z,79799.45,no
KXBTC15M-26MAY071815-15,2026-05-07T22:00:00Z,2026-05-07T22:15:00Z,79760.18,yes
KXBTC15M-26MAY071830-30,2026-05-07T22:15:00Z,2026-05-07T22:30:00Z,79808.11,yes
KXBTC15M-26MAY071845-45,2026-05-07T22:30:00Z,2026-05-07T22:45:00Z,79908.04,no
KXBTC15M-26MAY071900-00,2026-05-07T22:45:00Z,2026-05-07T23:00:00Z,79835.37,yes
KXBTC15M-26MAY071915-15,2026-05-07T23:00:00Z,2026-05-07T23:15:00Z,79911.96,yes
KXBTC15M-26MAY071930-30,2026-05-07T23:15:00Z,2026-05-07T23:30:00Z,79947.2,no
KXBTC15M-26MAY071945-45,2026-05-07T23:30:00Z,2026-05-07T23:45:00Z,79941.07,yes
KXBTC15M-26MAY072000-00,2026-05-07T23:45:00Z,2026-05-08T00:00:00Z,79993.88,yes
KXBTC15M-26MAY072015-15,2026-05-08T00:00:00Z,2026-05-08T00:15:00Z,80014.02,yes
KXBTC15M-26MAY072030-30,2026-05-08T00:15:00Z,2026-05-08T00:30:00Z,80049.39,no
KXBTC15M-26MAY072045-45,2026-05-08T00:30:00Z,2026-05-08T00:45:00Z,80005.6,no
KXBTC15M-26MAY072100-00,2026-05-08T00:45:00Z,2026-05-08T01:00:00Z,79910.85,no
KXBTC15M-26MAY072115-15,2026-05-08T01:00:00Z,2026-05-08T01:15:00Z,79800.11,no
KXBTC15M-26MAY072130-30,2026-05-08T01:15:00Z,2026-05-08T01:30:00Z,79704.1,yes
KXBTC15M-26MAY072145-45,2026-05-08T01:30:00Z,2026-05-08T01:45:00Z,79718.4,yes
KXBTC15M-26MAY072200-00,2026-05-08T01:45:00Z,2026-05-08T02:00:00Z,79778.73,no
KXBTC15M-26MAY072215-15,2026-05-08T02:00:00Z,2026-05-08T02:15:00Z,79728.4,no
KXBTC15M-26MAY072230-30,2026-05-08T02:15:00Z,2026-05-08T02:30:00Z,79621.32,no
KXBTC15M-26MAY072245-45,2026-05-08T02:30:00Z,2026-05-08T02:45:00Z,79463.75,yes
KXBTC15M-26MAY072300-00,2026-05-08T02:45:00Z,2026-05-08T03:00:00Z,79539.83,no
KXBTC15M-26MAY072315-15,2026-05-08T03:00:00Z,2026-05-08T03:15:00Z,79469.22,no
KXBTC15M-26MAY072330-30,2026-05-08T03:15:00Z,2026-05-08T03:30:00Z,79448.05,yes
KXBTC15M-26MAY072345-45,2026-05-08T03:30:00Z,2026-05-08T03:45:00Z,79567.84,yes
KXBTC15M-26MAY080000-00,2026-05-08T03:45:00Z,2026-05-08T04:00:00Z,79628.96,no
KXBTC15M-26MAY080015-15,2026-05-08T04:00:00Z,2026-05-08T04:15:00Z,79560.81,yes
KXBTC15M-26MAY080030-30,2026-05-08T04:15:00Z,2026-05-08T04:30:00Z,79704.78,no
KXBTC15M-26MAY080045-45,2026-05-08T04:30:00Z,2026-05-08T04:45:00Z,79680.24,no
KXBTC15M-26MAY080100-00,2026-05-08T04:45:00Z,2026-05-08T05:00:00Z,79554.36,yes
KXBTC15M-26MAY080115-15,2026-05-08T05:00:00Z,2026-05-08T05:15:00Z,79647.51,no
KXBTC15M-26MAY080130-30,2026-05-08T05:15:00Z,2026-05-08T05:30:00Z,79642.18,no
KXBTC15M-26MAY080145-45,2026-05-08T05:30:00Z,2026-05-08T05:45:00Z,79624.53,yes
KXBTC15M-26MAY080200-00,2026-05-08T05:45:00Z,2026-05-08T06:00:00Z,79737.36,no
KXBTC15M-26MAY080215-15,2026-05-08T06:00:00Z,2026-05-08T06:15:00Z,79609.16,no
KXBTC15M-26MAY080230-30,2026-05-08T06:15:00Z,2026-05-08T06:30:00Z,79588.63,no
KXBTC15M-26MAY080245-45,2026-05-08T06:30:00Z,2026-05-08T06:45:00Z,79549.08,yes
KXBTC15M-26MAY080300-00,2026-05-08T06:45:00Z,2026-05-08T07:00:00Z,79566.33,no
KXBTC15M-26MAY080315-15,2026-05-08T07:00:00Z,2026-05-08T07:15:00Z,79503.37,no
KXBTC15M-26MAY080330-30,2026-05-08T07:15:00Z,2026-05-08T07:30:00Z,79359.14,no
KXBTC15M-26MAY080345-45,2026-05-08T07:30:00Z,2026-05-08T07:45:00Z,79324.32,yes
KXBTC15M-26MAY080400-00,2026-05-08T07:45:00Z,2026-05-08T08:00:00Z,79559.2,yes
KXBTC15M-26MAY080415-15,2026-05-08T08:00:00Z,2026-05-08T08:15:00Z,79672.82,yes
KXBTC15M-26MAY080430-30,2026-05-08T08:15:00Z,2026-05-08T08:30:00Z,79705.7,yes
KXBTC15M-26MAY080445-45,2026-05-08T08:30:00Z,2026-05-08T08:45:00Z,79740.38,yes
KXBTC15M-26MAY080500-00,2026-05-08T08:45:00Z,2026-05-08T09:00:00Z,79863.44,yes
KXBTC15M-26MAY080515-15,2026-05-08T09:00:00Z,2026-05-08T09:15:00Z,79877.76,yes
KXBTC15M-26MAY080530-30,2026-05-08T09:15:00Z,2026-05-08T09:30:00Z,79969.23,no
KXBTC15M-26MAY080545-45,2026-05-08T09:30:00Z,2026-05-08T09:45:00Z,79963.95,no
KXBTC15M-26MAY080600-00,2026-05-08T09:45:00Z,2026-05-08T10:00:00Z,79851.21,yes
KXBTC15M-26MAY080615-15,2026-05-08T10:00:00Z,2026-05-08T10:15:00Z,79869.3,no
KXBTC15M-26MAY080630-30,2026-05-08T10:15:00Z,2026-05-08T10:30:00Z,79814.46,yes
KXBTC15M-26MAY080645-45,2026-05-08T10:30:00Z,2026-05-08T10:45:00Z,79888.24,yes
KXBTC15M-26MAY080700-00,2026-05-08T10:45:00Z,2026-05-08T11:00:00Z,80149.33,yes
KXBTC15M-26MAY080715-15,2026-05-08T11:00:00Z,2026-05-08T11:15:00Z,80210.56,yes
KXBTC15M-26MAY080730-30,2026-05-08T11:15:00Z,2026-05-08T11:30:00Z,80218.85,yes
KXBTC15M-26MAY080745-45,2026-05-08T11:30:00Z,2026-05-08T11:45:00Z,80299.05,no
KXBTC15M-26MAY080800-00,2026-05-08T11:45:00Z,2026-05-08T12:00:00Z,80145.64,yes
KXBTC15M-26MAY080815-15,2026-05-08T12:00:00Z,2026-05-08T12:15:00Z,80228.26,yes
KXBTC15M-26MAY080830-30,2026-05-08T12:15:00Z,2026-05-08T12:30:00Z,80240.91,yes
KXBTC15M-26MAY080845-45,2026-05-08T12:30:00Z,2026-05-08T12:45:00Z,80312.99,no
KXBTC15M-26MAY080900-00,2026-05-08T12:45:00Z,2026-05-08T13:00:00Z,80239.51,no
KXBTC15M-26MAY080915-15,2026-05-08T13:00:00Z,2026-05-08T13:15:00Z,80017.56,no
KXBTC15M-26MAY080930-30,2026-05-08T13:15:00Z,2026-05-08T13:30:00Z,79752.32,no
KXBTC15M-26MAY080945-45,2026-05-08T13:30:00Z,2026-05-08T13:45:00Z,79605.9,no
KXBTC15M-26MAY081000-00,2026-05-08T13:45:00Z,2026-05-08T14:00:00Z,79591.29,yes
KXBTC15M-26MAY081015-15,2026-05-08T14:00:00Z,2026-05-08T14:15:00Z,79599.34,yes
KXBTC15M-26MAY081030-30,2026-05-08T14:15:00Z,2026-05-08T14:30:00Z,79902.04,yes
KXBTC15M-26MAY081045-45,2026-05-08T14:30:00Z,2026-05-08T14:45:00Z,80128.16,yes
KXBTC15M-26MAY081100-00,2026-05-08T14:45:00Z,2026-05-08T15:00:00Z,80213.59,no
KXBTC15M-26MAY081115-15,2026-05-08T15:00:00Z,2026-05-08T15:15:00Z,80121.25,no
KXBTC15M-26MAY081130-30,2026-05-08T15:15:00Z,2026-05-08T15:30:00Z,79866.07,no
KXBTC15M-26MAY081145-45,2026-05-08T15:30:00Z,2026-05-08T15:45:00Z,79664.28,yes
KXBTC15M-26MAY081200-00,2026-05-08T15:45:00Z,2026-05-08T16:00:00Z,79938.59,yes
KXBTC15M-26MAY081215-15,2026-05-08T16:00:00Z,2026-05-08T16:15:00Z,80105.67,no
KXBTC15M-26MAY081230-30,2026-05-08T16:15:00Z,2026-05-08T16:30:00Z,79949.23,no
KXBTC15M-26MAY081245-45,2026-05-08T16:30:00Z,2026-05-08T16:45:00Z,79940.52,no
KXBTC15M-26MAY081300-00,2026-05-08T16:45:00Z,2026-05-08T17:00:00Z,79775.89,yes
KXBTC15M-26MAY081315-15,2026-05-08T17:00:00Z,2026-05-08T17:15:00Z,79793.68,yes
KXBTC15M-26MAY081330-30,2026-05-08T17:15:00Z,2026-05-08T17:30:00Z,79814.85,yes
KXBTC15M-26MAY081345-45,2026-05-08T17:30:00Z,2026-05-08T17:45:00Z,79976.91,yes
KXBTC15M-26MAY081400-00,2026-05-08T17:45:00Z,2026-05-08T18:00:00Z,,no
KXBTC15M-26MAY081415-15,2026-05-08T18:00:00Z,2026-05-08T18:15:00Z,80012.43,yes
KXBTC15M-26MAY081430-30,2026-05-08T18:15:00Z,2026-05-08T18:30:00Z,80192.75,yes
KXBTC15M-26MAY081445-45,2026-05-08T18:30:00Z,2026-05-08T18:45:00Z,80248.3,no
KXBTC15M-26MAY081500-00,2026-05-08T18:45:00Z,2026-05-08T19:00:00Z,80161.4,no
KXBTC15M-26MAY081515-15,2026-05-08T19:00:00Z,2026-05-08T19:15:00Z,80112.75,no
KXBTC15M-26MAY081530-30,2026-05-08T19:15:00Z,2026-05-08T19:30:00Z,80052.17,no
KXBTC15M-26MAY081545-45,2026-05-08T19:30:00Z,2026-05-08T19:45:00Z,80014.76,yes
KXBTC15M-26MAY081600-00,2026-05-08T19:45:00Z,2026-05-08T20:00:00Z,80092.95,yes
KXBTC15M-26MAY081615-15,2026-05-08T20:00:00Z,2026-05-08T20:15:00Z,80118.58,yes
KXBTC15M-26MAY081630-30,2026-05-08T20:15:00Z,2026-05-08T20:30:00Z,80220.9,yes
KXBTC15M-26MAY081645-45,2026-05-08T20:30:00Z,2026-05-08T20:45:00Z,80252.63,no
KXBTC15M-26MAY081700-00,2026-05-08T20:45:00Z,2026-05-08T21:00:00Z,80212.62,no
KXBTC15M-26MAY081715-15,2026-05-08T21:00:00Z,2026-05-08T21:15:00Z,80125.04,yes
KXBTC15M-26MAY081730-30,2026-05-08T21:15:00Z,2026-05-08T21:30:00Z,80134.31,yes
KXBTC15M-26MAY081745-45,2026-05-08T21:30:00Z,2026-05-08T21:45:00Z,80172.52,yes
KXBTC15M-26MAY081800-00,2026-05-08T21:45:00Z,2026-05-08T22:00:00Z,80216.49,yes
KXBTC15M-26MAY081815-15,2026-05-08T22:00:00Z,2026-05-08T22:15:00Z,80255.21,yes
KXBTC15M-26MAY081830-30,2026-05-08T22:15:00Z,2026-05-08T22:30:00Z,80383.78,no
KXBTC15M-26MAY081845-45,2026-05-08T22:30:00Z,2026-05-08T22:45:00Z,80340.49,no
KXBTC15M-26MAY081900-00,2026-05-08T22:45:00Z,2026-05-08T23:00:00Z,80317.24,no
KXBTC15M-26MAY081915-15,2026-05-08T23:00:00Z,2026-05-08T23:15:00Z,80288.17,no
KXBTC15M-26MAY081930-30,2026-05-08T23:15:00Z,2026-05-08T23:30:00Z,80227.31,no
KXBTC15M-26MAY081945-45,2026-05-08T23:30:00Z,2026-05-08T23:45:00Z,80203.39,no
KXBTC15M-26MAY082000-00,2026-05-08T23:45:00Z,2026-05-09T00:00:00Z,80164.09,yes
KXBTC15M-26MAY082015-15,2026-05-09T00:00:00Z,2026-05-09T00:15:00Z,80193.39,no
KXBTC15M-26MAY082030-30,2026-05-09T00:15:00Z,2026-05-09T00:30:00Z,80163.41,no
KXBTC15M-26MAY082045-45,2026-05-09T00:30:00Z,2026-05-09T00:45:00Z,80152.21,yes
KXBTC15M-26MAY082100-00,2026-05-09T00:45:00Z,2026-05-09T01:00:00Z,80192.6,yes
KXBTC15M-26MAY082115-15,2026-05-09T01:00:00Z,2026-05-09T01:15:00Z,80235.97,yes
KXBTC15M-26MAY082130-30,2026-05-09T01:15:00Z,2026-05-09T01:30:00Z,80313.7,no
KXBTC15M-26MAY082145-45,2026-05-09T01:30:00Z,2026-05-09T01:45:00Z,80271.82,yes
KXBTC15M-26MAY082200-00,2026-05-09T01:45:00Z,2026-05-09T02:00:00Z,80378.62,no
KXBTC15M-26MAY082215-15,2026-05-09T02:00:00Z,2026-05-09T02:15:00Z,80332.2,yes
KXBTC15M-26MAY082230-30,2026-05-09T02:15:00Z,2026-05-09T02:30:00Z,80427.98,no
KXBTC15M-26MAY082245-45,2026-05-09T02:30:00Z,2026-05-09T02:45:00Z,80419.8,no
KXBTC15M-26MAY082300-00,2026-05-09T02:45:00Z,2026-05-09T03:00:00Z,80388.44,yes
KXBTC15M-26MAY082315-15,2026-05-09T03:00:00Z,2026-05-09T03:15:00Z,80409.58,yes
KXBTC15M-26MAY082330-30,2026-05-09T03:15:00Z,2026-05-09T03:30:00Z,80463.91,no
KXBTC15M-26MAY082345-45,2026-05-09T03:30:00Z,2026-05-09T03:45:00Z,80427.1,no
KXBTC15M-26MAY090000-00,2026-05-09T03:45:00Z,2026-05-09T04:00:00Z,80338.29,yes
KXBTC15M-26MAY090015-15,2026-05-09T04:00:00Z,2026-05-09T04:15:00Z,80390.42,yes
KXBTC15M-26MAY090030-30,2026-05-09T04:15:00Z,2026-05-09T04:30:00Z,80574.72,no
KXBTC15M-26MAY090045-45,2026-05-09T04:30:00Z,2026-05-09T04:45:00Z,80466.53,no
KXBTC15M-26MAY090100-00,2026-05-09T04:45:00Z,2026-05-09T05:00:00Z,80407.38,no
KXBTC15M-26MAY090115-15,2026-05-09T05:00:00Z,2026-05-09T05:15:00Z,80391.54,no
KXBTC15M-26MAY090130-30,2026-05-09T05:15:00Z,2026-05-09T05:30:00Z,80374.84,yes
KXBTC15M-26MAY090145-45,2026-05-09T05:30:00Z,2026-05-09T05:45:00Z,80424.83,yes
KXBTC15M-26MAY090200-00,2026-05-09T05:45:00Z,2026-05-09T06:00:00Z,80475.32,no
KXBTC15M-26MAY090215-15,2026-05-09T06:00:00Z,2026-05-09T06:15:00Z,80381.34,yes
KXBTC15M-26MAY090230-30,2026-05-09T06:15:00Z,2026-05-09T06:30:00Z,80415.15,no
KXBTC15M-26MAY090245-45,2026-05-09T06:30:00Z,2026-05-09T06:45:00Z,80310.09,no
KXBTC15M-26MAY090300-00,2026-05-09T06:45:00Z,2026-05-09T07:00:00Z,80217.36,yes
KXBTC15M-26MAY090315-15,2026-05-09T07:00:00Z,2026-05-09T07:15:00Z,80247.03,no
KXBTC15M-26MAY090330-30,2026-05-09T07:15:00Z,2026-05-09T07:30:00Z,80184.31,yes
KXBTC15M-26MAY090345-45,2026-05-09T07:30:00Z,2026-05-09T07:45:00Z,80239.02,no
KXBTC15M-26MAY090400-00,2026-05-09T07:45:00Z,2026-05-09T08:00:00Z,80213.65,yes
KXBTC15M-26MAY090415-15,2026-05-09T08:00:00Z,2026-05-09T08:15:00Z,80218.7,yes
KXBTC15M-26MAY090430-30,2026-05-09T08:15:00Z,2026-05-09T08:30:00Z,80388.89,yes
KXBTC15M-26MAY090445-45,2026-05-09T08:30:00Z,2026-05-09T08:45:00Z,80401.04,yes
KXBTC15M-26MAY090500-00,2026-05-09T08:45:00Z,2026-05-09T09:00:00Z,80421.3,no
KXBTC15M-26MAY090515-15,2026-05-09T09:00:00Z,2026-05-09T09:15:00Z,80405.22,no
KXBTC15M-26MAY090530-30,2026-05-09T09:15:00Z,2026-05-09T09:30:00Z,80337.85,no
KXBTC15M-26MAY090545-45,2026-05-09T09:30:00Z,2026-05-09T09:45:00Z,80249.76,no
KXBTC15M-26MAY090600-00,2026-05-09T09:45:00Z,2026-05-09T10:00:00Z,80235.45,no
KXBTC15M-26MAY090615-15,2026-05-09T10:00:00Z,2026-05-09T10:15:00Z,80216.89,no
KXBTC15M-26MAY090630-30,2026-05-09T10:15:00Z,2026-05-09T10:30:00Z,80210.14,yes
KXBTC15M-26MAY090645-45,2026-05-09T10:30:00Z,2026-05-09T10:45:00Z,80233.59,yes
KXBTC15M-26MAY090700-00,2026-05-09T10:45:00Z,2026-05-09T11:00:00Z,80320.29,no
KXBTC15M-26MAY090715-15,2026-05-09T11:00:00Z,2026-05-09T11:15:00Z,80266.56,yes
KXBTC15M-26MAY090730-30,2026-05-09T11:15:00Z,2026-05-09T11:30:00Z,80317.98,yes
KXBTC15M-26MAY090745-45,2026-05-09T11:30:00Z,2026-05-09T11:45:00Z,80339.29,no
KXBTC15M-26MAY090800-00,2026-05-09T11:45:00Z,2026-05-09T12:00:00Z,80331.77,yes
KXBTC15M-26MAY090815-15,2026-05-09T12:00:00Z,2026-05-09T12:15:00Z,80356.95,no
KXBTC15M-26MAY090830-30,2026-05-09T12:15:00Z,2026-05-09T12:30:00Z,80304.01,yes
KXBTC15M-26MAY090845-45,2026-05-09T12:30:00Z,2026-05-09T12:45:00Z,80384.6,no
KXBTC15M-26MAY090900-00,2026-05-09T12:45:00Z,2026-05-09T13:00:00Z,80347.83,yes
KXBTC15M-26MAY090915-15,2026-05-09T13:00:00Z,2026-05-09T13:15:00Z,80395.9,no
KXBTC15M-26MAY090930-30,2026-05-09T13:15:00Z,2026-05-09T13:30:00Z,80382.79,no
KXBTC15M-26MAY090945-45,2026-05-09T13:30:00Z,2026-05-09T13:45:00Z,80378.26,no
KXBTC15M-26MAY091000-00,2026-05-09T13:45:00Z,2026-05-09T14:00:00Z,80333.36,yes
KXBTC15M-26MAY091015-15,2026-05-09T14:00:00Z,2026-05-09T14:15:00Z,80388.21,no
KXBTC15M-26MAY091030-30,2026-05-09T14:15:00Z,2026-05-09T14:30:00Z,80383.96,no
KXBTC15M-26MAY091045-45,2026-05-09T14:30:00Z,2026-05-09T14:45:00Z,80307.75,yes
KXBTC15M-26MAY091100-00,2026-05-09T14:45:00Z,2026-05-09T15:00:00Z,80333.31,no
KXBTC15M-26MAY091115-15,2026-05-09T15:00:00Z,2026-05-09T15:15:00Z,80324.65,no
KXBTC15M-26MAY091130-30,2026-05-09T15:15:00Z,2026-05-09T15:30:00Z,80277.45,yes
KXBTC15M-26MAY091145-45,2026-05-09T15:30:00Z,2026-05-09T15:45:00Z,80402.81,yes
KXBTC15M-26MAY091200-00,2026-05-09T15:45:00Z,2026-05-09T16:00:00Z,80477.16,yes
KXBTC15M-26MAY091215-15,2026-05-09T16:00:00Z,2026-05-09T16:15:00Z,80521.61,yes
KXBTC15M-26MAY091230-30,2026-05-09T16:15:00Z,2026-05-09T16:30:00Z,80562.19,yes
KXBTC15M-26MAY091245-45,2026-05-09T16:30:00Z,2026-05-09T16:45:00Z,80650.73,no
KXBTC15M-26MAY091300-00,2026-05-09T16:45:00Z,2026-05-09T17:00:00Z,80621.14,yes
KXBTC15M-26MAY091315-15,2026-05-09T17:00:00Z,2026-05-09T17:15:00Z,80631.8,yes
KXBTC15M-26MAY091330-30,2026-05-09T17:15:00Z,2026-05-09T17:30:00Z,80742.72,yes
KXBTC15M-26MAY091345-45,2026-05-09T17:30:00Z,2026-05-09T17:45:00Z,80815.72,yes
KXBTC15M-26MAY091400-00,2026-05-09T17:45:00Z,2026-05-09T18:00:00Z,80835.08,no
KXBTC15M-26MAY091415-15,2026-05-09T18:00:00Z,2026-05-09T18:15:00Z,80799.05,no
KXBTC15M-26MAY091430-30,2026-05-09T18:15:00Z,2026-05-09T18:30:00Z,80786.58,yes
KXBTC15M-26MAY091445-45,2026-05-09T18:30:00Z,2026-05-09T18:45:00Z,81025.27,no
KXBTC15M-26MAY091500-00,2026-05-09T18:45:00Z,2026-05-09T19:00:00Z,80902.01,no
KXBTC15M-26MAY091515-15,2026-05-09T19:00:00Z,2026-05-09T19:15:00Z,80895.61,no
KXBTC15M-26MAY091530-30,2026-05-09T19:15:00Z,2026-05-09T19:30:00Z,80881.3,no
KXBTC15M-26MAY091545-45,2026-05-09T19:30:00Z,2026-05-09T19:45:00Z,80813.93,yes
KXBTC15M-26MAY091600-00,2026-05-09T19:45:00Z,2026-05-09T20:00:00Z,80830.75,yes
KXBTC15M-26MAY091615-15,2026-05-09T20:00:00Z,2026-05-09T20:15:00Z,80903.64,no
KXBTC15M-26MAY091630-30,2026-05-09T20:15:00Z,2026-05-09T20:30:00Z,80831.63,no
KXBTC15M-26MAY091645-45,2026-05-09T20:30:00Z,2026-05-09T20:45:00Z,80785.5,yes
KXBTC15M-26MAY091700-00,2026-05-09T20:45:00Z,2026-05-09T21:00:00Z,80796.36,no
KXBTC15M-26MAY091715-15,2026-05-09T21:00:00Z,2026-05-09T21:15:00Z,80792.4,yes
KXBTC15M-26MAY091730-30,2026-05-09T21:15:00Z,2026-05-09T21:30:00Z,80857.2,no
KXBTC15M-26MAY091745-45,2026-05-09T21:30:00Z,2026-05-09T21:45:00Z,80801.56,no
KXBTC15M-26MAY091800-00,2026-05-09T21:45:00Z,2026-05-09T22:00:00Z,80748.46,yes
KXBTC15M-26MAY091815-15,2026-05-09T22:00:00Z,2026-05-09T22:15:00Z,80772.33,no
KXBTC15M-26MAY091830-30,2026-05-09T22:15:00Z,2026-05-09T22:30:00Z,80738.09,yes
KXBTC15M-26MAY091845-45,2026-05-09T22:30:00Z,2026-05-09T22:45:00Z,80773.81,yes
KXBTC15M-26MAY091900-00,2026-05-09T22:45:00Z,2026-05-09T23:00:00Z,80805.34,no
KXBTC15M-26MAY091915-15,2026-05-09T23:00:00Z,2026-05-09T23:15:00Z,80742.41,no
KXBTC15M-26MAY091930-30,2026-05-09T23:15:00Z,2026-05-09T23:30:00Z,80718.07,no
KXBTC15M-26MAY091945-45,2026-05-09T23:30:00Z,2026-05-09T23:45:00Z,80663.33,no
KXBTC15M-26MAY092000-00,2026-05-09T23:45:00Z,2026-05-10T00:00:00Z,80647.6,yes
KXBTC15M-26MAY092015-15,2026-05-10T00:00:00Z,2026-05-10T00:15:00Z,80669.03,yes
KXBTC15M-26MAY092030-30,2026-05-10T00:15:00Z,2026-05-10T00:30:00Z,80697.76,no
KXBTC15M-26MAY092045-45,2026-05-10T00:30:00Z,2026-05-10T00:45:00Z,80694.88,yes
KXBTC15M-26MAY092100-00,2026-05-10T00:45:00Z,2026-05-10T01:00:00Z,80751.87,no
KXBTC15M-26MAY092115-15,2026-05-10T01:00:00Z,2026-05-10T01:15:00Z,80639.06,no
KXBTC15M-26MAY092130-30,2026-05-10T01:15:00Z,2026-05-10T01:30:00Z,80617.81,no
KXBTC15M-26MAY092145-45,2026-05-10T01:30:00Z,2026-05-10T01:45:00Z,80588.37,yes
KXBTC15M-26MAY092200-00,2026-05-10T01:45:00Z,2026-05-10T02:00:00Z,80614.77,yes
KXBTC15M-26MAY092215-15,2026-05-10T02:00:00Z,2026-05-10T02:15:00Z,80647.66,no
KXBTC15M-26MAY092230-30,2026-05-10T02:15:00Z,2026-05-10T02:30:00Z,80613.45,yes
KXBTC15M-26MAY092245-45,2026-05-10T02:30:00Z,2026-05-10T02:45:00Z,80721.43,yes
KXBTC15M-26MAY092300-00,2026-05-10T02:45:00Z,2026-05-10T03:00:00Z,80724.71,yes
KXBTC15M-26MAY092315-15,2026-05-10T03:00:00Z,2026-05-10T03:15:00Z,80749.09,yes
KXBTC15M-26MAY092330-30,2026-05-10T03:15:00Z,2026-05-10T03:30:00Z,80772.42,no
KXBTC15M-26MAY092345-45,2026-05-10T03:30:00Z,2026-05-10T03:45:00Z,80729.3,yes
KXBTC15M-26MAY100000-00,2026-05-10T03:45:00Z,2026-05-10T04:00:00Z,80791.21,yes
KXBTC15M-26MAY100015-15,2026-05-10T04:00:00Z,2026-05-10T04:15:00Z,80791.65,no
KXBTC15M-26MAY100030-30,2026-05-10T04:15:00Z,2026-05-10T04:30:00Z,80753.21,yes
KXBTC15M-26MAY100045-45,2026-05-10T04:30:00Z,2026-05-10T04:45:00Z,80776.44,no
KXBTC15M-26MAY100100-00,2026-05-10T04:45:00Z,2026-05-10T05:00:00Z,80761.17,no
KXBTC15M-26MAY100115-15,2026-05-10T05:00:00Z,2026-05-10T05:15:00Z,80757.05,no
KXBTC15M-26MAY100130-30,2026-05-10T05:15:00Z,2026-05-10T05:30:00Z,80748.8,yes
KXBTC15M-26MAY100145-45,2026-05-10T05:30:00Z,2026-05-10T05:45:00Z,80788.93,no
KXBTC15M-26MAY100200-00,2026-05-10T05:45:00Z,2026-05-10T06:00:00Z,80725.48,no
KXBTC15M-26MAY100215-15,2026-05-10T06:00:00Z,2026-05-10T06:15:00Z,80693.66,yes
KXBTC15M-26MAY100230-30,2026-05-10T06:15:00Z,2026-05-10T06:30:00Z,80699.93,no
KXBTC15M-26MAY100245-45,2026-05-10T06:30:00Z,2026-05-10T06:45:00Z,80662.49,yes
KXBTC15M-26MAY100300-00,2026-05-10T06:45:00Z,2026-05-10T07:00:00Z,80696.07,yes
KXBTC15M-26MAY100315-15,2026-05-10T07:00:00Z,2026-05-10T07:15:00Z,80722.2,yes
KXBTC15M-26MAY100330-30,2026-05-10T07:15:00Z,2026-05-10T07:30:00Z,80739.47,yes
KXBTC15M-26MAY100345-45,2026-05-10T07:30:00Z,2026-05-10T07:45:00Z,80773.48,no
KXBTC15M-26MAY100400-00,2026-05-10T07:45:00Z,2026-05-10T08:00:00Z,80764.82,no
KXBTC15M-26MAY100415-15,2026-05-10T08:00:00Z,2026-05-10T08:15:00Z,80728.78,yes
KXBTC15M-26MAY100430-30,2026-05-10T08:15:00Z,2026-05-10T08:30:00Z,80761.69,yes
KXBTC15M-26MAY100445-45,2026-05-10T08:30:00Z,2026-05-10T08:45:00Z,80862.34,no
KXBTC15M-26MAY100500-00,2026-05-10T08:45:00Z,2026-05-10T09:00:00Z,80820.61,no
KXBTC15M-26MAY100515-15,2026-05-10T09:00:00Z,2026-05-10T09:15:00Z,80811.73,yes
KXBTC15M-26MAY100530-30,2026-05-10T09:15:00Z,2026-05-10T09:30:00Z,80853.1,no
KXBTC15M-26MAY100545-45,2026-05-10T09:30:00Z,2026-05-10T09:45:00Z,80826.3,no
KXBTC15M-26MAY100600-00,2026-05-10T09:45:00Z,2026-05-10T10:00:00Z,80749.71,yes
KXBTC15M-26MAY100615-15,2026-05-10T10:00:00Z,2026-05-10T10:15:00Z,80796.21,no
KXBTC15M-26MAY100630-30,2026-05-10T10:15:00Z,2026-05-10T10:30:00Z,80728.12,yes
KXBTC15M-26MAY100645-45,2026-05-10T10:30:00Z,2026-05-10T10:45:00Z,80805.42,no
KXBTC15M-26MAY100700-00,2026-05-10T10:45:00Z,2026-05-10T11:00:00Z,80773.06,yes
KXBTC15M-26MAY100715-15,2026-05-10T11:00:00Z,2026-05-10T11:15:00Z,80870.33,yes
KXBTC15M-26MAY100730-30,2026-05-10T11:15:00Z,2026-05-10T11:30:00Z,80902.49,no
KXBTC15M-26MAY100745-45,2026-05-10T11:30:00Z,2026-05-10T11:45:00Z,80819.88,yes
KXBTC15M-26MAY100800-00,2026-05-10T11:45:00Z,2026-05-10T12:00:00Z,80823.75,yes
KXBTC15M-26MAY100815-15,2026-05-10T12:00:00Z,2026-05-10T12:15:00Z,80832.74,yes
KXBTC15M-26MAY100830-30,2026-05-10T12:15:00Z,2026-05-10T12:30:00Z,80849.47,yes
KXBTC15M-26MAY100845-45,2026-05-10T12:30:00Z,2026-05-10T12:45:00Z,80903.33,yes
KXBTC15M-26MAY100900-00,2026-05-10T12:45:00Z,2026-05-10T13:00:00Z,80915.4,no
KXBTC15M-26MAY100915-15,2026-05-10T13:00:00Z,2026-05-10T13:15:00Z,80909.33,yes
KXBTC15M-26MAY100930-30,2026-05-10T13:15:00Z,2026-05-10T13:30:00Z,80928.49,yes
KXBTC15M-26MAY100945-45,2026-05-10T13:30:00Z,2026-05-10T13:45:00Z,80961.96,no
KXBTC15M-26MAY101000-00,2026-05-10T13:45:00Z,2026-05-10T14:00:00Z,80949.37,yes
KXBTC15M-26MAY101015-15,2026-05-10T14:00:00Z,2026-05-10T14:15:00Z,80964.02,no
KXBTC15M-26MAY101030-30,2026-05-10T14:15:00Z,2026-05-10T14:30:00Z,80953.76,no
KXBTC15M-26MAY101045-45,2026-05-10T14:30:00Z,2026-05-10T14:45:00Z,80903.02,no
KXBTC15M-26MAY101100-00,2026-05-10T14:45:00Z,2026-05-10T15:00:00Z,80891.93,yes
KXBTC15M-26MAY101115-15,2026-05-10T15:00:00Z,2026-05-10T15:15:00Z,80952.15,yes
KXBTC15M-26MAY101130-30,2026-05-10T15:15:00Z,2026-05-10T15:30:00Z,81036.54,no
KXBTC15M-26MAY101145-45,2026-05-10T15:30:00Z,2026-05-10T15:45:00Z,80978.85,yes
KXBTC15M-26MAY101200-00,2026-05-10T15:45:00Z,2026-05-10T16:00:00Z,81112.15,yes
KXBTC15M-26MAY101215-15,2026-05-10T16:00:00Z,2026-05-10T16:15:00Z,81414.3,yes
KXBTC15M-26MAY101230-30,2026-05-10T16:15:00Z,2026-05-10T16:30:00Z,81445.04,no
KXBTC15M-26MAY101245-45,2026-05-10T16:30:00Z,2026-05-10T16:45:00Z,81264.35,no
KXBTC15M-26MAY101300-00,2026-05-10T16:45:00Z,2026-05-10T17:00:00Z,81252.09,yes
KXBTC15M-26MAY101315-15,2026-05-10T17:00:00Z,2026-05-10T17:15:00Z,81347.38,no
KXBTC15M-26MAY101330-30,2026-05-10T17:15:00Z,2026-05-10T17:30:00Z,81326.79,yes
KXBTC15M-26MAY101345-45,2026-05-10T17:30:00Z,2026-05-10T17:45:00Z,81374.02,no
KXBTC15M-26MAY101400-00,2026-05-10T17:45:00Z,2026-05-10T18:00:00Z,81341.36,yes
KXBTC15M-26MAY101415-15,2026-05-10T18:00:00Z,2026-05-10T18:15:00Z,81463.18,no
KXBTC15M-26MAY101430-30,2026-05-10T18:15:00Z,2026-05-10T18:30:00Z,81420.74,no
KXBTC15M-26MAY101445-45,2026-05-10T18:30:00Z,2026-05-10T18:45:00Z,81354.59,no
KXBTC15M-26MAY101500-00,2026-05-10T18:45:00Z,2026-05-10T19:00:00Z,81256.61,yes
KXBTC15M-26MAY101515-15,2026-05-10T19:00:00Z,2026-05-10T19:15:00Z,81270.55,yes
KXBTC15M-26MAY101530-30,2026-05-10T19:15:00Z,2026-05-10T19:30:00Z,81349.91,yes
KXBTC15M-26MAY101545-45,2026-05-10T19:30:00Z,2026-05-10T19:45:00Z,81463.6,no
KXBTC15M-26MAY101600-00,2026-05-10T19:45:00Z,2026-05-10T20:00:00Z,81418.26,no
KXBTC15M-26MAY101615-15,2026-05-10T20:00:00Z,2026-05-10T20:15:00Z,81410.94,no
KXBTC15M-26MAY101630-30,2026-05-10T20:15:00Z,2026-05-10T20:30:00Z,81195.94,no
KXBTC15M-26MAY101645-45,2026-05-10T20:30:00Z,2026-05-10T20:45:00Z,81135.81,no
KXBTC15M-26MAY101700-00,2026-05-10T20:45:00Z,2026-05-10T21:00:00Z,80870.15,no
KXBTC15M-26MAY101715-15,2026-05-10T21:00:00Z,2026-05-10T21:15:00Z,80709.07,no
KXBTC15M-26MAY101730-30,2026-05-10T21:15:00Z,2026-05-10T21:30:00Z,80653.23,yes
KXBTC15M-26MAY101745-45,2026-05-10T21:30:00Z,2026-05-10T21:45:00Z,80815.64,yes
KXBTC15M-26MAY101800-00,2026-05-10T21:45:00Z,2026-05-10T22:00:00Z,80849.65,no
KXBTC15M-26MAY101815-15,2026-05-10T22:00:00Z,2026-05-10T22:15:00Z,80722.68,yes
KXBTC15M-26MAY101830-30,2026-05-10T22:15:00Z,2026-05-10T22:30:00Z,81320.24,yes
KXBTC15M-26MAY101845-45,2026-05-10T22:30:00Z,2026-05-10T22:45:00Z,81519.35,yes
KXBTC15M-26MAY101900-00,2026-05-10T22:45:00Z,2026-05-10T23:00:00Z,81867.99,yes
KXBTC15M-26MAY101915-15,2026-05-10T23:00:00Z,2026-05-10T23:15:00Z,82007.26,yes
KXBTC15M-26MAY101930-30,2026-05-10T23:15:00Z,2026-05-10T23:30:00Z,82332.43,no
KXBTC15M-26MAY101945-45,2026-05-10T23:30:00Z,2026-05-10T23:45:00Z,82219.33,yes
KXBTC15M-26MAY102000-00,2026-05-10T23:45:00Z,2026-05-11T00:00:00Z,82356.47,no
KXBTC15M-26MAY102015-15,2026-05-11T00:00:00Z,2026-05-11T00:15:00Z,82157.72,no
KXBTC15M-26MAY102030-30,2026-05-11T00:15:00Z,2026-05-11T00:30:00Z,81890.4,no
KXBTC15M-26MAY102045-45,2026-05-11T00:30:00Z,2026-05-11T00:45:00Z,81666.89,no
KXBTC15M-26MAY102100-00,2026-05-11T00:45:00Z,2026-05-11T01:00:00Z,81613.74,no
KXBTC15M-26MAY102115-15,2026-05-11T01:00:00Z,2026-05-11T01:15:00Z,81454.94,yes
KXBTC15M-26MAY102130-30,2026-05-11T01:15:00Z,2026-05-11T01:30:00Z,81481.41,yes
KXBTC15M-26MAY102145-45,2026-05-11T01:30:00Z,2026-05-11T01:45:00Z,81625.93,no
KXBTC15M-26MAY102200-00,2026-05-11T01:45:00Z,2026-05-11T02:00:00Z,81510.38,no
KXBTC15M-26MAY102215-15,2026-05-11T02:00:00Z,2026-05-11T02:15:00Z,81489.4,no
KXBTC15M-26MAY102230-30,2026-05-11T02:15:00Z,2026-05-11T02:30:00Z,81374.61,no
KXBTC15M-26MAY102245-45,2026-05-11T02:30:00Z,2026-05-11T02:45:00Z,81224.38,no
KXBTC15M-26MAY102300-00,2026-05-11T02:45:00Z,2026-05-11T03:00:00Z,81193.9,no
KXBTC15M-26MAY102315-15,2026-05-11T03:00:00Z,2026-05-11T03:15:00Z,81163.63,no
KXBTC15M-26MAY102330-30,2026-05-11T03:15:00Z,2026-05-11T03:30:00Z,80668.5,no
KXBTC15M-26MAY102345-45,2026-05-11T03:30:00Z,2026-05-11T03:45:00Z,80586.1,yes
KXBTC15M-26MAY110000-00,2026-05-11T03:45:00Z,2026-05-11T04:00:00Z,80696.25,yes
KXBTC15M-26MAY110015-15,2026-05-11T04:00:00Z,2026-05-11T04:15:00Z,80713.45,no
KXBTC15M-26MAY110030-30,2026-05-11T04:15:00Z,2026-05-11T04:30:00Z,80678.07,yes
KXBTC15M-26MAY110045-45,2026-05-11T04:30:00Z,2026-05-11T04:45:00Z,80731.84,yes
KXBTC15M-26MAY110100-00,2026-05-11T04:45:00Z,2026-05-11T05:00:00Z,80794.59,yes
KXBTC15M-26MAY110115-15,2026-05-11T05:00:00Z,2026-05-11T05:15:00Z,80818.21,yes
KXBTC15M-26MAY110130-30,2026-05-11T05:15:00Z,2026-05-11T05:30:00Z,80843.99,yes
KXBTC15M-26MAY110145-45,2026-05-11T05:30:00Z,2026-05-11T05:45:00Z,80938.41,no
KXBTC15M-26MAY110200-00,2026-05-11T05:45:00Z,2026-05-11T06:00:00Z,80791.61,yes
KXBTC15M-26MAY110215-15,2026-05-11T06:00:00Z,2026-05-11T06:15:00Z,80825.98,yes
KXBTC15M-26MAY110230-30,2026-05-11T06:15:00Z,2026-05-11T06:30:00Z,80903.71,yes
KXBTC15M-26MAY110245-45,2026-05-11T06:30:00Z,2026-05-11T06:45:00Z,80969.64,no
KXBTC15M-26MAY110300-00,2026-05-11T06:45:00Z,2026-05-11T07:00:00Z,80807.34,yes
KXBTC15M-26MAY110315-15,2026-05-11T07:00:00Z,2026-05-11T07:15:00Z,80850.2,no
KXBTC15M-26MAY110330-30,2026-05-11T07:15:00Z,2026-05-11T07:30:00Z,80762.06,no
KXBTC15M-26MAY110345-45,2026-05-11T07:30:00Z,2026-05-11T07:45:00Z,80721.91,no
KXBTC15M-26MAY110400-00,2026-05-11T07:45:00Z,2026-05-11T08:00:00Z,80716.33,yes
KXBTC15M-26MAY110415-15,2026-05-11T08:00:00Z,2026-05-11T08:15:00Z,80727.64,no
KXBTC15M-26MAY110430-30,2026-05-11T08:15:00Z,2026-05-11T08:30:00Z,80727.56,no
KXBTC15M-26MAY110445-45,2026-05-11T08:30:00Z,2026-05-11T08:45:00Z,80648.86,yes
KXBTC15M-26MAY110500-00,2026-05-11T08:45:00Z,2026-05-11T09:00:00Z,80822.75,no
KXBTC15M-26MAY110515-15,2026-05-11T09:00:00Z,2026-05-11T09:15:00Z,80746.86,yes
KXBTC15M-26MAY110530-30,2026-05-11T09:15:00Z,2026-05-11T09:30:00Z,80911.28,no
KXBTC15M-26MAY110545-45,2026-05-11T09:30:00Z,2026-05-11T09:45:00Z,80907.03,yes
KXBTC15M-26MAY110600-00,2026-05-11T09:45:00Z,2026-05-11T10:00:00Z,80911.59,yes
KXBTC15M-26MAY110615-15,2026-05-11T10:00:00Z,2026-05-11T10:15:00Z,80952.28,yes
KXBTC15M-26MAY110630-30,2026-05-11T10:15:00Z,2026-05-11T10:30:00Z,81023.99,yes
KXBTC15M-26MAY110645-45,2026-05-11T10:30:00Z,2026-05-11T10:45:00Z,81174.1,no
KXBTC15M-26MAY110700-00,2026-05-11T10:45:00Z,2026-05-11T11:00:00Z,81063.03,no
KXBTC15M-26MAY110715-15,2026-05-11T11:00:00Z,2026-05-11T11:15:00Z,80947.47,yes
KXBTC15M-26MAY110730-30,2026-05-11T11:15:00Z,2026-05-11T11:30:00Z,80958.91,yes
KXBTC15M-26MAY110745-45,2026-05-11T11:30:00Z,2026-05-11T11:45:00Z,81095.41,yes
KXBTC15M-26MAY110800-00,2026-05-11T11:45:00Z,2026-05-11T12:00:00Z,81145.1,yes
KXBTC15M-26MAY110815-15,2026-05-11T12:00:00Z,2026-05-11T12:15:00Z,81176.19,no
KXBTC15M-26MAY110830-30,2026-05-11T12:15:00Z,2026-05-11T12:30:00Z,81087.33,yes
KXBTC15M-26MAY110845-45,2026-05-11T12:30:00Z,2026-05-11T12:45:00Z,81281.83,no
KXBTC15M-26MAY110900-00,2026-05-11T12:45:00Z,2026-05-11T13:00:00Z,81152.74,no
KXBTC15M-26MAY110915-15,2026-05-11T13:00:00Z,2026-05-11T13:15:00Z,81056.58,yes
KXBTC15M-26MAY110930-30,2026-05-11T13:15:00Z,2026-05-11T13:30:00Z,81264.62,no
KXBTC15M-26MAY110945-45,2026-05-11T13:30:00Z,2026-05-11T13:45:00Z,81138.48,no
KXBTC15M-26MAY111000-00,2026-05-11T13:45:00Z,2026-05-11T14:00:00Z,81087.32,no
KXBTC15M-26MAY111015-15,2026-05-11T14:00:00Z,2026-05-11T14:15:00Z,81032.13,yes
KXBTC15M-26MAY111030-30,2026-05-11T14:15:00Z,2026-05-11T14:30:00Z,81107,no
KXBTC15M-26MAY111045-45,2026-05-11T14:30:00Z,2026-05-11T14:45:00Z,80802.27,no
KXBTC15M-26MAY111100-00,2026-05-11T14:45:00Z,2026-05-11T15:00:00Z,80783.61,yes
KXBTC15M-26MAY111115-15,2026-05-11T15:00:00Z,2026-05-11T15:15:00Z,80905.96,yes
KXBTC15M-26MAY111130-30,2026-05-11T15:15:00Z,2026-05-11T15:30:00Z,81006.59,yes
KXBTC15M-26MAY111145-45,2026-05-11T15:30:00Z,2026-05-11T15:45:00Z,81338.08,no
KXBTC15M-26MAY111200-00,2026-05-11T15:45:00Z,2026-05-11T16:00:00Z,81235.12,yes
KXBTC15M-26MAY111215-15,2026-05-11T16:00:00Z,2026-05-11T16:15:00Z,81409.91,yes
KXBTC15M-26MAY111230-30,2026-05-11T16:15:00Z,2026-05-11T16:30:00Z,81723.62,yes
KXBTC15M-26MAY111245-45,2026-05-11T16:30:00Z,2026-05-11T16:45:00Z,81743.07,no
KXBTC15M-26MAY111300-00,2026-05-11T16:45:00Z,2026-05-11T17:00:00Z,81582.42,no
KXBTC15M-26MAY111315-15,2026-05-11T17:00:00Z,2026-05-11T17:15:00Z,81575.26,no
KXBTC15M-26MAY111330-30,2026-05-11T17:15:00Z,2026-05-11T17:30:00Z,81496.06,yes
KXBTC15M-26MAY111345-45,2026-05-11T17:30:00Z,2026-05-11T17:45:00Z,81609.72,yes
KXBTC15M-26MAY111400-00,2026-05-11T17:45:00Z,2026-05-11T18:00:00Z,,no
KXBTC15M-26MAY111415-15,2026-05-11T18:00:00Z,2026-05-11T18:15:00Z,81918.86,yes
KXBTC15M-26MAY111430-30,2026-05-11T18:15:00Z,2026-05-11T18:30:00Z,81981.28,yes
KXBTC15M-26MAY111445-45,2026-05-11T18:30:00Z,2026-05-11T18:45:00Z,82022.94,no
KXBTC15M-26MAY111500-00,2026-05-11T18:45:00Z,2026-05-11T19:00:00Z,81964.65,no
KXBTC15M-26MAY111515-15,2026-05-11T19:00:00Z,2026-05-11T19:15:00Z,81866.27,yes
KXBTC15M-26MAY111530-30,2026-05-11T19:15:00Z,2026-05-11T19:30:00Z,81907.08,no
KXBTC15M-26MAY111545-45,2026-05-11T19:30:00Z,2026-05-11T19:45:00Z,81868.98,yes
KXBTC15M-26MAY111600-00,2026-05-11T19:45:00Z,2026-05-11T20:00:00Z,82012.87,no
KXBTC15M-26MAY111615-15,2026-05-11T20:00:00Z,2026-05-11T20:15:00Z,81950.83,no
KXBTC15M-26MAY111630-30,2026-05-11T20:15:00Z,2026-05-11T20:30:00Z,81907.01,no
KXBTC15M-26MAY111645-45,2026-05-11T20:30:00Z,2026-05-11T20:45:00Z,81892.87,no
KXBTC15M-26MAY111700-00,2026-05-11T20:45:00Z,2026-05-11T21:00:00Z,81810.58,no
KXBTC15M-26MAY111715-15,2026-05-11T21:00:00Z,2026-05-11T21:15:00Z,81806.79,no
KXBTC15M-26MAY111730-30,2026-05-11T21:15:00Z,2026-05-11T21:30:00Z,81718.44,no
KXBTC15M-26MAY111745-45,2026-05-11T21:30:00Z,2026-05-11T21:45:00Z,81630.03,yes
KXBTC15M-26MAY111800-00,2026-05-11T21:45:00Z,2026-05-11T22:00:00Z,81721.39,yes
KXBTC15M-26MAY111815-15,2026-05-11T22:00:00Z,2026-05-11T22:15:00Z,81808.03,yes
KXBTC15M-26MAY111830-30,2026-05-11T22:15:00Z,2026-05-11T22:30:00Z,81831.83,no
KXBTC15M-26MAY111845-45,2026-05-11T22:30:00Z,2026-05-11T22:45:00Z,81730.37,yes
KXBTC15M-26MAY111900-00,2026-05-11T22:45:00Z,2026-05-11T23:00:00Z,81764.77,yes
KXBTC15M-26MAY111915-15,2026-05-11T23:00:00Z,2026-05-11T23:15:00Z,81828.53,no
KXBTC15M-26MAY111930-30,2026-05-11T23:15:00Z,2026-05-11T23:30:00Z,81710.15,no
KXBTC15M-26MAY111945-45,2026-05-11T23:30:00Z,2026-05-11T23:45:00Z,81628.82,yes
KXBTC15M-26MAY112000-00,2026-05-11T23:45:00Z,2026-05-12T00:00:00Z,81775.15,no
KXBTC15M-26MAY112015-15,2026-05-12T00:00:00Z,2026-05-12T00:15:00Z,81733.08,no
KXBTC15M-26MAY112030-30,2026-05-12T00:15:00Z,2026-05-12T00:30:00Z,81613.91,no
KXBTC15M-26MAY112045-45,2026-05-12T00:30:00Z,2026-05-12T00:45:00Z,81547.95,no
KXBTC15M-26MAY112100-00,2026-05-12T00:45:00Z,2026-05-12T01:00:00Z,81482.94,yes
KXBTC15M-26MAY112115-15,2026-05-12T01:00:00Z,2026-05-12T01:15:00Z,81532.59,no
KXBTC15M-26MAY112130-30,2026-05-12T01:15:00Z,2026-05-12T01:30:00Z,81391.64,no
KXBTC15M-26MAY112145-45,2026-05-12T01:30:00Z,2026-05-12T01:45:00Z,81360.01,no
KXBTC15M-26MAY112200-00,2026-05-12T01:45:00Z,2026-05-12T02:00:00Z,80993.91,yes
KXBTC15M-26MAY112215-15,2026-05-12T02:00:00Z,2026-05-12T02:15:00Z,81173.32,yes
KXBTC15M-26MAY112230-30,2026-05-12T02:15:00Z,2026-05-12T02:30:00Z,81311.02,no
KXBTC15M-26MAY112245-45,2026-05-12T02:30:00Z,2026-05-12T02:45:00Z,81252.8,no
KXBTC15M-26MAY112300-00,2026-05-12T02:45:00Z,2026-05-12T03:00:00Z,81149.58,yes
KXBTC15M-26MAY112315-15,2026-05-12T03:00:00Z,2026-05-12T03:15:00Z,81229.76,no
KXBTC15M-26MAY112330-30,2026-05-12T03:15:00Z,2026-05-12T03:30:00Z,81205.03,no
KXBTC15M-26MAY112345-45,2026-05-12T03:30:00Z,2026-05-12T03:45:00Z,81160.44,yes
KXBTC15M-26MAY120000-00,2026-05-12T03:45:00Z,2026-05-12T04:00:00Z,81176.48,no
KXBTC15M-26MAY120015-15,2026-05-12T04:00:00Z,2026-05-12T04:15:00Z,81035.14,no
KXBTC15M-26MAY120030-30,2026-05-12T04:15:00Z,2026-05-12T04:30:00Z,81001.59,yes
KXBTC15M-26MAY120045-45,2026-05-12T04:30:00Z,2026-05-12T04:45:00Z,81192.65,yes
KXBTC15M-26MAY120100-00,2026-05-12T04:45:00Z,2026-05-12T05:00:00Z,81227.97,no
KXBTC15M-26MAY120115-15,2026-05-12T05:00:00Z,2026-05-12T05:15:00Z,81201.6,no
KXBTC15M-26MAY120130-30,2026-05-12T05:15:00Z,2026-05-12T05:30:00Z,81195.96,yes
KXBTC15M-26MAY120145-45,2026-05-12T05:30:00Z,2026-05-12T05:45:00Z,81270.06,no
KXBTC15M-26MAY120200-00,2026-05-12T05:45:00Z,2026-05-12T06:00:00Z,81250.39,no
KXBTC15M-26MAY120215-15,2026-05-12T06:00:00Z,2026-05-12T06:15:00Z,81232.14,yes
KXBTC15M-26MAY120230-30,2026-05-12T06:15:00Z,2026-05-12T06:30:00Z,81243.73,no
KXBTC15M-26MAY120245-45,2026-05-12T06:30:00Z,2026-05-12T06:45:00Z,81205.05,no
KXBTC15M-26MAY120300-00,2026-05-12T06:45:00Z,2026-05-12T07:00:00Z,81074.07,no
KXBTC15M-26MAY120315-15,2026-05-12T07:00:00Z,2026-05-12T07:15:00Z,81010.57,yes
KXBTC15M-26MAY120330-30,2026-05-12T07:15:00Z,2026-05-12T07:30:00Z,81055.74,no
KXBTC15M-26MAY120345-45,2026-05-12T07:30:00Z,2026-05-12T07:45:00Z,81020.23,no
KXBTC15M-26MAY120400-00,2026-05-12T07:45:00Z,2026-05-12T08:00:00Z,80931.23,no
KXBTC15M-26MAY120415-15,2026-05-12T08:00:00Z,2026-05-12T08:15:00Z,80837.14,no
KXBTC15M-26MAY120430-30,2026-05-12T08:15:00Z,2026-05-12T08:30:00Z,80790.15,yes
KXBTC15M-26MAY120445-45,2026-05-12T08:30:00Z,2026-05-12T08:45:00Z,80846.76,yes
KXBTC15M-26MAY120500-00,2026-05-12T08:45:00Z,2026-05-12T09:00:00Z,80928.16,no
KXBTC15M-26MAY120515-15,2026-05-12T09:00:00Z,2026-05-12T09:15:00Z,80846.76,no
KXBTC15M-26MAY120530-30,2026-05-12T09:15:00Z,2026-05-12T09:30:00Z,80754.1,no
KXBTC15M-26MAY120545-45,2026-05-12T09:30:00Z,2026-05-12T09:45:00Z,80707.68,yes
KXBTC15M-26MAY120600-00,2026-05-12T09:45:00Z,2026-05-12T10:00:00Z,80918.1,no
KXBTC15M-26MAY120615-15,2026-05-12T10:00:00Z,2026-05-12T10:15:00Z,80806.06,no
KXBTC15M-26MAY120630-30,2026-05-12T10:15:00Z,2026-05-12T10:30:00Z,80784.86,no
KXBTC15M-26MAY120645-45,2026-05-12T10:30:00Z,2026-05-12T10:45:00Z,80697.34,no
KXBTC15M-26MAY120700-00,2026-05-12T10:45:00Z,2026-05-12T11:00:00Z,80661.14,no
KXBTC15M-26MAY120715-15,2026-05-12T11:00:00Z,2026-05-12T11:15:00Z,80642.68,no
KXBTC15M-26MAY120730-30,2026-05-12T11:15:00Z,2026-05-12T11:30:00Z,80569.34,yes
KXBTC15M-26MAY120745-45,2026-05-12T11:30:00Z,2026-05-12T11:45:00Z,80612.56,yes
KXBTC15M-26MAY120800-00,2026-05-12T11:45:00Z,2026-05-12T12:00:00Z,80711.91,yes
KXBTC15M-26MAY120815-15,2026-05-12T12:00:00Z,2026-05-12T12:15:00Z,80756.58,yes
KXBTC15M-26MAY120830-30,2026-05-12T12:15:00Z,2026-05-12T12:30:00Z,80804.26,no
KXBTC15M-26MAY120845-45,2026-05-12T12:30:00Z,2026-05-12T12:45:00Z,80794.44,yes
KXBTC15M-26MAY120900-00,2026-05-12T12:45:00Z,2026-05-12T13:00:00Z,80871.6,no
KXBTC15M-26MAY120915-15,2026-05-12T13:00:00Z,2026-05-12T13:15:00Z,80857.06,no
KXBTC15M-26MAY120930-30,2026-05-12T13:15:00Z,2026-05-12T13:30:00Z,80814.53,no
KXBTC15M-26MAY120945-45,2026-05-12T13:30:00Z,2026-05-12T13:45:00Z,80631.73,yes
KXBTC15M-26MAY121000-00,2026-05-12T13:45:00Z,2026-05-12T14:00:00Z,80762.39,no
KXBTC15M-26MAY121015-15,2026-05-12T14:00:00Z,2026-05-12T14:15:00Z,80426.61,yes
KXBTC15M-26MAY121030-30,2026-05-12T14:15:00Z,2026-05-12T14:30:00Z,80687.97,no
KXBTC15M-26MAY121045-45,2026-05-12T14:30:00Z,2026-05-12T14:45:00Z,80625.55,yes
KXBTC15M-26MAY121100-00,2026-05-12T14:45:00Z,2026-05-12T15:00:00Z,80791.46,no
KXBTC15M-26MAY121115-15,2026-05-12T15:00:00Z,2026-05-12T15:15:00Z,80498.96,yes
KXBTC15M-26MAY121130-30,2026-05-12T15:15:00Z,2026-05-12T15:30:00Z,80597.81,no
KXBTC15M-26MAY121145-45,2026-05-12T15:30:00Z,2026-05-12T15:45:00Z,80186.03,yes
KXBTC15M-26MAY121200-00,2026-05-12T15:45:00Z,2026-05-12T16:00:00Z,80344.74,no
KXBTC15M-26MAY121215-15,2026-05-12T16:00:00Z,2026-05-12T16:15:00Z,80332.07,yes
KXBTC15M-26MAY121230-30,2026-05-12T16:15:00Z,2026-05-12T16:30:00Z,80369.63,no
KXBTC15M-26MAY121245-45,2026-05-12T16:30:00Z,2026-05-12T16:45:00Z,80280.75,no
KXBTC15M-26MAY121300-00,2026-05-12T16:45:00Z,2026-05-12T17:00:00Z,80228.48,no
KXBTC15M-26MAY121315-15,2026-05-12T17:00:00Z,2026-05-12T17:15:00Z,79974.17,yes
KXBTC15M-26MAY121330-30,2026-05-12T17:15:00Z,2026-05-12T17:30:00Z,80183.69,yes
KXBTC15M-26MAY121345-45,2026-05-12T17:30:00Z,2026-05-12T17:45:00Z,80416.87,yes
KXBTC15M-26MAY121400-00,2026-05-12T17:45:00Z,2026-05-12T18:00:00Z,80483.98,yes
KXBTC15M-26MAY121415-15,2026-05-12T18:00:00Z,2026-05-12T18:15:00Z,80496.43,no
KXBTC15M-26MAY121430-30,2026-05-12T18:15:00Z,2026-05-12T18:30:00Z,80493.94,no
KXBTC15M-26MAY121445-45,2026-05-12T18:30:00Z,2026-05-12T18:45:00Z,80473.19,yes
KXBTC15M-26MAY121500-00,2026-05-12T18:45:00Z,2026-05-12T19:00:00Z,80649.69,yes
KXBTC15M-26MAY121515-15,2026-05-12T19:00:00Z,2026-05-12T19:15:00Z,80667.44,yes
KXBTC15M-26MAY121530-30,2026-05-12T19:15:00Z,2026-05-12T19:30:00Z,80794.13,no
KXBTC15M-26MAY121545-45,2026-05-12T19:30:00Z,2026-05-12T19:45:00Z,80711.47,yes
KXBTC15M-26MAY121600-00,2026-05-12T19:45:00Z,2026-05-12T20:00:00Z,80733.88,yes
KXBTC15M-26MAY121615-15,2026-05-12T20:00:00Z,2026-05-12T20:15:00Z,80811.45,no
KXBTC15M-26MAY121630-30,2026-05-12T20:15:00Z,2026-05-12T20:30:00Z,80758.67,yes
KXBTC15M-26MAY121645-45,2026-05-12T20:30:00Z,2026-05-12T20:45:00Z,80800.71,no
KXBTC15M-26MAY121700-00,2026-05-12T20:45:00Z,2026-05-12T21:00:00Z,80680.7,yes
KXBTC15M-26MAY121715-15,2026-05-12T21:00:00Z,2026-05-12T21:15:00Z,80687.26,yes
KXBTC15M-26MAY121730-30,2026-05-12T21:15:00Z,2026-05-12T21:30:00Z,80690.87,no
KXBTC15M-26MAY121745-45,2026-05-12T21:30:00Z,2026-05-12T21:45:00Z,80636.03,no
KXBTC15M-26MAY121800-00,2026-05-12T21:45:00Z,2026-05-12T22:00:00Z,80553.09,yes
KXBTC15M-26MAY121815-15,2026-05-12T22:00:00Z,2026-05-12T22:15:00Z,80575.68,yes
KXBTC15M-26MAY121830-30,2026-05-12T22:15:00Z,2026-05-12T22:30:00Z,80629.83,yes
KXBTC15M-26MAY121845-45,2026-05-12T22:30:00Z,2026-05-12T22:45:00Z,80649.54,no
KXBTC15M-26MAY121900-00,2026-05-12T22:45:00Z,2026-05-12T23:00:00Z,80639.14,yes
KXBTC15M-26MAY121915-15,2026-05-12T23:00:00Z,2026-05-12T23:15:00Z,80645.17,no
KXBTC15M-26MAY121930-30,2026-05-12T23:15:00Z,2026-05-12T23:30:00Z,80583.9,yes
KXBTC15M-26MAY121945-45,2026-05-12T23:30:00Z,2026-05-12T23:45:00Z,80645.65,no
KXBTC15M-26MAY122000-00,2026-05-12T23:45:00Z,2026-05-13T00:00:00Z,80501.99,no
KXBTC15M-26MAY122015-15,2026-05-13T00:00:00Z,2026-05-13T00:15:00Z,80487.39,no
KXBTC15M-26MAY122030-30,2026-05-13T00:15:00Z,2026-05-13T00:30:00Z,80441.07,yes
KXBTC15M-26MAY122045-45,2026-05-13T00:30:00Z,2026-05-13T00:45:00Z,80637.78,yes
KXBTC15M-26MAY122100-00,2026-05-13T00:45:00Z,2026-05-13T01:00:00Z,80728.88,no
KXBTC15M-26MAY122115-15,2026-05-13T01:00:00Z,2026-05-13T01:15:00Z,80700.94,yes
KXBTC15M-26MAY122130-30,2026-05-13T01:15:00Z,2026-05-13T01:30:00Z,80947.08,yes
KXBTC15M-26MAY122145-45,2026-05-13T01:30:00Z,2026-05-13T01:45:00Z,81074.88,yes
KXBTC15M-26MAY122200-00,2026-05-13T01:45:00Z,2026-05-13T02:00:00Z,81107.48,no
KXBTC15M-26MAY122215-15,2026-05-13T02:00:00Z,2026-05-13T02:15:00Z,80994.02,yes
KXBTC15M-26MAY122230-30,2026-05-13T02:15:00Z,2026-05-13T02:30:00Z,81061.01,yes
KXBTC15M-26MAY122245-45,2026-05-13T02:30:00Z,2026-05-13T02:45:00Z,81109.87,no
KXBTC15M-26MAY122300-00,2026-05-13T02:45:00Z,2026-05-13T03:00:00Z,81047.95,no
KXBTC15M-26MAY122315-15,2026-05-13T03:00:00Z,2026-05-13T03:15:00Z,81033.18,no
KXBTC15M-26MAY122330-30,2026-05-13T03:15:00Z,2026-05-13T03:30:00Z,81006.52,yes
KXBTC15M-26MAY122345-45,2026-05-13T03:30:00Z,2026-05-13T03:45:00Z,81083.19,yes
KXBTC15M-26MAY130000-00,2026-05-13T03:45:00Z,2026-05-13T04:00:00Z,81178.12,yes
KXBTC15M-26MAY130015-15,2026-05-13T04:00:00Z,2026-05-13T04:15:00Z,81212.49,no
KXBTC15M-26MAY130030-30,2026-05-13T04:15:00Z,2026-05-13T04:30:00Z,81156.7,yes
KXBTC15M-26MAY130045-45,2026-05-13T04:30:00Z,2026-05-13T04:45:00Z,81160.93,yes
KXBTC15M-26MAY130100-00,2026-05-13T04:45:00Z,2026-05-13T05:00:00Z,81186.04,yes
KXBTC15M-26MAY130115-15,2026-05-13T05:00:00Z,2026-05-13T05:15:00Z,81211.32,no
KXBTC15M-26MAY130130-30,2026-05-13T05:15:00Z,2026-05-13T05:30:00Z,81154.3,no
KXBTC15M-26MAY130145-45,2026-05-13T05:30:00Z,2026-05-13T05:45:00Z,81105.79,no
KXBTC15M-26MAY130200-00,2026-05-13T05:45:00Z,2026-05-13T06:00:00Z,81023.22,no
KXBTC15M-26MAY130215-15,2026-05-13T06:00:00Z,2026-05-13T06:15:00Z,81001.43,yes
KXBTC15M-26MAY130230-30,2026-05-13T06:15:00Z,2026-05-13T06:30:00Z,81077.01,no
KXBTC15M-26MAY130245-45,2026-05-13T06:30:00Z,2026-05-13T06:45:00Z,81033.47,no
KXBTC15M-26MAY130300-00,2026-05-13T06:45:00Z,2026-05-13T07:00:00Z,81029.43,no
KXBTC15M-26MAY130315-15,2026-05-13T07:00:00Z,2026-05-13T07:15:00Z,80964.19,yes
KXBTC15M-26MAY130330-30,2026-05-13T07:15:00Z,2026-05-13T07:30:00Z,80989.97,no
KXBTC15M-26MAY130345-45,2026-05-13T07:30:00Z,2026-05-13T07:45:00Z,80901.76,yes
KXBTC15M-26MAY130400-00,2026-05-13T07:45:00Z,2026-05-13T08:00:00Z,80935.53,yes
KXBTC15M-26MAY130415-15,2026-05-13T08:00:00Z,2026-05-13T08:15:00Z,81010.21,no
KXBTC15M-26MAY130430-30,2026-05-13T08:15:00Z,2026-05-13T08:30:00Z,80986.58,yes
KXBTC15M-26MAY130445-45,2026-05-13T08:30:00Z,2026-05-13T08:45:00Z,81017.62,yes
KXBTC15M-26MAY130500-00,2026-05-13T08:45:00Z,2026-05-13T09:00:00Z,81124.13,yes
KXBTC15M-26MAY130515-15,2026-05-13T09:00:00Z,2026-05-13T09:15:00Z,81166.75,yes
KXBTC15M-26MAY130530-30,2026-05-13T09:15:00Z,2026-05-13T09:30:00Z,81214.57,no
KXBTC15M-26MAY130545-45,2026-05-13T09:30:00Z,2026-05-13T09:45:00Z,81147.34,yes
KXBTC15M-26MAY130600-00,2026-05-13T09:45:00Z,2026-05-13T10:00:00Z,81207.15,yes
KXBTC15M-26MAY130615-15,2026-05-13T10:00:00Z,2026-05-13T10:15:00Z,81253.9,no
KXBTC15M-26MAY130630-30,2026-05-13T10:15:00Z,2026-05-13T10:30:00Z,81082.72,no
KXBTC15M-26MAY130645-45,2026-05-13T10:30:00Z,2026-05-13T10:45:00Z,80953.04,no
KXBTC15M-26MAY130700-00,2026-05-13T10:45:00Z,2026-05-13T11:00:00Z,80830.44,no
KXBTC15M-26MAY130715-15,2026-05-13T11:00:00Z,2026-05-13T11:15:00Z,80807.66,no
KXBTC15M-26MAY130730-30,2026-05-13T11:15:00Z,2026-05-13T11:30:00Z,80567.02,no
KXBTC15M-26MAY130745-45,2026-05-13T11:30:00Z,2026-05-13T11:45:00Z,80552.02,yes
KXBTC15M-26MAY130800-00,2026-05-13T11:45:00Z,2026-05-13T12:00:00Z,80644.83,no
KXBTC15M-26MAY130815-15,2026-05-13T12:00:00Z,2026-05-13T12:15:00Z,80492.22,yes
KXBTC15M-26MAY130830-30,2026-05-13T12:15:00Z,2026-05-13T12:30:00Z,80520.97,no
KXBTC15M-26MAY130845-45,2026-05-13T12:30:00Z,2026-05-13T12:45:00Z,80327.39,no
KXBTC15M-26MAY130900-00,2026-05-13T12:45:00Z,2026-05-13T13:00:00Z,80077.29,yes
KXBTC15M-26MAY130915-15,2026-05-13T13:00:00Z,2026-05-13T13:15:00Z,80193.52,yes
KXBTC15M-26MAY130930-30,2026-05-13T13:15:00Z,2026-05-13T13:30:00Z,80285.68,no
KXBTC15M-26MAY130945-45,2026-05-13T13:30:00Z,2026-05-13T13:45:00Z,80128.27,no
KXBTC15M-26MAY131000-00,2026-05-13T13:45:00Z,2026-05-13T14:00:00Z,79825.79,no
KXBTC15M-26MAY131015-15,2026-05-13T14:00:00Z,2026-05-13T14:15:00Z,79627.89,yes
KXBTC15M-26MAY131030-30,2026-05-13T14:15:00Z,2026-05-13T14:30:00Z,79688.98,yes
KXBTC15M-26MAY131045-45,2026-05-13T14:30:00Z,2026-05-13T14:45:00Z,79829.46,no
KXBTC15M-26MAY131100-00,2026-05-13T14:45:00Z,2026-05-13T15:00:00Z,79711.15,yes
KXBTC15M-26MAY131115-15,2026-05-13T15:00:00Z,2026-05-13T15:15:00Z,79734.32,no
KXBTC15M-26MAY131130-30,2026-05-13T15:15:00Z,2026-05-13T15:30:00Z,79435.4,no
KXBTC15M-26MAY131145-45,2026-05-13T15:30:00Z,2026-05-13T15:45:00Z,79271.97,no
KXBTC15M-26MAY131200-00,2026-05-13T15:45:00Z,2026-05-13T16:00:00Z,79257.99,no
KXBTC15M-26MAY131215-15,2026-05-13T16:00:00Z,2026-05-13T16:15:00Z,78804.74,yes
KXBTC15M-26MAY131230-30,2026-05-13T16:15:00Z,2026-05-13T16:30:00Z,78860.2,yes
KXBTC15M-26MAY131245-45,2026-05-13T16:30:00Z,2026-05-13T16:45:00Z,79018.84,yes
KXBTC15M-26MAY131300-00,2026-05-13T16:45:00Z,2026-05-13T17:00:00Z,79113.51,no
KXBTC15M-26MAY131315-15,2026-05-13T17:00:00Z,2026-05-13T17:15:00Z,79064.2,yes
KXBTC15M-26MAY131330-30,2026-05-13T17:15:00Z,2026-05-13T17:30:00Z,79199.05,yes
KXBTC15M-26MAY131345-45,2026-05-13T17:30:00Z,2026-05-13T17:45:00Z,79325.28,yes
KXBTC15M-26MAY131400-00,2026-05-13T17:45:00Z,2026-05-13T18:00:00Z,79411.37,yes
KXBTC15M-26MAY131415-15,2026-05-13T18:00:00Z,2026-05-13T18:15:00Z,79511.63,yes
KXBTC15M-26MAY131430-30,2026-05-13T18:15:00Z,2026-05-13T18:30:00Z,79594.81,yes
KXBTC15M-26MAY131445-45,2026-05-13T18:30:00Z,2026-05-13T18:45:00Z,79752.28,no
KXBTC15M-26MAY131500-00,2026-05-13T18:45:00Z,2026-05-13T19:00:00Z,79661.8,no
KXBTC15M-26MAY131515-15,2026-05-13T19:00:00Z,2026-05-13T19:15:00Z,79598.85,no
KXBTC15M-26MAY131530-30,2026-05-13T19:15:00Z,2026-05-13T19:30:00Z,79509.73,no
KXBTC15M-26MAY131545-45,2026-05-13T19:30:00Z,2026-05-13T19:45:00Z,79467.31,yes
KXBTC15M-26MAY131600-00,2026-05-13T19:45:00Z,2026-05-13T20:00:00Z,79509.22,yes
KXBTC15M-26MAY131615-15,2026-05-13T20:00:00Z,2026-05-13T20:15:00Z,79601.52,yes
KXBTC15M-26MAY131630-30,2026-05-13T20:15:00Z,2026-05-13T20:30:00Z,79625.14,no
KXBTC15M-26MAY131645-45,2026-05-13T20:30:00Z,2026-05-13T20:45:00Z,79601.88,yes
KXBTC15M-26MAY131700-00,2026-05-13T20:45:00Z,2026-05-13T21:00:00Z,79692.84,no
KXBTC15M-26MAY131715-15,2026-05-13T21:00:00Z,2026-05-13T21:15:00Z,79680.49,no
KXBTC15M-26MAY131730-30,2026-05-13T21:15:00Z,2026-05-13T21:30:00Z,79404.26,no
KXBTC15M-26MAY131745-45,2026-05-13T21:30:00Z,2026-05-13T21:45:00Z,79385.36,yes
KXBTC15M-26MAY131800-00,2026-05-13T21:45:00Z,2026-05-13T22:00:00Z,79452.6,no
KXBTC15M-26MAY131815-15,2026-05-13T22:00:00Z,2026-05-13T22:15:00Z,79369.04,no
KXBTC15M-26MAY131830-30,2026-05-13T22:15:00Z,2026-05-13T22:30:00Z,79361.78,no
KXBTC15M-26MAY131845-45,2026-05-13T22:30:00Z,2026-05-13T22:45:00Z,79288.35,yes
KXBTC15M-26MAY131900-00,2026-05-13T22:45:00Z,2026-05-13T23:00:00Z,79364.35,yes
KXBTC15M-26MAY131915-15,2026-05-13T23:00:00Z,2026-05-13T23:15:00Z,79396.49,no
KXBTC15M-26MAY131930-30,2026-05-13T23:15:00Z,2026-05-13T23:30:00Z,79353.27,no
KXBTC15M-26MAY131945-45,2026-05-13T23:30:00Z,2026-05-13T23:45:00Z,79287.45,no
KXBTC15M-26MAY132000-00,2026-05-13T23:45:00Z,2026-05-14T00:00:00Z,79275.97,yes
KXBTC15M-26MAY132015-15,2026-05-14T00:00:00Z,2026-05-14T00:15:00Z,79289.08,yes
KXBTC15M-26MAY132030-30,2026-05-14T00:15:00Z,2026-05-14T00:30:00Z,79487.86,no
KXBTC15M-26MAY132045-45,2026-05-14T00:30:00Z,2026-05-14T00:45:00Z,79434.28,yes
KXBTC15M-26MAY132100-00,2026-05-14T00:45:00Z,2026-05-14T01:00:00Z,79602.08,no
KXBTC15M-26MAY132115-15,2026-05-14T01:00:00Z,2026-05-14T01:15:00Z,79577.91,no
KXBTC15M-26MAY132130-30,2026-05-14T01:15:00Z,2026-05-14T01:30:00Z,79562.76,no
KXBTC15M-26MAY132145-45,2026-05-14T01:30:00Z,2026-05-14T01:45:00Z,79535.79,no
KXBTC15M-26MAY132200-00,2026-05-14T01:45:00Z,2026-05-14T02:00:00Z,79458.79,yes
KXBTC15M-26MAY132215-15,2026-05-14T02:00:00Z,2026-05-14T02:15:00Z,79576.4,no
KXBTC15M-26MAY132230-30,2026-05-14T02:15:00Z,2026-05-14T02:30:00Z,79559.87,yes
KXBTC15M-26MAY132245-45,2026-05-14T02:30:00Z,2026-05-14T02:45:00Z,79628.12,no
KXBTC15M-26MAY132300-00,2026-05-14T02:45:00Z,2026-05-14T03:00:00Z,79573.54,no
KXBTC15M-26MAY132315-15,2026-05-14T03:00:00Z,2026-05-14T03:15:00Z,79331.69,no
KXBTC15M-26MAY132330-30,2026-05-14T03:15:00Z,2026-05-14T03:30:00Z,79248.78,yes
KXBTC15M-26MAY132345-45,2026-05-14T03:30:00Z,2026-05-14T03:45:00Z,79293.28,no
KXBTC15M-26MAY140000-00,2026-05-14T03:45:00Z,2026-05-14T04:00:00Z,79176.62,no
KXBTC15M-26MAY140015-15,2026-05-14T04:00:00Z,2026-05-14T04:15:00Z,79002.53,yes
KXBTC15M-26MAY140030-30,2026-05-14T04:15:00Z,2026-05-14T04:30:00Z,79228.55,yes
KXBTC15M-26MAY140045-45,2026-05-14T04:30:00Z,2026-05-14T04:45:00Z,79291.54,yes
KXBTC15M-26MAY140100-00,2026-05-14T04:45:00Z,2026-05-14T05:00:00Z,79350.77,yes
KXBTC15M-26MAY140115-15,2026-05-14T05:00:00Z,2026-05-14T05:15:00Z,79393.56,no
KXBTC15M-26MAY140130-30,2026-05-14T05:15:00Z,2026-05-14T05:30:00Z,79384.01,yes
KXBTC15M-26MAY140145-45,2026-05-14T05:30:00Z,2026-05-14T05:45:00Z,79559.86,yes
KXBTC15M-26MAY140200-00,2026-05-14T05:45:00Z,2026-05-14T06:00:00Z,79673.97,yes
KXBTC15M-26MAY140515-15,2026-05-14T09:00:00Z,2026-05-14T09:15:00Z,79786.88,yes
KXBTC15M-26MAY140530-30,2026-05-14T09:15:00Z,2026-05-14T09:30:00Z,79802.03,no
KXBTC15M-26MAY140545-45,2026-05-14T09:30:00Z,2026-05-14T09:45:00Z,79705.19,no
KXBTC15M-26MAY140600-00,2026-05-14T09:45:00Z,2026-05-14T10:00:00Z,79630.51,no
KXBTC15M-26MAY140615-15,2026-05-14T10:00:00Z,2026-05-14T10:15:00Z,79610.01,no
KXBTC15M-26MAY140630-30,2026-05-14T10:15:00Z,2026-05-14T10:30:00Z,79582.52,yes
KXBTC15M-26MAY140645-45,2026-05-14T10:30:00Z,2026-05-14T10:45:00Z,79656.56,no
KXBTC15M-26MAY140700-00,2026-05-14T10:45:00Z,2026-05-14T11:00:00Z,79413.91,yes
KXBTC15M-26MAY140715-15,2026-05-14T11:00:00Z,2026-05-14T11:15:00Z,79541.17,no
KXBTC15M-26MAY140730-30,2026-05-14T11:15:00Z,2026-05-14T11:30:00Z,79479.45,no
KXBTC15M-26MAY140745-45,2026-05-14T11:30:00Z,2026-05-14T11:45:00Z,79331.79,no
KXBTC15M-26MAY140800-00,2026-05-14T11:45:00Z,2026-05-14T12:00:00Z,79250.35,no
KXBTC15M-26MAY140815-15,2026-05-14T12:00:00Z,2026-05-14T12:15:00Z,79244.83,yes
KXBTC15M-26MAY140830-30,2026-05-14T12:15:00Z,2026-05-14T12:30:00Z,79325.76,yes
KXBTC15M-26MAY140845-45,2026-05-14T12:30:00Z,2026-05-14T12:45:00Z,79390.42,yes
KXBTC15M-26MAY140900-00,2026-05-14T12:45:00Z,2026-05-14T13:00:00Z,79636.47,yes
KXBTC15M-26MAY140915-15,2026-05-14T13:00:00Z,2026-05-14T13:15:00Z,79747.3,yes
KXBTC15M-26MAY140930-30,2026-05-14T13:15:00Z,2026-05-14T13:30:00Z,79849.4,yes
KXBTC15M-26MAY140945-45,2026-05-14T13:30:00Z,2026-05-14T13:45:00Z,79919.82,no
KXBTC15M-26MAY141000-00,2026-05-14T13:45:00Z,2026-05-14T14:00:00Z,79807.96,no
KXBTC15M-26MAY141015-15,2026-05-14T14:00:00Z,2026-05-14T14:15:00Z,79750.19,yes
KXBTC15M-26MAY141030-30,2026-05-14T14:15:00Z,2026-05-14T14:30:00Z,79946.14,yes
KXBTC15M-26MAY141045-45,2026-05-14T14:30:00Z,2026-05-14T14:45:00Z,80112.57,yes
KXBTC15M-26MAY141100-00,2026-05-14T14:45:00Z,2026-05-14T15:00:00Z,80319.3,yes
KXBTC15M-26MAY141115-15,2026-05-14T15:00:00Z,2026-05-14T15:15:00Z,80942.99,yes
KXBTC15M-26MAY141130-30,2026-05-14T15:15:00Z,2026-05-14T15:30:00Z,80963.57,yes
KXBTC15M-26MAY141145-45,2026-05-14T15:30:00Z,2026-05-14T15:45:00Z,80996.68,yes
KXBTC15M-26MAY141200-00,2026-05-14T15:45:00Z,2026-05-14T16:00:00Z,80996.73,yes
KXBTC15M-26MAY141215-15,2026-05-14T16:00:00Z,2026-05-14T16:15:00Z,81310.28,yes
KXBTC15M-26MAY141230-30,2026-05-14T16:15:00Z,2026-05-14T16:30:00Z,81542.26,yes
KXBTC15M-26MAY141245-45,2026-05-14T16:30:00Z,2026-05-14T16:45:00Z,81577.85,no
KXBTC15M-26MAY141300-00,2026-05-14T16:45:00Z,2026-05-14T17:00:00Z,81540.97,yes
KXBTC15M-26MAY141315-15,2026-05-14T17:00:00Z,2026-05-14T17:15:00Z,81785.38,no
KXBTC15M-26MAY141330-30,2026-05-14T17:15:00Z,2026-05-14T17:30:00Z,81773.11,no
KXBTC15M-26MAY141345-45,2026-05-14T17:30:00Z,2026-05-14T17:45:00Z,81462.78,yes
KXBTC15M-26MAY141400-00,2026-05-14T17:45:00Z,2026-05-14T18:00:00Z,81636.68,yes
KXBTC15M-26MAY141415-15,2026-05-14T18:00:00Z,2026-05-14T18:15:00Z,81695.82,yes
KXBTC15M-26MAY141430-30,2026-05-14T18:15:00Z,2026-05-14T18:30:00Z,81862.61,yes
KXBTC15M-26MAY141445-45,2026-05-14T18:30:00Z,2026-05-14T18:45:00Z,81898.31,no
KXBTC15M-26MAY141500-00,2026-05-14T18:45:00Z,2026-05-14T19:00:00Z,81546.72,yes
KXBTC15M-26MAY141515-15,2026-05-14T19:00:00Z,2026-05-14T19:15:00Z,81598.98,no
KXBTC15M-26MAY141530-30,2026-05-14T19:15:00Z,2026-05-14T19:30:00Z,81561.21,no
KXBTC15M-26MAY141545-45,2026-05-14T19:30:00Z,2026-05-14T19:45:00Z,81360.43,yes
KXBTC15M-26MAY141600-00,2026-05-14T19:45:00Z,2026-05-14T20:00:00Z,81456.88,no
KXBTC15M-26MAY141615-15,2026-05-14T20:00:00Z,2026-05-14T20:15:00Z,81415.53,no
KXBTC15M-26MAY141630-30,2026-05-14T20:15:00Z,2026-05-14T20:30:00Z,81407.16,no
KXBTC15M-26MAY141645-45,2026-05-14T20:30:00Z,2026-05-14T20:45:00Z,81268.81,no
KXBTC15M-26MAY141700-00,2026-05-14T20:45:00Z,2026-05-14T21:00:00Z,81237.66,yes
KXBTC15M-26MAY141715-15,2026-05-14T21:00:00Z,2026-05-14T21:15:00Z,81385.89,no
KXBTC15M-26MAY141730-30,2026-05-14T21:15:00Z,2026-05-14T21:30:00Z,81331.72,yes
KXBTC15M-26MAY141745-45,2026-05-14T21:30:00Z,2026-05-14T21:45:00Z,81430.32,yes
KXBTC15M-26MAY141800-00,2026-05-14T21:45:00Z,2026-05-14T22:00:00Z,81453.1,no
KXBTC15M-26MAY141815-15,2026-05-14T22:00:00Z,2026-05-14T22:15:00Z,81384.34,yes
KXBTC15M-26MAY141830-30,2026-05-14T22:15:00Z,2026-05-14T22:30:00Z,81478.25,no
KXBTC15M-26MAY141845-45,2026-05-14T22:30:00Z,2026-05-14T22:45:00Z,81431.42,yes
KXBTC15M-26MAY141900-00,2026-05-14T22:45:00Z,2026-05-14T23:00:00Z,81494.01,no
KXBTC15M-26MAY141915-15,2026-05-14T23:00:00Z,2026-05-14T23:15:00Z,81436.1,no
KXBTC15M-26MAY141930-30,2026-05-14T23:15:00Z,2026-05-14T23:30:00Z,81239.69,yes
KXBTC15M-26MAY141945-45,2026-05-14T23:30:00Z,2026-05-14T23:45:00Z,81345.52,no
KXBTC15M-26MAY142000-00,2026-05-14T23:45:00Z,2026-05-15T00:00:00Z,81202.49,no
KXBTC15M-26MAY142015-15,2026-05-15T00:00:00Z,2026-05-15T00:15:00Z,81070.63,yes
KXBTC15M-26MAY142030-30,2026-05-15T00:15:00Z,2026-05-15T00:30:00Z,81414.32,yes
KXBTC15M-26MAY142045-45,2026-05-15T00:30:00Z,2026-05-15T00:45:00Z,81427.37,no
KXBTC15M-26MAY142100-00,2026-05-15T00:45:00Z,2026-05-15T01:00:00Z,81331.18,yes
KXBTC15M-26MAY142115-15,2026-05-15T01:00:00Z,2026-05-15T01:15:00Z,81502.14,yes
KXBTC15M-26MAY142130-30,2026-05-15T01:15:00Z,2026-05-15T01:30:00Z,81537.87,no
KXBTC15M-26MAY142145-45,2026-05-15T01:30:00Z,2026-05-15T01:45:00Z,81393.95,no
KXBTC15M-26MAY142200-00,2026-05-15T01:45:00Z,2026-05-15T02:00:00Z,81383.72,no
KXBTC15M-26MAY142215-15,2026-05-15T02:00:00Z,2026-05-15T02:15:00Z,81135.51,no
KXBTC15M-26MAY142230-30,2026-05-15T02:15:00Z,2026-05-15T02:30:00Z,80919.44,no
KXBTC15M-26MAY142245-45,2026-05-15T02:30:00Z,2026-05-15T02:45:00Z,80890.83,yes
KXBTC15M-26MAY142300-00,2026-05-15T02:45:00Z,2026-05-15T03:00:00Z,81082.2,yes
KXBTC15M-26MAY142315-15,2026-05-15T03:00:00Z,2026-05-15T03:15:00Z,81280.74,no
KXBTC15M-26MAY142330-30,2026-05-15T03:15:00Z,2026-05-15T03:30:00Z,81204.93,yes
KXBTC15M-26MAY142345-45,2026-05-15T03:30:00Z,2026-05-15T03:45:00Z,81208.55,no
KXBTC15M-26MAY150000-00,2026-05-15T03:45:00Z,2026-05-15T04:00:00Z,80979.41,yes
KXBTC15M-26MAY150015-15,2026-05-15T04:00:00Z,2026-05-15T04:15:00Z,81057.74,no
KXBTC15M-26MAY150030-30,2026-05-15T04:15:00Z,2026-05-15T04:30:00Z,81009.77,no
KXBTC15M-26MAY150045-45,2026-05-15T04:30:00Z,2026-05-15T04:45:00Z,80928.49,yes
KXBTC15M-26MAY150100-00,2026-05-15T04:45:00Z,2026-05-15T05:00:00Z,80944.88,no
KXBTC15M-26MAY150115-15,2026-05-15T05:00:00Z,2026-05-15T05:15:00Z,80751.17,yes
KXBTC15M-26MAY150130-30,2026-05-15T05:15:00Z,2026-05-15T05:30:00Z,80778.51,no
KXBTC15M-26MAY150145-45,2026-05-15T05:30:00Z,2026-05-15T05:45:00Z,80769.81,no
KXBTC15M-26MAY150200-00,2026-05-15T05:45:00Z,2026-05-15T06:00:00Z,80472.06,no
KXBTC15M-26MAY150215-15,2026-05-15T06:00:00Z,2026-05-15T06:15:00Z,80332.67,yes
KXBTC15M-26MAY150230-30,2026-05-15T06:15:00Z,2026-05-15T06:30:00Z,80401.01,yes
KXBTC15M-26MAY150245-45,2026-05-15T06:30:00Z,2026-05-15T06:45:00Z,80492.27,yes
KXBTC15M-26MAY150300-00,2026-05-15T06:45:00Z,2026-05-15T07:00:00Z,80594.27,no
KXBTC15M-26MAY150315-15,2026-05-15T07:00:00Z,2026-05-15T07:15:00Z,80577.58,yes
KXBTC15M-26MAY150330-30,2026-05-15T07:15:00Z,2026-05-15T07:30:00Z,80756.42,yes
KXBTC15M-26MAY150345-45,2026-05-15T07:30:00Z,2026-05-15T07:45:00Z,80907.7,no
KXBTC15M-26MAY150400-00,2026-05-15T07:45:00Z,2026-05-15T08:00:00Z,80816.94,no
KXBTC15M-26MAY150415-15,2026-05-15T08:00:00Z,2026-05-15T08:15:00Z,80813.98,no
KXBTC15M-26MAY150430-30,2026-05-15T08:15:00Z,2026-05-15T08:30:00Z,80687.46,no
KXBTC15M-26MAY150445-45,2026-05-15T08:30:00Z,2026-05-15T08:45:00Z,80526.61,yes
KXBTC15M-26MAY150500-00,2026-05-15T08:45:00Z,2026-05-15T09:00:00Z,80679.49,no
KXBTC15M-26MAY150515-15,2026-05-15T09:00:00Z,2026-05-15T09:15:00Z,80622.85,no
KXBTC15M-26MAY150530-30,2026-05-15T09:15:00Z,2026-05-15T09:30:00Z,80571.48,no
KXBTC15M-26MAY150545-45,2026-05-15T09:30:00Z,2026-05-15T09:45:00Z,80548.86,no
KXBTC15M-26MAY150600-00,2026-05-15T09:45:00Z,2026-05-15T10:00:00Z,80427.41,yes
KXBTC15M-26MAY150615-15,2026-05-15T10:00:00Z,2026-05-15T10:15:00Z,80466.04,yes
KXBTC15M-26MAY150630-30,2026-05-15T10:15:00Z,2026-05-15T10:30:00Z,80581.84,no
KXBTC15M-26MAY150645-45,2026-05-15T10:30:00Z,2026-05-15T10:45:00Z,80506.13,no
KXBTC15M-26MAY150700-00,2026-05-15T10:45:00Z,2026-05-15T11:00:00Z,80463.17,yes
KXBTC15M-26MAY150715-15,2026-05-15T11:00:00Z,2026-05-15T11:15:00Z,80704.65,no
KXBTC15M-26MAY150730-30,2026-05-15T11:15:00Z,2026-05-15T11:30:00Z,80655.86,no
KXBTC15M-26MAY150745-45,2026-05-15T11:30:00Z,2026-05-15T11:45:00Z,80625.09,yes
KXBTC15M-26MAY150800-00,2026-05-15T11:45:00Z,2026-05-15T12:00:00Z,80626.71,no
KXBTC15M-26MAY150815-15,2026-05-15T12:00:00Z,2026-05-15T12:15:00Z,80619.65,no
KXBTC15M-26MAY150830-30,2026-05-15T12:15:00Z,2026-05-15T12:30:00Z,80438.33,yes
KXBTC15M-26MAY150845-45,2026-05-15T12:30:00Z,2026-05-15T12:45:00Z,80518.02,no
KXBTC15M-26MAY150900-00,2026-05-15T12:45:00Z,2026-05-15T13:00:00Z,80424.74,no
KXBTC15M-26MAY150915-15,2026-05-15T13:00:00Z,2026-05-15T13:15:00Z,80374.8,no
KXBTC15M-26MAY150930-30,2026-05-15T13:15:00Z,2026-05-15T13:30:00Z,80108.37,no
KXBTC15M-26MAY150945-45,2026-05-15T13:30:00Z,2026-05-15T13:45:00Z,80006.95,no
KXBTC15M-26MAY151000-00,2026-05-15T13:45:00Z,2026-05-15T14:00:00Z,79136.64,no
KXBTC15M-26MAY151015-15,2026-05-15T14:00:00Z,2026-05-15T14:15:00Z,78766.14,yes
KXBTC15M-26MAY151030-30,2026-05-15T14:15:00Z,2026-05-15T14:30:00Z,79201.36,no
KXBTC15M-26MAY151045-45,2026-05-15T14:30:00Z,2026-05-15T14:45:00Z,79040.16,yes
KXBTC15M-26MAY151100-00,2026-05-15T14:45:00Z,2026-05-15T15:00:00Z,79177.76,no
KXBTC15M-26MAY151115-15,2026-05-15T15:00:00Z,2026-05-15T15:15:00Z,79159.07,yes
KXBTC15M-26MAY151130-30,2026-05-15T15:15:00Z,2026-05-15T15:30:00Z,79215.12,no
KXBTC15M-26MAY151145-45,2026-05-15T15:30:00Z,2026-05-15T15:45:00Z,79106.02,no
KXBTC15M-26MAY151200-00,2026-05-15T15:45:00Z,2026-05-15T16:00:00Z,79076.07,yes
KXBTC15M-26MAY151215-15,2026-05-15T16:00:00Z,2026-05-15T16:15:00Z,79154.37,yes
KXBTC15M-26MAY151230-30,2026-05-15T16:15:00Z,2026-05-15T16:30:00Z,79182.76,yes
KXBTC15M-26MAY151245-45,2026-05-15T16:30:00Z,2026-05-15T16:45:00Z,79252.39,no
KXBTC15M-26MAY151300-00,2026-05-15T16:45:00Z,2026-05-15T17:00:00Z,79246.46,yes
KXBTC15M-26MAY151315-15,2026-05-15T17:00:00Z,2026-05-15T17:15:00Z,79254.62,no
KXBTC15M-26MAY151330-30,2026-05-15T17:15:00Z,2026-05-15T17:30:00Z,79215.12,yes
KXBTC15M-26MAY151345-45,2026-05-15T17:30:00Z,2026-05-15T17:45:00Z,79374.61,yes
KXBTC15M-26MAY151400-00,2026-05-15T17:45:00Z,2026-05-15T18:00:00Z,79374.97,yes
KXBTC15M-26MAY151415-15,2026-05-15T18:00:00Z,2026-05-15T18:15:00Z,79422.92,yes
KXBTC15M-26MAY151430-30,2026-05-15T18:15:00Z,2026-05-15T18:30:00Z,79458.33,no
KXBTC15M-26MAY151445-45,2026-05-15T18:30:00Z,2026-05-15T18:45:00Z,79247.32,no
KXBTC15M-26MAY151500-00,2026-05-15T18:45:00Z,2026-05-15T19:00:00Z,79246.26,yes
KXBTC15M-26MAY151515-15,2026-05-15T19:00:00Z,2026-05-15T19:15:00Z,79253.67,no
KXBTC15M-26MAY151530-30,2026-05-15T19:15:00Z,2026-05-15T19:30:00Z,79049.08,yes
KXBTC15M-26MAY151545-45,2026-05-15T19:30:00Z,2026-05-15T19:45:00Z,79088.62,no
KXBTC15M-26MAY151600-00,2026-05-15T19:45:00Z,2026-05-15T20:00:00Z,79081.62,yes
KXBTC15M-26MAY151615-15,2026-05-15T20:00:00Z,2026-05-15T20:15:00Z,79115.93,no
KXBTC15M-26MAY151630-30,2026-05-15T20:15:00Z,2026-05-15T20:30:00Z,79103.37,yes
KXBTC15M-26MAY151645-45,2026-05-15T20:30:00Z,2026-05-15T20:45:00Z,79114.49,no
KXBTC15M-26MAY151700-00,2026-05-15T20:45:00Z,2026-05-15T21:00:00Z,79057.49,yes
KXBTC15M-26MAY151715-15,2026-05-15T21:00:00Z,2026-05-15T21:15:00Z,79082.78,yes
KXBTC15M-26MAY151730-30,2026-05-15T21:15:00Z,2026-05-15T21:30:00Z,79145.34,no
KXBTC15M-26MAY151745-45,2026-05-15T21:30:00Z,2026-05-15T21:45:00Z,79101.48,no
KXBTC15M-26MAY151800-00,2026-05-15T21:45:00Z,2026-05-15T22:00:00Z,79081.75,no
KXBTC15M-26MAY151815-15,2026-05-15T22:00:00Z,2026-05-15T22:15:00Z,78938.05,yes
KXBTC15M-26MAY151830-30,2026-05-15T22:15:00Z,2026-05-15T22:30:00Z,79027.32,no
KXBTC15M-26MAY151845-45,2026-05-15T22:30:00Z,2026-05-15T22:45:00Z,79020.83,yes
KXBTC15M-26MAY151900-00,2026-05-15T22:45:00Z,2026-05-15T23:00:00Z,79097.77,no
KXBTC15M-26MAY151915-15,2026-05-15T23:00:00Z,2026-05-15T23:15:00Z,79065.66,yes
KXBTC15M-26MAY151930-30,2026-05-15T23:15:00Z,2026-05-15T23:30:00Z,79068.39,no
KXBTC15M-26MAY151945-45,2026-05-15T23:30:00Z,2026-05-15T23:45:00Z,79064.11,yes
KXBTC15M-26MAY152000-00,2026-05-15T23:45:00Z,2026-05-16T00:00:00Z,79083.46,no
KXBTC15M-26MAY152015-15,2026-05-16T00:00:00Z,2026-05-16T00:15:00Z,79063.66,yes
KXBTC15M-26MAY152030-30,2026-05-16T00:15:00Z,2026-05-16T00:30:00Z,79131.69,yes
KXBTC15M-26MAY152045-45,2026-05-16T00:30:00Z,2026-05-16T00:45:00Z,79146.07,no
KXBTC15M-26MAY152100-00,2026-05-16T00:45:00Z,2026-05-16T01:00:00Z,79124.66,no
KXBTC15M-26MAY152115-15,2026-05-16T01:00:00Z,2026-05-16T01:15:00Z,79052.79,yes
KXBTC15M-26MAY152130-30,2026-05-16T01:15:00Z,2026-05-16T01:30:00Z,79082.06,no
KXBTC15M-26MAY152145-45,2026-05-16T01:30:00Z,2026-05-16T01:45:00Z,79008.94,no
KXBTC15M-26MAY152200-00,2026-05-16T01:45:00Z,2026-05-16T02:00:00Z,78988.7,yes
KXBTC15M-26MAY152215-15,2026-05-16T02:00:00Z,2026-05-16T02:15:00Z,79131.41,yes
KXBTC15M-26MAY152230-30,2026-05-16T02:15:00Z,2026-05-16T02:30:00Z,79150.19,no
KXBTC15M-26MAY152245-45,2026-05-16T02:30:00Z,2026-05-16T02:45:00Z,79127.25,no
KXBTC15M-26MAY152300-00,2026-05-16T02:45:00Z,2026-05-16T03:00:00Z,79066.25,yes
KXBTC15M-26MAY152315-15,2026-05-16T03:00:00Z,2026-05-16T03:15:00Z,79081.87,yes
KXBTC15M-26MAY152330-30,2026-05-16T03:15:00Z,2026-05-16T03:30:00Z,79135.43,yes
KXBTC15M-26MAY152345-45,2026-05-16T03:30:00Z,2026-05-16T03:45:00Z,79142.39,no
KXBTC15M-26MAY160000-00,2026-05-16T03:45:00Z,2026-05-16T04:00:00Z,79050.93,yes
KXBTC15M-26MAY160015-15,2026-05-16T04:00:00Z,2026-05-16T04:15:00Z,79059.79,no
KXBTC15M-26MAY160030-30,2026-05-16T04:15:00Z,2026-05-16T04:30:00Z,79043.25,no
KXBTC15M-26MAY160045-45,2026-05-16T04:30:00Z,2026-05-16T04:45:00Z,79011.42,no
KXBTC15M-26MAY160100-00,2026-05-16T04:45:00Z,2026-05-16T05:00:00Z,78967.67,yes
KXBTC15M-26MAY160115-15,2026-05-16T05:00:00Z,2026-05-16T05:15:00Z,79003.83,no
KXBTC15M-26MAY160130-30,2026-05-16T05:15:00Z,2026-05-16T05:30:00Z,78992.33,yes
KXBTC15M-26MAY160145-45,2026-05-16T05:30:00Z,2026-05-16T05:45:00Z,79001.11,yes
KXBTC15M-26MAY160200-00,2026-05-16T05:45:00Z,2026-05-16T06:00:00Z,79003.54,no
KXBTC15M-26MAY160215-15,2026-05-16T06:00:00Z,2026-05-16T06:15:00Z,78970.83,no
KXBTC15M-26MAY160230-30,2026-05-16T06:15:00Z,2026-05-16T06:30:00Z,78902.62,no
KXBTC15M-26MAY160245-45,2026-05-16T06:30:00Z,2026-05-16T06:45:00Z,78793.2,no
KXBTC15M-26MAY160300-00,2026-05-16T06:45:00Z,2026-05-16T07:00:00Z,78706.68,no
KXBTC15M-26MAY160315-15,2026-05-16T07:00:00Z,2026-05-16T07:15:00Z,78609.38,no
KXBTC15M-26MAY160330-30,2026-05-16T07:15:00Z,2026-05-16T07:30:00Z,78221.54,yes
KXBTC15M-26MAY160345-45,2026-05-16T07:30:00Z,2026-05-16T07:45:00Z,78437.02,yes
KXBTC15M-26MAY160400-00,2026-05-16T07:45:00Z,2026-05-16T08:00:00Z,78484.4,no
KXBTC15M-26MAY160415-15,2026-05-16T08:00:00Z,2026-05-16T08:15:00Z,78355.55,yes
KXBTC15M-26MAY160430-30,2026-05-16T08:15:00Z,2026-05-16T08:30:00Z,78394.22,no
KXBTC15M-26MAY160445-45,2026-05-16T08:30:00Z,2026-05-16T08:45:00Z,78375.82,yes
KXBTC15M-26MAY160500-00,2026-05-16T08:45:00Z,2026-05-16T09:00:00Z,78462.57,no
KXBTC15M-26MAY160515-15,2026-05-16T09:00:00Z,2026-05-16T09:15:00Z,78398.58,no
KXBTC15M-26MAY160530-30,2026-05-16T09:15:00Z,2026-05-16T09:30:00Z,78242.09,no
KXBTC15M-26MAY160545-45,2026-05-16T09:30:00Z,2026-05-16T09:45:00Z,78007.96,yes
KXBTC15M-26MAY160600-00,2026-05-16T09:45:00Z,2026-05-16T10:00:00Z,78094.13,no
KXBTC15M-26MAY160615-15,2026-05-16T10:00:00Z,2026-05-16T10:15:00Z,78067.27,no
KXBTC15M-26MAY160630-30,2026-05-16T10:15:00Z,2026-05-16T10:30:00Z,77890.34,no
KXBTC15M-26MAY160645-45,2026-05-16T10:30:00Z,2026-05-16T10:45:00Z,77748.58,yes
KXBTC15M-26MAY160700-00,2026-05-16T10:45:00Z,2026-05-16T11:00:00Z,77864.09,yes
KXBTC15M-26MAY160715-15,2026-05-16T11:00:00Z,2026-05-16T11:15:00Z,77935.89,yes
KXBTC15M-26MAY160730-30,2026-05-16T11:15:00Z,2026-05-16T11:30:00Z,78064.67,yes
KXBTC15M-26MAY160745-45,2026-05-16T11:30:00Z,2026-05-16T11:45:00Z,78110.91,yes
KXBTC15M-26MAY160800-00,2026-05-16T11:45:00Z,2026-05-16T12:00:00Z,78145.39,no
KXBTC15M-26MAY160815-15,2026-05-16T12:00:00Z,2026-05-16T12:15:00Z,78062.09,no
KXBTC15M-26MAY160830-30,2026-05-16T12:15:00Z,2026-05-16T12:30:00Z,78039.08,no
KXBTC15M-26MAY160845-45,2026-05-16T12:30:00Z,2026-05-16T12:45:00Z,77930.73,yes
KXBTC15M-26MAY160900-00,2026-05-16T12:45:00Z,2026-05-16T13:00:00Z,78042.38,no
KXBTC15M-26MAY160915-15,2026-05-16T13:00:00Z,2026-05-16T13:15:00Z,77986.73,no
KXBTC15M-26MAY160930-30,2026-05-16T13:15:00Z,2026-05-16T13:30:00Z,77874.58,yes
KXBTC15M-26MAY160945-45,2026-05-16T13:30:00Z,2026-05-16T13:45:00Z,77927.02,no
KXBTC15M-26MAY161000-00,2026-05-16T13:45:00Z,2026-05-16T14:00:00Z,77866.89,yes
KXBTC15M-26MAY161015-15,2026-05-16T14:00:00Z,2026-05-16T14:15:00Z,77973.1,no
KXBTC15M-26MAY161030-30,2026-05-16T14:15:00Z,2026-05-16T14:30:00Z,77931.53,yes
KXBTC15M-26MAY161045-45,2026-05-16T14:30:00Z,2026-05-16T14:45:00Z,77953.01,yes
KXBTC15M-26MAY161100-00,2026-05-16T14:45:00Z,2026-05-16T15:00:00Z,78190.71,no
KXBTC15M-26MAY161115-15,2026-05-16T15:00:00Z,2026-05-16T15:15:00Z,78099.12,no
KXBTC15M-26MAY161130-30,2026-05-16T15:15:00Z,2026-05-16T15:30:00Z,78095.76,yes
KXBTC15M-26MAY161145-45,2026-05-16T15:30:00Z,2026-05-16T15:45:00Z,78133.62,yes
KXBTC15M-26MAY161200-00,2026-05-16T15:45:00Z,2026-05-16T16:00:00Z,78188.14,yes
KXBTC15M-26MAY161215-15,2026-05-16T16:00:00Z,2026-05-16T16:15:00Z,78210.91,no
KXBTC15M-26MAY161230-30,2026-05-16T16:15:00Z,2026-05-16T16:30:00Z,78209.62,yes
KXBTC15M-26MAY161245-45,2026-05-16T16:30:00Z,2026-05-16T16:45:00Z,78261.64,no
KXBTC15M-26MAY161300-00,2026-05-16T16:45:00Z,2026-05-16T17:00:00Z,78121.13,yes
KXBTC15M-26MAY161315-15,2026-05-16T17:00:00Z,2026-05-16T17:15:00Z,78148.24,yes
KXBTC15M-26MAY161330-30,2026-05-16T17:15:00Z,2026-05-16T17:30:00Z,78227.03,yes
KXBTC15M-26MAY161345-45,2026-05-16T17:30:00Z,2026-05-16T17:45:00Z,78258.4,yes
KXBTC15M-26MAY161400-00,2026-05-16T17:45:00Z,2026-05-16T18:00:00Z,78261.57,no
KXBTC15M-26MAY161415-15,2026-05-16T18:00:00Z,2026-05-16T18:15:00Z,78187.17,no
KXBTC15M-26MAY161430-30,2026-05-16T18:15:00Z,2026-05-16T18:30:00Z,78175.26,no
KXBTC15M-26MAY161445-45,2026-05-16T18:30:00Z,2026-05-16T18:45:00Z,78174.46,yes
KXBTC15M-26MAY161500-00,2026-05-16T18:45:00Z,2026-05-16T19:00:00Z,78236.47,no
KXBTC15M-26MAY161515-15,2026-05-16T19:00:00Z,2026-05-16T19:15:00Z,78210.1,yes
KXBTC15M-26MAY161530-30,2026-05-16T19:15:00Z,2026-05-16T19:30:00Z,78222.16,yes
KXBTC15M-26MAY161545-45,2026-05-16T19:30:00Z,2026-05-16T19:45:00Z,78258.47,no
KXBTC15M-26MAY161600-00,2026-05-16T19:45:00Z,2026-05-16T20:00:00Z,78240.9,no
KXBTC15M-26MAY161615-15,2026-05-16T20:00:00Z,2026-05-16T20:15:00Z,78239.66,yes
KXBTC15M-26MAY161630-30,2026-05-16T20:15:00Z,2026-05-16T20:30:00Z,78266.86,yes
KXBTC15M-26MAY161645-45,2026-05-16T20:30:00Z,2026-05-16T20:45:00Z,78270.21,no
KXBTC15M-26MAY161700-00,2026-05-16T20:45:00Z,2026-05-16T21:00:00Z,78202.23,yes
KXBTC15M-26MAY161715-15,2026-05-16T21:00:00Z,2026-05-16T21:15:00Z,78242.63,no
KXBTC15M-26MAY161730-30,2026-05-16T21:15:00Z,2026-05-16T21:30:00Z,78240.99,yes
KXBTC15M-26MAY161745-45,2026-05-16T21:30:00Z,2026-05-16T21:45:00Z,78243.05,no
KXBTC15M-26MAY161800-00,2026-05-16T21:45:00Z,2026-05-16T22:00:00Z,78218.13,yes
KXBTC15M-26MAY161815-15,2026-05-16T22:00:00Z,2026-05-16T22:15:00Z,78248.87,no
KXBTC15M-26MAY161830-30,2026-05-16T22:15:00Z,2026-05-16T22:30:00Z,78211.94,yes
KXBTC15M-26MAY161845-45,2026-05-16T22:30:00Z,2026-05-16T22:45:00Z,78240.57,no
KXBTC15M-26MAY161900-00,2026-05-16T22:45:00Z,2026-05-16T23:00:00Z,78194.7,no
KXBTC15M-26MAY161915-15,2026-05-16T23:00:00Z,2026-05-16T23:15:00Z,78152.99,yes
KXBTC15M-26MAY161930-30,2026-05-16T23:15:00Z,2026-05-16T23:30:00Z,78161.61,yes
KXBTC15M-26MAY161945-45,2026-05-16T23:30:00Z,2026-05-16T23:45:00Z,78199.29,no
KXBTC15M-26MAY162000-00,2026-05-16T23:45:00Z,2026-05-17T00:00:00Z,78195.54,no
KXBTC15M-26MAY162015-15,2026-05-17T00:00:00Z,2026-05-17T00:15:00Z,78138.51,yes
KXBTC15M-26MAY162030-30,2026-05-17T00:15:00Z,2026-05-17T00:30:00Z,78174.45,no
KXBTC15M-26MAY162045-45,2026-05-17T00:30:00Z,2026-05-17T00:45:00Z,78126.41,no
KXBTC15M-26MAY162100-00,2026-05-17T00:45:00Z,2026-05-17T01:00:00Z,78108.88,no
KXBTC15M-26MAY162115-15,2026-05-17T01:00:00Z,2026-05-17T01:15:00Z,77850.94,yes
KXBTC15M-26MAY162130-30,2026-05-17T01:15:00Z,2026-05-17T01:30:00Z,78043.33,no
KXBTC15M-26MAY162145-45,2026-05-17T01:30:00Z,2026-05-17T01:45:00Z,77962.17,no
KXBTC15M-26MAY162200-00,2026-05-17T01:45:00Z,2026-05-17T02:00:00Z,77740.34,no
KXBTC15M-26MAY162215-15,2026-05-17T02:00:00Z,2026-05-17T02:15:00Z,77715.78,yes
KXBTC15M-26MAY162230-30,2026-05-17T02:15:00Z,2026-05-17T02:30:00Z,77844.19,yes
KXBTC15M-26MAY162245-45,2026-05-17T02:30:00Z,2026-05-17T02:45:00Z,77868.15,yes
KXBTC15M-26MAY162300-00,2026-05-17T02:45:00Z,2026-05-17T03:00:00Z,77891.45,no
KXBTC15M-26MAY162315-15,2026-05-17T03:00:00Z,2026-05-17T03:15:00Z,77879.55,yes
KXBTC15M-26MAY162330-30,2026-05-17T03:15:00Z,2026-05-17T03:30:00Z,77935.35,yes
KXBTC15M-26MAY162345-45,2026-05-17T03:30:00Z,2026-05-17T03:45:00Z,77966.05,yes
KXBTC15M-26MAY170000-00,2026-05-17T03:45:00Z,2026-05-17T04:00:00Z,78005.44,no
KXBTC15M-26MAY170015-15,2026-05-17T04:00:00Z,2026-05-17T04:15:00Z,78000.44,yes
KXBTC15M-26MAY170030-30,2026-05-17T04:15:00Z,2026-05-17T04:30:00Z,78020.29,yes
KXBTC15M-26MAY170045-45,2026-05-17T04:30:00Z,2026-05-17T04:45:00Z,78069.06,yes
KXBTC15M-26MAY170100-00,2026-05-17T04:45:00Z,2026-05-17T05:00:00Z,78158.51,no
KXBTC15M-26MAY170115-15,2026-05-17T05:00:00Z,2026-05-17T05:15:00Z,78140.26,yes
KXBTC15M-26MAY170130-30,2026-05-17T05:15:00Z,2026-05-17T05:30:00Z,78225.18,no
KXBTC15M-26MAY170145-45,2026-05-17T05:30:00Z,2026-05-17T05:45:00Z,78152.26,no
KXBTC15M-26MAY170200-00,2026-05-17T05:45:00Z,2026-05-17T06:00:00Z,78144.04,no
KXBTC15M-26MAY170215-15,2026-05-17T06:00:00Z,2026-05-17T06:15:00Z,78105.47,yes
KXBTC15M-26MAY170230-30,2026-05-17T06:15:00Z,2026-05-17T06:30:00Z,78164.62,no
KXBTC15M-26MAY170245-45,2026-05-17T06:30:00Z,2026-05-17T06:45:00Z,78055.42,no
KXBTC15M-26MAY170300-00,2026-05-17T06:45:00Z,2026-05-17T07:00:00Z,78020.37,yes
KXBTC15M-26MAY170315-15,2026-05-17T07:00:00Z,2026-05-17T07:15:00Z,78082.17,no
KXBTC15M-26MAY170330-30,2026-05-17T07:15:00Z,2026-05-17T07:30:00Z,78072.41,yes
KXBTC15M-26MAY170345-45,2026-05-17T07:30:00Z,2026-05-17T07:45:00Z,78098.07,yes
KXBTC15M-26MAY170400-00,2026-05-17T07:45:00Z,2026-05-17T08:00:00Z,78127.66,yes
KXBTC15M-26MAY170415-15,2026-05-17T08:00:00Z,2026-05-17T08:15:00Z,78152.82,no
KXBTC15M-26MAY170430-30,2026-05-17T08:15:00Z,2026-05-17T08:30:00Z,78125.78,no
KXBTC15M-26MAY170445-45,2026-05-17T08:30:00Z,2026-05-17T08:45:00Z,78046.78,no
KXBTC15M-26MAY170500-00,2026-05-17T08:45:00Z,2026-05-17T09:00:00Z,78045.17,yes
KXBTC15M-26MAY170515-15,2026-05-17T09:00:00Z,2026-05-17T09:15:00Z,78065.03,yes
KXBTC15M-26MAY170530-30,2026-05-17T09:15:00Z,2026-05-17T09:30:00Z,78101.71,no
KXBTC15M-26MAY170545-45,2026-05-17T09:30:00Z,2026-05-17T09:45:00Z,78100.17,no
KXBTC15M-26MAY170600-00,2026-05-17T09:45:00Z,2026-05-17T10:00:00Z,78096.93,yes
KXBTC15M-26MAY170615-15,2026-05-17T10:00:00Z,2026-05-17T10:15:00Z,78228.9,yes
KXBTC15M-26MAY170630-30,2026-05-17T10:15:00Z,2026-05-17T10:30:00Z,78431.48,yes
KXBTC15M-26MAY170645-45,2026-05-17T10:30:00Z,2026-05-17T10:45:00Z,78512.14,no
KXBTC15M-26MAY170700-00,2026-05-17T10:45:00Z,2026-05-17T11:00:00Z,78429.93,no
KXBTC15M-26MAY170715-15,2026-05-17T11:00:00Z,2026-05-17T11:15:00Z,78425.04,no
KXBTC15M-26MAY170730-30,2026-05-17T11:15:00Z,2026-05-17T11:30:00Z,78363.76,no
KXBTC15M-26MAY170745-45,2026-05-17T11:30:00Z,2026-05-17T11:45:00Z,78323.19,yes
KXBTC15M-26MAY170800-00,2026-05-17T11:45:00Z,2026-05-17T12:00:00Z,78389.42,no
KXBTC15M-26MAY170815-15,2026-05-17T12:00:00Z,2026-05-17T12:15:00Z,78386.9,yes
KXBTC15M-26MAY170830-30,2026-05-17T12:15:00Z,2026-05-17T12:30:00Z,78411.52,no
KXBTC15M-26MAY170845-45,2026-05-17T12:30:00Z,2026-05-17T12:45:00Z,78406.09,yes
KXBTC15M-26MAY170900-00,2026-05-17T12:45:00Z,2026-05-17T13:00:00Z,78445.14,no
KXBTC15M-26MAY170915-15,2026-05-17T13:00:00Z,2026-05-17T13:15:00Z,78343.19,no
KXBTC15M-26MAY170930-30,2026-05-17T13:15:00Z,2026-05-17T13:30:00Z,78246.97,yes
KXBTC15M-26MAY170945-45,2026-05-17T13:30:00Z,2026-05-17T13:45:00Z,78254.02,no
KXBTC15M-26MAY171000-00,2026-05-17T13:45:00Z,2026-05-17T14:00:00Z,78243.8,no
KXBTC15M-26MAY171015-15,2026-05-17T14:00:00Z,2026-05-17T14:15:00Z,78186.87,no
KXBTC15M-26MAY171030-30,2026-05-17T14:15:00Z,2026-05-17T14:30:00Z,78053.12,yes
KXBTC15M-26MAY171045-45,2026-05-17T14:30:00Z,2026-05-17T14:45:00Z,78056.74,no
KXBTC15M-26MAY171100-00,2026-05-17T14:45:00Z,2026-05-17T15:00:00Z,77984.51,yes
KXBTC15M-26MAY171115-15,2026-05-17T15:00:00Z,2026-05-17T15:15:00Z,78030.03,yes
KXBTC15M-26MAY171130-30,2026-05-17T15:15:00Z,2026-05-17T15:30:00Z,78070.62,no
KXBTC15M-26MAY171145-45,2026-05-17T15:30:00Z,2026-05-17T15:45:00Z,77974.22,yes
KXBTC15M-26MAY171200-00,2026-05-17T15:45:00Z,2026-05-17T16:00:00Z,77992.8,yes
KXBTC15M-26MAY171215-15,2026-05-17T16:00:00Z,2026-05-17T16:15:00Z,78020.51,yes
KXBTC15M-26MAY171230-30,2026-05-17T16:15:00Z,2026-05-17T16:30:00Z,78029.71,yes
KXBTC15M-26MAY171245-45,2026-05-17T16:30:00Z,2026-05-17T16:45:00Z,78107.35,yes
KXBTC15M-26MAY171300-00,2026-05-17T16:45:00Z,2026-05-17T17:00:00Z,78139.17,no
KXBTC15M-26MAY171315-15,2026-05-17T17:00:00Z,2026-05-17T17:15:00Z,78008.4,no
KXBTC15M-26MAY171330-30,2026-05-17T17:15:00Z,2026-05-17T17:30:00Z,77882.98,yes
KXBTC15M-26MAY171345-45,2026-05-17T17:30:00Z,2026-05-17T17:45:00Z,77935.89,yes
KXBTC15M-26MAY171400-00,2026-05-17T17:45:00Z,2026-05-17T18:00:00Z,78019.51,yes
KXBTC15M-26MAY171415-15,2026-05-17T18:00:00Z,2026-05-17T18:15:00Z,78060.13,yes
KXBTC15M-26MAY171430-30,2026-05-17T18:15:00Z,2026-05-17T18:30:00Z,78124.2,no
KXBTC15M-26MAY171445-45,2026-05-17T18:30:00Z,2026-05-17T18:45:00Z,78107.09,yes
KXBTC15M-26MAY171500-00,2026-05-17T18:45:00Z,2026-05-17T19:00:00Z,78107.64,yes
KXBTC15M-26MAY171515-15,2026-05-17T19:00:00Z,2026-05-17T19:15:00Z,78227.06,no
KXBTC15M-26MAY171530-30,2026-05-17T19:15:00Z,2026-05-17T19:30:00Z,78220.95,no
KXBTC15M-26MAY171545-45,2026-05-17T19:30:00Z,2026-05-17T19:45:00Z,78212.23,yes
KXBTC15M-26MAY171600-00,2026-05-17T19:45:00Z,2026-05-17T20:00:00Z,78353.95,yes
KXBTC15M-26MAY171615-15,2026-05-17T20:00:00Z,2026-05-17T20:15:00Z,78366.64,no
KXBTC15M-26MAY171630-30,2026-05-17T20:15:00Z,2026-05-17T20:30:00Z,78317.93,no
KXBTC15M-26MAY171645-45,2026-05-17T20:30:00Z,2026-05-17T20:45:00Z,78258.64,yes
KXBTC15M-26MAY171700-00,2026-05-17T20:45:00Z,2026-05-17T21:00:00Z,78269.71,no
KXBTC15M-26MAY171715-15,2026-05-17T21:00:00Z,2026-05-17T21:15:00Z,78262.97,yes
KXBTC15M-26MAY171730-30,2026-05-17T21:15:00Z,2026-05-17T21:30:00Z,78267.61,yes
KXBTC15M-26MAY171745-45,2026-05-17T21:30:00Z,2026-05-17T21:45:00Z,78374.13,yes
KXBTC15M-26MAY171800-00,2026-05-17T21:45:00Z,2026-05-17T22:00:00Z,78394.68,no
KXBTC15M-26MAY171815-15,2026-05-17T22:00:00Z,2026-05-17T22:15:00Z,78376.24,no
KXBTC15M-26MAY171830-30,2026-05-17T22:15:00Z,2026-05-17T22:30:00Z,78073.85,no
KXBTC15M-26MAY171845-45,2026-05-17T22:30:00Z,2026-05-17T22:45:00Z,77970.11,yes
KXBTC15M-26MAY171900-00,2026-05-17T22:45:00Z,2026-05-17T23:00:00Z,78004.76,no
KXBTC15M-26MAY171915-15,2026-05-17T23:00:00Z,2026-05-17T23:15:00Z,77950.6,no
KXBTC15M-26MAY171930-30,2026-05-17T23:15:00Z,2026-05-17T23:30:00Z,77820.63,no
KXBTC15M-26MAY171945-45,2026-05-17T23:30:00Z,2026-05-17T23:45:00Z,77799.52,no
KXBTC15M-26MAY172000-00,2026-05-17T23:45:00Z,2026-05-18T00:00:00Z,77191.64,yes
KXBTC15M-26MAY172015-15,2026-05-18T00:00:00Z,2026-05-18T00:15:00Z,77414.96,no
KXBTC15M-26MAY172030-30,2026-05-18T00:15:00Z,2026-05-18T00:30:00Z,77111.85,yes
KXBTC15M-26MAY172045-45,2026-05-18T00:30:00Z,2026-05-18T00:45:00Z,77120.53,no
KXBTC15M-26MAY172100-00,2026-05-18T00:45:00Z,2026-05-18T01:00:00Z,76991.99,yes
KXBTC15M-26MAY172115-15,2026-05-18T01:00:00Z,2026-05-18T01:15:00Z,77141.83,no
KXBTC15M-26MAY172130-30,2026-05-18T01:15:00Z,2026-05-18T01:30:00Z,77097.37,no
KXBTC15M-26MAY172145-45,2026-05-18T01:30:00Z,2026-05-18T01:45:00Z,76867.82,no
KXBTC15M-26MAY172200-00,2026-05-18T01:45:00Z,2026-05-18T02:00:00Z,76790.4,yes
KXBTC15M-26MAY172215-15,2026-05-18T02:00:00Z,2026-05-18T02:15:00Z,77080.53,yes
KXBTC15M-26MAY172230-30,2026-05-18T02:15:00Z,2026-05-18T02:30:00Z,77148.95,no
KXBTC15M-26MAY172245-45,2026-05-18T02:30:00Z,2026-05-18T02:45:00Z,76995.11,no
KXBTC15M-26MAY172300-00,2026-05-18T02:45:00Z,2026-05-18T03:00:00Z,76835.01,no
KXBTC15M-26MAY172315-15,2026-05-18T03:00:00Z,2026-05-18T03:15:00Z,76784.32,yes
KXBTC15M-26MAY172330-30,2026-05-18T03:15:00Z,2026-05-18T03:30:00Z,76845.34,yes
KXBTC15M-26MAY172345-45,2026-05-18T03:30:00Z,2026-05-18T03:45:00Z,76930.05,yes
KXBTC15M-26MAY180000-00,2026-05-18T03:45:00Z,2026-05-18T04:00:00Z,76950.01,no
KXBTC15M-26MAY180015-15,2026-05-18T04:00:00Z,2026-05-18T04:15:00Z,76901.23,yes
KXBTC15M-26MAY180030-30,2026-05-18T04:15:00Z,2026-05-18T04:30:00Z,76990.05,no
KXBTC15M-26MAY180045-45,2026-05-18T04:30:00Z,2026-05-18T04:45:00Z,76759.69,yes
KXBTC15M-26MAY180100-00,2026-05-18T04:45:00Z,2026-05-18T05:00:00Z,76962.21,yes
KXBTC15M-26MAY180115-15,2026-05-18T05:00:00Z,2026-05-18T05:15:00Z,77015.7,no
KXBTC15M-26MAY180130-30,2026-05-18T05:15:00Z,2026-05-18T05:30:00Z,76990.93,yes
KXBTC15M-26MAY180145-45,2026-05-18T05:30:00Z,2026-05-18T05:45:00Z,76992.46,no
KXBTC15M-26MAY180200-00,2026-05-18T05:45:00Z,2026-05-18T06:00:00Z,76903.11,no
KXBTC15M-26MAY180215-15,2026-05-18T06:00:00Z,2026-05-18T06:15:00Z,76853.69,no
KXBTC15M-26MAY180230-30,2026-05-18T06:15:00Z,2026-05-18T06:30:00Z,76827.91,no
KXBTC15M-26MAY180245-45,2026-05-18T06:30:00Z,2026-05-18T06:45:00Z,76702.9,yes
KXBTC15M-26MAY180300-00,2026-05-18T06:45:00Z,2026-05-18T07:00:00Z,76775.93,yes
KXBTC15M-26MAY180315-15,2026-05-18T07:00:00Z,2026-05-18T07:15:00Z,76869.05,yes
KXBTC15M-26MAY180330-30,2026-05-18T07:15:00Z,2026-05-18T07:30:00Z,76908.42,yes
KXBTC15M-26MAY180345-45,2026-05-18T07:30:00Z,2026-05-18T07:45:00Z,76988.23,no
KXBTC15M-26MAY180400-00,2026-05-18T07:45:00Z,2026-05-18T08:00:00Z,76909.52,yes
KXBTC15M-26MAY180415-15,2026-05-18T08:00:00Z,2026-05-18T08:15:00Z,77029.05,no
KXBTC15M-26MAY180430-30,2026-05-18T08:15:00Z,2026-05-18T08:30:00Z,76990.82,no
KXBTC15M-26MAY180445-45,2026-05-18T08:30:00Z,2026-05-18T08:45:00Z,76960.35,no
KXBTC15M-26MAY180500-00,2026-05-18T08:45:00Z,2026-05-18T09:00:00Z,76907.37,yes
KXBTC15M-26MAY180515-15,2026-05-18T09:00:00Z,2026-05-18T09:15:00Z,76983.12,no
KXBTC15M-26MAY180530-30,2026-05-18T09:15:00Z,2026-05-18T09:30:00Z,76870.31,yes
KXBTC15M-26MAY180545-45,2026-05-18T09:30:00Z,2026-05-18T09:45:00Z,76925.94,no
KXBTC15M-26MAY180600-00,2026-05-18T09:45:00Z,2026-05-18T10:00:00Z,76911.75,no
KXBTC15M-26MAY180615-15,2026-05-18T10:00:00Z,2026-05-18T10:15:00Z,76891.04,no
KXBTC15M-26MAY180630-30,2026-05-18T10:15:00Z,2026-05-18T10:30:00Z,76742.95,yes
KXBTC15M-26MAY180645-45,2026-05-18T10:30:00Z,2026-05-18T10:45:00Z,76770.26,yes
KXBTC15M-26MAY180700-00,2026-05-18T10:45:00Z,2026-05-18T11:00:00Z,76773.13,no
KXBTC15M-26MAY180715-15,2026-05-18T11:00:00Z,2026-05-18T11:15:00Z,76737.32,no
KXBTC15M-26MAY180730-30,2026-05-18T11:15:00Z,2026-05-18T11:30:00Z,76720.57,yes
KXBTC15M-26MAY180745-45,2026-05-18T11:30:00Z,2026-05-18T11:45:00Z,76794.23,yes
KXBTC15M-26MAY180800-00,2026-05-18T11:45:00Z,2026-05-18T12:00:00Z,77311.27,no
KXBTC15M-26MAY180815-15,2026-05-18T12:00:00Z,2026-05-18T12:15:00Z,77252.26,yes
KXBTC15M-26MAY180830-30,2026-05-18T12:15:00Z,2026-05-18T12:30:00Z,77376.41,no
KXBTC15M-26MAY180845-45,2026-05-18T12:30:00Z,2026-05-18T12:45:00Z,77324.84,yes
KXBTC15M-26MAY180900-00,2026-05-18T12:45:00Z,2026-05-18T13:00:00Z,77678.46,no
KXBTC15M-26MAY180915-15,2026-05-18T13:00:00Z,2026-05-18T13:15:00Z,77601.61,no
KXBTC15M-26MAY180930-30,2026-05-18T13:15:00Z,2026-05-18T13:30:00Z,77483.89,no
KXBTC15M-26MAY180945-45,2026-05-18T13:30:00Z,2026-05-18T13:45:00Z,77260.45,no
KXBTC15M-26MAY181000-00,2026-05-18T13:45:00Z,2026-05-18T14:00:00Z,76896.03,no
KXBTC15M-26MAY181015-15,2026-05-18T14:00:00Z,2026-05-18T14:15:00Z,76893.39,no
KXBTC15M-26MAY181030-30,2026-05-18T14:15:00Z,2026-05-18T14:30:00Z,76661.71,no
KXBTC15M-26MAY181045-45,2026-05-18T14:30:00Z,2026-05-18T14:45:00Z,76646.68,no
KXBTC15M-26MAY181100-00,2026-05-18T14:45:00Z,2026-05-18T15:00:00Z,76475.92,no
KXBTC15M-26MAY181115-15,2026-05-18T15:00:00Z,2026-05-18T15:15:00Z,76328.21,no
KXBTC15M-26MAY181130-30,2026-05-18T15:15:00Z,2026-05-18T15:30:00Z,76253.7,no
KXBTC15M-26MAY181145-45,2026-05-18T15:30:00Z,2026-05-18T15:45:00Z,76054.27,yes
KXBTC15M-26MAY181200-00,2026-05-18T15:45:00Z,2026-05-18T16:00:00Z,76284.64,yes
KXBTC15M-26MAY181215-15,2026-05-18T16:00:00Z,2026-05-18T16:15:00Z,76339.66,yes
KXBTC15M-26MAY181230-30,2026-05-18T16:15:00Z,2026-05-18T16:30:00Z,76446.73,no
KXBTC15M-26MAY181245-45,2026-05-18T16:30:00Z,2026-05-18T16:45:00Z,76217.68,yes
KXBTC15M-26MAY181300-00,2026-05-18T16:45:00Z,2026-05-18T17:00:00Z,76384.43,no
KXBTC15M-26MAY181315-15,2026-05-18T17:00:00Z,2026-05-18T17:15:00Z,76368.5,yes
KXBTC15M-26MAY181330-30,2026-05-18T17:15:00Z,2026-05-18T17:30:00Z,76495.77,yes
KXBTC15M-26MAY181345-45,2026-05-18T17:30:00Z,2026-05-18T17:45:00Z,76595.18,yes
KXBTC15M-26MAY181400-00,2026-05-18T17:45:00Z,2026-05-18T18:00:00Z,76610.85,yes
KXBTC15M-26MAY181415-15,2026-05-18T18:00:00Z,2026-05-18T18:15:00Z,76656.02,no
KXBTC15M-26MAY181430-30,2026-05-18T18:15:00Z,2026-05-18T18:30:00Z,76388.1,no
KXBTC15M-26MAY181445-45,2026-05-18T18:30:00Z,2026-05-18T18:45:00Z,76297.33,no
KXBTC15M-26MAY181500-00,2026-05-18T18:45:00Z,2026-05-18T19:00:00Z,76255.24,no
KXBTC15M-26MAY181515-15,2026-05-18T19:00:00Z,2026-05-18T19:15:00Z,76196.21,yes
KXBTC15M-26MAY181530-30,2026-05-18T19:15:00Z,2026-05-18T19:30:00Z,76584.86,yes
KXBTC15M-26MAY181545-45,2026-05-18T19:30:00Z,2026-05-18T19:45:00Z,76595.54,yes
KXBTC15M-26MAY181600-00,2026-05-18T19:45:00Z,2026-05-18T20:00:00Z,76837.83,no
KXBTC15M-26MAY181615-15,2026-05-18T20:00:00Z,2026-05-18T20:15:00Z,76828.89,yes
KXBTC15M-26MAY181630-30,2026-05-18T20:15:00Z,2026-05-18T20:30:00Z,77005.4,yes
KXBTC15M-26MAY181645-45,2026-05-18T20:30:00Z,2026-05-18T20:45:00Z,77090.59,no
KXBTC15M-26MAY181700-00,2026-05-18T20:45:00Z,2026-05-18T21:00:00Z,76917.02,no
KXBTC15M-26MAY181715-15,2026-05-18T21:00:00Z,2026-05-18T21:15:00Z,76869.35,yes
KXBTC15M-26MAY181730-30,2026-05-18T21:15:00Z,2026-05-18T21:30:00Z,76877.62,yes
KXBTC15M-26MAY181745-45,2026-05-18T21:30:00Z,2026-05-18T21:45:00Z,77003.38,no
KXBTC15M-26MAY181800-00,2026-05-18T21:45:00Z,2026-05-18T22:00:00Z,76971.11,yes
KXBTC15M-26MAY181815-15,2026-05-18T22:00:00Z,2026-05-18T22:15:00Z,77066.3,yes
KXBTC15M-26MAY181830-30,2026-05-18T22:15:00Z,2026-05-18T22:30:00Z,77104.73,yes
KXBTC15M-26MAY181845-45,2026-05-18T22:30:00Z,2026-05-18T22:45:00Z,77114.62,no
KXBTC15M-26MAY181900-00,2026-05-18T22:45:00Z,2026-05-18T23:00:00Z,77003.53,yes
KXBTC15M-26MAY181915-15,2026-05-18T23:00:00Z,2026-05-18T23:15:00Z,77022.46,yes
KXBTC15M-26MAY181930-30,2026-05-18T23:15:00Z,2026-05-18T23:30:00Z,77049,no
KXBTC15M-26MAY181945-45,2026-05-18T23:30:00Z,2026-05-18T23:45:00Z,77006.48,yes
KXBTC15M-26MAY182000-00,2026-05-18T23:45:00Z,2026-05-19T00:00:00Z,77063.4,no
KXBTC15M-26MAY182015-15,2026-05-19T00:00:00Z,2026-05-19T00:15:00Z,76955.96,yes
KXBTC15M-26MAY182030-30,2026-05-19T00:15:00Z,2026-05-19T00:30:00Z,77082.28,yes
KXBTC15M-26MAY182045-45,2026-05-19T00:30:00Z,2026-05-19T00:45:00Z,77161.89,no
KXBTC15M-26MAY182100-00,2026-05-19T00:45:00Z,2026-05-19T01:00:00Z,77121.16,no
KXBTC15M-26MAY182115-15,2026-05-19T01:00:00Z,2026-05-19T01:15:00Z,77105.87,no
KXBTC15M-26MAY182130-30,2026-05-19T01:15:00Z,2026-05-19T01:30:00Z,77064.9,no
KXBTC15M-26MAY182145-45,2026-05-19T01:30:00Z,2026-05-19T01:45:00Z,76704.67,yes
KXBTC15M-26MAY182200-00,2026-05-19T01:45:00Z,2026-05-19T02:00:00Z,76817.67,no
KXBTC15M-26MAY182215-15,2026-05-19T02:00:00Z,2026-05-19T02:15:00Z,76638.76,yes
KXBTC15M-26MAY182230-30,2026-05-19T02:15:00Z,2026-05-19T02:30:00Z,76656.01,yes
KXBTC15M-26MAY182245-45,2026-05-19T02:30:00Z,2026-05-19T02:45:00Z,76793.77,no
KXBTC15M-26MAY182300-00,2026-05-19T02:45:00Z,2026-05-19T03:00:00Z,76692.74,no
KXBTC15M-26MAY182315-15,2026-05-19T03:00:00Z,2026-05-19T03:15:00Z,76563,yes
KXBTC15M-26MAY182330-30,2026-05-19T03:15:00Z,2026-05-19T03:30:00Z,76708.98,no
KXBTC15M-26MAY182345-45,2026-05-19T03:30:00Z,2026-05-19T03:45:00Z,76679.44,yes
KXBTC15M-26MAY190000-00,2026-05-19T03:45:00Z,2026-05-19T04:00:00Z,76785.07,no
KXBTC15M-26MAY190015-15,2026-05-19T04:00:00Z,2026-05-19T04:15:00Z,76715.48,yes
KXBTC15M-26MAY190030-30,2026-05-19T04:15:00Z,2026-05-19T04:30:00Z,76834.61,no
KXBTC15M-26MAY190045-45,2026-05-19T04:30:00Z,2026-05-19T04:45:00Z,76669.63,yes
KXBTC15M-26MAY190100-00,2026-05-19T04:45:00Z,2026-05-19T05:00:00Z,76823.61,yes
KXBTC15M-26MAY190115-15,2026-05-19T05:00:00Z,2026-05-19T05:15:00Z,76862.65,no
KXBTC15M-26MAY190130-30,2026-05-19T05:15:00Z,2026-05-19T05:30:00Z,76801.44,no
KXBTC15M-26MAY190145-45,2026-05-19T05:30:00Z,2026-05-19T05:45:00Z,76754.57,yes
KXBTC15M-26MAY190200-00,2026-05-19T05:45:00Z,2026-05-19T06:00:00Z,76874.33,no
KXBTC15M-26MAY190215-15,2026-05-19T06:00:00Z,2026-05-19T06:15:00Z,76867.02,yes
KXBTC15M-26MAY190230-30,2026-05-19T06:15:00Z,2026-05-19T06:30:00Z,76944.16,yes
KXBTC15M-26MAY190245-45,2026-05-19T06:30:00Z,2026-05-19T06:45:00Z,76950.47,yes
KXBTC15M-26MAY190300-00,2026-05-19T06:45:00Z,2026-05-19T07:00:00Z,77012.59,no
KXBTC15M-26MAY190315-15,2026-05-19T07:00:00Z,2026-05-19T07:15:00Z,76976.97,yes
KXBTC15M-26MAY190330-30,2026-05-19T07:15:00Z,2026-05-19T07:30:00Z,77077.65,yes
KXBTC15M-26MAY190345-45,2026-05-19T07:30:00Z,2026-05-19T07:45:00Z,77078.06,yes
KXBTC15M-26MAY190400-00,2026-05-19T07:45:00Z,2026-05-19T08:00:00Z,77208.84,no
KXBTC15M-26MAY190415-15,2026-05-19T08:00:00Z,2026-05-19T08:15:00Z,77172.95,no
KXBTC15M-26MAY190430-30,2026-05-19T08:15:00Z,2026-05-19T08:30:00Z,77029.76,no
KXBTC15M-26MAY190445-45,2026-05-19T08:30:00Z,2026-05-19T08:45:00Z,77012.59,yes
KXBTC15M-26MAY190500-00,2026-05-19T08:45:00Z,2026-05-19T09:00:00Z,77134.69,no
KXBTC15M-26MAY190515-15,2026-05-19T09:00:00Z,2026-05-19T09:15:00Z,77001.74,no
KXBTC15M-26MAY190530-30,2026-05-19T09:15:00Z,2026-05-19T09:30:00Z,76977.59,no
KXBTC15M-26MAY190545-45,2026-05-19T09:30:00Z,2026-05-19T09:45:00Z,76722.38,yes
KXBTC15M-26MAY190600-00,2026-05-19T09:45:00Z,2026-05-19T10:00:00Z,76732.45,yes
KXBTC15M-26MAY190615-15,2026-05-19T10:00:00Z,2026-05-19T10:15:00Z,76766.93,no
KXBTC15M-26MAY190630-30,2026-05-19T10:15:00Z,2026-05-19T10:30:00Z,76749.84,yes
KXBTC15M-26MAY190645-45,2026-05-19T10:30:00Z,2026-05-19T10:45:00Z,76772.74,no
KXBTC15M-26MAY190700-00,2026-05-19T10:45:00Z,2026-05-19T11:00:00Z,76696.14,yes
KXBTC15M-26MAY190715-15,2026-05-19T11:00:00Z,2026-05-19T11:15:00Z,76972.03,no
KXBTC15M-26MAY190730-30,2026-05-19T11:15:00Z,2026-05-19T11:30:00Z,76931.97,no
KXBTC15M-26MAY190745-45,2026-05-19T11:30:00Z,2026-05-19T11:45:00Z,76825.72,no
KXBTC15M-26MAY190800-00,2026-05-19T11:45:00Z,2026-05-19T12:00:00Z,76626.6,yes
KXBTC15M-26MAY190815-15,2026-05-19T12:00:00Z,2026-05-19T12:15:00Z,76663.67,yes
KXBTC15M-26MAY190830-30,2026-05-19T12:15:00Z,2026-05-19T12:30:00Z,76723.24,yes
KXBTC15M-26MAY190845-45,2026-05-19T12:30:00Z,2026-05-19T12:45:00Z,76782.78,yes
KXBTC15M-26MAY190900-00,2026-05-19T12:45:00Z,2026-05-19T13:00:00Z,76847.6,yes
KXBTC15M-26MAY190915-15,2026-05-19T13:00:00Z,2026-05-19T13:15:00Z,76888.95,no
KXBTC15M-26MAY190930-30,2026-05-19T13:15:00Z,2026-05-19T13:30:00Z,76799.51,no
KXBTC15M-26MAY190945-45,2026-05-19T13:30:00Z,2026-05-19T13:45:00Z,76550.07,yes
KXBTC15M-26MAY191000-00,2026-05-19T13:45:00Z,2026-05-19T14:00:00Z,76705.28,yes
KXBTC15M-26MAY191015-15,2026-05-19T14:00:00Z,2026-05-19T14:15:00Z,76816.71,no
KXBTC15M-26MAY191030-30,2026-05-19T14:15:00Z,2026-05-19T14:30:00Z,76581.69,no
KXBTC15M-26MAY191045-45,2026-05-19T14:30:00Z,2026-05-19T14:45:00Z,76395.13,yes
KXBTC15M-26MAY191100-00,2026-05-19T14:45:00Z,2026-05-19T15:00:00Z,76418.29,no
KXBTC15M-26MAY191115-15,2026-05-19T15:00:00Z,2026-05-19T15:15:00Z,76322.78,yes
KXBTC15M-26MAY191130-30,2026-05-19T15:15:00Z,2026-05-19T15:30:00Z,76518.2,no
KXBTC15M-26MAY191145-45,2026-05-19T15:30:00Z,2026-05-19T15:45:00Z,76424.84,yes
KXBTC15M-26MAY191200-00,2026-05-19T15:45:00Z,2026-05-19T16:00:00Z,76427.43,yes
KXBTC15M-26MAY191215-15,2026-05-19T16:00:00Z,2026-05-19T16:15:00Z,76440.63,no
KXBTC15M-26MAY191230-30,2026-05-19T16:15:00Z,2026-05-19T16:30:00Z,76392.43,yes
KXBTC15M-26MAY191245-45,2026-05-19T16:30:00Z,2026-05-19T16:45:00Z,76544.23,yes
KXBTC15M-26MAY191300-00,2026-05-19T16:45:00Z,2026-05-19T17:00:00Z,76708.93,yes
KXBTC15M-26MAY191315-15,2026-05-19T17:00:00Z,2026-05-19T17:15:00Z,76831.71,yes
KXBTC15M-26MAY191330-30,2026-05-19T17:15:00Z,2026-05-19T17:30:00Z,76877.45,no
KXBTC15M-26MAY191345-45,2026-05-19T17:30:00Z,2026-05-19T17:45:00Z,76824.99,yes
KXBTC15M-26MAY191400-00,2026-05-19T17:45:00Z,2026-05-19T18:00:00Z,76843.6,no
KXBTC15M-26MAY191415-15,2026-05-19T18:00:00Z,2026-05-19T18:15:00Z,76792.65,yes
KXBTC15M-26MAY191430-30,2026-05-19T18:15:00Z,2026-05-19T18:30:00Z,76858.97,no
KXBTC15M-26MAY191445-45,2026-05-19T18:30:00Z,2026-05-19T18:45:00Z,76726.8,yes
KXBTC15M-26MAY191500-00,2026-05-19T18:45:00Z,2026-05-19T19:00:00Z,76780.93,no
KXBTC15M-26MAY191515-15,2026-05-19T19:00:00Z,2026-05-19T19:15:00Z,76733.48,yes
KXBTC15M-26MAY191530-30,2026-05-19T19:15:00Z,2026-05-19T19:30:00Z,76960.41,no
KXBTC15M-26MAY191545-45,2026-05-19T19:30:00Z,2026-05-19T19:45:00Z,76734.11,yes
KXBTC15M-26MAY191600-00,2026-05-19T19:45:00Z,2026-05-19T20:00:00Z,76818.04,no
KXBTC15M-26MAY191615-15,2026-05-19T20:00:00Z,2026-05-19T20:15:00Z,76747.87,yes
KXBTC15M-26MAY191630-30,2026-05-19T20:15:00Z,2026-05-19T20:30:00Z,76878.92,no
KXBTC15M-26MAY191645-45,2026-05-19T20:30:00Z,2026-05-19T20:45:00Z,76854.15,yes
KXBTC15M-26MAY191700-00,2026-05-19T20:45:00Z,2026-05-19T21:00:00Z,76871.54,yes
KXBTC15M-26MAY191715-15,2026-05-19T21:00:00Z,2026-05-19T21:15:00Z,76958.22,no
KXBTC15M-26MAY191730-30,2026-05-19T21:15:00Z,2026-05-19T21:30:00Z,76937.98,no
KXBTC15M-26MAY191745-45,2026-05-19T21:30:00Z,2026-05-19T21:45:00Z,76930.56,yes
KXBTC15M-26MAY191800-00,2026-05-19T21:45:00Z,2026-05-19T22:00:00Z,76960.9,no
KXBTC15M-26MAY191815-15,2026-05-19T22:00:00Z,2026-05-19T22:15:00Z,76925.94,no
KXBTC15M-26MAY191830-30,2026-05-19T22:15:00Z,2026-05-19T22:30:00Z,76720.5,no
KXBTC15M-26MAY191845-45,2026-05-19T22:30:00Z,2026-05-19T22:45:00Z,76595.78,yes
KXBTC15M-26MAY191900-00,2026-05-19T22:45:00Z,2026-05-19T23:00:00Z,76687.58,no
KXBTC15M-26MAY191915-15,2026-05-19T23:00:00Z,2026-05-19T23:15:00Z,76642.7,yes
KXBTC15M-26MAY191930-30,2026-05-19T23:15:00Z,2026-05-19T23:30:00Z,76742.07,yes
KXBTC15M-26MAY191945-45,2026-05-19T23:30:00Z,2026-05-19T23:45:00Z,76827.82,yes
KXBTC15M-26MAY192000-00,2026-05-19T23:45:00Z,2026-05-20T00:00:00Z,76828.49,no
KXBTC15M-26MAY192015-15,2026-05-20T00:00:00Z,2026-05-20T00:15:00Z,76751.95,no
KXBTC15M-26MAY192030-30,2026-05-20T00:15:00Z,2026-05-20T00:30:00Z,76498.95,yes
KXBTC15M-26MAY192045-45,2026-05-20T00:30:00Z,2026-05-20T00:45:00Z,76604.45,yes
KXBTC15M-26MAY192100-00,2026-05-20T00:45:00Z,2026-05-20T01:00:00Z,76623.11,yes
KXBTC15M-26MAY192115-15,2026-05-20T01:00:00Z,2026-05-20T01:15:00Z,76697.95,yes
KXBTC15M-26MAY192130-30,2026-05-20T01:15:00Z,2026-05-20T01:30:00Z,76805.33,no
KXBTC15M-26MAY192145-45,2026-05-20T01:30:00Z,2026-05-20T01:45:00Z,76515.36,no
KXBTC15M-26MAY192200-00,2026-05-20T01:45:00Z,2026-05-20T02:00:00Z,76513.14,yes
KXBTC15M-26MAY192215-15,2026-05-20T02:00:00Z,2026-05-20T02:15:00Z,76742.91,no
KXBTC15M-26MAY192230-30,2026-05-20T02:15:00Z,2026-05-20T02:30:00Z,76716.21,no
KXBTC15M-26MAY192245-45,2026-05-20T02:30:00Z,2026-05-20T02:45:00Z,76704.86,no
KXBTC15M-26MAY192300-00,2026-05-20T02:45:00Z,2026-05-20T03:00:00Z,76558.67,yes
KXBTC15M-26MAY192315-15,2026-05-20T03:00:00Z,2026-05-20T03:15:00Z,76611.09,no
KXBTC15M-26MAY192330-30,2026-05-20T03:15:00Z,2026-05-20T03:30:00Z,76551.7,yes
KXBTC15M-26MAY192345-45,2026-05-20T03:30:00Z,2026-05-20T03:45:00Z,76730.44,no
KXBTC15M-26MAY200000-00,2026-05-20T03:45:00Z,2026-05-20T04:00:00Z,76669.29,no
KXBTC15M-26MAY200015-15,2026-05-20T04:00:00Z,2026-05-20T04:15:00Z,76649.92,yes
KXBTC15M-26MAY200030-30,2026-05-20T04:15:00Z,2026-05-20T04:30:00Z,76744.81,no
KXBTC15M-26MAY200045-45,2026-05-20T04:30:00Z,2026-05-20T04:45:00Z,76734.25,no
KXBTC15M-26MAY200100-00,2026-05-20T04:45:00Z,2026-05-20T05:00:00Z,76675.46,yes
KXBTC15M-26MAY200115-15,2026-05-20T05:00:00Z,2026-05-20T05:15:00Z,76702.39,yes
KXBTC15M-26MAY200130-30,2026-05-20T05:15:00Z,2026-05-20T05:30:00Z,77155.76,no
KXBTC15M-26MAY200145-45,2026-05-20T05:30:00Z,2026-05-20T05:45:00Z,77086.1,yes
KXBTC15M-26MAY200200-00,2026-05-20T05:45:00Z,2026-05-20T06:00:00Z,77116.72,yes
KXBTC15M-26MAY200215-15,2026-05-20T06:00:00Z,2026-05-20T06:15:00Z,77125.57,yes
KXBTC15M-26MAY200230-30,2026-05-20T06:15:00Z,2026-05-20T06:30:00Z,77162.68,yes
KXBTC15M-26MAY200245-45,2026-05-20T06:30:00Z,2026-05-20T06:45:00Z,77221.72,no
KXBTC15M-26MAY200300-00,2026-05-20T06:45:00Z,2026-05-20T07:00:00Z,77219.21,yes
KXBTC15M-26MAY200315-15,2026-05-20T07:00:00Z,2026-05-20T07:15:00Z,77327.98,no
KXBTC15M-26MAY200330-30,2026-05-20T07:15:00Z,2026-05-20T07:30:00Z,77322.1,no
KXBTC15M-26MAY200345-45,2026-05-20T07:30:00Z,2026-05-20T07:45:00Z,77317.85,no
KXBTC15M-26MAY200400-00,2026-05-20T07:45:00Z,2026-05-20T08:00:00Z,77305.11,no
KXBTC15M-26MAY200415-15,2026-05-20T08:00:00Z,2026-05-20T08:15:00Z,77202.9,yes
KXBTC15M-26MAY200430-30,2026-05-20T08:15:00Z,2026-05-20T08:30:00Z,77206.51,no
KXBTC15M-26MAY200445-45,2026-05-20T08:30:00Z,2026-05-20T08:45:00Z,77183.64,yes
KXBTC15M-26MAY200500-00,2026-05-20T08:45:00Z,2026-05-20T09:00:00Z,77451.81,no
KXBTC15M-26MAY200515-15,2026-05-20T09:00:00Z,2026-05-20T09:15:00Z,77378.33,no
KXBTC15M-26MAY200530-30,2026-05-20T09:15:00Z,2026-05-20T09:30:00Z,77346.26,yes
KXBTC15M-26MAY200545-45,2026-05-20T09:30:00Z,2026-05-20T09:45:00Z,77410.13,yes
KXBTC15M-26MAY200600-00,2026-05-20T09:45:00Z,2026-05-20T10:00:00Z,77431.48,no
KXBTC15M-26MAY200615-15,2026-05-20T10:00:00Z,2026-05-20T10:15:00Z,77405.84,yes
KXBTC15M-26MAY200630-30,2026-05-20T10:15:00Z,2026-05-20T10:30:00Z,77521.52,no
KXBTC15M-26MAY200645-45,2026-05-20T10:30:00Z,2026-05-20T10:45:00Z,77503.72,no
KXBTC15M-26MAY200700-00,2026-05-20T10:45:00Z,2026-05-20T11:00:00Z,77479.75,no
KXBTC15M-26MAY200715-15,2026-05-20T11:00:00Z,2026-05-20T11:15:00Z,77443.98,no
KXBTC15M-26MAY200730-30,2026-05-20T11:15:00Z,2026-05-20T11:30:00Z,77420.85,no
KXBTC15M-26MAY200745-45,2026-05-20T11:30:00Z,2026-05-20T11:45:00Z,77389.97,no
KXBTC15M-26MAY200800-00,2026-05-20T11:45:00Z,2026-05-20T12:00:00Z,77306.06,yes
KXBTC15M-26MAY200815-15,2026-05-20T12:00:00Z,2026-05-20T12:15:00Z,77333.77,yes
KXBTC15M-26MAY200830-30,2026-05-20T12:15:00Z,2026-05-20T12:30:00Z,77388.4,yes
KXBTC15M-26MAY200845-45,2026-05-20T12:30:00Z,2026-05-20T12:45:00Z,77430.11,yes
KXBTC15M-26MAY200900-00,2026-05-20T12:45:00Z,2026-05-20T13:00:00Z,77460.65,yes
KXBTC15M-26MAY200915-15,2026-05-20T13:00:00Z,2026-05-20T13:15:00Z,77555.85,no
KXBTC15M-26MAY200930-30,2026-05-20T13:15:00Z,2026-05-20T13:30:00Z,77407.95,no
KXBTC15M-26MAY200945-45,2026-05-20T13:30:00Z,2026-05-20T13:45:00Z,77225.09,no
KXBTC15M-26MAY201000-00,2026-05-20T13:45:00Z,2026-05-20T14:00:00Z,76968.75,yes
KXBTC15M-26MAY201015-15,2026-05-20T14:00:00Z,2026-05-20T14:15:00Z,77109.6,no
KXBTC15M-26MAY201030-30,2026-05-20T14:15:00Z,2026-05-20T14:30:00Z,77040.61,yes
KXBTC15M-26MAY201045-45,2026-05-20T14:30:00Z,2026-05-20T14:45:00Z,77342.87,no
KXBTC15M-26MAY201100-00,2026-05-20T14:45:00Z,2026-05-20T15:00:00Z,77320.48,yes
KXBTC15M-26MAY201115-15,2026-05-20T15:00:00Z,2026-05-20T15:15:00Z,77398.67,no
KXBTC15M-26MAY201130-30,2026-05-20T15:15:00Z,2026-05-20T15:30:00Z,77251.35,yes
KXBTC15M-26MAY201145-45,2026-05-20T15:30:00Z,2026-05-20T15:45:00Z,77511.81,no
KXBTC15M-26MAY201200-00,2026-05-20T15:45:00Z,2026-05-20T16:00:00Z,77358.54,yes
KXBTC15M-26MAY201215-15,2026-05-20T16:00:00Z,2026-05-20T16:15:00Z,77375.72,yes
KXBTC15M-26MAY201230-30,2026-05-20T16:15:00Z,2026-05-20T16:30:00Z,77430.41,no
KXBTC15M-26MAY201245-45,2026-05-20T16:30:00Z,2026-05-20T16:45:00Z,76990.03,yes
KXBTC15M-26MAY201300-00,2026-05-20T16:45:00Z,2026-05-20T17:00:00Z,77255.7,no
KXBTC15M-26MAY201315-15,2026-05-20T17:00:00Z,2026-05-20T17:15:00Z,77252,yes
KXBTC15M-26MAY201330-30,2026-05-20T17:15:00Z,2026-05-20T17:30:00Z,77333.34,yes
KXBTC15M-26MAY201345-45,2026-05-20T17:30:00Z,2026-05-20T17:45:00Z,77516.61,yes
KXBTC15M-26MAY201400-00,2026-05-20T17:45:00Z,2026-05-20T18:00:00Z,77594.44,no
KXBTC15M-26MAY201415-15,2026-05-20T18:00:00Z,2026-05-20T18:15:00Z,77506.7,no
KXBTC15M-26MAY201430-30,2026-05-20T18:15:00Z,2026-05-20T18:30:00Z,77429.88,yes
KXBTC15M-26MAY201445-45,2026-05-20T18:30:00Z,2026-05-20T18:45:00Z,77447.89,no
KXBTC15M-26MAY201500-00,2026-05-20T18:45:00Z,2026-05-20T19:00:00Z,77436.7,no
KXBTC15M-26MAY201515-15,2026-05-20T19:00:00Z,2026-05-20T19:15:00Z,77338.86,yes
KXBTC15M-26MAY201530-30,2026-05-20T19:15:00Z,2026-05-20T19:30:00Z,77340.76,yes
KXBTC15M-26MAY201545-45,2026-05-20T19:30:00Z,2026-05-20T19:45:00Z,77478.59,yes
KXBTC15M-26MAY201600-00,2026-05-20T19:45:00Z,2026-05-20T20:00:00Z,77563.6,yes
KXBTC15M-26MAY201615-15,2026-05-20T20:00:00Z,2026-05-20T20:15:00Z,77610.95,yes
KXBTC15M-26MAY201630-30,2026-05-20T20:15:00Z,2026-05-20T20:30:00Z,77672.21,no
KXBTC15M-26MAY201645-45,2026-05-20T20:30:00Z,2026-05-20T20:45:00Z,77591,yes
KXBTC15M-26MAY201700-00,2026-05-20T20:45:00Z,2026-05-20T21:00:00Z,77630.73,yes
KXBTC15M-26MAY201715-15,2026-05-20T21:00:00Z,2026-05-20T21:15:00Z,77660.77,yes
KXBTC15M-26MAY201730-30,2026-05-20T21:15:00Z,2026-05-20T21:30:00Z,77683.11,no
KXBTC15M-26MAY201745-45,2026-05-20T21:30:00Z,2026-05-20T21:45:00Z,77553.88,no
KXBTC15M-26MAY201800-00,2026-05-20T21:45:00Z,2026-05-20T22:00:00Z,77553.44,no
KXBTC15M-26MAY201815-15,2026-05-20T22:00:00Z,2026-05-20T22:15:00Z,77441.75,no
KXBTC15M-26MAY201830-30,2026-05-20T22:15:00Z,2026-05-20T22:30:00Z,77299.44,yes
KXBTC15M-26MAY201845-45,2026-05-20T22:30:00Z,2026-05-20T22:45:00Z,77359.58,yes
KXBTC15M-26MAY201900-00,2026-05-20T22:45:00Z,2026-05-20T23:00:00Z,77368.33,yes
KXBTC15M-26MAY201915-15,2026-05-20T23:00:00Z,2026-05-20T23:15:00Z,77425.33,no
KXBTC15M-26MAY201930-30,2026-05-20T23:15:00Z,2026-05-20T23:30:00Z,77372.55,no
KXBTC15M-26MAY201945-45,2026-05-20T23:30:00Z,2026-05-20T23:45:00Z,77342.51,yes
KXBTC15M-26MAY202000-00,2026-05-20T23:45:00Z,2026-05-21T00:00:00Z,77410.89,yes
KXBTC15M-26MAY202015-15,2026-05-21T00:00:00Z,2026-05-21T00:15:00Z,77474.49,yes
KXBTC15M-26MAY202030-30,2026-05-21T00:15:00Z,2026-05-21T00:30:00Z,77608.47,yes
KXBTC15M-26MAY202045-45,2026-05-21T00:30:00Z,2026-05-21T00:45:00Z,77649.93,yes
KXBTC15M-26MAY202100-00,2026-05-21T00:45:00Z,2026-05-21T01:00:00Z,77666.1,yes
KXBTC15M-26MAY202115-15,2026-05-21T01:00:00Z,2026-05-21T01:15:00Z,77894.48,yes
KXBTC15M-26MAY202130-30,2026-05-21T01:15:00Z,2026-05-21T01:30:00Z,78013.01,no
KXBTC15M-26MAY202145-45,2026-05-21T01:30:00Z,2026-05-21T01:45:00Z,77800.8,yes
KXBTC15M-26MAY202200-00,2026-05-21T01:45:00Z,2026-05-21T02:00:00Z,77824.22,no
KXBTC15M-26MAY202215-15,2026-05-21T02:00:00Z,2026-05-21T02:15:00Z,77798.52,yes
KXBTC15M-26MAY202230-30,2026-05-21T02:15:00Z,2026-05-21T02:30:00Z,77800.85,yes
KXBTC15M-26MAY202245-45,2026-05-21T02:30:00Z,2026-05-21T02:45:00Z,77968.08,no
KXBTC15M-26MAY202300-00,2026-05-21T02:45:00Z,2026-05-21T03:00:00Z,77924.63,no
KXBTC15M-26MAY202315-15,2026-05-21T03:00:00Z,2026-05-21T03:15:00Z,77899.73,no
KXBTC15M-26MAY202330-30,2026-05-21T03:15:00Z,2026-05-21T03:30:00Z,77885.74,yes
KXBTC15M-26MAY202345-45,2026-05-21T03:30:00Z,2026-05-21T03:45:00Z,77962.42,no
KXBTC15M-26MAY210000-00,2026-05-21T03:45:00Z,2026-05-21T04:00:00Z,77945.73,yes
KXBTC15M-26MAY210015-15,2026-05-21T04:00:00Z,2026-05-21T04:15:00Z,78007.65,no
KXBTC15M-26MAY210030-30,2026-05-21T04:15:00Z,2026-05-21T04:30:00Z,77910.82,yes
KXBTC15M-26MAY210045-45,2026-05-21T04:30:00Z,2026-05-21T04:45:00Z,77950.74,no
KXBTC15M-26MAY210100-00,2026-05-21T04:45:00Z,2026-05-21T05:00:00Z,77917.8,yes
KXBTC15M-26MAY210115-15,2026-05-21T05:00:00Z,2026-05-21T05:15:00Z,77971.28,no
KXBTC15M-26MAY210130-30,2026-05-21T05:15:00Z,2026-05-21T05:30:00Z,77836.45,no
KXBTC15M-26MAY210145-45,2026-05-21T05:30:00Z,2026-05-21T05:45:00Z,77806.58,no
KXBTC15M-26MAY210200-00,2026-05-21T05:45:00Z,2026-05-21T06:00:00Z,77787.79,no
KXBTC15M-26MAY210515-15,2026-05-21T09:00:00Z,2026-05-21T09:15:00Z,77858.67,yes
KXBTC15M-26MAY210530-30,2026-05-21T09:15:00Z,2026-05-21T09:30:00Z,77865.51,no
KXBTC15M-26MAY210545-45,2026-05-21T09:30:00Z,2026-05-21T09:45:00Z,77860.27,no
KXBTC15M-26MAY210600-00,2026-05-21T09:45:00Z,2026-05-21T10:00:00Z,77620.06,no
KXBTC15M-26MAY210615-15,2026-05-21T10:00:00Z,2026-05-21T10:15:00Z,77571.32,no
KXBTC15M-26MAY210630-30,2026-05-21T10:15:00Z,2026-05-21T10:30:00Z,77561.91,no
KXBTC15M-26MAY210645-45,2026-05-21T10:30:00Z,2026-05-21T10:45:00Z,77303.17,no
KXBTC15M-26MAY210700-00,2026-05-21T10:45:00Z,2026-05-21T11:00:00Z,77292.38,no
KXBTC15M-26MAY210715-15,2026-05-21T11:00:00Z,2026-05-21T11:15:00Z,77139.29,yes
KXBTC15M-26MAY210730-30,2026-05-21T11:15:00Z,2026-05-21T11:30:00Z,77241.19,yes
KXBTC15M-26MAY210745-45,2026-05-21T11:30:00Z,2026-05-21T11:45:00Z,77246.14,no
KXBTC15M-26MAY210800-00,2026-05-21T11:45:00Z,2026-05-21T12:00:00Z,77179.09,no
KXBTC15M-26MAY210815-15,2026-05-21T12:00:00Z,2026-05-21T12:15:00Z,77117.89,no
KXBTC15M-26MAY210830-30,2026-05-21T12:15:00Z,2026-05-21T12:30:00Z,77105.65,no
KXBTC15M-26MAY210845-45,2026-05-21T12:30:00Z,2026-05-21T12:45:00Z,77035.96,yes
KXBTC15M-26MAY210900-00,2026-05-21T12:45:00Z,2026-05-21T13:00:00Z,77169.14,yes
KXBTC15M-26MAY210915-15,2026-05-21T13:00:00Z,2026-05-21T13:15:00Z,77212.08,no
KXBTC15M-26MAY210930-30,2026-05-21T13:15:00Z,2026-05-21T13:30:00Z,77193.94,yes
KXBTC15M-26MAY210945-45,2026-05-21T13:30:00Z,2026-05-21T13:45:00Z,77197.39,no
KXBTC15M-26MAY211000-00,2026-05-21T13:45:00Z,2026-05-21T14:00:00Z,76681.23,yes
KXBTC15M-26MAY211015-15,2026-05-21T14:00:00Z,2026-05-21T14:15:00Z,77023.48,no
KXBTC15M-26MAY211030-30,2026-05-21T14:15:00Z,2026-05-21T14:30:00Z,76983.84,no
KXBTC15M-26MAY211045-45,2026-05-21T14:30:00Z,2026-05-21T14:45:00Z,76964.47,no
KXBTC15M-26MAY211100-00,2026-05-21T14:45:00Z,2026-05-21T15:00:00Z,76888.07,yes
KXBTC15M-26MAY211115-15,2026-05-21T15:00:00Z,2026-05-21T15:15:00Z,76927.54,yes
KXBTC15M-26MAY211130-30,2026-05-21T15:15:00Z,2026-05-21T15:30:00Z,77084.09,yes
KXBTC15M-26MAY211145-45,2026-05-21T15:30:00Z,2026-05-21T15:45:00Z,77206.81,no
KXBTC15M-26MAY211200-00,2026-05-21T15:45:00Z,2026-05-21T16:00:00Z,77141.73,yes
KXBTC15M-26MAY211215-15,2026-05-21T16:00:00Z,2026-05-21T16:15:00Z,77182.73,yes
KXBTC15M-26MAY211230-30,2026-05-21T16:15:00Z,2026-05-21T16:30:00Z,77190.33,no
KXBTC15M-26MAY211245-45,2026-05-21T16:30:00Z,2026-05-21T16:45:00Z,77109.74,no
KXBTC15M-26MAY211300-00,2026-05-21T16:45:00Z,2026-05-21T17:00:00Z,76971.68,yes
KXBTC15M-26MAY211315-15,2026-05-21T17:00:00Z,2026-05-21T17:15:00Z,77111.38,yes
KXBTC15M-26MAY211330-30,2026-05-21T17:15:00Z,2026-05-21T17:30:00Z,77401.02,yes
KXBTC15M-26MAY211345-45,2026-05-21T17:30:00Z,2026-05-21T17:45:00Z,77911.64,no
KXBTC15M-26MAY211400-00,2026-05-21T17:45:00Z,2026-05-21T18:00:00Z,77824.36,yes
KXBTC15M-26MAY211415-15,2026-05-21T18:00:00Z,2026-05-21T18:15:00Z,77834.19,no
KXBTC15M-26MAY211430-30,2026-05-21T18:15:00Z,2026-05-21T18:30:00Z,77630.83,yes
KXBTC15M-26MAY211445-45,2026-05-21T18:30:00Z,2026-05-21T18:45:00Z,77694.63,yes
KXBTC15M-26MAY211500-00,2026-05-21T18:45:00Z,2026-05-21T19:00:00Z,77697.02,no
KXBTC15M-26MAY211515-15,2026-05-21T19:00:00Z,2026-05-21T19:15:00Z,77291.18,yes
KXBTC15M-26MAY211530-30,2026-05-21T19:15:00Z,2026-05-21T19:30:00Z,77462.45,yes
KXBTC15M-26MAY211545-45,2026-05-21T19:30:00Z,2026-05-21T19:45:00Z,77474.47,yes
KXBTC15M-26MAY211600-00,2026-05-21T19:45:00Z,2026-05-21T20:00:00Z,77552.4,yes
KXBTC15M-26MAY211615-15,2026-05-21T20:00:00Z,2026-05-21T20:15:00Z,77608.43,yes
KXBTC15M-26MAY211630-30,2026-05-21T20:15:00Z,2026-05-21T20:30:00Z,77628.17,no
KXBTC15M-26MAY211645-45,2026-05-21T20:30:00Z,2026-05-21T20:45:00Z,77616.65,yes
KXBTC15M-26MAY211700-00,2026-05-21T20:45:00Z,2026-05-21T21:00:00Z,77620.17,yes
KXBTC15M-26MAY211715-15,2026-05-21T21:00:00Z,2026-05-21T21:15:00Z,77634.12,yes
KXBTC15M-26MAY211730-30,2026-05-21T21:15:00Z,2026-05-21T21:30:00Z,77695.59,yes
KXBTC15M-26MAY211745-45,2026-05-21T21:30:00Z,2026-05-21T21:45:00Z,77720.53,no
KXBTC15M-26MAY211800-00,2026-05-21T21:45:00Z,2026-05-21T22:00:00Z,77655.05,no
KXBTC15M-26MAY211815-15,2026-05-21T22:00:00Z,2026-05-21T22:15:00Z,77595.21,no
KXBTC15M-26MAY211830-30,2026-05-21T22:15:00Z,2026-05-21T22:30:00Z,77589.97,yes
KXBTC15M-26MAY211845-45,2026-05-21T22:30:00Z,2026-05-21T22:45:00Z,77624.61,no
KXBTC15M-26MAY211900-00,2026-05-21T22:45:00Z,2026-05-21T23:00:00Z,77569.56,no
KXBTC15M-26MAY211915-15,2026-05-21T23:00:00Z,2026-05-21T23:15:00Z,77550.02,no
KXBTC15M-26MAY211930-30,2026-05-21T23:15:00Z,2026-05-21T23:30:00Z,77535.15,yes
KXBTC15M-26MAY211945-45,2026-05-21T23:30:00Z,2026-05-21T23:45:00Z,77576.34,yes
KXBTC15M-26MAY212000-00,2026-05-21T23:45:00Z,2026-05-22T00:00:00Z,77635.83,no
KXBTC15M-26MAY212015-15,2026-05-22T00:00:00Z,2026-05-22T00:15:00Z,77545.49,no
KXBTC15M-26MAY212030-30,2026-05-22T00:15:00Z,2026-05-22T00:30:00Z,77382.16,yes
KXBTC15M-26MAY212045-45,2026-05-22T00:30:00Z,2026-05-22T00:45:00Z,77449.32,no
KXBTC15M-26MAY212100-00,2026-05-22T00:45:00Z,2026-05-22T01:00:00Z,77384.55,no
KXBTC15M-26MAY212115-15,2026-05-22T01:00:00Z,2026-05-22T01:15:00Z,77310.55,yes
KXBTC15M-26MAY212130-30,2026-05-22T01:15:00Z,2026-05-22T01:30:00Z,77418.46,no
KXBTC15M-26MAY212145-45,2026-05-22T01:30:00Z,2026-05-22T01:45:00Z,77400.79,yes
KXBTC15M-26MAY212200-00,2026-05-22T01:45:00Z,2026-05-22T02:00:00Z,77444.45,yes
KXBTC15M-26MAY212215-15,2026-05-22T02:00:00Z,2026-05-22T02:15:00Z,77530.47,yes
KXBTC15M-26MAY212230-30,2026-05-22T02:15:00Z,2026-05-22T02:30:00Z,77593.91,no
KXBTC15M-26MAY212245-45,2026-05-22T02:30:00Z,2026-05-22T02:45:00Z,77588.01,no
KXBTC15M-26MAY212300-00,2026-05-22T02:45:00Z,2026-05-22T03:00:00Z,77564.34,yes
KXBTC15M-26MAY212315-15,2026-05-22T03:00:00Z,2026-05-22T03:15:00Z,77597.2,yes
KXBTC15M-26MAY212330-30,2026-05-22T03:15:00Z,2026-05-22T03:30:00Z,77641.33,yes
KXBTC15M-26MAY212345-45,2026-05-22T03:30:00Z,2026-05-22T03:45:00Z,77707.75,yes
KXBTC15M-26MAY220000-00,2026-05-22T03:45:00Z,2026-05-22T04:00:00Z,77716.03,no
KXBTC15M-26MAY220015-15,2026-05-22T04:00:00Z,2026-05-22T04:15:00Z,77696.15,yes
KXBTC15M-26MAY220030-30,2026-05-22T04:15:00Z,2026-05-22T04:30:00Z,77799.97,no
KXBTC15M-26MAY220045-45,2026-05-22T04:30:00Z,2026-05-22T04:45:00Z,77726.88,no
KXBTC15M-26MAY220100-00,2026-05-22T04:45:00Z,2026-05-22T05:00:00Z,77617.05,no
KXBTC15M-26MAY220115-15,2026-05-22T05:00:00Z,2026-05-22T05:15:00Z,77582.84,yes
KXBTC15M-26MAY220130-30,2026-05-22T05:15:00Z,2026-05-22T05:30:00Z,77613.93,no
KXBTC15M-26MAY220145-45,2026-05-22T05:30:00Z,2026-05-22T05:45:00Z,77523.74,no
KXBTC15M-26MAY220200-00,2026-05-22T05:45:00Z,2026-05-22T06:00:00Z,77513.28,no
KXBTC15M-26MAY220215-15,2026-05-22T06:00:00Z,2026-05-22T06:15:00Z,77413.15,no
KXBTC15M-26MAY220230-30,2026-05-22T06:15:00Z,2026-05-22T06:30:00Z,77412.84,no
KXBTC15M-26MAY220245-45,2026-05-22T06:30:00Z,2026-05-22T06:45:00Z,77356.43,no
KXBTC15M-26MAY220300-00,2026-05-22T06:45:00Z,2026-05-22T07:00:00Z,77342.08,no
KXBTC15M-26MAY220315-15,2026-05-22T07:00:00Z,2026-05-22T07:15:00Z,77341.65,no
KXBTC15M-26MAY220330-30,2026-05-22T07:15:00Z,2026-05-22T07:30:00Z,77310.54,yes
KXBTC15M-26MAY220345-45,2026-05-22T07:30:00Z,2026-05-22T07:45:00Z,77428.61,no
KXBTC15M-26MAY220400-00,2026-05-22T07:45:00Z,2026-05-22T08:00:00Z,77397.81,no
KXBTC15M-26MAY220415-15,2026-05-22T08:00:00Z,2026-05-22T08:15:00Z,77320.43,yes
KXBTC15M-26MAY220430-30,2026-05-22T08:15:00Z,2026-05-22T08:30:00Z,77330.54,yes
KXBTC15M-26MAY220445-45,2026-05-22T08:30:00Z,2026-05-22T08:45:00Z,77389.88,no
KXBTC15M-26MAY220500-00,2026-05-22T08:45:00Z,2026-05-22T09:00:00Z,77240.94,no
KXBTC15M-26MAY220515-15,2026-05-22T09:00:00Z,2026-05-22T09:15:00Z,77182.45,no
KXBTC15M-26MAY220530-30,2026-05-22T09:15:00Z,2026-05-22T09:30:00Z,77130.02,yes
KXBTC15M-26MAY220545-45,2026-05-22T09:30:00Z,2026-05-22T09:45:00Z,77190.17,yes
KXBTC15M-26MAY220600-00,2026-05-22T09:45:00Z,2026-05-22T10:00:00Z,77229.12,no
KXBTC15M-26MAY220615-15,2026-05-22T10:00:00Z,2026-05-22T10:15:00Z,77222.27,yes
KXBTC15M-26MAY220630-30,2026-05-22T10:15:00Z,2026-05-22T10:30:00Z,77231.83,yes
KXBTC15M-26MAY220645-45,2026-05-22T10:30:00Z,2026-05-22T10:45:00Z,77256.05,no
KXBTC15M-26MAY220700-00,2026-05-22T10:45:00Z,2026-05-22T11:00:00Z,77247.31,no
KXBTC15M-26MAY220715-15,2026-05-22T11:00:00Z,2026-05-22T11:15:00Z,77229.13,no
KXBTC15M-26MAY220730-30,2026-05-22T11:15:00Z,2026-05-22T11:30:00Z,77217.72,yes
KXBTC15M-26MAY220745-45,2026-05-22T11:30:00Z,2026-05-22T11:45:00Z,77224.02,yes
KXBTC15M-26MAY220800-00,2026-05-22T11:45:00Z,2026-05-22T12:00:00Z,77256.35,yes
KXBTC15M-26MAY220815-15,2026-05-22T12:00:00Z,2026-05-22T12:15:00Z,77330.41,yes
KXBTC15M-26MAY220830-30,2026-05-22T12:15:00Z,2026-05-22T12:30:00Z,77440.03,no
KXBTC15M-26MAY220845-45,2026-05-22T12:30:00Z,2026-05-22T12:45:00Z,77343.49,yes
KXBTC15M-26MAY220900-00,2026-05-22T12:45:00Z,2026-05-22T13:00:00Z,77343.79,yes
KXBTC15M-26MAY220915-15,2026-05-22T13:00:00Z,2026-05-22T13:15:00Z,77410.36,no
KXBTC15M-26MAY220930-30,2026-05-22T13:15:00Z,2026-05-22T13:30:00Z,77405.38,no
KXBTC15M-26MAY220945-45,2026-05-22T13:30:00Z,2026-05-22T13:45:00Z,77240.46,no
KXBTC15M-26MAY221000-00,2026-05-22T13:45:00Z,2026-05-22T14:00:00Z,77090.96,yes
KXBTC15M-26MAY221015-15,2026-05-22T14:00:00Z,2026-05-22T14:15:00Z,77184.47,no
KXBTC15M-26MAY221030-30,2026-05-22T14:15:00Z,2026-05-22T14:30:00Z,76971.75,no
KXBTC15M-26MAY221045-45,2026-05-22T14:30:00Z,2026-05-22T14:45:00Z,76773.94,no
KXBTC15M-26MAY221100-00,2026-05-22T14:45:00Z,2026-05-22T15:00:00Z,76733.7,no
KXBTC15M-26MAY221115-15,2026-05-22T15:00:00Z,2026-05-22T15:15:00Z,76686.13,yes
KXBTC15M-26MAY221130-30,2026-05-22T15:15:00Z,2026-05-22T15:30:00Z,76687.82,yes
KXBTC15M-26MAY221145-45,2026-05-22T15:30:00Z,2026-05-22T15:45:00Z,76786.88,no
KXBTC15M-26MAY221200-00,2026-05-22T15:45:00Z,2026-05-22T16:00:00Z,76611.52,yes
KXBTC15M-26MAY221215-15,2026-05-22T16:00:00Z,2026-05-22T16:15:00Z,76705.77,yes
KXBTC15M-26MAY221230-30,2026-05-22T16:15:00Z,2026-05-22T16:30:00Z,76786.22,yes
KXBTC15M-26MAY221245-45,2026-05-22T16:30:00Z,2026-05-22T16:45:00Z,76844.56,no
KXBTC15M-26MAY221300-00,2026-05-22T16:45:00Z,2026-05-22T17:00:00Z,76814.9,yes
KXBTC15M-26MAY221315-15,2026-05-22T17:00:00Z,2026-05-22T17:15:00Z,76870.1,yes
KXBTC15M-26MAY221330-30,2026-05-22T17:15:00Z,2026-05-22T17:30:00Z,76879.44,yes
KXBTC15M-26MAY221345-45,2026-05-22T17:30:00Z,2026-05-22T17:45:00Z,76914.91,no
KXBTC15M-26MAY221400-00,2026-05-22T17:45:00Z,2026-05-22T18:00:00Z,76913.6,no
KXBTC15M-26MAY221415-15,2026-05-22T18:00:00Z,2026-05-22T18:15:00Z,76672.13,yes
KXBTC15M-26MAY221430-30,2026-05-22T18:15:00Z,2026-05-22T18:30:00Z,76720.04,yes
KXBTC15M-26MAY221445-45,2026-05-22T18:30:00Z,2026-05-22T18:45:00Z,76725.08,no
KXBTC15M-26MAY221500-00,2026-05-22T18:45:00Z,2026-05-22T19:00:00Z,76508.13,no
KXBTC15M-26MAY221515-15,2026-05-22T19:00:00Z,2026-05-22T19:15:00Z,76440.05,no
KXBTC15M-26MAY221530-30,2026-05-22T19:15:00Z,2026-05-22T19:30:00Z,76143.17,yes
KXBTC15M-26MAY221545-45,2026-05-22T19:30:00Z,2026-05-22T19:45:00Z,76153.46,no
KXBTC15M-26MAY221600-00,2026-05-22T19:45:00Z,2026-05-22T20:00:00Z,75718.76,yes
KXBTC15M-26MAY221615-15,2026-05-22T20:00:00Z,2026-05-22T20:15:00Z,75757.37,yes
KXBTC15M-26MAY221630-30,2026-05-22T20:15:00Z,2026-05-22T20:30:00Z,75862.21,yes
KXBTC15M-26MAY221645-45,2026-05-22T20:30:00Z,2026-05-22T20:45:00Z,75890.05,no
KXBTC15M-26MAY221700-00,2026-05-22T20:45:00Z,2026-05-22T21:00:00Z,75857.3,yes
KXBTC15M-26MAY221715-15,2026-05-22T21:00:00Z,2026-05-22T21:15:00Z,75901.77,yes
KXBTC15M-26MAY221730-30,2026-05-22T21:15:00Z,2026-05-22T21:30:00Z,75918.42,yes
KXBTC15M-26MAY221745-45,2026-05-22T21:30:00Z,2026-05-22T21:45:00Z,75938.33,no
KXBTC15M-26MAY221800-00,2026-05-22T21:45:00Z,2026-05-22T22:00:00Z,75891.78,no
KXBTC15M-26MAY221815-15,2026-05-22T22:00:00Z,2026-05-22T22:15:00Z,75891.56,no
KXBTC15M-26MAY221830-30,2026-05-22T22:15:00Z,2026-05-22T22:30:00Z,75818.51,no
KXBTC15M-26MAY221845-45,2026-05-22T22:30:00Z,2026-05-22T22:45:00Z,75698.54,no
KXBTC15M-26MAY221900-00,2026-05-22T22:45:00Z,2026-05-22T23:00:00Z,75547.34,yes
KXBTC15M-26MAY221915-15,2026-05-22T23:00:00Z,2026-05-22T23:15:00Z,75650.22,yes
KXBTC15M-26MAY221930-30,2026-05-22T23:15:00Z,2026-05-22T23:30:00Z,75758.54,no
KXBTC15M-26MAY221945-45,2026-05-22T23:30:00Z,2026-05-22T23:45:00Z,75644.1,yes
KXBTC15M-26MAY222000-00,2026-05-22T23:45:00Z,2026-05-23T00:00:00Z,75716.83,no
KXBTC15M-26MAY222015-15,2026-05-23T00:00:00Z,2026-05-23T00:15:00Z,75459.69,no
KXBTC15M-26MAY222030-30,2026-05-23T00:15:00Z,2026-05-23T00:30:00Z,75357.19,yes
KXBTC15M-26MAY222045-45,2026-05-23T00:30:00Z,2026-05-23T00:45:00Z,75383.69,no
KXBTC15M-26MAY222100-00,2026-05-23T00:45:00Z,2026-05-23T01:00:00Z,75220.07,yes
KXBTC15M-26MAY222115-15,2026-05-23T01:00:00Z,2026-05-23T01:15:00Z,75305.2,yes
KXBTC15M-26MAY222130-30,2026-05-23T01:15:00Z,2026-05-23T01:30:00Z,75325.84,yes
KXBTC15M-26MAY222145-45,2026-05-23T01:30:00Z,2026-05-23T01:45:00Z,75375.9,no
KXBTC15M-26MAY222200-00,2026-05-23T01:45:00Z,2026-05-23T02:00:00Z,75350.99,yes
KXBTC15M-26MAY222215-15,2026-05-23T02:00:00Z,2026-05-23T02:15:00Z,75403.38,yes
KXBTC15M-26MAY222230-30,2026-05-23T02:15:00Z,2026-05-23T02:30:00Z,75438.76,no
KXBTC15M-26MAY222245-45,2026-05-23T02:30:00Z,2026-05-23T02:45:00Z,75397.17,yes
KXBTC15M-26MAY222300-00,2026-05-23T02:45:00Z,2026-05-23T03:00:00Z,75427.81,yes
KXBTC15M-26MAY222315-15,2026-05-23T03:00:00Z,2026-05-23T03:15:00Z,75484.5,yes
KXBTC15M-26MAY222330-30,2026-05-23T03:15:00Z,2026-05-23T03:30:00Z,75527.29,no
KXBTC15M-26MAY222345-45,2026-05-23T03:30:00Z,2026-05-23T03:45:00Z,75524.7,yes
KXBTC15M-26MAY230000-00,2026-05-23T03:45:00Z,2026-05-23T04:00:00Z,75569.5,no
KXBTC15M-26MAY230015-15,2026-05-23T04:00:00Z,2026-05-23T04:15:00Z,75548.09,yes
KXBTC15M-26MAY230030-30,2026-05-23T04:15:00Z,2026-05-23T04:30:00Z,75551.96,no
KXBTC15M-26MAY230045-45,2026-05-23T04:30:00Z,2026-05-23T04:45:00Z,75482.62,no
KXBTC15M-26MAY230100-00,2026-05-23T04:45:00Z,2026-05-23T05:00:00Z,75431.64,yes
KXBTC15M-26MAY230115-15,2026-05-23T05:00:00Z,2026-05-23T05:15:00Z,75447.98,no
KXBTC15M-26MAY230130-30,2026-05-23T05:15:00Z,2026-05-23T05:30:00Z,75439,no
KXBTC15M-26MAY230145-45,2026-05-23T05:30:00Z,2026-05-23T05:45:00Z,75421.58,yes
KXBTC15M-26MAY230200-00,2026-05-23T05:45:00Z,2026-05-23T06:00:00Z,75427.97,no
KXBTC15M-26MAY230215-15,2026-05-23T06:00:00Z,2026-05-23T06:15:00Z,75400.52,no
KXBTC15M-26MAY230230-30,2026-05-23T06:15:00Z,2026-05-23T06:30:00Z,75390.03,no
KXBTC15M-26MAY230245-45,2026-05-23T06:30:00Z,2026-05-23T06:45:00Z,75376.03,no
KXBTC15M-26MAY230300-00,2026-05-23T06:45:00Z,2026-05-23T07:00:00Z,75363.26,no
KXBTC15M-26MAY230315-15,2026-05-23T07:00:00Z,2026-05-23T07:15:00Z,75313.17,no
KXBTC15M-26MAY230330-30,2026-05-23T07:15:00Z,2026-05-23T07:30:00Z,75280.72,no
KXBTC15M-26MAY230345-45,2026-05-23T07:30:00Z,2026-05-23T07:45:00Z,75194.4,yes
KXBTC15M-26MAY230400-00,2026-05-23T07:45:00Z,2026-05-23T08:00:00Z,75207.95,no
KXBTC15M-26MAY230415-15,2026-05-23T08:00:00Z,2026-05-23T08:15:00Z,74509.81,yes
KXBTC15M-26MAY230430-30,2026-05-23T08:15:00Z,2026-05-23T08:30:00Z,74570.05,no
KXBTC15M-26MAY230445-45,2026-05-23T08:30:00Z,2026-05-23T08:45:00Z,74537.02,no
KXBTC15M-26MAY230500-00,2026-05-23T08:45:00Z,2026-05-23T09:00:00Z,74366.35,yes
KXBTC15M-26MAY230515-15,2026-05-23T09:00:00Z,2026-05-23T09:15:00Z,74597.34,no
KXBTC15M-26MAY230530-30,2026-05-23T09:15:00Z,2026-05-23T09:30:00Z,74580.02,yes
KXBTC15M-26MAY230545-45,2026-05-23T09:30:00Z,2026-05-23T09:45:00Z,74612.4,yes
KXBTC15M-26MAY230600-00,2026-05-23T09:45:00Z,2026-05-23T10:00:00Z,74664.69,no
KXBTC15M-26MAY230615-15,2026-05-23T10:00:00Z,2026-05-23T10:15:00Z,74582.48,yes
KXBTC15M-26MAY230630-30,2026-05-23T10:15:00Z,2026-05-23T10:30:00Z,74655.38,yes
KXBTC15M-26MAY230645-45,2026-05-23T10:30:00Z,2026-05-23T10:45:00Z,74655.45,yes
KXBTC15M-26MAY230700-00,2026-05-23T10:45:00Z,2026-05-23T11:00:00Z,74689.24,no
KXBTC15M-26MAY230715-15,2026-05-23T11:00:00Z,2026-05-23T11:15:00Z,74640.81,yes
KXBTC15M-26MAY230730-30,2026-05-23T11:15:00Z,2026-05-23T11:30:00Z,74724.87,yes
KXBTC15M-26MAY230745-45,2026-05-23T11:30:00Z,2026-05-23T11:45:00Z,74775.33,no
KXBTC15M-26MAY230800-00,2026-05-23T11:45:00Z,2026-05-23T12:00:00Z,74728.44,yes
KXBTC15M-26MAY230815-15,2026-05-23T12:00:00Z,2026-05-23T12:15:00Z,74731.77,no
KXBTC15M-26MAY230830-30,2026-05-23T12:15:00Z,2026-05-23T12:30:00Z,74625.87,yes
KXBTC15M-26MAY230845-45,2026-05-23T12:30:00Z,2026-05-23T12:45:00Z,74662.37,no
KXBTC15M-26MAY230900-00,2026-05-23T12:45:00Z,2026-05-23T13:00:00Z,74657.08,yes
KXBTC15M-26MAY230915-15,2026-05-23T13:00:00Z,2026-05-23T13:15:00Z,74660.01,yes
KXBTC15M-26MAY230930-30,2026-05-23T13:15:00Z,2026-05-23T13:30:00Z,74856.03,yes
KXBTC15M-26MAY230945-45,2026-05-23T13:30:00Z,2026-05-23T13:45:00Z,74910.47,no
KXBTC15M-26MAY231000-00,2026-05-23T13:45:00Z,2026-05-23T14:00:00Z,74859.72,yes
KXBTC15M-26MAY231015-15,2026-05-23T14:00:00Z,2026-05-23T14:15:00Z,75133.39,yes
KXBTC15M-26MAY231030-30,2026-05-23T14:15:00Z,2026-05-23T14:30:00Z,75153.6,yes
KXBTC15M-26MAY231045-45,2026-05-23T14:30:00Z,2026-05-23T14:45:00Z,75220.34,yes
KXBTC15M-26MAY231100-00,2026-05-23T14:45:00Z,2026-05-23T15:00:00Z,75383.6,yes
KXBTC15M-26MAY231115-15,2026-05-23T15:00:00Z,2026-05-23T15:15:00Z,75459.4,yes
KXBTC15M-26MAY231130-30,2026-05-23T15:15:00Z,2026-05-23T15:30:00Z,75560.15,no
KXBTC15M-26MAY231145-45,2026-05-23T15:30:00Z,2026-05-23T15:45:00Z,75455.06,no
KXBTC15M-26MAY231200-00,2026-05-23T15:45:00Z,2026-05-23T16:00:00Z,75407.94,yes
KXBTC15M-26MAY231215-15,2026-05-23T16:00:00Z,2026-05-23T16:15:00Z,75435.11,yes
KXBTC15M-26MAY231230-30,2026-05-23T16:15:00Z,2026-05-23T16:30:00Z,75454.59,no
KXBTC15M-26MAY231245-45,2026-05-23T16:30:00Z,2026-05-23T16:45:00Z,75386.89,yes
KXBTC15M-26MAY231300-00,2026-05-23T16:45:00Z,2026-05-23T17:00:00Z,75425.52,no
KXBTC15M-26MAY231315-15,2026-05-23T17:00:00Z,2026-05-23T17:15:00Z,75364.55,yes
KXBTC15M-26MAY231330-30,2026-05-23T17:15:00Z,2026-05-23T17:30:00Z,75371.27,yes
KXBTC15M-26MAY231345-45,2026-05-23T17:30:00Z,2026-05-23T17:45:00Z,75381.78,no
KXBTC15M-26MAY231400-00,2026-05-23T17:45:00Z,2026-05-23T18:00:00Z,75339.36,yes
KXBTC15M-26MAY231415-15,2026-05-23T18:00:00Z,2026-05-23T18:15:00Z,75402.18,yes
KXBTC15M-26MAY231430-30,2026-05-23T18:15:00Z,2026-05-23T18:30:00Z,75626.08,yes
KXBTC15M-26MAY231445-45,2026-05-23T18:30:00Z,2026-05-23T18:45:00Z,75755.42,yes
KXBTC15M-26MAY231500-00,2026-05-23T18:45:00Z,2026-05-23T19:00:00Z,75826.43,no
KXBTC15M-26MAY231515-15,2026-05-23T19:00:00Z,2026-05-23T19:15:00Z,75767.28,no
KXBTC15M-26MAY231530-30,2026-05-23T19:15:00Z,2026-05-23T19:30:00Z,75742.19,yes
KXBTC15M-26MAY231545-45,2026-05-23T19:30:00Z,2026-05-23T19:45:00Z,75872.51,no
KXBTC15M-26MAY231600-00,2026-05-23T19:45:00Z,2026-05-23T20:00:00Z,75834.42,yes
KXBTC15M-26MAY231615-15,2026-05-23T20:00:00Z,2026-05-23T20:15:00Z,75898.74,yes
KXBTC15M-26MAY231630-30,2026-05-23T20:15:00Z,2026-05-23T20:30:00Z,75997.57,no
KXBTC15M-26MAY231645-45,2026-05-23T20:30:00Z,2026-05-23T20:45:00Z,75930.42,yes
KXBTC15M-26MAY231700-00,2026-05-23T20:45:00Z,2026-05-23T21:00:00Z,76743.11,yes
KXBTC15M-26MAY231715-15,2026-05-23T21:00:00Z,2026-05-23T21:15:00Z,77156.98,no
KXBTC15M-26MAY231730-30,2026-05-23T21:15:00Z,2026-05-23T21:30:00Z,76896.99,no
KXBTC15M-26MAY231745-45,2026-05-23T21:30:00Z,2026-05-23T21:45:00Z,76752.63,no
KXBTC15M-26MAY231800-00,2026-05-23T21:45:00Z,2026-05-23T22:00:00Z,76587.99,yes
KXBTC15M-26MAY231815-15,2026-05-23T22:00:00Z,2026-05-23T22:15:00Z,76695.14,no
KXBTC15M-26MAY231830-30,2026-05-23T22:15:00Z,2026-05-23T22:30:00Z,76585.58,no
KXBTC15M-26MAY231845-45,2026-05-23T22:30:00Z,2026-05-23T22:45:00Z,76474.73,no
KXBTC15M-26MAY231900-00,2026-05-23T22:45:00Z,2026-05-23T23:00:00Z,76447.49,yes
KXBTC15M-26MAY231915-15,2026-05-23T23:00:00Z,2026-05-23T23:15:00Z,76488.43,yes
KXBTC15M-26MAY231930-30,2026-05-23T23:15:00Z,2026-05-23T23:30:00Z,76589.45,no
KXBTC15M-26MAY231945-45,2026-05-23T23:30:00Z,2026-05-23T23:45:00Z,76541.3,yes
KXBTC15M-26MAY232000-00,2026-05-23T23:45:00Z,2026-05-24T00:00:00Z,76625.08,yes
KXBTC15M-26MAY232015-15,2026-05-24T00:00:00Z,2026-05-24T00:15:00Z,76663.89,no
KXBTC15M-26MAY232030-30,2026-05-24T00:15:00Z,2026-05-24T00:30:00Z,76601.89,no
KXBTC15M-26MAY232045-45,2026-05-24T00:30:00Z,2026-05-24T00:45:00Z,76599.13,yes
KXBTC15M-26MAY232100-00,2026-05-24T00:45:00Z,2026-05-24T01:00:00Z,76665.87,yes
KXBTC15M-26MAY232115-15,2026-05-24T01:00:00Z,2026-05-24T01:15:00Z,76748.66,no
KXBTC15M-26MAY232130-30,2026-05-24T01:15:00Z,2026-05-24T01:30:00Z,76702.37,yes
KXBTC15M-26MAY232145-45,2026-05-24T01:30:00Z,2026-05-24T01:45:00Z,76812.14,no
KXBTC15M-26MAY232200-00,2026-05-24T01:45:00Z,2026-05-24T02:00:00Z,76739.35,yes
KXBTC15M-26MAY232215-15,2026-05-24T02:00:00Z,2026-05-24T02:15:00Z,76800.5,yes
KXBTC15M-26MAY232230-30,2026-05-24T02:15:00Z,2026-05-24T02:30:00Z,76823.4,no
KXBTC15M-26MAY232245-45,2026-05-24T02:30:00Z,2026-05-24T02:45:00Z,76656.38,yes
KXBTC15M-26MAY232300-00,2026-05-24T02:45:00Z,2026-05-24T03:00:00Z,76732.83,yes
KXBTC15M-26MAY232315-15,2026-05-24T03:00:00Z,2026-05-24T03:15:00Z,76744.4,yes
KXBTC15M-26MAY232330-30,2026-05-24T03:15:00Z,2026-05-24T03:30:00Z,76834.58,no
KXBTC15M-26MAY232345-45,2026-05-24T03:30:00Z,2026-05-24T03:45:00Z,76818.17,no
KXBTC15M-26MAY240000-00,2026-05-24T03:45:00Z,2026-05-24T04:00:00Z,76665,yes
KXBTC15M-26MAY240015-15,2026-05-24T04:00:00Z,2026-05-24T04:15:00Z,76703.31,yes
KXBTC15M-26MAY240030-30,2026-05-24T04:15:00Z,2026-05-24T04:30:00Z,76744.39,no
KXBTC15M-26MAY240045-45,2026-05-24T04:30:00Z,2026-05-24T04:45:00Z,76670.76,yes
KXBTC15M-26MAY240100-00,2026-05-24T04:45:00Z,2026-05-24T05:00:00Z,76684.02,yes
KXBTC15M-26MAY240115-15,2026-05-24T05:00:00Z,2026-05-24T05:15:00Z,76699.61,no
KXBTC15M-26MAY240130-30,2026-05-24T05:15:00Z,2026-05-24T05:30:00Z,76654.9,no
KXBTC15M-26MAY240145-45,2026-05-24T05:30:00Z,2026-05-24T05:45:00Z,76615.56,no
KXBTC15M-26MAY240200-00,2026-05-24T05:45:00Z,2026-05-24T06:00:00Z,76565.53,yes
KXBTC15M-26MAY240215-15,2026-05-24T06:00:00Z,2026-05-24T06:15:00Z,76732.05,yes
KXBTC15M-26MAY240230-30,2026-05-24T06:15:00Z,2026-05-24T06:30:00Z,76732.63,no
KXBTC15M-26MAY240245-45,2026-05-24T06:30:00Z,2026-05-24T06:45:00Z,76647.52,yes
KXBTC15M-26MAY240300-00,2026-05-24T06:45:00Z,2026-05-24T07:00:00Z,76713.62,yes
KXBTC15M-26MAY240315-15,2026-05-24T07:00:00Z,2026-05-24T07:15:00Z,76899.38,no
KXBTC15M-26MAY240330-30,2026-05-24T07:15:00Z,2026-05-24T07:30:00Z,76815.12,no
KXBTC15M-26MAY240345-45,2026-05-24T07:30:00Z,2026-05-24T07:45:00Z,76808.82,no
KXBTC15M-26MAY240400-00,2026-05-24T07:45:00Z,2026-05-24T08:00:00Z,76780.79,no
KXBTC15M-26MAY240415-15,2026-05-24T08:00:00Z,2026-05-24T08:15:00Z,76711.05,no
KXBTC15M-26MAY240430-30,2026-05-24T08:15:00Z,2026-05-24T08:30:00Z,76656.8,yes
KXBTC15M-26MAY240445-45,2026-05-24T08:30:00Z,2026-05-24T08:45:00Z,76737.45,no
KXBTC15M-26MAY240500-00,2026-05-24T08:45:00Z,2026-05-24T09:00:00Z,76724.21,yes
KXBTC15M-26MAY240515-15,2026-05-24T09:00:00Z,2026-05-24T09:15:00Z,76744.63,yes
KXBTC15M-26MAY240530-30,2026-05-24T09:15:00Z,2026-05-24T09:30:00Z,76816.19,yes
KXBTC15M-26MAY240545-45,2026-05-24T09:30:00Z,2026-05-24T09:45:00Z,76838.58,yes
KXBTC15M-26MAY240600-00,2026-05-24T09:45:00Z,2026-05-24T10:00:00Z,76901.99,yes
KXBTC15M-26MAY240615-15,2026-05-24T10:00:00Z,2026-05-24T10:15:00Z,76937.89,no
KXBTC15M-26MAY240630-30,2026-05-24T10:15:00Z,2026-05-24T10:30:00Z,76856.24,yes
KXBTC15M-26MAY240645-45,2026-05-24T10:30:00Z,2026-05-24T10:45:00Z,77135.67,no
KXBTC15M-26MAY240700-00,2026-05-24T10:45:00Z,2026-05-24T11:00:00Z,77110.83,no
KXBTC15M-26MAY240715-15,2026-05-24T11:00:00Z,2026-05-24T11:15:00Z,77104.8,yes
KXBTC15M-26MAY240730-30,2026-05-24T11:15:00Z,2026-05-24T11:30:00Z,77205.59,no
KXBTC15M-26MAY240745-45,2026-05-24T11:30:00Z,2026-05-24T11:45:00Z,77183.84,no
KXBTC15M-26MAY240800-00,2026-05-24T11:45:00Z,2026-05-24T12:00:00Z,77153.82,yes
KXBTC15M-26MAY240815-15,2026-05-24T12:00:00Z,2026-05-24T12:15:00Z,77209.81,no
KXBTC15M-26MAY240830-30,2026-05-24T12:15:00Z,2026-05-24T12:30:00Z,77105.26,no
KXBTC15M-26MAY240845-45,2026-05-24T12:30:00Z,2026-05-24T12:45:00Z,76996.02,yes
KXBTC15M-26MAY240900-00,2026-05-24T12:45:00Z,2026-05-24T13:00:00Z,77034.61,no
KXBTC15M-26MAY240915-15,2026-05-24T13:00:00Z,2026-05-24T13:15:00Z,77032.36,no
KXBTC15M-26MAY240930-30,2026-05-24T13:15:00Z,2026-05-24T13:30:00Z,76960.87,no
KXBTC15M-26MAY240945-45,2026-05-24T13:30:00Z,2026-05-24T13:45:00Z,76886.08,yes
KXBTC15M-26MAY241000-00,2026-05-24T13:45:00Z,2026-05-24T14:00:00Z,76893.42,no
KXBTC15M-26MAY241015-15,2026-05-24T14:00:00Z,2026-05-24T14:15:00Z,76674.2,no
KXBTC15M-26MAY241030-30,2026-05-24T14:15:00Z,2026-05-24T14:30:00Z,76391.66,no
KXBTC15M-26MAY241045-45,2026-05-24T14:30:00Z,2026-05-24T14:45:00Z,76348.66,yes
KXBTC15M-26MAY241100-00,2026-05-24T14:45:00Z,2026-05-24T15:00:00Z,76385.96,no
KXBTC15M-26MAY241115-15,2026-05-24T15:00:00Z,2026-05-24T15:15:00Z,76377.82,yes
KXBTC15M-26MAY241130-30,2026-05-24T15:15:00Z,2026-05-24T15:30:00Z,76415.2,no
KXBTC15M-26MAY241145-45,2026-05-24T15:30:00Z,2026-05-24T15:45:00Z,76361.53,yes
KXBTC15M-26MAY241200-00,2026-05-24T15:45:00Z,2026-05-24T16:00:00Z,76365.25,no
KXBTC15M-26MAY241215-15,2026-05-24T16:00:00Z,2026-05-24T16:15:00Z,76286.97,yes
KXBTC15M-26MAY241230-30,2026-05-24T16:15:00Z,2026-05-24T16:30:00Z,76512.14,no
KXBTC15M-26MAY241245-45,2026-05-24T16:30:00Z,2026-05-24T16:45:00Z,76512.12,no
KXBTC15M-26MAY241300-00,2026-05-24T16:45:00Z,2026-05-24T17:00:00Z,76423.45,yes
KXBTC15M-26MAY241315-15,2026-05-24T17:00:00Z,2026-05-24T17:15:00Z,76588.98,no
KXBTC15M-26MAY241330-30,2026-05-24T17:15:00Z,2026-05-24T17:30:00Z,76545.4,no
KXBTC15M-26MAY241345-45,2026-05-24T17:30:00Z,2026-05-24T17:45:00Z,76533.25,yes
KXBTC15M-26MAY241400-00,2026-05-24T17:45:00Z,2026-05-24T18:00:00Z,76611.77,no
KXBTC15M-26MAY241415-15,2026-05-24T18:00:00Z,2026-05-24T18:15:00Z,76609.89,yes
KXBTC15M-26MAY241430-30,2026-05-24T18:15:00Z,2026-05-24T18:30:00Z,76649.14,no
KXBTC15M-26MAY241445-45,2026-05-24T18:30:00Z,2026-05-24T18:45:00Z,76602.93,no
KXBTC15M-26MAY241500-00,2026-05-24T18:45:00Z,2026-05-24T19:00:00Z,76557.86,yes
KXBTC15M-26MAY241515-15,2026-05-24T19:00:00Z,2026-05-24T19:15:00Z,76583.86,no
KXBTC15M-26MAY241530-30,2026-05-24T19:15:00Z,2026-05-24T19:30:00Z,76561.33,yes
KXBTC15M-26MAY241545-45,2026-05-24T19:30:00Z,2026-05-24T19:45:00Z,76568.47,yes
KXBTC15M-26MAY241600-00,2026-05-24T19:45:00Z,2026-05-24T20:00:00Z,76621.95,yes
KXBTC15M-26MAY241615-15,2026-05-24T20:00:00Z,2026-05-24T20:15:00Z,76669.11,no
KXBTC15M-26MAY241630-30,2026-05-24T20:15:00Z,2026-05-24T20:30:00Z,76605.97,no
KXBTC15M-26MAY241645-45,2026-05-24T20:30:00Z,2026-05-24T20:45:00Z,76580.99,yes
KXBTC15M-26MAY241700-00,2026-05-24T20:45:00Z,2026-05-24T21:00:00Z,76611.83,no
KXBTC15M-26MAY241715-15,2026-05-24T21:00:00Z,2026-05-24T21:15:00Z,76548.36,yes
KXBTC15M-26MAY241730-30,2026-05-24T21:15:00Z,2026-05-24T21:30:00Z,76606.69,no
KXBTC15M-26MAY241745-45,2026-05-24T21:30:00Z,2026-05-24T21:45:00Z,76474.53,no
KXBTC15M-26MAY241800-00,2026-05-24T21:45:00Z,2026-05-24T22:00:00Z,76071.58,no
KXBTC15M-26MAY241815-15,2026-05-24T22:00:00Z,2026-05-24T22:15:00Z,76048.64,yes
KXBTC15M-26MAY241830-30,2026-05-24T22:15:00Z,2026-05-24T22:30:00Z,76895.14,no
KXBTC15M-26MAY241845-45,2026-05-24T22:30:00Z,2026-05-24T22:45:00Z,76794.28,no
KXBTC15M-26MAY241900-00,2026-05-24T22:45:00Z,2026-05-24T23:00:00Z,76685.4,yes
KXBTC15M-26MAY241915-15,2026-05-24T23:00:00Z,2026-05-24T23:15:00Z,76719.8,yes
KXBTC15M-26MAY241930-30,2026-05-24T23:15:00Z,2026-05-24T23:30:00Z,76868.72,no
KXBTC15M-26MAY241945-45,2026-05-24T23:30:00Z,2026-05-24T23:45:00Z,76785.29,yes
KXBTC15M-26MAY242000-00,2026-05-24T23:45:00Z,2026-05-25T00:00:00Z,77116.79,no
KXBTC15M-26MAY242015-15,2026-05-25T00:00:00Z,2026-05-25T00:15:00Z,76990.07,yes
KXBTC15M-26MAY242030-30,2026-05-25T00:15:00Z,2026-05-25T00:30:00Z,77105.49,yes
KXBTC15M-26MAY242045-45,2026-05-25T00:30:00Z,2026-05-25T00:45:00Z,77124.37,no
KXBTC15M-26MAY242100-00,2026-05-25T00:45:00Z,2026-05-25T01:00:00Z,77046.16,yes
KXBTC15M-26MAY242115-15,2026-05-25T01:00:00Z,2026-05-25T01:15:00Z,77052.16,yes
KXBTC15M-26MAY242130-30,2026-05-25T01:15:00Z,2026-05-25T01:30:00Z,77069.06,yes
KXBTC15M-26MAY242145-45,2026-05-25T01:30:00Z,2026-05-25T01:45:00Z,77082.5,no
KXBTC15M-26MAY242200-00,2026-05-25T01:45:00Z,2026-05-25T02:00:00Z,77077.96,no
KXBTC15M-26MAY242215-15,2026-05-25T02:00:00Z,2026-05-25T02:15:00Z,76849.62,yes
KXBTC15M-26MAY242230-30,2026-05-25T02:15:00Z,2026-05-25T02:30:00Z,77308.28,no
KXBTC15M-26MAY242245-45,2026-05-25T02:30:00Z,2026-05-25T02:45:00Z,77026.19,yes
KXBTC15M-26MAY242300-00,2026-05-25T02:45:00Z,2026-05-25T03:00:00Z,77063.78,no
KXBTC15M-26MAY242315-15,2026-05-25T03:00:00Z,2026-05-25T03:15:00Z,77022.77,no
KXBTC15M-26MAY242330-30,2026-05-25T03:15:00Z,2026-05-25T03:30:00Z,77000.53,no
KXBTC15M-26MAY242345-45,2026-05-25T03:30:00Z,2026-05-25T03:45:00Z,76999.38,no
KXBTC15M-26MAY250000-00,2026-05-25T03:45:00Z,2026-05-25T04:00:00Z,76996.85,no
KXBTC15M-26MAY250015-15,2026-05-25T04:00:00Z,2026-05-25T04:15:00Z,76947.6,yes
KXBTC15M-26MAY250030-30,2026-05-25T04:15:00Z,2026-05-25T04:30:00Z,76950.43,yes
KXBTC15M-26MAY250045-45,2026-05-25T04:30:00Z,2026-05-25T04:45:00Z,77074.09,yes
KXBTC15M-26MAY250100-00,2026-05-25T04:45:00Z,2026-05-25T05:00:00Z,77152.27,yes
KXBTC15M-26MAY250115-15,2026-05-25T05:00:00Z,2026-05-25T05:15:00Z,77304.91,yes
KXBTC15M-26MAY250130-30,2026-05-25T05:15:00Z,2026-05-25T05:30:00Z,77320.83,no
KXBTC15M-26MAY250145-45,2026-05-25T05:30:00Z,2026-05-25T05:45:00Z,77316.88,yes
KXBTC15M-26MAY250200-00,2026-05-25T05:45:00Z,2026-05-25T06:00:00Z,77377.07,no
KXBTC15M-26MAY250215-15,2026-05-25T06:00:00Z,2026-05-25T06:15:00Z,77317.48,no
KXBTC15M-26MAY250230-30,2026-05-25T06:15:00Z,2026-05-25T06:30:00Z,77283.8,no
KXBTC15M-26MAY250245-45,2026-05-25T06:30:00Z,2026-05-25T06:45:00Z,77187.68,yes
KXBTC15M-26MAY250300-00,2026-05-25T06:45:00Z,2026-05-25T07:00:00Z,77328.95,yes
KXBTC15M-26MAY250315-15,2026-05-25T07:00:00Z,2026-05-25T07:15:00Z,77334.82,no
KXBTC15M-26MAY250330-30,2026-05-25T07:15:00Z,2026-05-25T07:30:00Z,77235.25,no
KXBTC15M-26MAY250345-45,2026-05-25T07:30:00Z,2026-05-25T07:45:00Z,77136.13,yes
KXBTC15M-26MAY250400-00,2026-05-25T07:45:00Z,2026-05-25T08:00:00Z,77241.86,yes
KXBTC15M-26MAY250415-15,2026-05-25T08:00:00Z,2026-05-25T08:15:00Z,77308.53,no
KXBTC15M-26MAY250430-30,2026-05-25T08:15:00Z,2026-05-25T08:30:00Z,77224.5,yes
KXBTC15M-26MAY250445-45,2026-05-25T08:30:00Z,2026-05-25T08:45:00Z,77238.21,yes
KXBTC15M-26MAY250500-00,2026-05-25T08:45:00Z,2026-05-25T09:00:00Z,77269.56,yes
KXBTC15M-26MAY250515-15,2026-05-25T09:00:00Z,2026-05-25T09:15:00Z,77362.28,yes
KXBTC15M-26MAY250530-30,2026-05-25T09:15:00Z,2026-05-25T09:30:00Z,77388.32,yes
KXBTC15M-26MAY250545-45,2026-05-25T09:30:00Z,2026-05-25T09:45:00Z,77447.5,yes
KXBTC15M-26MAY250600-00,2026-05-25T09:45:00Z,2026-05-25T10:00:00Z,77510.64,yes
KXBTC15M-26MAY250615-15,2026-05-25T10:00:00Z,2026-05-25T10:15:00Z,77538.63,yes
KXBTC15M-26MAY250630-30,2026-05-25T10:15:00Z,2026-05-25T10:30:00Z,77556.34,no
KXBTC15M-26MAY250645-45,2026-05-25T10:30:00Z,2026-05-25T10:45:00Z,77466.54,no
KXBTC15M-26MAY250700-00,2026-05-25T10:45:00Z,2026-05-25T11:00:00Z,77452.72,yes
KXBTC15M-26MAY250715-15,2026-05-25T11:00:00Z,2026-05-25T11:15:00Z,77475.39,no
KXBTC15M-26MAY250730-30,2026-05-25T11:15:00Z,2026-05-25T11:30:00Z,77378.57,no
KXBTC15M-26MAY250745-45,2026-05-25T11:30:00Z,2026-05-25T11:45:00Z,77349.5,yes
KXBTC15M-26MAY250800-00,2026-05-25T11:45:00Z,2026-05-25T12:00:00Z,77403.86,no
KXBTC15M-26MAY250815-15,2026-05-25T12:00:00Z,2026-05-25T12:15:00Z,77287.38,yes
KXBTC15M-26MAY250830-30,2026-05-25T12:15:00Z,2026-05-25T12:30:00Z,77296.42,yes
KXBTC15M-26MAY250845-45,2026-05-25T12:30:00Z,2026-05-25T12:45:00Z,77322.93,no
KXBTC15M-26MAY250900-00,2026-05-25T12:45:00Z,2026-05-25T13:00:00Z,77291.14,yes
KXBTC15M-26MAY250915-15,2026-05-25T13:00:00Z,2026-05-25T13:15:00Z,77308.35,no
KXBTC15M-26MAY250930-30,2026-05-25T13:15:00Z,2026-05-25T13:30:00Z,77258.87,yes
KXBTC15M-26MAY250945-45,2026-05-25T13:30:00Z,2026-05-25T13:45:00Z,77262.94,no
KXBTC15M-26MAY251000-00,2026-05-25T13:45:00Z,2026-05-25T14:00:00Z,77243.66,yes
KXBTC15M-26MAY251015-15,2026-05-25T14:00:00Z,2026-05-25T14:15:00Z,77265.37,yes
KXBTC15M-26MAY251030-30,2026-05-25T14:15:00Z,2026-05-25T14:30:00Z,77404.26,yes
KXBTC15M-26MAY251045-45,2026-05-25T14:30:00Z,2026-05-25T14:45:00Z,77529.21,no
KXBTC15M-26MAY251100-00,2026-05-25T14:45:00Z,2026-05-25T15:00:00Z,77499.25,yes
KXBTC15M-26MAY251115-15,2026-05-25T15:00:00Z,2026-05-25T15:15:00Z,77641.43,yes
KXBTC15M-26MAY251130-30,2026-05-25T15:15:00Z,2026-05-25T15:30:00Z,77667.71,no
KXBTC15M-26MAY251145-45,2026-05-25T15:30:00Z,2026-05-25T15:45:00Z,77555.82,yes
KXBTC15M-26MAY251200-00,2026-05-25T15:45:00Z,2026-05-25T16:00:00Z,77591.2,no
KXBTC15M-26MAY251215-15,2026-05-25T16:00:00Z,2026-05-25T16:15:00Z,77567.02,no
KXBTC15M-26MAY251230-30,2026-05-25T16:15:00Z,2026-05-25T16:30:00Z,77459.51,yes
KXBTC15M-26MAY251245-45,2026-05-25T16:30:00Z,2026-05-25T16:45:00Z,77515.37,yes
KXBTC15M-26MAY251300-00,2026-05-25T16:45:00Z,2026-05-25T17:00:00Z,77617.97,yes
KXBTC15M-26MAY251315-15,2026-05-25T17:00:00Z,2026-05-25T17:15:00Z,77676.88,no
KXBTC15M-26MAY251330-30,2026-05-25T17:15:00Z,2026-05-25T17:30:00Z,77631.61,no
KXBTC15M-26MAY251345-45,2026-05-25T17:30:00Z,2026-05-25T17:45:00Z,77583.12,no
KXBTC15M-26MAY251400-00,2026-05-25T17:45:00Z,2026-05-25T18:00:00Z,77526.48,no
KXBTC15M-26MAY251415-15,2026-05-25T18:00:00Z,2026-05-25T18:15:00Z,77512.08,yes
KXBTC15M-26MAY251430-30,2026-05-25T18:15:00Z,2026-05-25T18:30:00Z,77579.56,no
KXBTC15M-26MAY251445-45,2026-05-25T18:30:00Z,2026-05-25T18:45:00Z,77569.58,no
KXBTC15M-26MAY251500-00,2026-05-25T18:45:00Z,2026-05-25T19:00:00Z,77545.74,no
KXBTC15M-26MAY251515-15,2026-05-25T19:00:00Z,2026-05-25T19:15:00Z,77489.51,no
KXBTC15M-26MAY251530-30,2026-05-25T19:15:00Z,2026-05-25T19:30:00Z,77436.07,yes
KXBTC15M-26MAY251545-45,2026-05-25T19:30:00Z,2026-05-25T19:45:00Z,77445.2,no
KXBTC15M-26MAY251600-00,2026-05-25T19:45:00Z,2026-05-25T20:00:00Z,77350.31,yes
KXBTC15M-26MAY251615-15,2026-05-25T20:00:00Z,2026-05-25T20:15:00Z,77384.12,yes
KXBTC15M-26MAY251630-30,2026-05-25T20:15:00Z,2026-05-25T20:30:00Z,77393.56,no
KXBTC15M-26MAY251645-45,2026-05-25T20:30:00Z,2026-05-25T20:45:00Z,77379.21,no
KXBTC15M-26MAY251700-00,2026-05-25T20:45:00Z,2026-05-25T21:00:00Z,77205.5,yes
KXBTC15M-26MAY251715-15,2026-05-25T21:00:00Z,2026-05-25T21:15:00Z,77214.44,yes
KXBTC15M-26MAY251730-30,2026-05-25T21:15:00Z,2026-05-25T21:30:00Z,77297.8,no
KXBTC15M-26MAY251745-45,2026-05-25T21:30:00Z,2026-05-25T21:45:00Z,77285.9,no
KXBTC15M-26MAY251800-00,2026-05-25T21:45:00Z,2026-05-25T22:00:00Z,77236.46,yes
KXBTC15M-26MAY251815-15,2026-05-25T22:00:00Z,2026-05-25T22:15:00Z,77303.69,yes
KXBTC15M-26MAY251830-30,2026-05-25T22:15:00Z,2026-05-25T22:30:00Z,77344.25,no
KXBTC15M-26MAY251845-45,2026-05-25T22:30:00Z,2026-05-25T22:45:00Z,77218.56,no
KXBTC15M-26MAY251900-00,2026-05-25T22:45:00Z,2026-05-25T23:00:00Z,77109.96,no
KXBTC15M-26MAY251915-15,2026-05-25T23:00:00Z,2026-05-25T23:15:00Z,77066.94,yes
KXBTC15M-26MAY251930-30,2026-05-25T23:15:00Z,2026-05-25T23:30:00Z,77206.87,yes
KXBTC15M-26MAY251945-45,2026-05-25T23:30:00Z,2026-05-25T23:45:00Z,77207.58,yes
KXBTC15M-26MAY252000-00,2026-05-25T23:45:00Z,2026-05-26T00:00:00Z,77267.81,no
KXBTC15M-26MAY252015-15,2026-05-26T00:00:00Z,2026-05-26T00:15:00Z,77267.7,no
KXBTC15M-26MAY252030-30,2026-05-26T00:15:00Z,2026-05-26T00:30:00Z,77164.3,no
KXBTC15M-26MAY252045-45,2026-05-26T00:30:00Z,2026-05-26T00:45:00Z,77080.03,no
KXBTC15M-26MAY252100-00,2026-05-26T00:45:00Z,2026-05-26T01:00:00Z,76781.28,no
KXBTC15M-26MAY252115-15,2026-05-26T01:00:00Z,2026-05-26T01:15:00Z,76741.2,yes
KXBTC15M-26MAY252130-30,2026-05-26T01:15:00Z,2026-05-26T01:30:00Z,76760.29,no
KXBTC15M-26MAY252145-45,2026-05-26T01:30:00Z,2026-05-26T01:45:00Z,76730.48,no
KXBTC15M-26MAY252200-00,2026-05-26T01:45:00Z,2026-05-26T02:00:00Z,76569.86,yes
KXBTC15M-26MAY252215-15,2026-05-26T02:00:00Z,2026-05-26T02:15:00Z,76691.84,yes
KXBTC15M-26MAY252230-30,2026-05-26T02:15:00Z,2026-05-26T02:30:00Z,76729.93,no
KXBTC15M-26MAY252245-45,2026-05-26T02:30:00Z,2026-05-26T02:45:00Z,76606.72,no
KXBTC15M-26MAY252300-00,2026-05-26T02:45:00Z,2026-05-26T03:00:00Z,76529.41,yes
KXBTC15M-26MAY252315-15,2026-05-26T03:00:00Z,2026-05-26T03:15:00Z,76562.94,no
KXBTC15M-26MAY252330-30,2026-05-26T03:15:00Z,2026-05-26T03:30:00Z,76496.87,no
KXBTC15M-26MAY252345-45,2026-05-26T03:30:00Z,2026-05-26T03:45:00Z,76464.41,yes
KXBTC15M-26MAY260000-00,2026-05-26T03:45:00Z,2026-05-26T04:00:00Z,76578.68,yes
KXBTC15M-26MAY260015-15,2026-05-26T04:00:00Z,2026-05-26T04:15:00Z,76587.53,no
KXBTC15M-26MAY260030-30,2026-05-26T04:15:00Z,2026-05-26T04:30:00Z,76585.7,yes
KXBTC15M-26MAY260045-45,2026-05-26T04:30:00Z,2026-05-26T04:45:00Z,76655.27,yes
KXBTC15M-26MAY260100-00,2026-05-26T04:45:00Z,2026-05-26T05:00:00Z,76688.28,no
KXBTC15M-26MAY260115-15,2026-05-26T05:00:00Z,2026-05-26T05:15:00Z,76676.3,yes
KXBTC15M-26MAY260130-30,2026-05-26T05:15:00Z,2026-05-26T05:30:00Z,76742.21,yes
KXBTC15M-26MAY260145-45,2026-05-26T05:30:00Z,2026-05-26T05:45:00Z,76793.78,yes
KXBTC15M-26MAY260200-00,2026-05-26T05:45:00Z,2026-05-26T06:00:00Z,76836.34,no
KXBTC15M-26MAY260215-15,2026-05-26T06:00:00Z,2026-05-26T06:15:00Z,76826.22,no
KXBTC15M-26MAY260230-30,2026-05-26T06:15:00Z,2026-05-26T06:30:00Z,76795.59,no
KXBTC15M-26MAY260245-45,2026-05-26T06:30:00Z,2026-05-26T06:45:00Z,76753.72,yes
KXBTC15M-26MAY260300-00,2026-05-26T06:45:00Z,2026-05-26T07:00:00Z,76901.21,no
KXBTC15M-26MAY260315-15,2026-05-26T07:00:00Z,2026-05-26T07:15:00Z,76826.18,no
KXBTC15M-26MAY260330-30,2026-05-26T07:15:00Z,2026-05-26T07:30:00Z,76603.42,yes
KXBTC15M-26MAY260345-45,2026-05-26T07:30:00Z,2026-05-26T07:45:00Z,76610.87,no
KXBTC15M-26MAY260400-00,2026-05-26T07:45:00Z,2026-05-26T08:00:00Z,76566.08,yes
KXBTC15M-26MAY260415-15,2026-05-26T08:00:00Z,2026-05-26T08:15:00Z,76639.65,yes
KXBTC15M-26MAY260430-30,2026-05-26T08:15:00Z,2026-05-26T08:30:00Z,76703.81,yes
KXBTC15M-26MAY260445-45,2026-05-26T08:30:00Z,2026-05-26T08:45:00Z,76721.38,yes
KXBTC15M-26MAY260500-00,2026-05-26T08:45:00Z,2026-05-26T09:00:00Z,76748.99,no
KXBTC15M-26MAY260515-15,2026-05-26T09:00:00Z,2026-05-26T09:15:00Z,76652.45,no
KXBTC15M-26MAY260530-30,2026-05-26T09:15:00Z,2026-05-26T09:30:00Z,76607.28,yes
KXBTC15M-26MAY260545-45,2026-05-26T09:30:00Z,2026-05-26T09:45:00Z,76656.23,no
KXBTC15M-26MAY260600-00,2026-05-26T09:45:00Z,2026-05-26T10:00:00Z,76613.38,no
KXBTC15M-26MAY260615-15,2026-05-26T10:00:00Z,2026-05-26T10:15:00Z,76594.72,yes
KXBTC15M-26MAY260630-30,2026-05-26T10:15:00Z,2026-05-26T10:30:00Z,76628.15,yes
KXBTC15M-26MAY260645-45,2026-05-26T10:30:00Z,2026-05-26T10:45:00Z,77127.69,yes
KXBTC15M-26MAY260700-00,2026-05-26T10:45:00Z,2026-05-26T11:00:00Z,77413.54,no
KXBTC15M-26MAY260715-15,2026-05-26T11:00:00Z,2026-05-26T11:15:00Z,77362.39,no
KXBTC15M-26MAY260730-30,2026-05-26T11:15:00Z,2026-05-26T11:30:00Z,77197.17,no
KXBTC15M-26MAY260745-45,2026-05-26T11:30:00Z,2026-05-26T11:45:00Z,77167.27,no
KXBTC15M-26MAY260800-00,2026-05-26T11:45:00Z,2026-05-26T12:00:00Z,77152.45,no
KXBTC15M-26MAY260815-15,2026-05-26T12:00:00Z,2026-05-26T12:15:00Z,77119.48,no
KXBTC15M-26MAY260830-30,2026-05-26T12:15:00Z,2026-05-26T12:30:00Z,76978.26,no
KXBTC15M-26MAY260845-45,2026-05-26T12:30:00Z,2026-05-26T12:45:00Z,76920.21,yes
KXBTC15M-26MAY260900-00,2026-05-26T12:45:00Z,2026-05-26T13:00:00Z,77012.01,yes
KXBTC15M-26MAY260915-15,2026-05-26T13:00:00Z,2026-05-26T13:15:00Z,77046.16,no
KXBTC15M-26MAY260930-30,2026-05-26T13:15:00Z,2026-05-26T13:30:00Z,77006.64,no
KXBTC15M-26MAY260945-45,2026-05-26T13:30:00Z,2026-05-26T13:45:00Z,76727.58,yes
KXBTC15M-26MAY261000-00,2026-05-26T13:45:00Z,2026-05-26T14:00:00Z,76813.11,yes
KXBTC15M-26MAY261015-15,2026-05-26T14:00:00Z,2026-05-26T14:15:00Z,77123.96,yes
KXBTC15M-26MAY261030-30,2026-05-26T14:15:00Z,2026-05-26T14:30:00Z,77281.79,yes
KXBTC15M-26MAY261045-45,2026-05-26T14:30:00Z,2026-05-26T14:45:00Z,77889.37,no
KXBTC15M-26MAY261100-00,2026-05-26T14:45:00Z,2026-05-26T15:00:00Z,76751.38,yes
KXBTC15M-26MAY261115-15,2026-05-26T15:00:00Z,2026-05-26T15:15:00Z,76834.79,yes
KXBTC15M-26MAY261130-30,2026-05-26T15:15:00Z,2026-05-26T15:30:00Z,76848.64,no
KXBTC15M-26MAY261145-45,2026-05-26T15:30:00Z,2026-05-26T15:45:00Z,76576.51,no
KXBTC15M-26MAY261200-00,2026-05-26T15:45:00Z,2026-05-26T16:00:00Z,76460.16,no
KXBTC15M-26MAY261215-15,2026-05-26T16:00:00Z,2026-05-26T16:15:00Z,76422.5,no
KXBTC15M-26MAY261230-30,2026-05-26T16:15:00Z,2026-05-26T16:30:00Z,76245.13,yes
KXBTC15M-26MAY261245-45,2026-05-26T16:30:00Z,2026-05-26T16:45:00Z,76430.28,yes
KXBTC15M-26MAY261300-00,2026-05-26T16:45:00Z,2026-05-26T17:00:00Z,76446.64,no
KXBTC15M-26MAY261315-15,2026-05-26T17:00:00Z,2026-05-26T17:15:00Z,76439.26,no
KXBTC15M-26MAY261330-30,2026-05-26T17:15:00Z,2026-05-26T17:30:00Z,76411.59,no
KXBTC15M-26MAY261345-45,2026-05-26T17:30:00Z,2026-05-26T17:45:00Z,75982.76,no
KXBTC15M-26MAY261400-00,2026-05-26T17:45:00Z,2026-05-26T18:00:00Z,75913.02,no
KXBTC15M-26MAY261415-15,2026-05-26T18:00:00Z,2026-05-26T18:15:00Z,75846.35,yes
KXBTC15M-26MAY261430-30,2026-05-26T18:15:00Z,2026-05-26T18:30:00Z,75898.24,yes
KXBTC15M-26MAY261445-45,2026-05-26T18:30:00Z,2026-05-26T18:45:00Z,75974.21,no
KXBTC15M-26MAY261500-00,2026-05-26T18:45:00Z,2026-05-26T19:00:00Z,75798.08,no
KXBTC15M-26MAY261515-15,2026-05-26T19:00:00Z,2026-05-26T19:15:00Z,75709.85,yes
KXBTC15M-26MAY261530-30,2026-05-26T19:15:00Z,2026-05-26T19:30:00Z,75717.49,yes
KXBTC15M-26MAY261545-45,2026-05-26T19:30:00Z,2026-05-26T19:45:00Z,75797.59,yes
KXBTC15M-26MAY261600-00,2026-05-26T19:45:00Z,2026-05-26T20:00:00Z,75907.98,yes
KXBTC15M-26MAY261615-15,2026-05-26T20:00:00Z,2026-05-26T20:15:00Z,75916.29,yes
KXBTC15M-26MAY261630-30,2026-05-26T20:15:00Z,2026-05-26T20:30:00Z,76005.98,yes
KXBTC15M-26MAY261645-45,2026-05-26T20:30:00Z,2026-05-26T20:45:00Z,76058.94,no
KXBTC15M-26MAY261700-00,2026-05-26T20:45:00Z,2026-05-26T21:00:00Z,75978.23,yes
KXBTC15M-26MAY261715-15,2026-05-26T21:00:00Z,2026-05-26T21:15:00Z,76006.78,no
KXBTC15M-26MAY261730-30,2026-05-26T21:15:00Z,2026-05-26T21:30:00Z,75792.8,yes
KXBTC15M-26MAY261745-45,2026-05-26T21:30:00Z,2026-05-26T21:45:00Z,75952.29,no
KXBTC15M-26MAY261800-00,2026-05-26T21:45:00Z,2026-05-26T22:00:00Z,75911.17,no
KXBTC15M-26MAY261815-15,2026-05-26T22:00:00Z,2026-05-26T22:15:00Z,75790.57,no
KXBTC15M-26MAY261830-30,2026-05-26T22:15:00Z,2026-05-26T22:30:00Z,75721.05,no
KXBTC15M-26MAY261845-45,2026-05-26T22:30:00Z,2026-05-26T22:45:00Z,75689.26,yes
KXBTC15M-26MAY261900-00,2026-05-26T22:45:00Z,2026-05-26T23:00:00Z,75700.44,no
KXBTC15M-26MAY261915-15,2026-05-26T23:00:00Z,2026-05-26T23:15:00Z,75633.62,yes
KXBTC15M-26MAY261930-30,2026-05-26T23:15:00Z,2026-05-26T23:30:00Z,75803.49,no
KXBTC15M-26MAY261945-45,2026-05-26T23:30:00Z,2026-05-26T23:45:00Z,75797.95,yes
KXBTC15M-26MAY262000-00,2026-05-26T23:45:00Z,2026-05-27T00:00:00Z,75848.93,no
KXBTC15M-26MAY262015-15,2026-05-27T00:00:00Z,2026-05-27T00:15:00Z,75825.5,yes
KXBTC15M-26MAY262030-30,2026-05-27T00:15:00Z,2026-05-27T00:30:00Z,75876.18,no
KXBTC15M-26MAY262045-45,2026-05-27T00:30:00Z,2026-05-27T00:45:00Z,75825.28,yes
KXBTC15M-26MAY262100-00,2026-05-27T00:45:00Z,2026-05-27T01:00:00Z,75871.36,yes
KXBTC15M-26MAY262115-15,2026-05-27T01:00:00Z,2026-05-27T01:15:00Z,75977.46,no
KXBTC15M-26MAY262130-30,2026-05-27T01:15:00Z,2026-05-27T01:30:00Z,75967.73,no
KXBTC15M-26MAY262145-45,2026-05-27T01:30:00Z,2026-05-27T01:45:00Z,75773.37,yes
KXBTC15M-26MAY262200-00,2026-05-27T01:45:00Z,2026-05-27T02:00:00Z,75799.6,no
KXBTC15M-26MAY262215-15,2026-05-27T02:00:00Z,2026-05-27T02:15:00Z,75765.93,no
KXBTC15M-26MAY262230-30,2026-05-27T02:15:00Z,2026-05-27T02:30:00Z,75707.97,no
KXBTC15M-26MAY262245-45,2026-05-27T02:30:00Z,2026-05-27T02:45:00Z,75665.48,no
KXBTC15M-26MAY262300-00,2026-05-27T02:45:00Z,2026-05-27T03:00:00Z,75617.69,yes
KXBTC15M-26MAY262315-15,2026-05-27T03:00:00Z,2026-05-27T03:15:00Z,75712.07,yes
KXBTC15M-26MAY262330-30,2026-05-27T03:15:00Z,2026-05-27T03:30:00Z,75776.74,no
KXBTC15M-26MAY262345-45,2026-05-27T03:30:00Z,2026-05-27T03:45:00Z,75726.96,no
KXBTC15M-26MAY270000-00,2026-05-27T03:45:00Z,2026-05-27T04:00:00Z,75653.41,no
KXBTC15M-26MAY270015-15,2026-05-27T04:00:00Z,2026-05-27T04:15:00Z,75549.4,no
KXBTC15M-26MAY270030-30,2026-05-27T04:15:00Z,2026-05-27T04:30:00Z,75526.15,no
KXBTC15M-26MAY270045-45,2026-05-27T04:30:00Z,2026-05-27T04:45:00Z,75394.93,no
KXBTC15M-26MAY270100-00,2026-05-27T04:45:00Z,2026-05-27T05:00:00Z,75220.61,yes
KXBTC15M-26MAY270115-15,2026-05-27T05:00:00Z,2026-05-27T05:15:00Z,75476.72,yes
KXBTC15M-26MAY270130-30,2026-05-27T05:15:00Z,2026-05-27T05:30:00Z,75504.99,yes
KXBTC15M-26MAY270145-45,2026-05-27T05:30:00Z,2026-05-27T05:45:00Z,75566.34,no
KXBTC15M-26MAY270200-00,2026-05-27T05:45:00Z,2026-05-27T06:00:00Z,75518.13,yes
KXBTC15M-26MAY270215-15,2026-05-27T06:00:00Z,2026-05-27T06:15:00Z,75615.66,yes
KXBTC15M-26MAY270230-30,2026-05-27T06:15:00Z,2026-05-27T06:30:00Z,75631.93,no
KXBTC15M-26MAY270245-45,2026-05-27T06:30:00Z,2026-05-27T06:45:00Z,75629.41,yes
KXBTC15M-26MAY270300-00,2026-05-27T06:45:00Z,2026-05-27T07:00:00Z,75698.77,yes
KXBTC15M-26MAY270315-15,2026-05-27T07:00:00Z,2026-05-27T07:15:00Z,75726.3,no
KXBTC15M-26MAY270330-30,2026-05-27T07:15:00Z,2026-05-27T07:30:00Z,75681.55,yes
KXBTC15M-26MAY270345-45,2026-05-27T07:30:00Z,2026-05-27T07:45:00Z,75752.19,yes
KXBTC15M-26MAY270400-00,2026-05-27T07:45:00Z,2026-05-27T08:00:00Z,75774.66,yes
KXBTC15M-26MAY270415-15,2026-05-27T08:00:00Z,2026-05-27T08:15:00Z,75863.11,no
KXBTC15M-26MAY270430-30,2026-05-27T08:15:00Z,2026-05-27T08:30:00Z,75810.86,yes
KXBTC15M-26MAY270445-45,2026-05-27T08:30:00Z,2026-05-27T08:45:00Z,75957.31,no
KXBTC15M-26MAY270500-00,2026-05-27T08:45:00Z,2026-05-27T09:00:00Z,75858.86,no
KXBTC15M-26MAY270515-15,2026-05-27T09:00:00Z,2026-05-27T09:15:00Z,75765.09,no
KXBTC15M-26MAY270530-30,2026-05-27T09:15:00Z,2026-05-27T09:30:00Z,75649.57,yes
KXBTC15M-26MAY270545-45,2026-05-27T09:30:00Z,2026-05-27T09:45:00Z,75705.19,yes
KXBTC15M-26MAY270600-00,2026-05-27T09:45:00Z,2026-05-27T10:00:00Z,75823.54,no
KXBTC15M-26MAY270615-15,2026-05-27T10:00:00Z,2026-05-27T10:15:00Z,75805.3,yes
KXBTC15M-26MAY270630-30,2026-05-27T10:15:00Z,2026-05-27T10:30:00Z,75817.84,yes
KXBTC15M-26MAY270645-45,2026-05-27T10:30:00Z,2026-05-27T10:45:00Z,75894.63,no
KXBTC15M-26MAY270700-00,2026-05-27T10:45:00Z,2026-05-27T11:00:00Z,75793.91,yes
KXBTC15M-26MAY270715-15,2026-05-27T11:00:00Z,2026-05-27T11:15:00Z,75816.74,yes
KXBTC15M-26MAY270730-30,2026-05-27T11:15:00Z,2026-05-27T11:30:00Z,75854.38,no
KXBTC15M-26MAY270745-45,2026-05-27T11:30:00Z,2026-05-27T11:45:00Z,75832.27,no
KXBTC15M-26MAY270800-00,2026-05-27T11:45:00Z,2026-05-27T12:00:00Z,75712.93,no
KXBTC15M-26MAY270815-15,2026-05-27T12:00:00Z,2026-05-27T12:15:00Z,75642.91,no
KXBTC15M-26MAY270830-30,2026-05-27T12:15:00Z,2026-05-27T12:30:00Z,75510.21,yes
KXBTC15M-26MAY270845-45,2026-05-27T12:30:00Z,2026-05-27T12:45:00Z,75824.31,no
KXBTC15M-26MAY270900-00,2026-05-27T12:45:00Z,2026-05-27T13:00:00Z,75804.04,no
KXBTC15M-26MAY270915-15,2026-05-27T13:00:00Z,2026-05-27T13:15:00Z,75581.89,no
KXBTC15M-26MAY270930-30,2026-05-27T13:15:00Z,2026-05-27T13:30:00Z,75303.62,no
KXBTC15M-26MAY270945-45,2026-05-27T13:30:00Z,2026-05-27T13:45:00Z,75076.72,no
KXBTC15M-26MAY271000-00,2026-05-27T13:45:00Z,2026-05-27T14:00:00Z,74785.74,yes
KXBTC15M-26MAY271015-15,2026-05-27T14:00:00Z,2026-05-27T14:15:00Z,74922.44,no
KXBTC15M-26MAY271030-30,2026-05-27T14:15:00Z,2026-05-27T14:30:00Z,74887.94,no
KXBTC15M-26MAY271045-45,2026-05-27T14:30:00Z,2026-05-27T14:45:00Z,74716.98,yes
KXBTC15M-26MAY271100-00,2026-05-27T14:45:00Z,2026-05-27T15:00:00Z,74936.19,no
KXBTC15M-26MAY271115-15,2026-05-27T15:00:00Z,2026-05-27T15:15:00Z,74932.34,yes
KXBTC15M-26MAY271130-30,2026-05-27T15:15:00Z,2026-05-27T15:30:00Z,75017.04,yes
KXBTC15M-26MAY271145-45,2026-05-27T15:30:00Z,2026-05-27T15:45:00Z,75226.21,no
KXBTC15M-26MAY271200-00,2026-05-27T15:45:00Z,2026-05-27T16:00:00Z,75099.25,yes
KXBTC15M-26MAY271215-15,2026-05-27T16:00:00Z,2026-05-27T16:15:00Z,75206.23,no
KXBTC15M-26MAY271230-30,2026-05-27T16:15:00Z,2026-05-27T16:30:00Z,75155.65,no
KXBTC15M-26MAY271245-45,2026-05-27T16:30:00Z,2026-05-27T16:45:00Z,74972.45,yes
KXBTC15M-26MAY271300-00,2026-05-27T16:45:00Z,2026-05-27T17:00:00Z,75026.7,yes
KXBTC15M-26MAY271315-15,2026-05-27T17:00:00Z,2026-05-27T17:15:00Z,75179.09,no
KXBTC15M-26MAY271330-30,2026-05-27T17:15:00Z,2026-05-27T17:30:00Z,74845.13,yes
KXBTC15M-26MAY271345-45,2026-05-27T17:30:00Z,2026-05-27T17:45:00Z,74875.67,no
KXBTC15M-26MAY271400-00,2026-05-27T17:45:00Z,2026-05-27T18:00:00Z,74786.7,no
KXBTC15M-26MAY271415-15,2026-05-27T18:00:00Z,2026-05-27T18:15:00Z,74737.07,no
KXBTC15M-26MAY271430-30,2026-05-27T18:15:00Z,2026-05-27T18:30:00Z,74585.76,yes
KXBTC15M-26MAY271445-45,2026-05-27T18:30:00Z,2026-05-27T18:45:00Z,74764.5,yes
KXBTC15M-26MAY271500-00,2026-05-27T18:45:00Z,2026-05-27T19:00:00Z,74842.42,yes
KXBTC15M-26MAY271515-15,2026-05-27T19:00:00Z,2026-05-27T19:15:00Z,74876.47,yes
KXBTC15M-26MAY271530-30,2026-05-27T19:15:00Z,2026-05-27T19:30:00Z,74898.73,no
KXBTC15M-26MAY271545-45,2026-05-27T19:30:00Z,2026-05-27T19:45:00Z,74890.66,no
KXBTC15M-26MAY271600-00,2026-05-27T19:45:00Z,2026-05-27T20:00:00Z,74852.6,yes
KXBTC15M-26MAY271615-15,2026-05-27T20:00:00Z,2026-05-27T20:15:00Z,74925.39,yes
KXBTC15M-26MAY271630-30,2026-05-27T20:15:00Z,2026-05-27T20:30:00Z,75177.83,no
KXBTC15M-26MAY271645-45,2026-05-27T20:30:00Z,2026-05-27T20:45:00Z,75165.11,no
KXBTC15M-26MAY271700-00,2026-05-27T20:45:00Z,2026-05-27T21:00:00Z,75128.34,yes
KXBTC15M-26MAY271715-15,2026-05-27T21:00:00Z,2026-05-27T21:15:00Z,75155.74,no
KXBTC15M-26MAY271730-30,2026-05-27T21:15:00Z,2026-05-27T21:30:00Z,75070.59,no
KXBTC15M-26MAY271745-45,2026-05-27T21:30:00Z,2026-05-27T21:45:00Z,74987.37,no
KXBTC15M-26MAY271800-00,2026-05-27T21:45:00Z,2026-05-27T22:00:00Z,74480.06,no
KXBTC15M-26MAY271815-15,2026-05-27T22:00:00Z,2026-05-27T22:15:00Z,74355.95,no
KXBTC15M-26MAY271830-30,2026-05-27T22:15:00Z,2026-05-27T22:30:00Z,74263.67,yes
KXBTC15M-26MAY271845-45,2026-05-27T22:30:00Z,2026-05-27T22:45:00Z,74515,yes
KXBTC15M-26MAY271900-00,2026-05-27T22:45:00Z,2026-05-27T23:00:00Z,74523.69,no
KXBTC15M-26MAY271915-15,2026-05-27T23:00:00Z,2026-05-27T23:15:00Z,74317.63,yes
KXBTC15M-26MAY271930-30,2026-05-27T23:15:00Z,2026-05-27T23:30:00Z,74333.93,no
KXBTC15M-26MAY271945-45,2026-05-27T23:30:00Z,2026-05-27T23:45:00Z,74178.32,yes
KXBTC15M-26MAY272000-00,2026-05-27T23:45:00Z,2026-05-28T00:00:00Z,74242.59,yes
KXBTC15M-26MAY272015-15,2026-05-28T00:00:00Z,2026-05-28T00:15:00Z,74336.97,yes
KXBTC15M-26MAY272030-30,2026-05-28T00:15:00Z,2026-05-28T00:30:00Z,74344,yes
KXBTC15M-26MAY272045-45,2026-05-28T00:30:00Z,2026-05-28T00:45:00Z,74349.39,yes
KXBTC15M-26MAY272100-00,2026-05-28T00:45:00Z,2026-05-28T01:00:00Z,74443.15,no
KXBTC15M-26MAY272115-15,2026-05-28T01:00:00Z,2026-05-28T01:15:00Z,74441.92,no
KXBTC15M-26MAY272130-30,2026-05-28T01:15:00Z,2026-05-28T01:30:00Z,74350.92,no
KXBTC15M-26MAY272145-45,2026-05-28T01:30:00Z,2026-05-28T01:45:00Z,74189.63,no
KXBTC15M-26MAY272200-00,2026-05-28T01:45:00Z,2026-05-28T02:00:00Z,74151.03,yes
KXBTC15M-26MAY272215-15,2026-05-28T02:00:00Z,2026-05-28T02:15:00Z,74219.2,yes
KXBTC15M-26MAY272230-30,2026-05-28T02:15:00Z,2026-05-28T02:30:00Z,74240.47,no
KXBTC15M-26MAY272245-45,2026-05-28T02:30:00Z,2026-05-28T02:45:00Z,74093.09,yes
KXBTC15M-26MAY272300-00,2026-05-28T02:45:00Z,2026-05-28T03:00:00Z,74143.24,yes
KXBTC15M-26MAY272315-15,2026-05-28T03:00:00Z,2026-05-28T03:15:00Z,74154.13,no
KXBTC15M-26MAY272330-30,2026-05-28T03:15:00Z,2026-05-28T03:30:00Z,74089.63,no
KXBTC15M-26MAY272345-45,2026-05-28T03:30:00Z,2026-05-28T03:45:00Z,73648.72,no
KXBTC15M-26MAY280000-00,2026-05-28T03:45:00Z,2026-05-28T04:00:00Z,73329.71,no
KXBTC15M-26MAY280015-15,2026-05-28T04:00:00Z,2026-05-28T04:15:00Z,73167.23,no
KXBTC15M-26MAY280030-30,2026-05-28T04:15:00Z,2026-05-28T04:30:00Z,72961.72,no
KXBTC15M-26MAY280045-45,2026-05-28T04:30:00Z,2026-05-28T04:45:00Z,72888.63,yes
KXBTC15M-26MAY280100-00,2026-05-28T04:45:00Z,2026-05-28T05:00:00Z,73078.95,no
KXBTC15M-26MAY280115-15,2026-05-28T05:00:00Z,2026-05-28T05:15:00Z,73047.92,no
KXBTC15M-26MAY280130-30,2026-05-28T05:15:00Z,2026-05-28T05:30:00Z,72900.33,no
KXBTC15M-26MAY280145-45,2026-05-28T05:30:00Z,2026-05-28T05:45:00Z,72840.33,yes
KXBTC15M-26MAY280200-00,2026-05-28T05:45:00Z,2026-05-28T06:00:00Z,72889.24,no
KXBTC15M-26MAY280515-15,2026-05-28T09:00:00Z,2026-05-28T09:15:00Z,73203.31,no
KXBTC15M-26MAY280530-30,2026-05-28T09:15:00Z,2026-05-28T09:30:00Z,73185.46,yes
KXBTC15M-26MAY280545-45,2026-05-28T09:30:00Z,2026-05-28T09:45:00Z,73282.23,yes
KXBTC15M-26MAY280600-00,2026-05-28T09:45:00Z,2026-05-28T10:00:00Z,73365.85,yes
KXBTC15M-26MAY280615-15,2026-05-28T10:00:00Z,2026-05-28T10:15:00Z,73425.69,yes
KXBTC15M-26MAY280630-30,2026-05-28T10:15:00Z,2026-05-28T10:30:00Z,73456.59,no
KXBTC15M-26MAY280645-45,2026-05-28T10:30:00Z,2026-05-28T10:45:00Z,73300.04,yes
KXBTC15M-26MAY280700-00,2026-05-28T10:45:00Z,2026-05-28T11:00:00Z,73394.51,no
KXBTC15M-26MAY280715-15,2026-05-28T11:00:00Z,2026-05-28T11:15:00Z,73297.46,yes
KXBTC15M-26MAY280730-30,2026-05-28T11:15:00Z,2026-05-28T11:30:00Z,73319.01,no
KXBTC15M-26MAY280745-45,2026-05-28T11:30:00Z,2026-05-28T11:45:00Z,73238.89,yes
KXBTC15M-26MAY280800-00,2026-05-28T11:45:00Z,2026-05-28T12:00:00Z,73345.78,yes
KXBTC15M-26MAY280815-15,2026-05-28T12:00:00Z,2026-05-28T12:15:00Z,73394.09,no
KXBTC15M-26MAY280830-30,2026-05-28T12:15:00Z,2026-05-28T12:30:00Z,73293.2,no
KXBTC15M-26MAY280845-45,2026-05-28T12:30:00Z,2026-05-28T12:45:00Z,73270.72,yes
KXBTC15M-26MAY280900-00,2026-05-28T12:45:00Z,2026-05-28T13:00:00Z,73393.67,yes
KXBTC15M-26MAY280915-15,2026-05-28T13:00:00Z,2026-05-28T13:15:00Z,73407.54,no
KXBTC15M-26MAY280930-30,2026-05-28T13:15:00Z,2026-05-28T13:30:00Z,73233.02,no
KXBTC15M-26MAY280945-45,2026-05-28T13:30:00Z,2026-05-28T13:45:00Z,73039.31,no
KXBTC15M-26MAY281000-00,2026-05-28T13:45:00Z,2026-05-28T14:00:00Z,72668.11,yes
KXBTC15M-26MAY281015-15,2026-05-28T14:00:00Z,2026-05-28T14:15:00Z,72895.64,yes
KXBTC15M-26MAY281030-30,2026-05-28T14:15:00Z,2026-05-28T14:30:00Z,73115.41,no
KXBTC15M-26MAY281045-45,2026-05-28T14:30:00Z,2026-05-28T14:45:00Z,72845.83,no
KXBTC15M-26MAY281100-00,2026-05-28T14:45:00Z,2026-05-28T15:00:00Z,72717.18,yes
KXBTC15M-26MAY281115-15,2026-05-28T15:00:00Z,2026-05-28T15:15:00Z,72889.01,no
KXBTC15M-26MAY281130-30,2026-05-28T15:15:00Z,2026-05-28T15:30:00Z,72751.64,yes
KXBTC15M-26MAY281145-45,2026-05-28T15:30:00Z,2026-05-28T15:45:00Z,72805.93,yes
KXBTC15M-26MAY281200-00,2026-05-28T15:45:00Z,2026-05-28T16:00:00Z,72844.2,no
KXBTC15M-26MAY281215-15,2026-05-28T16:00:00Z,2026-05-28T16:15:00Z,72785.01,yes
KXBTC15M-26MAY281230-30,2026-05-28T16:15:00Z,2026-05-28T16:30:00Z,72974.96,yes
KXBTC15M-26MAY281245-45,2026-05-28T16:30:00Z,2026-05-28T16:45:00Z,73036.73,yes
KXBTC15M-26MAY281300-00,2026-05-28T16:45:00Z,2026-05-28T17:00:00Z,73202.35,yes
KXBTC15M-26MAY281315-15,2026-05-28T17:00:00Z,2026-05-28T17:15:00Z,73308.17,yes
KXBTC15M-26MAY281330-30,2026-05-28T17:15:00Z,2026-05-28T17:30:00Z,73378.59,no
KXBTC15M-26MAY281345-45,2026-05-28T17:30:00Z,2026-05-28T17:45:00Z,73264.62,yes
KXBTC15M-26MAY281400-00,2026-05-28T17:45:00Z,2026-05-28T18:00:00Z,73388.53,yes
KXBTC15M-26MAY281415-15,2026-05-28T18:00:00Z,2026-05-28T18:15:00Z,73449.67,yes
KXBTC15M-26MAY281430-30,2026-05-28T18:15:00Z,2026-05-28T18:30:00Z,73532.77,no
KXBTC15M-26MAY281445-45,2026-05-28T18:30:00Z,2026-05-28T18:45:00Z,73483.28,yes
KXBTC15M-26MAY281500-00,2026-05-28T18:45:00Z,2026-05-28T19:00:00Z,73494.3,yes
KXBTC15M-26MAY281515-15,2026-05-28T19:00:00Z,2026-05-28T19:15:00Z,73542.77,no
KXBTC15M-26MAY281530-30,2026-05-28T19:15:00Z,2026-05-28T19:30:00Z,73357.32,yes
KXBTC15M-26MAY281545-45,2026-05-28T19:30:00Z,2026-05-28T19:45:00Z,73438.55,no
KXBTC15M-26MAY281600-00,2026-05-28T19:45:00Z,2026-05-28T20:00:00Z,73327.46,no
KXBTC15M-26MAY281615-15,2026-05-28T20:00:00Z,2026-05-28T20:15:00Z,73318.21,yes
KXBTC15M-26MAY281630-30,2026-05-28T20:15:00Z,2026-05-28T20:30:00Z,73329.16,yes
KXBTC15M-26MAY281645-45,2026-05-28T20:30:00Z,2026-05-28T20:45:00Z,73556.1,yes
KXBTC15M-26MAY281700-00,2026-05-28T20:45:00Z,2026-05-28T21:00:00Z,73601.87,no
KXBTC15M-26MAY281715-15,2026-05-28T21:00:00Z,2026-05-28T21:15:00Z,73483.83,yes
KXBTC15M-26MAY281730-30,2026-05-28T21:15:00Z,2026-05-28T21:30:00Z,73580.56,yes
KXBTC15M-26MAY281745-45,2026-05-28T21:30:00Z,2026-05-28T21:45:00Z,73606.63,yes
KXBTC15M-26MAY281800-00,2026-05-28T21:45:00Z,2026-05-28T22:00:00Z,73802.15,no
KXBTC15M-26MAY281815-15,2026-05-28T22:00:00Z,2026-05-28T22:15:00Z,73734.24,no
KXBTC15M-26MAY281830-30,2026-05-28T22:15:00Z,2026-05-28T22:30:00Z,73612.03,no
KXBTC15M-26MAY281845-45,2026-05-28T22:30:00Z,2026-05-28T22:45:00Z,73523.99,no
KXBTC15M-26MAY281900-00,2026-05-28T22:45:00Z,2026-05-28T23:00:00Z,73413.42,no
KXBTC15M-26MAY281915-15,2026-05-28T23:00:00Z,2026-05-28T23:15:00Z,73371.49,yes
KXBTC15M-26MAY281930-30,2026-05-28T23:15:00Z,2026-05-28T23:30:00Z,73483.96,yes
KXBTC15M-26MAY281945-45,2026-05-28T23:30:00Z,2026-05-28T23:45:00Z,73585.21,no
KXBTC15M-26MAY282000-00,2026-05-28T23:45:00Z,2026-05-29T00:00:00Z,73505.71,yes
KXBTC15M-26MAY282015-15,2026-05-29T00:00:00Z,2026-05-29T00:15:00Z,73535.7,yes
KXBTC15M-26MAY282030-30,2026-05-29T00:15:00Z,2026-05-29T00:30:00Z,73646.67,yes
KXBTC15M-26MAY282045-45,2026-05-29T00:30:00Z,2026-05-29T00:45:00Z,73684.49,yes
KXBTC15M-26MAY282100-00,2026-05-29T00:45:00Z,2026-05-29T01:00:00Z,73710.35,no
KXBTC15M-26MAY282115-15,2026-05-29T01:00:00Z,2026-05-29T01:15:00Z,73614.46,yes
KXBTC15M-26MAY282130-30,2026-05-29T01:15:00Z,2026-05-29T01:30:00Z,73677.45,no
KXBTC15M-26MAY282145-45,2026-05-29T01:30:00Z,2026-05-29T01:45:00Z,73513.8,no
KXBTC15M-26MAY282200-00,2026-05-29T01:45:00Z,2026-05-29T02:00:00Z,73430.47,yes
KXBTC15M-26MAY282215-15,2026-05-29T02:00:00Z,2026-05-29T02:15:00Z,73497.15,yes
KXBTC15M-26MAY282230-30,2026-05-29T02:15:00Z,2026-05-29T02:30:00Z,73523.12,no
KXBTC15M-26MAY282245-45,2026-05-29T02:30:00Z,2026-05-29T02:45:00Z,73314.82,no
KXBTC15M-26MAY282300-00,2026-05-29T02:45:00Z,2026-05-29T03:00:00Z,73234.36,no
KXBTC15M-26MAY282315-15,2026-05-29T03:00:00Z,2026-05-29T03:15:00Z,73107.42,yes
KXBTC15M-26MAY282330-30,2026-05-29T03:15:00Z,2026-05-29T03:30:00Z,73345.16,no
KXBTC15M-26MAY282345-45,2026-05-29T03:30:00Z,2026-05-29T03:45:00Z,73294.61,no
KXBTC15M-26MAY290000-00,2026-05-29T03:45:00Z,2026-05-29T04:00:00Z,73263.24,no
KXBTC15M-26MAY290015-15,2026-05-29T04:00:00Z,2026-05-29T04:15:00Z,73198.54,no
KXBTC15M-26MAY290030-30,2026-05-29T04:15:00Z,2026-05-29T04:30:00Z,73131.37,yes
KXBTC15M-26MAY290045-45,2026-05-29T04:30:00Z,2026-05-29T04:45:00Z,73270.83,yes
KXBTC15M-26MAY290100-00,2026-05-29T04:45:00Z,2026-05-29T05:00:00Z,73311.04,yes
KXBTC15M-26MAY290115-15,2026-05-29T05:00:00Z,2026-05-29T05:15:00Z,73401.15,yes
KXBTC15M-26MAY290130-30,2026-05-29T05:15:00Z,2026-05-29T05:30:00Z,73497.82,no
KXBTC15M-26MAY290145-45,2026-05-29T05:30:00Z,2026-05-29T05:45:00Z,73482.22,no
KXBTC15M-26MAY290200-00,2026-05-29T05:45:00Z,2026-05-29T06:00:00Z,73426.35,yes
KXBTC15M-26MAY290215-15,2026-05-29T06:00:00Z,2026-05-29T06:15:00Z,73596.62,yes
KXBTC15M-26MAY290230-30,2026-05-29T06:15:00Z,2026-05-29T06:30:00Z,73598.3,yes
KXBTC15M-26MAY290245-45,2026-05-29T06:30:00Z,2026-05-29T06:45:00Z,73678.17,no
KXBTC15M-26MAY290300-00,2026-05-29T06:45:00Z,2026-05-29T07:00:00Z,73606.69,yes
KXBTC15M-26MAY290315-15,2026-05-29T07:00:00Z,2026-05-29T07:15:00Z,73685.66,yes
KXBTC15M-26MAY290330-30,2026-05-29T07:15:00Z,2026-05-29T07:30:00Z,73720.38,no
KXBTC15M-26MAY290345-45,2026-05-29T07:30:00Z,2026-05-29T07:45:00Z,73670.05,no
KXBTC15M-26MAY290400-00,2026-05-29T07:45:00Z,2026-05-29T08:00:00Z,73311.43,yes
KXBTC15M-26MAY290415-15,2026-05-29T08:00:00Z,2026-05-29T08:15:00Z,73403.05,yes
KXBTC15M-26MAY290430-30,2026-05-29T08:15:00Z,2026-05-29T08:30:00Z,73583.6,yes
KXBTC15M-26MAY290445-45,2026-05-29T08:30:00Z,2026-05-29T08:45:00Z,73689.49,no
KXBTC15M-26MAY290500-00,2026-05-29T08:45:00Z,2026-05-29T09:00:00Z,73679.03,no
KXBTC15M-26MAY290515-15,2026-05-29T09:00:00Z,2026-05-29T09:15:00Z,73551.32,yes
KXBTC15M-26MAY290530-30,2026-05-29T09:15:00Z,2026-05-29T09:30:00Z,73718.71,yes
KXBTC15M-26MAY290545-45,2026-05-29T09:30:00Z,2026-05-29T09:45:00Z,73785.72,no
KXBTC15M-26MAY290600-00,2026-05-29T09:45:00Z,2026-05-29T10:00:00Z,73738,no
KXBTC15M-26MAY290615-15,2026-05-29T10:00:00Z,2026-05-29T10:15:00Z,73646.75,no
KXBTC15M-26MAY290630-30,2026-05-29T10:15:00Z,2026-05-29T10:30:00Z,73604.62,no
KXBTC15M-26MAY290645-45,2026-05-29T10:30:00Z,2026-05-29T10:45:00Z,73529.75,yes
KXBTC15M-26MAY290700-00,2026-05-29T10:45:00Z,2026-05-29T11:00:00Z,73539.47,yes
KXBTC15M-26MAY290715-15,2026-05-29T11:00:00Z,2026-05-29T11:15:00Z,73561.78,yes
KXBTC15M-26MAY290730-30,2026-05-29T11:15:00Z,2026-05-29T11:30:00Z,73562.35,no
KXBTC15M-26MAY290745-45,2026-05-29T11:30:00Z,2026-05-29T11:45:00Z,73469.97,no
KXBTC15M-26MAY290800-00,2026-05-29T11:45:00Z,2026-05-29T12:00:00Z,73414.95,no
KXBTC15M-26MAY290815-15,2026-05-29T12:00:00Z,2026-05-29T12:15:00Z,73373.64,no
KXBTC15M-26MAY290830-30,2026-05-29T12:15:00Z,2026-05-29T12:30:00Z,73263.98,no
KXBTC15M-26MAY290845-45,2026-05-29T12:30:00Z,2026-05-29T12:45:00Z,73215.08,no
KXBTC15M-26MAY290900-00,2026-05-29T12:45:00Z,2026-05-29T13:00:00Z,73172.55,yes
KXBTC15M-26MAY290915-15,2026-05-29T13:00:00Z,2026-05-29T13:15:00Z,73195.74,no
KXBTC15M-26MAY290930-30,2026-05-29T13:15:00Z,2026-05-29T13:30:00Z,73013.09,no
KXBTC15M-26MAY290945-45,2026-05-29T13:30:00Z,2026-05-29T13:45:00Z,72935.32,yes
KXBTC15M-26MAY291000-00,2026-05-29T13:45:00Z,2026-05-29T14:00:00Z,73118.79,no
KXBTC15M-26MAY291015-15,2026-05-29T14:00:00Z,2026-05-29T14:15:00Z,73046.79,no
KXBTC15M-26MAY291030-30,2026-05-29T14:15:00Z,2026-05-29T14:30:00Z,72905.49,no
KXBTC15M-26MAY291045-45,2026-05-29T14:30:00Z,2026-05-29T14:45:00Z,72617.02,no
KXBTC15M-26MAY291100-00,2026-05-29T14:45:00Z,2026-05-29T15:00:00Z,72525.42,yes
KXBTC15M-26MAY291115-15,2026-05-29T15:00:00Z,2026-05-29T15:15:00Z,73002.02,yes
KXBTC15M-26MAY291130-30,2026-05-29T15:15:00Z,2026-05-29T15:30:00Z,73591.25,yes
KXBTC15M-26MAY291145-45,2026-05-29T15:30:00Z,2026-05-29T15:45:00Z,73604.18,yes
KXBTC15M-26MAY291200-00,2026-05-29T15:45:00Z,2026-05-29T16:00:00Z,73672.41,yes
KXBTC15M-26MAY291215-15,2026-05-29T16:00:00Z,2026-05-29T16:15:00Z,73707.29,yes
KXBTC15M-26MAY291230-30,2026-05-29T16:15:00Z,2026-05-29T16:30:00Z,73870.64,no
KXBTC15M-26MAY291245-45,2026-05-29T16:30:00Z,2026-05-29T16:45:00Z,73557.63,yes
KXBTC15M-26MAY291300-00,2026-05-29T16:45:00Z,2026-05-29T17:00:00Z,73946.07,yes
KXBTC15M-26MAY291315-15,2026-05-29T17:00:00Z,2026-05-29T17:15:00Z,73972.54,yes
KXBTC15M-26MAY291330-30,2026-05-29T17:15:00Z,2026-05-29T17:30:00Z,74164.48,no
KXBTC15M-26MAY291345-45,2026-05-29T17:30:00Z,2026-05-29T17:45:00Z,74144.42,yes
KXBTC15M-26MAY291400-00,2026-05-29T17:45:00Z,2026-05-29T18:00:00Z,74148.52,no
KXBTC15M-26MAY291415-15,2026-05-29T18:00:00Z,2026-05-29T18:15:00Z,73895.96,yes
KXBTC15M-26MAY291430-30,2026-05-29T18:15:00Z,2026-05-29T18:30:00Z,73922.78,no
KXBTC15M-26MAY291445-45,2026-05-29T18:30:00Z,2026-05-29T18:45:00Z,73667.83,yes
KXBTC15M-26MAY291500-00,2026-05-29T18:45:00Z,2026-05-29T19:00:00Z,73694.34,no
KXBTC15M-26MAY291515-15,2026-05-29T19:00:00Z,2026-05-29T19:15:00Z,73265.26,yes
KXBTC15M-26MAY291530-30,2026-05-29T19:15:00Z,2026-05-29T19:30:00Z,73333.47,no
KXBTC15M-26MAY291545-45,2026-05-29T19:30:00Z,2026-05-29T19:45:00Z,73231.97,yes
KXBTC15M-26MAY291600-00,2026-05-29T19:45:00Z,2026-05-29T20:00:00Z,73581.51,no
KXBTC15M-26MAY291615-15,2026-05-29T20:00:00Z,2026-05-29T20:15:00Z,73433.44,yes
KXBTC15M-26MAY291630-30,2026-05-29T20:15:00Z,2026-05-29T20:30:00Z,73554.81,yes
KXBTC15M-26MAY291645-45,2026-05-29T20:30:00Z,2026-05-29T20:45:00Z,73625.34,no
KXBTC15M-26MAY291700-00,2026-05-29T20:45:00Z,2026-05-29T21:00:00Z,73607.18,no
KXBTC15M-26MAY291715-15,2026-05-29T21:00:00Z,2026-05-29T21:15:00Z,73574.33,yes
KXBTC15M-26MAY291730-30,2026-05-29T21:15:00Z,2026-05-29T21:30:00Z,73720.22,no
KXBTC15M-26MAY291745-45,2026-05-29T21:30:00Z,2026-05-29T21:45:00Z,73458.23,yes
KXBTC15M-26MAY291800-00,2026-05-29T21:45:00Z,2026-05-29T22:00:00Z,73510.74,no
KXBTC15M-26MAY291815-15,2026-05-29T22:00:00Z,2026-05-29T22:15:00Z,73343.16,no
KXBTC15M-26MAY291830-30,2026-05-29T22:15:00Z,2026-05-29T22:30:00Z,73326.44,yes
KXBTC15M-26MAY291845-45,2026-05-29T22:30:00Z,2026-05-29T22:45:00Z,73429.34,no
KXBTC15M-26MAY291900-00,2026-05-29T22:45:00Z,2026-05-29T23:00:00Z,73371.68,yes
KXBTC15M-26MAY291915-15,2026-05-29T23:00:00Z,2026-05-29T23:15:00Z,73391.6,no
KXBTC15M-26MAY291930-30,2026-05-29T23:15:00Z,2026-05-29T23:30:00Z,73327,no
KXBTC15M-26MAY291945-45,2026-05-29T23:30:00Z,2026-05-29T23:45:00Z,73293.92,yes
KXBTC15M-26MAY292000-00,2026-05-29T23:45:00Z,2026-05-30T00:00:00Z,73322.91,yes
KXBTC15M-26MAY292015-15,2026-05-30T00:00:00Z,2026-05-30T00:15:00Z,73377.45,yes
KXBTC15M-26MAY292030-30,2026-05-30T00:15:00Z,2026-05-30T00:30:00Z,73402.17,no
KXBTC15M-26MAY292045-45,2026-05-30T00:30:00Z,2026-05-30T00:45:00Z,73378.88,yes
KXBTC15M-26MAY292100-00,2026-05-30T00:45:00Z,2026-05-30T01:00:00Z,73420.82,yes
KXBTC15M-26MAY292115-15,2026-05-30T01:00:00Z,2026-05-30T01:15:00Z,73448.94,yes
KXBTC15M-26MAY292130-30,2026-05-30T01:15:00Z,2026-05-30T01:30:00Z,73493.26,yes
KXBTC15M-26MAY292145-45,2026-05-30T01:30:00Z,2026-05-30T01:45:00Z,73546.86,no
KXBTC15M-26MAY292200-00,2026-05-30T01:45:00Z,2026-05-30T02:00:00Z,73507.41,yes
KXBTC15M-26MAY292215-15,2026-05-30T02:00:00Z,2026-05-30T02:15:00Z,73566.85,yes
KXBTC15M-26MAY292230-30,2026-05-30T02:15:00Z,2026-05-30T02:30:00Z,73582.32,no
KXBTC15M-26MAY292245-45,2026-05-30T02:30:00Z,2026-05-30T02:45:00Z,73535.31,yes
KXBTC15M-26MAY292300-00,2026-05-30T02:45:00Z,2026-05-30T03:00:00Z,73625.04,yes
KXBTC15M-26MAY292315-15,2026-05-30T03:00:00Z,2026-05-30T03:15:00Z,73676.21,yes
KXBTC15M-26MAY292330-30,2026-05-30T03:15:00Z,2026-05-30T03:30:00Z,73678.86,no
KXBTC15M-26MAY292345-45,2026-05-30T03:30:00Z,2026-05-30T03:45:00Z,73584.37,no
KXBTC15M-26MAY300000-00,2026-05-30T03:45:00Z,2026-05-30T04:00:00Z,73448.63,no
KXBTC15M-26MAY300015-15,2026-05-30T04:00:00Z,2026-05-30T04:15:00Z,73440.36,no
KXBTC15M-26MAY300030-30,2026-05-30T04:15:00Z,2026-05-30T04:30:00Z,73402.73,no
KXBTC15M-26MAY300045-45,2026-05-30T04:30:00Z,2026-05-30T04:45:00Z,73268.49,no
KXBTC15M-26MAY300100-00,2026-05-30T04:45:00Z,2026-05-30T05:00:00Z,73203.99,yes
KXBTC15M-26MAY300115-15,2026-05-30T05:00:00Z,2026-05-30T05:15:00Z,73301.11,yes
KXBTC15M-26MAY300130-30,2026-05-30T05:15:00Z,2026-05-30T05:30:00Z,73407.96,yes
KXBTC15M-26MAY300145-45,2026-05-30T05:30:00Z,2026-05-30T05:45:00Z,73448.65,yes
KXBTC15M-26MAY300200-00,2026-05-30T05:45:00Z,2026-05-30T06:00:00Z,73482.26,yes
KXBTC15M-26MAY300215-15,2026-05-30T06:00:00Z,2026-05-30T06:15:00Z,73511.48,no
KXBTC15M-26MAY300230-30,2026-05-30T06:15:00Z,2026-05-30T06:30:00Z,73456.46,yes
KXBTC15M-26MAY300245-45,2026-05-30T06:30:00Z,2026-05-30T06:45:00Z,73516.93,yes
KXBTC15M-26MAY300300-00,2026-05-30T06:45:00Z,2026-05-30T07:00:00Z,73561.37,no
KXBTC15M-26MAY300315-15,2026-05-30T07:00:00Z,2026-05-30T07:15:00Z,73504.37,no
KXBTC15M-26MAY300330-30,2026-05-30T07:15:00Z,2026-05-30T07:30:00Z,73463.79,yes
KXBTC15M-26MAY300345-45,2026-05-30T07:30:00Z,2026-05-30T07:45:00Z,73474.24,no
KXBTC15M-26MAY300400-00,2026-05-30T07:45:00Z,2026-05-30T08:00:00Z,73415.04,yes
KXBTC15M-26MAY300415-15,2026-05-30T08:00:00Z,2026-05-30T08:15:00Z,73452.81,yes
KXBTC15M-26MAY300430-30,2026-05-30T08:15:00Z,2026-05-30T08:30:00Z,73457.14,yes
KXBTC15M-26MAY300445-45,2026-05-30T08:30:00Z,2026-05-30T08:45:00Z,73467.13,no
KXBTC15M-26MAY300500-00,2026-05-30T08:45:00Z,2026-05-30T09:00:00Z,73434.58,no
KXBTC15M-26MAY300515-15,2026-05-30T09:00:00Z,2026-05-30T09:15:00Z,73413.61,yes
KXBTC15M-26MAY300530-30,2026-05-30T09:15:00Z,2026-05-30T09:30:00Z,73452.25,yes
KXBTC15M-26MAY300545-45,2026-05-30T09:30:00Z,2026-05-30T09:45:00Z,73473.71,no
KXBTC15M-26MAY300600-00,2026-05-30T09:45:00Z,2026-05-30T10:00:00Z,73469.6,yes
KXBTC15M-26MAY300615-15,2026-05-30T10:00:00Z,2026-05-30T10:15:00Z,73514.16,yes
KXBTC15M-26MAY300630-30,2026-05-30T10:15:00Z,2026-05-30T10:30:00Z,73542.78,yes
KXBTC15M-26MAY300645-45,2026-05-30T10:30:00Z,2026-05-30T10:45:00Z,73550.95,no
KXBTC15M-26MAY300700-00,2026-05-30T10:45:00Z,2026-05-30T11:00:00Z,73548.13,no
KXBTC15M-26MAY300715-15,2026-05-30T11:00:00Z,2026-05-30T11:15:00Z,73533.43,yes
KXBTC15M-26MAY300730-30,2026-05-30T11:15:00Z,2026-05-30T11:30:00Z,73534.37,no
KXBTC15M-26MAY300745-45,2026-05-30T11:30:00Z,2026-05-30T11:45:00Z,73502.86,yes
KXBTC15M-26MAY300800-00,2026-05-30T11:45:00Z,2026-05-30T12:00:00Z,73530.3,no
KXBTC15M-26MAY300815-15,2026-05-30T12:00:00Z,2026-05-30T12:15:00Z,73506.52,no
KXBTC15M-26MAY300830-30,2026-05-30T12:15:00Z,2026-05-30T12:30:00Z,73500.6,yes
KXBTC15M-26MAY300845-45,2026-05-30T12:30:00Z,2026-05-30T12:45:00Z,73553.46,yes
KXBTC15M-26MAY300900-00,2026-05-30T12:45:00Z,2026-05-30T13:00:00Z,73574.18,yes
KXBTC15M-26MAY300915-15,2026-05-30T13:00:00Z,2026-05-30T13:15:00Z,73594.85,yes
KXBTC15M-26MAY300930-30,2026-05-30T13:15:00Z,2026-05-30T13:30:00Z,73654.83,yes
KXBTC15M-26MAY300945-45,2026-05-30T13:30:00Z,2026-05-30T13:45:00Z,73678.11,no
KXBTC15M-26MAY301000-00,2026-05-30T13:45:00Z,2026-05-30T14:00:00Z,73648.85,yes
KXBTC15M-26MAY301015-15,2026-05-30T14:00:00Z,2026-05-30T14:15:00Z,73731.71,yes
KXBTC15M-26MAY301030-30,2026-05-30T14:15:00Z,2026-05-30T14:30:00Z,73852.19,yes
KXBTC15M-26MAY301045-45,2026-05-30T14:30:00Z,2026-05-30T14:45:00Z,73920.82,no
KXBTC15M-26MAY301100-00,2026-05-30T14:45:00Z,2026-05-30T15:00:00Z,73915.5,no
KXBTC15M-26MAY301115-15,2026-05-30T15:00:00Z,2026-05-30T15:15:00Z,73834.04,yes
KXBTC15M-26MAY301130-30,2026-05-30T15:15:00Z,2026-05-30T15:30:00Z,73918.45,no
KXBTC15M-26MAY301145-45,2026-05-30T15:30:00Z,2026-05-30T15:45:00Z,73843.18,no
KXBTC15M-26MAY301200-00,2026-05-30T15:45:00Z,2026-05-30T16:00:00Z,73764.49,yes
KXBTC15M-26MAY301215-15,2026-05-30T16:00:00Z,2026-05-30T16:15:00Z,73813.06,yes
KXBTC15M-26MAY301230-30,2026-05-30T16:15:00Z,2026-05-30T16:30:00Z,73861.27,no
KXBTC15M-26MAY301245-45,2026-05-30T16:30:00Z,2026-05-30T16:45:00Z,73803.09,yes
KXBTC15M-26MAY301300-00,2026-05-30T16:45:00Z,2026-05-30T17:00:00Z,73853.72,no
KXBTC15M-26MAY301315-15,2026-05-30T17:00:00Z,2026-05-30T17:15:00Z,73831.75,no
KXBTC15M-26MAY301330-30,2026-05-30T17:15:00Z,2026-05-30T17:30:00Z,73801.49,yes
KXBTC15M-26MAY301345-45,2026-05-30T17:30:00Z,2026-05-30T17:45:00Z,73844.07,yes
KXBTC15M-26MAY301400-00,2026-05-30T17:45:00Z,2026-05-30T18:00:00Z,73848.73,yes
KXBTC15M-26MAY301415-15,2026-05-30T18:00:00Z,2026-05-30T18:15:00Z,73918.01,no
KXBTC15M-26MAY301430-30,2026-05-30T18:15:00Z,2026-05-30T18:30:00Z,73917.42,no
KXBTC15M-26MAY301445-45,2026-05-30T18:30:00Z,2026-05-30T18:45:00Z,73865.91,yes
KXBTC15M-26MAY301500-00,2026-05-30T18:45:00Z,2026-05-30T19:00:00Z,73970.03,no
KXBTC15M-26MAY301515-15,2026-05-30T19:00:00Z,2026-05-30T19:15:00Z,73945.35,no
KXBTC15M-26MAY301530-30,2026-05-30T19:15:00Z,2026-05-30T19:30:00Z,73930.69,no
KXBTC15M-26MAY301545-45,2026-05-30T19:30:00Z,2026-05-30T19:45:00Z,73896.36,yes
KXBTC15M-26MAY301600-00,2026-05-30T19:45:00Z,2026-05-30T20:00:00Z,73906.37,yes
KXBTC15M-26MAY301615-15,2026-05-30T20:00:00Z,2026-05-30T20:15:00Z,73913.99,no
KXBTC15M-26MAY301630-30,2026-05-30T20:15:00Z,2026-05-30T20:30:00Z,73863.33,no
KXBTC15M-26MAY301645-45,2026-05-30T20:30:00Z,2026-05-30T20:45:00Z,73861.69,no
KXBTC15M-26MAY301700-00,2026-05-30T20:45:00Z,2026-05-30T21:00:00Z,73832.44,yes
KXBTC15M-26MAY301715-15,2026-05-30T21:00:00Z,2026-05-30T21:15:00Z,73866.27,yes
KXBTC15M-26MAY301730-30,2026-05-30T21:15:00Z,2026-05-30T21:30:00Z,73869.03,yes
KXBTC15M-26MAY301745-45,2026-05-30T21:30:00Z,2026-05-30T21:45:00Z,73904.27,yes
KXBTC15M-26MAY301800-00,2026-05-30T21:45:00Z,2026-05-30T22:00:00Z,73914.05,no
KXBTC15M-26MAY301815-15,2026-05-30T22:00:00Z,2026-05-30T22:15:00Z,73860.85,no
KXBTC15M-26MAY301830-30,2026-05-30T22:15:00Z,2026-05-30T22:30:00Z,73804.14,no
KXBTC15M-26MAY301845-45,2026-05-30T22:30:00Z,2026-05-30T22:45:00Z,73779.23,no
KXBTC15M-26MAY301900-00,2026-05-30T22:45:00Z,2026-05-30T23:00:00Z,73713.57,yes
KXBTC15M-26MAY301915-15,2026-05-30T23:00:00Z,2026-05-30T23:15:00Z,73781.66,no
KXBTC15M-26MAY301930-30,2026-05-30T23:15:00Z,2026-05-30T23:30:00Z,73751.1,yes
KXBTC15M-26MAY301945-45,2026-05-30T23:30:00Z,2026-05-30T23:45:00Z,73765.66,no
KXBTC15M-26MAY302000-00,2026-05-30T23:45:00Z,2026-05-31T00:00:00Z,73707.52,yes
KXBTC15M-26MAY302015-15,2026-05-31T00:00:00Z,2026-05-31T00:15:00Z,73765.83,yes
KXBTC15M-26MAY302030-30,2026-05-31T00:15:00Z,2026-05-31T00:30:00Z,73795.6,yes
KXBTC15M-26MAY302045-45,2026-05-31T00:30:00Z,2026-05-31T00:45:00Z,73870.82,no
KXBTC15M-26MAY302100-00,2026-05-31T00:45:00Z,2026-05-31T01:00:00Z,73852.28,yes
KXBTC15M-26MAY302115-15,2026-05-31T01:00:00Z,2026-05-31T01:15:00Z,73933.48,yes
KXBTC15M-26MAY302130-30,2026-05-31T01:15:00Z,2026-05-31T01:30:00Z,74029.57,no
KXBTC15M-26MAY302145-45,2026-05-31T01:30:00Z,2026-05-31T01:45:00Z,74002.2,no
KXBTC15M-26MAY302200-00,2026-05-31T01:45:00Z,2026-05-31T02:00:00Z,73977.32,no
KXBTC15M-26MAY302215-15,2026-05-31T02:00:00Z,2026-05-31T02:15:00Z,73961.07,yes
KXBTC15M-26MAY302230-30,2026-05-31T02:15:00Z,2026-05-31T02:30:00Z,74066.41,no
KXBTC15M-26MAY302245-45,2026-05-31T02:30:00Z,2026-05-31T02:45:00Z,73893.27,no
KXBTC15M-26MAY302300-00,2026-05-31T02:45:00Z,2026-05-31T03:00:00Z,73865.98,yes
KXBTC15M-26MAY302315-15,2026-05-31T03:00:00Z,2026-05-31T03:15:00Z,73992.04,yes
KXBTC15M-26MAY302330-30,2026-05-31T03:15:00Z,2026-05-31T03:30:00Z,74038.85,yes
KXBTC15M-26MAY302345-45,2026-05-31T03:30:00Z,2026-05-31T03:45:00Z,74106.87,no
KXBTC15M-26MAY310000-00,2026-05-31T03:45:00Z,2026-05-31T04:00:00Z,74068.69,no
KXBTC15M-26MAY310015-15,2026-05-31T04:00:00Z,2026-05-31T04:15:00Z,74050.86,no
KXBTC15M-26MAY310030-30,2026-05-31T04:15:00Z,2026-05-31T04:30:00Z,74023.7,yes
KXBTC15M-26MAY310045-45,2026-05-31T04:30:00Z,2026-05-31T04:45:00Z,74092.18,no
KXBTC15M-26MAY310100-00,2026-05-31T04:45:00Z,2026-05-31T05:00:00Z,74084.06,yes
KXBTC15M-26MAY310115-15,2026-05-31T05:00:00Z,2026-05-31T05:15:00Z,74094.56,no
KXBTC15M-26MAY310130-30,2026-05-31T05:15:00Z,2026-05-31T05:30:00Z,74077.03,no
KXBTC15M-26MAY310145-45,2026-05-31T05:30:00Z,2026-05-31T05:45:00Z,74068.31,no
KXBTC15M-26MAY310200-00,2026-05-31T05:45:00Z,2026-05-31T06:00:00Z,74001.94,no
KXBTC15M-26MAY310215-15,2026-05-31T06:00:00Z,2026-05-31T06:15:00Z,73973.13,no
KXBTC15M-26MAY310230-30,2026-05-31T06:15:00Z,2026-05-31T06:30:00Z,73911.76,yes
KXBTC15M-26MAY310245-45,2026-05-31T06:30:00Z,2026-05-31T06:45:00Z,73936.01,yes
KXBTC15M-26MAY310300-00,2026-05-31T06:45:00Z,2026-05-31T07:00:00Z,73966.83,no
KXBTC15M-26MAY310315-15,2026-05-31T07:00:00Z,2026-05-31T07:15:00Z,73962.71,no
KXBTC15M-26MAY310330-30,2026-05-31T07:15:00Z,2026-05-31T07:30:00Z,73870.72,no
KXBTC15M-26MAY310345-45,2026-05-31T07:30:00Z,2026-05-31T07:45:00Z,73810.54,no
KXBTC15M-26MAY310400-00,2026-05-31T07:45:00Z,2026-05-31T08:00:00Z,73758.19,yes
KXBTC15M-26MAY310415-15,2026-05-31T08:00:00Z,2026-05-31T08:15:00Z,73775.23,yes
KXBTC15M-26MAY310430-30,2026-05-31T08:15:00Z,2026-05-31T08:30:00Z,73804.63,yes
KXBTC15M-26MAY310445-45,2026-05-31T08:30:00Z,2026-05-31T08:45:00Z,73871.62,no
KXBTC15M-26MAY310500-00,2026-05-31T08:45:00Z,2026-05-31T09:00:00Z,73776.31,yes
KXBTC15M-26MAY310515-15,2026-05-31T09:00:00Z,2026-05-31T09:15:00Z,73853.18,no
KXBTC15M-26MAY310530-30,2026-05-31T09:15:00Z,2026-05-31T09:30:00Z,73820.37,yes
KXBTC15M-26MAY310545-45,2026-05-31T09:30:00Z,2026-05-31T09:45:00Z,73863.07,yes
KXBTC15M-26MAY310600-00,2026-05-31T09:45:00Z,2026-05-31T10:00:00Z,73887.02,no
KXBTC15M-26MAY310615-15,2026-05-31T10:00:00Z,2026-05-31T10:15:00Z,73737.32,yes
KXBTC15M-26MAY310630-30,2026-05-31T10:15:00Z,2026-05-31T10:30:00Z,73755.38,no
KXBTC15M-26MAY310645-45,2026-05-31T10:30:00Z,2026-05-31T10:45:00Z,73702.3,yes
KXBTC15M-26MAY310700-00,2026-05-31T10:45:00Z,2026-05-31T11:00:00Z,73719.86,yes
KXBTC15M-26MAY310715-15,2026-05-31T11:00:00Z,2026-05-31T11:15:00Z,73798.47,yes
KXBTC15M-26MAY310730-30,2026-05-31T11:15:00Z,2026-05-31T11:30:00Z,73816.05,yes
KXBTC15M-26MAY310745-45,2026-05-31T11:30:00Z,2026-05-31T11:45:00Z,73871.52,no
KXBTC15M-26MAY310800-00,2026-05-31T11:45:00Z,2026-05-31T12:00:00Z,73850.8,yes
KXBTC15M-26MAY310815-15,2026-05-31T12:00:00Z,2026-05-31T12:15:00Z,73872.26,no
KXBTC15M-26MAY310830-30,2026-05-31T12:15:00Z,2026-05-31T12:30:00Z,73825.59,yes
KXBTC15M-26MAY310845-45,2026-05-31T12:30:00Z,2026-05-31T12:45:00Z,73843.76,yes
KXBTC15M-26MAY310900-00,2026-05-31T12:45:00Z,2026-05-31T13:00:00Z,73877.69,no
KXBTC15M-26MAY310915-15,2026-05-31T13:00:00Z,2026-05-31T13:15:00Z,73823.1,yes
KXBTC15M-26MAY310930-30,2026-05-31T13:15:00Z,2026-05-31T13:30:00Z,73847.2,yes
KXBTC15M-26MAY310945-45,2026-05-31T13:30:00Z,2026-05-31T13:45:00Z,73866.81,no
KXBTC15M-26MAY311000-00,2026-05-31T13:45:00Z,2026-05-31T14:00:00Z,73797.87,no
KXBTC15M-26MAY311015-15,2026-05-31T14:00:00Z,2026-05-31T14:15:00Z,73770.72,no
KXBTC15M-26MAY311030-30,2026-05-31T14:15:00Z,2026-05-31T14:30:00Z,73673.22,no
KXBTC15M-26MAY311045-45,2026-05-31T14:30:00Z,2026-05-31T14:45:00Z,73502.39,yes
KXBTC15M-26MAY311100-00,2026-05-31T14:45:00Z,2026-05-31T15:00:00Z,73523.63,no
KXBTC15M-26MAY311115-15,2026-05-31T15:00:00Z,2026-05-31T15:15:00Z,73521.07,yes
KXBTC15M-26MAY311130-30,2026-05-31T15:15:00Z,2026-05-31T15:30:00Z,73581.4,yes
KXBTC15M-26MAY311145-45,2026-05-31T15:30:00Z,2026-05-31T15:45:00Z,73642.49,no
KXBTC15M-26MAY311200-00,2026-05-31T15:45:00Z,2026-05-31T16:00:00Z,73546.13,yes
KXBTC15M-26MAY311215-15,2026-05-31T16:00:00Z,2026-05-31T16:15:00Z,73563.99,no
KXBTC15M-26MAY311230-30,2026-05-31T16:15:00Z,2026-05-31T16:30:00Z,73533.56,no
KXBTC15M-26MAY311245-45,2026-05-31T16:30:00Z,2026-05-31T16:45:00Z,73501.9,no
KXBTC15M-26MAY311300-00,2026-05-31T16:45:00Z,2026-05-31T17:00:00Z,73409.39,yes
KXBTC15M-26MAY311315-15,2026-05-31T17:00:00Z,2026-05-31T17:15:00Z,73439.45,no
KXBTC15M-26MAY311330-30,2026-05-31T17:15:00Z,2026-05-31T17:30:00Z,73425.39,yes
KXBTC15M-26MAY311345-45,2026-05-31T17:30:00Z,2026-05-31T17:45:00Z,73505.54,yes
KXBTC15M-26MAY311400-00,2026-05-31T17:45:00Z,2026-05-31T18:00:00Z,73609.72,no
KXBTC15M-26MAY311415-15,2026-05-31T18:00:00Z,2026-05-31T18:15:00Z,73604.88,no
KXBTC15M-26MAY311430-30,2026-05-31T18:15:00Z,2026-05-31T18:30:00Z,73577.51,no
KXBTC15M-26MAY311445-45,2026-05-31T18:30:00Z,2026-05-31T18:45:00Z,73570.01,no
KXBTC15M-26MAY311500-00,2026-05-31T18:45:00Z,2026-05-31T19:00:00Z,73545.36,no
KXBTC15M-26MAY311515-15,2026-05-31T19:00:00Z,2026-05-31T19:15:00Z,73532.22,no
KXBTC15M-26MAY311530-30,2026-05-31T19:15:00Z,2026-05-31T19:30:00Z,73498.72,no
KXBTC15M-26MAY311545-45,2026-05-31T19:30:00Z,2026-05-31T19:45:00Z,73422.72,yes
KXBTC15M-26MAY311600-00,2026-05-31T19:45:00Z,2026-05-31T20:00:00Z,73444.55,yes
KXBTC15M-26MAY311615-15,2026-05-31T20:00:00Z,2026-05-31T20:15:00Z,73470.52,yes
KXBTC15M-26MAY311630-30,2026-05-31T20:15:00Z,2026-05-31T20:30:00Z,73574.96,yes
KXBTC15M-26MAY311645-45,2026-05-31T20:30:00Z,2026-05-31T20:45:00Z,73599.62,no
KXBTC15M-26MAY311700-00,2026-05-31T20:45:00Z,2026-05-31T21:00:00Z,73584.41,yes
KXBTC15M-26MAY311715-15,2026-05-31T21:00:00Z,2026-05-31T21:15:00Z,73637.64,no
KXBTC15M-26MAY311730-30,2026-05-31T21:15:00Z,2026-05-31T21:30:00Z,73587.76,no
KXBTC15M-26MAY311745-45,2026-05-31T21:30:00Z,2026-05-31T21:45:00Z,73547.11,yes
KXBTC15M-26MAY311800-00,2026-05-31T21:45:00Z,2026-05-31T22:00:00Z,73637.27,yes
KXBTC15M-26MAY311815-15,2026-05-31T22:00:00Z,2026-05-31T22:15:00Z,73784.56,yes
KXBTC15M-26MAY311830-30,2026-05-31T22:15:00Z,2026-05-31T22:30:00Z,73788.05,yes
KXBTC15M-26MAY311845-45,2026-05-31T22:30:00Z,2026-05-31T22:45:00Z,73804.9,no
KXBTC15M-26MAY311900-00,2026-05-31T22:45:00Z,2026-05-31T23:00:00Z,73803.61,yes
KXBTC15M-26MAY311915-15,2026-05-31T23:00:00Z,2026-05-31T23:15:00Z,73874.45,no
KXBTC15M-26MAY311930-30,2026-05-31T23:15:00Z,2026-05-31T23:30:00Z,73859.22,no
KXBTC15M-26MAY311945-45,2026-05-31T23:30:00Z,2026-05-31T23:45:00Z,73740.56,no
KXBTC15M-26MAY312000-00,2026-05-31T23:45:00Z,2026-06-01T00:00:00Z,73493.82,yes
KXBTC15M-26MAY312015-15,2026-06-01T00:00:00Z,2026-06-01T00:15:00Z,73578.23,yes
KXBTC15M-26MAY312030-30,2026-06-01T00:15:00Z,2026-06-01T00:30:00Z,73666.67,yes
KXBTC15M-26MAY312045-45,2026-06-01T00:30:00Z,2026-06-01T00:45:00Z,73844.18,yes
KXBTC15M-26MAY312100-00,2026-06-01T00:45:00Z,2026-06-01T01:00:00Z,73858.88,no
KXBTC15M-26MAY312115-15,2026-06-01T01:00:00Z,2026-06-01T01:15:00Z,73795.81,no
KXBTC15M-26MAY312130-30,2026-06-01T01:15:00Z,2026-06-01T01:30:00Z,73499.34,yes
KXBTC15M-26MAY312145-45,2026-06-01T01:30:00Z,2026-06-01T01:45:00Z,73524.03,no
KXBTC15M-26MAY312200-00,2026-06-01T01:45:00Z,2026-06-01T02:00:00Z,73389.82,no
KXBTC15M-26MAY312215-15,2026-06-01T02:00:00Z,2026-06-01T02:15:00Z,73211.42,yes
KXBTC15M-26MAY312230-30,2026-06-01T02:15:00Z,2026-06-01T02:30:00Z,73458.42,no
KXBTC15M-26MAY312245-45,2026-06-01T02:30:00Z,2026-06-01T02:45:00Z,73433.8,yes
KXBTC15M-26MAY312300-00,2026-06-01T02:45:00Z,2026-06-01T03:00:00Z,73696.85,yes
KXBTC15M-26MAY312315-15,2026-06-01T03:00:00Z,2026-06-01T03:15:00Z,73706.02,yes
KXBTC15M-26MAY312330-30,2026-06-01T03:15:00Z,2026-06-01T03:30:00Z,73789.24,yes
KXBTC15M-26MAY312345-45,2026-06-01T03:30:00Z,2026-06-01T03:45:00Z,73835.6,no
KXBTC15M-26JUN010000-00,2026-06-01T03:45:00Z,2026-06-01T04:00:00Z,73749.98,no
KXBTC15M-26JUN010015-15,2026-06-01T04:00:00Z,2026-06-01T04:15:00Z,73675.9,no
KXBTC15M-26JUN010030-30,2026-06-01T04:15:00Z,2026-06-01T04:30:00Z,73513.74,no
KXBTC15M-26JUN010045-45,2026-06-01T04:30:00Z,2026-06-01T04:45:00Z,73333.82,yes
KXBTC15M-26JUN010100-00,2026-06-01T04:45:00Z,2026-06-01T05:00:00Z,73392.71,yes
KXBTC15M-26JUN010115-15,2026-06-01T05:00:00Z,2026-06-01T05:15:00Z,73457.91,no
KXBTC15M-26JUN010130-30,2026-06-01T05:15:00Z,2026-06-01T05:30:00Z,73419.47,no
KXBTC15M-26JUN010145-45,2026-06-01T05:30:00Z,2026-06-01T05:45:00Z,73267.98,yes
KXBTC15M-26JUN010200-00,2026-06-01T05:45:00Z,2026-06-01T06:00:00Z,73327.55,no
KXBTC15M-26JUN010215-15,2026-06-01T06:00:00Z,2026-06-01T06:15:00Z,73259.05,no
KXBTC15M-26JUN010230-30,2026-06-01T06:15:00Z,2026-06-01T06:30:00Z,73189.97,no
KXBTC15M-26JUN010245-45,2026-06-01T06:30:00Z,2026-06-01T06:45:00Z,73099.77,no
KXBTC15M-26JUN010300-00,2026-06-01T06:45:00Z,2026-06-01T07:00:00Z,72939.52,yes
KXBTC15M-26JUN010315-15,2026-06-01T07:00:00Z,2026-06-01T07:15:00Z,73046.1,no
KXBTC15M-26JUN010330-30,2026-06-01T07:15:00Z,2026-06-01T07:30:00Z,73020.9,no
KXBTC15M-26JUN010345-45,2026-06-01T07:30:00Z,2026-06-01T07:45:00Z,72901.1,no
KXBTC15M-26JUN010400-00,2026-06-01T07:45:00Z,2026-06-01T08:00:00Z,72865.53,no
KXBTC15M-26JUN010415-15,2026-06-01T08:00:00Z,2026-06-01T08:15:00Z,72727.19,yes
KXBTC15M-26JUN010430-30,2026-06-01T08:15:00Z,2026-06-01T08:30:00Z,72733.48,no
KXBTC15M-26JUN010445-45,2026-06-01T08:30:00Z,2026-06-01T08:45:00Z,72637.38,yes
KXBTC15M-26JUN010500-00,2026-06-01T08:45:00Z,2026-06-01T09:00:00Z,72662.38,yes
KXBTC15M-26JUN010515-15,2026-06-01T09:00:00Z,2026-06-01T09:15:00Z,72808.88,yes
KXBTC15M-26JUN010530-30,2026-06-01T09:15:00Z,2026-06-01T09:30:00Z,72882.34,yes
KXBTC15M-26JUN010545-45,2026-06-01T09:30:00Z,2026-06-01T09:45:00Z,72921.44,no
KXBTC15M-26JUN010600-00,2026-06-01T09:45:00Z,2026-06-01T10:00:00Z,72856.45,no
KXBTC15M-26JUN010615-15,2026-06-01T10:00:00Z,2026-06-01T10:15:00Z,72800.66,no
KXBTC15M-26JUN010630-30,2026-06-01T10:15:00Z,2026-06-01T10:30:00Z,72714.31,no
KXBTC15M-26JUN010645-45,2026-06-01T10:30:00Z,2026-06-01T10:45:00Z,72610.67,no
KXBTC15M-26JUN010700-00,2026-06-01T10:45:00Z,2026-06-01T11:00:00Z,72603.67,yes
KXBTC15M-26JUN010715-15,2026-06-01T11:00:00Z,2026-06-01T11:15:00Z,72670.76,no
KXBTC15M-26JUN010730-30,2026-06-01T11:15:00Z,2026-06-01T11:30:00Z,72604.11,no
KXBTC15M-26JUN010745-45,2026-06-01T11:30:00Z,2026-06-01T11:45:00Z,72590.75,yes
KXBTC15M-26JUN010800-00,2026-06-01T11:45:00Z,2026-06-01T12:00:00Z,72646.61,no
KXBTC15M-26JUN010815-15,2026-06-01T12:00:00Z,2026-06-01T12:15:00Z,72325.92,no
KXBTC15M-26JUN010830-30,2026-06-01T12:15:00Z,2026-06-01T12:30:00Z,71959.39,yes
KXBTC15M-26JUN010845-45,2026-06-01T12:30:00Z,2026-06-01T12:45:00Z,72168.45,yes
KXBTC15M-26JUN010900-00,2026-06-01T12:45:00Z,2026-06-01T13:00:00Z,72183.49,no
KXBTC15M-26JUN010915-15,2026-06-01T13:00:00Z,2026-06-01T13:15:00Z,72126.36,no
KXBTC15M-26JUN010930-30,2026-06-01T13:15:00Z,2026-06-01T13:30:00Z,71729.04,no
KXBTC15M-26JUN010945-45,2026-06-01T13:30:00Z,2026-06-01T13:45:00Z,71722.76,no
KXBTC15M-26JUN011000-00,2026-06-01T13:45:00Z,2026-06-01T14:00:00Z,71555.66,yes
KXBTC15M-26JUN011015-15,2026-06-01T14:00:00Z,2026-06-01T14:15:00Z,71586.91,no
KXBTC15M-26JUN011030-30,2026-06-01T14:15:00Z,2026-06-01T14:30:00Z,71557.68,no
KXBTC15M-26JUN011045-45,2026-06-01T14:30:00Z,2026-06-01T14:45:00Z,71430.63,no
KXBTC15M-26JUN011100-00,2026-06-01T14:45:00Z,2026-06-01T15:00:00Z,71342.77,yes
KXBTC15M-26JUN011115-15,2026-06-01T15:00:00Z,2026-06-01T15:15:00Z,71401.85,yes
KXBTC15M-26JUN011130-30,2026-06-01T15:15:00Z,2026-06-01T15:30:00Z,71409.46,no
KXBTC15M-26JUN011145-45,2026-06-01T15:30:00Z,2026-06-01T15:45:00Z,71000.63,yes
KXBTC15M-26JUN011200-00,2026-06-01T15:45:00Z,2026-06-01T16:00:00Z,71165.76,no
KXBTC15M-26JUN011215-15,2026-06-01T16:00:00Z,2026-06-01T16:15:00Z,70985.18,no
KXBTC15M-26JUN011230-30,2026-06-01T16:15:00Z,2026-06-01T16:30:00Z,70725.79,yes
KXBTC15M-26JUN011245-45,2026-06-01T16:30:00Z,2026-06-01T16:45:00Z,70942.8,yes
KXBTC15M-26JUN011300-00,2026-06-01T16:45:00Z,2026-06-01T17:00:00Z,71234.07,yes
KXBTC15M-26JUN011315-15,2026-06-01T17:00:00Z,2026-06-01T17:15:00Z,71466.69,yes
KXBTC15M-26JUN011330-30,2026-06-01T17:15:00Z,2026-06-01T17:30:00Z,71510.74,no
KXBTC15M-26JUN011345-45,2026-06-01T17:30:00Z,2026-06-01T17:45:00Z,71475.82,yes
KXBTC15M-26JUN011400-00,2026-06-01T17:45:00Z,2026-06-01T18:00:00Z,71615.95,no
KXBTC15M-26JUN011415-15,2026-06-01T18:00:00Z,2026-06-01T18:15:00Z,71570,no
KXBTC15M-26JUN011430-30,2026-06-01T18:15:00Z,2026-06-01T18:30:00Z,71392.72,yes
KXBTC15M-26JUN011445-45,2026-06-01T18:30:00Z,2026-06-01T18:45:00Z,71429.34,yes
KXBTC15M-26JUN011500-00,2026-06-01T18:45:00Z,2026-06-01T19:00:00Z,71452.97,no
KXBTC15M-26JUN011515-15,2026-06-01T19:00:00Z,2026-06-01T19:15:00Z,71421.3,no
KXBTC15M-26JUN011530-30,2026-06-01T19:15:00Z,2026-06-01T19:30:00Z,71347.33,yes
KXBTC15M-26JUN011545-45,2026-06-01T19:30:00Z,2026-06-01T19:45:00Z,71481.79,yes
KXBTC15M-26JUN011600-00,2026-06-01T19:45:00Z,2026-06-01T20:00:00Z,71522.53,no
KXBTC15M-26JUN011615-15,2026-06-01T20:00:00Z,2026-06-01T20:15:00Z,71490.83,no
KXBTC15M-26JUN011630-30,2026-06-01T20:15:00Z,2026-06-01T20:30:00Z,71489.28,yes
KXBTC15M-26JUN011645-45,2026-06-01T20:30:00Z,2026-06-01T20:45:00Z,71511.91,yes
KXBTC15M-26JUN011700-00,2026-06-01T20:45:00Z,2026-06-01T21:00:00Z,71516.29,no
KXBTC15M-26JUN011715-15,2026-06-01T21:00:00Z,2026-06-01T21:15:00Z,71359.93,no
KXBTC15M-26JUN011730-30,2026-06-01T21:15:00Z,2026-06-01T21:30:00Z,71110.39,no
KXBTC15M-26JUN011745-45,2026-06-01T21:30:00Z,2026-06-01T21:45:00Z,71046.18,no
KXBTC15M-26JUN011800-00,2026-06-01T21:45:00Z,2026-06-01T22:00:00Z,70922.5,yes
KXBTC15M-26JUN011815-15,2026-06-01T22:00:00Z,2026-06-01T22:15:00Z,70962.09,no
KXBTC15M-26JUN011830-30,2026-06-01T22:15:00Z,2026-06-01T22:30:00Z,70889.64,yes
KXBTC15M-26JUN011845-45,2026-06-01T22:30:00Z,2026-06-01T22:45:00Z,71201.06,no
KXBTC15M-26JUN011900-00,2026-06-01T22:45:00Z,2026-06-01T23:00:00Z,71042.88,yes
KXBTC15M-26JUN011915-15,2026-06-01T23:00:00Z,2026-06-01T23:15:00Z,71329.23,no
KXBTC15M-26JUN011930-30,2026-06-01T23:15:00Z,2026-06-01T23:30:00Z,71266.4,no
KXBTC15M-26JUN011945-45,2026-06-01T23:30:00Z,2026-06-01T23:45:00Z,71167.9,yes
KXBTC15M-26JUN012000-00,2026-06-01T23:45:00Z,2026-06-02T00:00:00Z,71426.05,no
KXBTC15M-26JUN012015-15,2026-06-02T00:00:00Z,2026-06-02T00:15:00Z,71334.79,no
KXBTC15M-26JUN012030-30,2026-06-02T00:15:00Z,2026-06-02T00:30:00Z,71172.07,no
KXBTC15M-26JUN012045-45,2026-06-02T00:30:00Z,2026-06-02T00:45:00Z,71109.28,no
KXBTC15M-26JUN012100-00,2026-06-02T00:45:00Z,2026-06-02T01:00:00Z,71072.33,yes
KXBTC15M-26JUN012115-15,2026-06-02T01:00:00Z,2026-06-02T01:15:00Z,71183.19,yes
KXBTC15M-26JUN012130-30,2026-06-02T01:15:00Z,2026-06-02T01:30:00Z,71272.39,no
KXBTC15M-26JUN012145-45,2026-06-02T01:30:00Z,2026-06-02T01:45:00Z,71164.13,no
KXBTC15M-26JUN012200-00,2026-06-02T01:45:00Z,2026-06-02T02:00:00Z,70876.67,no
KXBTC15M-26JUN012215-15,2026-06-02T02:00:00Z,2026-06-02T02:15:00Z,70632.13,no
KXBTC15M-26JUN012230-30,2026-06-02T02:15:00Z,2026-06-02T02:30:00Z,70199.19,yes
KXBTC15M-26JUN012245-45,2026-06-02T02:30:00Z,2026-06-02T02:45:00Z,70690.19,no
KXBTC15M-26JUN012300-00,2026-06-02T02:45:00Z,2026-06-02T03:00:00Z,70504.4,yes
KXBTC15M-26JUN012315-15,2026-06-02T03:00:00Z,2026-06-02T03:15:00Z,70694.9,yes
KXBTC15M-26JUN012330-30,2026-06-02T03:15:00Z,2026-06-02T03:30:00Z,70812.6,yes
KXBTC15M-26JUN012345-45,2026-06-02T03:30:00Z,2026-06-02T03:45:00Z,70867.39,yes
KXBTC15M-26JUN020000-00,2026-06-02T03:45:00Z,2026-06-02T04:00:00Z,70884.43,no
KXBTC15M-26JUN020015-15,2026-06-02T04:00:00Z,2026-06-02T04:15:00Z,70855.57,no
KXBTC15M-26JUN020030-30,2026-06-02T04:15:00Z,2026-06-02T04:30:00Z,70686.1,yes
KXBTC15M-26JUN020045-45,2026-06-02T04:30:00Z,2026-06-02T04:45:00Z,70888.42,yes
KXBTC15M-26JUN020100-00,2026-06-02T04:45:00Z,2026-06-02T05:00:00Z,70911.65,no
KXBTC15M-26JUN020115-15,2026-06-02T05:00:00Z,2026-06-02T05:15:00Z,70701.22,yes
KXBTC15M-26JUN020130-30,2026-06-02T05:15:00Z,2026-06-02T05:30:00Z,70711,no
KXBTC15M-26JUN020145-45,2026-06-02T05:30:00Z,2026-06-02T05:45:00Z,70501.32,no
KXBTC15M-26JUN020200-00,2026-06-02T05:45:00Z,2026-06-02T06:00:00Z,70405.22,no
KXBTC15M-26JUN020215-15,2026-06-02T06:00:00Z,2026-06-02T06:15:00Z,70184.96,yes
KXBTC15M-26JUN020230-30,2026-06-02T06:15:00Z,2026-06-02T06:30:00Z,70209.62,yes
KXBTC15M-26JUN020245-45,2026-06-02T06:30:00Z,2026-06-02T06:45:00Z,70270.05,no
KXBTC15M-26JUN020300-00,2026-06-02T06:45:00Z,2026-06-02T07:00:00Z,70182.11,no
KXBTC15M-26JUN020315-15,2026-06-02T07:00:00Z,2026-06-02T07:15:00Z,70008.12,no
KXBTC15M-26JUN020330-30,2026-06-02T07:15:00Z,2026-06-02T07:30:00Z,69963.67,no
KXBTC15M-26JUN020345-45,2026-06-02T07:30:00Z,2026-06-02T07:45:00Z,69805.01,yes
KXBTC15M-26JUN020400-00,2026-06-02T07:45:00Z,2026-06-02T08:00:00Z,70114.9,no
KXBTC15M-26JUN020415-15,2026-06-02T08:00:00Z,2026-06-02T08:15:00Z,70026.42,no
KXBTC15M-26JUN020430-30,2026-06-02T08:15:00Z,2026-06-02T08:30:00Z,69963.61,no
KXBTC15M-26JUN020445-45,2026-06-02T08:30:00Z,2026-06-02T08:45:00Z,69902.58,no
KXBTC15M-26JUN020500-00,2026-06-02T08:45:00Z,2026-06-02T09:00:00Z,69794.32,no
KXBTC15M-26JUN020515-15,2026-06-02T09:00:00Z,2026-06-02T09:15:00Z,69712.58,no
KXBTC15M-26JUN020530-30,2026-06-02T09:15:00Z,2026-06-02T09:30:00Z,69468.15,no
KXBTC15M-26JUN020545-45,2026-06-02T09:30:00Z,2026-06-02T09:45:00Z,69283.23,yes
KXBTC15M-26JUN020600-00,2026-06-02T09:45:00Z,2026-06-02T10:00:00Z,69414.78,no
KXBTC15M-26JUN020615-15,2026-06-02T10:00:00Z,2026-06-02T10:15:00Z,69321.26,yes
KXBTC15M-26JUN020630-30,2026-06-02T10:15:00Z,2026-06-02T10:30:00Z,69572.35,no
KXBTC15M-26JUN020645-45,2026-06-02T10:30:00Z,2026-06-02T10:45:00Z,69539.97,no
KXBTC15M-26JUN020700-00,2026-06-02T10:45:00Z,2026-06-02T11:00:00Z,69382.11,yes
KXBTC15M-26JUN020715-15,2026-06-02T11:00:00Z,2026-06-02T11:15:00Z,69570.46,no
KXBTC15M-26JUN020730-30,2026-06-02T11:15:00Z,2026-06-02T11:30:00Z,69454.51,no
KXBTC15M-26JUN020745-45,2026-06-02T11:30:00Z,2026-06-02T11:45:00Z,69387.43,yes
KXBTC15M-26JUN020800-00,2026-06-02T11:45:00Z,2026-06-02T12:00:00Z,69396.09,yes
KXBTC15M-26JUN020815-15,2026-06-02T12:00:00Z,2026-06-02T12:15:00Z,69398.38,no
KXBTC15M-26JUN020830-30,2026-06-02T12:15:00Z,2026-06-02T12:30:00Z,69258.49,no
KXBTC15M-26JUN020845-45,2026-06-02T12:30:00Z,2026-06-02T12:45:00Z,69189.08,no
KXBTC15M-26JUN020900-00,2026-06-02T12:45:00Z,2026-06-02T13:00:00Z,69129.56,no
KXBTC15M-26JUN020915-15,2026-06-02T13:00:00Z,2026-06-02T13:15:00Z,68975.68,no
KXBTC15M-26JUN020930-30,2026-06-02T13:15:00Z,2026-06-02T13:30:00Z,68855.95,yes
KXBTC15M-26JUN020945-45,2026-06-02T13:30:00Z,2026-06-02T13:45:00Z,68923.35,no
KXBTC15M-26JUN021000-00,2026-06-02T13:45:00Z,2026-06-02T14:00:00Z,68786.72,no
KXBTC15M-26JUN021015-15,2026-06-02T14:00:00Z,2026-06-02T14:15:00Z,68680.28,no
KXBTC15M-26JUN021030-30,2026-06-02T14:15:00Z,2026-06-02T14:30:00Z,68508.39,no
KXBTC15M-26JUN021045-45,2026-06-02T14:30:00Z,2026-06-02T14:45:00Z,67790.3,yes
KXBTC15M-26JUN021100-00,2026-06-02T14:45:00Z,2026-06-02T15:00:00Z,67861.82,yes
KXBTC15M-26JUN021115-15,2026-06-02T15:00:00Z,2026-06-02T15:15:00Z,67876.14,no
KXBTC15M-26JUN021130-30,2026-06-02T15:15:00Z,2026-06-02T15:30:00Z,67711.8,no
KXBTC15M-26JUN021145-45,2026-06-02T15:30:00Z,2026-06-02T15:45:00Z,67372.35,no
KXBTC15M-26JUN021200-00,2026-06-02T15:45:00Z,2026-06-02T16:00:00Z,67176.06,yes
KXBTC15M-26JUN021215-15,2026-06-02T16:00:00Z,2026-06-02T16:15:00Z,67192.48,yes
KXBTC15M-26JUN021230-30,2026-06-02T16:15:00Z,2026-06-02T16:30:00Z,67817.93,no
KXBTC15M-26JUN021245-45,2026-06-02T16:30:00Z,2026-06-02T16:45:00Z,67717.23,no
KXBTC15M-26JUN021300-00,2026-06-02T16:45:00Z,2026-06-02T17:00:00Z,67527.45,no
KXBTC15M-26JUN021315-15,2026-06-02T17:00:00Z,2026-06-02T17:15:00Z,67317.28,yes
KXBTC15M-26JUN021330-30,2026-06-02T17:15:00Z,2026-06-02T17:30:00Z,67380.06,yes
KXBTC15M-26JUN021345-45,2026-06-02T17:30:00Z,2026-06-02T17:45:00Z,67622.08,no
KXBTC15M-26JUN021400-00,2026-06-02T17:45:00Z,2026-06-02T18:00:00Z,67387.22,yes
KXBTC15M-26JUN021415-15,2026-06-02T18:00:00Z,2026-06-02T18:15:00Z,67390.43,yes
KXBTC15M-26JUN021430-30,2026-06-02T18:15:00Z,2026-06-02T18:30:00Z,67505.29,no
KXBTC15M-26JUN021445-45,2026-06-02T18:30:00Z,2026-06-02T18:45:00Z,67244.09,no
KXBTC15M-26JUN021500-00,2026-06-02T18:45:00Z,2026-06-02T19:00:00Z,67175.84,yes
KXBTC15M-26JUN021515-15,2026-06-02T19:00:00Z,2026-06-02T19:15:00Z,67243.58,no
KXBTC15M-26JUN021530-30,2026-06-02T19:15:00Z,2026-06-02T19:30:00Z,67236.57,no
KXBTC15M-26JUN021545-45,2026-06-02T19:30:00Z,2026-06-02T19:45:00Z,66898.14,no
KXBTC15M-26JUN021600-00,2026-06-02T19:45:00Z,2026-06-02T20:00:00Z,66835.26,yes
KXBTC15M-26JUN021615-15,2026-06-02T20:00:00Z,2026-06-02T20:15:00Z,67180.88,yes
KXBTC15M-26JUN021630-30,2026-06-02T20:15:00Z,2026-06-02T20:30:00Z,67267.84,no
KXBTC15M-26JUN021645-45,2026-06-02T20:30:00Z,2026-06-02T20:45:00Z,66855.14,yes
KXBTC15M-26JUN021700-00,2026-06-02T20:45:00Z,2026-06-02T21:00:00Z,67181.16,yes
KXBTC15M-26JUN021715-15,2026-06-02T21:00:00Z,2026-06-02T21:15:00Z,67498.77,no
KXBTC15M-26JUN021730-30,2026-06-02T21:15:00Z,2026-06-02T21:30:00Z,67362.78,yes
KXBTC15M-26JUN021745-45,2026-06-02T21:30:00Z,2026-06-02T21:45:00Z,67751.95,no
KXBTC15M-26JUN021800-00,2026-06-02T21:45:00Z,2026-06-02T22:00:00Z,67637.68,no
KXBTC15M-26JUN021815-15,2026-06-02T22:00:00Z,2026-06-02T22:15:00Z,67481.21,no
KXBTC15M-26JUN021830-30,2026-06-02T22:15:00Z,2026-06-02T22:30:00Z,67147.1,yes
KXBTC15M-26JUN021845-45,2026-06-02T22:30:00Z,2026-06-02T22:45:00Z,67247.97,no
KXBTC15M-26JUN021900-00,2026-06-02T22:45:00Z,2026-06-02T23:00:00Z,66867.76,no
KXBTC15M-26JUN021915-15,2026-06-02T23:00:00Z,2026-06-02T23:15:00Z,66251.23,yes
KXBTC15M-26JUN021930-30,2026-06-02T23:15:00Z,2026-06-02T23:30:00Z,66570.71,no
KXBTC15M-26JUN021945-45,2026-06-02T23:30:00Z,2026-06-02T23:45:00Z,66334.73,yes
KXBTC15M-26JUN022000-00,2026-06-02T23:45:00Z,2026-06-03T00:00:00Z,66596.1,yes
KXBTC15M-26JUN022015-15,2026-06-03T00:00:00Z,2026-06-03T00:15:00Z,66673.06,yes
KXBTC15M-26JUN022030-30,2026-06-03T00:15:00Z,2026-06-03T00:30:00Z,66744.06,no
KXBTC15M-26JUN022045-45,2026-06-03T00:30:00Z,2026-06-03T00:45:00Z,66697.46,yes
KXBTC15M-26JUN022100-00,2026-06-03T00:45:00Z,2026-06-03T01:00:00Z,66982.38,no
KXBTC15M-26JUN022115-15,2026-06-03T01:00:00Z,2026-06-03T01:15:00Z,66871.53,no
KXBTC15M-26JUN022130-30,2026-06-03T01:15:00Z,2026-06-03T01:30:00Z,66725.1,yes
KXBTC15M-26JUN022145-45,2026-06-03T01:30:00Z,2026-06-03T01:45:00Z,66949.43,no
KXBTC15M-26JUN022200-00,2026-06-03T01:45:00Z,2026-06-03T02:00:00Z,66418.78,yes
KXBTC15M-26JUN022215-15,2026-06-03T02:00:00Z,2026-06-03T02:15:00Z,66846.01,no
KXBTC15M-26JUN022230-30,2026-06-03T02:15:00Z,2026-06-03T02:30:00Z,66765.24,no
KXBTC15M-26JUN022245-45,2026-06-03T02:30:00Z,2026-06-03T02:45:00Z,66585.18,yes
KXBTC15M-26JUN022300-00,2026-06-03T02:45:00Z,2026-06-03T03:00:00Z,66673.09,no
KXBTC15M-26JUN022315-15,2026-06-03T03:00:00Z,2026-06-03T03:15:00Z,66545.81,no
KXBTC15M-26JUN022330-30,2026-06-03T03:15:00Z,2026-06-03T03:30:00Z,66400.68,no
KXBTC15M-26JUN022345-45,2026-06-03T03:30:00Z,2026-06-03T03:45:00Z,66055.21,no
KXBTC15M-26JUN030000-00,2026-06-03T03:45:00Z,2026-06-03T04:00:00Z,65739.15,yes
KXBTC15M-26JUN030015-15,2026-06-03T04:00:00Z,2026-06-03T04:15:00Z,65770.85,yes
KXBTC15M-26JUN030030-30,2026-06-03T04:15:00Z,2026-06-03T04:30:00Z,66269.04,yes
KXBTC15M-26JUN030045-45,2026-06-03T04:30:00Z,2026-06-03T04:45:00Z,66508.58,no
KXBTC15M-26JUN030100-00,2026-06-03T04:45:00Z,2026-06-03T05:00:00Z,66362.58,yes
KXBTC15M-26JUN030115-15,2026-06-03T05:00:00Z,2026-06-03T05:15:00Z,66382.72,yes
KXBTC15M-26JUN030130-30,2026-06-03T05:15:00Z,2026-06-03T05:30:00Z,67078.65,no
KXBTC15M-26JUN030145-45,2026-06-03T05:30:00Z,2026-06-03T05:45:00Z,66988.91,no
KXBTC15M-26JUN030200-00,2026-06-03T05:45:00Z,2026-06-03T06:00:00Z,66948.74,yes
KXBTC15M-26JUN030215-15,2026-06-03T06:00:00Z,2026-06-03T06:15:00Z,67274.24,no
KXBTC15M-26JUN030230-30,2026-06-03T06:15:00Z,2026-06-03T06:30:00Z,67073.78,yes
KXBTC15M-26JUN030245-45,2026-06-03T06:30:00Z,2026-06-03T06:45:00Z,67172.25,yes
KXBTC15M-26JUN030300-00,2026-06-03T06:45:00Z,2026-06-03T07:00:00Z,67247.32,no
KXBTC15M-26JUN030315-15,2026-06-03T07:00:00Z,2026-06-03T07:15:00Z,66906.51,yes
KXBTC15M-26JUN030330-30,2026-06-03T07:15:00Z,2026-06-03T07:30:00Z,67039.4,yes
KXBTC15M-26JUN030345-45,2026-06-03T07:30:00Z,2026-06-03T07:45:00Z,67123.57,no
KXBTC15M-26JUN030400-00,2026-06-03T07:45:00Z,2026-06-03T08:00:00Z,67117.15,yes
KXBTC15M-26JUN030415-15,2026-06-03T08:00:00Z,2026-06-03T08:15:00Z,67139.87,no
KXBTC15M-26JUN030430-30,2026-06-03T08:15:00Z,2026-06-03T08:30:00Z,67009.15,no
KXBTC15M-26JUN030445-45,2026-06-03T08:30:00Z,2026-06-03T08:45:00Z,66949.44,yes
KXBTC15M-26JUN030500-00,2026-06-03T08:45:00Z,2026-06-03T09:00:00Z,67017.61,no
KXBTC15M-26JUN030515-15,2026-06-03T09:00:00Z,2026-06-03T09:15:00Z,66941.22,no
KXBTC15M-26JUN030530-30,2026-06-03T09:15:00Z,2026-06-03T09:30:00Z,66892.67,no
KXBTC15M-26JUN030545-45,2026-06-03T09:30:00Z,2026-06-03T09:45:00Z,66752.9,no
KXBTC15M-26JUN030600-00,2026-06-03T09:45:00Z,2026-06-03T10:00:00Z,66645.26,yes
KXBTC15M-26JUN030615-15,2026-06-03T10:00:00Z,2026-06-03T10:15:00Z,67012.18,yes
KXBTC15M-26JUN030630-30,2026-06-03T10:15:00Z,2026-06-03T10:30:00Z,67218.99,no
KXBTC15M-26JUN030645-45,2026-06-03T10:30:00Z,2026-06-03T10:45:00Z,67208.61,no
KXBTC15M-26JUN030700-00,2026-06-03T10:45:00Z,2026-06-03T11:00:00Z,67170.13,yes
KXBTC15M-26JUN030715-15,2026-06-03T11:00:00Z,2026-06-03T11:15:00Z,67201.8,yes
KXBTC15M-26JUN030730-30,2026-06-03T11:15:00Z,2026-06-03T11:30:00Z,67209.8,yes
KXBTC15M-26JUN030745-45,2026-06-03T11:30:00Z,2026-06-03T11:45:00Z,67252.13,no
KXBTC15M-26JUN030800-00,2026-06-03T11:45:00Z,2026-06-03T12:00:00Z,67075.67,no
KXBTC15M-26JUN030815-15,2026-06-03T12:00:00Z,2026-06-03T12:15:00Z,66985.33,no
KXBTC15M-26JUN030830-30,2026-06-03T12:15:00Z,2026-06-03T12:30:00Z,66874.58,yes
KXBTC15M-26JUN030845-45,2026-06-03T12:30:00Z,2026-06-03T12:45:00Z,66955.24,no
KXBTC15M-26JUN030900-00,2026-06-03T12:45:00Z,2026-06-03T13:00:00Z,66874.73,yes
KXBTC15M-26JUN030915-15,2026-06-03T13:00:00Z,2026-06-03T13:15:00Z,66995.99,yes
KXBTC15M-26JUN030930-30,2026-06-03T13:15:00Z,2026-06-03T13:30:00Z,67047.43,no
KXBTC15M-26JUN030945-45,2026-06-03T13:30:00Z,2026-06-03T13:45:00Z,66761.5,no
KXBTC15M-26JUN031000-00,2026-06-03T13:45:00Z,2026-06-03T14:00:00Z,66645.07,yes
KXBTC15M-26JUN031015-15,2026-06-03T14:00:00Z,2026-06-03T14:15:00Z,66803.07,no
KXBTC15M-26JUN031030-30,2026-06-03T14:15:00Z,2026-06-03T14:30:00Z,66766.15,no
KXBTC15M-26JUN031045-45,2026-06-03T14:30:00Z,2026-06-03T14:45:00Z,66641.35,yes
KXBTC15M-26JUN031100-00,2026-06-03T14:45:00Z,2026-06-03T15:00:00Z,66667.54,yes
KXBTC15M-26JUN031115-15,2026-06-03T15:00:00Z,2026-06-03T15:15:00Z,66762.99,no
KXBTC15M-26JUN031130-30,2026-06-03T15:15:00Z,2026-06-03T15:30:00Z,66430.41,yes
KXBTC15M-26JUN031145-45,2026-06-03T15:30:00Z,2026-06-03T15:45:00Z,66478.11,no
KXBTC15M-26JUN031200-00,2026-06-03T15:45:00Z,2026-06-03T16:00:00Z,66248.05,no
KXBTC15M-26JUN031215-15,2026-06-03T16:00:00Z,2026-06-03T16:15:00Z,65999.19,yes
KXBTC15M-26JUN031230-30,2026-06-03T16:15:00Z,2026-06-03T16:30:00Z,66090.09,no
KXBTC15M-26JUN031245-45,2026-06-03T16:30:00Z,2026-06-03T16:45:00Z,65545.71,yes
KXBTC15M-26JUN031300-00,2026-06-03T16:45:00Z,2026-06-03T17:00:00Z,65831.96,yes
KXBTC15M-26JUN031315-15,2026-06-03T17:00:00Z,2026-06-03T17:15:00Z,65970.37,no
KXBTC15M-26JUN031330-30,2026-06-03T17:15:00Z,2026-06-03T17:30:00Z,65645.03,yes
KXBTC15M-26JUN031345-45,2026-06-03T17:30:00Z,2026-06-03T17:45:00Z,65854.77,yes
KXBTC15M-26JUN031400-00,2026-06-03T17:45:00Z,2026-06-03T18:00:00Z,66026.14,no
KXBTC15M-26JUN031415-15,2026-06-03T18:00:00Z,2026-06-03T18:15:00Z,65884.97,no
KXBTC15M-26JUN031430-30,2026-06-03T18:15:00Z,2026-06-03T18:30:00Z,65882.78,no
KXBTC15M-26JUN031445-45,2026-06-03T18:30:00Z,2026-06-03T18:45:00Z,65808.65,yes
KXBTC15M-26JUN031500-00,2026-06-03T18:45:00Z,2026-06-03T19:00:00Z,65960.97,no
KXBTC15M-26JUN031515-15,2026-06-03T19:00:00Z,2026-06-03T19:15:00Z,65957.33,no
KXBTC15M-26JUN031530-30,2026-06-03T19:15:00Z,2026-06-03T19:30:00Z,65861.21,no
KXBTC15M-26JUN031545-45,2026-06-03T19:30:00Z,2026-06-03T19:45:00Z,65546.59,yes
KXBTC15M-26JUN031600-00,2026-06-03T19:45:00Z,2026-06-03T20:00:00Z,65697.18,no
KXBTC15M-26JUN031615-15,2026-06-03T20:00:00Z,2026-06-03T20:15:00Z,65380.34,yes
KXBTC15M-26JUN031630-30,2026-06-03T20:15:00Z,2026-06-03T20:30:00Z,65494.46,no
KXBTC15M-26JUN031645-45,2026-06-03T20:30:00Z,2026-06-03T20:45:00Z,65453.27,no
KXBTC15M-26JUN031700-00,2026-06-03T20:45:00Z,2026-06-03T21:00:00Z,65122.87,no
KXBTC15M-26JUN031715-15,2026-06-03T21:00:00Z,2026-06-03T21:15:00Z,64912.23,yes
KXBTC15M-26JUN031730-30,2026-06-03T21:15:00Z,2026-06-03T21:30:00Z,65355.07,yes
KXBTC15M-26JUN031745-45,2026-06-03T21:30:00Z,2026-06-03T21:45:00Z,65451.35,no
KXBTC15M-26JUN031800-00,2026-06-03T21:45:00Z,2026-06-03T22:00:00Z,65419.01,yes
KXBTC15M-26JUN031815-15,2026-06-03T22:00:00Z,2026-06-03T22:15:00Z,65672.31,no
KXBTC15M-26JUN031830-30,2026-06-03T22:15:00Z,2026-06-03T22:30:00Z,65257.69,no
KXBTC15M-26JUN031845-45,2026-06-03T22:30:00Z,2026-06-03T22:45:00Z,65059.18,no
KXBTC15M-26JUN031900-00,2026-06-03T22:45:00Z,2026-06-03T23:00:00Z,64967.88,no
KXBTC15M-26JUN031915-15,2026-06-03T23:00:00Z,2026-06-03T23:15:00Z,64787.52,no
KXBTC15M-26JUN031930-30,2026-06-03T23:15:00Z,2026-06-03T23:30:00Z,64566.91,no
KXBTC15M-26JUN031945-45,2026-06-03T23:30:00Z,2026-06-03T23:45:00Z,64407.05,no
KXBTC15M-26JUN032000-00,2026-06-03T23:45:00Z,2026-06-04T00:00:00Z,64181.27,no
KXBTC15M-26JUN032015-15,2026-06-04T00:00:00Z,2026-06-04T00:15:00Z,64026.85,yes
KXBTC15M-26JUN032030-30,2026-06-04T00:15:00Z,2026-06-04T00:30:00Z,64240.86,no
KXBTC15M-26JUN032045-45,2026-06-04T00:30:00Z,2026-06-04T00:45:00Z,63453.64,yes
KXBTC15M-26JUN032100-00,2026-06-04T00:45:00Z,2026-06-04T01:00:00Z,63465.36,no
KXBTC15M-26JUN032115-15,2026-06-04T01:00:00Z,2026-06-04T01:15:00Z,63221.29,no
KXBTC15M-26JUN032130-30,2026-06-04T01:15:00Z,2026-06-04T01:30:00Z,63082.85,no
KXBTC15M-26JUN032145-45,2026-06-04T01:30:00Z,2026-06-04T01:45:00Z,62650.06,yes
KXBTC15M-26JUN032200-00,2026-06-04T01:45:00Z,2026-06-04T02:00:00Z,62762.5,no
KXBTC15M-26JUN032215-15,2026-06-04T02:00:00Z,2026-06-04T02:15:00Z,62111.88,yes
KXBTC15M-26JUN032230-30,2026-06-04T02:15:00Z,2026-06-04T02:30:00Z,62364.13,yes
KXBTC15M-26JUN032245-45,2026-06-04T02:30:00Z,2026-06-04T02:45:00Z,62922.46,yes
KXBTC15M-26JUN032300-00,2026-06-04T02:45:00Z,2026-06-04T03:00:00Z,63352.22,no
KXBTC15M-26JUN032315-15,2026-06-04T03:00:00Z,2026-06-04T03:15:00Z,63139.63,yes
KXBTC15M-26JUN032330-30,2026-06-04T03:15:00Z,2026-06-04T03:30:00Z,63852.55,yes
KXBTC15M-26JUN032345-45,2026-06-04T03:30:00Z,2026-06-04T03:45:00Z,63888.74,yes
KXBTC15M-26JUN040000-00,2026-06-04T03:45:00Z,2026-06-04T04:00:00Z,64370.79,no
KXBTC15M-26JUN040015-15,2026-06-04T04:00:00Z,2026-06-04T04:15:00Z,64290.56,yes
KXBTC15M-26JUN040030-30,2026-06-04T04:15:00Z,2026-06-04T04:30:00Z,64562.42,no
KXBTC15M-26JUN040045-45,2026-06-04T04:30:00Z,2026-06-04T04:45:00Z,64559.36,no
KXBTC15M-26JUN040100-00,2026-06-04T04:45:00Z,2026-06-04T05:00:00Z,64376.11,no
KXBTC15M-26JUN040115-15,2026-06-04T05:00:00Z,2026-06-04T05:15:00Z,64327.8,no
KXBTC15M-26JUN040130-30,2026-06-04T05:15:00Z,2026-06-04T05:30:00Z,63809.83,no
KXBTC15M-26JUN040145-45,2026-06-04T05:30:00Z,2026-06-04T05:45:00Z,63809.55,yes
KXBTC15M-26JUN040200-00,2026-06-04T05:45:00Z,2026-06-04T06:00:00Z,64216.85,no
KXBTC15M-26JUN040515-15,2026-06-04T09:00:00Z,2026-06-04T09:15:00Z,63562.49,no
KXBTC15M-26JUN040530-30,2026-06-04T09:15:00Z,2026-06-04T09:30:00Z,63299.4,no
KXBTC15M-26JUN040545-45,2026-06-04T09:30:00Z,2026-06-04T09:45:00Z,62795.49,yes
KXBTC15M-26JUN040600-00,2026-06-04T09:45:00Z,2026-06-04T10:00:00Z,62820.59,yes
KXBTC15M-26JUN040615-15,2026-06-04T10:00:00Z,2026-06-04T10:15:00Z,63140.73,no
KXBTC15M-26JUN040630-30,2026-06-04T10:15:00Z,2026-06-04T10:30:00Z,62831.42,no
KXBTC15M-26JUN040645-45,2026-06-04T10:30:00Z,2026-06-04T10:45:00Z,62459.51,yes
KXBTC15M-26JUN040700-00,2026-06-04T10:45:00Z,2026-06-04T11:00:00Z,62609.33,no
KXBTC15M-26JUN040715-15,2026-06-04T11:00:00Z,2026-06-04T11:15:00Z,62388.7,no
KXBTC15M-26JUN040730-30,2026-06-04T11:15:00Z,2026-06-04T11:30:00Z,62209.78,yes
KXBTC15M-26JUN040745-45,2026-06-04T11:30:00Z,2026-06-04T11:45:00Z,62552.81,no
KXBTC15M-26JUN040800-00,2026-06-04T11:45:00Z,2026-06-04T12:00:00Z,62180.56,yes
KXBTC15M-26JUN040815-15,2026-06-04T12:00:00Z,2026-06-04T12:15:00Z,62479.94,no
KXBTC15M-26JUN040830-30,2026-06-04T12:15:00Z,2026-06-04T12:30:00Z,62458.84,yes
KXBTC15M-26JUN040845-45,2026-06-04T12:30:00Z,2026-06-04T12:45:00Z,63215.65,yes
KXBTC15M-26JUN040900-00,2026-06-04T12:45:00Z,2026-06-04T13:00:00Z,63562.47,yes
KXBTC15M-26JUN040915-15,2026-06-04T13:00:00Z,2026-06-04T13:15:00Z,63695.78,no
KXBTC15M-26JUN040930-30,2026-06-04T13:15:00Z,2026-06-04T13:30:00Z,63582.26,no
KXBTC15M-26JUN040945-45,2026-06-04T13:30:00Z,2026-06-04T13:45:00Z,63194.17,yes
KXBTC15M-26JUN041000-00,2026-06-04T13:45:00Z,2026-06-04T14:00:00Z,63736.38,yes
KXBTC15M-26JUN041015-15,2026-06-04T14:00:00Z,2026-06-04T14:15:00Z,64122.58,yes
KXBTC15M-26JUN041030-30,2026-06-04T14:15:00Z,2026-06-04T14:30:00Z,64350.69,no
KXBTC15M-26JUN041045-45,2026-06-04T14:30:00Z,2026-06-04T14:45:00Z,64080.76,no
KXBTC15M-26JUN041100-00,2026-06-04T14:45:00Z,2026-06-04T15:00:00Z,63951.32,no
KXBTC15M-26JUN041115-15,2026-06-04T15:00:00Z,2026-06-04T15:15:00Z,63894.63,yes
KXBTC15M-26JUN041130-30,2026-06-04T15:15:00Z,2026-06-04T15:30:00Z,64256.34,no
KXBTC15M-26JUN041145-45,2026-06-04T15:30:00Z,2026-06-04T15:45:00Z,63922.9,no
KXBTC15M-26JUN041200-00,2026-06-04T15:45:00Z,2026-06-04T16:00:00Z,63793.36,yes
KXBTC15M-26JUN041215-15,2026-06-04T16:00:00Z,2026-06-04T16:15:00Z,63883.33,no
KXBTC15M-26JUN041230-30,2026-06-04T16:15:00Z,2026-06-04T16:30:00Z,63610.37,no
KXBTC15M-26JUN041245-45,2026-06-04T16:30:00Z,2026-06-04T16:45:00Z,63597.56,yes
KXBTC15M-26JUN041300-00,2026-06-04T16:45:00Z,2026-06-04T17:00:00Z,63735.4,no
KXBTC15M-26JUN041315-15,2026-06-04T17:00:00Z,2026-06-04T17:15:00Z,63493.59,yes
KXBTC15M-26JUN041330-30,2026-06-04T17:15:00Z,2026-06-04T17:30:00Z,63528.59,no
KXBTC15M-26JUN041345-45,2026-06-04T17:30:00Z,2026-06-04T17:45:00Z,63142.25,no
KXBTC15M-26JUN041400-00,2026-06-04T17:45:00Z,2026-06-04T18:00:00Z,62942,yes
KXBTC15M-26JUN041415-15,2026-06-04T18:00:00Z,2026-06-04T18:15:00Z,63454.3,no
KXBTC15M-26JUN041430-30,2026-06-04T18:15:00Z,2026-06-04T18:30:00Z,63116.28,yes
KXBTC15M-26JUN041445-45,2026-06-04T18:30:00Z,2026-06-04T18:45:00Z,63702.26,yes
KXBTC15M-26JUN041500-00,2026-06-04T18:45:00Z,2026-06-04T19:00:00Z,63850.01,no
KXBTC15M-26JUN041515-15,2026-06-04T19:00:00Z,2026-06-04T19:15:00Z,63765.68,no
KXBTC15M-26JUN041530-30,2026-06-04T19:15:00Z,2026-06-04T19:30:00Z,63723.7,yes
KXBTC15M-26JUN041545-45,2026-06-04T19:30:00Z,2026-06-04T19:45:00Z,64047.6,no
KXBTC15M-26JUN041600-00,2026-06-04T19:45:00Z,2026-06-04T20:00:00Z,63719.04,no
KXBTC15M-26JUN041615-15,2026-06-04T20:00:00Z,2026-06-04T20:15:00Z,63598.59,no
KXBTC15M-26JUN041630-30,2026-06-04T20:15:00Z,2026-06-04T20:30:00Z,63441.31,no
KXBTC15M-26JUN041645-45,2026-06-04T20:30:00Z,2026-06-04T20:45:00Z,63188.73,yes
KXBTC15M-26JUN041700-00,2026-06-04T20:45:00Z,2026-06-04T21:00:00Z,63532.07,yes
KXBTC15M-26JUN041715-15,2026-06-04T21:00:00Z,2026-06-04T21:15:00Z,63578.9,yes
KXBTC15M-26JUN041730-30,2026-06-04T21:15:00Z,2026-06-04T21:30:00Z,63740.94,no
KXBTC15M-26JUN041745-45,2026-06-04T21:30:00Z,2026-06-04T21:45:00Z,63432.13,no
KXBTC15M-26JUN041800-00,2026-06-04T21:45:00Z,2026-06-04T22:00:00Z,63397.86,no
KXBTC15M-26JUN041815-15,2026-06-04T22:00:00Z,2026-06-04T22:15:00Z,63232.72,no
KXBTC15M-26JUN041830-30,2026-06-04T22:15:00Z,2026-06-04T22:30:00Z,63220.92,yes
KXBTC15M-26JUN041845-45,2026-06-04T22:30:00Z,2026-06-04T22:45:00Z,63298.02,yes
KXBTC15M-26JUN041900-00,2026-06-04T22:45:00Z,2026-06-04T23:00:00Z,63439.89,yes
KXBTC15M-26JUN041915-15,2026-06-04T23:00:00Z,2026-06-04T23:15:00Z,63692.33,no
KXBTC15M-26JUN041930-30,2026-06-04T23:15:00Z,2026-06-04T23:30:00Z,63563.94,no
KXBTC15M-26JUN041945-45,2026-06-04T23:30:00Z,2026-06-04T23:45:00Z,63437.03,yes
KXBTC15M-26JUN042000-00,2026-06-04T23:45:00Z,2026-06-05T00:00:00Z,63701.19,yes
KXBTC15M-26JUN042015-15,2026-06-05T00:00:00Z,2026-06-05T00:15:00Z,63815.34,no
KXBTC15M-26JUN042030-30,2026-06-05T00:15:00Z,2026-06-05T00:30:00Z,63599.08,yes
KXBTC15M-26JUN042045-45,2026-06-05T00:30:00Z,2026-06-05T00:45:00Z,63799.39,no
KXBTC15M-26JUN042100-00,2026-06-05T00:45:00Z,2026-06-05T01:00:00Z,63656.79,no
KXBTC15M-26JUN042115-15,2026-06-05T01:00:00Z,2026-06-05T01:15:00Z,63352.53,no
KXBTC15M-26JUN042130-30,2026-06-05T01:15:00Z,2026-06-05T01:30:00Z,63243.21,yes
KXBTC15M-26JUN042145-45,2026-06-05T01:30:00Z,2026-06-05T01:45:00Z,63253.92,yes
KXBTC15M-26JUN042200-00,2026-06-05T01:45:00Z,2026-06-05T02:00:00Z,63331.21,no
KXBTC15M-26JUN042215-15,2026-06-05T02:00:00Z,2026-06-05T02:15:00Z,63312.88,no
KXBTC15M-26JUN042230-30,2026-06-05T02:15:00Z,2026-06-05T02:30:00Z,63121.74,no
KXBTC15M-26JUN042245-45,2026-06-05T02:30:00Z,2026-06-05T02:45:00Z,62668.25,yes
KXBTC15M-26JUN042300-00,2026-06-05T02:45:00Z,2026-06-05T03:00:00Z,62707,no
KXBTC15M-26JUN042315-15,2026-06-05T03:00:00Z,2026-06-05T03:15:00Z,62547.94,no
KXBTC15M-26JUN042330-30,2026-06-05T03:15:00Z,2026-06-05T03:30:00Z,62319.83,yes
KXBTC15M-26JUN042345-45,2026-06-05T03:30:00Z,2026-06-05T03:45:00Z,62522.98,yes
KXBTC15M-26JUN050000-00,2026-06-05T03:45:00Z,2026-06-05T04:00:00Z,62602.52,yes
KXBTC15M-26JUN050015-15,2026-06-05T04:00:00Z,2026-06-05T04:15:00Z,62650.53,yes
KXBTC15M-26JUN050030-30,2026-06-05T04:15:00Z,2026-06-05T04:30:00Z,62783.4,yes
KXBTC15M-26JUN050045-45,2026-06-05T04:30:00Z,2026-06-05T04:45:00Z,63140.54,no
KXBTC15M-26JUN050100-00,2026-06-05T04:45:00Z,2026-06-05T05:00:00Z,62950.55,yes
KXBTC15M-26JUN050115-15,2026-06-05T05:00:00Z,2026-06-05T05:15:00Z,63544.52,no
KXBTC15M-26JUN050130-30,2026-06-05T05:15:00Z,2026-06-05T05:30:00Z,63312.16,yes
KXBTC15M-26JUN050145-45,2026-06-05T05:30:00Z,2026-06-05T05:45:00Z,63425.95,no
KXBTC15M-26JUN050200-00,2026-06-05T05:45:00Z,2026-06-05T06:00:00Z,62847.12,no
KXBTC15M-26JUN050215-15,2026-06-05T06:00:00Z,2026-06-05T06:15:00Z,62269.21,no
KXBTC15M-26JUN050230-30,2026-06-05T06:15:00Z,2026-06-05T06:30:00Z,62073.67,no
KXBTC15M-26JUN050245-45,2026-06-05T06:30:00Z,2026-06-05T06:45:00Z,61596.45,yes
KXBTC15M-26JUN050300-00,2026-06-05T06:45:00Z,2026-06-05T07:00:00Z,62047.66,no
KXBTC15M-26JUN050315-15,2026-06-05T07:00:00Z,2026-06-05T07:15:00Z,61868.44,no
KXBTC15M-26JUN050330-30,2026-06-05T07:15:00Z,2026-06-05T07:30:00Z,61478.53,yes
KXBTC15M-26JUN050345-45,2026-06-05T07:30:00Z,2026-06-05T07:45:00Z,62177.66,yes
KXBTC15M-26JUN050400-00,2026-06-05T07:45:00Z,2026-06-05T08:00:00Z,62790.98,yes
KXBTC15M-26JUN050415-15,2026-06-05T08:00:00Z,2026-06-05T08:15:00Z,63002.09,no
KXBTC15M-26JUN050430-30,2026-06-05T08:15:00Z,2026-06-05T08:30:00Z,62729.83,yes
KXBTC15M-26JUN050445-45,2026-06-05T08:30:00Z,2026-06-05T08:45:00Z,62771.83,no
KXBTC15M-26JUN050500-00,2026-06-05T08:45:00Z,2026-06-05T09:00:00Z,62527.7,no
KXBTC15M-26JUN050515-15,2026-06-05T09:00:00Z,2026-06-05T09:15:00Z,62408.8,yes
KXBTC15M-26JUN050530-30,2026-06-05T09:15:00Z,2026-06-05T09:30:00Z,62958.84,yes
KXBTC15M-26JUN050545-45,2026-06-05T09:30:00Z,2026-06-05T09:45:00Z,63070.68,no
KXBTC15M-26JUN050600-00,2026-06-05T09:45:00Z,2026-06-05T10:00:00Z,62769.34,yes
KXBTC15M-26JUN050615-15,2026-06-05T10:00:00Z,2026-06-05T10:15:00Z,62806.88,no
KXBTC15M-26JUN050630-30,2026-06-05T10:15:00Z,2026-06-05T10:30:00Z,62712.48,no
KXBTC15M-26JUN050645-45,2026-06-05T10:30:00Z,2026-06-05T10:45:00Z,62545.35,yes
KXBTC15M-26JUN050700-00,2026-06-05T10:45:00Z,2026-06-05T11:00:00Z,62580.5,no
KXBTC15M-26JUN050715-15,2026-06-05T11:00:00Z,2026-06-05T11:15:00Z,62503.25,no
KXBTC15M-26JUN050730-30,2026-06-05T11:15:00Z,2026-06-05T11:30:00Z,62283.56,yes
KXBTC15M-26JUN050745-45,2026-06-05T11:30:00Z,2026-06-05T11:45:00Z,62413.25,no
KXBTC15M-26JUN050800-00,2026-06-05T11:45:00Z,2026-06-05T12:00:00Z,62103.3,no
KXBTC15M-26JUN050815-15,2026-06-05T12:00:00Z,2026-06-05T12:15:00Z,61946.99,yes
KXBTC15M-26JUN050830-30,2026-06-05T12:15:00Z,2026-06-05T12:30:00Z,62109.46,yes
KXBTC15M-26JUN050845-45,2026-06-05T12:30:00Z,2026-06-05T12:45:00Z,62157.65,no
KXBTC15M-26JUN050900-00,2026-06-05T12:45:00Z,2026-06-05T13:00:00Z,61955.16,no
KXBTC15M-26JUN050915-15,2026-06-05T13:00:00Z,2026-06-05T13:15:00Z,61917.81,yes
KXBTC15M-26JUN050930-30,2026-06-05T13:15:00Z,2026-06-05T13:30:00Z,61998.7,yes
KXBTC15M-26JUN050945-45,2026-06-05T13:30:00Z,2026-06-05T13:45:00Z,62109.06,no
KXBTC15M-26JUN051000-00,2026-06-05T13:45:00Z,2026-06-05T14:00:00Z,61765.58,no
KXBTC15M-26JUN051015-15,2026-06-05T14:00:00Z,2026-06-05T14:15:00Z,60715.38,yes
KXBTC15M-26JUN051030-30,2026-06-05T14:15:00Z,2026-06-05T14:30:00Z,60813.42,no
KXBTC15M-26JUN051045-45,2026-06-05T14:30:00Z,2026-06-05T14:45:00Z,60352.24,yes
KXBTC15M-26JUN051100-00,2026-06-05T14:45:00Z,2026-06-05T15:00:00Z,,yes
KXBTC15M-26JUN051115-15,2026-06-05T15:00:00Z,2026-06-05T15:15:00Z,,no
KXBTC15M-26JUN051130-30,2026-06-05T15:15:00Z,2026-06-05T15:30:00Z,60542.6,yes
KXBTC15M-26JUN051145-45,2026-06-05T15:30:00Z,2026-06-05T15:45:00Z,60727.34,no
KXBTC15M-26JUN051200-00,2026-06-05T15:45:00Z,2026-06-05T16:00:00Z,60336.97,yes
KXBTC15M-26JUN051215-15,2026-06-05T16:00:00Z,2026-06-05T16:15:00Z,60438.4,yes
KXBTC15M-26JUN051230-30,2026-06-05T16:15:00Z,2026-06-05T16:30:00Z,60904.78,yes
KXBTC15M-26JUN051245-45,2026-06-05T16:30:00Z,2026-06-05T16:45:00Z,60921.59,no
KXBTC15M-26JUN051300-00,2026-06-05T16:45:00Z,2026-06-05T17:00:00Z,60805.83,yes
KXBTC15M-26JUN051315-15,2026-06-05T17:00:00Z,2026-06-05T17:15:00Z,61389.54,no
KXBTC15M-26JUN051330-30,2026-06-05T17:15:00Z,2026-06-05T17:30:00Z,61033.93,no
KXBTC15M-26JUN051345-45,2026-06-05T17:30:00Z,2026-06-05T17:45:00Z,60651.79,yes
KXBTC15M-26JUN051400-00,2026-06-05T17:45:00Z,2026-06-05T18:00:00Z,60816.1,no
KXBTC15M-26JUN051415-15,2026-06-05T18:00:00Z,2026-06-05T18:15:00Z,60750.02,no
KXBTC15M-26JUN051430-30,2026-06-05T18:15:00Z,2026-06-05T18:30:00Z,60639.5,no
KXBTC15M-26JUN051445-45,2026-06-05T18:30:00Z,2026-06-05T18:45:00Z,60112.3,no
KXBTC15M-26JUN051500-00,2026-06-05T18:45:00Z,2026-06-05T19:00:00Z,59790.42,no
KXBTC15M-26JUN051515-15,2026-06-05T19:00:00Z,2026-06-05T19:15:00Z,59366.86,no
KXBTC15M-26JUN051530-30,2026-06-05T19:15:00Z,2026-06-05T19:30:00Z,59345.73,yes
KXBTC15M-26JUN051545-45,2026-06-05T19:30:00Z,2026-06-05T19:45:00Z,59803.02,no
KXBTC15M-26JUN051600-00,2026-06-05T19:45:00Z,2026-06-05T20:00:00Z,59665.61,yes
KXBTC15M-26JUN051615-15,2026-06-05T20:00:00Z,2026-06-05T20:15:00Z,60340.2,yes
KXBTC15M-26JUN051630-30,2026-06-05T20:15:00Z,2026-06-05T20:30:00Z,60775.15,yes
KXBTC15M-26JUN051645-45,2026-06-05T20:30:00Z,2026-06-05T20:45:00Z,60941.59,yes
KXBTC15M-26JUN051700-00,2026-06-05T20:45:00Z,2026-06-05T21:00:00Z,61261.31,yes
KXBTC15M-26JUN051715-15,2026-06-05T21:00:00Z,2026-06-05T21:15:00Z,61638.06,yes
KXBTC15M-26JUN051730-30,2026-06-05T21:15:00Z,2026-06-05T21:30:00Z,61808.19,no
KXBTC15M-26JUN051745-45,2026-06-05T21:30:00Z,2026-06-05T21:45:00Z,61570.77,yes
KXBTC15M-26JUN051800-00,2026-06-05T21:45:00Z,2026-06-05T22:00:00Z,61867.3,no
KXBTC15M-26JUN051815-15,2026-06-05T22:00:00Z,2026-06-05T22:15:00Z,61658.1,no
KXBTC15M-26JUN051830-30,2026-06-05T22:15:00Z,2026-06-05T22:30:00Z,61354.66,yes
KXBTC15M-26JUN051845-45,2026-06-05T22:30:00Z,2026-06-05T22:45:00Z,61474.35,yes
KXBTC15M-26JUN051900-00,2026-06-05T22:45:00Z,2026-06-05T23:00:00Z,61762.61,no
KXBTC15M-26JUN051915-15,2026-06-05T23:00:00Z,2026-06-05T23:15:00Z,61584.39,no
KXBTC15M-26JUN051930-30,2026-06-05T23:15:00Z,2026-06-05T23:30:00Z,61377.54,no
KXBTC15M-26JUN051945-45,2026-06-05T23:30:00Z,2026-06-05T23:45:00Z,60977.66,no
KXBTC15M-26JUN052000-00,2026-06-05T23:45:00Z,2026-06-06T00:00:00Z,60775.28,yes
KXBTC15M-26JUN052015-15,2026-06-06T00:00:00Z,2026-06-06T00:15:00Z,60967.28,yes
KXBTC15M-26JUN052030-30,2026-06-06T00:15:00Z,2026-06-06T00:30:00Z,61405.05,no
KXBTC15M-26JUN052045-45,2026-06-06T00:30:00Z,2026-06-06T00:45:00Z,61295.83,no
KXBTC15M-26JUN052100-00,2026-06-06T00:45:00Z,2026-06-06T01:00:00Z,61217.03,yes
KXBTC15M-26JUN052115-15,2026-06-06T01:00:00Z,2026-06-06T01:15:00Z,61266.3,no
KXBTC15M-26JUN052130-30,2026-06-06T01:15:00Z,2026-06-06T01:30:00Z,61120.91,yes
KXBTC15M-26JUN052145-45,2026-06-06T01:30:00Z,2026-06-06T01:45:00Z,61262.04,no
KXBTC15M-26JUN052200-00,2026-06-06T01:45:00Z,2026-06-06T02:00:00Z,61038.88,yes
KXBTC15M-26JUN052215-15,2026-06-06T02:00:00Z,2026-06-06T02:15:00Z,61074.46,no
KXBTC15M-26JUN052230-30,2026-06-06T02:15:00Z,2026-06-06T02:30:00Z,60876.98,no
KXBTC15M-26JUN052245-45,2026-06-06T02:30:00Z,2026-06-06T02:45:00Z,60828.36,yes
KXBTC15M-26JUN052300-00,2026-06-06T02:45:00Z,2026-06-06T03:00:00Z,60932.69,yes
KXBTC15M-26JUN052315-15,2026-06-06T03:00:00Z,2026-06-06T03:15:00Z,60954.07,no
KXBTC15M-26JUN052330-30,2026-06-06T03:15:00Z,2026-06-06T03:30:00Z,60877.52,no
KXBTC15M-26JUN052345-45,2026-06-06T03:30:00Z,2026-06-06T03:45:00Z,60770.85,no
KXBTC15M-26JUN060000-00,2026-06-06T03:45:00Z,2026-06-06T04:00:00Z,60636.91,yes
KXBTC15M-26JUN060015-15,2026-06-06T04:00:00Z,2026-06-06T04:15:00Z,60670.3,no
KXBTC15M-26JUN060030-30,2026-06-06T04:15:00Z,2026-06-06T04:30:00Z,60123.6,no
KXBTC15M-26JUN060045-45,2026-06-06T04:30:00Z,2026-06-06T04:45:00Z,59947.98,no
KXBTC15M-26JUN060100-00,2026-06-06T04:45:00Z,2026-06-06T05:00:00Z,59802.48,yes
KXBTC15M-26JUN060115-15,2026-06-06T05:00:00Z,2026-06-06T05:15:00Z,60080.82,no
KXBTC15M-26JUN060130-30,2026-06-06T05:15:00Z,2026-06-06T05:30:00Z,59932.2,yes
KXBTC15M-26JUN060145-45,2026-06-06T05:30:00Z,2026-06-06T05:45:00Z,60734.78,yes
KXBTC15M-26JUN060200-00,2026-06-06T05:45:00Z,2026-06-06T06:00:00Z,60768.86,yes
KXBTC15M-26JUN060215-15,2026-06-06T06:00:00Z,2026-06-06T06:15:00Z,60930.92,yes
KXBTC15M-26JUN060230-30,2026-06-06T06:15:00Z,2026-06-06T06:30:00Z,61122.92,no
KXBTC15M-26JUN060245-45,2026-06-06T06:30:00Z,2026-06-06T06:45:00Z,61013.03,no
KXBTC15M-26JUN060300-00,2026-06-06T06:45:00Z,2026-06-06T07:00:00Z,60806.48,no
KXBTC15M-26JUN060315-15,2026-06-06T07:00:00Z,2026-06-06T07:15:00Z,60745.1,yes
KXBTC15M-26JUN060330-30,2026-06-06T07:15:00Z,2026-06-06T07:30:00Z,61045.96,no
KXBTC15M-26JUN060345-45,2026-06-06T07:30:00Z,2026-06-06T07:45:00Z,60863.73,yes
KXBTC15M-26JUN060400-00,2026-06-06T07:45:00Z,2026-06-06T08:00:00Z,61028.49,no
KXBTC15M-26JUN060415-15,2026-06-06T08:00:00Z,2026-06-06T08:15:00Z,60972.98,yes
KXBTC15M-26JUN060430-30,2026-06-06T08:15:00Z,2026-06-06T08:30:00Z,61106.93,yes
KXBTC15M-26JUN060445-45,2026-06-06T08:30:00Z,2026-06-06T08:45:00Z,61391.37,no
KXBTC15M-26JUN060500-00,2026-06-06T08:45:00Z,2026-06-06T09:00:00Z,61348.93,no
KXBTC15M-26JUN060515-15,2026-06-06T09:00:00Z,2026-06-06T09:15:00Z,61244.72,no
KXBTC15M-26JUN060530-30,2026-06-06T09:15:00Z,2026-06-06T09:30:00Z,61227.29,yes
KXBTC15M-26JUN060545-45,2026-06-06T09:30:00Z,2026-06-06T09:45:00Z,61282.7,no
KXBTC15M-26JUN060600-00,2026-06-06T09:45:00Z,2026-06-06T10:00:00Z,61084.76,no
KXBTC15M-26JUN060615-15,2026-06-06T10:00:00Z,2026-06-06T10:15:00Z,60949.89,no
KXBTC15M-26JUN060630-30,2026-06-06T10:15:00Z,2026-06-06T10:30:00Z,60608.78,no
KXBTC15M-26JUN060645-45,2026-06-06T10:30:00Z,2026-06-06T10:45:00Z,60585.43,no
KXBTC15M-26JUN060700-00,2026-06-06T10:45:00Z,2026-06-06T11:00:00Z,60387.64,yes
KXBTC15M-26JUN060715-15,2026-06-06T11:00:00Z,2026-06-06T11:15:00Z,60548.21,yes
KXBTC15M-26JUN060730-30,2026-06-06T11:15:00Z,2026-06-06T11:30:00Z,60601.06,yes
KXBTC15M-26JUN060745-45,2026-06-06T11:30:00Z,2026-06-06T11:45:00Z,60780.88,yes
KXBTC15M-26JUN060800-00,2026-06-06T11:45:00Z,2026-06-06T12:00:00Z,60803.66,no
KXBTC15M-26JUN060815-15,2026-06-06T12:00:00Z,2026-06-06T12:15:00Z,60759.07,yes
KXBTC15M-26JUN060830-30,2026-06-06T12:15:00Z,2026-06-06T12:30:00Z,61016.57,no
KXBTC15M-26JUN060845-45,2026-06-06T12:30:00Z,2026-06-06T12:45:00Z,60722.83,yes
KXBTC15M-26JUN060900-00,2026-06-06T12:45:00Z,2026-06-06T13:00:00Z,60805.87,yes
KXBTC15M-26JUN060915-15,2026-06-06T13:00:00Z,2026-06-06T13:15:00Z,61003.73,no
KXBTC15M-26JUN060930-30,2026-06-06T13:15:00Z,2026-06-06T13:30:00Z,60988.97,no
KXBTC15M-26JUN060945-45,2026-06-06T13:30:00Z,2026-06-06T13:45:00Z,60867.52,no
KXBTC15M-26JUN061000-00,2026-06-06T13:45:00Z,2026-06-06T14:00:00Z,60846.04,no
KXBTC15M-26JUN061015-15,2026-06-06T14:00:00Z,2026-06-06T14:15:00Z,60789.64,yes
KXBTC15M-26JUN061030-30,2026-06-06T14:15:00Z,2026-06-06T14:30:00Z,60880.89,no
KXBTC15M-26JUN061045-45,2026-06-06T14:30:00Z,2026-06-06T14:45:00Z,60844.17,yes
KXBTC15M-26JUN061100-00,2026-06-06T14:45:00Z,2026-06-06T15:00:00Z,60936.79,no
KXBTC15M-26JUN061115-15,2026-06-06T15:00:00Z,2026-06-06T15:15:00Z,60780.19,no
KXBTC15M-26JUN061130-30,2026-06-06T15:15:00Z,2026-06-06T15:30:00Z,60595.38,yes
KXBTC15M-26JUN061145-45,2026-06-06T15:30:00Z,2026-06-06T15:45:00Z,60638.2,yes
KXBTC15M-26JUN061200-00,2026-06-06T15:45:00Z,2026-06-06T16:00:00Z,60844.59,no
KXBTC15M-26JUN061215-15,2026-06-06T16:00:00Z,2026-06-06T16:15:00Z,60775.32,no
KXBTC15M-26JUN061230-30,2026-06-06T16:15:00Z,2026-06-06T16:30:00Z,60769.58,no
KXBTC15M-26JUN061245-45,2026-06-06T16:30:00Z,2026-06-06T16:45:00Z,60608.46,yes
KXBTC15M-26JUN061300-00,2026-06-06T16:45:00Z,2026-06-06T17:00:00Z,60710.04,yes
KXBTC15M-26JUN061315-15,2026-06-06T17:00:00Z,2026-06-06T17:15:00Z,60737.27,no
KXBTC15M-26JUN061330-30,2026-06-06T17:15:00Z,2026-06-06T17:30:00Z,60698.67,no
KXBTC15M-26JUN061345-45,2026-06-06T17:30:00Z,2026-06-06T17:45:00Z,60647.48,yes
KXBTC15M-26JUN061400-00,2026-06-06T17:45:00Z,2026-06-06T18:00:00Z,60663.66,no
KXBTC15M-26JUN061415-15,2026-06-06T18:00:00Z,2026-06-06T18:15:00Z,60560.46,no
KXBTC15M-26JUN061430-30,2026-06-06T18:15:00Z,2026-06-06T18:30:00Z,60477.94,yes
KXBTC15M-26JUN061445-45,2026-06-06T18:30:00Z,2026-06-06T18:45:00Z,60704.4,no
KXBTC15M-26JUN061500-00,2026-06-06T18:45:00Z,2026-06-06T19:00:00Z,60579.86,yes
KXBTC15M-26JUN061515-15,2026-06-06T19:00:00Z,2026-06-06T19:15:00Z,60616.98,yes
KXBTC15M-26JUN061530-30,2026-06-06T19:15:00Z,2026-06-06T19:30:00Z,60720.43,no
KXBTC15M-26JUN061545-45,2026-06-06T19:30:00Z,2026-06-06T19:45:00Z,60591.46,no
KXBTC15M-26JUN061600-00,2026-06-06T19:45:00Z,2026-06-06T20:00:00Z,60587.6,no
KXBTC15M-26JUN061615-15,2026-06-06T20:00:00Z,2026-06-06T20:15:00Z,60575.84,no
KXBTC15M-26JUN061630-30,2026-06-06T20:15:00Z,2026-06-06T20:30:00Z,60557.41,yes
KXBTC15M-26JUN061645-45,2026-06-06T20:30:00Z,2026-06-06T20:45:00Z,60561.99,yes
KXBTC15M-26JUN061700-00,2026-06-06T20:45:00Z,2026-06-06T21:00:00Z,60713.39,no
KXBTC15M-26JUN061715-15,2026-06-06T21:00:00Z,2026-06-06T21:15:00Z,60691.66,yes
KXBTC15M-26JUN061730-30,2026-06-06T21:15:00Z,2026-06-06T21:30:00Z,60809.8,yes
KXBTC15M-26JUN061745-45,2026-06-06T21:30:00Z,2026-06-06T21:45:00Z,60872.75,no
KXBTC15M-26JUN061800-00,2026-06-06T21:45:00Z,2026-06-06T22:00:00Z,60813.99,no
KXBTC15M-26JUN061815-15,2026-06-06T22:00:00Z,2026-06-06T22:15:00Z,60730.06,no
KXBTC15M-26JUN061830-30,2026-06-06T22:15:00Z,2026-06-06T22:30:00Z,60606.84,no
KXBTC15M-26JUN061845-45,2026-06-06T22:30:00Z,2026-06-06T22:45:00Z,60429.72,yes
KXBTC15M-26JUN061900-00,2026-06-06T22:45:00Z,2026-06-06T23:00:00Z,60550.66,yes
KXBTC15M-26JUN061915-15,2026-06-06T23:00:00Z,2026-06-06T23:15:00Z,60584.16,yes
KXBTC15M-26JUN061930-30,2026-06-06T23:15:00Z,2026-06-06T23:30:00Z,60715.95,no
KXBTC15M-26JUN061945-45,2026-06-06T23:30:00Z,2026-06-06T23:45:00Z,60676.17,yes
KXBTC15M-26JUN062000-00,2026-06-06T23:45:00Z,2026-06-07T00:00:00Z,60848.98,yes
KXBTC15M-26JUN062015-15,2026-06-07T00:00:00Z,2026-06-07T00:15:00Z,60861.15,no
KXBTC15M-26JUN062030-30,2026-06-07T00:15:00Z,2026-06-07T00:30:00Z,60802.02,no
KXBTC15M-26JUN062045-45,2026-06-07T00:30:00Z,2026-06-07T00:45:00Z,60781.22,yes
KXBTC15M-26JUN062100-00,2026-06-07T00:45:00Z,2026-06-07T01:00:00Z,60787.88,no
KXBTC15M-26JUN062115-15,2026-06-07T01:00:00Z,2026-06-07T01:15:00Z,60765.73,yes
KXBTC15M-26JUN062130-30,2026-06-07T01:15:00Z,2026-06-07T01:30:00Z,61315.11,yes
KXBTC15M-26JUN062145-45,2026-06-07T01:30:00Z,2026-06-07T01:45:00Z,61602,no
KXBTC15M-26JUN062200-00,2026-06-07T01:45:00Z,2026-06-07T02:00:00Z,61413.62,yes
KXBTC15M-26JUN062215-15,2026-06-07T02:00:00Z,2026-06-07T02:15:00Z,61469.13,no
KXBTC15M-26JUN062230-30,2026-06-07T02:15:00Z,2026-06-07T02:30:00Z,61416.74,no
KXBTC15M-26JUN062245-45,2026-06-07T02:30:00Z,2026-06-07T02:45:00Z,61221.03,yes
KXBTC15M-26JUN062300-00,2026-06-07T02:45:00Z,2026-06-07T03:00:00Z,61275.29,yes
KXBTC15M-26JUN062315-15,2026-06-07T03:00:00Z,2026-06-07T03:15:00Z,61480.47,yes
KXBTC15M-26JUN062330-30,2026-06-07T03:15:00Z,2026-06-07T03:30:00Z,61494.35,yes
KXBTC15M-26JUN062345-45,2026-06-07T03:30:00Z,2026-06-07T03:45:00Z,61630.95,yes
KXBTC15M-26JUN070000-00,2026-06-07T03:45:00Z,2026-06-07T04:00:00Z,61632.25,yes
KXBTC15M-26JUN070015-15,2026-06-07T04:00:00Z,2026-06-07T04:15:00Z,61685.9,no
KXBTC15M-26JUN070030-30,2026-06-07T04:15:00Z,2026-06-07T04:30:00Z,61518.26,yes
KXBTC15M-26JUN070045-45,2026-06-07T04:30:00Z,2026-06-07T04:45:00Z,61529.82,yes
KXBTC15M-26JUN070100-00,2026-06-07T04:45:00Z,2026-06-07T05:00:00Z,61714.88,yes
KXBTC15M-26JUN070115-15,2026-06-07T05:00:00Z,2026-06-07T05:15:00Z,61874.21,yes
KXBTC15M-26JUN070130-30,2026-06-07T05:15:00Z,2026-06-07T05:30:00Z,61884.5,no
KXBTC15M-26JUN070145-45,2026-06-07T05:30:00Z,2026-06-07T05:45:00Z,61729.75,yes
KXBTC15M-26JUN070200-00,2026-06-07T05:45:00Z,2026-06-07T06:00:00Z,61795.09,no
KXBTC15M-26JUN070215-15,2026-06-07T06:00:00Z,2026-06-07T06:15:00Z,61739.34,no
KXBTC15M-26JUN070230-30,2026-06-07T06:15:00Z,2026-06-07T06:30:00Z,61689.82,yes
KXBTC15M-26JUN070245-45,2026-06-07T06:30:00Z,2026-06-07T06:45:00Z,61967.6,yes
KXBTC15M-26JUN070300-00,2026-06-07T06:45:00Z,2026-06-07T07:00:00Z,62180.94,no
KXBTC15M-26JUN070315-15,2026-06-07T07:00:00Z,2026-06-07T07:15:00Z,62123.38,no
KXBTC15M-26JUN070330-30,2026-06-07T07:15:00Z,2026-06-07T07:30:00Z,62111.14,yes
KXBTC15M-26JUN070345-45,2026-06-07T07:30:00Z,2026-06-07T07:45:00Z,62194.96,yes
KXBTC15M-26JUN070400-00,2026-06-07T07:45:00Z,2026-06-07T08:00:00Z,62203.85,yes
KXBTC15M-26JUN070415-15,2026-06-07T08:00:00Z,2026-06-07T08:15:00Z,62377.64,no
KXBTC15M-26JUN070430-30,2026-06-07T08:15:00Z,2026-06-07T08:30:00Z,62346.27,yes
KXBTC15M-26JUN070445-45,2026-06-07T08:30:00Z,2026-06-07T08:45:00Z,62517.78,yes
KXBTC15M-26JUN070500-00,2026-06-07T08:45:00Z,2026-06-07T09:00:00Z,62526.76,yes
KXBTC15M-26JUN070515-15,2026-06-07T09:00:00Z,2026-06-07T09:15:00Z,62816.58,no
KXBTC15M-26JUN070530-30,2026-06-07T09:15:00Z,2026-06-07T09:30:00Z,62792.73,no
KXBTC15M-26JUN070545-45,2026-06-07T09:30:00Z,2026-06-07T09:45:00Z,62659.86,no
KXBTC15M-26JUN070600-00,2026-06-07T09:45:00Z,2026-06-07T10:00:00Z,62530.64,no
KXBTC15M-26JUN070615-15,2026-06-07T10:00:00Z,2026-06-07T10:15:00Z,62509.6,no
KXBTC15M-26JUN070630-30,2026-06-07T10:15:00Z,2026-06-07T10:30:00Z,62394.72,yes
KXBTC15M-26JUN070645-45,2026-06-07T10:30:00Z,2026-06-07T10:45:00Z,62488.72,no
KXBTC15M-26JUN070700-00,2026-06-07T10:45:00Z,2026-06-07T11:00:00Z,62332.03,yes
KXBTC15M-26JUN070715-15,2026-06-07T11:00:00Z,2026-06-07T11:15:00Z,62353.89,yes
KXBTC15M-26JUN070730-30,2026-06-07T11:15:00Z,2026-06-07T11:30:00Z,62449.7,yes
KXBTC15M-26JUN070745-45,2026-06-07T11:30:00Z,2026-06-07T11:45:00Z,62523.16,yes
KXBTC15M-26JUN070800-00,2026-06-07T11:45:00Z,2026-06-07T12:00:00Z,62653.03,no
KXBTC15M-26JUN070815-15,2026-06-07T12:00:00Z,2026-06-07T12:15:00Z,62613.86,no
KXBTC15M-26JUN070830-30,2026-06-07T12:15:00Z,2026-06-07T12:30:00Z,62095.79,no
KXBTC15M-26JUN070845-45,2026-06-07T12:30:00Z,2026-06-07T12:45:00Z,61933.02,no
KXBTC15M-26JUN070900-00,2026-06-07T12:45:00Z,2026-06-07T13:00:00Z,61625.67,yes
KXBTC15M-26JUN070915-15,2026-06-07T13:00:00Z,2026-06-07T13:15:00Z,61887.7,no
KXBTC15M-26JUN070930-30,2026-06-07T13:15:00Z,2026-06-07T13:30:00Z,61702.62,yes
KXBTC15M-26JUN070945-45,2026-06-07T13:30:00Z,2026-06-07T13:45:00Z,61816.8,no
KXBTC15M-26JUN071000-00,2026-06-07T13:45:00Z,2026-06-07T14:00:00Z,61726.08,no
KXBTC15M-26JUN071015-15,2026-06-07T14:00:00Z,2026-06-07T14:15:00Z,61706.91,yes
KXBTC15M-26JUN071030-30,2026-06-07T14:15:00Z,2026-06-07T14:30:00Z,61789.56,yes
KXBTC15M-26JUN071045-45,2026-06-07T14:30:00Z,2026-06-07T14:45:00Z,62041.2,no
KXBTC15M-26JUN071100-00,2026-06-07T14:45:00Z,2026-06-07T15:00:00Z,61978.94,no
KXBTC15M-26JUN071115-15,2026-06-07T15:00:00Z,2026-06-07T15:15:00Z,61881.47,no
KXBTC15M-26JUN071130-30,2026-06-07T15:15:00Z,2026-06-07T15:30:00Z,61793.58,yes
KXBTC15M-26JUN071145-45,2026-06-07T15:30:00Z,2026-06-07T15:45:00Z,61933.97,yes
KXBTC15M-26JUN071200-00,2026-06-07T15:45:00Z,2026-06-07T16:00:00Z,62091.91,no
KXBTC15M-26JUN071215-15,2026-06-07T16:00:00Z,2026-06-07T16:15:00Z,62059.92,yes
KXBTC15M-26JUN071230-30,2026-06-07T16:15:00Z,2026-06-07T16:30:00Z,62131.43,yes
KXBTC15M-26JUN071245-45,2026-06-07T16:30:00Z,2026-06-07T16:45:00Z,62159.93,no
KXBTC15M-26JUN071300-00,2026-06-07T16:45:00Z,2026-06-07T17:00:00Z,62158.97,no
KXBTC15M-26JUN071315-15,2026-06-07T17:00:00Z,2026-06-07T17:15:00Z,62045.78,yes
KXBTC15M-26JUN071330-30,2026-06-07T17:15:00Z,2026-06-07T17:30:00Z,62259.27,no
KXBTC15M-26JUN071345-45,2026-06-07T17:30:00Z,2026-06-07T17:45:00Z,62238.48,yes
KXBTC15M-26JUN071400-00,2026-06-07T17:45:00Z,2026-06-07T18:00:00Z,62253.92,no
KXBTC15M-26JUN071415-15,2026-06-07T18:00:00Z,2026-06-07T18:15:00Z,62138.44,yes
KXBTC15M-26JUN071430-30,2026-06-07T18:15:00Z,2026-06-07T18:30:00Z,62250.53,no
KXBTC15M-26JUN071445-45,2026-06-07T18:30:00Z,2026-06-07T18:45:00Z,62206.36,no
KXBTC15M-26JUN071500-00,2026-06-07T18:45:00Z,2026-06-07T19:00:00Z,62181.47,no
KXBTC15M-26JUN071515-15,2026-06-07T19:00:00Z,2026-06-07T19:15:00Z,62023.57,no
KXBTC15M-26JUN071530-30,2026-06-07T19:15:00Z,2026-06-07T19:30:00Z,61665.28,no
KXBTC15M-26JUN071545-45,2026-06-07T19:30:00Z,2026-06-07T19:45:00Z,61449.58,no
KXBTC15M-26JUN071600-00,2026-06-07T19:45:00Z,2026-06-07T20:00:00Z,61203.82,yes
KXBTC15M-26JUN071615-15,2026-06-07T20:00:00Z,2026-06-07T20:15:00Z,61286.62,yes
KXBTC15M-26JUN071630-30,2026-06-07T20:15:00Z,2026-06-07T20:30:00Z,61555.75,yes
KXBTC15M-26JUN071645-45,2026-06-07T20:30:00Z,2026-06-07T20:45:00Z,61736.28,yes
KXBTC15M-26JUN071700-00,2026-06-07T20:45:00Z,2026-06-07T21:00:00Z,61760.73,yes
KXBTC15M-26JUN071715-15,2026-06-07T21:00:00Z,2026-06-07T21:15:00Z,61879.71,yes
KXBTC15M-26JUN071730-30,2026-06-07T21:15:00Z,2026-06-07T21:30:00Z,61927.97,no
KXBTC15M-26JUN071745-45,2026-06-07T21:30:00Z,2026-06-07T21:45:00Z,61763.36,no
KXBTC15M-26JUN071800-00,2026-06-07T21:45:00Z,2026-06-07T22:00:00Z,61695.39,yes
KXBTC15M-26JUN071815-15,2026-06-07T22:00:00Z,2026-06-07T22:15:00Z,61748.49,yes
KXBTC15M-26JUN071830-30,2026-06-07T22:15:00Z,2026-06-07T22:30:00Z,62925.26,yes
KXBTC15M-26JUN071845-45,2026-06-07T22:30:00Z,2026-06-07T22:45:00Z,62946.71,yes
KXBTC15M-26JUN071900-00,2026-06-07T22:45:00Z,2026-06-07T23:00:00Z,63136.67,no
KXBTC15M-26JUN071915-15,2026-06-07T23:00:00Z,2026-06-07T23:15:00Z,62879.77,yes
KXBTC15M-26JUN071930-30,2026-06-07T23:15:00Z,2026-06-07T23:30:00Z,62975.2,yes
KXBTC15M-26JUN071945-45,2026-06-07T23:30:00Z,2026-06-07T23:45:00Z,63228.17,yes
KXBTC15M-26JUN072000-00,2026-06-07T23:45:00Z,2026-06-08T00:00:00Z,63264.84,yes
KXBTC15M-26JUN072015-15,2026-06-08T00:00:00Z,2026-06-08T00:15:00Z,63292.96,no
KXBTC15M-26JUN072030-30,2026-06-08T00:15:00Z,2026-06-08T00:30:00Z,63194.53,yes
KXBTC15M-26JUN072045-45,2026-06-08T00:30:00Z,2026-06-08T00:45:00Z,63450.11,yes
KXBTC15M-26JUN072100-00,2026-06-08T00:45:00Z,2026-06-08T01:00:00Z,63730.72,no
KXBTC15M-26JUN072115-15,2026-06-08T01:00:00Z,2026-06-08T01:15:00Z,63624.6,no
KXBTC15M-26JUN072130-30,2026-06-08T01:15:00Z,2026-06-08T01:30:00Z,63115.84,no
KXBTC15M-26JUN072145-45,2026-06-08T01:30:00Z,2026-06-08T01:45:00Z,62782.92,yes
KXBTC15M-26JUN072200-00,2026-06-08T01:45:00Z,2026-06-08T02:00:00Z,63084.53,yes
KXBTC15M-26JUN072215-15,2026-06-08T02:00:00Z,2026-06-08T02:15:00Z,63152.4,no
KXBTC15M-26JUN072230-30,2026-06-08T02:15:00Z,2026-06-08T02:30:00Z,63113.92,no
KXBTC15M-26JUN072245-45,2026-06-08T02:30:00Z,2026-06-08T02:45:00Z,63082.68,no
KXBTC15M-26JUN072300-00,2026-06-08T02:45:00Z,2026-06-08T03:00:00Z,63041.95,yes
KXBTC15M-26JUN072315-15,2026-06-08T03:00:00Z,2026-06-08T03:15:00Z,63106.54,yes
KXBTC15M-26JUN072330-30,2026-06-08T03:15:00Z,2026-06-08T03:30:00Z,63250.37,no
KXBTC15M-26JUN072345-45,2026-06-08T03:30:00Z,2026-06-08T03:45:00Z,63148.72,no
KXBTC15M-26JUN080000-00,2026-06-08T03:45:00Z,2026-06-08T04:00:00Z,63115.75,no
KXBTC15M-26JUN080015-15,2026-06-08T04:00:00Z,2026-06-08T04:15:00Z,63092.75,no
KXBTC15M-26JUN080030-30,2026-06-08T04:15:00Z,2026-06-08T04:30:00Z,62959.83,no
KXBTC15M-26JUN080045-45,2026-06-08T04:30:00Z,2026-06-08T04:45:00Z,62916.88,no
KXBTC15M-26JUN080100-00,2026-06-08T04:45:00Z,2026-06-08T05:00:00Z,62683.32,yes
KXBTC15M-26JUN080115-15,2026-06-08T05:00:00Z,2026-06-08T05:15:00Z,62735.86,no
KXBTC15M-26JUN080130-30,2026-06-08T05:15:00Z,2026-06-08T05:30:00Z,62540.65,yes
KXBTC15M-26JUN080145-45,2026-06-08T05:30:00Z,2026-06-08T05:45:00Z,62680,no
KXBTC15M-26JUN080200-00,2026-06-08T05:45:00Z,2026-06-08T06:00:00Z,62450.66,yes
KXBTC15M-26JUN080215-15,2026-06-08T06:00:00Z,2026-06-08T06:15:00Z,62701.81,yes
KXBTC15M-26JUN080230-30,2026-06-08T06:15:00Z,2026-06-08T06:30:00Z,62922.06,yes
KXBTC15M-26JUN080245-45,2026-06-08T06:30:00Z,2026-06-08T06:45:00Z,63047.43,no
KXBTC15M-26JUN080300-00,2026-06-08T06:45:00Z,2026-06-08T07:00:00Z,63001.56,no
KXBTC15M-26JUN080315-15,2026-06-08T07:00:00Z,2026-06-08T07:15:00Z,62963.12,yes
KXBTC15M-26JUN080330-30,2026-06-08T07:15:00Z,2026-06-08T07:30:00Z,63071.02,yes
KXBTC15M-26JUN080345-45,2026-06-08T07:30:00Z,2026-06-08T07:45:00Z,63160.76,no
KXBTC15M-26JUN080400-00,2026-06-08T07:45:00Z,2026-06-08T08:00:00Z,63070.31,yes
KXBTC15M-26JUN080415-15,2026-06-08T08:00:00Z,2026-06-08T08:15:00Z,63254.16,no
KXBTC15M-26JUN080430-30,2026-06-08T08:15:00Z,2026-06-08T08:30:00Z,63134.79,no
KXBTC15M-26JUN080445-45,2026-06-08T08:30:00Z,2026-06-08T08:45:00Z,63051.84,yes
KXBTC15M-26JUN080500-00,2026-06-08T08:45:00Z,2026-06-08T09:00:00Z,63127.04,no
KXBTC15M-26JUN080515-15,2026-06-08T09:00:00Z,2026-06-08T09:15:00Z,63114.58,yes
KXBTC15M-26JUN080530-30,2026-06-08T09:15:00Z,2026-06-08T09:30:00Z,63253.96,yes
KXBTC15M-26JUN080545-45,2026-06-08T09:30:00Z,2026-06-08T09:45:00Z,63372.01,no
KXBTC15M-26JUN080600-00,2026-06-08T09:45:00Z,2026-06-08T10:00:00Z,63310.74,yes
KXBTC15M-26JUN080615-15,2026-06-08T10:00:00Z,2026-06-08T10:15:00Z,63452.43,no
KXBTC15M-26JUN080630-30,2026-06-08T10:15:00Z,2026-06-08T10:30:00Z,63340.61,no
KXBTC15M-26JUN080645-45,2026-06-08T10:30:00Z,2026-06-08T10:45:00Z,63091.3,yes
KXBTC15M-26JUN080700-00,2026-06-08T10:45:00Z,2026-06-08T11:00:00Z,63192.37,no
KXBTC15M-26JUN080715-15,2026-06-08T11:00:00Z,2026-06-08T11:15:00Z,63103.07,yes
KXBTC15M-26JUN080730-30,2026-06-08T11:15:00Z,2026-06-08T11:30:00Z,63351.33,yes
KXBTC15M-26JUN080745-45,2026-06-08T11:30:00Z,2026-06-08T11:45:00Z,63562.86,yes
KXBTC15M-26JUN080800-00,2026-06-08T11:45:00Z,2026-06-08T12:00:00Z,63605.89,no
KXBTC15M-26JUN080815-15,2026-06-08T12:00:00Z,2026-06-08T12:15:00Z,63442.96,no
KXBTC15M-26JUN080830-30,2026-06-08T12:15:00Z,2026-06-08T12:30:00Z,62863.34,yes
KXBTC15M-26JUN080845-45,2026-06-08T12:30:00Z,2026-06-08T12:45:00Z,63052.66,yes
KXBTC15M-26JUN080900-00,2026-06-08T12:45:00Z,2026-06-08T13:00:00Z,63576.37,yes
KXBTC15M-26JUN080915-15,2026-06-08T13:00:00Z,2026-06-08T13:15:00Z,63809.45,no
KXBTC15M-26JUN080930-30,2026-06-08T13:15:00Z,2026-06-08T13:30:00Z,63786.25,no
KXBTC15M-26JUN080945-45,2026-06-08T13:30:00Z,2026-06-08T13:45:00Z,63556.74,no
KXBTC15M-26JUN081000-00,2026-06-08T13:45:00Z,2026-06-08T14:00:00Z,63456,yes
KXBTC15M-26JUN081015-15,2026-06-08T14:00:00Z,2026-06-08T14:15:00Z,63751.15,yes
KXBTC15M-26JUN081030-30,2026-06-08T14:15:00Z,2026-06-08T14:30:00Z,63839.52,no
KXBTC15M-26JUN081045-45,2026-06-08T14:30:00Z,2026-06-08T14:45:00Z,63774.74,yes
KXBTC15M-26JUN081100-00,2026-06-08T14:45:00Z,2026-06-08T15:00:00Z,63871.6,yes
KXBTC15M-26JUN081115-15,2026-06-08T15:00:00Z,2026-06-08T15:15:00Z,63963.73,yes
KXBTC15M-26JUN081130-30,2026-06-08T15:15:00Z,2026-06-08T15:30:00Z,64173.43,no
KXBTC15M-26JUN081145-45,2026-06-08T15:30:00Z,2026-06-08T15:45:00Z,63993.02,no
KXBTC15M-26JUN081200-00,2026-06-08T15:45:00Z,2026-06-08T16:00:00Z,63830.97,no
KXBTC15M-26JUN081215-15,2026-06-08T16:00:00Z,2026-06-08T16:15:00Z,63717.24,yes
KXBTC15M-26JUN081230-30,2026-06-08T16:15:00Z,2026-06-08T16:30:00Z,63790.09,yes
KXBTC15M-26JUN081245-45,2026-06-08T16:30:00Z,2026-06-08T16:45:00Z,63857.82,no
KXBTC15M-26JUN081300-00,2026-06-08T16:45:00Z,2026-06-08T17:00:00Z,63626.67,no
KXBTC15M-26JUN081315-15,2026-06-08T17:00:00Z,2026-06-08T17:15:00Z,63474.44,no
KXBTC15M-26JUN081330-30,2026-06-08T17:15:00Z,2026-06-08T17:30:00Z,63333.62,yes
KXBTC15M-26JUN081345-45,2026-06-08T17:30:00Z,2026-06-08T17:45:00Z,63602.37,no
KXBTC15M-26JUN081400-00,2026-06-08T17:45:00Z,2026-06-08T18:00:00Z,63356.3,yes
KXBTC15M-26JUN081415-15,2026-06-08T18:00:00Z,2026-06-08T18:15:00Z,63509.4,yes
KXBTC15M-26JUN081430-30,2026-06-08T18:15:00Z,2026-06-08T18:30:00Z,63574.42,yes
KXBTC15M-26JUN081445-45,2026-06-08T18:30:00Z,2026-06-08T18:45:00Z,63616.68,no
KXBTC15M-26JUN081500-00,2026-06-08T18:45:00Z,2026-06-08T19:00:00Z,63492.31,no
KXBTC15M-26JUN081515-15,2026-06-08T19:00:00Z,2026-06-08T19:15:00Z,63440.24,no
KXBTC15M-26JUN081530-30,2026-06-08T19:15:00Z,2026-06-08T19:30:00Z,63434.53,yes
KXBTC15M-26JUN081545-45,2026-06-08T19:30:00Z,2026-06-08T19:45:00Z,63499.3,no
KXBTC15M-26JUN081600-00,2026-06-08T19:45:00Z,2026-06-08T20:00:00Z,63476.47,no
KXBTC15M-26JUN081615-15,2026-06-08T20:00:00Z,2026-06-08T20:15:00Z,63363.18,no
KXBTC15M-26JUN081630-30,2026-06-08T20:15:00Z,2026-06-08T20:30:00Z,63231.91,no
KXBTC15M-26JUN081645-45,2026-06-08T20:30:00Z,2026-06-08T20:45:00Z,63162.46,yes
KXBTC15M-26JUN081700-00,2026-06-08T20:45:00Z,2026-06-08T21:00:00Z,63367.18,yes
KXBTC15M-26JUN081715-15,2026-06-08T21:00:00Z,2026-06-08T21:15:00Z,63441.8,yes
KXBTC15M-26JUN081730-30,2026-06-08T21:15:00Z,2026-06-08T21:30:00Z,63712.85,no
KXBTC15M-26JUN081745-45,2026-06-08T21:30:00Z,2026-06-08T21:45:00Z,63704.03,yes
KXBTC15M-26JUN081800-00,2026-06-08T21:45:00Z,2026-06-08T22:00:00Z,63814.93,no
KXBTC15M-26JUN081815-15,2026-06-08T22:00:00Z,2026-06-08T22:15:00Z,63739.73,no
KXBTC15M-26JUN081830-30,2026-06-08T22:15:00Z,2026-06-08T22:30:00Z,63294.87,yes
KXBTC15M-26JUN081845-45,2026-06-08T22:30:00Z,2026-06-08T22:45:00Z,63358.33,no
KXBTC15M-26JUN081900-00,2026-06-08T22:45:00Z,2026-06-08T23:00:00Z,63288.74,yes
KXBTC15M-26JUN081915-15,2026-06-08T23:00:00Z,2026-06-08T23:15:00Z,63430.79,yes
KXBTC15M-26JUN081930-30,2026-06-08T23:15:00Z,2026-06-08T23:30:00Z,63566.42,no
KXBTC15M-26JUN081945-45,2026-06-08T23:30:00Z,2026-06-08T23:45:00Z,63148.45,no
KXBTC15M-26JUN082000-00,2026-06-08T23:45:00Z,2026-06-09T00:00:00Z,63124.26,no
KXBTC15M-26JUN082015-15,2026-06-09T00:00:00Z,2026-06-09T00:15:00Z,63073.14,no
KXBTC15M-26JUN082030-30,2026-06-09T00:15:00Z,2026-06-09T00:30:00Z,62993.78,no
KXBTC15M-26JUN082045-45,2026-06-09T00:30:00Z,2026-06-09T00:45:00Z,62723.9,no
KXBTC15M-26JUN082100-00,2026-06-09T00:45:00Z,2026-06-09T01:00:00Z,62686.49,no
KXBTC15M-26JUN082115-15,2026-06-09T01:00:00Z,2026-06-09T01:15:00Z,62529.57,yes
KXBTC15M-26JUN082130-30,2026-06-09T01:15:00Z,2026-06-09T01:30:00Z,62665.73,yes
KXBTC15M-26JUN082145-45,2026-06-09T01:30:00Z,2026-06-09T01:45:00Z,62804.73,no
KXBTC15M-26JUN082200-00,2026-06-09T01:45:00Z,2026-06-09T02:00:00Z,62684.46,yes
KXBTC15M-26JUN082215-15,2026-06-09T02:00:00Z,2026-06-09T02:15:00Z,62773.52,no
KXBTC15M-26JUN082230-30,2026-06-09T02:15:00Z,2026-06-09T02:30:00Z,62726.85,yes
KXBTC15M-26JUN082245-45,2026-06-09T02:30:00Z,2026-06-09T02:45:00Z,62742.28,no
KXBTC15M-26JUN082300-00,2026-06-09T02:45:00Z,2026-06-09T03:00:00Z,62605.88,yes
KXBTC15M-26JUN082315-15,2026-06-09T03:00:00Z,2026-06-09T03:15:00Z,62842.71,yes
KXBTC15M-26JUN082330-30,2026-06-09T03:15:00Z,2026-06-09T03:30:00Z,62899.08,no
KXBTC15M-26JUN082345-45,2026-06-09T03:30:00Z,2026-06-09T03:45:00Z,62798.86,no
KXBTC15M-26JUN090000-00,2026-06-09T03:45:00Z,2026-06-09T04:00:00Z,62789.13,yes
KXBTC15M-26JUN090015-15,2026-06-09T04:00:00Z,2026-06-09T04:15:00Z,62852.82,yes
KXBTC15M-26JUN090030-30,2026-06-09T04:15:00Z,2026-06-09T04:30:00Z,62907.87,no
KXBTC15M-26JUN090045-45,2026-06-09T04:30:00Z,2026-06-09T04:45:00Z,62772.58,yes
KXBTC15M-26JUN090100-00,2026-06-09T04:45:00Z,2026-06-09T05:00:00Z,63208.87,yes
KXBTC15M-26JUN090115-15,2026-06-09T05:00:00Z,2026-06-09T05:15:00Z,63233.51,no
KXBTC15M-26JUN090130-30,2026-06-09T05:15:00Z,2026-06-09T05:30:00Z,63228.38,yes
KXBTC15M-26JUN090145-45,2026-06-09T05:30:00Z,2026-06-09T05:45:00Z,63288.94,yes
KXBTC15M-26JUN090200-00,2026-06-09T05:45:00Z,2026-06-09T06:00:00Z,63358.97,no
KXBTC15M-26JUN090215-15,2026-06-09T06:00:00Z,2026-06-09T06:15:00Z,63317.07,yes
KXBTC15M-26JUN090230-30,2026-06-09T06:15:00Z,2026-06-09T06:30:00Z,63336.17,yes
KXBTC15M-26JUN090245-45,2026-06-09T06:30:00Z,2026-06-09T06:45:00Z,63394.79,no
KXBTC15M-26JUN090300-00,2026-06-09T06:45:00Z,2026-06-09T07:00:00Z,63310.03,no
KXBTC15M-26JUN090315-15,2026-06-09T07:00:00Z,2026-06-09T07:15:00Z,63260.17,yes
KXBTC15M-26JUN090330-30,2026-06-09T07:15:00Z,2026-06-09T07:30:00Z,63286.58,no
KXBTC15M-26JUN090345-45,2026-06-09T07:30:00Z,2026-06-09T07:45:00Z,62998.36,yes
KXBTC15M-26JUN090400-00,2026-06-09T07:45:00Z,2026-06-09T08:00:00Z,63153.95,yes
KXBTC15M-26JUN090415-15,2026-06-09T08:00:00Z,2026-06-09T08:15:00Z,63161.68,no
KXBTC15M-26JUN090430-30,2026-06-09T08:15:00Z,2026-06-09T08:30:00Z,62887.96,no
KXBTC15M-26JUN090445-45,2026-06-09T08:30:00Z,2026-06-09T08:45:00Z,62861.84,yes
KXBTC15M-26JUN090500-00,2026-06-09T08:45:00Z,2026-06-09T09:00:00Z,62957.7,no
KXBTC15M-26JUN090515-15,2026-06-09T09:00:00Z,2026-06-09T09:15:00Z,62827.15,no
KXBTC15M-26JUN090530-30,2026-06-09T09:15:00Z,2026-06-09T09:30:00Z,62809.2,no
KXBTC15M-26JUN090545-45,2026-06-09T09:30:00Z,2026-06-09T09:45:00Z,62809.19,no
KXBTC15M-26JUN090600-00,2026-06-09T09:45:00Z,2026-06-09T10:00:00Z,62637.31,yes
KXBTC15M-26JUN090615-15,2026-06-09T10:00:00Z,2026-06-09T10:15:00Z,62685.3,yes
KXBTC15M-26JUN090630-30,2026-06-09T10:15:00Z,2026-06-09T10:30:00Z,62704.39,yes
KXBTC15M-26JUN090645-45,2026-06-09T10:30:00Z,2026-06-09T10:45:00Z,62707.8,no
KXBTC15M-26JUN090700-00,2026-06-09T10:45:00Z,2026-06-09T11:00:00Z,62676.92,yes
KXBTC15M-26JUN090715-15,2026-06-09T11:00:00Z,2026-06-09T11:15:00Z,62764.48,no
KXBTC15M-26JUN090730-30,2026-06-09T11:15:00Z,2026-06-09T11:30:00Z,62533.43,yes
KXBTC15M-26JUN090745-45,2026-06-09T11:30:00Z,2026-06-09T11:45:00Z,62564.54,yes
KXBTC15M-26JUN090800-00,2026-06-09T11:45:00Z,2026-06-09T12:00:00Z,62612.27,yes
KXBTC15M-26JUN090815-15,2026-06-09T12:00:00Z,2026-06-09T12:15:00Z,62691.48,yes
KXBTC15M-26JUN090830-30,2026-06-09T12:15:00Z,2026-06-09T12:30:00Z,62751.43,no
KXBTC15M-26JUN090845-45,2026-06-09T12:30:00Z,2026-06-09T12:45:00Z,62629.3,no
KXBTC15M-26JUN090900-00,2026-06-09T12:45:00Z,2026-06-09T13:00:00Z,62494.6,yes
KXBTC15M-26JUN090915-15,2026-06-09T13:00:00Z,2026-06-09T13:15:00Z,62558.07,no
KXBTC15M-26JUN090930-30,2026-06-09T13:15:00Z,2026-06-09T13:30:00Z,62526.01,no
KXBTC15M-26JUN090945-45,2026-06-09T13:30:00Z,2026-06-09T13:45:00Z,62307.43,yes
KXBTC15M-26JUN091000-00,2026-06-09T13:45:00Z,2026-06-09T14:00:00Z,62377.83,no
KXBTC15M-26JUN091015-15,2026-06-09T14:00:00Z,2026-06-09T14:15:00Z,62303.53,no
KXBTC15M-26JUN091030-30,2026-06-09T14:15:00Z,2026-06-09T14:30:00Z,61996.19,no
KXBTC15M-26JUN091045-45,2026-06-09T14:30:00Z,2026-06-09T14:45:00Z,61596.75,no
KXBTC15M-26JUN091100-00,2026-06-09T14:45:00Z,2026-06-09T15:00:00Z,61315.9,yes
KXBTC15M-26JUN091115-15,2026-06-09T15:00:00Z,2026-06-09T15:15:00Z,61450.81,yes
KXBTC15M-26JUN091130-30,2026-06-09T15:15:00Z,2026-06-09T15:30:00Z,61639.25,no
KXBTC15M-26JUN091145-45,2026-06-09T15:30:00Z,2026-06-09T15:45:00Z,61278.31,yes
KXBTC15M-26JUN091200-00,2026-06-09T15:45:00Z,2026-06-09T16:00:00Z,61296.84,no
KXBTC15M-26JUN091215-15,2026-06-09T16:00:00Z,2026-06-09T16:15:00Z,61111.99,no
KXBTC15M-26JUN091230-30,2026-06-09T16:15:00Z,2026-06-09T16:30:00Z,60979.94,no
KXBTC15M-26JUN091245-45,2026-06-09T16:30:00Z,2026-06-09T16:45:00Z,60972.01,yes
KXBTC15M-26JUN091300-00,2026-06-09T16:45:00Z,2026-06-09T17:00:00Z,61126.97,yes
KXBTC15M-26JUN091315-15,2026-06-09T17:00:00Z,2026-06-09T17:15:00Z,61375.32,yes
KXBTC15M-26JUN091330-30,2026-06-09T17:15:00Z,2026-06-09T17:30:00Z,61568.27,yes
KXBTC15M-26JUN091345-45,2026-06-09T17:30:00Z,2026-06-09T17:45:00Z,61701.96,no
KXBTC15M-26JUN091400-00,2026-06-09T17:45:00Z,2026-06-09T18:00:00Z,61680.67,no
KXBTC15M-26JUN091415-15,2026-06-09T18:00:00Z,2026-06-09T18:15:00Z,61666.83,yes
KXBTC15M-26JUN091430-30,2026-06-09T18:15:00Z,2026-06-09T18:30:00Z,61703.75,no
KXBTC15M-26JUN091445-45,2026-06-09T18:30:00Z,2026-06-09T18:45:00Z,61703.2,no
KXBTC15M-26JUN091500-00,2026-06-09T18:45:00Z,2026-06-09T19:00:00Z,61596.79,yes
KXBTC15M-26JUN091515-15,2026-06-09T19:00:00Z,2026-06-09T19:15:00Z,61764.14,no
KXBTC15M-26JUN091530-30,2026-06-09T19:15:00Z,2026-06-09T19:30:00Z,61742.94,yes
KXBTC15M-26JUN091545-45,2026-06-09T19:30:00Z,2026-06-09T19:45:00Z,61805.88,yes
KXBTC15M-26JUN091600-00,2026-06-09T19:45:00Z,2026-06-09T20:00:00Z,61833.51,yes
KXBTC15M-26JUN091615-15,2026-06-09T20:00:00Z,2026-06-09T20:15:00Z,62036.06,yes
KXBTC15M-26JUN091630-30,2026-06-09T20:15:00Z,2026-06-09T20:30:00Z,62140.15,no
KXBTC15M-26JUN091645-45,2026-06-09T20:30:00Z,2026-06-09T20:45:00Z,62034.82,yes
KXBTC15M-26JUN091700-00,2026-06-09T20:45:00Z,2026-06-09T21:00:00Z,62099.86,yes
KXBTC15M-26JUN091715-15,2026-06-09T21:00:00Z,2026-06-09T21:15:00Z,62100.09,no
KXBTC15M-26JUN091730-30,2026-06-09T21:15:00Z,2026-06-09T21:30:00Z,62072.68,no
KXBTC15M-26JUN091745-45,2026-06-09T21:30:00Z,2026-06-09T21:45:00Z,61758.81,yes
KXBTC15M-26JUN091800-00,2026-06-09T21:45:00Z,2026-06-09T22:00:00Z,61759.81,no
KXBTC15M-26JUN091815-15,2026-06-09T22:00:00Z,2026-06-09T22:15:00Z,61694.59,yes
KXBTC15M-26JUN091830-30,2026-06-09T22:15:00Z,2026-06-09T22:30:00Z,61786.73,no
KXBTC15M-26JUN091845-45,2026-06-09T22:30:00Z,2026-06-09T22:45:00Z,61759.22,yes
KXBTC15M-26JUN091900-00,2026-06-09T22:45:00Z,2026-06-09T23:00:00Z,61808.88,no
KXBTC15M-26JUN091915-15,2026-06-09T23:00:00Z,2026-06-09T23:15:00Z,61666.23,yes
KXBTC15M-26JUN091930-30,2026-06-09T23:15:00Z,2026-06-09T23:30:00Z,61721.84,no
KXBTC15M-26JUN091945-45,2026-06-09T23:30:00Z,2026-06-09T23:45:00Z,61657.47,no
KXBTC15M-26JUN092000-00,2026-06-09T23:45:00Z,2026-06-10T00:00:00Z,61577.14,yes
KXBTC15M-26JUN092015-15,2026-06-10T00:00:00Z,2026-06-10T00:15:00Z,61670.01,yes
KXBTC15M-26JUN092030-30,2026-06-10T00:15:00Z,2026-06-10T00:30:00Z,61756.59,yes
KXBTC15M-26JUN092045-45,2026-06-10T00:30:00Z,2026-06-10T00:45:00Z,61817.67,no
KXBTC15M-26JUN092100-00,2026-06-10T00:45:00Z,2026-06-10T01:00:00Z,61454.77,yes
KXBTC15M-26JUN092115-15,2026-06-10T01:00:00Z,2026-06-10T01:15:00Z,61856,no
KXBTC15M-26JUN092130-30,2026-06-10T01:15:00Z,2026-06-10T01:30:00Z,61766.4,yes
KXBTC15M-26JUN092145-45,2026-06-10T01:30:00Z,2026-06-10T01:45:00Z,61794.44,no
KXBTC15M-26JUN092200-00,2026-06-10T01:45:00Z,2026-06-10T02:00:00Z,61606.72,yes
KXBTC15M-26JUN092215-15,2026-06-10T02:00:00Z,2026-06-10T02:15:00Z,61670.05,no
KXBTC15M-26JUN092230-30,2026-06-10T02:15:00Z,2026-06-10T02:30:00Z,61522.31,no
KXBTC15M-26JUN092245-45,2026-06-10T02:30:00Z,2026-06-10T02:45:00Z,61424.08,no
KXBTC15M-26JUN092300-00,2026-06-10T02:45:00Z,2026-06-10T03:00:00Z,61311.38,no
KXBTC15M-26JUN092315-15,2026-06-10T03:00:00Z,2026-06-10T03:15:00Z,61290.47,yes
KXBTC15M-26JUN092330-30,2026-06-10T03:15:00Z,2026-06-10T03:30:00Z,61392.62,yes
KXBTC15M-26JUN092345-45,2026-06-10T03:30:00Z,2026-06-10T03:45:00Z,61532.1,no
KXBTC15M-26JUN100000-00,2026-06-10T03:45:00Z,2026-06-10T04:00:00Z,61487.07,yes
KXBTC15M-26JUN100015-15,2026-06-10T04:00:00Z,2026-06-10T04:15:00Z,61504.88,no
KXBTC15M-26JUN100030-30,2026-06-10T04:15:00Z,2026-06-10T04:30:00Z,61470.07,no
KXBTC15M-26JUN100045-45,2026-06-10T04:30:00Z,2026-06-10T04:45:00Z,61432.04,no
KXBTC15M-26JUN100100-00,2026-06-10T04:45:00Z,2026-06-10T05:00:00Z,61188.84,yes
KXBTC15M-26JUN100115-15,2026-06-10T05:00:00Z,2026-06-10T05:15:00Z,61241.16,no
KXBTC15M-26JUN100130-30,2026-06-10T05:15:00Z,2026-06-10T05:30:00Z,61112.44,yes
KXBTC15M-26JUN100145-45,2026-06-10T05:30:00Z,2026-06-10T05:45:00Z,61201.76,yes
KXBTC15M-26JUN100200-00,2026-06-10T05:45:00Z,2026-06-10T06:00:00Z,61234.13,yes
KXBTC15M-26JUN100215-15,2026-06-10T06:00:00Z,2026-06-10T06:15:00Z,61304.61,yes
KXBTC15M-26JUN100230-30,2026-06-10T06:15:00Z,2026-06-10T06:30:00Z,61347.36,no
KXBTC15M-26JUN100245-45,2026-06-10T06:30:00Z,2026-06-10T06:45:00Z,61292.18,yes
KXBTC15M-26JUN100300-00,2026-06-10T06:45:00Z,2026-06-10T07:00:00Z,61376.36,yes
KXBTC15M-26JUN100315-15,2026-06-10T07:00:00Z,2026-06-10T07:15:00Z,61429.27,yes
KXBTC15M-26JUN100330-30,2026-06-10T07:15:00Z,2026-06-10T07:30:00Z,61520.21,yes
KXBTC15M-26JUN100345-45,2026-06-10T07:30:00Z,2026-06-10T07:45:00Z,61604.42,yes
KXBTC15M-26JUN100400-00,2026-06-10T07:45:00Z,2026-06-10T08:00:00Z,61706.96,no
KXBTC15M-26JUN100415-15,2026-06-10T08:00:00Z,2026-06-10T08:15:00Z,61640.51,no
KXBTC15M-26JUN100430-30,2026-06-10T08:15:00Z,2026-06-10T08:30:00Z,61576.43,no
KXBTC15M-26JUN100445-45,2026-06-10T08:30:00Z,2026-06-10T08:45:00Z,61468.08,no
KXBTC15M-26JUN100500-00,2026-06-10T08:45:00Z,2026-06-10T09:00:00Z,61221.47,no
KXBTC15M-26JUN100515-15,2026-06-10T09:00:00Z,2026-06-10T09:15:00Z,61217.25,no
KXBTC15M-26JUN100530-30,2026-06-10T09:15:00Z,2026-06-10T09:30:00Z,61065.92,yes
KXBTC15M-26JUN100545-45,2026-06-10T09:30:00Z,2026-06-10T09:45:00Z,61170.12,yes
KXBTC15M-26JUN100600-00,2026-06-10T09:45:00Z,2026-06-10T10:00:00Z,61249.62,yes
KXBTC15M-26JUN100615-15,2026-06-10T10:00:00Z,2026-06-10T10:15:00Z,61286.62,no
KXBTC15M-26JUN100630-30,2026-06-10T10:15:00Z,2026-06-10T10:30:00Z,61216.96,yes
KXBTC15M-26JUN100645-45,2026-06-10T10:30:00Z,2026-06-10T10:45:00Z,61289.45,no
KXBTC15M-26JUN100700-00,2026-06-10T10:45:00Z,2026-06-10T11:00:00Z,61261.99,yes
KXBTC15M-26JUN100715-15,2026-06-10T11:00:00Z,2026-06-10T11:15:00Z,61340.21,no
KXBTC15M-26JUN100730-30,2026-06-10T11:15:00Z,2026-06-10T11:30:00Z,61056.3,no
KXBTC15M-26JUN100745-45,2026-06-10T11:30:00Z,2026-06-10T11:45:00Z,60905.45,yes
KXBTC15M-26JUN100800-00,2026-06-10T11:45:00Z,2026-06-10T12:00:00Z,60985.51,no
KXBTC15M-26JUN100815-15,2026-06-10T12:00:00Z,2026-06-10T12:15:00Z,,yes
KXBTC15M-26JUN100830-30,2026-06-10T12:15:00Z,2026-06-10T12:30:00Z,61150.6,no
KXBTC15M-26JUN100845-45,2026-06-10T12:30:00Z,2026-06-10T12:45:00Z,61105.61,yes
KXBTC15M-26JUN100900-00,2026-06-10T12:45:00Z,2026-06-10T13:00:00Z,61624.09,no
KXBTC15M-26JUN100915-15,2026-06-10T13:00:00Z,2026-06-10T13:15:00Z,61555.47,no
KXBTC15M-26JUN100930-30,2026-06-10T13:15:00Z,2026-06-10T13:30:00Z,61476.38,yes
KXBTC15M-26JUN100945-45,2026-06-10T13:30:00Z,2026-06-10T13:45:00Z,61496.37,yes
KXBTC15M-26JUN101000-00,2026-06-10T13:45:00Z,2026-06-10T14:00:00Z,62283.43,no
KXBTC15M-26JUN101015-15,2026-06-10T14:00:00Z,2026-06-10T14:15:00Z,62069.72,no
KXBTC15M-26JUN101030-30,2026-06-10T14:15:00Z,2026-06-10T14:30:00Z,62021.62,no
KXBTC15M-26JUN101045-45,2026-06-10T14:30:00Z,2026-06-10T14:45:00Z,62002.68,no
KXBTC15M-26JUN101100-00,2026-06-10T14:45:00Z,2026-06-10T15:00:00Z,61964.26,yes
KXBTC15M-26JUN101115-15,2026-06-10T15:00:00Z,2026-06-10T15:15:00Z,62080.25,no
KXBTC15M-26JUN101130-30,2026-06-10T15:15:00Z,2026-06-10T15:30:00Z,61925.93,yes
KXBTC15M-26JUN101145-45,2026-06-10T15:30:00Z,2026-06-10T15:45:00Z,62242.26,yes
KXBTC15M-26JUN101200-00,2026-06-10T15:45:00Z,2026-06-10T16:00:00Z,62346.72,yes
KXBTC15M-26JUN101215-15,2026-06-10T16:00:00Z,2026-06-10T16:15:00Z,62587.28,no
KXBTC15M-26JUN101230-30,2026-06-10T16:15:00Z,2026-06-10T16:30:00Z,62301.17,no
KXBTC15M-26JUN101245-45,2026-06-10T16:30:00Z,2026-06-10T16:45:00Z,62214.03,no
KXBTC15M-26JUN101300-00,2026-06-10T16:45:00Z,2026-06-10T17:00:00Z,62193.49,no
KXBTC15M-26JUN101315-15,2026-06-10T17:00:00Z,2026-06-10T17:15:00Z,62163.36,no
KXBTC15M-26JUN101330-30,2026-06-10T17:15:00Z,2026-06-10T17:30:00Z,62027.34,no
KXBTC15M-26JUN101345-45,2026-06-10T17:30:00Z,2026-06-10T17:45:00Z,61891.97,no
KXBTC15M-26JUN101400-00,2026-06-10T17:45:00Z,2026-06-10T18:00:00Z,61727.54,yes
KXBTC15M-26JUN101415-15,2026-06-10T18:00:00Z,2026-06-10T18:15:00Z,61929.58,no
KXBTC15M-26JUN101430-30,2026-06-10T18:15:00Z,2026-06-10T18:30:00Z,61906.08,no
KXBTC15M-26JUN101445-45,2026-06-10T18:30:00Z,2026-06-10T18:45:00Z,61873.46,no
KXBTC15M-26JUN101500-00,2026-06-10T18:45:00Z,2026-06-10T19:00:00Z,61705.91,yes
KXBTC15M-26JUN101515-15,2026-06-10T19:00:00Z,2026-06-10T19:15:00Z,61813.83,no
KXBTC15M-26JUN101530-30,2026-06-10T19:15:00Z,2026-06-10T19:30:00Z,61698.15,yes
KXBTC15M-26JUN101545-45,2026-06-10T19:30:00Z,2026-06-10T19:45:00Z,61719.55,yes
KXBTC15M-26JUN101600-00,2026-06-10T19:45:00Z,2026-06-10T20:00:00Z,61947.98,no
KXBTC15M-26JUN101615-15,2026-06-10T20:00:00Z,2026-06-10T20:15:00Z,61921.44,no
KXBTC15M-26JUN101630-30,2026-06-10T20:15:00Z,2026-06-10T20:30:00Z,61750.24,yes
KXBTC15M-26JUN101645-45,2026-06-10T20:30:00Z,2026-06-10T20:45:00Z,61852.67,no
KXBTC15M-26JUN101700-00,2026-06-10T20:45:00Z,2026-06-10T21:00:00Z,61783,no
KXBTC15M-26JUN101715-15,2026-06-10T21:00:00Z,2026-06-10T21:15:00Z,61745.58,no
KXBTC15M-26JUN101730-30,2026-06-10T21:15:00Z,2026-06-10T21:30:00Z,61480.85,yes
KXBTC15M-26JUN101745-45,2026-06-10T21:30:00Z,2026-06-10T21:45:00Z,61523.44,yes
KXBTC15M-26JUN101800-00,2026-06-10T21:45:00Z,2026-06-10T22:00:00Z,61612.74,no
KXBTC15M-26JUN101815-15,2026-06-10T22:00:00Z,2026-06-10T22:15:00Z,61263.78,no
KXBTC15M-26JUN101830-30,2026-06-10T22:15:00Z,2026-06-10T22:30:00Z,61181.21,yes
KXBTC15M-26JUN101845-45,2026-06-10T22:30:00Z,2026-06-10T22:45:00Z,61197.63,yes
KXBTC15M-26JUN101900-00,2026-06-10T22:45:00Z,2026-06-10T23:00:00Z,61478.24,no
KXBTC15M-26JUN101915-15,2026-06-10T23:00:00Z,2026-06-10T23:15:00Z,61335.84,no
KXBTC15M-26JUN101930-30,2026-06-10T23:15:00Z,2026-06-10T23:30:00Z,61153.04,yes
KXBTC15M-26JUN101945-45,2026-06-10T23:30:00Z,2026-06-10T23:45:00Z,61491.11,yes
KXBTC15M-26JUN102000-00,2026-06-10T23:45:00Z,2026-06-11T00:00:00Z,61493.71,no
KXBTC15M-26JUN102015-15,2026-06-11T00:00:00Z,2026-06-11T00:15:00Z,61466.82,yes
KXBTC15M-26JUN102030-30,2026-06-11T00:15:00Z,2026-06-11T00:30:00Z,61622.93,yes
KXBTC15M-26JUN102045-45,2026-06-11T00:30:00Z,2026-06-11T00:45:00Z,61822.38,no
KXBTC15M-26JUN102100-00,2026-06-11T00:45:00Z,2026-06-11T01:00:00Z,61746.15,yes
KXBTC15M-26JUN102115-15,2026-06-11T01:00:00Z,2026-06-11T01:15:00Z,61809.49,yes
KXBTC15M-26JUN102130-30,2026-06-11T01:15:00Z,2026-06-11T01:30:00Z,62024.75,yes
KXBTC15M-26JUN102145-45,2026-06-11T01:30:00Z,2026-06-11T01:45:00Z,62102.31,yes
KXBTC15M-26JUN102200-00,2026-06-11T01:45:00Z,2026-06-11T02:00:00Z,62211.95,no
KXBTC15M-26JUN102215-15,2026-06-11T02:00:00Z,2026-06-11T02:15:00Z,62180.02,no
KXBTC15M-26JUN102230-30,2026-06-11T02:15:00Z,2026-06-11T02:30:00Z,62114.13,no
KXBTC15M-26JUN102245-45,2026-06-11T02:30:00Z,2026-06-11T02:45:00Z,61997.52,yes
KXBTC15M-26JUN102300-00,2026-06-11T02:45:00Z,2026-06-11T03:00:00Z,62004.82,yes
KXBTC15M-26JUN102315-15,2026-06-11T03:00:00Z,2026-06-11T03:15:00Z,62090.6,no
KXBTC15M-26JUN102330-30,2026-06-11T03:15:00Z,2026-06-11T03:30:00Z,62000.34,yes
KXBTC15M-26JUN102345-45,2026-06-11T03:30:00Z,2026-06-11T03:45:00Z,62037.96,yes
KXBTC15M-26JUN110000-00,2026-06-11T03:45:00Z,2026-06-11T04:00:00Z,62305.34,yes
KXBTC15M-26JUN110015-15,2026-06-11T04:00:00Z,2026-06-11T04:15:00Z,62642.84,no
KXBTC15M-26JUN110030-30,2026-06-11T04:15:00Z,2026-06-11T04:30:00Z,62618.17,no
KXBTC15M-26JUN110045-45,2026-06-11T04:30:00Z,2026-06-11T04:45:00Z,62552.23,yes
KXBTC15M-26JUN110100-00,2026-06-11T04:45:00Z,2026-06-11T05:00:00Z,62589.71,yes
KXBTC15M-26JUN110115-15,2026-06-11T05:00:00Z,2026-06-11T05:15:00Z,62644.53,no
KXBTC15M-26JUN110130-30,2026-06-11T05:15:00Z,2026-06-11T05:30:00Z,62549.3,no
KXBTC15M-26JUN110145-45,2026-06-11T05:30:00Z,2026-06-11T05:45:00Z,62542.81,yes
KXBTC15M-26JUN110200-00,2026-06-11T05:45:00Z,2026-06-11T06:00:00Z,62616.43,no
KXBTC15M-26JUN110515-15,2026-06-11T09:00:00Z,2026-06-11T09:15:00Z,62871.56,no
KXBTC15M-26JUN110530-30,2026-06-11T09:15:00Z,2026-06-11T09:30:00Z,62775.18,no
KXBTC15M-26JUN110545-45,2026-06-11T09:30:00Z,2026-06-11T09:45:00Z,62750.33,yes
KXBTC15M-26JUN110600-00,2026-06-11T09:45:00Z,2026-06-11T10:00:00Z,62832.7,yes
KXBTC15M-26JUN110615-15,2026-06-11T10:00:00Z,2026-06-11T10:15:00Z,62862.44,no
KXBTC15M-26JUN110630-30,2026-06-11T10:15:00Z,2026-06-11T10:30:00Z,62855.91,no
KXBTC15M-26JUN110645-45,2026-06-11T10:30:00Z,2026-06-11T10:45:00Z,62790.14,yes
KXBTC15M-26JUN110700-00,2026-06-11T10:45:00Z,2026-06-11T11:00:00Z,62871.28,yes
KXBTC15M-26JUN110715-15,2026-06-11T11:00:00Z,2026-06-11T11:15:00Z,63100.38,yes
KXBTC15M-26JUN110730-30,2026-06-11T11:15:00Z,2026-06-11T11:30:00Z,63129.07,no
KXBTC15M-26JUN110745-45,2026-06-11T11:30:00Z,2026-06-11T11:45:00Z,63107.15,no
KXBTC15M-26JUN110800-00,2026-06-11T11:45:00Z,2026-06-11T12:00:00Z,63076.99,no
KXBTC15M-26JUN110815-15,2026-06-11T12:00:00Z,2026-06-11T12:15:00Z,63058.2,no
KXBTC15M-26JUN110830-30,2026-06-11T12:15:00Z,2026-06-11T12:30:00Z,63043.47,no
KXBTC15M-26JUN110845-45,2026-06-11T12:30:00Z,2026-06-11T12:45:00Z,62632.17,yes
KXBTC15M-26JUN110900-00,2026-06-11T12:45:00Z,2026-06-11T13:00:00Z,62782.76,yes
KXBTC15M-26JUN110915-15,2026-06-11T13:00:00Z,2026-06-11T13:15:00Z,62963.03,no
KXBTC15M-26JUN110930-30,2026-06-11T13:15:00Z,2026-06-11T13:30:00Z,62848.95,no
KXBTC15M-26JUN110945-45,2026-06-11T13:30:00Z,2026-06-11T13:45:00Z,62756.76,yes
KXBTC15M-26JUN111000-00,2026-06-11T13:45:00Z,2026-06-11T14:00:00Z,62868.37,yes
KXBTC15M-26JUN111015-15,2026-06-11T14:00:00Z,2026-06-11T14:15:00Z,63014.71,no
KXBTC15M-26JUN111030-30,2026-06-11T14:15:00Z,2026-06-11T14:30:00Z,62761.65,yes
KXBTC15M-26JUN111045-45,2026-06-11T14:30:00Z,2026-06-11T14:45:00Z,62938.45,no
KXBTC15M-26JUN111100-00,2026-06-11T14:45:00Z,2026-06-11T15:00:00Z,62829.83,no
KXBTC15M-26JUN111115-15,2026-06-11T15:00:00Z,2026-06-11T15:15:00Z,62687.68,no
KXBTC15M-26JUN111130-30,2026-06-11T15:15:00Z,2026-06-11T15:30:00Z,62670.27,no
KXBTC15M-26JUN111145-45,2026-06-11T15:30:00Z,2026-06-11T15:45:00Z,62663.87,no
KXBTC15M-26JUN111200-00,2026-06-11T15:45:00Z,2026-06-11T16:00:00Z,62645.49,yes
KXBTC15M-26JUN111215-15,2026-06-11T16:00:00Z,2026-06-11T16:15:00Z,62668.2,yes
KXBTC15M-26JUN111230-30,2026-06-11T16:15:00Z,2026-06-11T16:30:00Z,62747.19,no
KXBTC15M-26JUN111245-45,2026-06-11T16:30:00Z,2026-06-11T16:45:00Z,62580.75,yes
KXBTC15M-26JUN111300-00,2026-06-11T16:45:00Z,2026-06-11T17:00:00Z,62596.48,no
KXBTC15M-26JUN111315-15,2026-06-11T17:00:00Z,2026-06-11T17:15:00Z,62523.65,no
KXBTC15M-26JUN111330-30,2026-06-11T17:15:00Z,2026-06-11T17:30:00Z,62400.21,yes
KXBTC15M-26JUN111345-45,2026-06-11T17:30:00Z,2026-06-11T17:45:00Z,62675.03,yes
KXBTC15M-26JUN111400-00,2026-06-11T17:45:00Z,2026-06-11T18:00:00Z,63258.17,yes
KXBTC15M-26JUN111415-15,2026-06-11T18:00:00Z,2026-06-11T18:15:00Z,63487.81,no
KXBTC15M-26JUN111430-30,2026-06-11T18:15:00Z,2026-06-11T18:30:00Z,63382.81,no
KXBTC15M-26JUN111445-45,2026-06-11T18:30:00Z,2026-06-11T18:45:00Z,63331.41,yes
KXBTC15M-26JUN111500-00,2026-06-11T18:45:00Z,2026-06-11T19:00:00Z,63468.08,no
KXBTC15M-26JUN111515-15,2026-06-11T19:00:00Z,2026-06-11T19:15:00Z,63403.91,yes
KXBTC15M-26JUN111530-30,2026-06-11T19:15:00Z,2026-06-11T19:30:00Z,63483.63,yes
KXBTC15M-26JUN111545-45,2026-06-11T19:30:00Z,2026-06-11T19:45:00Z,63558.14,yes
KXBTC15M-26JUN111600-00,2026-06-11T19:45:00Z,2026-06-11T20:00:00Z,63648.92,no
KXBTC15M-26JUN111615-15,2026-06-11T20:00:00Z,2026-06-11T20:15:00Z,63572.48,no
KXBTC15M-26JUN111630-30,2026-06-11T20:15:00Z,2026-06-11T20:30:00Z,63478.26,no
KXBTC15M-26JUN111645-45,2026-06-11T20:30:00Z,2026-06-11T20:45:00Z,63311.21,no
KXBTC15M-26JUN111700-00,2026-06-11T20:45:00Z,2026-06-11T21:00:00Z,63245.67,yes
KXBTC15M-26JUN111715-15,2026-06-11T21:00:00Z,2026-06-11T21:15:00Z,63343.66,yes
KXBTC15M-26JUN111730-30,2026-06-11T21:15:00Z,2026-06-11T21:30:00Z,63521.65,no
KXBTC15M-26JUN111745-45,2026-06-11T21:30:00Z,2026-06-11T21:45:00Z,63412.67,yes
KXBTC15M-26JUN111800-00,2026-06-11T21:45:00Z,2026-06-11T22:00:00Z,63467.49,no
KXBTC15M-26JUN111815-15,2026-06-11T22:00:00Z,2026-06-11T22:15:00Z,63439.34,yes
KXBTC15M-26JUN111830-30,2026-06-11T22:15:00Z,2026-06-11T22:30:00Z,63577.76,no
KXBTC15M-26JUN111845-45,2026-06-11T22:30:00Z,2026-06-11T22:45:00Z,63534.61,no
KXBTC15M-26JUN111900-00,2026-06-11T22:45:00Z,2026-06-11T23:00:00Z,63453.7,yes
KXBTC15M-26JUN111915-15,2026-06-11T23:00:00Z,2026-06-11T23:15:00Z,63458.6,no
KXBTC15M-26JUN111930-30,2026-06-11T23:15:00Z,2026-06-11T23:30:00Z,63347.4,no
KXBTC15M-26JUN111945-45,2026-06-11T23:30:00Z,2026-06-11T23:45:00Z,63324.52,yes
KXBTC15M-26JUN112000-00,2026-06-11T23:45:00Z,2026-06-12T00:00:00Z,63572.86,no
KXBTC15M-26JUN112015-15,2026-06-12T00:00:00Z,2026-06-12T00:15:00Z,63550.48,yes
KXBTC15M-26JUN112030-30,2026-06-12T00:15:00Z,2026-06-12T00:30:00Z,63663.78,no
KXBTC15M-26JUN112045-45,2026-06-12T00:30:00Z,2026-06-12T00:45:00Z,63557.76,yes
KXBTC15M-26JUN112100-00,2026-06-12T00:45:00Z,2026-06-12T01:00:00Z,63589.55,no
KXBTC15M-26JUN112115-15,2026-06-12T01:00:00Z,2026-06-12T01:15:00Z,63579.92,no
KXBTC15M-26JUN112130-30,2026-06-12T01:15:00Z,2026-06-12T01:30:00Z,63419.64,no
KXBTC15M-26JUN112145-45,2026-06-12T01:30:00Z,2026-06-12T01:45:00Z,63281.58,yes
KXBTC15M-26JUN112200-00,2026-06-12T01:45:00Z,2026-06-12T02:00:00Z,63325.24,yes
KXBTC15M-26JUN112215-15,2026-06-12T02:00:00Z,2026-06-12T02:15:00Z,63351.2,yes
KXBTC15M-26JUN112230-30,2026-06-12T02:15:00Z,2026-06-12T02:30:00Z,63593.42,no
KXBTC15M-26JUN112245-45,2026-06-12T02:30:00Z,2026-06-12T02:45:00Z,63473.18,yes
KXBTC15M-26JUN112300-00,2026-06-12T02:45:00Z,2026-06-12T03:00:00Z,63530.26,yes
KXBTC15M-26JUN112315-15,2026-06-12T03:00:00Z,2026-06-12T03:15:00Z,63533.86,no
KXBTC15M-26JUN112330-30,2026-06-12T03:15:00Z,2026-06-12T03:30:00Z,63449.1,no
KXBTC15M-26JUN112345-45,2026-06-12T03:30:00Z,2026-06-12T03:45:00Z,63356.02,yes
KXBTC15M-26JUN120000-00,2026-06-12T03:45:00Z,2026-06-12T04:00:00Z,63383.02,yes
KXBTC15M-26JUN120015-15,2026-06-12T04:00:00Z,2026-06-12T04:15:00Z,63435.99,no
KXBTC15M-26JUN120030-30,2026-06-12T04:15:00Z,2026-06-12T04:30:00Z,63413.69,yes
KXBTC15M-26JUN120045-45,2026-06-12T04:30:00Z,2026-06-12T04:45:00Z,63708.44,no
KXBTC15M-26JUN120100-00,2026-06-12T04:45:00Z,2026-06-12T05:00:00Z,63639.29,no
KXBTC15M-26JUN120115-15,2026-06-12T05:00:00Z,2026-06-12T05:15:00Z,63617.67,no
KXBTC15M-26JUN120130-30,2026-06-12T05:15:00Z,2026-06-12T05:30:00Z,63368.16,yes
KXBTC15M-26JUN120145-45,2026-06-12T05:30:00Z,2026-06-12T05:45:00Z,63403.85,no
KXBTC15M-26JUN120200-00,2026-06-12T05:45:00Z,2026-06-12T06:00:00Z,63313.21,no
KXBTC15M-26JUN120215-15,2026-06-12T06:00:00Z,2026-06-12T06:15:00Z,63279.33,no
KXBTC15M-26JUN120230-30,2026-06-12T06:15:00Z,2026-06-12T06:30:00Z,63210.9,no
KXBTC15M-26JUN120245-45,2026-06-12T06:30:00Z,2026-06-12T06:45:00Z,63074.7,no
KXBTC15M-26JUN120300-00,2026-06-12T06:45:00Z,2026-06-12T07:00:00Z,62855.24,yes
KXBTC15M-26JUN120315-15,2026-06-12T07:00:00Z,2026-06-12T07:15:00Z,62908.13,yes
KXBTC15M-26JUN120330-30,2026-06-12T07:15:00Z,2026-06-12T07:30:00Z,62942.98,yes
KXBTC15M-26JUN120345-45,2026-06-12T07:30:00Z,2026-06-12T07:45:00Z,62951.18,yes
KXBTC15M-26JUN120400-00,2026-06-12T07:45:00Z,2026-06-12T08:00:00Z,62985.88,yes
KXBTC15M-26JUN120415-15,2026-06-12T08:00:00Z,2026-06-12T08:15:00Z,63028.52,yes
KXBTC15M-26JUN120430-30,2026-06-12T08:15:00Z,2026-06-12T08:30:00Z,63235.44,yes
KXBTC15M-26JUN120445-45,2026-06-12T08:30:00Z,2026-06-12T08:45:00Z,63454.06,no
KXBTC15M-26JUN120500-00,2026-06-12T08:45:00Z,2026-06-12T09:00:00Z,63312.79,yes
KXBTC15M-26JUN120515-15,2026-06-12T09:00:00Z,2026-06-12T09:15:00Z,63399.48,yes
KXBTC15M-26JUN120530-30,2026-06-12T09:15:00Z,2026-06-12T09:30:00Z,63474.46,yes
KXBTC15M-26JUN120545-45,2026-06-12T09:30:00Z,2026-06-12T09:45:00Z,63698.94,yes
KXBTC15M-26JUN120600-00,2026-06-12T09:45:00Z,2026-06-12T10:00:00Z,63823.32,no
KXBTC15M-26JUN120615-15,2026-06-12T10:00:00Z,2026-06-12T10:15:00Z,63705.83,no
KXBTC15M-26JUN120630-30,2026-06-12T10:15:00Z,2026-06-12T10:30:00Z,63684.53,no
KXBTC15M-26JUN120645-45,2026-06-12T10:30:00Z,2026-06-12T10:45:00Z,63540.54,yes
KXBTC15M-26JUN120700-00,2026-06-12T10:45:00Z,2026-06-12T11:00:00Z,63603.59,yes
KXBTC15M-26JUN120715-15,2026-06-12T11:00:00Z,2026-06-12T11:15:00Z,63641.45,yes
KXBTC15M-26JUN120730-30,2026-06-12T11:15:00Z,2026-06-12T11:30:00Z,63762.21,yes
KXBTC15M-26JUN120745-45,2026-06-12T11:30:00Z,2026-06-12T11:45:00Z,63770.89,no
KXBTC15M-26JUN120800-00,2026-06-12T11:45:00Z,2026-06-12T12:00:00Z,63721.08,no
KXBTC15M-26JUN120815-15,2026-06-12T12:00:00Z,2026-06-12T12:15:00Z,63707.91,no
KXBTC15M-26JUN120830-30,2026-06-12T12:15:00Z,2026-06-12T12:30:00Z,63564.15,no
KXBTC15M-26JUN120845-45,2026-06-12T12:30:00Z,2026-06-12T12:45:00Z,63406.74,no
KXBTC15M-26JUN120900-00,2026-06-12T12:45:00Z,2026-06-12T13:00:00Z,63373.35,yes
KXBTC15M-26JUN120915-15,2026-06-12T13:00:00Z,2026-06-12T13:15:00Z,63409.07,no
KXBTC15M-26JUN120930-30,2026-06-12T13:15:00Z,2026-06-12T13:30:00Z,63394.12,no
KXBTC15M-26JUN120945-45,2026-06-12T13:30:00Z,2026-06-12T13:45:00Z,63323.84,no
KXBTC15M-26JUN121000-00,2026-06-12T13:45:00Z,2026-06-12T14:00:00Z,63082.54,yes
KXBTC15M-26JUN121015-15,2026-06-12T14:00:00Z,2026-06-12T14:15:00Z,63141.78,yes
KXBTC15M-26JUN121030-30,2026-06-12T14:15:00Z,2026-06-12T14:30:00Z,63359.15,yes
KXBTC15M-26JUN121045-45,2026-06-12T14:30:00Z,2026-06-12T14:45:00Z,63578.88,no
KXBTC15M-26JUN121100-00,2026-06-12T14:45:00Z,2026-06-12T15:00:00Z,63484.05,yes
KXBTC15M-26JUN121115-15,2026-06-12T15:00:00Z,2026-06-12T15:15:00Z,63930.56,yes
KXBTC15M-26JUN121130-30,2026-06-12T15:15:00Z,2026-06-12T15:30:00Z,64314.59,no
KXBTC15M-26JUN121145-45,2026-06-12T15:30:00Z,2026-06-12T15:45:00Z,64150.17,no
KXBTC15M-26JUN121200-00,2026-06-12T15:45:00Z,2026-06-12T16:00:00Z,63874.57,no
KXBTC15M-26JUN121215-15,2026-06-12T16:00:00Z,2026-06-12T16:15:00Z,63560.16,yes
KXBTC15M-26JUN121230-30,2026-06-12T16:15:00Z,2026-06-12T16:30:00Z,63840.5,yes
KXBTC15M-26JUN121245-45,2026-06-12T16:30:00Z,2026-06-12T16:45:00Z,63878.12,no
KXBTC15M-26JUN121300-00,2026-06-12T16:45:00Z,2026-06-12T17:00:00Z,63830.07,yes
KXBTC15M-26JUN121315-15,2026-06-12T17:00:00Z,2026-06-12T17:15:00Z,63937.46,no
KXBTC15M-26JUN121330-30,2026-06-12T17:15:00Z,2026-06-12T17:30:00Z,63855.28,no
KXBTC15M-26JUN121345-45,2026-06-12T17:30:00Z,2026-06-12T17:45:00Z,63783.32,yes
KXBTC15M-26JUN121400-00,2026-06-12T17:45:00Z,2026-06-12T18:00:00Z,63784.61,yes
KXBTC15M-26JUN121415-15,2026-06-12T18:00:00Z,2026-06-12T18:15:00Z,63826.39,no
KXBTC15M-26JUN121430-30,2026-06-12T18:15:00Z,2026-06-12T18:30:00Z,63811.12,no
KXBTC15M-26JUN121445-45,2026-06-12T18:30:00Z,2026-06-12T18:45:00Z,63737.95,yes
KXBTC15M-26JUN121500-00,2026-06-12T18:45:00Z,2026-06-12T19:00:00Z,63841.77,no
KXBTC15M-26JUN121515-15,2026-06-12T19:00:00Z,2026-06-12T19:15:00Z,63663.59,yes
KXBTC15M-26JUN121530-30,2026-06-12T19:15:00Z,2026-06-12T19:30:00Z,63681.41,yes
KXBTC15M-26JUN121545-45,2026-06-12T19:30:00Z,2026-06-12T19:45:00Z,63701.99,no
KXBTC15M-26JUN121600-00,2026-06-12T19:45:00Z,2026-06-12T20:00:00Z,63616.74,no
KXBTC15M-26JUN121615-15,2026-06-12T20:00:00Z,2026-06-12T20:15:00Z,63580.22,no
KXBTC15M-26JUN121630-30,2026-06-12T20:15:00Z,2026-06-12T20:30:00Z,63560.04,no
KXBTC15M-26JUN121645-45,2026-06-12T20:30:00Z,2026-06-12T20:45:00Z,63484.51,yes
KXBTC15M-26JUN121700-00,2026-06-12T20:45:00Z,2026-06-12T21:00:00Z,63488.21,no
KXBTC15M-26JUN121715-15,2026-06-12T21:00:00Z,2026-06-12T21:15:00Z,63424.89,yes
KXBTC15M-26JUN121730-30,2026-06-12T21:15:00Z,2026-06-12T21:30:00Z,63564.41,no
KXBTC15M-26JUN121745-45,2026-06-12T21:30:00Z,2026-06-12T21:45:00Z,63478.28,yes
KXBTC15M-26JUN121800-00,2026-06-12T21:45:00Z,2026-06-12T22:00:00Z,63512.27,no
KXBTC15M-26JUN121815-15,2026-06-12T22:00:00Z,2026-06-12T22:15:00Z,63472.59,yes
KXBTC15M-26JUN121830-30,2026-06-12T22:15:00Z,2026-06-12T22:30:00Z,63477.88,yes
KXBTC15M-26JUN121845-45,2026-06-12T22:30:00Z,2026-06-12T22:45:00Z,63577.48,no
KXBTC15M-26JUN121900-00,2026-06-12T22:45:00Z,2026-06-12T23:00:00Z,63478.87,yes
KXBTC15M-26JUN121915-15,2026-06-12T23:00:00Z,2026-06-12T23:15:00Z,63483.04,no
KXBTC15M-26JUN121930-30,2026-06-12T23:15:00Z,2026-06-12T23:30:00Z,63433.48,no
KXBTC15M-26JUN121945-45,2026-06-12T23:30:00Z,2026-06-12T23:45:00Z,63424.26,yes
KXBTC15M-26JUN122000-00,2026-06-12T23:45:00Z,2026-06-13T00:00:00Z,63476.31,yes
KXBTC15M-26JUN122015-15,2026-06-13T00:00:00Z,2026-06-13T00:15:00Z,63532.24,yes
KXBTC15M-26JUN122030-30,2026-06-13T00:15:00Z,2026-06-13T00:30:00Z,63557.1,no
KXBTC15M-26JUN122045-45,2026-06-13T00:30:00Z,2026-06-13T00:45:00Z,63500.96,yes
KXBTC15M-26JUN122100-00,2026-06-13T00:45:00Z,2026-06-13T01:00:00Z,63560.48,yes
KXBTC15M-26JUN122115-15,2026-06-13T01:00:00Z,2026-06-13T01:15:00Z,63592.25,yes
KXBTC15M-26JUN122130-30,2026-06-13T01:15:00Z,2026-06-13T01:30:00Z,63626.41,no
KXBTC15M-26JUN122145-45,2026-06-13T01:30:00Z,2026-06-13T01:45:00Z,63620.72,yes
KXBTC15M-26JUN122200-00,2026-06-13T01:45:00Z,2026-06-13T02:00:00Z,63734,yes
KXBTC15M-26JUN122215-15,2026-06-13T02:00:00Z,2026-06-13T02:15:00Z,63778.18,no
KXBTC15M-26JUN122230-30,2026-06-13T02:15:00Z,2026-06-13T02:30:00Z,63759.84,no
KXBTC15M-26JUN122245-45,2026-06-13T02:30:00Z,2026-06-13T02:45:00Z,63685.64,no
KXBTC15M-26JUN122300-00,2026-06-13T02:45:00Z,2026-06-13T03:00:00Z,63602.76,yes
KXBTC15M-26JUN122315-15,2026-06-13T03:00:00Z,2026-06-13T03:15:00Z,63622.5,yes
KXBTC15M-26JUN122330-30,2026-06-13T03:15:00Z,2026-06-13T03:30:00Z,63640.96,no
KXBTC15M-26JUN122345-45,2026-06-13T03:30:00Z,2026-06-13T03:45:00Z,63467.53,yes
KXBTC15M-26JUN130000-00,2026-06-13T03:45:00Z,2026-06-13T04:00:00Z,63476.34,yes
KXBTC15M-26JUN130015-15,2026-06-13T04:00:00Z,2026-06-13T04:15:00Z,63501.32,no
KXBTC15M-26JUN130030-30,2026-06-13T04:15:00Z,2026-06-13T04:30:00Z,63485.34,yes
KXBTC15M-26JUN130045-45,2026-06-13T04:30:00Z,2026-06-13T04:45:00Z,63513.59,yes
KXBTC15M-26JUN130100-00,2026-06-13T04:45:00Z,2026-06-13T05:00:00Z,63592.08,no
KXBTC15M-26JUN130115-15,2026-06-13T05:00:00Z,2026-06-13T05:15:00Z,63488.13,yes
KXBTC15M-26JUN130130-30,2026-06-13T05:15:00Z,2026-06-13T05:30:00Z,63546.41,yes
KXBTC15M-26JUN130145-45,2026-06-13T05:30:00Z,2026-06-13T05:45:00Z,63552.66,yes
KXBTC15M-26JUN130200-00,2026-06-13T05:45:00Z,2026-06-13T06:00:00Z,63553.72,no
KXBTC15M-26JUN130215-15,2026-06-13T06:00:00Z,2026-06-13T06:15:00Z,63531.99,yes
KXBTC15M-26JUN130230-30,2026-06-13T06:15:00Z,2026-06-13T06:30:00Z,63552.96,yes
KXBTC15M-26JUN130245-45,2026-06-13T06:30:00Z,2026-06-13T06:45:00Z,63632.09,yes
KXBTC15M-26JUN130300-00,2026-06-13T06:45:00Z,2026-06-13T07:00:00Z,63647.18,yes
KXBTC15M-26JUN130315-15,2026-06-13T07:00:00Z,2026-06-13T07:15:00Z,63704.38,yes
KXBTC15M-26JUN130330-30,2026-06-13T07:15:00Z,2026-06-13T07:30:00Z,63705.83,yes
KXBTC15M-26JUN130345-45,2026-06-13T07:30:00Z,2026-06-13T07:45:00Z,63756.29,yes
KXBTC15M-26JUN130400-00,2026-06-13T07:45:00Z,2026-06-13T08:00:00Z,63790.98,yes
KXBTC15M-26JUN130415-15,2026-06-13T08:00:00Z,2026-06-13T08:15:00Z,63794.9,no
KXBTC15M-26JUN130430-30,2026-06-13T08:15:00Z,2026-06-13T08:30:00Z,63771.01,yes
KXBTC15M-26JUN130445-45,2026-06-13T08:30:00Z,2026-06-13T08:45:00Z,63785.11,yes
KXBTC15M-26JUN130500-00,2026-06-13T08:45:00Z,2026-06-13T09:00:00Z,63848,no
KXBTC15M-26JUN130515-15,2026-06-13T09:00:00Z,2026-06-13T09:15:00Z,63778.94,no
KXBTC15M-26JUN130530-30,2026-06-13T09:15:00Z,2026-06-13T09:30:00Z,63778.83,yes
KXBTC15M-26JUN130545-45,2026-06-13T09:30:00Z,2026-06-13T09:45:00Z,63786.54,no
KXBTC15M-26JUN130600-00,2026-06-13T09:45:00Z,2026-06-13T10:00:00Z,63776.59,no
KXBTC15M-26JUN130615-15,2026-06-13T10:00:00Z,2026-06-13T10:15:00Z,63712.97,yes
KXBTC15M-26JUN130630-30,2026-06-13T10:15:00Z,2026-06-13T10:30:00Z,63748.34,no
KXBTC15M-26JUN130645-45,2026-06-13T10:30:00Z,2026-06-13T10:45:00Z,63746.23,yes
KXBTC15M-26JUN130700-00,2026-06-13T10:45:00Z,2026-06-13T11:00:00Z,63840.51,no
KXBTC15M-26JUN130715-15,2026-06-13T11:00:00Z,2026-06-13T11:15:00Z,63807.14,yes
KXBTC15M-26JUN130730-30,2026-06-13T11:15:00Z,2026-06-13T11:30:00Z,63894.54,yes
KXBTC15M-26JUN130745-45,2026-06-13T11:30:00Z,2026-06-13T11:45:00Z,63931.23,no
KXBTC15M-26JUN130800-00,2026-06-13T11:45:00Z,2026-06-13T12:00:00Z,63881.66,yes
KXBTC15M-26JUN130815-15,2026-06-13T12:00:00Z,2026-06-13T12:15:00Z,63933.74,no
KXBTC15M-26JUN130830-30,2026-06-13T12:15:00Z,2026-06-13T12:30:00Z,63912.89,yes
KXBTC15M-26JUN130845-45,2026-06-13T12:30:00Z,2026-06-13T12:45:00Z,63941.74,yes
KXBTC15M-26JUN130900-00,2026-06-13T12:45:00Z,2026-06-13T13:00:00Z,63973.11,yes
KXBTC15M-26JUN130915-15,2026-06-13T13:00:00Z,2026-06-13T13:15:00Z,64109.64,yes
KXBTC15M-26JUN130930-30,2026-06-13T13:15:00Z,2026-06-13T13:30:00Z,64134.6,yes
KXBTC15M-26JUN130945-45,2026-06-13T13:30:00Z,2026-06-13T13:45:00Z,64189.6,no
KXBTC15M-26JUN131000-00,2026-06-13T13:45:00Z,2026-06-13T14:00:00Z,64145.88,no
KXBTC15M-26JUN131015-15,2026-06-13T14:00:00Z,2026-06-13T14:15:00Z,64074.15,yes
KXBTC15M-26JUN131030-30,2026-06-13T14:15:00Z,2026-06-13T14:30:00Z,64136.67,no
KXBTC15M-26JUN131045-45,2026-06-13T14:30:00Z,2026-06-13T14:45:00Z,64103.34,yes
KXBTC15M-26JUN131100-00,2026-06-13T14:45:00Z,2026-06-13T15:00:00Z,64163.93,yes
KXBTC15M-26JUN131115-15,2026-06-13T15:00:00Z,2026-06-13T15:15:00Z,64190.42,yes
KXBTC15M-26JUN131130-30,2026-06-13T15:15:00Z,2026-06-13T15:30:00Z,64253.62,no
KXBTC15M-26JUN131145-45,2026-06-13T15:30:00Z,2026-06-13T15:45:00Z,64252.05,no
KXBTC15M-26JUN131200-00,2026-06-13T15:45:00Z,2026-06-13T16:00:00Z,64214.16,yes
KXBTC15M-26JUN131215-15,2026-06-13T16:00:00Z,2026-06-13T16:15:00Z,64276.27,no
KXBTC15M-26JUN131230-30,2026-06-13T16:15:00Z,2026-06-13T16:30:00Z,64034.23,no
KXBTC15M-26JUN131245-45,2026-06-13T16:30:00Z,2026-06-13T16:45:00Z,63972.21,yes
KXBTC15M-26JUN131300-00,2026-06-13T16:45:00Z,2026-06-13T17:00:00Z,64018.7,no
KXBTC15M-26JUN131315-15,2026-06-13T17:00:00Z,2026-06-13T17:15:00Z,63986.97,no
KXBTC15M-26JUN131330-30,2026-06-13T17:15:00Z,2026-06-13T17:30:00Z,63934.78,yes
KXBTC15M-26JUN131345-45,2026-06-13T17:30:00Z,2026-06-13T17:45:00Z,64052.42,yes
KXBTC15M-26JUN131400-00,2026-06-13T17:45:00Z,2026-06-13T18:00:00Z,64074.43,no
KXBTC15M-26JUN131415-15,2026-06-13T18:00:00Z,2026-06-13T18:15:00Z,63959.11,yes
KXBTC15M-26JUN131430-30,2026-06-13T18:15:00Z,2026-06-13T18:30:00Z,64042.45,yes
KXBTC15M-26JUN131445-45,2026-06-13T18:30:00Z,2026-06-13T18:45:00Z,64168.54,yes
KXBTC15M-26JUN131500-00,2026-06-13T18:45:00Z,2026-06-13T19:00:00Z,64236.49,no
KXBTC15M-26JUN131515-15,2026-06-13T19:00:00Z,2026-06-13T19:15:00Z,64135.03,yes
KXBTC15M-26JUN131530-30,2026-06-13T19:15:00Z,2026-06-13T19:30:00Z,64161.41,no
KXBTC15M-26JUN131545-45,2026-06-13T19:30:00Z,2026-06-13T19:45:00Z,64155.28,yes
KXBTC15M-26JUN131600-00,2026-06-13T19:45:00Z,2026-06-13T20:00:00Z,64260.64,yes
KXBTC15M-26JUN131615-15,2026-06-13T20:00:00Z,2026-06-13T20:15:00Z,64282.27,no
KXBTC15M-26JUN131630-30,2026-06-13T20:15:00Z,2026-06-13T20:30:00Z,64243.93,no
KXBTC15M-26JUN131645-45,2026-06-13T20:30:00Z,2026-06-13T20:45:00Z,64231.31,no
KXBTC15M-26JUN131700-00,2026-06-13T20:45:00Z,2026-06-13T21:00:00Z,64213.12,yes
KXBTC15M-26JUN131715-15,2026-06-13T21:00:00Z,2026-06-13T21:15:00Z,64255.82,no
KXBTC15M-26JUN131730-30,2026-06-13T21:15:00Z,2026-06-13T21:30:00Z,64226.25,yes
KXBTC15M-26JUN131745-45,2026-06-13T21:30:00Z,2026-06-13T21:45:00Z,64238.18,yes
KXBTC15M-26JUN131800-00,2026-06-13T21:45:00Z,2026-06-13T22:00:00Z,64558.54,no
KXBTC15M-26JUN131815-15,2026-06-13T22:00:00Z,2026-06-13T22:15:00Z,64440.09,no
KXBTC15M-26JUN131830-30,2026-06-13T22:15:00Z,2026-06-13T22:30:00Z,64386.12,yes
KXBTC15M-26JUN131845-45,2026-06-13T22:30:00Z,2026-06-13T22:45:00Z,64494.58,no
KXBTC15M-26JUN131900-00,2026-06-13T22:45:00Z,2026-06-13T23:00:00Z,64489.7,no
KXBTC15M-26JUN131915-15,2026-06-13T23:00:00Z,2026-06-13T23:15:00Z,64442.33,no
KXBTC15M-26JUN131930-30,2026-06-13T23:15:00Z,2026-06-13T23:30:00Z,64433.06,yes
KXBTC15M-26JUN131945-45,2026-06-13T23:30:00Z,2026-06-13T23:45:00Z,64449.94,no
KXBTC15M-26JUN132000-00,2026-06-13T23:45:00Z,2026-06-14T00:00:00Z,64442.74,no
KXBTC15M-26JUN132015-15,2026-06-14T00:00:00Z,2026-06-14T00:15:00Z,64418.49,no
KXBTC15M-26JUN132030-30,2026-06-14T00:15:00Z,2026-06-14T00:30:00Z,64400.79,yes
KXBTC15M-26JUN132045-45,2026-06-14T00:30:00Z,2026-06-14T00:45:00Z,64474.69,yes
KXBTC15M-26JUN132100-00,2026-06-14T00:45:00Z,2026-06-14T01:00:00Z,64531.96,no
KXBTC15M-26JUN132115-15,2026-06-14T01:00:00Z,2026-06-14T01:15:00Z,64531.95,yes
KXBTC15M-26JUN132130-30,2026-06-14T01:15:00Z,2026-06-14T01:30:00Z,64616.46,yes
KXBTC15M-26JUN132145-45,2026-06-14T01:30:00Z,2026-06-14T01:45:00Z,64619.3,no
KXBTC15M-26JUN132200-00,2026-06-14T01:45:00Z,2026-06-14T02:00:00Z,64571.83,yes
KXBTC15M-26JUN132215-15,2026-06-14T02:00:00Z,2026-06-14T02:15:00Z,64573.72,yes
KXBTC15M-26JUN132230-30,2026-06-14T02:15:00Z,2026-06-14T02:30:00Z,64600.22,no
KXBTC15M-26JUN132245-45,2026-06-14T02:30:00Z,2026-06-14T02:45:00Z,64520.46,no
KXBTC15M-26JUN132300-00,2026-06-14T02:45:00Z,2026-06-14T03:00:00Z,64493.57,no
KXBTC15M-26JUN132315-15,2026-06-14T03:00:00Z,2026-06-14T03:15:00Z,64474.23,yes
KXBTC15M-26JUN132330-30,2026-06-14T03:15:00Z,2026-06-14T03:30:00Z,64474.87,yes
KXBTC15M-26JUN132345-45,2026-06-14T03:30:00Z,2026-06-14T03:45:00Z,64507.97,no
KXBTC15M-26JUN140000-00,2026-06-14T03:45:00Z,2026-06-14T04:00:00Z,64453.89,yes
KXBTC15M-26JUN140015-15,2026-06-14T04:00:00Z,2026-06-14T04:15:00Z,64520.85,no
KXBTC15M-26JUN140030-30,2026-06-14T04:15:00Z,2026-06-14T04:30:00Z,64477.74,no
KXBTC15M-26JUN140045-45,2026-06-14T04:30:00Z,2026-06-14T04:45:00Z,64453.03,no
KXBTC15M-26JUN140100-00,2026-06-14T04:45:00Z,2026-06-14T05:00:00Z,64379.86,no
KXBTC15M-26JUN140115-15,2026-06-14T05:00:00Z,2026-06-14T05:15:00Z,64353.57,no
KXBTC15M-26JUN140130-30,2026-06-14T05:15:00Z,2026-06-14T05:30:00Z,64324.52,no
KXBTC15M-26JUN140145-45,2026-06-14T05:30:00Z,2026-06-14T05:45:00Z,64288.97,yes
KXBTC15M-26JUN140200-00,2026-06-14T05:45:00Z,2026-06-14T06:00:00Z,64356.91,no
KXBTC15M-26JUN140215-15,2026-06-14T06:00:00Z,2026-06-14T06:15:00Z,64342.63,yes
KXBTC15M-26JUN140230-30,2026-06-14T06:15:00Z,2026-06-14T06:30:00Z,64434.95,no
KXBTC15M-26JUN140245-45,2026-06-14T06:30:00Z,2026-06-14T06:45:00Z,64337.28,no
KXBTC15M-26JUN140300-00,2026-06-14T06:45:00Z,2026-06-14T07:00:00Z,64243.07,yes
KXBTC15M-26JUN140315-15,2026-06-14T07:00:00Z,2026-06-14T07:15:00Z,64264.32,no
KXBTC15M-26JUN140330-30,2026-06-14T07:15:00Z,2026-06-14T07:30:00Z,64216.38,yes
KXBTC15M-26JUN140345-45,2026-06-14T07:30:00Z,2026-06-14T07:45:00Z,64334.73,no
KXBTC15M-26JUN140400-00,2026-06-14T07:45:00Z,2026-06-14T08:00:00Z,64278.31,yes
KXBTC15M-26JUN140415-15,2026-06-14T08:00:00Z,2026-06-14T08:15:00Z,64397.4,yes
KXBTC15M-26JUN140430-30,2026-06-14T08:15:00Z,2026-06-14T08:30:00Z,64412.77,yes
KXBTC15M-26JUN140445-45,2026-06-14T08:30:00Z,2026-06-14T08:45:00Z,64455.44,no
KXBTC15M-26JUN140500-00,2026-06-14T08:45:00Z,2026-06-14T09:00:00Z,64451.38,no
KXBTC15M-26JUN140515-15,2026-06-14T09:00:00Z,2026-06-14T09:15:00Z,64427.91,no
KXBTC15M-26JUN140530-30,2026-06-14T09:15:00Z,2026-06-14T09:30:00Z,64398.45,no
KXBTC15M-26JUN140545-45,2026-06-14T09:30:00Z,2026-06-14T09:45:00Z,64327.72,yes
KXBTC15M-26JUN140600-00,2026-06-14T09:45:00Z,2026-06-14T10:00:00Z,64517.09,yes
KXBTC15M-26JUN140615-15,2026-06-14T10:00:00Z,2026-06-14T10:15:00Z,64581.02,no
KXBTC15M-26JUN140630-30,2026-06-14T10:15:00Z,2026-06-14T10:30:00Z,64497.89,yes
KXBTC15M-26JUN140645-45,2026-06-14T10:30:00Z,2026-06-14T10:45:00Z,64568.27,yes
KXBTC15M-26JUN140700-00,2026-06-14T10:45:00Z,2026-06-14T11:00:00Z,64578.02,no
KXBTC15M-26JUN140715-15,2026-06-14T11:00:00Z,2026-06-14T11:15:00Z,64498.04,yes
KXBTC15M-26JUN140730-30,2026-06-14T11:15:00Z,2026-06-14T11:30:00Z,64537.93,yes
KXBTC15M-26JUN140745-45,2026-06-14T11:30:00Z,2026-06-14T11:45:00Z,64555.88,yes
KXBTC15M-26JUN140800-00,2026-06-14T11:45:00Z,2026-06-14T12:00:00Z,64588.09,no
KXBTC15M-26JUN140815-15,2026-06-14T12:00:00Z,2026-06-14T12:15:00Z,64528.2,no
KXBTC15M-26JUN140830-30,2026-06-14T12:15:00Z,2026-06-14T12:30:00Z,64469.59,no
KXBTC15M-26JUN140845-45,2026-06-14T12:30:00Z,2026-06-14T12:45:00Z,64442.76,no
KXBTC15M-26JUN140900-00,2026-06-14T12:45:00Z,2026-06-14T13:00:00Z,64335.23,no
KXBTC15M-26JUN140915-15,2026-06-14T13:00:00Z,2026-06-14T13:15:00Z,64302.94,yes
KXBTC15M-26JUN140930-30,2026-06-14T13:15:00Z,2026-06-14T13:30:00Z,64333.59,no
KXBTC15M-26JUN140945-45,2026-06-14T13:30:00Z,2026-06-14T13:45:00Z,64273,yes
KXBTC15M-26JUN141000-00,2026-06-14T13:45:00Z,2026-06-14T14:00:00Z,64343.84,no
KXBTC15M-26JUN141015-15,2026-06-14T14:00:00Z,2026-06-14T14:15:00Z,64283.54,no
KXBTC15M-26JUN141030-30,2026-06-14T14:15:00Z,2026-06-14T14:30:00Z,64281.96,no
KXBTC15M-26JUN141045-45,2026-06-14T14:30:00Z,2026-06-14T14:45:00Z,64163.17,no
KXBTC15M-26JUN141100-00,2026-06-14T14:45:00Z,2026-06-14T15:00:00Z,63901.26,yes
KXBTC15M-26JUN141115-15,2026-06-14T15:00:00Z,2026-06-14T15:15:00Z,63938.98,yes
KXBTC15M-26JUN141130-30,2026-06-14T15:15:00Z,2026-06-14T15:30:00Z,64084.26,no
KXBTC15M-26JUN141145-45,2026-06-14T15:30:00Z,2026-06-14T15:45:00Z,64027.87,no
KXBTC15M-26JUN141200-00,2026-06-14T15:45:00Z,2026-06-14T16:00:00Z,64015.7,no
KXBTC15M-26JUN141215-15,2026-06-14T16:00:00Z,2026-06-14T16:15:00Z,64000.5,yes
KXBTC15M-26JUN141230-30,2026-06-14T16:15:00Z,2026-06-14T16:30:00Z,64080.94,yes
KXBTC15M-26JUN141245-45,2026-06-14T16:30:00Z,2026-06-14T16:45:00Z,64111.61,yes
KXBTC15M-26JUN141300-00,2026-06-14T16:45:00Z,2026-06-14T17:00:00Z,64123.23,no
KXBTC15M-26JUN141315-15,2026-06-14T17:00:00Z,2026-06-14T17:15:00Z,63925.8,yes
KXBTC15M-26JUN141330-30,2026-06-14T17:15:00Z,2026-06-14T17:30:00Z,63939.03,no
KXBTC15M-26JUN141345-45,2026-06-14T17:30:00Z,2026-06-14T17:45:00Z,63877.08,no
KXBTC15M-26JUN141400-00,2026-06-14T17:45:00Z,2026-06-14T18:00:00Z,63810.5,no
KXBTC15M-26JUN141415-15,2026-06-14T18:00:00Z,2026-06-14T18:15:00Z,63703.91,no
KXBTC15M-26JUN141430-30,2026-06-14T18:15:00Z,2026-06-14T18:30:00Z,63696.13,no
KXBTC15M-26JUN141445-45,2026-06-14T18:30:00Z,2026-06-14T18:45:00Z,63694.98,yes
KXBTC15M-26JUN141500-00,2026-06-14T18:45:00Z,2026-06-14T19:00:00Z,63741.93,yes
KXBTC15M-26JUN141515-15,2026-06-14T19:00:00Z,2026-06-14T19:15:00Z,63781.55,no
KXBTC15M-26JUN141530-30,2026-06-14T19:15:00Z,2026-06-14T19:30:00Z,63766.7,no
KXBTC15M-26JUN141545-45,2026-06-14T19:30:00Z,2026-06-14T19:45:00Z,63763.77,no
KXBTC15M-26JUN141600-00,2026-06-14T19:45:00Z,2026-06-14T20:00:00Z,63728.07,yes
KXBTC15M-26JUN141615-15,2026-06-14T20:00:00Z,2026-06-14T20:15:00Z,63765.55,yes
KXBTC15M-26JUN141630-30,2026-06-14T20:15:00Z,2026-06-14T20:30:00Z,63785.17,yes
KXBTC15M-26JUN141645-45,2026-06-14T20:30:00Z,2026-06-14T20:45:00Z,63893.21,yes
KXBTC15M-26JUN141700-00,2026-06-14T20:45:00Z,2026-06-14T21:00:00Z,64010.4,no
KXBTC15M-26JUN141715-15,2026-06-14T21:00:00Z,2026-06-14T21:15:00Z,63980.12,yes
KXBTC15M-26JUN141730-30,2026-06-14T21:15:00Z,2026-06-14T21:30:00Z,64063.82,yes
KXBTC15M-26JUN141745-45,2026-06-14T21:30:00Z,2026-06-14T21:45:00Z,64654.14,yes
KXBTC15M-26JUN141800-00,2026-06-14T21:45:00Z,2026-06-14T22:00:00Z,65252.45,yes
KXBTC15M-26JUN141815-15,2026-06-14T22:00:00Z,2026-06-14T22:15:00Z,65299.94,no
KXBTC15M-26JUN141830-30,2026-06-14T22:15:00Z,2026-06-14T22:30:00Z,65145.57,yes
KXBTC15M-26JUN141845-45,2026-06-14T22:30:00Z,2026-06-14T22:45:00Z,65186.85,yes
KXBTC15M-26JUN141900-00,2026-06-14T22:45:00Z,2026-06-14T23:00:00Z,65425.69,no
KXBTC15M-26JUN141915-15,2026-06-14T23:00:00Z,2026-06-14T23:15:00Z,65354.06,yes
KXBTC15M-26JUN141930-30,2026-06-14T23:15:00Z,2026-06-14T23:30:00Z,65517.12,yes
KXBTC15M-26JUN141945-45,2026-06-14T23:30:00Z,2026-06-14T23:45:00Z,65669.12,no
KXBTC15M-26JUN142000-00,2026-06-14T23:45:00Z,2026-06-15T00:00:00Z,65554.57,yes
KXBTC15M-26JUN142015-15,2026-06-15T00:00:00Z,2026-06-15T00:15:00Z,65723.76,yes
KXBTC15M-26JUN142030-30,2026-06-15T00:15:00Z,2026-06-15T00:30:00Z,65781.91,no
KXBTC15M-26JUN142045-45,2026-06-15T00:30:00Z,2026-06-15T00:45:00Z,65732.96,no
KXBTC15M-26JUN142100-00,2026-06-15T00:45:00Z,2026-06-15T01:00:00Z,65488.95,yes
KXBTC15M-26JUN142115-15,2026-06-15T01:00:00Z,2026-06-15T01:15:00Z,65595.82,no
KXBTC15M-26JUN142130-30,2026-06-15T01:15:00Z,2026-06-15T01:30:00Z,65464.01,no
KXBTC15M-26JUN142145-45,2026-06-15T01:30:00Z,2026-06-15T01:45:00Z,65384.36,yes
KXBTC15M-26JUN142200-00,2026-06-15T01:45:00Z,2026-06-15T02:00:00Z,65651.1,no
KXBTC15M-26JUN142215-15,2026-06-15T02:00:00Z,2026-06-15T02:15:00Z,65467.2,yes
KXBTC15M-26JUN142230-30,2026-06-15T02:15:00Z,2026-06-15T02:30:00Z,65625.41,no
KXBTC15M-26JUN142245-45,2026-06-15T02:30:00Z,2026-06-15T02:45:00Z,65623.7,no
KXBTC15M-26JUN142300-00,2026-06-15T02:45:00Z,2026-06-15T03:00:00Z,65564.12,no
KXBTC15M-26JUN142315-15,2026-06-15T03:00:00Z,2026-06-15T03:15:00Z,65421.01,yes
KXBTC15M-26JUN142330-30,2026-06-15T03:15:00Z,2026-06-15T03:30:00Z,65658.15,yes
KXBTC15M-26JUN142345-45,2026-06-15T03:30:00Z,2026-06-15T03:45:00Z,65695,yes
KXBTC15M-26JUN150000-00,2026-06-15T03:45:00Z,2026-06-15T04:00:00Z,65815.62,yes
KXBTC15M-26JUN150015-15,2026-06-15T04:00:00Z,2026-06-15T04:15:00Z,65874.42,no
KXBTC15M-26JUN150030-30,2026-06-15T04:15:00Z,2026-06-15T04:30:00Z,65689.03,yes
KXBTC15M-26JUN150045-45,2026-06-15T04:30:00Z,2026-06-15T04:45:00Z,65689.05,no
KXBTC15M-26JUN150100-00,2026-06-15T04:45:00Z,2026-06-15T05:00:00Z,65636.68,no
KXBTC15M-26JUN150115-15,2026-06-15T05:00:00Z,2026-06-15T05:15:00Z,65625.91,yes
KXBTC15M-26JUN150130-30,2026-06-15T05:15:00Z,2026-06-15T05:30:00Z,65656.02,yes
KXBTC15M-26JUN150145-45,2026-06-15T05:30:00Z,2026-06-15T05:45:00Z,65795.2,no
KXBTC15M-26JUN150200-00,2026-06-15T05:45:00Z,2026-06-15T06:00:00Z,65696.14,yes
KXBTC15M-26JUN150215-15,2026-06-15T06:00:00Z,2026-06-15T06:15:00Z,65827.38,yes
KXBTC15M-26JUN150230-30,2026-06-15T06:15:00Z,2026-06-15T06:30:00Z,65844.67,yes
KXBTC15M-26JUN150245-45,2026-06-15T06:30:00Z,2026-06-15T06:45:00Z,65906.73,no
KXBTC15M-26JUN150300-00,2026-06-15T06:45:00Z,2026-06-15T07:00:00Z,65778.74,yes
KXBTC15M-26JUN150315-15,2026-06-15T07:00:00Z,2026-06-15T07:15:00Z,65786.21,yes
KXBTC15M-26JUN150330-30,2026-06-15T07:15:00Z,2026-06-15T07:30:00Z,65796.22,yes
KXBTC15M-26JUN150345-45,2026-06-15T07:30:00Z,2026-06-15T07:45:00Z,65935.93,no
KXBTC15M-26JUN150400-00,2026-06-15T07:45:00Z,2026-06-15T08:00:00Z,65699.58,no
KXBTC15M-26JUN150415-15,2026-06-15T08:00:00Z,2026-06-15T08:15:00Z,65620.72,yes
KXBTC15M-26JUN150430-30,2026-06-15T08:15:00Z,2026-06-15T08:30:00Z,65691.37,no
KXBTC15M-26JUN150445-45,2026-06-15T08:30:00Z,2026-06-15T08:45:00Z,65634.2,yes
KXBTC15M-26JUN150500-00,2026-06-15T08:45:00Z,2026-06-15T09:00:00Z,65733.94,no
KXBTC15M-26JUN150515-15,2026-06-15T09:00:00Z,2026-06-15T09:15:00Z,65648.45,no
KXBTC15M-26JUN150530-30,2026-06-15T09:15:00Z,2026-06-15T09:30:00Z,65645.96,no
KXBTC15M-26JUN150545-45,2026-06-15T09:30:00Z,2026-06-15T09:45:00Z,65620.26,no
KXBTC15M-26JUN150600-00,2026-06-15T09:45:00Z,2026-06-15T10:00:00Z,65532.77,yes
KXBTC15M-26JUN150615-15,2026-06-15T10:00:00Z,2026-06-15T10:15:00Z,65560.57,yes
KXBTC15M-26JUN150630-30,2026-06-15T10:15:00Z,2026-06-15T10:30:00Z,65705.84,no
KXBTC15M-26JUN150645-45,2026-06-15T10:30:00Z,2026-06-15T10:45:00Z,65684.41,yes
KXBTC15M-26JUN150700-00,2026-06-15T10:45:00Z,2026-06-15T11:00:00Z,65721.47,yes
KXBTC15M-26JUN150715-15,2026-06-15T11:00:00Z,2026-06-15T11:15:00Z,65868,yes
KXBTC15M-26JUN150730-30,2026-06-15T11:15:00Z,2026-06-15T11:30:00Z,65920.23,yes
KXBTC15M-26JUN150745-45,2026-06-15T11:30:00Z,2026-06-15T11:45:00Z,66197.15,no
KXBTC15M-26JUN150800-00,2026-06-15T11:45:00Z,2026-06-15T12:00:00Z,66141,yes
KXBTC15M-26JUN150815-15,2026-06-15T12:00:00Z,2026-06-15T12:15:00Z,66198.74,yes
KXBTC15M-26JUN150830-30,2026-06-15T12:15:00Z,2026-06-15T12:30:00Z,66254.73,no
KXBTC15M-26JUN150845-45,2026-06-15T12:30:00Z,2026-06-15T12:45:00Z,66239.13,yes
KXBTC15M-26JUN150900-00,2026-06-15T12:45:00Z,2026-06-15T13:00:00Z,66428.11,yes
KXBTC15M-26JUN150915-15,2026-06-15T13:00:00Z,2026-06-15T13:15:00Z,66537.29,yes
KXBTC15M-26JUN150930-30,2026-06-15T13:15:00Z,2026-06-15T13:30:00Z,66593.35,yes
KXBTC15M-26JUN150945-45,2026-06-15T13:30:00Z,2026-06-15T13:45:00Z,66808.7,no
KXBTC15M-26JUN151000-00,2026-06-15T13:45:00Z,2026-06-15T14:00:00Z,66507.46,no
KXBTC15M-26JUN151015-15,2026-06-15T14:00:00Z,2026-06-15T14:15:00Z,66402.5,no
KXBTC15M-26JUN151030-30,2026-06-15T14:15:00Z,2026-06-15T14:30:00Z,66371.11,yes
KXBTC15M-26JUN151045-45,2026-06-15T14:30:00Z,2026-06-15T14:45:00Z,66495.79,no
KXBTC15M-26JUN151100-00,2026-06-15T14:45:00Z,2026-06-15T15:00:00Z,66481.03,yes
KXBTC15M-26JUN151115-15,2026-06-15T15:00:00Z,2026-06-15T15:15:00Z,66567.56,yes
KXBTC15M-26JUN151130-30,2026-06-15T15:15:00Z,2026-06-15T15:30:00Z,66603.72,yes
KXBTC15M-26JUN151145-45,2026-06-15T15:30:00Z,2026-06-15T15:45:00Z,66627.14,yes
KXBTC15M-26JUN151200-00,2026-06-15T15:45:00Z,2026-06-15T16:00:00Z,66863.27,yes
KXBTC15M-26JUN151215-15,2026-06-15T16:00:00Z,2026-06-15T16:15:00Z,67218.2,yes
KXBTC15M-26JUN151230-30,2026-06-15T16:15:00Z,2026-06-15T16:30:00Z,67248.18,no
KXBTC15M-26JUN151245-45,2026-06-15T16:30:00Z,2026-06-15T16:45:00Z,67143.01,no
KXBTC15M-26JUN151300-00,2026-06-15T16:45:00Z,2026-06-15T17:00:00Z,67140.52,yes
KXBTC15M-26JUN151315-15,2026-06-15T17:00:00Z,2026-06-15T17:15:00Z,67147.25,no
KXBTC15M-26JUN151330-30,2026-06-15T17:15:00Z,2026-06-15T17:30:00Z,66859.58,no
KXBTC15M-26JUN151345-45,2026-06-15T17:30:00Z,2026-06-15T17:45:00Z,66812.88,yes
KXBTC15M-26JUN151400-00,2026-06-15T17:45:00Z,2026-06-15T18:00:00Z,66874.43,no
KXBTC15M-26JUN151415-15,2026-06-15T18:00:00Z,2026-06-15T18:15:00Z,66829.85,no
KXBTC15M-26JUN151430-30,2026-06-15T18:15:00Z,2026-06-15T18:30:00Z,66771.45,yes
KXBTC15M-26JUN151445-45,2026-06-15T18:30:00Z,2026-06-15T18:45:00Z,66807.42,no
KXBTC15M-26JUN151500-00,2026-06-15T18:45:00Z,2026-06-15T19:00:00Z,66786.48,no
KXBTC15M-26JUN151515-15,2026-06-15T19:00:00Z,2026-06-15T19:15:00Z,66749.33,yes
KXBTC15M-26JUN151530-30,2026-06-15T19:15:00Z,2026-06-15T19:30:00Z,66828.29,no
KXBTC15M-26JUN151545-45,2026-06-15T19:30:00Z,2026-06-15T19:45:00Z,66515.09,yes
KXBTC15M-26JUN151600-00,2026-06-15T19:45:00Z,2026-06-15T20:00:00Z,66684.4,no
KXBTC15M-26JUN151615-15,2026-06-15T20:00:00Z,2026-06-15T20:15:00Z,66520.2,yes
KXBTC15M-26JUN151630-30,2026-06-15T20:15:00Z,2026-06-15T20:30:00Z,66549.78,no
KXBTC15M-26JUN151645-45,2026-06-15T20:30:00Z,2026-06-15T20:45:00Z,66546.21,yes
KXBTC15M-26JUN151700-00,2026-06-15T20:45:00Z,2026-06-15T21:00:00Z,66573.43,no
KXBTC15M-26JUN151715-15,2026-06-15T21:00:00Z,2026-06-15T21:15:00Z,66481.82,no
KXBTC15M-26JUN151730-30,2026-06-15T21:15:00Z,2026-06-15T21:30:00Z,66459.68,no
KXBTC15M-26JUN151745-45,2026-06-15T21:30:00Z,2026-06-15T21:45:00Z,66384.93,yes
KXBTC15M-26JUN151800-00,2026-06-15T21:45:00Z,2026-06-15T22:00:00Z,66392.33,no
KXBTC15M-26JUN151815-15,2026-06-15T22:00:00Z,2026-06-15T22:15:00Z,66343.02,yes
KXBTC15M-26JUN151830-30,2026-06-15T22:15:00Z,2026-06-15T22:30:00Z,66349.8,no
KXBTC15M-26JUN151845-45,2026-06-15T22:30:00Z,2026-06-15T22:45:00Z,66127.22,yes
KXBTC15M-26JUN151900-00,2026-06-15T22:45:00Z,2026-06-15T23:00:00Z,,no
KXBTC15M-26JUN151915-15,2026-06-15T23:00:00Z,2026-06-15T23:15:00Z,66177.65,yes
KXBTC15M-26JUN151930-30,2026-06-15T23:15:00Z,2026-06-15T23:30:00Z,66229.57,no
KXBTC15M-26JUN151945-45,2026-06-15T23:30:00Z,2026-06-15T23:45:00Z,66200.64,yes
KXBTC15M-26JUN152000-00,2026-06-15T23:45:00Z,2026-06-16T00:00:00Z,66213.7,yes
KXBTC15M-26JUN152015-15,2026-06-16T00:00:00Z,2026-06-16T00:15:00Z,66292.94,yes
KXBTC15M-26JUN152030-30,2026-06-16T00:15:00Z,2026-06-16T00:30:00Z,66355.77,no
KXBTC15M-26JUN152045-45,2026-06-16T00:30:00Z,2026-06-16T00:45:00Z,66219.54,yes
KXBTC15M-26JUN152100-00,2026-06-16T00:45:00Z,2026-06-16T01:00:00Z,66387.48,no
KXBTC15M-26JUN152115-15,2026-06-16T01:00:00Z,2026-06-16T01:15:00Z,66221.99,yes
KXBTC15M-26JUN152130-30,2026-06-16T01:15:00Z,2026-06-16T01:30:00Z,66250.5,yes
KXBTC15M-26JUN152145-45,2026-06-16T01:30:00Z,2026-06-16T01:45:00Z,66342.4,no
KXBTC15M-26JUN152200-00,2026-06-16T01:45:00Z,2026-06-16T02:00:00Z,66334.21,no
KXBTC15M-26JUN152215-15,2026-06-16T02:00:00Z,2026-06-16T02:15:00Z,66313.09,no
KXBTC15M-26JUN152230-30,2026-06-16T02:15:00Z,2026-06-16T02:30:00Z,66046.86,no
KXBTC15M-26JUN152245-45,2026-06-16T02:30:00Z,2026-06-16T02:45:00Z,65760.86,yes
KXBTC15M-26JUN152300-00,2026-06-16T02:45:00Z,2026-06-16T03:00:00Z,65842.25,no
KXBTC15M-26JUN152315-15,2026-06-16T03:00:00Z,2026-06-16T03:15:00Z,65686.1,yes
KXBTC15M-26JUN152330-30,2026-06-16T03:15:00Z,2026-06-16T03:30:00Z,65780.04,yes
KXBTC15M-26JUN152345-45,2026-06-16T03:30:00Z,2026-06-16T03:45:00Z,65943.3,yes
KXBTC15M-26JUN160000-00,2026-06-16T03:45:00Z,2026-06-16T04:00:00Z,66082.83,yes
KXBTC15M-26JUN160015-15,2026-06-16T04:00:00Z,2026-06-16T04:15:00Z,66124.16,no
KXBTC15M-26JUN160030-30,2026-06-16T04:15:00Z,2026-06-16T04:30:00Z,66116.05,no
KXBTC15M-26JUN160045-45,2026-06-16T04:30:00Z,2026-06-16T04:45:00Z,65980.09,no
KXBTC15M-26JUN160100-00,2026-06-16T04:45:00Z,2026-06-16T05:00:00Z,65831.55,yes
KXBTC15M-26JUN160115-15,2026-06-16T05:00:00Z,2026-06-16T05:15:00Z,65843.85,yes
KXBTC15M-26JUN160130-30,2026-06-16T05:15:00Z,2026-06-16T05:30:00Z,66013.48,yes
KXBTC15M-26JUN160145-45,2026-06-16T05:30:00Z,2026-06-16T05:45:00Z,66042.52,yes
KXBTC15M-26JUN160200-00,2026-06-16T05:45:00Z,2026-06-16T06:00:00Z,66051.38,no
KXBTC15M-26JUN160215-15,2026-06-16T06:00:00Z,2026-06-16T06:15:00Z,66046.98,yes
KXBTC15M-26JUN160230-30,2026-06-16T06:15:00Z,2026-06-16T06:30:00Z,66154.52,yes
KXBTC15M-26JUN160245-45,2026-06-16T06:30:00Z,2026-06-16T06:45:00Z,66293.1,yes
KXBTC15M-26JUN160300-00,2026-06-16T06:45:00Z,2026-06-16T07:00:00Z,66385.58,yes
KXBTC15M-26JUN160315-15,2026-06-16T07:00:00Z,2026-06-16T07:15:00Z,66413.27,no
KXBTC15M-26JUN160330-30,2026-06-16T07:15:00Z,2026-06-16T07:30:00Z,66334.42,no
KXBTC15M-26JUN160345-45,2026-06-16T07:30:00Z,2026-06-16T07:45:00Z,66310.74,no
KXBTC15M-26JUN160400-00,2026-06-16T07:45:00Z,2026-06-16T08:00:00Z,66292.37,yes
KXBTC15M-26JUN160415-15,2026-06-16T08:00:00Z,2026-06-16T08:15:00Z,66334.2,yes
KXBTC15M-26JUN160430-30,2026-06-16T08:15:00Z,2026-06-16T08:30:00Z,66438.47,yes
KXBTC15M-26JUN160445-45,2026-06-16T08:30:00Z,2026-06-16T08:45:00Z,66509,yes
KXBTC15M-26JUN160500-00,2026-06-16T08:45:00Z,2026-06-16T09:00:00Z,66557.42,yes
KXBTC15M-26JUN160515-15,2026-06-16T09:00:00Z,2026-06-16T09:15:00Z,66878,no
KXBTC15M-26JUN160530-30,2026-06-16T09:15:00Z,2026-06-16T09:30:00Z,66712.58,no
KXBTC15M-26JUN160545-45,2026-06-16T09:30:00Z,2026-06-16T09:45:00Z,66583.11,yes
KXBTC15M-26JUN160600-00,2026-06-16T09:45:00Z,2026-06-16T10:00:00Z,66647.54,no
KXBTC15M-26JUN160615-15,2026-06-16T10:00:00Z,2026-06-16T10:15:00Z,66473.93,yes
KXBTC15M-26JUN160630-30,2026-06-16T10:15:00Z,2026-06-16T10:30:00Z,66499.72,yes
KXBTC15M-26JUN160645-45,2026-06-16T10:30:00Z,2026-06-16T10:45:00Z,66629.29,no
KXBTC15M-26JUN160700-00,2026-06-16T10:45:00Z,2026-06-16T11:00:00Z,66570.14,no
KXBTC15M-26JUN160715-15,2026-06-16T11:00:00Z,2026-06-16T11:15:00Z,66469.19,yes
KXBTC15M-26JUN160730-30,2026-06-16T11:15:00Z,2026-06-16T11:30:00Z,66473.63,no
KXBTC15M-26JUN160745-45,2026-06-16T11:30:00Z,2026-06-16T11:45:00Z,66436.88,no
KXBTC15M-26JUN160800-00,2026-06-16T11:45:00Z,2026-06-16T12:00:00Z,66361.18,yes
KXBTC15M-26JUN160815-15,2026-06-16T12:00:00Z,2026-06-16T12:15:00Z,66427.62,yes
KXBTC15M-26JUN160830-30,2026-06-16T12:15:00Z,2026-06-16T12:30:00Z,66497.98,yes
KXBTC15M-26JUN160845-45,2026-06-16T12:30:00Z,2026-06-16T12:45:00Z,66538.92,no
KXBTC15M-26JUN160900-00,2026-06-16T12:45:00Z,2026-06-16T13:00:00Z,66434.73,no
KXBTC15M-26JUN160915-15,2026-06-16T13:00:00Z,2026-06-16T13:15:00Z,66383.44,no
KXBTC15M-26JUN160930-30,2026-06-16T13:15:00Z,2026-06-16T13:30:00Z,66144.51,no
KXBTC15M-26JUN160945-45,2026-06-16T13:30:00Z,2026-06-16T13:45:00Z,65992.1,yes
KXBTC15M-26JUN161000-00,2026-06-16T13:45:00Z,2026-06-16T14:00:00Z,66070.06,no
KXBTC15M-26JUN161015-15,2026-06-16T14:00:00Z,2026-06-16T14:15:00Z,66024.52,no
KXBTC15M-26JUN161030-30,2026-06-16T14:15:00Z,2026-06-16T14:30:00Z,65981.19,no
KXBTC15M-26JUN161045-45,2026-06-16T14:30:00Z,2026-06-16T14:45:00Z,65561.31,yes
KXBTC15M-26JUN161100-00,2026-06-16T14:45:00Z,2026-06-16T15:00:00Z,65623.41,no
KXBTC15M-26JUN161115-15,2026-06-16T15:00:00Z,2026-06-16T15:15:00Z,65589.04,yes
KXBTC15M-26JUN161130-30,2026-06-16T15:15:00Z,2026-06-16T15:30:00Z,65816.64,no
KXBTC15M-26JUN161145-45,2026-06-16T15:30:00Z,2026-06-16T15:45:00Z,65745.39,yes
KXBTC15M-26JUN161200-00,2026-06-16T15:45:00Z,2026-06-16T16:00:00Z,65797.31,yes
KXBTC15M-26JUN161215-15,2026-06-16T16:00:00Z,2026-06-16T16:15:00Z,65840.17,no
KXBTC15M-26JUN161230-30,2026-06-16T16:15:00Z,2026-06-16T16:30:00Z,65750.88,no
KXBTC15M-26JUN161245-45,2026-06-16T16:30:00Z,2026-06-16T16:45:00Z,65713.82,yes
KXBTC15M-26JUN161300-00,2026-06-16T16:45:00Z,2026-06-16T17:00:00Z,65770.94,no
KXBTC15M-26JUN161315-15,2026-06-16T17:00:00Z,2026-06-16T17:15:00Z,65713.89,yes
KXBTC15M-26JUN161330-30,2026-06-16T17:15:00Z,2026-06-16T17:30:00Z,65744.62,no
KXBTC15M-26JUN161345-45,2026-06-16T17:30:00Z,2026-06-16T17:45:00Z,65698.14,no
KXBTC15M-26JUN161400-00,2026-06-16T17:45:00Z,2026-06-16T18:00:00Z,65694.61,yes
KXBTC15M-26JUN161415-15,2026-06-16T18:00:00Z,2026-06-16T18:15:00Z,65909.62,yes
KXBTC15M-26JUN161430-30,2026-06-16T18:15:00Z,2026-06-16T18:30:00Z,66065.55,no
KXBTC15M-26JUN161445-45,2026-06-16T18:30:00Z,2026-06-16T18:45:00Z,65856.54,no
KXBTC15M-26JUN161500-00,2026-06-16T18:45:00Z,2026-06-16T19:00:00Z,65797.87,no
KXBTC15M-26JUN161515-15,2026-06-16T19:00:00Z,2026-06-16T19:15:00Z,65780.98,no
KXBTC15M-26JUN161530-30,2026-06-16T19:15:00Z,2026-06-16T19:30:00Z,65615.39,yes
KXBTC15M-26JUN161545-45,2026-06-16T19:30:00Z,2026-06-16T19:45:00Z,65654.52,no
KXBTC15M-26JUN161600-00,2026-06-16T19:45:00Z,2026-06-16T20:00:00Z,65585.72,yes
KXBTC15M-26JUN161615-15,2026-06-16T20:00:00Z,2026-06-16T20:15:00Z,65597.76,yes
KXBTC15M-26JUN161630-30,2026-06-16T20:15:00Z,2026-06-16T20:30:00Z,65702.83,no
KXBTC15M-26JUN161645-45,2026-06-16T20:30:00Z,2026-06-16T20:45:00Z,65663.16,yes
KXBTC15M-26JUN161700-00,2026-06-16T20:45:00Z,2026-06-16T21:00:00Z,65777.37,yes
KXBTC15M-26JUN161715-15,2026-06-16T21:00:00Z,2026-06-16T21:15:00Z,65793.03,yes
KXBTC15M-26JUN161730-30,2026-06-16T21:15:00Z,2026-06-16T21:30:00Z,65856.56,no
KXBTC15M-26JUN161745-45,2026-06-16T21:30:00Z,2026-06-16T21:45:00Z,65675.83,no
KXBTC15M-26JUN161800-00,2026-06-16T21:45:00Z,2026-06-16T22:00:00Z,65664.86,yes
KXBTC15M-26JUN161815-15,2026-06-16T22:00:00Z,2026-06-16T22:15:00Z,65714.94,yes
KXBTC15M-26JUN161830-30,2026-06-16T22:15:00Z,2026-06-16T22:30:00Z,65791.63,no
KXBTC15M-26JUN161845-45,2026-06-16T22:30:00Z,2026-06-16T22:45:00Z,65709.93,no
KXBTC15M-26JUN161900-00,2026-06-16T22:45:00Z,2026-06-16T23:00:00Z,65661.35,yes
KXBTC15M-26JUN161915-15,2026-06-16T23:00:00Z,2026-06-16T23:15:00Z,65718.89,no
KXBTC15M-26JUN161930-30,2026-06-16T23:15:00Z,2026-06-16T23:30:00Z,65705.69,no
KXBTC15M-26JUN161945-45,2026-06-16T23:30:00Z,2026-06-16T23:45:00Z,65671.74,no
KXBTC15M-26JUN162000-00,2026-06-16T23:45:00Z,2026-06-17T00:00:00Z,65663.03,no
KXBTC15M-26JUN162015-15,2026-06-17T00:00:00Z,2026-06-17T00:15:00Z,65614.95,yes
KXBTC15M-26JUN162030-30,2026-06-17T00:15:00Z,2026-06-17T00:30:00Z,65721.57,no
KXBTC15M-26JUN162045-45,2026-06-17T00:30:00Z,2026-06-17T00:45:00Z,65671.35,yes
KXBTC15M-26JUN162100-00,2026-06-17T00:45:00Z,2026-06-17T01:00:00Z,65773.26,no
KXBTC15M-26JUN162115-15,2026-06-17T01:00:00Z,2026-06-17T01:15:00Z,65669.03,yes
KXBTC15M-26JUN162130-30,2026-06-17T01:15:00Z,2026-06-17T01:30:00Z,65719.13,no
KXBTC15M-26JUN162145-45,2026-06-17T01:30:00Z,2026-06-17T01:45:00Z,65528.34,yes
KXBTC15M-26JUN162200-00,2026-06-17T01:45:00Z,2026-06-17T02:00:00Z,65702.32,yes
KXBTC15M-26JUN162215-15,2026-06-17T02:00:00Z,2026-06-17T02:15:00Z,65882.93,no
KXBTC15M-26JUN162230-30,2026-06-17T02:15:00Z,2026-06-17T02:30:00Z,65843.57,yes
KXBTC15M-26JUN162245-45,2026-06-17T02:30:00Z,2026-06-17T02:45:00Z,66016.79,no
KXBTC15M-26JUN162300-00,2026-06-17T02:45:00Z,2026-06-17T03:00:00Z,65812.25,yes
KXBTC15M-26JUN162315-15,2026-06-17T03:00:00Z,2026-06-17T03:15:00Z,65849.2,no
KXBTC15M-26JUN162330-30,2026-06-17T03:15:00Z,2026-06-17T03:30:00Z,65765.28,no
KXBTC15M-26JUN162345-45,2026-06-17T03:30:00Z,2026-06-17T03:45:00Z,65720.8,yes
KXBTC15M-26JUN170000-00,2026-06-17T03:45:00Z,2026-06-17T04:00:00Z,65749.43,yes
KXBTC15M-26JUN170015-15,2026-06-17T04:00:00Z,2026-06-17T04:15:00Z,65775.07,yes
KXBTC15M-26JUN170030-30,2026-06-17T04:15:00Z,2026-06-17T04:30:00Z,65783.7,yes
KXBTC15M-26JUN170045-45,2026-06-17T04:30:00Z,2026-06-17T04:45:00Z,65810.81,yes
KXBTC15M-26JUN170100-00,2026-06-17T04:45:00Z,2026-06-17T05:00:00Z,65866.22,no
KXBTC15M-26JUN170115-15,2026-06-17T05:00:00Z,2026-06-17T05:15:00Z,65836.01,no
KXBTC15M-26JUN170130-30,2026-06-17T05:15:00Z,2026-06-17T05:30:00Z,65744.02,yes
KXBTC15M-26JUN170145-45,2026-06-17T05:30:00Z,2026-06-17T05:45:00Z,65798.98,yes
KXBTC15M-26JUN170200-00,2026-06-17T05:45:00Z,2026-06-17T06:00:00Z,65861.54,no
KXBTC15M-26JUN170215-15,2026-06-17T06:00:00Z,2026-06-17T06:15:00Z,65783.52,yes
KXBTC15M-26JUN170230-30,2026-06-17T06:15:00Z,2026-06-17T06:30:00Z,65805.18,no
KXBTC15M-26JUN170245-45,2026-06-17T06:30:00Z,2026-06-17T06:45:00Z,65602.14,no
KXBTC15M-26JUN170300-00,2026-06-17T06:45:00Z,2026-06-17T07:00:00Z,65580.79,no
KXBTC15M-26JUN170315-15,2026-06-17T07:00:00Z,2026-06-17T07:15:00Z,65567.3,yes
KXBTC15M-26JUN170330-30,2026-06-17T07:15:00Z,2026-06-17T07:30:00Z,65624.94,no
KXBTC15M-26JUN170345-45,2026-06-17T07:30:00Z,2026-06-17T07:45:00Z,65496.07,no
KXBTC15M-26JUN170400-00,2026-06-17T07:45:00Z,2026-06-17T08:00:00Z,65483.51,no
KXBTC15M-26JUN170415-15,2026-06-17T08:00:00Z,2026-06-17T08:15:00Z,65473.88,no
KXBTC15M-26JUN170430-30,2026-06-17T08:15:00Z,2026-06-17T08:30:00Z,65304.25,no
KXBTC15M-26JUN170445-45,2026-06-17T08:30:00Z,2026-06-17T08:45:00Z,65286.11,no
KXBTC15M-26JUN170500-00,2026-06-17T08:45:00Z,2026-06-17T09:00:00Z,64898.87,no
KXBTC15M-26JUN170515-15,2026-06-17T09:00:00Z,2026-06-17T09:15:00Z,64874.14,yes
KXBTC15M-26JUN170530-30,2026-06-17T09:15:00Z,2026-06-17T09:30:00Z,64927.53,yes
KXBTC15M-26JUN170545-45,2026-06-17T09:30:00Z,2026-06-17T09:45:00Z,64987.88,no
KXBTC15M-26JUN170600-00,2026-06-17T09:45:00Z,2026-06-17T10:00:00Z,64910.28,no
KXBTC15M-26JUN170615-15,2026-06-17T10:00:00Z,2026-06-17T10:15:00Z,64848.6,no
KXBTC15M-26JUN170630-30,2026-06-17T10:15:00Z,2026-06-17T10:30:00Z,64824.74,yes
KXBTC15M-26JUN170645-45,2026-06-17T10:30:00Z,2026-06-17T10:45:00Z,64882.04,no
KXBTC15M-26JUN170700-00,2026-06-17T10:45:00Z,2026-06-17T11:00:00Z,64865.54,no
KXBTC15M-26JUN170715-15,2026-06-17T11:00:00Z,2026-06-17T11:15:00Z,64729.4,no
KXBTC15M-26JUN170730-30,2026-06-17T11:15:00Z,2026-06-17T11:30:00Z,64560.34,yes
KXBTC15M-26JUN170745-45,2026-06-17T11:30:00Z,2026-06-17T11:45:00Z,64662.66,yes
KXBTC15M-26JUN170800-00,2026-06-17T11:45:00Z,2026-06-17T12:00:00Z,64733.22,yes
KXBTC15M-26JUN170815-15,2026-06-17T12:00:00Z,2026-06-17T12:15:00Z,64767.63,yes
KXBTC15M-26JUN170830-30,2026-06-17T12:15:00Z,2026-06-17T12:30:00Z,64785.29,no
KXBTC15M-26JUN170845-45,2026-06-17T12:30:00Z,2026-06-17T12:45:00Z,64639.36,yes
KXBTC15M-26JUN170900-00,2026-06-17T12:45:00Z,2026-06-17T13:00:00Z,64838.51,yes
KXBTC15M-26JUN170915-15,2026-06-17T13:00:00Z,2026-06-17T13:15:00Z,64988.57,yes
KXBTC15M-26JUN170930-30,2026-06-17T13:15:00Z,2026-06-17T13:30:00Z,65033.92,no
KXBTC15M-26JUN170945-45,2026-06-17T13:30:00Z,2026-06-17T13:45:00Z,64863.77,yes
KXBTC15M-26JUN171000-00,2026-06-17T13:45:00Z,2026-06-17T14:00:00Z,65200.7,yes
KXBTC15M-26JUN171015-15,2026-06-17T14:00:00Z,2026-06-17T14:15:00Z,65233.57,yes
KXBTC15M-26JUN171030-30,2026-06-17T14:15:00Z,2026-06-17T14:30:00Z,65286.22,no
KXBTC15M-26JUN171045-45,2026-06-17T14:30:00Z,2026-06-17T14:45:00Z,65173.06,no
KXBTC15M-26JUN171100-00,2026-06-17T14:45:00Z,2026-06-17T15:00:00Z,65093.8,no
KXBTC15M-26JUN171115-15,2026-06-17T15:00:00Z,2026-06-17T15:15:00Z,65065.81,yes
KXBTC15M-26JUN171130-30,2026-06-17T15:15:00Z,2026-06-17T15:30:00Z,65147.17,yes
KXBTC15M-26JUN171145-45,2026-06-17T15:30:00Z,2026-06-17T15:45:00Z,65284.65,yes
KXBTC15M-26JUN171200-00,2026-06-17T15:45:00Z,2026-06-17T16:00:00Z,65418.34,yes
KXBTC15M-26JUN171215-15,2026-06-17T16:00:00Z,2026-06-17T16:15:00Z,65698.25,yes
KXBTC15M-26JUN171230-30,2026-06-17T16:15:00Z,2026-06-17T16:30:00Z,65803.49,yes
KXBTC15M-26JUN171245-45,2026-06-17T16:30:00Z,2026-06-17T16:45:00Z,66292.35,no
KXBTC15M-26JUN171300-00,2026-06-17T16:45:00Z,2026-06-17T17:00:00Z,65922.79,no
KXBTC15M-26JUN171315-15,2026-06-17T17:00:00Z,2026-06-17T17:15:00Z,65814.81,yes
KXBTC15M-26JUN171330-30,2026-06-17T17:15:00Z,2026-06-17T17:30:00Z,65840.29,yes
KXBTC15M-26JUN171345-45,2026-06-17T17:30:00Z,2026-06-17T17:45:00Z,65923.67,no
KXBTC15M-26JUN171400-00,2026-06-17T17:45:00Z,2026-06-17T18:00:00Z,65815.12,yes
KXBTC15M-26JUN171415-15,2026-06-17T18:00:00Z,2026-06-17T18:15:00Z,66015.87,no
KXBTC15M-26JUN171430-30,2026-06-17T18:15:00Z,2026-06-17T18:30:00Z,65270.93,yes
KXBTC15M-26JUN171445-45,2026-06-17T18:30:00Z,2026-06-17T18:45:00Z,65323.32,yes
KXBTC15M-26JUN171500-00,2026-06-17T18:45:00Z,2026-06-17T19:00:00Z,65940.3,no
KXBTC15M-26JUN171515-15,2026-06-17T19:00:00Z,2026-06-17T19:15:00Z,65462.21,no
KXBTC15M-26JUN171530-30,2026-06-17T19:15:00Z,2026-06-17T19:30:00Z,65336.2,no
KXBTC15M-26JUN171545-45,2026-06-17T19:30:00Z,2026-06-17T19:45:00Z,64425.44,no
KXBTC15M-26JUN171600-00,2026-06-17T19:45:00Z,2026-06-17T20:00:00Z,64131.86,yes
KXBTC15M-26JUN171615-15,2026-06-17T20:00:00Z,2026-06-17T20:15:00Z,64219.41,no
KXBTC15M-26JUN171630-30,2026-06-17T20:15:00Z,2026-06-17T20:30:00Z,64206.19,yes
KXBTC15M-26JUN171645-45,2026-06-17T20:30:00Z,2026-06-17T20:45:00Z,64296.2,no
KXBTC15M-26JUN171700-00,2026-06-17T20:45:00Z,2026-06-17T21:00:00Z,64195.95,yes
KXBTC15M-26JUN171715-15,2026-06-17T21:00:00Z,2026-06-17T21:15:00Z,64376.65,no
KXBTC15M-26JUN171730-30,2026-06-17T21:15:00Z,2026-06-17T21:30:00Z,64285.08,no
KXBTC15M-26JUN171745-45,2026-06-17T21:30:00Z,2026-06-17T21:45:00Z,64223.92,no
KXBTC15M-26JUN171800-00,2026-06-17T21:45:00Z,2026-06-17T22:00:00Z,64145.4,yes
KXBTC15M-26JUN171815-15,2026-06-17T22:00:00Z,2026-06-17T22:15:00Z,64201.02,no
KXBTC15M-26JUN171830-30,2026-06-17T22:15:00Z,2026-06-17T22:30:00Z,64067.34,yes
KXBTC15M-26JUN171845-45,2026-06-17T22:30:00Z,2026-06-17T22:45:00Z,64299.75,no
KXBTC15M-26JUN171900-00,2026-06-17T22:45:00Z,2026-06-17T23:00:00Z,64216.77,yes
KXBTC15M-26JUN171915-15,2026-06-17T23:00:00Z,2026-06-17T23:15:00Z,64260.14,no
KXBTC15M-26JUN171930-30,2026-06-17T23:15:00Z,2026-06-17T23:30:00Z,64242.45,yes
KXBTC15M-26JUN171945-45,2026-06-17T23:30:00Z,2026-06-17T23:45:00Z,64441.57,no
KXBTC15M-26JUN172000-00,2026-06-17T23:45:00Z,2026-06-18T00:00:00Z,64387.85,yes
KXBTC15M-26JUN172015-15,2026-06-18T00:00:00Z,2026-06-18T00:15:00Z,64438.14,yes
KXBTC15M-26JUN172030-30,2026-06-18T00:15:00Z,2026-06-18T00:30:00Z,64582.41,no
KXBTC15M-26JUN172045-45,2026-06-18T00:30:00Z,2026-06-18T00:45:00Z,64531.91,no
KXBTC15M-26JUN172100-00,2026-06-18T00:45:00Z,2026-06-18T01:00:00Z,64528.35,no
KXBTC15M-26JUN172115-15,2026-06-18T01:00:00Z,2026-06-18T01:15:00Z,64421.27,yes
KXBTC15M-26JUN172130-30,2026-06-18T01:15:00Z,2026-06-18T01:30:00Z,64691.09,no
KXBTC15M-26JUN172145-45,2026-06-18T01:30:00Z,2026-06-18T01:45:00Z,64613.87,no
KXBTC15M-26JUN172200-00,2026-06-18T01:45:00Z,2026-06-18T02:00:00Z,64573.99,no
KXBTC15M-26JUN172215-15,2026-06-18T02:00:00Z,2026-06-18T02:15:00Z,64499.92,no
KXBTC15M-26JUN172230-30,2026-06-18T02:15:00Z,2026-06-18T02:30:00Z,64486.37,yes
KXBTC15M-26JUN172245-45,2026-06-18T02:30:00Z,2026-06-18T02:45:00Z,64649.73,yes
KXBTC15M-26JUN172300-00,2026-06-18T02:45:00Z,2026-06-18T03:00:00Z,64704.15,no
KXBTC15M-26JUN172315-15,2026-06-18T03:00:00Z,2026-06-18T03:15:00Z,64642.25,no
KXBTC15M-26JUN172330-30,2026-06-18T03:15:00Z,2026-06-18T03:30:00Z,64469.24,no
KXBTC15M-26JUN172345-45,2026-06-18T03:30:00Z,2026-06-18T03:45:00Z,64260.99,no
KXBTC15M-26JUN180000-00,2026-06-18T03:45:00Z,2026-06-18T04:00:00Z,64221.28,yes
KXBTC15M-26JUN180015-15,2026-06-18T04:00:00Z,2026-06-18T04:15:00Z,64222.38,no
KXBTC15M-26JUN180030-30,2026-06-18T04:15:00Z,2026-06-18T04:30:00Z,63902.9,no
KXBTC15M-26JUN180045-45,2026-06-18T04:30:00Z,2026-06-18T04:45:00Z,63891.93,no
KXBTC15M-26JUN180100-00,2026-06-18T04:45:00Z,2026-06-18T05:00:00Z,63836.27,yes
KXBTC15M-26JUN180115-15,2026-06-18T05:00:00Z,2026-06-18T05:15:00Z,63876.25,no
KXBTC15M-26JUN180130-30,2026-06-18T05:15:00Z,2026-06-18T05:30:00Z,63849.45,yes
KXBTC15M-26JUN180145-45,2026-06-18T05:30:00Z,2026-06-18T05:45:00Z,63881.95,yes
KXBTC15M-26JUN180200-00,2026-06-18T05:45:00Z,2026-06-18T06:00:00Z,63886.77,yes
KXBTC15M-26JUN180515-15,2026-06-18T09:00:00Z,2026-06-18T09:15:00Z,64346.47,no
KXBTC15M-26JUN180530-30,2026-06-18T09:15:00Z,2026-06-18T09:30:00Z,64332.02,no
KXBTC15M-26JUN180545-45,2026-06-18T09:30:00Z,2026-06-18T09:45:00Z,64211.31,yes
KXBTC15M-26JUN180600-00,2026-06-18T09:45:00Z,2026-06-18T10:00:00Z,64240.67,no
KXBTC15M-26JUN180615-15,2026-06-18T10:00:00Z,2026-06-18T10:15:00Z,64157.43,no
KXBTC15M-26JUN180630-30,2026-06-18T10:15:00Z,2026-06-18T10:30:00Z,63961.55,no
KXBTC15M-26JUN180645-45,2026-06-18T10:30:00Z,2026-06-18T10:45:00Z,63919.14,yes
KXBTC15M-26JUN180700-00,2026-06-18T10:45:00Z,2026-06-18T11:00:00Z,63969.74,yes
KXBTC15M-26JUN180715-15,2026-06-18T11:00:00Z,2026-06-18T11:15:00Z,64049.7,no
KXBTC15M-26JUN180730-30,2026-06-18T11:15:00Z,2026-06-18T11:30:00Z,63986.05,yes
KXBTC15M-26JUN180745-45,2026-06-18T11:30:00Z,2026-06-18T11:45:00Z,64004.02,no
KXBTC15M-26JUN180800-00,2026-06-18T11:45:00Z,2026-06-18T12:00:00Z,63893.1,yes
KXBTC15M-26JUN180815-15,2026-06-18T12:00:00Z,2026-06-18T12:15:00Z,63918.81,yes
KXBTC15M-26JUN180830-30,2026-06-18T12:15:00Z,2026-06-18T12:30:00Z,63947.56,yes
KXBTC15M-26JUN180845-45,2026-06-18T12:30:00Z,2026-06-18T12:45:00Z,64103.3,yes
KXBTC15M-26JUN180900-00,2026-06-18T12:45:00Z,2026-06-18T13:00:00Z,64194.87,yes
KXBTC15M-26JUN180915-15,2026-06-18T13:00:00Z,2026-06-18T13:15:00Z,64317.07,yes
KXBTC15M-26JUN180930-30,2026-06-18T13:15:00Z,2026-06-18T13:30:00Z,64341.62,no
KXBTC15M-26JUN180945-45,2026-06-18T13:30:00Z,2026-06-18T13:45:00Z,64299.09,no
KXBTC15M-26JUN181000-00,2026-06-18T13:45:00Z,2026-06-18T14:00:00Z,63829.17,yes
KXBTC15M-26JUN181015-15,2026-06-18T14:00:00Z,2026-06-18T14:15:00Z,63859.22,no
KXBTC15M-26JUN181030-30,2026-06-18T14:15:00Z,2026-06-18T14:30:00Z,63690.84,yes
KXBTC15M-26JUN181045-45,2026-06-18T14:30:00Z,2026-06-18T14:45:00Z,63752.01,yes
KXBTC15M-26JUN181100-00,2026-06-18T14:45:00Z,2026-06-18T15:00:00Z,63820.2,no
KXBTC15M-26JUN181115-15,2026-06-18T15:00:00Z,2026-06-18T15:15:00Z,63789.17,no
KXBTC15M-26JUN181130-30,2026-06-18T15:15:00Z,2026-06-18T15:30:00Z,63537.34,no
KXBTC15M-26JUN181145-45,2026-06-18T15:30:00Z,2026-06-18T15:45:00Z,63192.32,no
KXBTC15M-26JUN181200-00,2026-06-18T15:45:00Z,2026-06-18T16:00:00Z,62701.44,no
KXBTC15M-26JUN181215-15,2026-06-18T16:00:00Z,2026-06-18T16:15:00Z,62301.49,yes
KXBTC15M-26JUN181230-30,2026-06-18T16:15:00Z,2026-06-18T16:30:00Z,62598.03,no
KXBTC15M-26JUN181245-45,2026-06-18T16:30:00Z,2026-06-18T16:45:00Z,62531.61,yes
KXBTC15M-26JUN181300-00,2026-06-18T16:45:00Z,2026-06-18T17:00:00Z,62660.22,no
KXBTC15M-26JUN181315-15,2026-06-18T17:00:00Z,2026-06-18T17:15:00Z,62615.74,no
KXBTC15M-26JUN181330-30,2026-06-18T17:15:00Z,2026-06-18T17:30:00Z,62414.25,yes
KXBTC15M-26JUN181345-45,2026-06-18T17:30:00Z,2026-06-18T17:45:00Z,62467.4,yes
KXBTC15M-26JUN181400-00,2026-06-18T17:45:00Z,2026-06-18T18:00:00Z,62560.25,no
KXBTC15M-26JUN181415-15,2026-06-18T18:00:00Z,2026-06-18T18:15:00Z,62529.76,yes
KXBTC15M-26JUN181430-30,2026-06-18T18:15:00Z,2026-06-18T18:30:00Z,62639.93,yes
KXBTC15M-26JUN181445-45,2026-06-18T18:30:00Z,2026-06-18T18:45:00Z,62791.7,no
KXBTC15M-26JUN181500-00,2026-06-18T18:45:00Z,2026-06-18T19:00:00Z,62695.49,no
KXBTC15M-26JUN181515-15,2026-06-18T19:00:00Z,2026-06-18T19:15:00Z,62633.52,no
KXBTC15M-26JUN181530-30,2026-06-18T19:15:00Z,2026-06-18T19:30:00Z,62611.45,yes
KXBTC15M-26JUN181545-45,2026-06-18T19:30:00Z,2026-06-18T19:45:00Z,62704.59,yes
KXBTC15M-26JUN181600-00,2026-06-18T19:45:00Z,2026-06-18T20:00:00Z,62885.27,yes
KXBTC15M-26JUN181615-15,2026-06-18T20:00:00Z,2026-06-18T20:15:00Z,62896.11,yes
KXBTC15M-26JUN181630-30,2026-06-18T20:15:00Z,2026-06-18T20:30:00Z,63100.03,no
KXBTC15M-26JUN181645-45,2026-06-18T20:30:00Z,2026-06-18T20:45:00Z,63056.44,yes
KXBTC15M-26JUN181700-00,2026-06-18T20:45:00Z,2026-06-18T21:00:00Z,63066.92,no
KXBTC15M-26JUN181715-15,2026-06-18T21:00:00Z,2026-06-18T21:15:00Z,63020.74,no
KXBTC15M-26JUN181730-30,2026-06-18T21:15:00Z,2026-06-18T21:30:00Z,62861.01,yes
KXBTC15M-26JUN181745-45,2026-06-18T21:30:00Z,2026-06-18T21:45:00Z,62894.88,no
KXBTC15M-26JUN181800-00,2026-06-18T21:45:00Z,2026-06-18T22:00:00Z,62856.49,yes
KXBTC15M-26JUN181815-15,2026-06-18T22:00:00Z,2026-06-18T22:15:00Z,62908.99,no
KXBTC15M-26JUN181830-30,2026-06-18T22:15:00Z,2026-06-18T22:30:00Z,62863.1,no
KXBTC15M-26JUN181845-45,2026-06-18T22:30:00Z,2026-06-18T22:45:00Z,62772.04,no
KXBTC15M-26JUN181900-00,2026-06-18T22:45:00Z,2026-06-18T23:00:00Z,62743.93,yes
KXBTC15M-26JUN181915-15,2026-06-18T23:00:00Z,2026-06-18T23:15:00Z,62822.51,no
KXBTC15M-26JUN181930-30,2026-06-18T23:15:00Z,2026-06-18T23:30:00Z,62715.98,yes
KXBTC15M-26JUN181945-45,2026-06-18T23:30:00Z,2026-06-18T23:45:00Z,62807.42,yes
KXBTC15M-26JUN182000-00,2026-06-18T23:45:00Z,2026-06-19T00:00:00Z,62852.48,yes
KXBTC15M-26JUN182015-15,2026-06-19T00:00:00Z,2026-06-19T00:15:00Z,62893.1,no
KXBTC15M-26JUN182030-30,2026-06-19T00:15:00Z,2026-06-19T00:30:00Z,62798.72,yes
KXBTC15M-26JUN182045-45,2026-06-19T00:30:00Z,2026-06-19T00:45:00Z,62869.49,yes
KXBTC15M-26JUN182100-00,2026-06-19T00:45:00Z,2026-06-19T01:00:00Z,62987.38,no
KXBTC15M-26JUN182115-15,2026-06-19T01:00:00Z,2026-06-19T01:15:00Z,62933.85,no
KXBTC15M-26JUN182130-30,2026-06-19T01:15:00Z,2026-06-19T01:30:00Z,62871,no
KXBTC15M-26JUN182145-45,2026-06-19T01:30:00Z,2026-06-19T01:45:00Z,62864.8,no
KXBTC15M-26JUN182200-00,2026-06-19T01:45:00Z,2026-06-19T02:00:00Z,62850.2,yes
KXBTC15M-26JUN182215-15,2026-06-19T02:00:00Z,2026-06-19T02:15:00Z,62962.28,yes
KXBTC15M-26JUN182230-30,2026-06-19T02:15:00Z,2026-06-19T02:30:00Z,62963.21,no
KXBTC15M-26JUN182245-45,2026-06-19T02:30:00Z,2026-06-19T02:45:00Z,62907.55,no
KXBTC15M-26JUN182300-00,2026-06-19T02:45:00Z,2026-06-19T03:00:00Z,62879.43,yes
KXBTC15M-26JUN182315-15,2026-06-19T03:00:00Z,2026-06-19T03:15:00Z,62940.88,no
KXBTC15M-26JUN182330-30,2026-06-19T03:15:00Z,2026-06-19T03:30:00Z,62671.55,yes
KXBTC15M-26JUN182345-45,2026-06-19T03:30:00Z,2026-06-19T03:45:00Z,62767.03,no
KXBTC15M-26JUN190000-00,2026-06-19T03:45:00Z,2026-06-19T04:00:00Z,62632.57,yes
KXBTC15M-26JUN190015-15,2026-06-19T04:00:00Z,2026-06-19T04:15:00Z,62707.39,yes
KXBTC15M-26JUN190030-30,2026-06-19T04:15:00Z,2026-06-19T04:30:00Z,62809.54,no
KXBTC15M-26JUN190045-45,2026-06-19T04:30:00Z,2026-06-19T04:45:00Z,62672.57,no
KXBTC15M-26JUN190100-00,2026-06-19T04:45:00Z,2026-06-19T05:00:00Z,62541,no
KXBTC15M-26JUN190115-15,2026-06-19T05:00:00Z,2026-06-19T05:15:00Z,62397.67,yes
KXBTC15M-26JUN190130-30,2026-06-19T05:15:00Z,2026-06-19T05:30:00Z,62601.55,no
KXBTC15M-26JUN190145-45,2026-06-19T05:30:00Z,2026-06-19T05:45:00Z,62551.03,yes
KXBTC15M-26JUN190200-00,2026-06-19T05:45:00Z,2026-06-19T06:00:00Z,62579.75,yes
KXBTC15M-26JUN190215-15,2026-06-19T06:00:00Z,2026-06-19T06:15:00Z,62674.47,yes
KXBTC15M-26JUN190230-30,2026-06-19T06:15:00Z,2026-06-19T06:30:00Z,62779.7,no
KXBTC15M-26JUN190245-45,2026-06-19T06:30:00Z,2026-06-19T06:45:00Z,62777.42,no
KXBTC15M-26JUN190300-00,2026-06-19T06:45:00Z,2026-06-19T07:00:00Z,62761.4,yes
KXBTC15M-26JUN190315-15,2026-06-19T07:00:00Z,2026-06-19T07:15:00Z,62849.42,no
KXBTC15M-26JUN190330-30,2026-06-19T07:15:00Z,2026-06-19T07:30:00Z,62761.31,no
KXBTC15M-26JUN190345-45,2026-06-19T07:30:00Z,2026-06-19T07:45:00Z,62688.36,no
KXBTC15M-26JUN190400-00,2026-06-19T07:45:00Z,2026-06-19T08:00:00Z,62465.08,yes
KXBTC15M-26JUN190415-15,2026-06-19T08:00:00Z,2026-06-19T08:15:00Z,62556.88,yes
KXBTC15M-26JUN190430-30,2026-06-19T08:15:00Z,2026-06-19T08:30:00Z,62598.32,yes
KXBTC15M-26JUN190445-45,2026-06-19T08:30:00Z,2026-06-19T08:45:00Z,62602.72,no
KXBTC15M-26JUN190500-00,2026-06-19T08:45:00Z,2026-06-19T09:00:00Z,62584.69,no
KXBTC15M-26JUN190515-15,2026-06-19T09:00:00Z,2026-06-19T09:15:00Z,62523.84,no
KXBTC15M-26JUN190530-30,2026-06-19T09:15:00Z,2026-06-19T09:30:00Z,62360.53,no
KXBTC15M-26JUN190545-45,2026-06-19T09:30:00Z,2026-06-19T09:45:00Z,62322.7,yes
KXBTC15M-26JUN190600-00,2026-06-19T09:45:00Z,2026-06-19T10:00:00Z,62372.01,no
KXBTC15M-26JUN190615-15,2026-06-19T10:00:00Z,2026-06-19T10:15:00Z,62342.89,yes
KXBTC15M-26JUN190630-30,2026-06-19T10:15:00Z,2026-06-19T10:30:00Z,62470.04,no
KXBTC15M-26JUN190645-45,2026-06-19T10:30:00Z,2026-06-19T10:45:00Z,62442.5,no
KXBTC15M-26JUN190700-00,2026-06-19T10:45:00Z,2026-06-19T11:00:00Z,62379.85,yes
KXBTC15M-26JUN190715-15,2026-06-19T11:00:00Z,2026-06-19T11:15:00Z,62476.78,no
KXBTC15M-26JUN190730-30,2026-06-19T11:15:00Z,2026-06-19T11:30:00Z,62409.64,yes
KXBTC15M-26JUN190745-45,2026-06-19T11:30:00Z,2026-06-19T11:45:00Z,62596.76,yes
KXBTC15M-26JUN190800-00,2026-06-19T11:45:00Z,2026-06-19T12:00:00Z,62609.06,no
KXBTC15M-26JUN190815-15,2026-06-19T12:00:00Z,2026-06-19T12:15:00Z,62575.97,yes
KXBTC15M-26JUN190830-30,2026-06-19T12:15:00Z,2026-06-19T12:30:00Z,62581.08,no
KXBTC15M-26JUN190845-45,2026-06-19T12:30:00Z,2026-06-19T12:45:00Z,62506.18,no
KXBTC15M-26JUN190900-00,2026-06-19T12:45:00Z,2026-06-19T13:00:00Z,62487.42,yes
KXBTC15M-26JUN190915-15,2026-06-19T13:00:00Z,2026-06-19T13:15:00Z,62755.35,no
KXBTC15M-26JUN190930-30,2026-06-19T13:15:00Z,2026-06-19T13:30:00Z,62748.12,no
KXBTC15M-26JUN190945-45,2026-06-19T13:30:00Z,2026-06-19T13:45:00Z,62727,yes
KXBTC15M-26JUN191000-00,2026-06-19T13:45:00Z,2026-06-19T14:00:00Z,63033.78,yes
KXBTC15M-26JUN191015-15,2026-06-19T14:00:00Z,2026-06-19T14:15:00Z,63169.5,no
KXBTC15M-26JUN191030-30,2026-06-19T14:15:00Z,2026-06-19T14:30:00Z,63029.44,yes
KXBTC15M-26JUN191045-45,2026-06-19T14:30:00Z,2026-06-19T14:45:00Z,63226.2,yes
KXBTC15M-26JUN191100-00,2026-06-19T14:45:00Z,2026-06-19T15:00:00Z,63267.72,no
KXBTC15M-26JUN191115-15,2026-06-19T15:00:00Z,2026-06-19T15:15:00Z,63157.3,no
KXBTC15M-26JUN191130-30,2026-06-19T15:15:00Z,2026-06-19T15:30:00Z,63119.11,no
KXBTC15M-26JUN191145-45,2026-06-19T15:30:00Z,2026-06-19T15:45:00Z,63007.79,yes
KXBTC15M-26JUN191200-00,2026-06-19T15:45:00Z,2026-06-19T16:00:00Z,63210.35,no
KXBTC15M-26JUN191215-15,2026-06-19T16:00:00Z,2026-06-19T16:15:00Z,63156.7,yes
KXBTC15M-26JUN191230-30,2026-06-19T16:15:00Z,2026-06-19T16:30:00Z,63304.73,no
KXBTC15M-26JUN191245-45,2026-06-19T16:30:00Z,2026-06-19T16:45:00Z,63267.48,no
KXBTC15M-26JUN191300-00,2026-06-19T16:45:00Z,2026-06-19T17:00:00Z,63203.1,no
KXBTC15M-26JUN191315-15,2026-06-19T17:00:00Z,2026-06-19T17:15:00Z,62926.18,yes
KXBTC15M-26JUN191330-30,2026-06-19T17:15:00Z,2026-06-19T17:30:00Z,62933.61,no
KXBTC15M-26JUN191345-45,2026-06-19T17:30:00Z,2026-06-19T17:45:00Z,62854.13,yes
KXBTC15M-26JUN191400-00,2026-06-19T17:45:00Z,2026-06-19T18:00:00Z,63038.11,yes
KXBTC15M-26JUN191415-15,2026-06-19T18:00:00Z,2026-06-19T18:15:00Z,63156.78,no
KXBTC15M-26JUN191430-30,2026-06-19T18:15:00Z,2026-06-19T18:30:00Z,63100.91,no
KXBTC15M-26JUN191445-45,2026-06-19T18:30:00Z,2026-06-19T18:45:00Z,63069.9,no
KXBTC15M-26JUN191500-00,2026-06-19T18:45:00Z,2026-06-19T19:00:00Z,62995.32,yes
KXBTC15M-26JUN191515-15,2026-06-19T19:00:00Z,2026-06-19T19:15:00Z,63059.74,no
KXBTC15M-26JUN191530-30,2026-06-19T19:15:00Z,2026-06-19T19:30:00Z,63003.76,no
KXBTC15M-26JUN191545-45,2026-06-19T19:30:00Z,2026-06-19T19:45:00Z,62949.97,yes
KXBTC15M-26JUN191600-00,2026-06-19T19:45:00Z,2026-06-19T20:00:00Z,62960.74,yes
KXBTC15M-26JUN191615-15,2026-06-19T20:00:00Z,2026-06-19T20:15:00Z,62967.69,yes
KXBTC15M-26JUN191630-30,2026-06-19T20:15:00Z,2026-06-19T20:30:00Z,63023.1,yes
KXBTC15M-26JUN191645-45,2026-06-19T20:30:00Z,2026-06-19T20:45:00Z,63023.75,yes
KXBTC15M-26JUN191700-00,2026-06-19T20:45:00Z,2026-06-19T21:00:00Z,63032.55,yes
KXBTC15M-26JUN191715-15,2026-06-19T21:00:00Z,2026-06-19T21:15:00Z,63204.17,yes
KXBTC15M-26JUN191730-30,2026-06-19T21:15:00Z,2026-06-19T21:30:00Z,63208.25,no
KXBTC15M-26JUN191745-45,2026-06-19T21:30:00Z,2026-06-19T21:45:00Z,63111.37,no
KXBTC15M-26JUN191800-00,2026-06-19T21:45:00Z,2026-06-19T22:00:00Z,63050.49,no
KXBTC15M-26JUN191815-15,2026-06-19T22:00:00Z,2026-06-19T22:15:00Z,63022.43,yes
KXBTC15M-26JUN191830-30,2026-06-19T22:15:00Z,2026-06-19T22:30:00Z,63041.5,yes
KXBTC15M-26JUN191845-45,2026-06-19T22:30:00Z,2026-06-19T22:45:00Z,63221.33,yes
KXBTC15M-26JUN191900-00,2026-06-19T22:45:00Z,2026-06-19T23:00:00Z,63255.77,yes
KXBTC15M-26JUN191915-15,2026-06-19T23:00:00Z,2026-06-19T23:15:00Z,63260.77,no
KXBTC15M-26JUN191930-30,2026-06-19T23:15:00Z,2026-06-19T23:30:00Z,63227.82,yes
KXBTC15M-26JUN191945-45,2026-06-19T23:30:00Z,2026-06-19T23:45:00Z,63253.15,yes
KXBTC15M-26JUN192000-00,2026-06-19T23:45:00Z,2026-06-20T00:00:00Z,63265.97,yes
KXBTC15M-26JUN192015-15,2026-06-20T00:00:00Z,2026-06-20T00:15:00Z,63495.2,no
KXBTC15M-26JUN192030-30,2026-06-20T00:15:00Z,2026-06-20T00:30:00Z,63457.18,yes
KXBTC15M-26JUN192045-45,2026-06-20T00:30:00Z,2026-06-20T00:45:00Z,63564.5,no
KXBTC15M-26JUN192100-00,2026-06-20T00:45:00Z,2026-06-20T01:00:00Z,63553.13,no
KXBTC15M-26JUN192115-15,2026-06-20T01:00:00Z,2026-06-20T01:15:00Z,63493.18,no
KXBTC15M-26JUN192130-30,2026-06-20T01:15:00Z,2026-06-20T01:30:00Z,63401.5,yes
KXBTC15M-26JUN192145-45,2026-06-20T01:30:00Z,2026-06-20T01:45:00Z,63452.73,yes
KXBTC15M-26JUN192200-00,2026-06-20T01:45:00Z,2026-06-20T02:00:00Z,63508.84,yes
KXBTC15M-26JUN192215-15,2026-06-20T02:00:00Z,2026-06-20T02:15:00Z,63514.83,no
KXBTC15M-26JUN192230-30,2026-06-20T02:15:00Z,2026-06-20T02:30:00Z,63427.82,no
KXBTC15M-26JUN192245-45,2026-06-20T02:30:00Z,2026-06-20T02:45:00Z,63366.4,no
KXBTC15M-26JUN192300-00,2026-06-20T02:45:00Z,2026-06-20T03:00:00Z,63330.86,no
KXBTC15M-26JUN192315-15,2026-06-20T03:00:00Z,2026-06-20T03:15:00Z,63297.34,yes
KXBTC15M-26JUN192330-30,2026-06-20T03:15:00Z,2026-06-20T03:30:00Z,63306,yes
KXBTC15M-26JUN192345-45,2026-06-20T03:30:00Z,2026-06-20T03:45:00Z,63387.46,yes
KXBTC15M-26JUN200000-00,2026-06-20T03:45:00Z,2026-06-20T04:00:00Z,63427.43,no
KXBTC15M-26JUN200015-15,2026-06-20T04:00:00Z,2026-06-20T04:15:00Z,63408.44,no
KXBTC15M-26JUN200030-30,2026-06-20T04:15:00Z,2026-06-20T04:30:00Z,63369.55,yes
KXBTC15M-26JUN200045-45,2026-06-20T04:30:00Z,2026-06-20T04:45:00Z,63505.73,yes
KXBTC15M-26JUN200100-00,2026-06-20T04:45:00Z,2026-06-20T05:00:00Z,63543.68,no
KXBTC15M-26JUN200115-15,2026-06-20T05:00:00Z,2026-06-20T05:15:00Z,63514.93,yes
KXBTC15M-26JUN200130-30,2026-06-20T05:15:00Z,2026-06-20T05:30:00Z,63778.15,no
KXBTC15M-26JUN200145-45,2026-06-20T05:30:00Z,2026-06-20T05:45:00Z,63589.53,no
KXBTC15M-26JUN200200-00,2026-06-20T05:45:00Z,2026-06-20T06:00:00Z,63589.02,yes
KXBTC15M-26JUN200215-15,2026-06-20T06:00:00Z,2026-06-20T06:15:00Z,63619.32,no
KXBTC15M-26JUN200230-30,2026-06-20T06:15:00Z,2026-06-20T06:30:00Z,63596.52,yes
KXBTC15M-26JUN200245-45,2026-06-20T06:30:00Z,2026-06-20T06:45:00Z,63638.43,yes
KXBTC15M-26JUN200300-00,2026-06-20T06:45:00Z,2026-06-20T07:00:00Z,63690.17,no
KXBTC15M-26JUN200315-15,2026-06-20T07:00:00Z,2026-06-20T07:15:00Z,63685.36,no
KXBTC15M-26JUN200330-30,2026-06-20T07:15:00Z,2026-06-20T07:30:00Z,63600.05,yes
KXBTC15M-26JUN200345-45,2026-06-20T07:30:00Z,2026-06-20T07:45:00Z,63707.5,no
KXBTC15M-26JUN200400-00,2026-06-20T07:45:00Z,2026-06-20T08:00:00Z,63695.84,no
KXBTC15M-26JUN200415-15,2026-06-20T08:00:00Z,2026-06-20T08:15:00Z,63600.4,no
KXBTC15M-26JUN200430-30,2026-06-20T08:15:00Z,2026-06-20T08:30:00Z,63490.74,no
KXBTC15M-26JUN200445-45,2026-06-20T08:30:00Z,2026-06-20T08:45:00Z,63429.09,no
KXBTC15M-26JUN200500-00,2026-06-20T08:45:00Z,2026-06-20T09:00:00Z,63396.38,no
KXBTC15M-26JUN200515-15,2026-06-20T09:00:00Z,2026-06-20T09:15:00Z,63361.51,yes
KXBTC15M-26JUN200530-30,2026-06-20T09:15:00Z,2026-06-20T09:30:00Z,63468.05,yes
KXBTC15M-26JUN200545-45,2026-06-20T09:30:00Z,2026-06-20T09:45:00Z,63492.99,yes
KXBTC15M-26JUN200600-00,2026-06-20T09:45:00Z,2026-06-20T10:00:00Z,63640.99,yes
KXBTC15M-26JUN200615-15,2026-06-20T10:00:00Z,2026-06-20T10:15:00Z,63690.51,no
KXBTC15M-26JUN200630-30,2026-06-20T10:15:00Z,2026-06-20T10:30:00Z,63634.92,no
KXBTC15M-26JUN200645-45,2026-06-20T10:30:00Z,2026-06-20T10:45:00Z,63617.43,no
KXBTC15M-26JUN200700-00,2026-06-20T10:45:00Z,2026-06-20T11:00:00Z,63546.47,yes
KXBTC15M-26JUN200715-15,2026-06-20T11:00:00Z,2026-06-20T11:15:00Z,63615.42,no
KXBTC15M-26JUN200730-30,2026-06-20T11:15:00Z,2026-06-20T11:30:00Z,63607.26,yes
KXBTC15M-26JUN200745-45,2026-06-20T11:30:00Z,2026-06-20T11:45:00Z,63643.01,yes
KXBTC15M-26JUN200800-00,2026-06-20T11:45:00Z,2026-06-20T12:00:00Z,63670.51,no
KXBTC15M-26JUN200815-15,2026-06-20T12:00:00Z,2026-06-20T12:15:00Z,63629.37,yes
KXBTC15M-26JUN200830-30,2026-06-20T12:15:00Z,2026-06-20T12:30:00Z,63695.91,no
KXBTC15M-26JUN200845-45,2026-06-20T12:30:00Z,2026-06-20T12:45:00Z,63681.9,no
KXBTC15M-26JUN200900-00,2026-06-20T12:45:00Z,2026-06-20T13:00:00Z,63566.37,yes
KXBTC15M-26JUN200915-15,2026-06-20T13:00:00Z,2026-06-20T13:15:00Z,63595.79,no
KXBTC15M-26JUN200930-30,2026-06-20T13:15:00Z,2026-06-20T13:30:00Z,63536.91,no
KXBTC15M-26JUN200945-45,2026-06-20T13:30:00Z,2026-06-20T13:45:00Z,63259.31,yes
KXBTC15M-26JUN201000-00,2026-06-20T13:45:00Z,2026-06-20T14:00:00Z,63393.83,no
KXBTC15M-26JUN201015-15,2026-06-20T14:00:00Z,2026-06-20T14:15:00Z,63368.83,no
KXBTC15M-26JUN201030-30,2026-06-20T14:15:00Z,2026-06-20T14:30:00Z,63160.18,yes
KXBTC15M-26JUN201045-45,2026-06-20T14:30:00Z,2026-06-20T14:45:00Z,63310.45,yes
KXBTC15M-26JUN201100-00,2026-06-20T14:45:00Z,2026-06-20T15:00:00Z,63376.76,yes
KXBTC15M-26JUN201115-15,2026-06-20T15:00:00Z,2026-06-20T15:15:00Z,63885.61,yes
KXBTC15M-26JUN201130-30,2026-06-20T15:15:00Z,2026-06-20T15:30:00Z,63922.6,yes
KXBTC15M-26JUN201145-45,2026-06-20T15:30:00Z,2026-06-20T15:45:00Z,64133.31,no
KXBTC15M-26JUN201200-00,2026-06-20T15:45:00Z,2026-06-20T16:00:00Z,64054.3,yes
KXBTC15M-26JUN201215-15,2026-06-20T16:00:00Z,2026-06-20T16:15:00Z,64068.42,no
KXBTC15M-26JUN201230-30,2026-06-20T16:15:00Z,2026-06-20T16:30:00Z,63927.59,yes
KXBTC15M-26JUN201245-45,2026-06-20T16:30:00Z,2026-06-20T16:45:00Z,63941.1,yes
KXBTC15M-26JUN201300-00,2026-06-20T16:45:00Z,2026-06-20T17:00:00Z,63942.4,yes
KXBTC15M-26JUN201315-15,2026-06-20T17:00:00Z,2026-06-20T17:15:00Z,63946.27,no
KXBTC15M-26JUN201330-30,2026-06-20T17:15:00Z,2026-06-20T17:30:00Z,63877.62,no
KXBTC15M-26JUN201345-45,2026-06-20T17:30:00Z,2026-06-20T17:45:00Z,63865.35,no
KXBTC15M-26JUN201400-00,2026-06-20T17:45:00Z,2026-06-20T18:00:00Z,63797.62,no
KXBTC15M-26JUN201415-15,2026-06-20T18:00:00Z,2026-06-20T18:15:00Z,63783.37,no
KXBTC15M-26JUN201430-30,2026-06-20T18:15:00Z,2026-06-20T18:30:00Z,63764.43,yes
KXBTC15M-26JUN201445-45,2026-06-20T18:30:00Z,2026-06-20T18:45:00Z,63794.16,no
KXBTC15M-26JUN201500-00,2026-06-20T18:45:00Z,2026-06-20T19:00:00Z,63740.36,no
KXBTC15M-26JUN201515-15,2026-06-20T19:00:00Z,2026-06-20T19:15:00Z,63731.16,yes
KXBTC15M-26JUN201530-30,2026-06-20T19:15:00Z,2026-06-20T19:30:00Z,63826.84,no
KXBTC15M-26JUN201545-45,2026-06-20T19:30:00Z,2026-06-20T19:45:00Z,63796.65,yes
KXBTC15M-26JUN201600-00,2026-06-20T19:45:00Z,2026-06-20T20:00:00Z,63872.47,no
KXBTC15M-26JUN201615-15,2026-06-20T20:00:00Z,2026-06-20T20:15:00Z,63867.73,yes
KXBTC15M-26JUN201630-30,2026-06-20T20:15:00Z,2026-06-20T20:30:00Z,63896.07,no
KXBTC15M-26JUN201645-45,2026-06-20T20:30:00Z,2026-06-20T20:45:00Z,63843.49,no
KXBTC15M-26JUN201700-00,2026-06-20T20:45:00Z,2026-06-20T21:00:00Z,63809.06,yes
KXBTC15M-26JUN201715-15,2026-06-20T21:00:00Z,2026-06-20T21:15:00Z,63847.99,yes
KXBTC15M-26JUN201730-30,2026-06-20T21:15:00Z,2026-06-20T21:30:00Z,63934.21,no
KXBTC15M-26JUN201745-45,2026-06-20T21:30:00Z,2026-06-20T21:45:00Z,63863.56,yes
KXBTC15M-26JUN201800-00,2026-06-20T21:45:00Z,2026-06-20T22:00:00Z,63954.22,no
KXBTC15M-26JUN201815-15,2026-06-20T22:00:00Z,2026-06-20T22:15:00Z,63943.96,yes
KXBTC15M-26JUN201830-30,2026-06-20T22:15:00Z,2026-06-20T22:30:00Z,64068.34,yes
KXBTC15M-26JUN201845-45,2026-06-20T22:30:00Z,2026-06-20T22:45:00Z,64235.29,no
KXBTC15M-26JUN201900-00,2026-06-20T22:45:00Z,2026-06-20T23:00:00Z,64186.98,yes
KXBTC15M-26JUN201915-15,2026-06-20T23:00:00Z,2026-06-20T23:15:00Z,64226.07,no
KXBTC15M-26JUN201930-30,2026-06-20T23:15:00Z,2026-06-20T23:30:00Z,64199.92,no
KXBTC15M-26JUN201945-45,2026-06-20T23:30:00Z,2026-06-20T23:45:00Z,64196.43,yes
KXBTC15M-26JUN202000-00,2026-06-20T23:45:00Z,2026-06-21T00:00:00Z,64247.65,yes
KXBTC15M-26JUN202015-15,2026-06-21T00:00:00Z,2026-06-21T00:15:00Z,64249.55,no
KXBTC15M-26JUN202030-30,2026-06-21T00:15:00Z,2026-06-21T00:30:00Z,64182.1,yes
KXBTC15M-26JUN202045-45,2026-06-21T00:30:00Z,2026-06-21T00:45:00Z,64186.66,yes
KXBTC15M-26JUN202100-00,2026-06-21T00:45:00Z,2026-06-21T01:00:00Z,64229.52,no
KXBTC15M-26JUN202115-15,2026-06-21T01:00:00Z,2026-06-21T01:15:00Z,64220.94,no
KXBTC15M-26JUN202130-30,2026-06-21T01:15:00Z,2026-06-21T01:30:00Z,64179.49,no
KXBTC15M-26JUN202145-45,2026-06-21T01:30:00Z,2026-06-21T01:45:00Z,64162.95,no
KXBTC15M-26JUN202200-00,2026-06-21T01:45:00Z,2026-06-21T02:00:00Z,64162.63,yes
KXBTC15M-26JUN202215-15,2026-06-21T02:00:00Z,2026-06-21T02:15:00Z,64189.5,no
KXBTC15M-26JUN202230-30,2026-06-21T02:15:00Z,2026-06-21T02:30:00Z,64174.37,no
KXBTC15M-26JUN202245-45,2026-06-21T02:30:00Z,2026-06-21T02:45:00Z,64160.44,yes
KXBTC15M-26JUN202300-00,2026-06-21T02:45:00Z,2026-06-21T03:00:00Z,64172.07,yes
KXBTC15M-26JUN202315-15,2026-06-21T03:00:00Z,2026-06-21T03:15:00Z,64180.14,yes
KXBTC15M-26JUN202330-30,2026-06-21T03:15:00Z,2026-06-21T03:30:00Z,64218.21,yes
KXBTC15M-26JUN202345-45,2026-06-21T03:30:00Z,2026-06-21T03:45:00Z,64299.02,yes
KXBTC15M-26JUN210000-00,2026-06-21T03:45:00Z,2026-06-21T04:00:00Z,64368.3,no
KXBTC15M-26JUN210015-15,2026-06-21T04:00:00Z,2026-06-21T04:15:00Z,64357.64,no
KXBTC15M-26JUN210030-30,2026-06-21T04:15:00Z,2026-06-21T04:30:00Z,64329.42,yes
KXBTC15M-26JUN210045-45,2026-06-21T04:30:00Z,2026-06-21T04:45:00Z,64457.97,no
KXBTC15M-26JUN210100-00,2026-06-21T04:45:00Z,2026-06-21T05:00:00Z,64426.11,no
KXBTC15M-26JUN210115-15,2026-06-21T05:00:00Z,2026-06-21T05:15:00Z,64209.52,no
KXBTC15M-26JUN210130-30,2026-06-21T05:15:00Z,2026-06-21T05:30:00Z,64174.21,yes
KXBTC15M-26JUN210145-45,2026-06-21T05:30:00Z,2026-06-21T05:45:00Z,64225.33,yes
KXBTC15M-26JUN210200-00,2026-06-21T05:45:00Z,2026-06-21T06:00:00Z,64237.18,no
KXBTC15M-26JUN210215-15,2026-06-21T06:00:00Z,2026-06-21T06:15:00Z,64181.75,no
KXBTC15M-26JUN210230-30,2026-06-21T06:15:00Z,2026-06-21T06:30:00Z,64140.13,yes
KXBTC15M-26JUN210245-45,2026-06-21T06:30:00Z,2026-06-21T06:45:00Z,64202.91,yes
KXBTC15M-26JUN210300-00,2026-06-21T06:45:00Z,2026-06-21T07:00:00Z,64237.65,no
KXBTC15M-26JUN210315-15,2026-06-21T07:00:00Z,2026-06-21T07:15:00Z,64216.89,no
KXBTC15M-26JUN210330-30,2026-06-21T07:15:00Z,2026-06-21T07:30:00Z,64183.48,no
KXBTC15M-26JUN210345-45,2026-06-21T07:30:00Z,2026-06-21T07:45:00Z,64109.4,yes
KXBTC15M-26JUN210400-00,2026-06-21T07:45:00Z,2026-06-21T08:00:00Z,64144.67,no
KXBTC15M-26JUN210415-15,2026-06-21T08:00:00Z,2026-06-21T08:15:00Z,64125.01,no
KXBTC15M-26JUN210430-30,2026-06-21T08:15:00Z,2026-06-21T08:30:00Z,64061.08,no
KXBTC15M-26JUN210445-45,2026-06-21T08:30:00Z,2026-06-21T08:45:00Z,63982.11,no
KXBTC15M-26JUN210500-00,2026-06-21T08:45:00Z,2026-06-21T09:00:00Z,63892.08,yes
KXBTC15M-26JUN210515-15,2026-06-21T09:00:00Z,2026-06-21T09:15:00Z,63929.72,no
KXBTC15M-26JUN210530-30,2026-06-21T09:15:00Z,2026-06-21T09:30:00Z,63901.85,yes
KXBTC15M-26JUN210545-45,2026-06-21T09:30:00Z,2026-06-21T09:45:00Z,63978.83,yes
KXBTC15M-26JUN210600-00,2026-06-21T09:45:00Z,2026-06-21T10:00:00Z,64054.33,yes
KXBTC15M-26JUN210615-15,2026-06-21T10:00:00Z,2026-06-21T10:15:00Z,64130.93,yes
KXBTC15M-26JUN210630-30,2026-06-21T10:15:00Z,2026-06-21T10:30:00Z,64200.84,yes
KXBTC15M-26JUN210645-45,2026-06-21T10:30:00Z,2026-06-21T10:45:00Z,64237.75,yes
KXBTC15M-26JUN210700-00,2026-06-21T10:45:00Z,2026-06-21T11:00:00Z,64277.58,yes
KXBTC15M-26JUN210715-15,2026-06-21T11:00:00Z,2026-06-21T11:15:00Z,64281.08,yes
KXBTC15M-26JUN210730-30,2026-06-21T11:15:00Z,2026-06-21T11:30:00Z,64347.92,no
KXBTC15M-26JUN210745-45,2026-06-21T11:30:00Z,2026-06-21T11:45:00Z,64290.89,no
KXBTC15M-26JUN210800-00,2026-06-21T11:45:00Z,2026-06-21T12:00:00Z,64200.56,no
KXBTC15M-26JUN210815-15,2026-06-21T12:00:00Z,2026-06-21T12:15:00Z,64080.4,no
KXBTC15M-26JUN210830-30,2026-06-21T12:15:00Z,2026-06-21T12:30:00Z,64014.87,no
KXBTC15M-26JUN210845-45,2026-06-21T12:30:00Z,2026-06-21T12:45:00Z,63952.88,yes
KXBTC15M-26JUN210900-00,2026-06-21T12:45:00Z,2026-06-21T13:00:00Z,63988.44,yes
KXBTC15M-26JUN210915-15,2026-06-21T13:00:00Z,2026-06-21T13:15:00Z,64120.85,no
KXBTC15M-26JUN210930-30,2026-06-21T13:15:00Z,2026-06-21T13:30:00Z,64059.13,yes
KXBTC15M-26JUN210945-45,2026-06-21T13:30:00Z,2026-06-21T13:45:00Z,64084.41,no
KXBTC15M-26JUN211000-00,2026-06-21T13:45:00Z,2026-06-21T14:00:00Z,63973,yes
KXBTC15M-26JUN211015-15,2026-06-21T14:00:00Z,2026-06-21T14:15:00Z,64061.82,no
KXBTC15M-26JUN211030-30,2026-06-21T14:15:00Z,2026-06-21T14:30:00Z,63999.72,no
KXBTC15M-26JUN211045-45,2026-06-21T14:30:00Z,2026-06-21T14:45:00Z,63960.57,yes
KXBTC15M-26JUN211100-00,2026-06-21T14:45:00Z,2026-06-21T15:00:00Z,63981.47,yes
KXBTC15M-26JUN211115-15,2026-06-21T15:00:00Z,2026-06-21T15:15:00Z,64056.43,yes
KXBTC15M-26JUN211130-30,2026-06-21T15:15:00Z,2026-06-21T15:30:00Z,64130.87,yes
KXBTC15M-26JUN211145-45,2026-06-21T15:30:00Z,2026-06-21T15:45:00Z,64187.96,yes
KXBTC15M-26JUN211200-00,2026-06-21T15:45:00Z,2026-06-21T16:00:00Z,64231.45,no
KXBTC15M-26JUN211215-15,2026-06-21T16:00:00Z,2026-06-21T16:15:00Z,64160.99,no
KXBTC15M-26JUN211230-30,2026-06-21T16:15:00Z,2026-06-21T16:30:00Z,64053.16,yes
KXBTC15M-26JUN211245-45,2026-06-21T16:30:00Z,2026-06-21T16:45:00Z,64106.1,no
KXBTC15M-26JUN211300-00,2026-06-21T16:45:00Z,2026-06-21T17:00:00Z,64030.29,yes
KXBTC15M-26JUN211315-15,2026-06-21T17:00:00Z,2026-06-21T17:15:00Z,64067.39,yes
KXBTC15M-26JUN211330-30,2026-06-21T17:15:00Z,2026-06-21T17:30:00Z,64128.88,no
KXBTC15M-26JUN211345-45,2026-06-21T17:30:00Z,2026-06-21T17:45:00Z,64034.4,yes
KXBTC15M-26JUN211400-00,2026-06-21T17:45:00Z,2026-06-21T18:00:00Z,64047.19,yes
KXBTC15M-26JUN211415-15,2026-06-21T18:00:00Z,2026-06-21T18:15:00Z,64090.22,no
KXBTC15M-26JUN211430-30,2026-06-21T18:15:00Z,2026-06-21T18:30:00Z,63929.61,yes
KXBTC15M-26JUN211445-45,2026-06-21T18:30:00Z,2026-06-21T18:45:00Z,63965.21,yes
KXBTC15M-26JUN211500-00,2026-06-21T18:45:00Z,2026-06-21T19:00:00Z,64103.99,no
KXBTC15M-26JUN211515-15,2026-06-21T19:00:00Z,2026-06-21T19:15:00Z,64103.06,yes
KXBTC15M-26JUN211530-30,2026-06-21T19:15:00Z,2026-06-21T19:30:00Z,64152.05,no
KXBTC15M-26JUN211545-45,2026-06-21T19:30:00Z,2026-06-21T19:45:00Z,64149.77,no
KXBTC15M-26JUN211600-00,2026-06-21T19:45:00Z,2026-06-21T20:00:00Z,64149.2,no
KXBTC15M-26JUN211615-15,2026-06-21T20:00:00Z,2026-06-21T20:15:00Z,64140.72,no
KXBTC15M-26JUN211630-30,2026-06-21T20:15:00Z,2026-06-21T20:30:00Z,64078.83,no
KXBTC15M-26JUN211645-45,2026-06-21T20:30:00Z,2026-06-21T20:45:00Z,64032.96,no
KXBTC15M-26JUN211700-00,2026-06-21T20:45:00Z,2026-06-21T21:00:00Z,63903.64,no
KXBTC15M-26JUN211715-15,2026-06-21T21:00:00Z,2026-06-21T21:15:00Z,63761.31,no
KXBTC15M-26JUN211730-30,2026-06-21T21:15:00Z,2026-06-21T21:30:00Z,63536.54,yes
KXBTC15M-26JUN211745-45,2026-06-21T21:30:00Z,2026-06-21T21:45:00Z,63642.44,yes
KXBTC15M-26JUN211800-00,2026-06-21T21:45:00Z,2026-06-21T22:00:00Z,63817.93,no
KXBTC15M-26JUN211815-15,2026-06-21T22:00:00Z,2026-06-21T22:15:00Z,63739.44,no
KXBTC15M-26JUN211830-30,2026-06-21T22:15:00Z,2026-06-21T22:30:00Z,63543.11,yes
KXBTC15M-26JUN211845-45,2026-06-21T22:30:00Z,2026-06-21T22:45:00Z,63655.96,no
KXBTC15M-26JUN211900-00,2026-06-21T22:45:00Z,2026-06-21T23:00:00Z,63598.04,yes
KXBTC15M-26JUN211915-15,2026-06-21T23:00:00Z,2026-06-21T23:15:00Z,63731.34,no
KXBTC15M-26JUN211930-30,2026-06-21T23:15:00Z,2026-06-21T23:30:00Z,63635.1,no
KXBTC15M-26JUN211945-45,2026-06-21T23:30:00Z,2026-06-21T23:45:00Z,63581.26,no
KXBTC15M-26JUN212000-00,2026-06-21T23:45:00Z,2026-06-22T00:00:00Z,63252.85,no
KXBTC15M-26JUN212015-15,2026-06-22T00:00:00Z,2026-06-22T00:15:00Z,63243.75,yes
KXBTC15M-26JUN212030-30,2026-06-22T00:15:00Z,2026-06-22T00:30:00Z,63430.4,yes
KXBTC15M-26JUN212045-45,2026-06-22T00:30:00Z,2026-06-22T00:45:00Z,63627.75,yes
KXBTC15M-26JUN212100-00,2026-06-22T00:45:00Z,2026-06-22T01:00:00Z,63848.73,no
KXBTC15M-26JUN212115-15,2026-06-22T01:00:00Z,2026-06-22T01:15:00Z,63813.92,no
KXBTC15M-26JUN212130-30,2026-06-22T01:15:00Z,2026-06-22T01:30:00Z,63801.06,yes
KXBTC15M-26JUN212145-45,2026-06-22T01:30:00Z,2026-06-22T01:45:00Z,64541.8,no
KXBTC15M-26JUN212200-00,2026-06-22T01:45:00Z,2026-06-22T02:00:00Z,64434.74,yes
KXBTC15M-26JUN212215-15,2026-06-22T02:00:00Z,2026-06-22T02:15:00Z,64518.64,no
KXBTC15M-26JUN212230-30,2026-06-22T02:15:00Z,2026-06-22T02:30:00Z,64485.62,yes
KXBTC15M-26JUN212245-45,2026-06-22T02:30:00Z,2026-06-22T02:45:00Z,64486.92,no
KXBTC15M-26JUN212300-00,2026-06-22T02:45:00Z,2026-06-22T03:00:00Z,64429.1,no
KXBTC15M-26JUN212315-15,2026-06-22T03:00:00Z,2026-06-22T03:15:00Z,64197.63,no
KXBTC15M-26JUN212330-30,2026-06-22T03:15:00Z,2026-06-22T03:30:00Z,64019.63,yes
KXBTC15M-26JUN212345-45,2026-06-22T03:30:00Z,2026-06-22T03:45:00Z,64207.04,no
KXBTC15M-26JUN220000-00,2026-06-22T03:45:00Z,2026-06-22T04:00:00Z,64101.04,no
KXBTC15M-26JUN220015-15,2026-06-22T04:00:00Z,2026-06-22T04:15:00Z,63904.26,yes
KXBTC15M-26JUN220030-30,2026-06-22T04:15:00Z,2026-06-22T04:30:00Z,63918.89,no
KXBTC15M-26JUN220045-45,2026-06-22T04:30:00Z,2026-06-22T04:45:00Z,63895.7,yes
KXBTC15M-26JUN220100-00,2026-06-22T04:45:00Z,2026-06-22T05:00:00Z,63900.29,yes
KXBTC15M-26JUN220115-15,2026-06-22T05:00:00Z,2026-06-22T05:15:00Z,64027.47,yes
KXBTC15M-26JUN220130-30,2026-06-22T05:15:00Z,2026-06-22T05:30:00Z,64217.5,no
KXBTC15M-26JUN220145-45,2026-06-22T05:30:00Z,2026-06-22T05:45:00Z,64181.87,yes
KXBTC15M-26JUN220200-00,2026-06-22T05:45:00Z,2026-06-22T06:00:00Z,64195.21,no
KXBTC15M-26JUN220215-15,2026-06-22T06:00:00Z,2026-06-22T06:15:00Z,64163.31,no
KXBTC15M-26JUN220230-30,2026-06-22T06:15:00Z,2026-06-22T06:30:00Z,64160.41,no
KXBTC15M-26JUN220245-45,2026-06-22T06:30:00Z,2026-06-22T06:45:00Z,64044.98,no
KXBTC15M-26JUN220300-00,2026-06-22T06:45:00Z,2026-06-22T07:00:00Z,63955.86,no
KXBTC15M-26JUN220315-15,2026-06-22T07:00:00Z,2026-06-22T07:15:00Z,63953.98,yes
KXBTC15M-26JUN220330-30,2026-06-22T07:15:00Z,2026-06-22T07:30:00Z,64145.25,yes
KXBTC15M-26JUN220345-45,2026-06-22T07:30:00Z,2026-06-22T07:45:00Z,64187.44,no
KXBTC15M-26JUN220400-00,2026-06-22T07:45:00Z,2026-06-22T08:00:00Z,64185.49,no
KXBTC15M-26JUN220415-15,2026-06-22T08:00:00Z,2026-06-22T08:15:00Z,64140.06,yes
KXBTC15M-26JUN220430-30,2026-06-22T08:15:00Z,2026-06-22T08:30:00Z,64192.75,no
KXBTC15M-26JUN220445-45,2026-06-22T08:30:00Z,2026-06-22T08:45:00Z,64130.36,yes
KXBTC15M-26JUN220500-00,2026-06-22T08:45:00Z,2026-06-22T09:00:00Z,64171.29,no
KXBTC15M-26JUN220515-15,2026-06-22T09:00:00Z,2026-06-22T09:15:00Z,64092.22,yes
KXBTC15M-26JUN220530-30,2026-06-22T09:15:00Z,2026-06-22T09:30:00Z,64120.59,no
KXBTC15M-26JUN220545-45,2026-06-22T09:30:00Z,2026-06-22T09:45:00Z,64049.26,yes
KXBTC15M-26JUN220600-00,2026-06-22T09:45:00Z,2026-06-22T10:00:00Z,64051.27,yes
KXBTC15M-26JUN220615-15,2026-06-22T10:00:00Z,2026-06-22T10:15:00Z,64069.39,yes
KXBTC15M-26JUN220630-30,2026-06-22T10:15:00Z,2026-06-22T10:30:00Z,64159.98,no
KXBTC15M-26JUN220645-45,2026-06-22T10:30:00Z,2026-06-22T10:45:00Z,64114.71,no
KXBTC15M-26JUN220700-00,2026-06-22T10:45:00Z,2026-06-22T11:00:00Z,64020.13,yes
KXBTC15M-26JUN220715-15,2026-06-22T11:00:00Z,2026-06-22T11:15:00Z,64073.27,yes
KXBTC15M-26JUN220730-30,2026-06-22T11:15:00Z,2026-06-22T11:30:00Z,64261.95,yes
KXBTC15M-26JUN220745-45,2026-06-22T11:30:00Z,2026-06-22T11:45:00Z,64331.73,yes
KXBTC15M-26JUN220800-00,2026-06-22T11:45:00Z,2026-06-22T12:00:00Z,64540.29,yes
KXBTC15M-26JUN220815-15,2026-06-22T12:00:00Z,2026-06-22T12:15:00Z,64596.85,yes
KXBTC15M-26JUN220830-30,2026-06-22T12:15:00Z,2026-06-22T12:30:00Z,64715.36,yes
KXBTC15M-26JUN220845-45,2026-06-22T12:30:00Z,2026-06-22T12:45:00Z,64877.55,yes
KXBTC15M-26JUN220900-00,2026-06-22T12:45:00Z,2026-06-22T13:00:00Z,64997.13,yes
KXBTC15M-26JUN220915-15,2026-06-22T13:00:00Z,2026-06-22T13:15:00Z,65099.34,no
KXBTC15M-26JUN220930-30,2026-06-22T13:15:00Z,2026-06-22T13:30:00Z,65079.9,no
KXBTC15M-26JUN220945-45,2026-06-22T13:30:00Z,2026-06-22T13:45:00Z,64914.66,yes
KXBTC15M-26JUN221000-00,2026-06-22T13:45:00Z,2026-06-22T14:00:00Z,65356.33,yes
KXBTC15M-26JUN221015-15,2026-06-22T14:00:00Z,2026-06-22T14:15:00Z,65493.93,no
KXBTC15M-26JUN221030-30,2026-06-22T14:15:00Z,2026-06-22T14:30:00Z,65229.54,no
KXBTC15M-26JUN221045-45,2026-06-22T14:30:00Z,2026-06-22T14:45:00Z,64920.56,no
KXBTC15M-26JUN221100-00,2026-06-22T14:45:00Z,2026-06-22T15:00:00Z,64851.49,yes
KXBTC15M-26JUN221115-15,2026-06-22T15:00:00Z,2026-06-22T15:15:00Z,64903.59,yes
KXBTC15M-26JUN221130-30,2026-06-22T15:15:00Z,2026-06-22T15:30:00Z,65023.54,no
KXBTC15M-26JUN221145-45,2026-06-22T15:30:00Z,2026-06-22T15:45:00Z,64956.49,yes
KXBTC15M-26JUN221200-00,2026-06-22T15:45:00Z,2026-06-22T16:00:00Z,65005.45,no
KXBTC15M-26JUN221215-15,2026-06-22T16:00:00Z,2026-06-22T16:15:00Z,64755.67,no
KXBTC15M-26JUN221230-30,2026-06-22T16:15:00Z,2026-06-22T16:30:00Z,64651.72,no
KXBTC15M-26JUN221245-45,2026-06-22T16:30:00Z,2026-06-22T16:45:00Z,64615.76,no
KXBTC15M-26JUN221300-00,2026-06-22T16:45:00Z,2026-06-22T17:00:00Z,64499.76,yes
KXBTC15M-26JUN221315-15,2026-06-22T17:00:00Z,2026-06-22T17:15:00Z,64673.17,no
KXBTC15M-26JUN221330-30,2026-06-22T17:15:00Z,2026-06-22T17:30:00Z,64607.95,no
KXBTC15M-26JUN221345-45,2026-06-22T17:30:00Z,2026-06-22T17:45:00Z,64469.55,no
KXBTC15M-26JUN221400-00,2026-06-22T17:45:00Z,2026-06-22T18:00:00Z,64366.57,yes
KXBTC15M-26JUN221415-15,2026-06-22T18:00:00Z,2026-06-22T18:15:00Z,64546.3,yes
KXBTC15M-26JUN221430-30,2026-06-22T18:15:00Z,2026-06-22T18:30:00Z,64611.19,no
KXBTC15M-26JUN221445-45,2026-06-22T18:30:00Z,2026-06-22T18:45:00Z,64523.57,no
KXBTC15M-26JUN221500-00,2026-06-22T18:45:00Z,2026-06-22T19:00:00Z,64455.01,no
KXBTC15M-26JUN221515-15,2026-06-22T19:00:00Z,2026-06-22T19:15:00Z,64292.71,yes
KXBTC15M-26JUN221530-30,2026-06-22T19:15:00Z,2026-06-22T19:30:00Z,64335.82,no
KXBTC15M-26JUN221545-45,2026-06-22T19:30:00Z,2026-06-22T19:45:00Z,64291.02,yes
KXBTC15M-26JUN221600-00,2026-06-22T19:45:00Z,2026-06-22T20:00:00Z,64336.43,yes
KXBTC15M-26JUN221615-15,2026-06-22T20:00:00Z,2026-06-22T20:15:00Z,64417.2,yes
KXBTC15M-26JUN221630-30,2026-06-22T20:15:00Z,2026-06-22T20:30:00Z,64467.99,no
KXBTC15M-26JUN221645-45,2026-06-22T20:30:00Z,2026-06-22T20:45:00Z,64330.6,yes
KXBTC15M-26JUN221700-00,2026-06-22T20:45:00Z,2026-06-22T21:00:00Z,64426.91,no
KXBTC15M-26JUN221715-15,2026-06-22T21:00:00Z,2026-06-22T21:15:00Z,64369.77,no
KXBTC15M-26JUN221730-30,2026-06-22T21:15:00Z,2026-06-22T21:30:00Z,64332.99,no
KXBTC15M-26JUN221745-45,2026-06-22T21:30:00Z,2026-06-22T21:45:00Z,64236.1,no
KXBTC15M-26JUN221800-00,2026-06-22T21:45:00Z,2026-06-22T22:00:00Z,64126.97,yes
KXBTC15M-26JUN221815-15,2026-06-22T22:00:00Z,2026-06-22T22:15:00Z,64239.04,yes
KXBTC15M-26JUN221830-30,2026-06-22T22:15:00Z,2026-06-22T22:30:00Z,64254.95,no
KXBTC15M-26JUN221845-45,2026-06-22T22:30:00Z,2026-06-22T22:45:00Z,63971.51,no
KXBTC15M-26JUN221900-00,2026-06-22T22:45:00Z,2026-06-22T23:00:00Z,63783.72,yes
KXBTC15M-26JUN221915-15,2026-06-22T23:00:00Z,2026-06-22T23:15:00Z,63902.91,yes
KXBTC15M-26JUN221930-30,2026-06-22T23:15:00Z,2026-06-22T23:30:00Z,63906.91,yes
KXBTC15M-26JUN221945-45,2026-06-22T23:30:00Z,2026-06-22T23:45:00Z,63973.98,no
KXBTC15M-26JUN222000-00,2026-06-22T23:45:00Z,2026-06-23T00:00:00Z,63917.86,yes
KXBTC15M-26JUN222015-15,2026-06-23T00:00:00Z,2026-06-23T00:15:00Z,63958.65,no
KXBTC15M-26JUN222030-30,2026-06-23T00:15:00Z,2026-06-23T00:30:00Z,63863.35,no
KXBTC15M-26JUN222045-45,2026-06-23T00:30:00Z,2026-06-23T00:45:00Z,63791.02,yes
KXBTC15M-26JUN222100-00,2026-06-23T00:45:00Z,2026-06-23T01:00:00Z,64027.65,yes
KXBTC15M-26JUN222115-15,2026-06-23T01:00:00Z,2026-06-23T01:15:00Z,64065.94,yes
KXBTC15M-26JUN222130-30,2026-06-23T01:15:00Z,2026-06-23T01:30:00Z,64159.28,no
KXBTC15M-26JUN222145-45,2026-06-23T01:30:00Z,2026-06-23T01:45:00Z,64124.5,no
KXBTC15M-26JUN222200-00,2026-06-23T01:45:00Z,2026-06-23T02:00:00Z,64010.18,yes
KXBTC15M-26JUN222215-15,2026-06-23T02:00:00Z,2026-06-23T02:15:00Z,64093.65,no
KXBTC15M-26JUN222230-30,2026-06-23T02:15:00Z,2026-06-23T02:30:00Z,64050.54,yes
KXBTC15M-26JUN222245-45,2026-06-23T02:30:00Z,2026-06-23T02:45:00Z,64114.52,yes
KXBTC15M-26JUN222300-00,2026-06-23T02:45:00Z,2026-06-23T03:00:00Z,64161.41,no
KXBTC15M-26JUN222315-15,2026-06-23T03:00:00Z,2026-06-23T03:15:00Z,64138.15,no
KXBTC15M-26JUN222330-30,2026-06-23T03:15:00Z,2026-06-23T03:30:00Z,63939.95,yes
KXBTC15M-26JUN222345-45,2026-06-23T03:30:00Z,2026-06-23T03:45:00Z,,no
KXBTC15M-26JUN230000-00,2026-06-23T03:45:00Z,2026-06-23T04:00:00Z,,yes
KXBTC15M-26JUN230015-15,2026-06-23T04:00:00Z,2026-06-23T04:15:00Z,63992.57,no
KXBTC15M-26JUN230030-30,2026-06-23T04:15:00Z,2026-06-23T04:30:00Z,63977.83,no
KXBTC15M-26JUN230045-45,2026-06-23T04:30:00Z,2026-06-23T04:45:00Z,63903.66,no
KXBTC15M-26JUN230100-00,2026-06-23T04:45:00Z,2026-06-23T05:00:00Z,63748.05,no
KXBTC15M-26JUN230115-15,2026-06-23T05:00:00Z,2026-06-23T05:15:00Z,63598.03,no
KXBTC15M-26JUN230130-30,2026-06-23T05:15:00Z,2026-06-23T05:30:00Z,63557.8,no
KXBTC15M-26JUN230145-45,2026-06-23T05:30:00Z,2026-06-23T05:45:00Z,63395.37,no
KXBTC15M-26JUN230200-00,2026-06-23T05:45:00Z,2026-06-23T06:00:00Z,63378.34,no
KXBTC15M-26JUN230215-15,2026-06-23T06:00:00Z,2026-06-23T06:15:00Z,63314.06,no
KXBTC15M-26JUN230230-30,2026-06-23T06:15:00Z,2026-06-23T06:30:00Z,63099.69,no
KXBTC15M-26JUN230245-45,2026-06-23T06:30:00Z,2026-06-23T06:45:00Z,62698.66,yes
KXBTC15M-26JUN230300-00,2026-06-23T06:45:00Z,2026-06-23T07:00:00Z,62872.98,no
KXBTC15M-26JUN230315-15,2026-06-23T07:00:00Z,2026-06-23T07:15:00Z,62872.41,yes
KXBTC15M-26JUN230330-30,2026-06-23T07:15:00Z,2026-06-23T07:30:00Z,62969.4,no
KXBTC15M-26JUN230345-45,2026-06-23T07:30:00Z,2026-06-23T07:45:00Z,62941.5,no
KXBTC15M-26JUN230400-00,2026-06-23T07:45:00Z,2026-06-23T08:00:00Z,62843.97,no
KXBTC15M-26JUN230415-15,2026-06-23T08:00:00Z,2026-06-23T08:15:00Z,62822.99,no
KXBTC15M-26JUN230430-30,2026-06-23T08:15:00Z,2026-06-23T08:30:00Z,62612.26,no
KXBTC15M-26JUN230445-45,2026-06-23T08:30:00Z,2026-06-23T08:45:00Z,62039.38,yes
KXBTC15M-26JUN230500-00,2026-06-23T08:45:00Z,2026-06-23T09:00:00Z,62356.41,no
KXBTC15M-26JUN230515-15,2026-06-23T09:00:00Z,2026-06-23T09:15:00Z,62305.56,yes
KXBTC15M-26JUN230530-30,2026-06-23T09:15:00Z,2026-06-23T09:30:00Z,62375.26,yes
KXBTC15M-26JUN230545-45,2026-06-23T09:30:00Z,2026-06-23T09:45:00Z,62444.62,no
KXBTC15M-26JUN230600-00,2026-06-23T09:45:00Z,2026-06-23T10:00:00Z,62300.15,yes
KXBTC15M-26JUN230615-15,2026-06-23T10:00:00Z,2026-06-23T10:15:00Z,62307.79,yes
KXBTC15M-26JUN230630-30,2026-06-23T10:15:00Z,2026-06-23T10:30:00Z,62386.88,no
KXBTC15M-26JUN230645-45,2026-06-23T10:30:00Z,2026-06-23T10:45:00Z,62290.93,no
KXBTC15M-26JUN230700-00,2026-06-23T10:45:00Z,2026-06-23T11:00:00Z,62188.71,yes
KXBTC15M-26JUN230715-15,2026-06-23T11:00:00Z,2026-06-23T11:15:00Z,62263.86,yes
KXBTC15M-26JUN230730-30,2026-06-23T11:15:00Z,2026-06-23T11:30:00Z,62311.75,yes
KXBTC15M-26JUN230745-45,2026-06-23T11:30:00Z,2026-06-23T11:45:00Z,62470.49,yes
KXBTC15M-26JUN230800-00,2026-06-23T11:45:00Z,2026-06-23T12:00:00Z,62509.44,no
KXBTC15M-26JUN230815-15,2026-06-23T12:00:00Z,2026-06-23T12:15:00Z,62445.05,no
KXBTC15M-26JUN230830-30,2026-06-23T12:15:00Z,2026-06-23T12:30:00Z,62349.93,no
KXBTC15M-26JUN230845-45,2026-06-23T12:30:00Z,2026-06-23T12:45:00Z,62328.51,no
KXBTC15M-26JUN230900-00,2026-06-23T12:45:00Z,2026-06-23T13:00:00Z,62269.8,no
KXBTC15M-26JUN230915-15,2026-06-23T13:00:00Z,2026-06-23T13:15:00Z,62199.26,no
KXBTC15M-26JUN230930-30,2026-06-23T13:15:00Z,2026-06-23T13:30:00Z,62119.56,no
KXBTC15M-26JUN230945-45,2026-06-23T13:30:00Z,2026-06-23T13:45:00Z,61994.28,yes
KXBTC15M-26JUN231000-00,2026-06-23T13:45:00Z,2026-06-23T14:00:00Z,62337.74,yes
KXBTC15M-26JUN231015-15,2026-06-23T14:00:00Z,2026-06-23T14:15:00Z,62386.89,yes
KXBTC15M-26JUN231030-30,2026-06-23T14:15:00Z,2026-06-23T14:30:00Z,62550.1,no
KXBTC15M-26JUN231045-45,2026-06-23T14:30:00Z,2026-06-23T14:45:00Z,62494.85,no
KXBTC15M-26JUN231100-00,2026-06-23T14:45:00Z,2026-06-23T15:00:00Z,62487.47,no
KXBTC15M-26JUN231115-15,2026-06-23T15:00:00Z,2026-06-23T15:15:00Z,62450.64,no
KXBTC15M-26JUN231130-30,2026-06-23T15:15:00Z,2026-06-23T15:30:00Z,62283.58,no
KXBTC15M-26JUN231145-45,2026-06-23T15:30:00Z,2026-06-23T15:45:00Z,62206.46,yes
KXBTC15M-26JUN231200-00,2026-06-23T15:45:00Z,2026-06-23T16:00:00Z,62233.65,yes
KXBTC15M-26JUN231215-15,2026-06-23T16:00:00Z,2026-06-23T16:15:00Z,62388.06,yes
KXBTC15M-26JUN231230-30,2026-06-23T16:15:00Z,2026-06-23T16:30:00Z,62673.71,no
KXBTC15M-26JUN231245-45,2026-06-23T16:30:00Z,2026-06-23T16:45:00Z,62515.04,yes
KXBTC15M-26JUN231300-00,2026-06-23T16:45:00Z,2026-06-23T17:00:00Z,62555.01,no
KXBTC15M-26JUN231315-15,2026-06-23T17:00:00Z,2026-06-23T17:15:00Z,62500.13,no
KXBTC15M-26JUN231330-30,2026-06-23T17:15:00Z,2026-06-23T17:30:00Z,62366.62,yes
KXBTC15M-26JUN231345-45,2026-06-23T17:30:00Z,2026-06-23T17:45:00Z,62570.38,no
KXBTC15M-26JUN231400-00,2026-06-23T17:45:00Z,2026-06-23T18:00:00Z,62461.43,no
KXBTC15M-26JUN231415-15,2026-06-23T18:00:00Z,2026-06-23T18:15:00Z,62295.77,yes
KXBTC15M-26JUN231430-30,2026-06-23T18:15:00Z,2026-06-23T18:30:00Z,62304.66,no
KXBTC15M-26JUN231445-45,2026-06-23T18:30:00Z,2026-06-23T18:45:00Z,62296.8,no
KXBTC15M-26JUN231500-00,2026-06-23T18:45:00Z,2026-06-23T19:00:00Z,62079.54,yes
KXBTC15M-26JUN231515-15,2026-06-23T19:00:00Z,2026-06-23T19:15:00Z,62162.07,yes
KXBTC15M-26JUN231530-30,2026-06-23T19:15:00Z,2026-06-23T19:30:00Z,62291.76,yes
KXBTC15M-26JUN231545-45,2026-06-23T19:30:00Z,2026-06-23T19:45:00Z,62359.51,no
KXBTC15M-26JUN231600-00,2026-06-23T19:45:00Z,2026-06-23T20:00:00Z,62266.17,yes
KXBTC15M-26JUN231615-15,2026-06-23T20:00:00Z,2026-06-23T20:15:00Z,62330.49,yes
KXBTC15M-26JUN231630-30,2026-06-23T20:15:00Z,2026-06-23T20:30:00Z,62378.99,yes
KXBTC15M-26JUN231645-45,2026-06-23T20:30:00Z,2026-06-23T20:45:00Z,62421.87,no
KXBTC15M-26JUN231700-00,2026-06-23T20:45:00Z,2026-06-23T21:00:00Z,62407.44,no
KXBTC15M-26JUN231715-15,2026-06-23T21:00:00Z,2026-06-23T21:15:00Z,62382.15,yes
KXBTC15M-26JUN231730-30,2026-06-23T21:15:00Z,2026-06-23T21:30:00Z,62433.5,yes
KXBTC15M-26JUN231745-45,2026-06-23T21:30:00Z,2026-06-23T21:45:00Z,62486.85,yes
KXBTC15M-26JUN231800-00,2026-06-23T21:45:00Z,2026-06-23T22:00:00Z,62554.37,no
KXBTC15M-26JUN231815-15,2026-06-23T22:00:00Z,2026-06-23T22:15:00Z,62529.98,yes
KXBTC15M-26JUN231830-30,2026-06-23T22:15:00Z,2026-06-23T22:30:00Z,62687.34,no
KXBTC15M-26JUN231845-45,2026-06-23T22:30:00Z,2026-06-23T22:45:00Z,62544.35,no
KXBTC15M-26JUN231900-00,2026-06-23T22:45:00Z,2026-06-23T23:00:00Z,62489.35,yes
KXBTC15M-26JUN231915-15,2026-06-23T23:00:00Z,2026-06-23T23:15:00Z,62515.27,no
KXBTC15M-26JUN231930-30,2026-06-23T23:15:00Z,2026-06-23T23:30:00Z,62458.65,yes
KXBTC15M-26JUN231945-45,2026-06-23T23:30:00Z,2026-06-23T23:45:00Z,62592.86,no
KXBTC15M-26JUN232000-00,2026-06-23T23:45:00Z,2026-06-24T00:00:00Z,62541.62,yes
KXBTC15M-26JUN232015-15,2026-06-24T00:00:00Z,2026-06-24T00:15:00Z,62659.3,yes
KXBTC15M-26JUN232030-30,2026-06-24T00:15:00Z,2026-06-24T00:30:00Z,62768.24,no
KXBTC15M-26JUN232045-45,2026-06-24T00:30:00Z,2026-06-24T00:45:00Z,62765.14,yes
KXBTC15M-26JUN232100-00,2026-06-24T00:45:00Z,2026-06-24T01:00:00Z,62887.83,yes
KXBTC15M-26JUN232115-15,2026-06-24T01:00:00Z,2026-06-24T01:15:00Z,62924.51,no
KXBTC15M-26JUN232130-30,2026-06-24T01:15:00Z,2026-06-24T01:30:00Z,62909.54,no
KXBTC15M-26JUN232145-45,2026-06-24T01:30:00Z,2026-06-24T01:45:00Z,62831.24,yes
KXBTC15M-26JUN232200-00,2026-06-24T01:45:00Z,2026-06-24T02:00:00Z,62874.39,no
KXBTC15M-26JUN232215-15,2026-06-24T02:00:00Z,2026-06-24T02:15:00Z,62865.8,no
KXBTC15M-26JUN232230-30,2026-06-24T02:15:00Z,2026-06-24T02:30:00Z,62789.36,no
KXBTC15M-26JUN232245-45,2026-06-24T02:30:00Z,2026-06-24T02:45:00Z,62690.69,no
KXBTC15M-26JUN232300-00,2026-06-24T02:45:00Z,2026-06-24T03:00:00Z,62660.38,no
KXBTC15M-26JUN232315-15,2026-06-24T03:00:00Z,2026-06-24T03:15:00Z,62565.01,no
KXBTC15M-26JUN232330-30,2026-06-24T03:15:00Z,2026-06-24T03:30:00Z,62531.66,yes
KXBTC15M-26JUN232345-45,2026-06-24T03:30:00Z,2026-06-24T03:45:00Z,62589.43,yes
KXBTC15M-26JUN240000-00,2026-06-24T03:45:00Z,2026-06-24T04:00:00Z,62728.57,no
KXBTC15M-26JUN240015-15,2026-06-24T04:00:00Z,2026-06-24T04:15:00Z,62672.71,no
KXBTC15M-26JUN240030-30,2026-06-24T04:15:00Z,2026-06-24T04:30:00Z,62589.15,no
KXBTC15M-26JUN240045-45,2026-06-24T04:30:00Z,2026-06-24T04:45:00Z,62529.71,yes
KXBTC15M-26JUN240100-00,2026-06-24T04:45:00Z,2026-06-24T05:00:00Z,62586.58,yes
KXBTC15M-26JUN240115-15,2026-06-24T05:00:00Z,2026-06-24T05:15:00Z,62698.49,yes
KXBTC15M-26JUN240130-30,2026-06-24T05:15:00Z,2026-06-24T05:30:00Z,62704.01,yes
KXBTC15M-26JUN240145-45,2026-06-24T05:30:00Z,2026-06-24T05:45:00Z,62803.99,yes
KXBTC15M-26JUN240200-00,2026-06-24T05:45:00Z,2026-06-24T06:00:00Z,62869,no
KXBTC15M-26JUN240215-15,2026-06-24T06:00:00Z,2026-06-24T06:15:00Z,62812.56,no
KXBTC15M-26JUN240230-30,2026-06-24T06:15:00Z,2026-06-24T06:30:00Z,62754.29,yes
KXBTC15M-26JUN240245-45,2026-06-24T06:30:00Z,2026-06-24T06:45:00Z,62764.91,no
KXBTC15M-26JUN240300-00,2026-06-24T06:45:00Z,2026-06-24T07:00:00Z,62727.98,no
KXBTC15M-26JUN240315-15,2026-06-24T07:00:00Z,2026-06-24T07:15:00Z,62699.3,yes
KXBTC15M-26JUN240330-30,2026-06-24T07:15:00Z,2026-06-24T07:30:00Z,62746.84,no
KXBTC15M-26JUN240345-45,2026-06-24T07:30:00Z,2026-06-24T07:45:00Z,62613.25,no
KXBTC15M-26JUN240400-00,2026-06-24T07:45:00Z,2026-06-24T08:00:00Z,62610.54,no
KXBTC15M-26JUN240415-15,2026-06-24T08:00:00Z,2026-06-24T08:15:00Z,62567.78,yes
KXBTC15M-26JUN240430-30,2026-06-24T08:15:00Z,2026-06-24T08:30:00Z,62571.02,yes
KXBTC15M-26JUN240445-45,2026-06-24T08:30:00Z,2026-06-24T08:45:00Z,62615.79,yes
KXBTC15M-26JUN240500-00,2026-06-24T08:45:00Z,2026-06-24T09:00:00Z,62702.4,yes
KXBTC15M-26JUN240515-15,2026-06-24T09:00:00Z,2026-06-24T09:15:00Z,62718.36,no
KXBTC15M-26JUN240530-30,2026-06-24T09:15:00Z,2026-06-24T09:30:00Z,62696.16,no
KXBTC15M-26JUN240545-45,2026-06-24T09:30:00Z,2026-06-24T09:45:00Z,62617.03,no
KXBTC15M-26JUN240600-00,2026-06-24T09:45:00Z,2026-06-24T10:00:00Z,62592.99,yes
KXBTC15M-26JUN240615-15,2026-06-24T10:00:00Z,2026-06-24T10:15:00Z,62625.55,no
KXBTC15M-26JUN240630-30,2026-06-24T10:15:00Z,2026-06-24T10:30:00Z,62526.15,no
KXBTC15M-26JUN240645-45,2026-06-24T10:30:00Z,2026-06-24T10:45:00Z,62466.35,yes
KXBTC15M-26JUN240700-00,2026-06-24T10:45:00Z,2026-06-24T11:00:00Z,62529.19,no
KXBTC15M-26JUN240715-15,2026-06-24T11:00:00Z,2026-06-24T11:15:00Z,62368.35,no
KXBTC15M-26JUN240730-30,2026-06-24T11:15:00Z,2026-06-24T11:30:00Z,62293.84,yes
KXBTC15M-26JUN240745-45,2026-06-24T11:30:00Z,2026-06-24T11:45:00Z,62307.69,yes
KXBTC15M-26JUN240800-00,2026-06-24T11:45:00Z,2026-06-24T12:00:00Z,62644.15,yes
KXBTC15M-26JUN240815-15,2026-06-24T12:00:00Z,2026-06-24T12:15:00Z,62827.03,no
KXBTC15M-26JUN240830-30,2026-06-24T12:15:00Z,2026-06-24T12:30:00Z,62773.78,no
KXBTC15M-26JUN240845-45,2026-06-24T12:30:00Z,2026-06-24T12:45:00Z,62746.91,yes
KXBTC15M-26JUN240900-00,2026-06-24T12:45:00Z,2026-06-24T13:00:00Z,62777.78,no
KXBTC15M-26JUN240915-15,2026-06-24T13:00:00Z,2026-06-24T13:15:00Z,62541.01,no
KXBTC15M-26JUN240930-30,2026-06-24T13:15:00Z,2026-06-24T13:30:00Z,61954.83,no
KXBTC15M-26JUN240945-45,2026-06-24T13:30:00Z,2026-06-24T13:45:00Z,61775.26,no
KXBTC15M-26JUN241000-00,2026-06-24T13:45:00Z,2026-06-24T14:00:00Z,61413.17,no
KXBTC15M-26JUN241015-15,2026-06-24T14:00:00Z,2026-06-24T14:15:00Z,61246.42,no
KXBTC15M-26JUN241030-30,2026-06-24T14:15:00Z,2026-06-24T14:30:00Z,61082.02,yes
KXBTC15M-26JUN241045-45,2026-06-24T14:30:00Z,2026-06-24T14:45:00Z,61118.57,no
KXBTC15M-26JUN241100-00,2026-06-24T14:45:00Z,2026-06-24T15:00:00Z,61068.15,no
KXBTC15M-26JUN241115-15,2026-06-24T15:00:00Z,2026-06-24T15:15:00Z,61004.38,no
KXBTC15M-26JUN241130-30,2026-06-24T15:15:00Z,2026-06-24T15:30:00Z,60825.35,no
KXBTC15M-26JUN241145-45,2026-06-24T15:30:00Z,2026-06-24T15:45:00Z,60778.17,no
KXBTC15M-26JUN241200-00,2026-06-24T15:45:00Z,2026-06-24T16:00:00Z,60493.34,no
KXBTC15M-26JUN241215-15,2026-06-24T16:00:00Z,2026-06-24T16:15:00Z,60197.16,yes
KXBTC15M-26JUN241230-30,2026-06-24T16:15:00Z,2026-06-24T16:30:00Z,60461.37,yes
KXBTC15M-26JUN241245-45,2026-06-24T16:30:00Z,2026-06-24T16:45:00Z,60473.36,no
KXBTC15M-26JUN241300-00,2026-06-24T16:45:00Z,2026-06-24T17:00:00Z,60163.36,no
KXBTC15M-26JUN241315-15,2026-06-24T17:00:00Z,2026-06-24T17:15:00Z,59791.09,no
KXBTC15M-26JUN241330-30,2026-06-24T17:15:00Z,2026-06-24T17:30:00Z,59737.16,no
KXBTC15M-26JUN241345-45,2026-06-24T17:30:00Z,2026-06-24T17:45:00Z,59636.52,no
KXBTC15M-26JUN241400-00,2026-06-24T17:45:00Z,2026-06-24T18:00:00Z,59262.96,yes
KXBTC15M-26JUN241415-15,2026-06-24T18:00:00Z,2026-06-24T18:15:00Z,59326.77,yes
KXBTC15M-26JUN241430-30,2026-06-24T18:15:00Z,2026-06-24T18:30:00Z,59471.95,yes
KXBTC15M-26JUN241445-45,2026-06-24T18:30:00Z,2026-06-24T18:45:00Z,59672.03,no
KXBTC15M-26JUN241500-00,2026-06-24T18:45:00Z,2026-06-24T19:00:00Z,59461.07,yes
KXBTC15M-26JUN241515-15,2026-06-24T19:00:00Z,2026-06-24T19:15:00Z,59503.62,yes
KXBTC15M-26JUN241530-30,2026-06-24T19:15:00Z,2026-06-24T19:30:00Z,59589.04,yes
KXBTC15M-26JUN241545-45,2026-06-24T19:30:00Z,2026-06-24T19:45:00Z,59734.47,no
KXBTC15M-26JUN241600-00,2026-06-24T19:45:00Z,2026-06-24T20:00:00Z,59695.86,yes
KXBTC15M-26JUN241615-15,2026-06-24T20:00:00Z,2026-06-24T20:15:00Z,59860.18,yes
KXBTC15M-26JUN241630-30,2026-06-24T20:15:00Z,2026-06-24T20:30:00Z,60619.55,yes
KXBTC15M-26JUN241645-45,2026-06-24T20:30:00Z,2026-06-24T20:45:00Z,60693.01,yes
KXBTC15M-26JUN241700-00,2026-06-24T20:45:00Z,2026-06-24T21:00:00Z,60819.39,yes
KXBTC15M-26JUN241715-15,2026-06-24T21:00:00Z,2026-06-24T21:15:00Z,60887.46,no
KXBTC15M-26JUN241730-30,2026-06-24T21:15:00Z,2026-06-24T21:30:00Z,60658.64,yes
KXBTC15M-26JUN241745-45,2026-06-24T21:30:00Z,2026-06-24T21:45:00Z,60766.74,yes
KXBTC15M-26JUN241800-00,2026-06-24T21:45:00Z,2026-06-24T22:00:00Z,61012.29,yes
KXBTC15M-26JUN241815-15,2026-06-24T22:00:00Z,2026-06-24T22:15:00Z,61021.22,no
KXBTC15M-26JUN241830-30,2026-06-24T22:15:00Z,2026-06-24T22:30:00Z,60942.68,no
KXBTC15M-26JUN241845-45,2026-06-24T22:30:00Z,2026-06-24T22:45:00Z,60798.09,yes
KXBTC15M-26JUN241900-00,2026-06-24T22:45:00Z,2026-06-24T23:00:00Z,60809.33,no
KXBTC15M-26JUN241915-15,2026-06-24T23:00:00Z,2026-06-24T23:15:00Z,60783.55,yes
KXBTC15M-26JUN241930-30,2026-06-24T23:15:00Z,2026-06-24T23:30:00Z,60792.98,yes
KXBTC15M-26JUN241945-45,2026-06-24T23:30:00Z,2026-06-24T23:45:00Z,60882,yes
KXBTC15M-26JUN242000-00,2026-06-24T23:45:00Z,2026-06-25T00:00:00Z,60915.89,yes
KXBTC15M-26JUN242015-15,2026-06-25T00:00:00Z,2026-06-25T00:15:00Z,60984.9,yes
KXBTC15M-26JUN242030-30,2026-06-25T00:15:00Z,2026-06-25T00:30:00Z,60987.33,no
KXBTC15M-26JUN242045-45,2026-06-25T00:30:00Z,2026-06-25T00:45:00Z,60846.73,no
KXBTC15M-26JUN242100-00,2026-06-25T00:45:00Z,2026-06-25T01:00:00Z,60765.7,no
KXBTC15M-26JUN242115-15,2026-06-25T01:00:00Z,2026-06-25T01:15:00Z,60670.05,yes
KXBTC15M-26JUN242130-30,2026-06-25T01:15:00Z,2026-06-25T01:30:00Z,60684.7,yes
KXBTC15M-26JUN242145-45,2026-06-25T01:30:00Z,2026-06-25T01:45:00Z,60773.73,no
KXBTC15M-26JUN242200-00,2026-06-25T01:45:00Z,2026-06-25T02:00:00Z,60736.25,yes
KXBTC15M-26JUN242215-15,2026-06-25T02:00:00Z,2026-06-25T02:15:00Z,60813.88,no
KXBTC15M-26JUN242230-30,2026-06-25T02:15:00Z,2026-06-25T02:30:00Z,60681.66,yes
KXBTC15M-26JUN242245-45,2026-06-25T02:30:00Z,2026-06-25T02:45:00Z,60846.26,no
KXBTC15M-26JUN242300-00,2026-06-25T02:45:00Z,2026-06-25T03:00:00Z,60686.03,yes
KXBTC15M-26JUN242315-15,2026-06-25T03:00:00Z,2026-06-25T03:15:00Z,60704.86,no
KXBTC15M-26JUN242330-30,2026-06-25T03:15:00Z,2026-06-25T03:30:00Z,60666.76,yes
KXBTC15M-26JUN242345-45,2026-06-25T03:30:00Z,2026-06-25T03:45:00Z,60721.39,no
KXBTC15M-26JUN250000-00,2026-06-25T03:45:00Z,2026-06-25T04:00:00Z,60677.3,yes
KXBTC15M-26JUN250015-15,2026-06-25T04:00:00Z,2026-06-25T04:15:00Z,60795.94,no
KXBTC15M-26JUN250030-30,2026-06-25T04:15:00Z,2026-06-25T04:30:00Z,60738.47,yes
KXBTC15M-26JUN250045-45,2026-06-25T04:30:00Z,2026-06-25T04:45:00Z,60807.92,yes
KXBTC15M-26JUN250100-00,2026-06-25T04:45:00Z,2026-06-25T05:00:00Z,60860.62,yes
KXBTC15M-26JUN250115-15,2026-06-25T05:00:00Z,2026-06-25T05:15:00Z,61267.49,yes
KXBTC15M-26JUN250130-30,2026-06-25T05:15:00Z,2026-06-25T05:30:00Z,61541.57,no
KXBTC15M-26JUN250145-45,2026-06-25T05:30:00Z,2026-06-25T05:45:00Z,61531.32,no
KXBTC15M-26JUN250200-00,2026-06-25T05:45:00Z,2026-06-25T06:00:00Z,61476.43,yes
KXBTC15M-26JUN250215-15,2026-06-25T06:00:00Z,2026-06-25T06:15:00Z,61523.83,yes
KXBTC15M-26JUN250230-30,2026-06-25T06:15:00Z,2026-06-25T06:30:00Z,61651.98,no
KXBTC15M-26JUN250245-45,2026-06-25T06:30:00Z,2026-06-25T06:45:00Z,61582.63,yes
KXBTC15M-26JUN250515-15,2026-06-25T09:00:00Z,2026-06-25T09:15:00Z,61609.26,yes
KXBTC15M-26JUN250530-30,2026-06-25T09:15:00Z,2026-06-25T09:30:00Z,61668.87,no
KXBTC15M-26JUN250545-45,2026-06-25T09:30:00Z,2026-06-25T09:45:00Z,61614.9,yes
KXBTC15M-26JUN250600-00,2026-06-25T09:45:00Z,2026-06-25T10:00:00Z,61664.78,no
KXBTC15M-26JUN250615-15,2026-06-25T10:00:00Z,2026-06-25T10:15:00Z,61655.36,no
KXBTC15M-26JUN250630-30,2026-06-25T10:15:00Z,2026-06-25T10:30:00Z,61596.62,no
KXBTC15M-26JUN250645-45,2026-06-25T10:30:00Z,2026-06-25T10:45:00Z,61495.88,no
KXBTC15M-26JUN250700-00,2026-06-25T10:45:00Z,2026-06-25T11:00:00Z,61346.87,no
KXBTC15M-26JUN250715-15,2026-06-25T11:00:00Z,2026-06-25T11:15:00Z,61193.14,no
KXBTC15M-26JUN250730-30,2026-06-25T11:15:00Z,2026-06-25T11:30:00Z,61183.41,no
KXBTC15M-26JUN250745-45,2026-06-25T11:30:00Z,2026-06-25T11:45:00Z,61166.79,yes
KXBTC15M-26JUN250800-00,2026-06-25T11:45:00Z,2026-06-25T12:00:00Z,61246.1,no
KXBTC15M-26JUN250815-15,2026-06-25T12:00:00Z,2026-06-25T12:15:00Z,61193.35,no
KXBTC15M-26JUN250830-30,2026-06-25T12:15:00Z,2026-06-25T12:30:00Z,61115.69,no
KXBTC15M-26JUN250845-45,2026-06-25T12:30:00Z,2026-06-25T12:45:00Z,61017.13,yes
KXBTC15M-26JUN250900-00,2026-06-25T12:45:00Z,2026-06-25T13:00:00Z,61273.05,no
KXBTC15M-26JUN250915-15,2026-06-25T13:00:00Z,2026-06-25T13:15:00Z,61141.36,yes
KXBTC15M-26JUN250930-30,2026-06-25T13:15:00Z,2026-06-25T13:30:00Z,61225,no
KXBTC15M-26JUN250945-45,2026-06-25T13:30:00Z,2026-06-25T13:45:00Z,61155.33,no
KXBTC15M-26JUN251000-00,2026-06-25T13:45:00Z,2026-06-25T14:00:00Z,60091.51,no
KXBTC15M-26JUN251015-15,2026-06-25T14:00:00Z,2026-06-25T14:15:00Z,58132.28,yes
KXBTC15M-26JUN251030-30,2026-06-25T14:15:00Z,2026-06-25T14:30:00Z,59269.35,no
KXBTC15M-26JUN251045-45,2026-06-25T14:30:00Z,2026-06-25T14:45:00Z,59265.23,yes
KXBTC15M-26JUN251100-00,2026-06-25T14:45:00Z,2026-06-25T15:00:00Z,59389.23,yes
KXBTC15M-26JUN251115-15,2026-06-25T15:00:00Z,2026-06-25T15:15:00Z,59424.4,no
KXBTC15M-26JUN251130-30,2026-06-25T15:15:00Z,2026-06-25T15:30:00Z,58983.86,yes
KXBTC15M-26JUN251145-45,2026-06-25T15:30:00Z,2026-06-25T15:45:00Z,59170.6,no
KXBTC15M-26JUN251200-00,2026-06-25T15:45:00Z,2026-06-25T16:00:00Z,59072.23,yes
KXBTC15M-26JUN251215-15,2026-06-25T16:00:00Z,2026-06-25T16:15:00Z,59506.77,yes
KXBTC15M-26JUN251230-30,2026-06-25T16:15:00Z,2026-06-25T16:30:00Z,59669.82,no
KXBTC15M-26JUN251245-45,2026-06-25T16:30:00Z,2026-06-25T16:45:00Z,59657.02,no
KXBTC15M-26JUN251300-00,2026-06-25T16:45:00Z,2026-06-25T17:00:00Z,59169.18,yes
KXBTC15M-26JUN251315-15,2026-06-25T17:00:00Z,2026-06-25T17:15:00Z,59227.92,yes
KXBTC15M-26JUN251330-30,2026-06-25T17:15:00Z,2026-06-25T17:30:00Z,59311.13,yes
KXBTC15M-26JUN251345-45,2026-06-25T17:30:00Z,2026-06-25T17:45:00Z,59473.99,yes
KXBTC15M-26JUN251400-00,2026-06-25T17:45:00Z,2026-06-25T18:00:00Z,59483.04,yes
KXBTC15M-26JUN251415-15,2026-06-25T18:00:00Z,2026-06-25T18:15:00Z,59564.31,no
KXBTC15M-26JUN251430-30,2026-06-25T18:15:00Z,2026-06-25T18:30:00Z,59330.66,yes
KXBTC15M-26JUN251445-45,2026-06-25T18:30:00Z,2026-06-25T18:45:00Z,59615.82,no
KXBTC15M-26JUN251500-00,2026-06-25T18:45:00Z,2026-06-25T19:00:00Z,59347.47,yes
KXBTC15M-26JUN251515-15,2026-06-25T19:00:00Z,2026-06-25T19:15:00Z,59411.61,no
KXBTC15M-26JUN251530-30,2026-06-25T19:15:00Z,2026-06-25T19:30:00Z,59160.22,yes
KXBTC15M-26JUN251545-45,2026-06-25T19:30:00Z,2026-06-25T19:45:00Z,59226.29,no
KXBTC15M-26JUN251600-00,2026-06-25T19:45:00Z,2026-06-25T20:00:00Z,59216.91,no
KXBTC15M-26JUN251615-15,2026-06-25T20:00:00Z,2026-06-25T20:15:00Z,59207.8,yes
KXBTC15M-26JUN251630-30,2026-06-25T20:15:00Z,2026-06-25T20:30:00Z,59467.57,yes
KXBTC15M-26JUN251645-45,2026-06-25T20:30:00Z,2026-06-25T20:45:00Z,59549.07,no
KXBTC15M-26JUN251700-00,2026-06-25T20:45:00Z,2026-06-25T21:00:00Z,59424.39,no
KXBTC15M-26JUN251715-15,2026-06-25T21:00:00Z,2026-06-25T21:15:00Z,59339.36,yes
KXBTC15M-26JUN251730-30,2026-06-25T21:15:00Z,2026-06-25T21:30:00Z,59514.17,yes
KXBTC15M-26JUN251745-45,2026-06-25T21:30:00Z,2026-06-25T21:45:00Z,59611.37,yes
KXBTC15M-26JUN251800-00,2026-06-25T21:45:00Z,2026-06-25T22:00:00Z,59851.97,yes
KXBTC15M-26JUN251815-15,2026-06-25T22:00:00Z,2026-06-25T22:15:00Z,60117.15,no
KXBTC15M-26JUN251830-30,2026-06-25T22:15:00Z,2026-06-25T22:30:00Z,59825.08,no
KXBTC15M-26JUN251845-45,2026-06-25T22:30:00Z,2026-06-25T22:45:00Z,59714.88,no
KXBTC15M-26JUN251900-00,2026-06-25T22:45:00Z,2026-06-25T23:00:00Z,59707.17,yes
KXBTC15M-26JUN251915-15,2026-06-25T23:00:00Z,2026-06-25T23:15:00Z,59788.44,yes
KXBTC15M-26JUN251930-30,2026-06-25T23:15:00Z,2026-06-25T23:30:00Z,59845.4,yes
KXBTC15M-26JUN251945-45,2026-06-25T23:30:00Z,2026-06-25T23:45:00Z,60034.49,no
KXBTC15M-26JUN252000-00,2026-06-25T23:45:00Z,2026-06-26T00:00:00Z,59892.07,no
KXBTC15M-26JUN252015-15,2026-06-26T00:00:00Z,2026-06-26T00:15:00Z,59710.75,yes
KXBTC15M-26JUN252030-30,2026-06-26T00:15:00Z,2026-06-26T00:30:00Z,59799.11,no
KXBTC15M-26JUN252045-45,2026-06-26T00:30:00Z,2026-06-26T00:45:00Z,59665.24,yes
KXBTC15M-26JUN252100-00,2026-06-26T00:45:00Z,2026-06-26T01:00:00Z,59708.67,no
KXBTC15M-26JUN252115-15,2026-06-26T01:00:00Z,2026-06-26T01:15:00Z,59589.88,no
KXBTC15M-26JUN252130-30,2026-06-26T01:15:00Z,2026-06-26T01:30:00Z,59504.44,no
KXBTC15M-26JUN252145-45,2026-06-26T01:30:00Z,2026-06-26T01:45:00Z,59250.44,no
KXBTC15M-26JUN252200-00,2026-06-26T01:45:00Z,2026-06-26T02:00:00Z,59231.41,yes
KXBTC15M-26JUN252215-15,2026-06-26T02:00:00Z,2026-06-26T02:15:00Z,59307.6,no
KXBTC15M-26JUN252230-30,2026-06-26T02:15:00Z,2026-06-26T02:30:00Z,58643.83,yes
KXBTC15M-26JUN252245-45,2026-06-26T02:30:00Z,2026-06-26T02:45:00Z,58783.41,no
KXBTC15M-26JUN252300-00,2026-06-26T02:45:00Z,2026-06-26T03:00:00Z,58740.32,no
KXBTC15M-26JUN252315-15,2026-06-26T03:00:00Z,2026-06-26T03:15:00Z,58496.97,yes
KXBTC15M-26JUN252330-30,2026-06-26T03:15:00Z,2026-06-26T03:30:00Z,58805.09,yes
KXBTC15M-26JUN252345-45,2026-06-26T03:30:00Z,2026-06-26T03:45:00Z,59009.57,yes
KXBTC15M-26JUN260000-00,2026-06-26T03:45:00Z,2026-06-26T04:00:00Z,59388.16,yes
KXBTC15M-26JUN260015-15,2026-06-26T04:00:00Z,2026-06-26T04:15:00Z,59890.15,no
KXBTC15M-26JUN260030-30,2026-06-26T04:15:00Z,2026-06-26T04:30:00Z,59828.41,yes
KXBTC15M-26JUN260045-45,2026-06-26T04:30:00Z,2026-06-26T04:45:00Z,59894.37,no
KXBTC15M-26JUN260100-00,2026-06-26T04:45:00Z,2026-06-26T05:00:00Z,59866.57,no
KXBTC15M-26JUN260115-15,2026-06-26T05:00:00Z,2026-06-26T05:15:00Z,59825.61,yes
KXBTC15M-26JUN260130-30,2026-06-26T05:15:00Z,2026-06-26T05:30:00Z,59873.25,yes
KXBTC15M-26JUN260145-45,2026-06-26T05:30:00Z,2026-06-26T05:45:00Z,59885.51,no
KXBTC15M-26JUN260200-00,2026-06-26T05:45:00Z,2026-06-26T06:00:00Z,59811.04,yes
KXBTC15M-26JUN260215-15,2026-06-26T06:00:00Z,2026-06-26T06:15:00Z,59865.7,no
KXBTC15M-26JUN260230-30,2026-06-26T06:15:00Z,2026-06-26T06:30:00Z,59652.65,yes
KXBTC15M-26JUN260245-45,2026-06-26T06:30:00Z,2026-06-26T06:45:00Z,59917.86,yes
KXBTC15M-26JUN260300-00,2026-06-26T06:45:00Z,2026-06-26T07:00:00Z,60294.67,no
KXBTC15M-26JUN260315-15,2026-06-26T07:00:00Z,2026-06-26T07:15:00Z,60242.62,yes
KXBTC15M-26JUN260330-30,2026-06-26T07:15:00Z,2026-06-26T07:30:00Z,60402.58,yes
KXBTC15M-26JUN260345-45,2026-06-26T07:30:00Z,2026-06-26T07:45:00Z,60515.74,yes
KXBTC15M-26JUN260400-00,2026-06-26T07:45:00Z,2026-06-26T08:00:00Z,60575.09,no
KXBTC15M-26JUN260415-15,2026-06-26T08:00:00Z,2026-06-26T08:15:00Z,60470.94,no
KXBTC15M-26JUN260430-30,2026-06-26T08:15:00Z,2026-06-26T08:30:00Z,60169.42,yes
KXBTC15M-26JUN260445-45,2026-06-26T08:30:00Z,2026-06-26T08:45:00Z,60214.77,no
KXBTC15M-26JUN260500-00,2026-06-26T08:45:00Z,2026-06-26T09:00:00Z,60121.15,yes
KXBTC15M-26JUN260515-15,2026-06-26T09:00:00Z,2026-06-26T09:15:00Z,60143.41,no
KXBTC15M-26JUN260530-30,2026-06-26T09:15:00Z,2026-06-26T09:30:00Z,60075.5,no
KXBTC15M-26JUN260545-45,2026-06-26T09:30:00Z,2026-06-26T09:45:00Z,60043.49,no
KXBTC15M-26JUN260600-00,2026-06-26T09:45:00Z,2026-06-26T10:00:00Z,59901.95,no
KXBTC15M-26JUN260615-15,2026-06-26T10:00:00Z,2026-06-26T10:15:00Z,59641.59,yes
KXBTC15M-26JUN260630-30,2026-06-26T10:15:00Z,2026-06-26T10:30:00Z,59689.78,no
KXBTC15M-26JUN260645-45,2026-06-26T10:30:00Z,2026-06-26T10:45:00Z,59659.95,no
KXBTC15M-26JUN260700-00,2026-06-26T10:45:00Z,2026-06-26T11:00:00Z,59464.72,no
KXBTC15M-26JUN260715-15,2026-06-26T11:00:00Z,2026-06-26T11:15:00Z,59213.17,yes
KXBTC15M-26JUN260730-30,2026-06-26T11:15:00Z,2026-06-26T11:30:00Z,59397.52,no
KXBTC15M-26JUN260745-45,2026-06-26T11:30:00Z,2026-06-26T11:45:00Z,59328.73,yes
KXBTC15M-26JUN260800-00,2026-06-26T11:45:00Z,2026-06-26T12:00:00Z,59342.78,no
KXBTC15M-26JUN260815-15,2026-06-26T12:00:00Z,2026-06-26T12:15:00Z,59325.86,yes
KXBTC15M-26JUN260830-30,2026-06-26T12:15:00Z,2026-06-26T12:30:00Z,59386.64,yes
KXBTC15M-26JUN260845-45,2026-06-26T12:30:00Z,2026-06-26T12:45:00Z,59592.28,no
KXBTC15M-26JUN260900-00,2026-06-26T12:45:00Z,2026-06-26T13:00:00Z,59052.74,yes
KXBTC15M-26JUN260915-15,2026-06-26T13:00:00Z,2026-06-26T13:15:00Z,59136.86,no
KXBTC15M-26JUN260930-30,2026-06-26T13:15:00Z,2026-06-26T13:30:00Z,59044.92,no
KXBTC15M-26JUN260945-45,2026-06-26T13:30:00Z,2026-06-26T13:45:00Z,58792.09,yes
KXBTC15M-26JUN261000-00,2026-06-26T13:45:00Z,2026-06-26T14:00:00Z,59376.57,yes
KXBTC15M-26JUN261015-15,2026-06-26T14:00:00Z,2026-06-26T14:15:00Z,60081.2,no
KXBTC15M-26JUN261030-30,2026-06-26T14:15:00Z,2026-06-26T14:30:00Z,59917.33,yes
KXBTC15M-26JUN261045-45,2026-06-26T14:30:00Z,2026-06-26T14:45:00Z,60056.77,no
KXBTC15M-26JUN261100-00,2026-06-26T14:45:00Z,2026-06-26T15:00:00Z,59521.39,yes
KXBTC15M-26JUN261115-15,2026-06-26T15:00:00Z,2026-06-26T15:15:00Z,59556.47,yes
KXBTC15M-26JUN261130-30,2026-06-26T15:15:00Z,2026-06-26T15:30:00Z,59747.5,yes
KXBTC15M-26JUN261145-45,2026-06-26T15:30:00Z,2026-06-26T15:45:00Z,60103.61,yes
KXBTC15M-26JUN261200-00,2026-06-26T15:45:00Z,2026-06-26T16:00:00Z,60363.07,no
KXBTC15M-26JUN261215-15,2026-06-26T16:00:00Z,2026-06-26T16:15:00Z,60231.85,no
KXBTC15M-26JUN261230-30,2026-06-26T16:15:00Z,2026-06-26T16:30:00Z,60089.71,no
KXBTC15M-26JUN261245-45,2026-06-26T16:30:00Z,2026-06-26T16:45:00Z,59974.51,yes
KXBTC15M-26JUN261300-00,2026-06-26T16:45:00Z,2026-06-26T17:00:00Z,60036.83,no
KXBTC15M-26JUN261315-15,2026-06-26T17:00:00Z,2026-06-26T17:15:00Z,59968.02,yes
KXBTC15M-26JUN261330-30,2026-06-26T17:15:00Z,2026-06-26T17:30:00Z,60118.52,no
KXBTC15M-26JUN261345-45,2026-06-26T17:30:00Z,2026-06-26T17:45:00Z,60102.69,no
KXBTC15M-26JUN261400-00,2026-06-26T17:45:00Z,2026-06-26T18:00:00Z,59992.12,no
KXBTC15M-26JUN261415-15,2026-06-26T18:00:00Z,2026-06-26T18:15:00Z,59959.65,yes
KXBTC15M-26JUN261430-30,2026-06-26T18:15:00Z,2026-06-26T18:30:00Z,60005.08,no
KXBTC15M-26JUN261445-45,2026-06-26T18:30:00Z,2026-06-26T18:45:00Z,59766.84,no
KXBTC15M-26JUN261500-00,2026-06-26T18:45:00Z,2026-06-26T19:00:00Z,59685.82,no
KXBTC15M-26JUN261515-15,2026-06-26T19:00:00Z,2026-06-26T19:15:00Z,59558.25,yes
KXBTC15M-26JUN261530-30,2026-06-26T19:15:00Z,2026-06-26T19:30:00Z,59948.38,no
KXBTC15M-26JUN261545-45,2026-06-26T19:30:00Z,2026-06-26T19:45:00Z,59838.46,no
KXBTC15M-26JUN261600-00,2026-06-26T19:45:00Z,2026-06-26T20:00:00Z,59819.87,no
KXBTC15M-26JUN261615-15,2026-06-26T20:00:00Z,2026-06-26T20:15:00Z,59775.05,no
KXBTC15M-26JUN261630-30,2026-06-26T20:15:00Z,2026-06-26T20:30:00Z,59627.9,yes
KXBTC15M-26JUN261645-45,2026-06-26T20:30:00Z,2026-06-26T20:45:00Z,59685.81,no
KXBTC15M-26JUN261700-00,2026-06-26T20:45:00Z,2026-06-26T21:00:00Z,59565.2,yes
KXBTC15M-26JUN261715-15,2026-06-26T21:00:00Z,2026-06-26T21:15:00Z,59640.25,yes
KXBTC15M-26JUN261730-30,2026-06-26T21:15:00Z,2026-06-26T21:30:00Z,59663.78,yes
KXBTC15M-26JUN261745-45,2026-06-26T21:30:00Z,2026-06-26T21:45:00Z,59768.63,yes
KXBTC15M-26JUN261800-00,2026-06-26T21:45:00Z,2026-06-26T22:00:00Z,59946.07,no
KXBTC15M-26JUN261815-15,2026-06-26T22:00:00Z,2026-06-26T22:15:00Z,59852.42,no
KXBTC15M-26JUN261830-30,2026-06-26T22:15:00Z,2026-06-26T22:30:00Z,59826.23,no
KXBTC15M-26JUN261845-45,2026-06-26T22:30:00Z,2026-06-26T22:45:00Z,59821.32,yes
KXBTC15M-26JUN261900-00,2026-06-26T22:45:00Z,2026-06-26T23:00:00Z,59888.72,yes
KXBTC15M-26JUN261915-15,2026-06-26T23:00:00Z,2026-06-26T23:15:00Z,59972.37,yes
KXBTC15M-26JUN261930-30,2026-06-26T23:15:00Z,2026-06-26T23:30:00Z,59990.31,no
KXBTC15M-26JUN261945-45,2026-06-26T23:30:00Z,2026-06-26T23:45:00Z,59914.46,yes
KXBTC15M-26JUN262000-00,2026-06-26T23:45:00Z,2026-06-27T00:00:00Z,59997.63,yes
KXBTC15M-26JUN262015-15,2026-06-27T00:00:00Z,2026-06-27T00:15:00Z,60026.99,yes
KXBTC15M-26JUN262030-30,2026-06-27T00:15:00Z,2026-06-27T00:30:00Z,60048.12,no
KXBTC15M-26JUN262045-45,2026-06-27T00:30:00Z,2026-06-27T00:45:00Z,59964.67,no
KXBTC15M-26JUN262100-00,2026-06-27T00:45:00Z,2026-06-27T01:00:00Z,59874.81,yes
KXBTC15M-26JUN262115-15,2026-06-27T01:00:00Z,2026-06-27T01:15:00Z,59969.91,no
KXBTC15M-26JUN262130-30,2026-06-27T01:15:00Z,2026-06-27T01:30:00Z,59895.97,yes
KXBTC15M-26JUN262145-45,2026-06-27T01:30:00Z,2026-06-27T01:45:00Z,59899.33,no
KXBTC15M-26JUN262200-00,2026-06-27T01:45:00Z,2026-06-27T02:00:00Z,59898.91,no
KXBTC15M-26JUN262215-15,2026-06-27T02:00:00Z,2026-06-27T02:15:00Z,59874.49,yes
KXBTC15M-26JUN262230-30,2026-06-27T02:15:00Z,2026-06-27T02:30:00Z,60017.48,yes
KXBTC15M-26JUN262245-45,2026-06-27T02:30:00Z,2026-06-27T02:45:00Z,60224.47,no
KXBTC15M-26JUN262300-00,2026-06-27T02:45:00Z,2026-06-27T03:00:00Z,60203.69,yes
KXBTC15M-26JUN262315-15,2026-06-27T03:00:00Z,2026-06-27T03:15:00Z,60216,no
KXBTC15M-26JUN262330-30,2026-06-27T03:15:00Z,2026-06-27T03:30:00Z,60082.7,yes
KXBTC15M-26JUN262345-45,2026-06-27T03:30:00Z,2026-06-27T03:45:00Z,60221.83,yes
KXBTC15M-26JUN270000-00,2026-06-27T03:45:00Z,2026-06-27T04:00:00Z,60228.96,no
KXBTC15M-26JUN270015-15,2026-06-27T04:00:00Z,2026-06-27T04:15:00Z,60210.96,yes
KXBTC15M-26JUN270030-30,2026-06-27T04:15:00Z,2026-06-27T04:30:00Z,60324.99,no
KXBTC15M-26JUN270045-45,2026-06-27T04:30:00Z,2026-06-27T04:45:00Z,60309.79,no
KXBTC15M-26JUN270100-00,2026-06-27T04:45:00Z,2026-06-27T05:00:00Z,60286.52,no
KXBTC15M-26JUN270115-15,2026-06-27T05:00:00Z,2026-06-27T05:15:00Z,60140.9,yes
KXBTC15M-26JUN270130-30,2026-06-27T05:15:00Z,2026-06-27T05:30:00Z,60218.57,no
KXBTC15M-26JUN270145-45,2026-06-27T05:30:00Z,2026-06-27T05:45:00Z,60085.04,yes
KXBTC15M-26JUN270200-00,2026-06-27T05:45:00Z,2026-06-27T06:00:00Z,60129.24,yes
KXBTC15M-26JUN270215-15,2026-06-27T06:00:00Z,2026-06-27T06:15:00Z,60170.71,no
KXBTC15M-26JUN270230-30,2026-06-27T06:15:00Z,2026-06-27T06:30:00Z,60055.58,yes
KXBTC15M-26JUN270245-45,2026-06-27T06:30:00Z,2026-06-27T06:45:00Z,60141.83,yes
KXBTC15M-26JUN270300-00,2026-06-27T06:45:00Z,2026-06-27T07:00:00Z,60321.91,no
KXBTC15M-26JUN270315-15,2026-06-27T07:00:00Z,2026-06-27T07:15:00Z,60282.2,no
KXBTC15M-26JUN270330-30,2026-06-27T07:15:00Z,2026-06-27T07:30:00Z,60230.19,yes
KXBTC15M-26JUN270345-45,2026-06-27T07:30:00Z,2026-06-27T07:45:00Z,60338.98,yes
KXBTC15M-26JUN270400-00,2026-06-27T07:45:00Z,2026-06-27T08:00:00Z,60369.72,yes
KXBTC15M-26JUN270415-15,2026-06-27T08:00:00Z,2026-06-27T08:15:00Z,60453.96,no
KXBTC15M-26JUN270430-30,2026-06-27T08:15:00Z,2026-06-27T08:30:00Z,60389.98,no
KXBTC15M-26JUN270445-45,2026-06-27T08:30:00Z,2026-06-27T08:45:00Z,60363,no
KXBTC15M-26JUN270500-00,2026-06-27T08:45:00Z,2026-06-27T09:00:00Z,60289.29,yes
KXBTC15M-26JUN270515-15,2026-06-27T09:00:00Z,2026-06-27T09:15:00Z,60371.69,no
KXBTC15M-26JUN270530-30,2026-06-27T09:15:00Z,2026-06-27T09:30:00Z,60276.73,yes
KXBTC15M-26JUN270545-45,2026-06-27T09:30:00Z,2026-06-27T09:45:00Z,60279.06,yes
KXBTC15M-26JUN270600-00,2026-06-27T09:45:00Z,2026-06-27T10:00:00Z,60319.33,yes
KXBTC15M-26JUN270615-15,2026-06-27T10:00:00Z,2026-06-27T10:15:00Z,60341.7,yes
KXBTC15M-26JUN270630-30,2026-06-27T10:15:00Z,2026-06-27T10:30:00Z,60375.52,no
KXBTC15M-26JUN270645-45,2026-06-27T10:30:00Z,2026-06-27T10:45:00Z,60369.89,no
KXBTC15M-26JUN270700-00,2026-06-27T10:45:00Z,2026-06-27T11:00:00Z,60333.07,no
KXBTC15M-26JUN270715-15,2026-06-27T11:00:00Z,2026-06-27T11:15:00Z,60325.45,no
KXBTC15M-26JUN270730-30,2026-06-27T11:15:00Z,2026-06-27T11:30:00Z,60311.12,no
KXBTC15M-26JUN270745-45,2026-06-27T11:30:00Z,2026-06-27T11:45:00Z,60174.37,yes
KXBTC15M-26JUN270800-00,2026-06-27T11:45:00Z,2026-06-27T12:00:00Z,60176.38,yes
KXBTC15M-26JUN270815-15,2026-06-27T12:00:00Z,2026-06-27T12:15:00Z,60273.81,no
KXBTC15M-26JUN270830-30,2026-06-27T12:15:00Z,2026-06-27T12:30:00Z,60197.67,yes
KXBTC15M-26JUN270845-45,2026-06-27T12:30:00Z,2026-06-27T12:45:00Z,60236.18,yes
KXBTC15M-26JUN270900-00,2026-06-27T12:45:00Z,2026-06-27T13:00:00Z,60242.25,yes
KXBTC15M-26JUN270915-15,2026-06-27T13:00:00Z,2026-06-27T13:15:00Z,60321.14,yes
KXBTC15M-26JUN270930-30,2026-06-27T13:15:00Z,2026-06-27T13:30:00Z,60330.38,yes
KXBTC15M-26JUN270945-45,2026-06-27T13:30:00Z,2026-06-27T13:45:00Z,60370.59,yes
KXBTC15M-26JUN271000-00,2026-06-27T13:45:00Z,2026-06-27T14:00:00Z,60501.98,no
KXBTC15M-26JUN271015-15,2026-06-27T14:00:00Z,2026-06-27T14:15:00Z,60486.59,yes
KXBTC15M-26JUN271030-30,2026-06-27T14:15:00Z,2026-06-27T14:30:00Z,60598.46,no
KXBTC15M-26JUN271045-45,2026-06-27T14:30:00Z,2026-06-27T14:45:00Z,60520.4,yes
KXBTC15M-26JUN271100-00,2026-06-27T14:45:00Z,2026-06-27T15:00:00Z,60547.76,no
KXBTC15M-26JUN271115-15,2026-06-27T15:00:00Z,2026-06-27T15:15:00Z,60519.72,yes
KXBTC15M-26JUN271130-30,2026-06-27T15:15:00Z,2026-06-27T15:30:00Z,60778.74,no
KXBTC15M-26JUN271145-45,2026-06-27T15:30:00Z,2026-06-27T15:45:00Z,60720.2,no
KXBTC15M-26JUN271200-00,2026-06-27T15:45:00Z,2026-06-27T16:00:00Z,60701.28,yes
KXBTC15M-26JUN271215-15,2026-06-27T16:00:00Z,2026-06-27T16:15:00Z,60733.64,no
KXBTC15M-26JUN271230-30,2026-06-27T16:15:00Z,2026-06-27T16:30:00Z,60668.19,no
KXBTC15M-26JUN271245-45,2026-06-27T16:30:00Z,2026-06-27T16:45:00Z,60626.65,yes
KXBTC15M-26JUN271300-00,2026-06-27T16:45:00Z,2026-06-27T17:00:00Z,60690.23,yes
KXBTC15M-26JUN271315-15,2026-06-27T17:00:00Z,2026-06-27T17:15:00Z,60707.15,no
KXBTC15M-26JUN271330-30,2026-06-27T17:15:00Z,2026-06-27T17:30:00Z,60478.35,yes
KXBTC15M-26JUN271345-45,2026-06-27T17:30:00Z,2026-06-27T17:45:00Z,60480.45,yes
KXBTC15M-26JUN271400-00,2026-06-27T17:45:00Z,2026-06-27T18:00:00Z,60510.75,no
KXBTC15M-26JUN271415-15,2026-06-27T18:00:00Z,2026-06-27T18:15:00Z,60466.12,no
KXBTC15M-26JUN271430-30,2026-06-27T18:15:00Z,2026-06-27T18:30:00Z,60431.77,no
KXBTC15M-26JUN271445-45,2026-06-27T18:30:00Z,2026-06-27T18:45:00Z,60416.06,yes
KXBTC15M-26JUN271500-00,2026-06-27T18:45:00Z,2026-06-27T19:00:00Z,60456.15,yes
KXBTC15M-26JUN271515-15,2026-06-27T19:00:00Z,2026-06-27T19:15:00Z,60456.21,yes
KXBTC15M-26JUN271530-30,2026-06-27T19:15:00Z,2026-06-27T19:30:00Z,60507.02,no
KXBTC15M-26JUN271545-45,2026-06-27T19:30:00Z,2026-06-27T19:45:00Z,60221.78,no
KXBTC15M-26JUN271600-00,2026-06-27T19:45:00Z,2026-06-27T20:00:00Z,60108.3,no
KXBTC15M-26JUN271615-15,2026-06-27T20:00:00Z,2026-06-27T20:15:00Z,60081.41,yes
KXBTC15M-26JUN271630-30,2026-06-27T20:15:00Z,2026-06-27T20:30:00Z,60179.94,no
KXBTC15M-26JUN271645-45,2026-06-27T20:30:00Z,2026-06-27T20:45:00Z,60172.98,no
KXBTC15M-26JUN271700-00,2026-06-27T20:45:00Z,2026-06-27T21:00:00Z,60163.99,yes
KXBTC15M-26JUN271715-15,2026-06-27T21:00:00Z,2026-06-27T21:15:00Z,60188.11,yes
KXBTC15M-26JUN271730-30,2026-06-27T21:15:00Z,2026-06-27T21:30:00Z,60298.53,yes
KXBTC15M-26JUN271745-45,2026-06-27T21:30:00Z,2026-06-27T21:45:00Z,60347.62,no
KXBTC15M-26JUN271800-00,2026-06-27T21:45:00Z,2026-06-27T22:00:00Z,60165.83,no
KXBTC15M-26JUN271815-15,2026-06-27T22:00:00Z,2026-06-27T22:15:00Z,60112.93,no
KXBTC15M-26JUN271830-30,2026-06-27T22:15:00Z,2026-06-27T22:30:00Z,60050.51,yes
KXBTC15M-26JUN271845-45,2026-06-27T22:30:00Z,2026-06-27T22:45:00Z,60056.85,yes
KXBTC15M-26JUN271900-00,2026-06-27T22:45:00Z,2026-06-27T23:00:00Z,60089.77,yes
KXBTC15M-26JUN271915-15,2026-06-27T23:00:00Z,2026-06-27T23:15:00Z,60141.33,no
KXBTC15M-26JUN271930-30,2026-06-27T23:15:00Z,2026-06-27T23:30:00Z,59983.92,no
KXBTC15M-26JUN271945-45,2026-06-27T23:30:00Z,2026-06-27T23:45:00Z,59892.6,yes
KXBTC15M-26JUN272000-00,2026-06-27T23:45:00Z,2026-06-28T00:00:00Z,59982.98,no
KXBTC15M-26JUN272015-15,2026-06-28T00:00:00Z,2026-06-28T00:15:00Z,59944.4,yes
KXBTC15M-26JUN272030-30,2026-06-28T00:15:00Z,2026-06-28T00:30:00Z,60041.2,yes
KXBTC15M-26JUN272045-45,2026-06-28T00:30:00Z,2026-06-28T00:45:00Z,60096.11,no
KXBTC15M-26JUN272100-00,2026-06-28T00:45:00Z,2026-06-28T01:00:00Z,60061.06,yes
KXBTC15M-26JUN272115-15,2026-06-28T01:00:00Z,2026-06-28T01:15:00Z,60097.12,no
KXBTC15M-26JUN272130-30,2026-06-28T01:15:00Z,2026-06-28T01:30:00Z,59988.45,yes
KXBTC15M-26JUN272145-45,2026-06-28T01:30:00Z,2026-06-28T01:45:00Z,60111.09,yes
KXBTC15M-26JUN272200-00,2026-06-28T01:45:00Z,2026-06-28T02:00:00Z,60170.3,no
KXBTC15M-26JUN272215-15,2026-06-28T02:00:00Z,2026-06-28T02:15:00Z,60128.7,yes
KXBTC15M-26JUN272230-30,2026-06-28T02:15:00Z,2026-06-28T02:30:00Z,60199.82,no
KXBTC15M-26JUN272245-45,2026-06-28T02:30:00Z,2026-06-28T02:45:00Z,60037.92,yes
KXBTC15M-26JUN272300-00,2026-06-28T02:45:00Z,2026-06-28T03:00:00Z,60042.69,yes
KXBTC15M-26JUN272315-15,2026-06-28T03:00:00Z,2026-06-28T03:15:00Z,60084.65,yes
KXBTC15M-26JUN272330-30,2026-06-28T03:15:00Z,2026-06-28T03:30:00Z,60180.19,yes
KXBTC15M-26JUN272345-45,2026-06-28T03:30:00Z,2026-06-28T03:45:00Z,60180.27,no
KXBTC15M-26JUN280000-00,2026-06-28T03:45:00Z,2026-06-28T04:00:00Z,60113.62,yes
KXBTC15M-26JUN280015-15,2026-06-28T04:00:00Z,2026-06-28T04:15:00Z,60121.94,no
KXBTC15M-26JUN280030-30,2026-06-28T04:15:00Z,2026-06-28T04:30:00Z,60117.62,yes
KXBTC15M-26JUN280045-45,2026-06-28T04:30:00Z,2026-06-28T04:45:00Z,60117.82,no
KXBTC15M-26JUN280100-00,2026-06-28T04:45:00Z,2026-06-28T05:00:00Z,60091.01,no
KXBTC15M-26JUN280115-15,2026-06-28T05:00:00Z,2026-06-28T05:15:00Z,60047.74,no
KXBTC15M-26JUN280130-30,2026-06-28T05:15:00Z,2026-06-28T05:30:00Z,59931.31,no
KXBTC15M-26JUN280145-45,2026-06-28T05:30:00Z,2026-06-28T05:45:00Z,59762.41,yes
KXBTC15M-26JUN280200-00,2026-06-28T05:45:00Z,2026-06-28T06:00:00Z,59840.65,yes
KXBTC15M-26JUN280215-15,2026-06-28T06:00:00Z,2026-06-28T06:15:00Z,59899.82,no
KXBTC15M-26JUN280230-30,2026-06-28T06:15:00Z,2026-06-28T06:30:00Z,59788.33,yes
KXBTC15M-26JUN280245-45,2026-06-28T06:30:00Z,2026-06-28T06:45:00Z,59841.15,yes
KXBTC15M-26JUN280300-00,2026-06-28T06:45:00Z,2026-06-28T07:00:00Z,59890.13,yes
KXBTC15M-26JUN280315-15,2026-06-28T07:00:00Z,2026-06-28T07:15:00Z,59922.3,yes
KXBTC15M-26JUN280330-30,2026-06-28T07:15:00Z,2026-06-28T07:30:00Z,60055.27,no
KXBTC15M-26JUN280345-45,2026-06-28T07:30:00Z,2026-06-28T07:45:00Z,60028.53,yes
KXBTC15M-26JUN280400-00,2026-06-28T07:45:00Z,2026-06-28T08:00:00Z,60123.98,no
KXBTC15M-26JUN280415-15,2026-06-28T08:00:00Z,2026-06-28T08:15:00Z,60118.49,no
KXBTC15M-26JUN280430-30,2026-06-28T08:15:00Z,2026-06-28T08:30:00Z,60092.15,yes
KXBTC15M-26JUN280445-45,2026-06-28T08:30:00Z,2026-06-28T08:45:00Z,60143.24,yes
KXBTC15M-26JUN280500-00,2026-06-28T08:45:00Z,2026-06-28T09:00:00Z,60367.75,no
KXBTC15M-26JUN280515-15,2026-06-28T09:00:00Z,2026-06-28T09:15:00Z,60295.8,no
KXBTC15M-26JUN280530-30,2026-06-28T09:15:00Z,2026-06-28T09:30:00Z,60288.89,no
KXBTC15M-26JUN280545-45,2026-06-28T09:30:00Z,2026-06-28T09:45:00Z,60243.95,yes
KXBTC15M-26JUN280600-00,2026-06-28T09:45:00Z,2026-06-28T10:00:00Z,60301.52,no
KXBTC15M-26JUN280615-15,2026-06-28T10:00:00Z,2026-06-28T10:15:00Z,60190.82,no
KXBTC15M-26JUN280630-30,2026-06-28T10:15:00Z,2026-06-28T10:30:00Z,60186.45,no
KXBTC15M-26JUN280645-45,2026-06-28T10:30:00Z,2026-06-28T10:45:00Z,60031.72,yes
KXBTC15M-26JUN280700-00,2026-06-28T10:45:00Z,2026-06-28T11:00:00Z,60043.53,yes
KXBTC15M-26JUN280715-15,2026-06-28T11:00:00Z,2026-06-28T11:15:00Z,60083.18,no
KXBTC15M-26JUN280730-30,2026-06-28T11:15:00Z,2026-06-28T11:30:00Z,60043.29,yes
KXBTC15M-26JUN280745-45,2026-06-28T11:30:00Z,2026-06-28T11:45:00Z,60236.97,no
KXBTC15M-26JUN280800-00,2026-06-28T11:45:00Z,2026-06-28T12:00:00Z,60207.66,yes
KXBTC15M-26JUN280815-15,2026-06-28T12:00:00Z,2026-06-28T12:15:00Z,60253.82,no
KXBTC15M-26JUN280830-30,2026-06-28T12:15:00Z,2026-06-28T12:30:00Z,60223.76,yes
KXBTC15M-26JUN280845-45,2026-06-28T12:30:00Z,2026-06-28T12:45:00Z,60241.66,no
KXBTC15M-26JUN280900-00,2026-06-28T12:45:00Z,2026-06-28T13:00:00Z,60168.18,yes
KXBTC15M-26JUN280915-15,2026-06-28T13:00:00Z,2026-06-28T13:15:00Z,60217.51,no
KXBTC15M-26JUN280930-30,2026-06-28T13:15:00Z,2026-06-28T13:30:00Z,60039.18,yes
KXBTC15M-26JUN280945-45,2026-06-28T13:30:00Z,2026-06-28T13:45:00Z,60043.53,yes
KXBTC15M-26JUN281000-00,2026-06-28T13:45:00Z,2026-06-28T14:00:00Z,60044.82,no
KXBTC15M-26JUN281015-15,2026-06-28T14:00:00Z,2026-06-28T14:15:00Z,59992.19,yes
KXBTC15M-26JUN281030-30,2026-06-28T14:15:00Z,2026-06-28T14:30:00Z,60078.54,no
KXBTC15M-26JUN281045-45,2026-06-28T14:30:00Z,2026-06-28T14:45:00Z,60070.89,no
KXBTC15M-26JUN281100-00,2026-06-28T14:45:00Z,2026-06-28T15:00:00Z,60018.51,no
KXBTC15M-26JUN281115-15,2026-06-28T15:00:00Z,2026-06-28T15:15:00Z,59957.9,yes
KXBTC15M-26JUN281130-30,2026-06-28T15:15:00Z,2026-06-28T15:30:00Z,59961.66,no
KXBTC15M-26JUN281145-45,2026-06-28T15:30:00Z,2026-06-28T15:45:00Z,59961.15,no
KXBTC15M-26JUN281200-00,2026-06-28T15:45:00Z,2026-06-28T16:00:00Z,59893.89,no
KXBTC15M-26JUN281215-15,2026-06-28T16:00:00Z,2026-06-28T16:15:00Z,59804.66,no
KXBTC15M-26JUN281230-30,2026-06-28T16:15:00Z,2026-06-28T16:30:00Z,59758.69,no
KXBTC15M-26JUN281245-45,2026-06-28T16:30:00Z,2026-06-28T16:45:00Z,59662.39,no
KXBTC15M-26JUN281300-00,2026-06-28T16:45:00Z,2026-06-28T17:00:00Z,59552.22,yes
KXBTC15M-26JUN281315-15,2026-06-28T17:00:00Z,2026-06-28T17:15:00Z,59607.68,no
KXBTC15M-26JUN281330-30,2026-06-28T17:15:00Z,2026-06-28T17:30:00Z,59560.88,no
KXBTC15M-26JUN281345-45,2026-06-28T17:30:00Z,2026-06-28T17:45:00Z,59522.92,no
KXBTC15M-26JUN281400-00,2026-06-28T17:45:00Z,2026-06-28T18:00:00Z,59457.39,yes
KXBTC15M-26JUN281415-15,2026-06-28T18:00:00Z,2026-06-28T18:15:00Z,59508.55,yes
KXBTC15M-26JUN281430-30,2026-06-28T18:15:00Z,2026-06-28T18:30:00Z,59569.89,no
KXBTC15M-26JUN281445-45,2026-06-28T18:30:00Z,2026-06-28T18:45:00Z,59536.74,no
KXBTC15M-26JUN281500-00,2026-06-28T18:45:00Z,2026-06-28T19:00:00Z,59525.77,yes
KXBTC15M-26JUN281515-15,2026-06-28T19:00:00Z,2026-06-28T19:15:00Z,59531.64,no
KXBTC15M-26JUN281530-30,2026-06-28T19:15:00Z,2026-06-28T19:30:00Z,59422.94,yes
KXBTC15M-26JUN281545-45,2026-06-28T19:30:00Z,2026-06-28T19:45:00Z,59450.47,no
KXBTC15M-26JUN281600-00,2026-06-28T19:45:00Z,2026-06-28T20:00:00Z,59358.83,yes
KXBTC15M-26JUN281615-15,2026-06-28T20:00:00Z,2026-06-28T20:15:00Z,59405.05,yes
KXBTC15M-26JUN281630-30,2026-06-28T20:15:00Z,2026-06-28T20:30:00Z,59576.4,yes
KXBTC15M-26JUN281645-45,2026-06-28T20:30:00Z,2026-06-28T20:45:00Z,59647.84,no
KXBTC15M-26JUN281700-00,2026-06-28T20:45:00Z,2026-06-28T21:00:00Z,59583.94,no
KXBTC15M-26JUN281715-15,2026-06-28T21:00:00Z,2026-06-28T21:15:00Z,59566.71,yes
KXBTC15M-26JUN281730-30,2026-06-28T21:15:00Z,2026-06-28T21:30:00Z,59594.62,yes
KXBTC15M-26JUN281745-45,2026-06-28T21:30:00Z,2026-06-28T21:45:00Z,59624,no
KXBTC15M-26JUN281800-00,2026-06-28T21:45:00Z,2026-06-28T22:00:00Z,59581.29,no
KXBTC15M-26JUN281815-15,2026-06-28T22:00:00Z,2026-06-28T22:15:00Z,59325.94,yes
KXBTC15M-26JUN281830-30,2026-06-28T22:15:00Z,2026-06-28T22:30:00Z,59558.08,no
KXBTC15M-26JUN281845-45,2026-06-28T22:30:00Z,2026-06-28T22:45:00Z,59279.41,no
KXBTC15M-26JUN281900-00,2026-06-28T22:45:00Z,2026-06-28T23:00:00Z,59032.5,no
KXBTC15M-26JUN281915-15,2026-06-28T23:00:00Z,2026-06-28T23:15:00Z,58982.64,yes
KXBTC15M-26JUN281930-30,2026-06-28T23:15:00Z,2026-06-28T23:30:00Z,59227.66,yes
KXBTC15M-26JUN281945-45,2026-06-28T23:30:00Z,2026-06-28T23:45:00Z,59465.32,yes
KXBTC15M-26JUN282000-00,2026-06-28T23:45:00Z,2026-06-29T00:00:00Z,59647.85,no
KXBTC15M-26JUN282015-15,2026-06-29T00:00:00Z,2026-06-29T00:15:00Z,59489.23,yes
KXBTC15M-26JUN282030-30,2026-06-29T00:15:00Z,2026-06-29T00:30:00Z,59507.79,no
KXBTC15M-26JUN282045-45,2026-06-29T00:30:00Z,2026-06-29T00:45:00Z,59164.14,yes
KXBTC15M-26JUN282100-00,2026-06-29T00:45:00Z,2026-06-29T01:00:00Z,59245.98,yes
KXBTC15M-26JUN282115-15,2026-06-29T01:00:00Z,2026-06-29T01:15:00Z,59583.26,no
KXBTC15M-26JUN282130-30,2026-06-29T01:15:00Z,2026-06-29T01:30:00Z,59383.72,no
KXBTC15M-26JUN282145-45,2026-06-29T01:30:00Z,2026-06-29T01:45:00Z,59212.5,yes
KXBTC15M-26JUN282200-00,2026-06-29T01:45:00Z,2026-06-29T02:00:00Z,59452.51,no
KXBTC15M-26JUN282215-15,2026-06-29T02:00:00Z,2026-06-29T02:15:00Z,59359.64,no
KXBTC15M-26JUN282230-30,2026-06-29T02:15:00Z,2026-06-29T02:30:00Z,58919.3,yes
KXBTC15M-26JUN282245-45,2026-06-29T02:30:00Z,2026-06-29T02:45:00Z,59465.66,yes
KXBTC15M-26JUN282300-00,2026-06-29T02:45:00Z,2026-06-29T03:00:00Z,59661.44,yes
KXBTC15M-26JUN282315-15,2026-06-29T03:00:00Z,2026-06-29T03:15:00Z,59662.58,yes
KXBTC15M-26JUN282330-30,2026-06-29T03:15:00Z,2026-06-29T03:30:00Z,59924.16,yes
KXBTC15M-26JUN282345-45,2026-06-29T03:30:00Z,2026-06-29T03:45:00Z,60078.69,no
KXBTC15M-26JUN290000-00,2026-06-29T03:45:00Z,2026-06-29T04:00:00Z,59828.75,yes
KXBTC15M-26JUN290015-15,2026-06-29T04:00:00Z,2026-06-29T04:15:00Z,59941.61,no
KXBTC15M-26JUN290030-30,2026-06-29T04:15:00Z,2026-06-29T04:30:00Z,59831.04,yes
KXBTC15M-26JUN290045-45,2026-06-29T04:30:00Z,2026-06-29T04:45:00Z,59867.13,no
KXBTC15M-26JUN290100-00,2026-06-29T04:45:00Z,2026-06-29T05:00:00Z,59716.82,yes
KXBTC15M-26JUN290115-15,2026-06-29T05:00:00Z,2026-06-29T05:15:00Z,59740.18,no
KXBTC15M-26JUN290130-30,2026-06-29T05:15:00Z,2026-06-29T05:30:00Z,59433.12,yes
KXBTC15M-26JUN290145-45,2026-06-29T05:30:00Z,2026-06-29T05:45:00Z,59592.19,yes
KXBTC15M-26JUN290200-00,2026-06-29T05:45:00Z,2026-06-29T06:00:00Z,59796.54,yes
KXBTC15M-26JUN290215-15,2026-06-29T06:00:00Z,2026-06-29T06:15:00Z,59984.31,yes
KXBTC15M-26JUN290230-30,2026-06-29T06:15:00Z,2026-06-29T06:30:00Z,60048.93,yes
KXBTC15M-26JUN290245-45,2026-06-29T06:30:00Z,2026-06-29T06:45:00Z,60090.98,no
KXBTC15M-26JUN290300-00,2026-06-29T06:45:00Z,2026-06-29T07:00:00Z,59993.78,yes
KXBTC15M-26JUN290315-15,2026-06-29T07:00:00Z,2026-06-29T07:15:00Z,59998.21,no
KXBTC15M-26JUN290330-30,2026-06-29T07:15:00Z,2026-06-29T07:30:00Z,59961.32,yes
KXBTC15M-26JUN290345-45,2026-06-29T07:30:00Z,2026-06-29T07:45:00Z,60044.89,no
KXBTC15M-26JUN290400-00,2026-06-29T07:45:00Z,2026-06-29T08:00:00Z,59970.76,no
KXBTC15M-26JUN290415-15,2026-06-29T08:00:00Z,2026-06-29T08:15:00Z,59958.41,no
KXBTC15M-26JUN290430-30,2026-06-29T08:15:00Z,2026-06-29T08:30:00Z,59867.76,no
KXBTC15M-26JUN290445-45,2026-06-29T08:30:00Z,2026-06-29T08:45:00Z,59747.58,yes
KXBTC15M-26JUN290500-00,2026-06-29T08:45:00Z,2026-06-29T09:00:00Z,59784.7,no
KXBTC15M-26JUN290515-15,2026-06-29T09:00:00Z,2026-06-29T09:15:00Z,59767.9,yes
KXBTC15M-26JUN290530-30,2026-06-29T09:15:00Z,2026-06-29T09:30:00Z,59847.07,yes
KXBTC15M-26JUN290545-45,2026-06-29T09:30:00Z,2026-06-29T09:45:00Z,59848.68,yes
KXBTC15M-26JUN290600-00,2026-06-29T09:45:00Z,2026-06-29T10:00:00Z,59876.89,yes
KXBTC15M-26JUN290615-15,2026-06-29T10:00:00Z,2026-06-29T10:15:00Z,59965.53,yes
KXBTC15M-26JUN290630-30,2026-06-29T10:15:00Z,2026-06-29T10:30:00Z,60146.97,no
KXBTC15M-26JUN290645-45,2026-06-29T10:30:00Z,2026-06-29T10:45:00Z,60134.15,no
KXBTC15M-26JUN290700-00,2026-06-29T10:45:00Z,2026-06-29T11:00:00Z,60054.54,no
KXBTC15M-26JUN290715-15,2026-06-29T11:00:00Z,2026-06-29T11:15:00Z,60007.1,no
KXBTC15M-26JUN290730-30,2026-06-29T11:15:00Z,2026-06-29T11:30:00Z,59881.85,yes
KXBTC15M-26JUN290745-45,2026-06-29T11:30:00Z,2026-06-29T11:45:00Z,59909.61,no
KXBTC15M-26JUN290800-00,2026-06-29T11:45:00Z,2026-06-29T12:00:00Z,59783.13,yes
KXBTC15M-26JUN290815-15,2026-06-29T12:00:00Z,2026-06-29T12:15:00Z,59871.52,yes
KXBTC15M-26JUN290830-30,2026-06-29T12:15:00Z,2026-06-29T12:30:00Z,60633.77,no
KXBTC15M-26JUN290845-45,2026-06-29T12:30:00Z,2026-06-29T12:45:00Z,60373.96,no
KXBTC15M-26JUN290900-00,2026-06-29T12:45:00Z,2026-06-29T13:00:00Z,59862.25,yes
KXBTC15M-26JUN290915-15,2026-06-29T13:00:00Z,2026-06-29T13:15:00Z,59865.22,yes
KXBTC15M-26JUN290930-30,2026-06-29T13:15:00Z,2026-06-29T13:30:00Z,60156.89,no
KXBTC15M-26JUN290945-45,2026-06-29T13:30:00Z,2026-06-29T13:45:00Z,59917.47,no
KXBTC15M-26JUN291000-00,2026-06-29T13:45:00Z,2026-06-29T14:00:00Z,59405.46,yes
KXBTC15M-26JUN291015-15,2026-06-29T14:00:00Z,2026-06-29T14:15:00Z,59441.86,no
KXBTC15M-26JUN291030-30,2026-06-29T14:15:00Z,2026-06-29T14:30:00Z,59000.65,yes
KXBTC15M-26JUN291045-45,2026-06-29T14:30:00Z,2026-06-29T14:45:00Z,59427.62,no
KXBTC15M-26JUN291100-00,2026-06-29T14:45:00Z,2026-06-29T15:00:00Z,59246.64,yes
KXBTC15M-26JUN291115-15,2026-06-29T15:00:00Z,2026-06-29T15:15:00Z,59332.79,no
KXBTC15M-26JUN291130-30,2026-06-29T15:15:00Z,2026-06-29T15:30:00Z,59139.83,yes
KXBTC15M-26JUN291145-45,2026-06-29T15:30:00Z,2026-06-29T15:45:00Z,59342.98,yes
KXBTC15M-26JUN291200-00,2026-06-29T15:45:00Z,2026-06-29T16:00:00Z,59723.58,yes
KXBTC15M-26JUN291215-15,2026-06-29T16:00:00Z,2026-06-29T16:15:00Z,59724.62,no
KXBTC15M-26JUN291230-30,2026-06-29T16:15:00Z,2026-06-29T16:30:00Z,59623.8,no
KXBTC15M-26JUN291245-45,2026-06-29T16:30:00Z,2026-06-29T16:45:00Z,59497.91,yes
KXBTC15M-26JUN291300-00,2026-06-29T16:45:00Z,2026-06-29T17:00:00Z,59774.79,yes
KXBTC15M-26JUN291315-15,2026-06-29T17:00:00Z,2026-06-29T17:15:00Z,59798.75,yes
KXBTC15M-26JUN291330-30,2026-06-29T17:15:00Z,2026-06-29T17:30:00Z,60372.62,yes
KXBTC15M-26JUN291345-45,2026-06-29T17:30:00Z,2026-06-29T17:45:00Z,60452.54,yes
KXBTC15M-26JUN291400-00,2026-06-29T17:45:00Z,2026-06-29T18:00:00Z,60501.46,no
KXBTC15M-26JUN291415-15,2026-06-29T18:00:00Z,2026-06-29T18:15:00Z,60334.24,yes
KXBTC15M-26JUN291430-30,2026-06-29T18:15:00Z,2026-06-29T18:30:00Z,60430.68,no
KXBTC15M-26JUN291445-45,2026-06-29T18:30:00Z,2026-06-29T18:45:00Z,60182.21,no
KXBTC15M-26JUN291500-00,2026-06-29T18:45:00Z,2026-06-29T19:00:00Z,60175.12,yes
KXBTC15M-26JUN291515-15,2026-06-29T19:00:00Z,2026-06-29T19:15:00Z,60193.43,no
KXBTC15M-26JUN291530-30,2026-06-29T19:15:00Z,2026-06-29T19:30:00Z,60113.8,yes
KXBTC15M-26JUN291545-45,2026-06-29T19:30:00Z,2026-06-29T19:45:00Z,60382.04,no
KXBTC15M-26JUN291600-00,2026-06-29T19:45:00Z,2026-06-29T20:00:00Z,60361.22,no
KXBTC15M-26JUN291615-15,2026-06-29T20:00:00Z,2026-06-29T20:15:00Z,60354.48,no
KXBTC15M-26JUN291630-30,2026-06-29T20:15:00Z,2026-06-29T20:30:00Z,60346.59,no
KXBTC15M-26JUN291645-45,2026-06-29T20:30:00Z,2026-06-29T20:45:00Z,60317.94,yes
KXBTC15M-26JUN291700-00,2026-06-29T20:45:00Z,2026-06-29T21:00:00Z,60333.31,no
KXBTC15M-26JUN291715-15,2026-06-29T21:00:00Z,2026-06-29T21:15:00Z,60212.16,yes
KXBTC15M-26JUN291730-30,2026-06-29T21:15:00Z,2026-06-29T21:30:00Z,60321.62,no
KXBTC15M-26JUN291745-45,2026-06-29T21:30:00Z,2026-06-29T21:45:00Z,60251.87,yes
KXBTC15M-26JUN291800-00,2026-06-29T21:45:00Z,2026-06-29T22:00:00Z,60376.57,yes
KXBTC15M-26JUN291815-15,2026-06-29T22:00:00Z,2026-06-29T22:15:00Z,60393.92,no
KXBTC15M-26JUN291830-30,2026-06-29T22:15:00Z,2026-06-29T22:30:00Z,60354.66,yes
KXBTC15M-26JUN291845-45,2026-06-29T22:30:00Z,2026-06-29T22:45:00Z,60363.33,no
KXBTC15M-26JUN291900-00,2026-06-29T22:45:00Z,2026-06-29T23:00:00Z,60303.75,no
KXBTC15M-26JUN291915-15,2026-06-29T23:00:00Z,2026-06-29T23:15:00Z,60270.98,no
KXBTC15M-26JUN291930-30,2026-06-29T23:15:00Z,2026-06-29T23:30:00Z,60262.23,no
KXBTC15M-26JUN291945-45,2026-06-29T23:30:00Z,2026-06-29T23:45:00Z,60152.46,yes
KXBTC15M-26JUN292000-00,2026-06-29T23:45:00Z,2026-06-30T00:00:00Z,60176.49,no
KXBTC15M-26JUN292015-15,2026-06-30T00:00:00Z,2026-06-30T00:15:00Z,60143.56,no
KXBTC15M-26JUN292030-30,2026-06-30T00:15:00Z,2026-06-30T00:30:00Z,60107.94,no
KXBTC15M-26JUN292045-45,2026-06-30T00:30:00Z,2026-06-30T00:45:00Z,59876.89,no
KXBTC15M-26JUN292100-00,2026-06-30T00:45:00Z,2026-06-30T01:00:00Z,59676.2,yes
KXBTC15M-26JUN292115-15,2026-06-30T01:00:00Z,2026-06-30T01:15:00Z,59762.23,no
KXBTC15M-26JUN292130-30,2026-06-30T01:15:00Z,2026-06-30T01:30:00Z,59724.36,yes
KXBTC15M-26JUN292145-45,2026-06-30T01:30:00Z,2026-06-30T01:45:00Z,59952.03,no
KXBTC15M-26JUN292200-00,2026-06-30T01:45:00Z,2026-06-30T02:00:00Z,59752.68,yes
KXBTC15M-26JUN292215-15,2026-06-30T02:00:00Z,2026-06-30T02:15:00Z,59851.76,no
KXBTC15M-26JUN292230-30,2026-06-30T02:15:00Z,2026-06-30T02:30:00Z,59698.45,yes
KXBTC15M-26JUN292245-45,2026-06-30T02:30:00Z,2026-06-30T02:45:00Z,59884.62,yes
KXBTC15M-26JUN292300-00,2026-06-30T02:45:00Z,2026-06-30T03:00:00Z,59923.24,no
KXBTC15M-26JUN292315-15,2026-06-30T03:00:00Z,2026-06-30T03:15:00Z,59865.93,no
KXBTC15M-26JUN292330-30,2026-06-30T03:15:00Z,2026-06-30T03:30:00Z,59821.69,no
KXBTC15M-26JUN292345-45,2026-06-30T03:30:00Z,2026-06-30T03:45:00Z,59771.15,no
KXBTC15M-26JUN300000-00,2026-06-30T03:45:00Z,2026-06-30T04:00:00Z,59646.54,no
KXBTC15M-26JUN300015-15,2026-06-30T04:00:00Z,2026-06-30T04:15:00Z,59537.05,no
KXBTC15M-26JUN300030-30,2026-06-30T04:15:00Z,2026-06-30T04:30:00Z,59460.04,yes
KXBTC15M-26JUN300045-45,2026-06-30T04:30:00Z,2026-06-30T04:45:00Z,59466.42,yes
KXBTC15M-26JUN300100-00,2026-06-30T04:45:00Z,2026-06-30T05:00:00Z,59494.45,no
KXBTC15M-26JUN300115-15,2026-06-30T05:00:00Z,2026-06-30T05:15:00Z,59404.55,no
KXBTC15M-26JUN300130-30,2026-06-30T05:15:00Z,2026-06-30T05:30:00Z,59326.95,no
KXBTC15M-26JUN300145-45,2026-06-30T05:30:00Z,2026-06-30T05:45:00Z,59301.63,yes
KXBTC15M-26JUN300200-00,2026-06-30T05:45:00Z,2026-06-30T06:00:00Z,59471.67,yes
KXBTC15M-26JUN300215-15,2026-06-30T06:00:00Z,2026-06-30T06:15:00Z,59554.39,no
KXBTC15M-26JUN300230-30,2026-06-30T06:15:00Z,2026-06-30T06:30:00Z,59479.22,yes
KXBTC15M-26JUN300245-45,2026-06-30T06:30:00Z,2026-06-30T06:45:00Z,59593.4,no
KXBTC15M-26JUN300300-00,2026-06-30T06:45:00Z,2026-06-30T07:00:00Z,59503.15,no
KXBTC15M-26JUN300315-15,2026-06-30T07:00:00Z,2026-06-30T07:15:00Z,59499.26,no
KXBTC15M-26JUN300330-30,2026-06-30T07:15:00Z,2026-06-30T07:30:00Z,59401.49,no
KXBTC15M-26JUN300345-45,2026-06-30T07:30:00Z,2026-06-30T07:45:00Z,59386.69,yes
KXBTC15M-26JUN300400-00,2026-06-30T07:45:00Z,2026-06-30T08:00:00Z,59436.28,yes
KXBTC15M-26JUN300415-15,2026-06-30T08:00:00Z,2026-06-30T08:15:00Z,59437.62,no
KXBTC15M-26JUN300430-30,2026-06-30T08:15:00Z,2026-06-30T08:30:00Z,59356.35,no
KXBTC15M-26JUN300445-45,2026-06-30T08:30:00Z,2026-06-30T08:45:00Z,59316.89,no
KXBTC15M-26JUN300500-00,2026-06-30T08:45:00Z,2026-06-30T09:00:00Z,59192.43,yes
KXBTC15M-26JUN300515-15,2026-06-30T09:00:00Z,2026-06-30T09:15:00Z,59235.74,yes
KXBTC15M-26JUN300530-30,2026-06-30T09:15:00Z,2026-06-30T09:30:00Z,59261.36,no
KXBTC15M-26JUN300545-45,2026-06-30T09:30:00Z,2026-06-30T09:45:00Z,59227.84,yes
KXBTC15M-26JUN300600-00,2026-06-30T09:45:00Z,2026-06-30T10:00:00Z,59274.94,yes
KXBTC15M-26JUN300615-15,2026-06-30T10:00:00Z,2026-06-30T10:15:00Z,59288.82,no
KXBTC15M-26JUN300630-30,2026-06-30T10:15:00Z,2026-06-30T10:30:00Z,59273.61,yes
KXBTC15M-26JUN300645-45,2026-06-30T10:30:00Z,2026-06-30T10:45:00Z,59283.84,no
KXBTC15M-26JUN300700-00,2026-06-30T10:45:00Z,2026-06-30T11:00:00Z,59244.91,yes
KXBTC15M-26JUN300715-15,2026-06-30T11:00:00Z,2026-06-30T11:15:00Z,59279.23,yes
KXBTC15M-26JUN300730-30,2026-06-30T11:15:00Z,2026-06-30T11:30:00Z,59303.77,no
KXBTC15M-26JUN300745-45,2026-06-30T11:30:00Z,2026-06-30T11:45:00Z,59132.41,yes
KXBTC15M-26JUN300800-00,2026-06-30T11:45:00Z,2026-06-30T12:00:00Z,59158.99,no
KXBTC15M-26JUN300815-15,2026-06-30T12:00:00Z,2026-06-30T12:15:00Z,59095.78,no
KXBTC15M-26JUN300830-30,2026-06-30T12:15:00Z,2026-06-30T12:30:00Z,58939.52,no
KXBTC15M-26JUN300845-45,2026-06-30T12:30:00Z,2026-06-30T12:45:00Z,58772.78,no
KXBTC15M-26JUN300900-00,2026-06-30T12:45:00Z,2026-06-30T13:00:00Z,58743.79,no
KXBTC15M-26JUN300915-15,2026-06-30T13:00:00Z,2026-06-30T13:15:00Z,58338.25,yes
KXBTC15M-26JUN300930-30,2026-06-30T13:15:00Z,2026-06-30T13:30:00Z,58369.19,yes
KXBTC15M-26JUN300945-45,2026-06-30T13:30:00Z,2026-06-30T13:45:00Z,58405.7,yes
KXBTC15M-26JUN301000-00,2026-06-30T13:45:00Z,2026-06-30T14:00:00Z,58453.54,yes
KXBTC15M-26JUN301015-15,2026-06-30T14:00:00Z,2026-06-30T14:15:00Z,58633.24,yes
KXBTC15M-26JUN301030-30,2026-06-30T14:15:00Z,2026-06-30T14:30:00Z,58924.43,yes
KXBTC15M-26JUN301045-45,2026-06-30T14:30:00Z,2026-06-30T14:45:00Z,58935.04,no
KXBTC15M-26JUN301100-00,2026-06-30T14:45:00Z,2026-06-30T15:00:00Z,58752.92,no
KXBTC15M-26JUN301115-15,2026-06-30T15:00:00Z,2026-06-30T15:15:00Z,58436.96,no
KXBTC15M-26JUN301130-30,2026-06-30T15:15:00Z,2026-06-30T15:30:00Z,58351.78,no
KXBTC15M-26JUN301145-45,2026-06-30T15:30:00Z,2026-06-30T15:45:00Z,58289.3,yes
KXBTC15M-26JUN301200-00,2026-06-30T15:45:00Z,2026-06-30T16:00:00Z,58367.65,no
KXBTC15M-26JUN301215-15,2026-06-30T16:00:00Z,2026-06-30T16:15:00Z,58274.44,yes
KXBTC15M-26JUN301230-30,2026-06-30T16:15:00Z,2026-06-30T16:30:00Z,58333.79,no
KXBTC15M-26JUN301245-45,2026-06-30T16:30:00Z,2026-06-30T16:45:00Z,58206.48,yes
KXBTC15M-26JUN301300-00,2026-06-30T16:45:00Z,2026-06-30T17:00:00Z,58213.96,yes
KXBTC15M-26JUN301315-15,2026-06-30T17:00:00Z,2026-06-30T17:15:00Z,58377.75,no
KXBTC15M-26JUN301330-30,2026-06-30T17:15:00Z,2026-06-30T17:30:00Z,58313.53,no
KXBTC15M-26JUN301345-45,2026-06-30T17:30:00Z,2026-06-30T17:45:00Z,58311.37,no
KXBTC15M-26JUN301400-00,2026-06-30T17:45:00Z,2026-06-30T18:00:00Z,58294.79,yes
KXBTC15M-26JUN301415-15,2026-06-30T18:00:00Z,2026-06-30T18:15:00Z,58334.25,yes
KXBTC15M-26JUN301430-30,2026-06-30T18:15:00Z,2026-06-30T18:30:00Z,58383.28,yes
KXBTC15M-26JUN301445-45,2026-06-30T18:30:00Z,2026-06-30T18:45:00Z,58440.82,no
KXBTC15M-26JUN301500-00,2026-06-30T18:45:00Z,2026-06-30T19:00:00Z,58360.66,yes
KXBTC15M-26JUN301515-15,2026-06-30T19:00:00Z,2026-06-30T19:15:00Z,58587.91,no
KXBTC15M-26JUN301530-30,2026-06-30T19:15:00Z,2026-06-30T19:30:00Z,58546.48,yes
KXBTC15M-26JUN301545-45,2026-06-30T19:30:00Z,2026-06-30T19:45:00Z,58550.93,yes
KXBTC15M-26JUN301600-00,2026-06-30T19:45:00Z,2026-06-30T20:00:00Z,58656.76,yes
KXBTC15M-26JUN301615-15,2026-06-30T20:00:00Z,2026-06-30T20:15:00Z,58715.35,yes
KXBTC15M-26JUN301630-30,2026-06-30T20:15:00Z,2026-06-30T20:30:00Z,58779.28,no
KXBTC15M-26JUN301645-45,2026-06-30T20:30:00Z,2026-06-30T20:45:00Z,58649.49,no
KXBTC15M-26JUN301700-00,2026-06-30T20:45:00Z,2026-06-30T21:00:00Z,58598.74,yes
KXBTC15M-26JUN301715-15,2026-06-30T21:00:00Z,2026-06-30T21:15:00Z,58669.66,no
KXBTC15M-26JUN301730-30,2026-06-30T21:15:00Z,2026-06-30T21:30:00Z,58506.84,yes
KXBTC15M-26JUN301745-45,2026-06-30T21:30:00Z,2026-06-30T21:45:00Z,58520.91,yes
KXBTC15M-26JUN301800-00,2026-06-30T21:45:00Z,2026-06-30T22:00:00Z,58526.55,yes
KXBTC15M-26JUN301815-15,2026-06-30T22:00:00Z,2026-06-30T22:15:00Z,58556.04,yes
KXBTC15M-26JUN301830-30,2026-06-30T22:15:00Z,2026-06-30T22:30:00Z,58647.15,no
KXBTC15M-26JUN301845-45,2026-06-30T22:30:00Z,2026-06-30T22:45:00Z,58588.99,no
KXBTC15M-26JUN301900-00,2026-06-30T22:45:00Z,2026-06-30T23:00:00Z,58512.48,yes
KXBTC15M-26JUN301915-15,2026-06-30T23:00:00Z,2026-06-30T23:15:00Z,58525.99,yes
KXBTC15M-26JUN301930-30,2026-06-30T23:15:00Z,2026-06-30T23:30:00Z,58526.35,yes
KXBTC15M-26JUN301945-45,2026-06-30T23:30:00Z,2026-06-30T23:45:00Z,58533.17,no
KXBTC15M-26JUN302000-00,2026-06-30T23:45:00Z,2026-07-01T00:00:00Z,58505.72,yes
KXBTC15M-26JUN302015-15,2026-07-01T00:00:00Z,2026-07-01T00:15:00Z,58562.29,yes
KXBTC15M-26JUN302030-30,2026-07-01T00:15:00Z,2026-07-01T00:30:00Z,58573,no
KXBTC15M-26JUN302045-45,2026-07-01T00:30:00Z,2026-07-01T00:45:00Z,58308.35,yes
KXBTC15M-26JUN302100-00,2026-07-01T00:45:00Z,2026-07-01T01:00:00Z,58390.46,yes
KXBTC15M-26JUN302115-15,2026-07-01T01:00:00Z,2026-07-01T01:15:00Z,58481.12,no
KXBTC15M-26JUN302130-30,2026-07-01T01:15:00Z,2026-07-01T01:30:00Z,58039.9,yes
KXBTC15M-26JUN302145-45,2026-07-01T01:30:00Z,2026-07-01T01:45:00Z,58297.73,yes
KXBTC15M-26JUN302200-00,2026-07-01T01:45:00Z,2026-07-01T02:00:00Z,58827.91,no
KXBTC15M-26JUN302215-15,2026-07-01T02:00:00Z,2026-07-01T02:15:00Z,58697.46,yes
KXBTC15M-26JUN302230-30,2026-07-01T02:15:00Z,2026-07-01T02:30:00Z,58726.52,yes
KXBTC15M-26JUN302245-45,2026-07-01T02:30:00Z,2026-07-01T02:45:00Z,58866.16,yes
KXBTC15M-26JUN302300-00,2026-07-01T02:45:00Z,2026-07-01T03:00:00Z,59043.77,no
KXBTC15M-26JUN302315-15,2026-07-01T03:00:00Z,2026-07-01T03:15:00Z,59003.71,no
KXBTC15M-26JUN302330-30,2026-07-01T03:15:00Z,2026-07-01T03:30:00Z,58916.86,no
KXBTC15M-26JUN302345-45,2026-07-01T03:30:00Z,2026-07-01T03:45:00Z,58830.65,yes
KXBTC15M-26JUL010000-00,2026-07-01T03:45:00Z,2026-07-01T04:00:00Z,58866.27,yes
KXBTC15M-26JUL010015-15,2026-07-01T04:00:00Z,2026-07-01T04:15:00Z,59106.34,no
KXBTC15M-26JUL010030-30,2026-07-01T04:15:00Z,2026-07-01T04:30:00Z,59032.95,yes
KXBTC15M-26JUL010045-45,2026-07-01T04:30:00Z,2026-07-01T04:45:00Z,59183.98,yes
KXBTC15M-26JUL010100-00,2026-07-01T04:45:00Z,2026-07-01T05:00:00Z,59264.08,no
KXBTC15M-26JUL010115-15,2026-07-01T05:00:00Z,2026-07-01T05:15:00Z,59249.54,no
KXBTC15M-26JUL010130-30,2026-07-01T05:15:00Z,2026-07-01T05:30:00Z,59197.93,no
KXBTC15M-26JUL010145-45,2026-07-01T05:30:00Z,2026-07-01T05:45:00Z,59092.65,yes
KXBTC15M-26JUL010200-00,2026-07-01T05:45:00Z,2026-07-01T06:00:00Z,59095.81,no
KXBTC15M-26JUL010215-15,2026-07-01T06:00:00Z,2026-07-01T06:15:00Z,59066.72,no
KXBTC15M-26JUL010230-30,2026-07-01T06:15:00Z,2026-07-01T06:30:00Z,58861.24,no
KXBTC15M-26JUL010245-45,2026-07-01T06:30:00Z,2026-07-01T06:45:00Z,58705.77,no
KXBTC15M-26JUL010300-00,2026-07-01T06:45:00Z,2026-07-01T07:00:00Z,58608.97,yes
KXBTC15M-26JUL010315-15,2026-07-01T07:00:00Z,2026-07-01T07:15:00Z,58665.15,no
KXBTC15M-26JUL010330-30,2026-07-01T07:15:00Z,2026-07-01T07:30:00Z,58587.42,yes
KXBTC15M-26JUL010345-45,2026-07-01T07:30:00Z,2026-07-01T07:45:00Z,58668.65,no
KXBTC15M-26JUL010400-00,2026-07-01T07:45:00Z,2026-07-01T08:00:00Z,58624.39,yes
KXBTC15M-26JUL010415-15,2026-07-01T08:00:00Z,2026-07-01T08:15:00Z,58692.45,no
KXBTC15M-26JUL010430-30,2026-07-01T08:15:00Z,2026-07-01T08:30:00Z,58641.97,no
KXBTC15M-26JUL010445-45,2026-07-01T08:30:00Z,2026-07-01T08:45:00Z,58556.17,yes
KXBTC15M-26JUL010500-00,2026-07-01T08:45:00Z,2026-07-01T09:00:00Z,58657.66,yes
KXBTC15M-26JUL010515-15,2026-07-01T09:00:00Z,2026-07-01T09:15:00Z,58902.78,no
KXBTC15M-26JUL010530-30,2026-07-01T09:15:00Z,2026-07-01T09:30:00Z,58892.03,no
KXBTC15M-26JUL010545-45,2026-07-01T09:30:00Z,2026-07-01T09:45:00Z,58816.82,no
KXBTC15M-26JUL010600-00,2026-07-01T09:45:00Z,2026-07-01T10:00:00Z,58812.82,yes
KXBTC15M-26JUL010615-15,2026-07-01T10:00:00Z,2026-07-01T10:15:00Z,58877.16,no
KXBTC15M-26JUL010630-30,2026-07-01T10:15:00Z,2026-07-01T10:30:00Z,58702.2,no
KXBTC15M-26JUL010645-45,2026-07-01T10:30:00Z,2026-07-01T10:45:00Z,58675.36,no
KXBTC15M-26JUL010700-00,2026-07-01T10:45:00Z,2026-07-01T11:00:00Z,58565.16,yes
KXBTC15M-26JUL010715-15,2026-07-01T11:00:00Z,2026-07-01T11:15:00Z,58594.5,yes
KXBTC15M-26JUL010730-30,2026-07-01T11:15:00Z,2026-07-01T11:30:00Z,58651.31,no
KXBTC15M-26JUL010745-45,2026-07-01T11:30:00Z,2026-07-01T11:45:00Z,58637.43,no
KXBTC15M-26JUL010800-00,2026-07-01T11:45:00Z,2026-07-01T12:00:00Z,58606.04,no
KXBTC15M-26JUL010815-15,2026-07-01T12:00:00Z,2026-07-01T12:15:00Z,58558.01,no
KXBTC15M-26JUL010830-30,2026-07-01T12:15:00Z,2026-07-01T12:30:00Z,58372.12,yes
KXBTC15M-26JUL010845-45,2026-07-01T12:30:00Z,2026-07-01T12:45:00Z,58500.73,no
KXBTC15M-26JUL010900-00,2026-07-01T12:45:00Z,2026-07-01T13:00:00Z,58334.28,yes
KXBTC15M-26JUL010915-15,2026-07-01T13:00:00Z,2026-07-01T13:15:00Z,58455.54,yes
KXBTC15M-26JUL010930-30,2026-07-01T13:15:00Z,2026-07-01T13:30:00Z,58610.65,yes
KXBTC15M-26JUL010945-45,2026-07-01T13:30:00Z,2026-07-01T13:45:00Z,58718.33,yes
KXBTC15M-26JUL011000-00,2026-07-01T13:45:00Z,2026-07-01T14:00:00Z,58934.82,yes
KXBTC15M-26JUL011015-15,2026-07-01T14:00:00Z,2026-07-01T14:15:00Z,59361.61,yes
KXBTC15M-26JUL011030-30,2026-07-01T14:15:00Z,2026-07-01T14:30:00Z,59887.91,no
KXBTC15M-26JUL011045-45,2026-07-01T14:30:00Z,2026-07-01T14:45:00Z,59742.45,no
KXBTC15M-26JUL011100-00,2026-07-01T14:45:00Z,2026-07-01T15:00:00Z,59580.97,no
KXBTC15M-26JUL011115-15,2026-07-01T15:00:00Z,2026-07-01T15:15:00Z,59463.23,yes
KXBTC15M-26JUL011130-30,2026-07-01T15:15:00Z,2026-07-01T15:30:00Z,59864.23,yes
KXBTC15M-26JUL011145-45,2026-07-01T15:30:00Z,2026-07-01T15:45:00Z,60259.28,no
KXBTC15M-26JUL011200-00,2026-07-01T15:45:00Z,2026-07-01T16:00:00Z,60177.22,no
KXBTC15M-26JUL011215-15,2026-07-01T16:00:00Z,2026-07-01T16:15:00Z,60103.86,no
KXBTC15M-26JUL011230-30,2026-07-01T16:15:00Z,2026-07-01T16:30:00Z,60094.63,yes
KXBTC15M-26JUL011245-45,2026-07-01T16:30:00Z,2026-07-01T16:45:00Z,60107.64,no
KXBTC15M-26JUL011300-00,2026-07-01T16:45:00Z,2026-07-01T17:00:00Z,60005.42,no
KXBTC15M-26JUL011315-15,2026-07-01T17:00:00Z,2026-07-01T17:15:00Z,59855.78,no
KXBTC15M-26JUL011330-30,2026-07-01T17:15:00Z,2026-07-01T17:30:00Z,59836.25,yes
KXBTC15M-26JUL011345-45,2026-07-01T17:30:00Z,2026-07-01T17:45:00Z,60088.5,yes
KXBTC15M-26JUL011400-00,2026-07-01T17:45:00Z,2026-07-01T18:00:00Z,60107.76,yes
KXBTC15M-26JUL011415-15,2026-07-01T18:00:00Z,2026-07-01T18:15:00Z,60129.14,no
KXBTC15M-26JUL011430-30,2026-07-01T18:15:00Z,2026-07-01T18:30:00Z,60011.67,yes
KXBTC15M-26JUL011445-45,2026-07-01T18:30:00Z,2026-07-01T18:45:00Z,60083.28,yes
KXBTC15M-26JUL011500-00,2026-07-01T18:45:00Z,2026-07-01T19:00:00Z,60141.98,no
KXBTC15M-26JUL011515-15,2026-07-01T19:00:00Z,2026-07-01T19:15:00Z,60113.35,yes
KXBTC15M-26JUL011530-30,2026-07-01T19:15:00Z,2026-07-01T19:30:00Z,60226.14,no
KXBTC15M-26JUL011545-45,2026-07-01T19:30:00Z,2026-07-01T19:45:00Z,60100.72,yes
KXBTC15M-26JUL011600-00,2026-07-01T19:45:00Z,2026-07-01T20:00:00Z,60155.28,no
KXBTC15M-26JUL011615-15,2026-07-01T20:00:00Z,2026-07-01T20:15:00Z,59973.66,no
KXBTC15M-26JUL011630-30,2026-07-01T20:15:00Z,2026-07-01T20:30:00Z,59954.61,no
KXBTC15M-26JUL011645-45,2026-07-01T20:30:00Z,2026-07-01T20:45:00Z,59915.58,yes
KXBTC15M-26JUL011700-00,2026-07-01T20:45:00Z,2026-07-01T21:00:00Z,59983.17,yes
KXBTC15M-26JUL011715-15,2026-07-01T21:00:00Z,2026-07-01T21:15:00Z,60072.59,yes
KXBTC15M-26JUL011730-30,2026-07-01T21:15:00Z,2026-07-01T21:30:00Z,60363.22,yes
KXBTC15M-26JUL011745-45,2026-07-01T21:30:00Z,2026-07-01T21:45:00Z,60477.52,yes
KXBTC15M-26JUL011800-00,2026-07-01T21:45:00Z,2026-07-01T22:00:00Z,60756.42,yes
KXBTC15M-26JUL011815-15,2026-07-01T22:00:00Z,2026-07-01T22:15:00Z,60760.82,no
KXBTC15M-26JUL011830-30,2026-07-01T22:15:00Z,2026-07-01T22:30:00Z,60760.25,no
KXBTC15M-26JUL011845-45,2026-07-01T22:30:00Z,2026-07-01T22:45:00Z,60598.39,no
KXBTC15M-26JUL011900-00,2026-07-01T22:45:00Z,2026-07-01T23:00:00Z,60423.84,no
KXBTC15M-26JUL011915-15,2026-07-01T23:00:00Z,2026-07-01T23:15:00Z,60421.73,no
KXBTC15M-26JUL011930-30,2026-07-01T23:15:00Z,2026-07-01T23:30:00Z,60188.4,no
KXBTC15M-26JUL011945-45,2026-07-01T23:30:00Z,2026-07-01T23:45:00Z,60153.47,no
KXBTC15M-26JUL012000-00,2026-07-01T23:45:00Z,2026-07-02T00:00:00Z,60107.23,no
KXBTC15M-26JUL012015-15,2026-07-02T00:00:00Z,2026-07-02T00:15:00Z,59968.41,no
KXBTC15M-26JUL012030-30,2026-07-02T00:15:00Z,2026-07-02T00:30:00Z,59915.3,no
KXBTC15M-26JUL012045-45,2026-07-02T00:30:00Z,2026-07-02T00:45:00Z,59727.18,no
KXBTC15M-26JUL012100-00,2026-07-02T00:45:00Z,2026-07-02T01:00:00Z,59553.56,yes
KXBTC15M-26JUL012115-15,2026-07-02T01:00:00Z,2026-07-02T01:15:00Z,59677.17,yes
KXBTC15M-26JUL012130-30,2026-07-02T01:15:00Z,2026-07-02T01:30:00Z,59868.56,yes
KXBTC15M-26JUL012145-45,2026-07-02T01:30:00Z,2026-07-02T01:45:00Z,59949.86,yes
KXBTC15M-26JUL012200-00,2026-07-02T01:45:00Z,2026-07-02T02:00:00Z,60137.47,no
KXBTC15M-26JUL012215-15,2026-07-02T02:00:00Z,2026-07-02T02:15:00Z,60104.58,no
KXBTC15M-26JUL012230-30,2026-07-02T02:15:00Z,2026-07-02T02:30:00Z,60070.69,yes
KXBTC15M-26JUL012245-45,2026-07-02T02:30:00Z,2026-07-02T02:45:00Z,60129.01,yes
KXBTC15M-26JUL012300-00,2026-07-02T02:45:00Z,2026-07-02T03:00:00Z,60337.56,yes
KXBTC15M-26JUL012315-15,2026-07-02T03:00:00Z,2026-07-02T03:15:00Z,60379.7,yes
KXBTC15M-26JUL012330-30,2026-07-02T03:15:00Z,2026-07-02T03:30:00Z,60411.44,yes
KXBTC15M-26JUL012345-45,2026-07-02T03:30:00Z,2026-07-02T03:45:00Z,60504.7,yes
KXBTC15M-26JUL020000-00,2026-07-02T03:45:00Z,2026-07-02T04:00:00Z,60730.16,yes
KXBTC15M-26JUL020015-15,2026-07-02T04:00:00Z,2026-07-02T04:15:00Z,60983.77,no
KXBTC15M-26JUL020030-30,2026-07-02T04:15:00Z,2026-07-02T04:30:00Z,60883.17,no
KXBTC15M-26JUL020045-45,2026-07-02T04:30:00Z,2026-07-02T04:45:00Z,60769.02,no
KXBTC15M-26JUL020100-00,2026-07-02T04:45:00Z,2026-07-02T05:00:00Z,60688.14,yes
KXBTC15M-26JUL020115-15,2026-07-02T05:00:00Z,2026-07-02T05:15:00Z,60731.18,yes
KXBTC15M-26JUL020130-30,2026-07-02T05:15:00Z,2026-07-02T05:30:00Z,60767.06,no
KXBTC15M-26JUL020145-45,2026-07-02T05:30:00Z,2026-07-02T05:45:00Z,60677.74,no
KXBTC15M-26JUL020200-00,2026-07-02T05:45:00Z,2026-07-02T06:00:00Z,60573.28,no
KXBTC15M-26JUL020215-15,2026-07-02T06:00:00Z,2026-07-02T06:15:00Z,60443.07,no
KXBTC15M-26JUL020230-30,2026-07-02T06:15:00Z,2026-07-02T06:30:00Z,60349.6,yes
KXBTC15M-26JUL020245-45,2026-07-02T06:30:00Z,2026-07-02T06:45:00Z,60410.8,yes
KXBTC15M-26JUL020515-15,2026-07-02T09:00:00Z,2026-07-02T09:15:00Z,60442.49,no
KXBTC15M-26JUL020530-30,2026-07-02T09:15:00Z,2026-07-02T09:30:00Z,60416.31,yes
KXBTC15M-26JUL020545-45,2026-07-02T09:30:00Z,2026-07-02T09:45:00Z,60537.11,yes
KXBTC15M-26JUL020600-00,2026-07-02T09:45:00Z,2026-07-02T10:00:00Z,61005.92,yes
KXBTC15M-26JUL020615-15,2026-07-02T10:00:00Z,2026-07-02T10:15:00Z,61127.54,yes
KXBTC15M-26JUL020630-30,2026-07-02T10:15:00Z,2026-07-02T10:30:00Z,61138.7,no
KXBTC15M-26JUL020645-45,2026-07-02T10:30:00Z,2026-07-02T10:45:00Z,61126.73,yes
KXBTC15M-26JUL020700-00,2026-07-02T10:45:00Z,2026-07-02T11:00:00Z,61165.01,yes
KXBTC15M-26JUL020715-15,2026-07-02T11:00:00Z,2026-07-02T11:15:00Z,61195.19,yes
KXBTC15M-26JUL020730-30,2026-07-02T11:15:00Z,2026-07-02T11:30:00Z,61219.17,yes
KXBTC15M-26JUL020745-45,2026-07-02T11:30:00Z,2026-07-02T11:45:00Z,61224.42,yes
KXBTC15M-26JUL020800-00,2026-07-02T11:45:00Z,2026-07-02T12:00:00Z,61242.89,yes
KXBTC15M-26JUL020815-15,2026-07-02T12:00:00Z,2026-07-02T12:15:00Z,61261.76,yes
KXBTC15M-26JUL020830-30,2026-07-02T12:15:00Z,2026-07-02T12:30:00Z,61279.29,no
KXBTC15M-26JUL020845-45,2026-07-02T12:30:00Z,2026-07-02T12:45:00Z,61254.23,yes
KXBTC15M-26JUL020900-00,2026-07-02T12:45:00Z,2026-07-02T13:00:00Z,61308.21,yes
KXBTC15M-26JUL020915-15,2026-07-02T13:00:00Z,2026-07-02T13:15:00Z,61482.05,yes
KXBTC15M-26JUL020930-30,2026-07-02T13:15:00Z,2026-07-02T13:30:00Z,61621.44,no
KXBTC15M-26JUL020945-45,2026-07-02T13:30:00Z,2026-07-02T13:45:00Z,61619.69,yes
KXBTC15M-26JUL021000-00,2026-07-02T13:45:00Z,2026-07-02T14:00:00Z,61913.36,no
KXBTC15M-26JUL021015-15,2026-07-02T14:00:00Z,2026-07-02T14:15:00Z,61875.19,yes
KXBTC15M-26JUL021030-30,2026-07-02T14:15:00Z,2026-07-02T14:30:00Z,62077.34,no
KXBTC15M-26JUL021045-45,2026-07-02T14:30:00Z,2026-07-02T14:45:00Z,61636.45,no
KXBTC15M-26JUL021100-00,2026-07-02T14:45:00Z,2026-07-02T15:00:00Z,61384.15,yes
KXBTC15M-26JUL021115-15,2026-07-02T15:00:00Z,2026-07-02T15:15:00Z,61610.36,no
KXBTC15M-26JUL021130-30,2026-07-02T15:15:00Z,2026-07-02T15:30:00Z,61526.19,yes
KXBTC15M-26JUL021145-45,2026-07-02T15:30:00Z,2026-07-02T15:45:00Z,61707.34,no
KXBTC15M-26JUL021200-00,2026-07-02T15:45:00Z,2026-07-02T16:00:00Z,61669.35,no
KXBTC15M-26JUL021215-15,2026-07-02T16:00:00Z,2026-07-02T16:15:00Z,61559.64,yes
KXBTC15M-26JUL021230-30,2026-07-02T16:15:00Z,2026-07-02T16:30:00Z,61669.75,no
KXBTC15M-26JUL021245-45,2026-07-02T16:30:00Z,2026-07-02T16:45:00Z,61122.75,yes
KXBTC15M-26JUL021300-00,2026-07-02T16:45:00Z,2026-07-02T17:00:00Z,61375.81,yes
KXBTC15M-26JUL021315-15,2026-07-02T17:00:00Z,2026-07-02T17:15:00Z,61623.73,yes
KXBTC15M-26JUL021330-30,2026-07-02T17:15:00Z,2026-07-02T17:30:00Z,61733.66,yes
KXBTC15M-26JUL021345-45,2026-07-02T17:30:00Z,2026-07-02T17:45:00Z,61821.23,no
KXBTC15M-26JUL021400-00,2026-07-02T17:45:00Z,2026-07-02T18:00:00Z,61726.99,no
KXBTC15M-26JUL021415-15,2026-07-02T18:00:00Z,2026-07-02T18:15:00Z,61613.1,yes
KXBTC15M-26JUL021430-30,2026-07-02T18:15:00Z,2026-07-02T18:30:00Z,61781.53,yes
KXBTC15M-26JUL021445-45,2026-07-02T18:30:00Z,2026-07-02T18:45:00Z,61783.73,no
KXBTC15M-26JUL021500-00,2026-07-02T18:45:00Z,2026-07-02T19:00:00Z,61728.02,no
KXBTC15M-26JUL021515-15,2026-07-02T19:00:00Z,2026-07-02T19:15:00Z,61693.55,no
KXBTC15M-26JUL021530-30,2026-07-02T19:15:00Z,2026-07-02T19:30:00Z,61603.57,no
KXBTC15M-26JUL021545-45,2026-07-02T19:30:00Z,2026-07-02T19:45:00Z,61553.15,no
KXBTC15M-26JUL021600-00,2026-07-02T19:45:00Z,2026-07-02T20:00:00Z,61525.77,no
KXBTC15M-26JUL021615-15,2026-07-02T20:00:00Z,2026-07-02T20:15:00Z,61403.97,no
KXBTC15M-26JUL021630-30,2026-07-02T20:15:00Z,2026-07-02T20:30:00Z,61380.02,no
KXBTC15M-26JUL021645-45,2026-07-02T20:30:00Z,2026-07-02T20:45:00Z,61338.14,no
KXBTC15M-26JUL021700-00,2026-07-02T20:45:00Z,2026-07-02T21:00:00Z,61301.35,yes
KXBTC15M-26JUL021715-15,2026-07-02T21:00:00Z,2026-07-02T21:15:00Z,61521.82,no
KXBTC15M-26JUL021730-30,2026-07-02T21:15:00Z,2026-07-02T21:30:00Z,61462.3,yes
KXBTC15M-26JUL021745-45,2026-07-02T21:30:00Z,2026-07-02T21:45:00Z,61474.09,no
KXBTC15M-26JUL021800-00,2026-07-02T21:45:00Z,2026-07-02T22:00:00Z,61459.03,yes
KXBTC15M-26JUL021815-15,2026-07-02T22:00:00Z,2026-07-02T22:15:00Z,61518.74,no
KXBTC15M-26JUL021830-30,2026-07-02T22:15:00Z,2026-07-02T22:30:00Z,61459.16,yes
KXBTC15M-26JUL021845-45,2026-07-02T22:30:00Z,2026-07-02T22:45:00Z,61459.97,no
KXBTC15M-26JUL021900-00,2026-07-02T22:45:00Z,2026-07-02T23:00:00Z,61457.87,no
KXBTC15M-26JUL021915-15,2026-07-02T23:00:00Z,2026-07-02T23:15:00Z,61421.32,no
KXBTC15M-26JUL021930-30,2026-07-02T23:15:00Z,2026-07-02T23:30:00Z,61286.19,yes
KXBTC15M-26JUL021945-45,2026-07-02T23:30:00Z,2026-07-02T23:45:00Z,61438.28,no
KXBTC15M-26JUL022000-00,2026-07-02T23:45:00Z,2026-07-03T00:00:00Z,61411.01,yes
KXBTC15M-26JUL022015-15,2026-07-03T00:00:00Z,2026-07-03T00:15:00Z,61492.12,no
KXBTC15M-26JUL022030-30,2026-07-03T00:15:00Z,2026-07-03T00:30:00Z,61367.43,no
KXBTC15M-26JUL022045-45,2026-07-03T00:30:00Z,2026-07-03T00:45:00Z,61241.48,yes
KXBTC15M-26JUL022100-00,2026-07-03T00:45:00Z,2026-07-03T01:00:00Z,61258.22,no
KXBTC15M-26JUL022115-15,2026-07-03T01:00:00Z,2026-07-03T01:15:00Z,61233.9,yes
KXBTC15M-26JUL022130-30,2026-07-03T01:15:00Z,2026-07-03T01:30:00Z,61580.05,no
KXBTC15M-26JUL022145-45,2026-07-03T01:30:00Z,2026-07-03T01:45:00Z,61505.22,yes
KXBTC15M-26JUL022200-00,2026-07-03T01:45:00Z,2026-07-03T02:00:00Z,61599.76,no
KXBTC15M-26JUL022215-15,2026-07-03T02:00:00Z,2026-07-03T02:15:00Z,61521.83,no
KXBTC15M-26JUL022230-30,2026-07-03T02:15:00Z,2026-07-03T02:30:00Z,61457.59,no
KXBTC15M-26JUL022245-45,2026-07-03T02:30:00Z,2026-07-03T02:45:00Z,61348.27,no
KXBTC15M-26JUL022300-00,2026-07-03T02:45:00Z,2026-07-03T03:00:00Z,61274.01,yes
KXBTC15M-26JUL022315-15,2026-07-03T03:00:00Z,2026-07-03T03:15:00Z,61364.73,no
KXBTC15M-26JUL022330-30,2026-07-03T03:15:00Z,2026-07-03T03:30:00Z,61269.05,yes
KXBTC15M-26JUL022345-45,2026-07-03T03:30:00Z,2026-07-03T03:45:00Z,61474.79,no
KXBTC15M-26JUL030000-00,2026-07-03T03:45:00Z,2026-07-03T04:00:00Z,61332.54,yes
KXBTC15M-26JUL030015-15,2026-07-03T04:00:00Z,2026-07-03T04:15:00Z,61366.2,no
KXBTC15M-26JUL030030-30,2026-07-03T04:15:00Z,2026-07-03T04:30:00Z,61356.22,yes
KXBTC15M-26JUL030045-45,2026-07-03T04:30:00Z,2026-07-03T04:45:00Z,61356.89,yes
KXBTC15M-26JUL030100-00,2026-07-03T04:45:00Z,2026-07-03T05:00:00Z,61417.42,no
KXBTC15M-26JUL030115-15,2026-07-03T05:00:00Z,2026-07-03T05:15:00Z,61387.31,yes
KXBTC15M-26JUL030130-30,2026-07-03T05:15:00Z,2026-07-03T05:30:00Z,61469.71,yes
KXBTC15M-26JUL030145-45,2026-07-03T05:30:00Z,2026-07-03T05:45:00Z,61580.67,yes
KXBTC15M-26JUL030200-00,2026-07-03T05:45:00Z,2026-07-03T06:00:00Z,61628.47,yes
KXBTC15M-26JUL030215-15,2026-07-03T06:00:00Z,2026-07-03T06:15:00Z,61636.41,yes
KXBTC15M-26JUL030230-30,2026-07-03T06:15:00Z,2026-07-03T06:30:00Z,61671.49,no
KXBTC15M-26JUL030245-45,2026-07-03T06:30:00Z,2026-07-03T06:45:00Z,61653.94,no
KXBTC15M-26JUL030300-00,2026-07-03T06:45:00Z,2026-07-03T07:00:00Z,61580.68,yes
KXBTC15M-26JUL030315-15,2026-07-03T07:00:00Z,2026-07-03T07:15:00Z,61662.12,no
KXBTC15M-26JUL030330-30,2026-07-03T07:15:00Z,2026-07-03T07:30:00Z,61639.88,yes
KXBTC15M-26JUL030345-45,2026-07-03T07:30:00Z,2026-07-03T07:45:00Z,61670.91,yes
KXBTC15M-26JUL030400-00,2026-07-03T07:45:00Z,2026-07-03T08:00:00Z,61755.5,no
KXBTC15M-26JUL030415-15,2026-07-03T08:00:00Z,2026-07-03T08:15:00Z,61694.29,no
KXBTC15M-26JUL030430-30,2026-07-03T08:15:00Z,2026-07-03T08:30:00Z,61686.02,yes
KXBTC15M-26JUL030445-45,2026-07-03T08:30:00Z,2026-07-03T08:45:00Z,61717.23,yes
KXBTC15M-26JUL030500-00,2026-07-03T08:45:00Z,2026-07-03T09:00:00Z,61800.77,no
KXBTC15M-26JUL030515-15,2026-07-03T09:00:00Z,2026-07-03T09:15:00Z,61518.34,yes
KXBTC15M-26JUL030530-30,2026-07-03T09:15:00Z,2026-07-03T09:30:00Z,61631.73,no
KXBTC15M-26JUL030545-45,2026-07-03T09:30:00Z,2026-07-03T09:45:00Z,61619.7,no
KXBTC15M-26JUL030600-00,2026-07-03T09:45:00Z,2026-07-03T10:00:00Z,61594.19,yes
KXBTC15M-26JUL030615-15,2026-07-03T10:00:00Z,2026-07-03T10:15:00Z,61661.25,yes
KXBTC15M-26JUL030630-30,2026-07-03T10:15:00Z,2026-07-03T10:30:00Z,61663.75,yes
KXBTC15M-26JUL030645-45,2026-07-03T10:30:00Z,2026-07-03T10:45:00Z,61688.5,yes
KXBTC15M-26JUL030700-00,2026-07-03T10:45:00Z,2026-07-03T11:00:00Z,61931.91,no
KXBTC15M-26JUL030715-15,2026-07-03T11:00:00Z,2026-07-03T11:15:00Z,61859.39,yes
KXBTC15M-26JUL030730-30,2026-07-03T11:15:00Z,2026-07-03T11:30:00Z,61949.5,no
KXBTC15M-26JUL030745-45,2026-07-03T11:30:00Z,2026-07-03T11:45:00Z,61928.19,no
KXBTC15M-26JUL030800-00,2026-07-03T11:45:00Z,2026-07-03T12:00:00Z,61826.33,yes
KXBTC15M-26JUL030815-15,2026-07-03T12:00:00Z,2026-07-03T12:15:00Z,61965.55,yes
KXBTC15M-26JUL030830-30,2026-07-03T12:15:00Z,2026-07-03T12:30:00Z,62063.01,no
KXBTC15M-26JUL030845-45,2026-07-03T12:30:00Z,2026-07-03T12:45:00Z,61877.58,no
KXBTC15M-26JUL030900-00,2026-07-03T12:45:00Z,2026-07-03T13:00:00Z,61861.7,yes
KXBTC15M-26JUL030915-15,2026-07-03T13:00:00Z,2026-07-03T13:15:00Z,61915.84,yes
KXBTC15M-26JUL030930-30,2026-07-03T13:15:00Z,2026-07-03T13:30:00Z,61994.66,yes
KXBTC15M-26JUL030945-45,2026-07-03T13:30:00Z,2026-07-03T13:45:00Z,62036.36,yes
KXBTC15M-26JUL031000-00,2026-07-03T13:45:00Z,2026-07-03T14:00:00Z,62093.67,no
KXBTC15M-26JUL031015-15,2026-07-03T14:00:00Z,2026-07-03T14:15:00Z,62064.56,no
KXBTC15M-26JUL031030-30,2026-07-03T14:15:00Z,2026-07-03T14:30:00Z,61679.8,yes
KXBTC15M-26JUL031045-45,2026-07-03T14:30:00Z,2026-07-03T14:45:00Z,61862.55,yes
KXBTC15M-26JUL031100-00,2026-07-03T14:45:00Z,2026-07-03T15:00:00Z,61986.74,yes
KXBTC15M-26JUL031115-15,2026-07-03T15:00:00Z,2026-07-03T15:15:00Z,62122.92,yes
KXBTC15M-26JUL031130-30,2026-07-03T15:15:00Z,2026-07-03T15:30:00Z,62157.33,no
KXBTC15M-26JUL031145-45,2026-07-03T15:30:00Z,2026-07-03T15:45:00Z,61955.71,no
KXBTC15M-26JUL031200-00,2026-07-03T15:45:00Z,2026-07-03T16:00:00Z,61812.9,yes
KXBTC15M-26JUL031215-15,2026-07-03T16:00:00Z,2026-07-03T16:15:00Z,61875.95,yes
KXBTC15M-26JUL031230-30,2026-07-03T16:15:00Z,2026-07-03T16:30:00Z,61887.07,yes
KXBTC15M-26JUL031245-45,2026-07-03T16:30:00Z,2026-07-03T16:45:00Z,62027.77,no
KXBTC15M-26JUL031300-00,2026-07-03T16:45:00Z,2026-07-03T17:00:00Z,62017.36,yes
KXBTC15M-26JUL031315-15,2026-07-03T17:00:00Z,2026-07-03T17:15:00Z,62057.18,yes
KXBTC15M-26JUL031330-30,2026-07-03T17:15:00Z,2026-07-03T17:30:00Z,62171.85,no
KXBTC15M-26JUL031345-45,2026-07-03T17:30:00Z,2026-07-03T17:45:00Z,62141.32,yes
KXBTC15M-26JUL031400-00,2026-07-03T17:45:00Z,2026-07-03T18:00:00Z,62187.23,no
KXBTC15M-26JUL031415-15,2026-07-03T18:00:00Z,2026-07-03T18:15:00Z,62138.21,no
KXBTC15M-26JUL031430-30,2026-07-03T18:15:00Z,2026-07-03T18:30:00Z,62116.27,yes
KXBTC15M-26JUL031445-45,2026-07-03T18:30:00Z,2026-07-03T18:45:00Z,62122.2,yes
KXBTC15M-26JUL031500-00,2026-07-03T18:45:00Z,2026-07-03T19:00:00Z,62173.98,no
KXBTC15M-26JUL031515-15,2026-07-03T19:00:00Z,2026-07-03T19:15:00Z,62166.51,no
KXBTC15M-26JUL031530-30,2026-07-03T19:15:00Z,2026-07-03T19:30:00Z,62153.92,yes
KXBTC15M-26JUL031545-45,2026-07-03T19:30:00Z,2026-07-03T19:45:00Z,62174.21,yes
KXBTC15M-26JUL031600-00,2026-07-03T19:45:00Z,2026-07-03T20:00:00Z,62187.71,no
KXBTC15M-26JUL031615-15,2026-07-03T20:00:00Z,2026-07-03T20:15:00Z,62167.19,yes
KXBTC15M-26JUL031630-30,2026-07-03T20:15:00Z,2026-07-03T20:30:00Z,62364.67,yes
KXBTC15M-26JUL031645-45,2026-07-03T20:30:00Z,2026-07-03T20:45:00Z,62565.84,yes
KXBTC15M-26JUL031700-00,2026-07-03T20:45:00Z,2026-07-03T21:00:00Z,62655.63,yes
KXBTC15M-26JUL031715-15,2026-07-03T21:00:00Z,2026-07-03T21:15:00Z,62716.97,yes
KXBTC15M-26JUL031730-30,2026-07-03T21:15:00Z,2026-07-03T21:30:00Z,62719.66,no
KXBTC15M-26JUL031745-45,2026-07-03T21:30:00Z,2026-07-03T21:45:00Z,62570.98,no
KXBTC15M-26JUL031800-00,2026-07-03T21:45:00Z,2026-07-03T22:00:00Z,62549.23,yes
KXBTC15M-26JUL031815-15,2026-07-03T22:00:00Z,2026-07-03T22:15:00Z,62682.28,no
KXBTC15M-26JUL031830-30,2026-07-03T22:15:00Z,2026-07-03T22:30:00Z,62562.39,yes
KXBTC15M-26JUL031845-45,2026-07-03T22:30:00Z,2026-07-03T22:45:00Z,62579.78,no
KXBTC15M-26JUL031900-00,2026-07-03T22:45:00Z,2026-07-03T23:00:00Z,62549.25,no
KXBTC15M-26JUL031915-15,2026-07-03T23:00:00Z,2026-07-03T23:15:00Z,62525.28,no
KXBTC15M-26JUL031930-30,2026-07-03T23:15:00Z,2026-07-03T23:30:00Z,62513.16,yes
KXBTC15M-26JUL031945-45,2026-07-03T23:30:00Z,2026-07-03T23:45:00Z,62555.44,yes
KXBTC15M-26JUL032000-00,2026-07-03T23:45:00Z,2026-07-04T00:00:00Z,62626.61,no
KXBTC15M-26JUL032015-15,2026-07-04T00:00:00Z,2026-07-04T00:15:00Z,62559.15,yes
KXBTC15M-26JUL032030-30,2026-07-04T00:15:00Z,2026-07-04T00:30:00Z,62810.97,no
KXBTC15M-26JUL032045-45,2026-07-04T00:30:00Z,2026-07-04T00:45:00Z,62712.66,no
KXBTC15M-26JUL032100-00,2026-07-04T00:45:00Z,2026-07-04T01:00:00Z,62662.66,yes
KXBTC15M-26JUL032115-15,2026-07-04T01:00:00Z,2026-07-04T01:15:00Z,62707.74,no
KXBTC15M-26JUL032130-30,2026-07-04T01:15:00Z,2026-07-04T01:30:00Z,62462.17,no
KXBTC15M-26JUL032145-45,2026-07-04T01:30:00Z,2026-07-04T01:45:00Z,62417.23,no
KXBTC15M-26JUL032200-00,2026-07-04T01:45:00Z,2026-07-04T02:00:00Z,62391.38,yes
KXBTC15M-26JUL032215-15,2026-07-04T02:00:00Z,2026-07-04T02:15:00Z,62436.75,yes
KXBTC15M-26JUL032230-30,2026-07-04T02:15:00Z,2026-07-04T02:30:00Z,62485.55,no
KXBTC15M-26JUL032245-45,2026-07-04T02:30:00Z,2026-07-04T02:45:00Z,62424.82,yes
KXBTC15M-26JUL032300-00,2026-07-04T02:45:00Z,2026-07-04T03:00:00Z,62439.84,yes
KXBTC15M-26JUL032315-15,2026-07-04T03:00:00Z,2026-07-04T03:15:00Z,62489.33,yes
KXBTC15M-26JUL032330-30,2026-07-04T03:15:00Z,2026-07-04T03:30:00Z,62508.4,no
KXBTC15M-26JUL032345-45,2026-07-04T03:30:00Z,2026-07-04T03:45:00Z,62501.15,yes
KXBTC15M-26JUL040000-00,2026-07-04T03:45:00Z,2026-07-04T04:00:00Z,62648.01,no
KXBTC15M-26JUL040015-15,2026-07-04T04:00:00Z,2026-07-04T04:15:00Z,62586.38,yes
KXBTC15M-26JUL040030-30,2026-07-04T04:15:00Z,2026-07-04T04:30:00Z,62609.26,yes
KXBTC15M-26JUL040045-45,2026-07-04T04:30:00Z,2026-07-04T04:45:00Z,62624.65,no
KXBTC15M-26JUL040100-00,2026-07-04T04:45:00Z,2026-07-04T05:00:00Z,62620.2,no
KXBTC15M-26JUL040115-15,2026-07-04T05:00:00Z,2026-07-04T05:15:00Z,62606.98,no
KXBTC15M-26JUL040130-30,2026-07-04T05:15:00Z,2026-07-04T05:30:00Z,62528.1,no
KXBTC15M-26JUL040145-45,2026-07-04T05:30:00Z,2026-07-04T05:45:00Z,62460.78,yes
KXBTC15M-26JUL040200-00,2026-07-04T05:45:00Z,2026-07-04T06:00:00Z,62503.42,no
KXBTC15M-26JUL040215-15,2026-07-04T06:00:00Z,2026-07-04T06:15:00Z,62406.12,no
KXBTC15M-26JUL040230-30,2026-07-04T06:15:00Z,2026-07-04T06:30:00Z,62400.52,no
KXBTC15M-26JUL040245-45,2026-07-04T06:30:00Z,2026-07-04T06:45:00Z,62358.54,yes
KXBTC15M-26JUL040300-00,2026-07-04T06:45:00Z,2026-07-04T07:00:00Z,62404.57,yes
KXBTC15M-26JUL040315-15,2026-07-04T07:00:00Z,2026-07-04T07:15:00Z,62446.67,yes
KXBTC15M-26JUL040330-30,2026-07-04T07:15:00Z,2026-07-04T07:30:00Z,62474.69,yes
KXBTC15M-26JUL040345-45,2026-07-04T07:30:00Z,2026-07-04T07:45:00Z,62502.21,no
KXBTC15M-26JUL040400-00,2026-07-04T07:45:00Z,2026-07-04T08:00:00Z,62459.89,yes
KXBTC15M-26JUL040415-15,2026-07-04T08:00:00Z,2026-07-04T08:15:00Z,62526.09,no
KXBTC15M-26JUL040430-30,2026-07-04T08:15:00Z,2026-07-04T08:30:00Z,62484.19,yes
KXBTC15M-26JUL040445-45,2026-07-04T08:30:00Z,2026-07-04T08:45:00Z,62506.92,yes
KXBTC15M-26JUL040500-00,2026-07-04T08:45:00Z,2026-07-04T09:00:00Z,62541.35,no
KXBTC15M-26JUL040515-15,2026-07-04T09:00:00Z,2026-07-04T09:15:00Z,62513.68,no
KXBTC15M-26JUL040530-30,2026-07-04T09:15:00Z,2026-07-04T09:30:00Z,62464.87,no
KXBTC15M-26JUL040545-45,2026-07-04T09:30:00Z,2026-07-04T09:45:00Z,62415.4,no
KXBTC15M-26JUL040600-00,2026-07-04T09:45:00Z,2026-07-04T10:00:00Z,62395.49,yes
KXBTC15M-26JUL040615-15,2026-07-04T10:00:00Z,2026-07-04T10:15:00Z,62439.88,no
KXBTC15M-26JUL040630-30,2026-07-04T10:15:00Z,2026-07-04T10:30:00Z,62419.27,yes
KXBTC15M-26JUL040645-45,2026-07-04T10:30:00Z,2026-07-04T10:45:00Z,62445.69,no
KXBTC15M-26JUL040700-00,2026-07-04T10:45:00Z,2026-07-04T11:00:00Z,62431.55,yes
KXBTC15M-26JUL040715-15,2026-07-04T11:00:00Z,2026-07-04T11:15:00Z,62471.4,no
KXBTC15M-26JUL040730-30,2026-07-04T11:15:00Z,2026-07-04T11:30:00Z,62452.53,no
KXBTC15M-26JUL040745-45,2026-07-04T11:30:00Z,2026-07-04T11:45:00Z,62424.01,yes
KXBTC15M-26JUL040800-00,2026-07-04T11:45:00Z,2026-07-04T12:00:00Z,62445.51,no
KXBTC15M-26JUL040815-15,2026-07-04T12:00:00Z,2026-07-04T12:15:00Z,62442.57,yes
KXBTC15M-26JUL040830-30,2026-07-04T12:15:00Z,2026-07-04T12:30:00Z,62512.75,yes
KXBTC15M-26JUL040845-45,2026-07-04T12:30:00Z,2026-07-04T12:45:00Z,62547.73,yes
KXBTC15M-26JUL040900-00,2026-07-04T12:45:00Z,2026-07-04T13:00:00Z,62564.07,yes
KXBTC15M-26JUL040915-15,2026-07-04T13:00:00Z,2026-07-04T13:15:00Z,62617.64,no
KXBTC15M-26JUL040930-30,2026-07-04T13:15:00Z,2026-07-04T13:30:00Z,62550.74,yes
KXBTC15M-26JUL040945-45,2026-07-04T13:30:00Z,2026-07-04T13:45:00Z,62600.66,no
KXBTC15M-26JUL041000-00,2026-07-04T13:45:00Z,2026-07-04T14:00:00Z,62552.72,no
KXBTC15M-26JUL041015-15,2026-07-04T14:00:00Z,2026-07-04T14:15:00Z,62540.86,yes
KXBTC15M-26JUL041030-30,2026-07-04T14:15:00Z,2026-07-04T14:30:00Z,62617,no
KXBTC15M-26JUL041045-45,2026-07-04T14:30:00Z,2026-07-04T14:45:00Z,62613.48,yes
KXBTC15M-26JUL041100-00,2026-07-04T14:45:00Z,2026-07-04T15:00:00Z,62640.68,yes
KXBTC15M-26JUL041115-15,2026-07-04T15:00:00Z,2026-07-04T15:15:00Z,62644.66,yes
KXBTC15M-26JUL041130-30,2026-07-04T15:15:00Z,2026-07-04T15:30:00Z,62762.49,yes
KXBTC15M-26JUL041145-45,2026-07-04T15:30:00Z,2026-07-04T15:45:00Z,62855.14,yes
KXBTC15M-26JUL041200-00,2026-07-04T15:45:00Z,2026-07-04T16:00:00Z,62861.33,yes
KXBTC15M-26JUL041215-15,2026-07-04T16:00:00Z,2026-07-04T16:15:00Z,62886.41,no
KXBTC15M-26JUL041230-30,2026-07-04T16:15:00Z,2026-07-04T16:30:00Z,62756.99,yes
KXBTC15M-26JUL041245-45,2026-07-04T16:30:00Z,2026-07-04T16:45:00Z,62827.58,yes
KXBTC15M-26JUL041300-00,2026-07-04T16:45:00Z,2026-07-04T17:00:00Z,62864.46,yes
KXBTC15M-26JUL041315-15,2026-07-04T17:00:00Z,2026-07-04T17:15:00Z,62874.19,no
KXBTC15M-26JUL041330-30,2026-07-04T17:15:00Z,2026-07-04T17:30:00Z,62807.48,yes
KXBTC15M-26JUL041345-45,2026-07-04T17:30:00Z,2026-07-04T17:45:00Z,62922.41,yes
KXBTC15M-26JUL041400-00,2026-07-04T17:45:00Z,2026-07-04T18:00:00Z,63105.72,yes
KXBTC15M-26JUL041415-15,2026-07-04T18:00:00Z,2026-07-04T18:15:00Z,63248.42,yes
KXBTC15M-26JUL041430-30,2026-07-04T18:15:00Z,2026-07-04T18:30:00Z,63269.87,no
KXBTC15M-26JUL041445-45,2026-07-04T18:30:00Z,2026-07-04T18:45:00Z,63114.55,no
KXBTC15M-26JUL041500-00,2026-07-04T18:45:00Z,2026-07-04T19:00:00Z,63088.94,yes
KXBTC15M-26JUL041515-15,2026-07-04T19:00:00Z,2026-07-04T19:15:00Z,63118.1,yes
KXBTC15M-26JUL041530-30,2026-07-04T19:15:00Z,2026-07-04T19:30:00Z,63118.85,yes
KXBTC15M-26JUL041545-45,2026-07-04T19:30:00Z,2026-07-04T19:45:00Z,63313.33,yes
KXBTC15M-26JUL041600-00,2026-07-04T19:45:00Z,2026-07-04T20:00:00Z,63318.53,no
KXBTC15M-26JUL041615-15,2026-07-04T20:00:00Z,2026-07-04T20:15:00Z,63255.46,yes
KXBTC15M-26JUL041630-30,2026-07-04T20:15:00Z,2026-07-04T20:30:00Z,63307.66,no
KXBTC15M-26JUL041645-45,2026-07-04T20:30:00Z,2026-07-04T20:45:00Z,63124.02,yes
KXBTC15M-26JUL041700-00,2026-07-04T20:45:00Z,2026-07-04T21:00:00Z,63230.06,no
KXBTC15M-26JUL041715-15,2026-07-04T21:00:00Z,2026-07-04T21:15:00Z,63187.82,yes
KXBTC15M-26JUL041730-30,2026-07-04T21:15:00Z,2026-07-04T21:30:00Z,63306.77,yes
KXBTC15M-26JUL041745-45,2026-07-04T21:30:00Z,2026-07-04T21:45:00Z,63382.63,no
KXBTC15M-26JUL041800-00,2026-07-04T21:45:00Z,2026-07-04T22:00:00Z,63260.86,yes
KXBTC15M-26JUL041815-15,2026-07-04T22:00:00Z,2026-07-04T22:15:00Z,63261.24,no
KXBTC15M-26JUL041830-30,2026-07-04T22:15:00Z,2026-07-04T22:30:00Z,63213.48,no
KXBTC15M-26JUL041845-45,2026-07-04T22:30:00Z,2026-07-04T22:45:00Z,63158.17,yes
KXBTC15M-26JUL041900-00,2026-07-04T22:45:00Z,2026-07-04T23:00:00Z,63161.85,no
KXBTC15M-26JUL041915-15,2026-07-04T23:00:00Z,2026-07-04T23:15:00Z,63140.03,no
KXBTC15M-26JUL041930-30,2026-07-04T23:15:00Z,2026-07-04T23:30:00Z,63008.71,yes
KXBTC15M-26JUL041945-45,2026-07-04T23:30:00Z,2026-07-04T23:45:00Z,63045.52,yes
KXBTC15M-26JUL042000-00,2026-07-04T23:45:00Z,2026-07-05T00:00:00Z,63156.33,no
KXBTC15M-26JUL042015-15,2026-07-05T00:00:00Z,2026-07-05T00:15:00Z,63092.34,no
KXBTC15M-26JUL042030-30,2026-07-05T00:15:00Z,2026-07-05T00:30:00Z,63005.93,no
KXBTC15M-26JUL042045-45,2026-07-05T00:30:00Z,2026-07-05T00:45:00Z,62986.3,yes
KXBTC15M-26JUL042100-00,2026-07-05T00:45:00Z,2026-07-05T01:00:00Z,63053.08,no
KXBTC15M-26JUL042115-15,2026-07-05T01:00:00Z,2026-07-05T01:15:00Z,62927.31,yes
KXBTC15M-26JUL042130-30,2026-07-05T01:15:00Z,2026-07-05T01:30:00Z,62947.23,no
KXBTC15M-26JUL042145-45,2026-07-05T01:30:00Z,2026-07-05T01:45:00Z,62895.47,no
KXBTC15M-26JUL042200-00,2026-07-05T01:45:00Z,2026-07-05T02:00:00Z,62812.46,yes
KXBTC15M-26JUL042215-15,2026-07-05T02:00:00Z,2026-07-05T02:15:00Z,62846.33,no
KXBTC15M-26JUL042230-30,2026-07-05T02:15:00Z,2026-07-05T02:30:00Z,62692.6,no
KXBTC15M-26JUL042245-45,2026-07-05T02:30:00Z,2026-07-05T02:45:00Z,62680.86,no
KXBTC15M-26JUL042300-00,2026-07-05T02:45:00Z,2026-07-05T03:00:00Z,62633.1,yes
KXBTC15M-26JUL042315-15,2026-07-05T03:00:00Z,2026-07-05T03:15:00Z,62638.48,yes
KXBTC15M-26JUL042330-30,2026-07-05T03:15:00Z,2026-07-05T03:30:00Z,62718.33,no
KXBTC15M-26JUL042345-45,2026-07-05T03:30:00Z,2026-07-05T03:45:00Z,62615.18,yes
KXBTC15M-26JUL050000-00,2026-07-05T03:45:00Z,2026-07-05T04:00:00Z,62681.1,yes
KXBTC15M-26JUL050015-15,2026-07-05T04:00:00Z,2026-07-05T04:15:00Z,62722.36,yes
KXBTC15M-26JUL050030-30,2026-07-05T04:15:00Z,2026-07-05T04:30:00Z,62743.86,yes
KXBTC15M-26JUL050045-45,2026-07-05T04:30:00Z,2026-07-05T04:45:00Z,62806.07,yes
KXBTC15M-26JUL050100-00,2026-07-05T04:45:00Z,2026-07-05T05:00:00Z,62884.38,no
KXBTC15M-26JUL050115-15,2026-07-05T05:00:00Z,2026-07-05T05:15:00Z,62779.94,no
KXBTC15M-26JUL050130-30,2026-07-05T05:15:00Z,2026-07-05T05:30:00Z,62708.56,yes
KXBTC15M-26JUL050145-45,2026-07-05T05:30:00Z,2026-07-05T05:45:00Z,62715.33,no
KXBTC15M-26JUL050200-00,2026-07-05T05:45:00Z,2026-07-05T06:00:00Z,62619.5,yes
KXBTC15M-26JUL050215-15,2026-07-05T06:00:00Z,2026-07-05T06:15:00Z,62703.92,no
KXBTC15M-26JUL050230-30,2026-07-05T06:15:00Z,2026-07-05T06:30:00Z,62660.17,yes
KXBTC15M-26JUL050245-45,2026-07-05T06:30:00Z,2026-07-05T06:45:00Z,62737.6,no
KXBTC15M-26JUL050300-00,2026-07-05T06:45:00Z,2026-07-05T07:00:00Z,62705.26,yes
KXBTC15M-26JUL050315-15,2026-07-05T07:00:00Z,2026-07-05T07:15:00Z,62728.74,no
KXBTC15M-26JUL050330-30,2026-07-05T07:15:00Z,2026-07-05T07:30:00Z,62711.05,no
KXBTC15M-26JUL050345-45,2026-07-05T07:30:00Z,2026-07-05T07:45:00Z,62702.98,yes
KXBTC15M-26JUL050400-00,2026-07-05T07:45:00Z,2026-07-05T08:00:00Z,62870.71,yes
KXBTC15M-26JUL050415-15,2026-07-05T08:00:00Z,2026-07-05T08:15:00Z,62977.28,no
KXBTC15M-26JUL050430-30,2026-07-05T08:15:00Z,2026-07-05T08:30:00Z,62968.16,no
KXBTC15M-26JUL050445-45,2026-07-05T08:30:00Z,2026-07-05T08:45:00Z,62885.54,yes
KXBTC15M-26JUL050500-00,2026-07-05T08:45:00Z,2026-07-05T09:00:00Z,62895.17,no
KXBTC15M-26JUL050515-15,2026-07-05T09:00:00Z,2026-07-05T09:15:00Z,62888.81,no
KXBTC15M-26JUL050530-30,2026-07-05T09:15:00Z,2026-07-05T09:30:00Z,62838.6,no
KXBTC15M-26JUL050545-45,2026-07-05T09:30:00Z,2026-07-05T09:45:00Z,62686.47,no
KXBTC15M-26JUL050600-00,2026-07-05T09:45:00Z,2026-07-05T10:00:00Z,62459.2,yes
KXBTC15M-26JUL050615-15,2026-07-05T10:00:00Z,2026-07-05T10:15:00Z,62570.09,yes
KXBTC15M-26JUL050630-30,2026-07-05T10:15:00Z,2026-07-05T10:30:00Z,62643.63,no
KXBTC15M-26JUL050645-45,2026-07-05T10:30:00Z,2026-07-05T10:45:00Z,62643.43,no
KXBTC15M-26JUL050700-00,2026-07-05T10:45:00Z,2026-07-05T11:00:00Z,62630.58,yes
KXBTC15M-26JUL050715-15,2026-07-05T11:00:00Z,2026-07-05T11:15:00Z,62698.94,no
KXBTC15M-26JUL050730-30,2026-07-05T11:15:00Z,2026-07-05T11:30:00Z,62654.11,no
KXBTC15M-26JUL050745-45,2026-07-05T11:30:00Z,2026-07-05T11:45:00Z,62587.71,yes
KXBTC15M-26JUL050800-00,2026-07-05T11:45:00Z,2026-07-05T12:00:00Z,62643.74,no
KXBTC15M-26JUL050815-15,2026-07-05T12:00:00Z,2026-07-05T12:15:00Z,62613.94,no
KXBTC15M-26JUL050830-30,2026-07-05T12:15:00Z,2026-07-05T12:30:00Z,62566.62,yes
KXBTC15M-26JUL050845-45,2026-07-05T12:30:00Z,2026-07-05T12:45:00Z,62684.84,no
KXBTC15M-26JUL050900-00,2026-07-05T12:45:00Z,2026-07-05T13:00:00Z,62661.87,yes
KXBTC15M-26JUL050915-15,2026-07-05T13:00:00Z,2026-07-05T13:15:00Z,62685.11,yes
KXBTC15M-26JUL050930-30,2026-07-05T13:15:00Z,2026-07-05T13:30:00Z,62691.6,no
KXBTC15M-26JUL050945-45,2026-07-05T13:30:00Z,2026-07-05T13:45:00Z,62644.11,yes
KXBTC15M-26JUL051000-00,2026-07-05T13:45:00Z,2026-07-05T14:00:00Z,62694.24,yes
KXBTC15M-26JUL051015-15,2026-07-05T14:00:00Z,2026-07-05T14:15:00Z,62741.31,no
KXBTC15M-26JUL051030-30,2026-07-05T14:15:00Z,2026-07-05T14:30:00Z,62686.06,no
KXBTC15M-26JUL051045-45,2026-07-05T14:30:00Z,2026-07-05T14:45:00Z,62664.51,yes
KXBTC15M-26JUL051100-00,2026-07-05T14:45:00Z,2026-07-05T15:00:00Z,62698.84,yes
KXBTC15M-26JUL051115-15,2026-07-05T15:00:00Z,2026-07-05T15:15:00Z,62756,yes
KXBTC15M-26JUL051130-30,2026-07-05T15:15:00Z,2026-07-05T15:30:00Z,62777.75,no
KXBTC15M-26JUL051145-45,2026-07-05T15:30:00Z,2026-07-05T15:45:00Z,62728.8,no
KXBTC15M-26JUL051200-00,2026-07-05T15:45:00Z,2026-07-05T16:00:00Z,62658.4,yes
KXBTC15M-26JUL051215-15,2026-07-05T16:00:00Z,2026-07-05T16:15:00Z,62692.16,no
KXBTC15M-26JUL051230-30,2026-07-05T16:15:00Z,2026-07-05T16:30:00Z,62668.14,no
KXBTC15M-26JUL051245-45,2026-07-05T16:30:00Z,2026-07-05T16:45:00Z,62608.07,no
KXBTC15M-26JUL051300-00,2026-07-05T16:45:00Z,2026-07-05T17:00:00Z,62570.59,yes
KXBTC15M-26JUL051315-15,2026-07-05T17:00:00Z,2026-07-05T17:15:00Z,62594.9,yes
KXBTC15M-26JUL051330-30,2026-07-05T17:15:00Z,2026-07-05T17:30:00Z,62649.8,no
KXBTC15M-26JUL051345-45,2026-07-05T17:30:00Z,2026-07-05T17:45:00Z,62641.13,no
KXBTC15M-26JUL051400-00,2026-07-05T17:45:00Z,2026-07-05T18:00:00Z,62568.67,yes
KXBTC15M-26JUL051415-15,2026-07-05T18:00:00Z,2026-07-05T18:15:00Z,62578.85,yes
KXBTC15M-26JUL051430-30,2026-07-05T18:15:00Z,2026-07-05T18:30:00Z,62606.43,yes
KXBTC15M-26JUL051445-45,2026-07-05T18:30:00Z,2026-07-05T18:45:00Z,62644.4,yes
KXBTC15M-26JUL051500-00,2026-07-05T18:45:00Z,2026-07-05T19:00:00Z,62701.66,yes
KXBTC15M-26JUL051515-15,2026-07-05T19:00:00Z,2026-07-05T19:15:00Z,62766.02,yes
KXBTC15M-26JUL051530-30,2026-07-05T19:15:00Z,2026-07-05T19:30:00Z,62797.31,no
KXBTC15M-26JUL051545-45,2026-07-05T19:30:00Z,2026-07-05T19:45:00Z,62722.31,yes
KXBTC15M-26JUL051600-00,2026-07-05T19:45:00Z,2026-07-05T20:00:00Z,62731.87,no
KXBTC15M-26JUL051615-15,2026-07-05T20:00:00Z,2026-07-05T20:15:00Z,62728.25,yes
KXBTC15M-26JUL051630-30,2026-07-05T20:15:00Z,2026-07-05T20:30:00Z,62765.13,no
KXBTC15M-26JUL051645-45,2026-07-05T20:30:00Z,2026-07-05T20:45:00Z,62670.45,yes
KXBTC15M-26JUL051700-00,2026-07-05T20:45:00Z,2026-07-05T21:00:00Z,62690.47,no
KXBTC15M-26JUL051715-15,2026-07-05T21:00:00Z,2026-07-05T21:15:00Z,62690.1,yes
KXBTC15M-26JUL051730-30,2026-07-05T21:15:00Z,2026-07-05T21:30:00Z,62692.37,yes
KXBTC15M-26JUL051745-45,2026-07-05T21:30:00Z,2026-07-05T21:45:00Z,62873.6,yes
KXBTC15M-26JUL051800-00,2026-07-05T21:45:00Z,2026-07-05T22:00:00Z,62957.71,yes
KXBTC15M-26JUL051815-15,2026-07-05T22:00:00Z,2026-07-05T22:15:00Z,63077.64,yes
KXBTC15M-26JUL051830-30,2026-07-05T22:15:00Z,2026-07-05T22:30:00Z,63156.72,yes
KXBTC15M-26JUL051845-45,2026-07-05T22:30:00Z,2026-07-05T22:45:00Z,63631.2,no
KXBTC15M-26JUL051900-00,2026-07-05T22:45:00Z,2026-07-05T23:00:00Z,63500.59,yes
KXBTC15M-26JUL051915-15,2026-07-05T23:00:00Z,2026-07-05T23:15:00Z,63663.63,yes
KXBTC15M-26JUL051930-30,2026-07-05T23:15:00Z,2026-07-05T23:30:00Z,63871.2,no
KXBTC15M-26JUL051945-45,2026-07-05T23:30:00Z,2026-07-05T23:45:00Z,63657.98,yes
KXBTC15M-26JUL052000-00,2026-07-05T23:45:00Z,2026-07-06T00:00:00Z,63661.52,no
KXBTC15M-26JUL052015-15,2026-07-06T00:00:00Z,2026-07-06T00:15:00Z,63576.4,no
KXBTC15M-26JUL052030-30,2026-07-06T00:15:00Z,2026-07-06T00:30:00Z,63506.09,no
KXBTC15M-26JUL052045-45,2026-07-06T00:30:00Z,2026-07-06T00:45:00Z,63392.26,yes
KXBTC15M-26JUL052100-00,2026-07-06T00:45:00Z,2026-07-06T01:00:00Z,63546.15,yes
KXBTC15M-26JUL052115-15,2026-07-06T01:00:00Z,2026-07-06T01:15:00Z,63695.38,yes
KXBTC15M-26JUL052130-30,2026-07-06T01:15:00Z,2026-07-06T01:30:00Z,63745.54,no
KXBTC15M-26JUL052145-45,2026-07-06T01:30:00Z,2026-07-06T01:45:00Z,63663.74,yes
KXBTC15M-26JUL052200-00,2026-07-06T01:45:00Z,2026-07-06T02:00:00Z,63682.8,no
KXBTC15M-26JUL052215-15,2026-07-06T02:00:00Z,2026-07-06T02:15:00Z,63520.59,no
KXBTC15M-26JUL052230-30,2026-07-06T02:15:00Z,2026-07-06T02:30:00Z,63395.83,yes
KXBTC15M-26JUL052245-45,2026-07-06T02:30:00Z,2026-07-06T02:45:00Z,63479.67,no
KXBTC15M-26JUL052300-00,2026-07-06T02:45:00Z,2026-07-06T03:00:00Z,63361.18,yes
KXBTC15M-26JUL052315-15,2026-07-06T03:00:00Z,2026-07-06T03:15:00Z,63419.2,no
KXBTC15M-26JUL052330-30,2026-07-06T03:15:00Z,2026-07-06T03:30:00Z,63353.23,no
KXBTC15M-26JUL052345-45,2026-07-06T03:30:00Z,2026-07-06T03:45:00Z,63168.57,no
KXBTC15M-26JUL060000-00,2026-07-06T03:45:00Z,2026-07-06T04:00:00Z,63145.88,yes
KXBTC15M-26JUL060015-15,2026-07-06T04:00:00Z,2026-07-06T04:15:00Z,63233.15,yes
KXBTC15M-26JUL060030-30,2026-07-06T04:15:00Z,2026-07-06T04:30:00Z,63273.1,no
KXBTC15M-26JUL060045-45,2026-07-06T04:30:00Z,2026-07-06T04:45:00Z,63167.53,yes
KXBTC15M-26JUL060100-00,2026-07-06T04:45:00Z,2026-07-06T05:00:00Z,63268.52,no
KXBTC15M-26JUL060115-15,2026-07-06T05:00:00Z,2026-07-06T05:15:00Z,63202.05,no
KXBTC15M-26JUL060130-30,2026-07-06T05:15:00Z,2026-07-06T05:30:00Z,63155.72,no
KXBTC15M-26JUL060145-45,2026-07-06T05:30:00Z,2026-07-06T05:45:00Z,62963.7,yes
KXBTC15M-26JUL060200-00,2026-07-06T05:45:00Z,2026-07-06T06:00:00Z,63083.31,no
KXBTC15M-26JUL060215-15,2026-07-06T06:00:00Z,2026-07-06T06:15:00Z,63058.9,no
KXBTC15M-26JUL060230-30,2026-07-06T06:15:00Z,2026-07-06T06:30:00Z,63048.86,no
KXBTC15M-26JUL060245-45,2026-07-06T06:30:00Z,2026-07-06T06:45:00Z,62972.96,yes
KXBTC15M-26JUL060300-00,2026-07-06T06:45:00Z,2026-07-06T07:00:00Z,63000.6,no
KXBTC15M-26JUL060315-15,2026-07-06T07:00:00Z,2026-07-06T07:15:00Z,62935.82,no
KXBTC15M-26JUL060330-30,2026-07-06T07:15:00Z,2026-07-06T07:30:00Z,62878.98,yes
KXBTC15M-26JUL060345-45,2026-07-06T07:30:00Z,2026-07-06T07:45:00Z,62916.94,yes
KXBTC15M-26JUL060400-00,2026-07-06T07:45:00Z,2026-07-06T08:00:00Z,63041.9,no
KXBTC15M-26JUL060415-15,2026-07-06T08:00:00Z,2026-07-06T08:15:00Z,63037.92,no
KXBTC15M-26JUL060430-30,2026-07-06T08:15:00Z,2026-07-06T08:30:00Z,62989.95,yes
KXBTC15M-26JUL060445-45,2026-07-06T08:30:00Z,2026-07-06T08:45:00Z,63008.68,no
KXBTC15M-26JUL060500-00,2026-07-06T08:45:00Z,2026-07-06T09:00:00Z,62850.95,no
KXBTC15M-26JUL060515-15,2026-07-06T09:00:00Z,2026-07-06T09:15:00Z,62847.83,no
KXBTC15M-26JUL060530-30,2026-07-06T09:15:00Z,2026-07-06T09:30:00Z,62815.62,no
KXBTC15M-26JUL060545-45,2026-07-06T09:30:00Z,2026-07-06T09:45:00Z,62689.04,no
KXBTC15M-26JUL060600-00,2026-07-06T09:45:00Z,2026-07-06T10:00:00Z,62634.79,no
KXBTC15M-26JUL060615-15,2026-07-06T10:00:00Z,2026-07-06T10:15:00Z,62608.91,yes
KXBTC15M-26JUL060630-30,2026-07-06T10:15:00Z,2026-07-06T10:30:00Z,62783.28,yes
KXBTC15M-26JUL060645-45,2026-07-06T10:30:00Z,2026-07-06T10:45:00Z,62819.98,yes
KXBTC15M-26JUL060700-00,2026-07-06T10:45:00Z,2026-07-06T11:00:00Z,62869.9,no
KXBTC15M-26JUL060715-15,2026-07-06T11:00:00Z,2026-07-06T11:15:00Z,62769.4,no
KXBTC15M-26JUL060730-30,2026-07-06T11:15:00Z,2026-07-06T11:30:00Z,62753.84,yes
KXBTC15M-26JUL060745-45,2026-07-06T11:30:00Z,2026-07-06T11:45:00Z,62829.37,yes
KXBTC15M-26JUL060800-00,2026-07-06T11:45:00Z,2026-07-06T12:00:00Z,62887.92,no
KXBTC15M-26JUL060815-15,2026-07-06T12:00:00Z,2026-07-06T12:15:00Z,62563,no
KXBTC15M-26JUL060830-30,2026-07-06T12:15:00Z,2026-07-06T12:30:00Z,61950.66,yes
KXBTC15M-26JUL060845-45,2026-07-06T12:30:00Z,2026-07-06T12:45:00Z,62022.35,no
KXBTC15M-26JUL060900-00,2026-07-06T12:45:00Z,2026-07-06T13:00:00Z,61751.56,no
KXBTC15M-26JUL060915-15,2026-07-06T13:00:00Z,2026-07-06T13:15:00Z,61708.24,no
KXBTC15M-26JUL060930-30,2026-07-06T13:15:00Z,2026-07-06T13:30:00Z,61631.51,no
KXBTC15M-26JUL060945-45,2026-07-06T13:30:00Z,2026-07-06T13:45:00Z,61419.15,yes
KXBTC15M-26JUL061000-00,2026-07-06T13:45:00Z,2026-07-06T14:00:00Z,61572.71,yes
KXBTC15M-26JUL061015-15,2026-07-06T14:00:00Z,2026-07-06T14:15:00Z,61760.12,yes
KXBTC15M-26JUL061030-30,2026-07-06T14:15:00Z,2026-07-06T14:30:00Z,61905,yes
KXBTC15M-26JUL061045-45,2026-07-06T14:30:00Z,2026-07-06T14:45:00Z,62064.4,no
KXBTC15M-26JUL061100-00,2026-07-06T14:45:00Z,2026-07-06T15:00:00Z,62037.1,no
KXBTC15M-26JUL061115-15,2026-07-06T15:00:00Z,2026-07-06T15:15:00Z,61980.12,yes
KXBTC15M-26JUL061130-30,2026-07-06T15:15:00Z,2026-07-06T15:30:00Z,62443.75,no
KXBTC15M-26JUL061145-45,2026-07-06T15:30:00Z,2026-07-06T15:45:00Z,62397.82,yes
KXBTC15M-26JUL061200-00,2026-07-06T15:45:00Z,2026-07-06T16:00:00Z,62830.1,yes
KXBTC15M-26JUL061215-15,2026-07-06T16:00:00Z,2026-07-06T16:15:00Z,63474.04,yes
KXBTC15M-26JUL061230-30,2026-07-06T16:15:00Z,2026-07-06T16:30:00Z,63784.86,no
KXBTC15M-26JUL061245-45,2026-07-06T16:30:00Z,2026-07-06T16:45:00Z,63444.79,yes
KXBTC15M-26JUL061300-00,2026-07-06T16:45:00Z,2026-07-06T17:00:00Z,63684.85,no
KXBTC15M-26JUL061315-15,2026-07-06T17:00:00Z,2026-07-06T17:15:00Z,63681.62,yes
KXBTC15M-26JUL061330-30,2026-07-06T17:15:00Z,2026-07-06T17:30:00Z,63816.43,yes
KXBTC15M-26JUL061345-45,2026-07-06T17:30:00Z,2026-07-06T17:45:00Z,63870.31,no
KXBTC15M-26JUL061400-00,2026-07-06T17:45:00Z,2026-07-06T18:00:00Z,63672.6,no
KXBTC15M-26JUL061415-15,2026-07-06T18:00:00Z,2026-07-06T18:15:00Z,63545.1,yes
KXBTC15M-26JUL061430-30,2026-07-06T18:15:00Z,2026-07-06T18:30:00Z,63652.09,yes
KXBTC15M-26JUL061445-45,2026-07-06T18:30:00Z,2026-07-06T18:45:00Z,63718.55,yes
KXBTC15M-26JUL061500-00,2026-07-06T18:45:00Z,2026-07-06T19:00:00Z,63753.05,no
KXBTC15M-26JUL061515-15,2026-07-06T19:00:00Z,2026-07-06T19:15:00Z,63658.54,yes
KXBTC15M-26JUL061530-30,2026-07-06T19:15:00Z,2026-07-06T19:30:00Z,63692.78,yes
KXBTC15M-26JUL061545-45,2026-07-06T19:30:00Z,2026-07-06T19:45:00Z,63802.45,yes
KXBTC15M-26JUL061600-00,2026-07-06T19:45:00Z,2026-07-06T20:00:00Z,63806.01,no
KXBTC15M-26JUL061615-15,2026-07-06T20:00:00Z,2026-07-06T20:15:00Z,63690.51,no
KXBTC15M-26JUL061630-30,2026-07-06T20:15:00Z,2026-07-06T20:30:00Z,63569.69,yes
KXBTC15M-26JUL061645-45,2026-07-06T20:30:00Z,2026-07-06T20:45:00Z,63711.98,yes
KXBTC15M-26JUL061700-00,2026-07-06T20:45:00Z,2026-07-06T21:00:00Z,63790.61,yes
KXBTC15M-26JUL061715-15,2026-07-06T21:00:00Z,2026-07-06T21:15:00Z,63796.73,yes
KXBTC15M-26JUL061730-30,2026-07-06T21:15:00Z,2026-07-06T21:30:00Z,64288.96,no
KXBTC15M-26JUL061745-45,2026-07-06T21:30:00Z,2026-07-06T21:45:00Z,64192.05,no
KXBTC15M-26JUL061800-00,2026-07-06T21:45:00Z,2026-07-06T22:00:00Z,64160.27,yes
KXBTC15M-26JUL061815-15,2026-07-06T22:00:00Z,2026-07-06T22:15:00Z,64397.01,no
KXBTC15M-26JUL061830-30,2026-07-06T22:15:00Z,2026-07-06T22:30:00Z,64326.31,no
KXBTC15M-26JUL061845-45,2026-07-06T22:30:00Z,2026-07-06T22:45:00Z,64184.9,no
KXBTC15M-26JUL061900-00,2026-07-06T22:45:00Z,2026-07-06T23:00:00Z,64155.73,yes
KXBTC15M-26JUL061915-15,2026-07-06T23:00:00Z,2026-07-06T23:15:00Z,64199.37,yes
KXBTC15M-26JUL061930-30,2026-07-06T23:15:00Z,2026-07-06T23:30:00Z,64227.28,no
KXBTC15M-26JUL061945-45,2026-07-06T23:30:00Z,2026-07-06T23:45:00Z,64079.15,no
KXBTC15M-26JUL062000-00,2026-07-06T23:45:00Z,2026-07-07T00:00:00Z,64038.41,no
KXBTC15M-26JUL062015-15,2026-07-07T00:00:00Z,2026-07-07T00:15:00Z,64003.5,no
KXBTC15M-26JUL062030-30,2026-07-07T00:15:00Z,2026-07-07T00:30:00Z,63996.65,yes
KXBTC15M-26JUL062045-45,2026-07-07T00:30:00Z,2026-07-07T00:45:00Z,64218.22,no
KXBTC15M-26JUL062100-00,2026-07-07T00:45:00Z,2026-07-07T01:00:00Z,64045.01,yes
KXBTC15M-26JUL062115-15,2026-07-07T01:00:00Z,2026-07-07T01:15:00Z,64165.02,no
KXBTC15M-26JUL062130-30,2026-07-07T01:15:00Z,2026-07-07T01:30:00Z,63942.17,no
KXBTC15M-26JUL062145-45,2026-07-07T01:30:00Z,2026-07-07T01:45:00Z,63921.95,no
KXBTC15M-26JUL062200-00,2026-07-07T01:45:00Z,2026-07-07T02:00:00Z,63897.01,no
KXBTC15M-26JUL062215-15,2026-07-07T02:00:00Z,2026-07-07T02:15:00Z,63805.76,no
KXBTC15M-26JUL062230-30,2026-07-07T02:15:00Z,2026-07-07T02:30:00Z,63793.07,no
KXBTC15M-26JUL062245-45,2026-07-07T02:30:00Z,2026-07-07T02:45:00Z,63554.71,no
KXBTC15M-26JUL062300-00,2026-07-07T02:45:00Z,2026-07-07T03:00:00Z,63551.8,no
KXBTC15M-26JUL062315-15,2026-07-07T03:00:00Z,2026-07-07T03:15:00Z,63278.79,yes
KXBTC15M-26JUL062330-30,2026-07-07T03:15:00Z,2026-07-07T03:30:00Z,63320.87,no
KXBTC15M-26JUL062345-45,2026-07-07T03:30:00Z,2026-07-07T03:45:00Z,63231.76,no
KXBTC15M-26JUL070000-00,2026-07-07T03:45:00Z,2026-07-07T04:00:00Z,63158.17,no
KXBTC15M-26JUL070015-15,2026-07-07T04:00:00Z,2026-07-07T04:15:00Z,63138.26,yes
KXBTC15M-26JUL070030-30,2026-07-07T04:15:00Z,2026-07-07T04:30:00Z,63165.49,yes
KXBTC15M-26JUL070045-45,2026-07-07T04:30:00Z,2026-07-07T04:45:00Z,63226.99,no
KXBTC15M-26JUL070100-00,2026-07-07T04:45:00Z,2026-07-07T05:00:00Z,63127.29,no
KXBTC15M-26JUL070115-15,2026-07-07T05:00:00Z,2026-07-07T05:15:00Z,63057.1,no
KXBTC15M-26JUL070130-30,2026-07-07T05:15:00Z,2026-07-07T05:30:00Z,62787.66,yes
KXBTC15M-26JUL070145-45,2026-07-07T05:30:00Z,2026-07-07T05:45:00Z,62882.92,yes
KXBTC15M-26JUL070200-00,2026-07-07T05:45:00Z,2026-07-07T06:00:00Z,63122.52,no
KXBTC15M-26JUL070215-15,2026-07-07T06:00:00Z,2026-07-07T06:15:00Z,63093.02,no
KXBTC15M-26JUL070230-30,2026-07-07T06:15:00Z,2026-07-07T06:30:00Z,62976.93,yes
KXBTC15M-26JUL070245-45,2026-07-07T06:30:00Z,2026-07-07T06:45:00Z,63115.68,yes
KXBTC15M-26JUL070300-00,2026-07-07T06:45:00Z,2026-07-07T07:00:00Z,63212.35,yes
KXBTC15M-26JUL070315-15,2026-07-07T07:00:00Z,2026-07-07T07:15:00Z,63296.13,yes
KXBTC15M-26JUL070330-30,2026-07-07T07:15:00Z,2026-07-07T07:30:00Z,63348.52,no
KXBTC15M-26JUL070345-45,2026-07-07T07:30:00Z,2026-07-07T07:45:00Z,63216.48,no
KXBTC15M-26JUL070400-00,2026-07-07T07:45:00Z,2026-07-07T08:00:00Z,63135.58,no
KXBTC15M-26JUL070415-15,2026-07-07T08:00:00Z,2026-07-07T08:15:00Z,63049.8,yes
KXBTC15M-26JUL070430-30,2026-07-07T08:15:00Z,2026-07-07T08:30:00Z,63085.09,no
KXBTC15M-26JUL070445-45,2026-07-07T08:30:00Z,2026-07-07T08:45:00Z,63035.73,no
KXBTC15M-26JUL070500-00,2026-07-07T08:45:00Z,2026-07-07T09:00:00Z,63023.88,yes
KXBTC15M-26JUL070515-15,2026-07-07T09:00:00Z,2026-07-07T09:15:00Z,63066.97,yes
KXBTC15M-26JUL070530-30,2026-07-07T09:15:00Z,2026-07-07T09:30:00Z,63189.54,no
KXBTC15M-26JUL070545-45,2026-07-07T09:30:00Z,2026-07-07T09:45:00Z,63121.77,yes
KXBTC15M-26JUL070600-00,2026-07-07T09:45:00Z,2026-07-07T10:00:00Z,63232.6,no
KXBTC15M-26JUL070615-15,2026-07-07T10:00:00Z,2026-07-07T10:15:00Z,63207.11,yes
KXBTC15M-26JUL070630-30,2026-07-07T10:15:00Z,2026-07-07T10:30:00Z,63321.84,no
KXBTC15M-26JUL070645-45,2026-07-07T10:30:00Z,2026-07-07T10:45:00Z,63295.99,no
KXBTC15M-26JUL070700-00,2026-07-07T10:45:00Z,2026-07-07T11:00:00Z,63236.53,no
KXBTC15M-26JUL070715-15,2026-07-07T11:00:00Z,2026-07-07T11:15:00Z,63223.77,no
KXBTC15M-26JUL070730-30,2026-07-07T11:15:00Z,2026-07-07T11:30:00Z,63102.69,yes
KXBTC15M-26JUL070745-45,2026-07-07T11:30:00Z,2026-07-07T11:45:00Z,63123.16,yes
KXBTC15M-26JUL070800-00,2026-07-07T11:45:00Z,2026-07-07T12:00:00Z,63180.45,yes
KXBTC15M-26JUL070815-15,2026-07-07T12:00:00Z,2026-07-07T12:15:00Z,63341.49,yes
KXBTC15M-26JUL070830-30,2026-07-07T12:15:00Z,2026-07-07T12:30:00Z,63758.69,no
KXBTC15M-26JUL070845-45,2026-07-07T12:30:00Z,2026-07-07T12:45:00Z,63657.55,no
KXBTC15M-26JUL070900-00,2026-07-07T12:45:00Z,2026-07-07T13:00:00Z,63558.34,no
KXBTC15M-26JUL070915-15,2026-07-07T13:00:00Z,2026-07-07T13:15:00Z,63414.62,no
KXBTC15M-26JUL070930-30,2026-07-07T13:15:00Z,2026-07-07T13:30:00Z,63290.92,no
KXBTC15M-26JUL070945-45,2026-07-07T13:30:00Z,2026-07-07T13:45:00Z,63041.07,yes
KXBTC15M-26JUL071000-00,2026-07-07T13:45:00Z,2026-07-07T14:00:00Z,63065.65,no
KXBTC15M-26JUL071015-15,2026-07-07T14:00:00Z,2026-07-07T14:15:00Z,63000.21,no
KXBTC15M-26JUL071030-30,2026-07-07T14:15:00Z,2026-07-07T14:30:00Z,62976.07,yes
KXBTC15M-26JUL071045-45,2026-07-07T14:30:00Z,2026-07-07T14:45:00Z,63069.79,no
KXBTC15M-26JUL071100-00,2026-07-07T14:45:00Z,2026-07-07T15:00:00Z,62897.47,yes
KXBTC15M-26JUL071115-15,2026-07-07T15:00:00Z,2026-07-07T15:15:00Z,63526.37,no
KXBTC15M-26JUL071130-30,2026-07-07T15:15:00Z,2026-07-07T15:30:00Z,63495.48,yes
KXBTC15M-26JUL071145-45,2026-07-07T15:30:00Z,2026-07-07T15:45:00Z,63682.63,yes
KXBTC15M-26JUL071200-00,2026-07-07T15:45:00Z,2026-07-07T16:00:00Z,63795.61,yes
KXBTC15M-26JUL071215-15,2026-07-07T16:00:00Z,2026-07-07T16:15:00Z,63879.68,no
KXBTC15M-26JUL071230-30,2026-07-07T16:15:00Z,2026-07-07T16:30:00Z,63809.63,yes
KXBTC15M-26JUL071245-45,2026-07-07T16:30:00Z,2026-07-07T16:45:00Z,63964.66,yes
KXBTC15M-26JUL071300-00,2026-07-07T16:45:00Z,2026-07-07T17:00:00Z,64003.69,no
KXBTC15M-26JUL071315-15,2026-07-07T17:00:00Z,2026-07-07T17:15:00Z,63953.37,yes
KXBTC15M-26JUL071330-30,2026-07-07T17:15:00Z,2026-07-07T17:30:00Z,63984.89,yes
KXBTC15M-26JUL071345-45,2026-07-07T17:30:00Z,2026-07-07T17:45:00Z,64101.89,yes
KXBTC15M-26JUL071400-00,2026-07-07T17:45:00Z,2026-07-07T18:00:00Z,64163.49,no
KXBTC15M-26JUL071415-15,2026-07-07T18:00:00Z,2026-07-07T18:15:00Z,64141.69,no
KXBTC15M-26JUL071430-30,2026-07-07T18:15:00Z,2026-07-07T18:30:00Z,63989.64,no
KXBTC15M-26JUL071445-45,2026-07-07T18:30:00Z,2026-07-07T18:45:00Z,63947.5,yes
KXBTC15M-26JUL071500-00,2026-07-07T18:45:00Z,2026-07-07T19:00:00Z,64015.8,no
KXBTC15M-26JUL071515-15,2026-07-07T19:00:00Z,2026-07-07T19:15:00Z,63658.79,no
KXBTC15M-26JUL071530-30,2026-07-07T19:15:00Z,2026-07-07T19:30:00Z,63520.35,yes
KXBTC15M-26JUL071545-45,2026-07-07T19:30:00Z,2026-07-07T19:45:00Z,63602.72,yes
KXBTC15M-26JUL071600-00,2026-07-07T19:45:00Z,2026-07-07T20:00:00Z,63761.63,yes
KXBTC15M-26JUL071615-15,2026-07-07T20:00:00Z,2026-07-07T20:15:00Z,63767.16,no
KXBTC15M-26JUL071630-30,2026-07-07T20:15:00Z,2026-07-07T20:30:00Z,63726.06,no
KXBTC15M-26JUL071645-45,2026-07-07T20:30:00Z,2026-07-07T20:45:00Z,63699.12,no
KXBTC15M-26JUL071700-00,2026-07-07T20:45:00Z,2026-07-07T21:00:00Z,63641.91,yes
KXBTC15M-26JUL071715-15,2026-07-07T21:00:00Z,2026-07-07T21:15:00Z,63659.57,yes
KXBTC15M-26JUL071730-30,2026-07-07T21:15:00Z,2026-07-07T21:30:00Z,63763.16,no
KXBTC15M-26JUL071745-45,2026-07-07T21:30:00Z,2026-07-07T21:45:00Z,63469.18,no
KXBTC15M-26JUL071800-00,2026-07-07T21:45:00Z,2026-07-07T22:00:00Z,63366.1,yes
KXBTC15M-26JUL071815-15,2026-07-07T22:00:00Z,2026-07-07T22:15:00Z,63392.25,yes
KXBTC15M-26JUL071830-30,2026-07-07T22:15:00Z,2026-07-07T22:30:00Z,63412.18,yes
KXBTC15M-26JUL071845-45,2026-07-07T22:30:00Z,2026-07-07T22:45:00Z,63413.76,yes
KXBTC15M-26JUL071900-00,2026-07-07T22:45:00Z,2026-07-07T23:00:00Z,63581.61,no
KXBTC15M-26JUL071915-15,2026-07-07T23:00:00Z,2026-07-07T23:15:00Z,63515.33,yes
KXBTC15M-26JUL071930-30,2026-07-07T23:15:00Z,2026-07-07T23:30:00Z,63597.51,yes
KXBTC15M-26JUL071945-45,2026-07-07T23:30:00Z,2026-07-07T23:45:00Z,63619.32,no
KXBTC15M-26JUL072000-00,2026-07-07T23:45:00Z,2026-07-08T00:00:00Z,63442.45,no
KXBTC15M-26JUL072015-15,2026-07-08T00:00:00Z,2026-07-08T00:15:00Z,63300.99,yes
KXBTC15M-26JUL072030-30,2026-07-08T00:15:00Z,2026-07-08T00:30:00Z,63469.28,yes
KXBTC15M-26JUL072045-45,2026-07-08T00:30:00Z,2026-07-08T00:45:00Z,63579.66,yes
KXBTC15M-26JUL072100-00,2026-07-08T00:45:00Z,2026-07-08T01:00:00Z,63682.89,no
KXBTC15M-26JUL072115-15,2026-07-08T01:00:00Z,2026-07-08T01:15:00Z,63577.77,yes
KXBTC15M-26JUL072130-30,2026-07-08T01:15:00Z,2026-07-08T01:30:00Z,63595.89,no
KXBTC15M-26JUL072145-45,2026-07-08T01:30:00Z,2026-07-08T01:45:00Z,63418.92,no
KXBTC15M-26JUL072200-00,2026-07-08T01:45:00Z,2026-07-08T02:00:00Z,63106.61,no
KXBTC15M-26JUL072215-15,2026-07-08T02:00:00Z,2026-07-08T02:15:00Z,63002.37,no
KXBTC15M-26JUL072230-30,2026-07-08T02:15:00Z,2026-07-08T02:30:00Z,62864.59,yes
KXBTC15M-26JUL072245-45,2026-07-08T02:30:00Z,2026-07-08T02:45:00Z,62902.03,yes
KXBTC15M-26JUL072300-00,2026-07-08T02:45:00Z,2026-07-08T03:00:00Z,62919.79,yes
KXBTC15M-26JUL072315-15,2026-07-08T03:00:00Z,2026-07-08T03:15:00Z,62929.95,yes
KXBTC15M-26JUL072330-30,2026-07-08T03:15:00Z,2026-07-08T03:30:00Z,63030.8,no
KXBTC15M-26JUL072345-45,2026-07-08T03:30:00Z,2026-07-08T03:45:00Z,63004.73,no
KXBTC15M-26JUL080000-00,2026-07-08T03:45:00Z,2026-07-08T04:00:00Z,62909.22,no
KXBTC15M-26JUL080015-15,2026-07-08T04:00:00Z,2026-07-08T04:15:00Z,62708.27,yes
KXBTC15M-26JUL080030-30,2026-07-08T04:15:00Z,2026-07-08T04:30:00Z,62753.54,yes
KXBTC15M-26JUL080045-45,2026-07-08T04:30:00Z,2026-07-08T04:45:00Z,62826.21,no
KXBTC15M-26JUL080100-00,2026-07-08T04:45:00Z,2026-07-08T05:00:00Z,62692.69,yes
KXBTC15M-26JUL080115-15,2026-07-08T05:00:00Z,2026-07-08T05:15:00Z,62752.17,yes
KXBTC15M-26JUL080130-30,2026-07-08T05:15:00Z,2026-07-08T05:30:00Z,62756.09,no
KXBTC15M-26JUL080145-45,2026-07-08T05:30:00Z,2026-07-08T05:45:00Z,62709.23,no
KXBTC15M-26JUL080200-00,2026-07-08T05:45:00Z,2026-07-08T06:00:00Z,62573.85,yes
KXBTC15M-26JUL080215-15,2026-07-08T06:00:00Z,2026-07-08T06:15:00Z,62583.07,no
KXBTC15M-26JUL080230-30,2026-07-08T06:15:00Z,2026-07-08T06:30:00Z,62551.45,yes
KXBTC15M-26JUL080245-45,2026-07-08T06:30:00Z,2026-07-08T06:45:00Z,62577.98,no
KXBTC15M-26JUL080300-00,2026-07-08T06:45:00Z,2026-07-08T07:00:00Z,62489.83,yes
KXBTC15M-26JUL080315-15,2026-07-08T07:00:00Z,2026-07-08T07:15:00Z,62599.06,yes
KXBTC15M-26JUL080330-30,2026-07-08T07:15:00Z,2026-07-08T07:30:00Z,62689.93,yes
KXBTC15M-26JUL080345-45,2026-07-08T07:30:00Z,2026-07-08T07:45:00Z,62767.92,no
KXBTC15M-26JUL080400-00,2026-07-08T07:45:00Z,2026-07-08T08:00:00Z,62756.69,yes
KXBTC15M-26JUL080415-15,2026-07-08T08:00:00Z,2026-07-08T08:15:00Z,62842.17,no
KXBTC15M-26JUL080430-30,2026-07-08T08:15:00Z,2026-07-08T08:30:00Z,62773.08,no
KXBTC15M-26JUL080445-45,2026-07-08T08:30:00Z,2026-07-08T08:45:00Z,62054.79,no
KXBTC15M-26JUL080500-00,2026-07-08T08:45:00Z,2026-07-08T09:00:00Z,61977.25,no
KXBTC15M-26JUL080515-15,2026-07-08T09:00:00Z,2026-07-08T09:15:00Z,61966.13,no
KXBTC15M-26JUL080530-30,2026-07-08T09:15:00Z,2026-07-08T09:30:00Z,61859.56,yes
KXBTC15M-26JUL080545-45,2026-07-08T09:30:00Z,2026-07-08T09:45:00Z,61868.82,yes
KXBTC15M-26JUL080600-00,2026-07-08T09:45:00Z,2026-07-08T10:00:00Z,62066.27,no
KXBTC15M-26JUL080615-15,2026-07-08T10:00:00Z,2026-07-08T10:15:00Z,62008.48,no
KXBTC15M-26JUL080630-30,2026-07-08T10:15:00Z,2026-07-08T10:30:00Z,61925.36,yes
KXBTC15M-26JUL080645-45,2026-07-08T10:30:00Z,2026-07-08T10:45:00Z,62048.69,yes
KXBTC15M-26JUL080700-00,2026-07-08T10:45:00Z,2026-07-08T11:00:00Z,62085.73,yes
