ticker,minute,price,yes_ask,yes_bid
KXBTC15M-26JUN230200-00,3,0.2300,0.2400,0.2300
KXBTC15M-26JUN230200-00,4,0.2700,0.2700,0.2600
KXBTC15M-26JUN230200-00,5,0.4700,0.4800,0.4700
KXBTC15M-26JUN230300-00,3,0.5400,0.5400,0.5300
KXBTC15M-26JUN230300-00,4,0.4100,0.4200,0.4100
KXBTC15M-26JUN230300-00,5,0.5400,0.5400,0.5300
KXBTC15M-26JUN230345-45,3,0.2100,0.2100,0.2000
KXBTC15M-26JUN230345-45,4,0.2700,0.2700,0.2600
KXBTC15M-26JUN230345-45,5,0.1200,0.1300,0.1200
KXBTC15M-26JUN230330-30,3,0.2900,0.3000,0.2900
KXBTC15M-26JUN230330-30,4,0.5000,0.5000,0.4900
KXBTC15M-26JUN230330-30,5,0.6800,0.6900,0.6800
KXBTC15M-26JUN230215-15,3,0.3700,0.3700,0.3600
KXBTC15M-26JUN230215-15,4,0.3100,0.3100,0.3000
KXBTC15M-26JUN230215-15,5,0.2700,0.2800,0.2700
KXBTC15M-26JUN230000-00,3,0.7000,0.7000,0.6800
KXBTC15M-26JUN230000-00,4,0.5700,0.5800,0.5700
KXBTC15M-26JUN230000-00,5,0.8900,0.9060,0.8900
KXBTC15M-26JUN230315-15,3,0.5400,0.5400,0.5300
KXBTC15M-26JUN230315-15,4,0.5300,0.5300,0.5200
KXBTC15M-26JUN230315-15,5,0.5000,0.5100,0.5000
KXBTC15M-26JUN230015-15,3,0.4400,0.4400,0.4300
KXBTC15M-26JUN230015-15,4,0.5400,0.5500,0.5400
KXBTC15M-26JUN230015-15,5,0.4800,0.4800,0.4600
KXBTC15M-26JUN222345-45,3,0.3600,0.3600,0.3500
KXBTC15M-26JUN222345-45,4,0.2500,0.2500,0.2300
KXBTC15M-26JUN222345-45,5,0.3200,0.3200,0.3000
KXBTC15M-26JUN222300-00,3,0.1700,0.1700,0.1600
KXBTC15M-26JUN222300-00,4,0.1700,0.1700,0.1600
KXBTC15M-26JUN222300-00,5,0.3400,0.3500,0.3400
KXBTC15M-26JUN222245-45,3,0.5200,0.5300,0.5200
KXBTC15M-26JUN222245-45,4,0.7100,0.7200,0.7100
KXBTC15M-26JUN222245-45,5,0.5900,0.5900,0.5800
KXBTC15M-26JUN230100-00,3,0.4900,0.5000,0.4900
KXBTC15M-26JUN230100-00,4,0.6100,0.6000,0.5900
KXBTC15M-26JUN230100-00,5,0.1200,0.1200,0.1100
KXBTC15M-26JUN230245-45,3,0.8100,0.8200,0.8100
KXBTC15M-26JUN230245-45,4,0.7800,0.7900,0.7800
KXBTC15M-26JUN230245-45,5,0.8200,0.8200,0.8100
KXBTC15M-26JUN230145-45,3,0.5400,0.5300,0.5200
KXBTC15M-26JUN230145-45,4,0.4300,0.4400,0.4300
KXBTC15M-26JUN230145-45,5,0.4800,0.4800,0.4700
KXBTC15M-26JUN222230-30,3,0.7800,0.7900,0.7800
KXBTC15M-26JUN222230-30,4,0.7600,0.7600,0.7500
KXBTC15M-26JUN222230-30,5,0.8500,0.8500,0.8400
KXBTC15M-26JUN222215-15,3,0.3600,0.3700,0.3600
KXBTC15M-26JUN222215-15,4,0.4800,0.4800,0.4700
KXBTC15M-26JUN222215-15,5,0.3000,0.3000,0.2900
KXBTC15M-26JUN222330-30,3,0.7600,0.7500,0.7400
KXBTC15M-26JUN222330-30,4,0.7700,0.7800,0.7600
KXBTC15M-26JUN222330-30,5,0.7200,0.7300,0.7200
KXBTC15M-26JUN222100-00,3,0.3800,0.3800,0.3700
KXBTC15M-26JUN222100-00,4,0.5800,0.5800,0.5700
KXBTC15M-26JUN222100-00,5,0.5600,0.5700,0.5600
KXBTC15M-26JUN222115-15,3,0.8200,0.8200,0.8100
KXBTC15M-26JUN222115-15,4,0.8200,0.8300,0.8200
KXBTC15M-26JUN222115-15,5,0.8400,0.8500,0.8400
KXBTC15M-26JUN222030-30,3,0.5100,0.5000,0.4900
KXBTC15M-26JUN222030-30,4,0.3200,0.3200,0.3100
KXBTC15M-26JUN222030-30,5,0.1800,0.1900,0.1800
KXBTC15M-26JUN222045-45,3,0.9190,0.9190,0.9180
KXBTC15M-26JUN222045-45,4,0.9290,0.9290,0.9280
KXBTC15M-26JUN222045-45,5,0.9160,0.9170,0.9160
KXBTC15M-26JUN222145-45,3,0.4400,0.4400,0.4300
KXBTC15M-26JUN222145-45,4,0.2600,0.2600,0.2500
KXBTC15M-26JUN222145-45,5,0.0790,0.0800,0.0790
KXBTC15M-26JUN222015-15,3,0.4000,0.4000,0.3900
KXBTC15M-26JUN222015-15,4,0.4800,0.5000,0.4800
KXBTC15M-26JUN222015-15,5,0.5400,0.5400,0.5300
KXBTC15M-26JUN222000-00,3,0.4200,0.4200,0.4100
KXBTC15M-26JUN222000-00,4,0.4200,0.4200,0.4100
KXBTC15M-26JUN222000-00,5,0.3000,0.3000,0.2900
KXBTC15M-26JUN221930-30,3,0.2800,0.2900,0.2800
KXBTC15M-26JUN221930-30,4,0.1900,0.1900,0.1800
KXBTC15M-26JUN221930-30,5,0.2500,0.2500,0.2300
KXBTC15M-26JUN230030-30,3,0.1700,0.1700,0.1600
KXBTC15M-26JUN230030-30,4,0.0840,0.0860,0.0840
KXBTC15M-26JUN230030-30,5,0.0380,0.0410,0.0380
KXBTC15M-26JUN221845-45,3,0.6800,0.6800,0.6700
KXBTC15M-26JUN221845-45,4,0.8100,0.8200,0.8100
KXBTC15M-26JUN221845-45,5,0.6700,0.6700,0.6600
KXBTC15M-26JUN221915-15,3,0.4200,0.4300,0.4200
KXBTC15M-26JUN221915-15,4,0.6100,0.6100,0.6000
KXBTC15M-26JUN221915-15,5,0.4200,0.4300,0.4200
KXBTC15M-26JUN222315-15,3,0.0770,0.0780,0.0740
KXBTC15M-26JUN222315-15,4,0.0620,0.0630,0.0600
KXBTC15M-26JUN222315-15,5,0.0440,0.0440,0.0410
KXBTC15M-26JUN221830-30,3,0.2100,0.2100,0.2000
KXBTC15M-26JUN221830-30,4,0.1800,0.1900,0.1800
KXBTC15M-26JUN221830-30,5,0.0410,0.0470,0.0430
KXBTC15M-26JUN221815-15,3,0.7600,0.7700,0.7600
KXBTC15M-26JUN221815-15,4,0.8400,0.8600,0.8500
KXBTC15M-26JUN221815-15,5,0.8600,0.8800,0.8600
KXBTC15M-26JUN221800-00,3,0.7900,0.7900,0.7800
KXBTC15M-26JUN221800-00,4,0.8400,0.8400,0.8300
KXBTC15M-26JUN221800-00,5,0.9400,0.9480,0.9400
KXBTC15M-26JUN221745-45,3,0.4900,0.4900,0.4800
KXBTC15M-26JUN221745-45,4,0.5900,0.6000,0.5900
KXBTC15M-26JUN221745-45,5,0.5200,0.5200,0.5100
KXBTC15M-26JUN221700-00,3,0.3200,0.3300,0.3200
KXBTC15M-26JUN221700-00,4,0.3000,0.3100,0.3000
KXBTC15M-26JUN221700-00,5,0.1600,0.1700,0.1600
KXBTC15M-26JUN221645-45,3,0.7900,0.8000,0.7900
KXBTC15M-26JUN221645-45,4,0.8100,0.8100,0.8000
KXBTC15M-26JUN221645-45,5,0.7200,0.7300,0.7200
KXBTC15M-26JUN221715-15,3,0.5300,0.5400,0.5300
KXBTC15M-26JUN221715-15,4,0.4600,0.4600,0.4500
KXBTC15M-26JUN221715-15,5,0.4900,0.5000,0.4800
KXBTC15M-26JUN222130-30,3,0.3000,0.3000,0.2900
KXBTC15M-26JUN222130-30,4,0.3200,0.3300,0.3200
KXBTC15M-26JUN222130-30,5,0.2300,0.2400,0.2300
KXBTC15M-26JUN221600-00,3,0.1800,0.1800,0.1700
KXBTC15M-26JUN221600-00,4,0.2000,0.2000,0.1900
KXBTC15M-26JUN221600-00,5,0.5700,0.5700,0.5600
KXBTC15M-26JUN221530-30,3,0.4100,0.4200,0.4100
KXBTC15M-26JUN221530-30,4,0.5700,0.5800,0.5700
KXBTC15M-26JUN221530-30,5,0.6100,0.6100,0.6000
KXBTC15M-26JUN221615-15,3,0.8900,0.8900,0.8800
KXBTC15M-26JUN221615-15,4,0.9190,0.9200,0.9190
KXBTC15M-26JUN221615-15,5,0.9480,0.9480,0.9470
KXBTC15M-26JUN221430-30,3,0.4400,0.4500,0.4400
KXBTC15M-26JUN221430-30,4,0.3400,0.3500,0.3400
KXBTC15M-26JUN221430-30,5,0.3400,0.3500,0.3400
KXBTC15M-26JUN221515-15,3,0.4700,0.4700,0.4600
KXBTC15M-26JUN221515-15,4,0.5100,0.5200,0.5100
KXBTC15M-26JUN221515-15,5,0.6100,0.6200,0.6100
KXBTC15M-26JUN221330-30,3,0.3200,0.3200,0.3100
KXBTC15M-26JUN221330-30,4,0.2600,0.2600,0.2500
KXBTC15M-26JUN221330-30,5,0.1700,0.1800,0.1700
KXBTC15M-26JUN221415-15,3,0.7800,0.7900,0.7800
KXBTC15M-26JUN221415-15,4,0.8300,0.8400,0.8300
KXBTC15M-26JUN221415-15,5,0.8700,0.8700,0.8600
KXBTC15M-26JUN221900-00,3,0.7400,0.7400,0.7300
KXBTC15M-26JUN221900-00,4,0.8200,0.8200,0.8100
KXBTC15M-26JUN221900-00,5,0.8700,0.8800,0.8700
KXBTC15M-26JUN221315-15,3,0.4000,0.4000,0.3900
KXBTC15M-26JUN221315-15,4,0.4400,0.4400,0.4300
KXBTC15M-26JUN221315-15,5,0.2700,0.2700,0.2600
KXBTC15M-26JUN221300-00,3,0.6600,0.6700,0.6600
KXBTC15M-26JUN221300-00,4,0.5800,0.5800,0.5700
KXBTC15M-26JUN221300-00,5,0.8000,0.8100,0.8000
KXBTC15M-26JUN221545-45,3,0.7100,0.7100,0.7000
KXBTC15M-26JUN221545-45,4,0.7000,0.7100,0.7000
KXBTC15M-26JUN221545-45,5,0.6900,0.7000,0.6900
KXBTC15M-26JUN221445-45,3,0.6200,0.6300,0.6200
KXBTC15M-26JUN221445-45,4,0.4100,0.4200,0.4100
KXBTC15M-26JUN221445-45,5,0.4500,0.4500,0.4400
KXBTC15M-26JUN221145-45,3,0.6500,0.6600,0.6500
KXBTC15M-26JUN221145-45,4,0.7000,0.7000,0.6900
KXBTC15M-26JUN221145-45,5,0.7600,0.7700,0.7600
KXBTC15M-26JUN221345-45,3,0.2000,0.2100,0.2000
KXBTC15M-26JUN221345-45,4,0.1800,0.1800,0.1700
KXBTC15M-26JUN221345-45,5,0.0720,0.0720,0.0710
KXBTC15M-26JUN221730-30,3,0.3200,0.3300,0.3200
KXBTC15M-26JUN221730-30,4,0.1800,0.1900,0.1800
KXBTC15M-26JUN221730-30,5,0.1200,0.1300,0.1200
KXBTC15M-26JUN221130-30,3,0.2300,0.2300,0.2200
KXBTC15M-26JUN221130-30,4,0.1700,0.1700,0.1600
KXBTC15M-26JUN221130-30,5,0.1200,0.1300,0.1200
KXBTC15M-26JUN221115-15,3,0.8400,0.8500,0.8400
KXBTC15M-26JUN221115-15,4,0.8400,0.8500,0.8300
KXBTC15M-26JUN221115-15,5,0.5700,0.5800,0.5700
KXBTC15M-26JUN221630-30,3,0.3800,0.3800,0.3700
KXBTC15M-26JUN221630-30,4,0.3000,0.3000,0.2900
KXBTC15M-26JUN221630-30,5,0.2200,0.2400,0.2200
KXBTC15M-26JUN221000-00,3,0.5700,0.5800,0.5700
KXBTC15M-26JUN221000-00,4,0.6600,0.6700,0.6600
KXBTC15M-26JUN221000-00,5,0.8100,0.8200,0.8100
KXBTC15M-26JUN221215-15,3,0.2400,0.2400,0.2300
KXBTC15M-26JUN221215-15,4,0.2200,0.2300,0.2200
KXBTC15M-26JUN221215-15,5,0.1500,0.1500,0.1400
KXBTC15M-26JUN220930-30,3,0.3900,0.3900,0.3800
KXBTC15M-26JUN220930-30,4,0.2700,0.2800,0.2700
KXBTC15M-26JUN220930-30,5,0.2200,0.2200,0.2100
KXBTC15M-26JUN220945-45,3,0.6000,0.6000,0.5900
KXBTC15M-26JUN220945-45,4,0.7600,0.7700,0.7600
KXBTC15M-26JUN220945-45,5,0.9000,0.9010,0.9000
KXBTC15M-26JUN221500-00,3,0.2600,0.2500,0.2400
KXBTC15M-26JUN221500-00,4,0.3200,0.3300,0.3200
KXBTC15M-26JUN221500-00,5,0.1800,0.1800,0.1700
KXBTC15M-26JUN221100-00,3,0.5900,0.5900,0.5800
KXBTC15M-26JUN221100-00,4,0.8100,0.8100,0.8000
KXBTC15M-26JUN221100-00,5,0.7800,0.7900,0.7800
KXBTC15M-26JUN221400-00,3,0.7200,0.7300,0.7200
KXBTC15M-26JUN221400-00,4,0.8100,0.8200,0.8100
KXBTC15M-26JUN221400-00,5,0.8600,0.8800,0.8600
KXBTC15M-26JUN221030-30,3,0.2700,0.2800,0.2700
KXBTC15M-26JUN221030-30,4,0.1600,0.1700,0.1600
KXBTC15M-26JUN221030-30,5,0.1300,0.1300,0.1200
KXBTC15M-26JUN220815-15,3,0.6800,0.6800,0.6700
KXBTC15M-26JUN220815-15,4,0.7700,0.7700,0.7600
KXBTC15M-26JUN220815-15,5,0.8000,0.8100,0.8000
KXBTC15M-26JUN220730-30,3,0.4100,0.4200,0.4100
KXBTC15M-26JUN220730-30,4,0.2800,0.3000,0.2800
KXBTC15M-26JUN220730-30,5,0.3100,0.3200,0.3100
KXBTC15M-26JUN220715-15,3,0.4600,0.4600,0.4500
KXBTC15M-26JUN220715-15,4,0.7100,0.7100,0.7000
KXBTC15M-26JUN220715-15,5,0.9640,0.9650,0.9640
KXBTC15M-26JUN221245-45,3,0.4200,0.4200,0.4100
KXBTC15M-26JUN221245-45,4,0.3400,0.3300,0.3200
KXBTC15M-26JUN221245-45,5,0.1300,0.1300,0.1200
KXBTC15M-26JUN220915-15,3,0.5100,0.5200,0.5100
KXBTC15M-26JUN220915-15,4,0.3900,0.3900,0.3800
KXBTC15M-26JUN220915-15,5,0.2500,0.2500,0.2400
KXBTC15M-26JUN221200-00,3,0.2400,0.2500,0.2400
KXBTC15M-26JUN221200-00,4,0.0710,0.0710,0.0700
KXBTC15M-26JUN221200-00,5,0.0600,0.0610,0.0600
KXBTC15M-26JUN220845-45,3,0.5100,0.5200,0.5100
KXBTC15M-26JUN220845-45,4,0.5200,0.5300,0.5200
KXBTC15M-26JUN220845-45,5,0.5900,0.6000,0.5900
KXBTC15M-26JUN220645-45,3,0.4100,0.4100,0.4000
KXBTC15M-26JUN220645-45,4,0.4900,0.4900,0.4800
KXBTC15M-26JUN220645-45,5,0.3600,0.3600,0.3500
KXBTC15M-26JUN220830-30,3,0.2700,0.2700,0.2600
KXBTC15M-26JUN220830-30,4,0.3200,0.3300,0.3200
KXBTC15M-26JUN220830-30,5,0.2600,0.2700,0.2600
KXBTC15M-26JUN221045-45,3,0.4800,0.4800,0.4700
KXBTC15M-26JUN221045-45,4,0.6000,0.6000,0.5900
KXBTC15M-26JUN221045-45,5,0.6700,0.6800,0.6700
KXBTC15M-26JUN220745-45,3,0.9140,0.9140,0.9130
KXBTC15M-26JUN220745-45,4,0.9240,0.9300,0.9240
KXBTC15M-26JUN220745-45,5,0.9500,0.9510,0.9460
KXBTC15M-26JUN220530-30,3,0.2600,0.2600,0.2500
KXBTC15M-26JUN220530-30,4,0.2900,0.3000,0.2900
KXBTC15M-26JUN220530-30,5,0.2300,0.2400,0.2300
KXBTC15M-26JUN220445-45,3,0.5500,0.5600,0.5500
KXBTC15M-26JUN220445-45,4,0.3700,0.3700,0.3600
KXBTC15M-26JUN220445-45,5,0.2100,0.2100,0.2000
KXBTC15M-26JUN220515-15,3,0.7200,0.7200,0.7100
KXBTC15M-26JUN220515-15,4,0.8300,0.8400,0.8300
KXBTC15M-26JUN220515-15,5,0.8000,0.8100,0.8000
KXBTC15M-26JUN220630-30,3,0.3300,0.3300,0.3200
KXBTC15M-26JUN220630-30,4,0.1900,0.2000,0.1900
KXBTC15M-26JUN220630-30,5,0.2000,0.2000,0.1900
KXBTC15M-26JUN220400-00,3,0.5300,0.5400,0.5300
KXBTC15M-26JUN220400-00,4,0.6300,0.6400,0.6300
KXBTC15M-26JUN220400-00,5,0.4200,0.4400,0.4200
KXBTC15M-26JUN220900-00,3,0.8100,0.8100,0.8000
KXBTC15M-26JUN220900-00,4,0.8300,0.8400,0.8300
KXBTC15M-26JUN220900-00,5,0.8600,0.8600,0.8500
KXBTC15M-26JUN220545-45,3,0.8400,0.8500,0.8400
KXBTC15M-26JUN220545-45,4,0.7200,0.7200,0.7100
KXBTC15M-26JUN220545-45,5,0.5200,0.5300,0.5200
KXBTC15M-26JUN220315-15,3,0.6100,0.6100,0.6000
KXBTC15M-26JUN220315-15,4,0.8500,0.8500,0.8400
KXBTC15M-26JUN220315-15,5,0.8000,0.8100,0.8000
KXBTC15M-26JUN220800-00,3,0.6500,0.6500,0.6400
KXBTC15M-26JUN220800-00,4,0.9240,0.9250,0.9240
KXBTC15M-26JUN220800-00,5,0.7800,0.7900,0.7800
KXBTC15M-26JUN220500-00,3,0.2100,0.2100,0.2000
KXBTC15M-26JUN220500-00,4,0.2600,0.2600,0.2500
KXBTC15M-26JUN220500-00,5,0.1900,0.2000,0.1900
KXBTC15M-26JUN220300-00,3,0.5200,0.5200,0.5100
KXBTC15M-26JUN220300-00,4,0.2700,0.2800,0.2700
KXBTC15M-26JUN220300-00,5,0.3100,0.3200,0.3100
KXBTC15M-26JUN220430-30,3,0.4800,0.4800,0.4700
KXBTC15M-26JUN220430-30,4,0.5000,0.5000,0.4900
KXBTC15M-26JUN220430-30,5,0.7700,0.7800,0.7700
KXBTC15M-26JUN220700-00,3,0.7900,0.7900,0.7800
KXBTC15M-26JUN220700-00,4,0.9030,0.9030,0.8900
KXBTC15M-26JUN220700-00,5,0.9400,0.9400,0.9380
KXBTC15M-26JUN220200-00,3,0.2900,0.3000,0.2900
KXBTC15M-26JUN220200-00,4,0.3900,0.4000,0.3900
KXBTC15M-26JUN220200-00,5,0.1600,0.1700,0.1600
KXBTC15M-26JUN220345-45,3,0.6800,0.6800,0.6700
KXBTC15M-26JUN220345-45,4,0.7400,0.7400,0.7300
KXBTC15M-26JUN220345-45,5,0.7300,0.7400,0.7300
KXBTC15M-26JUN220615-15,3,0.7000,0.7100,0.7000
KXBTC15M-26JUN220615-15,4,0.8200,0.8200,0.8100
KXBTC15M-26JUN220615-15,5,0.8100,0.8200,0.8100
KXBTC15M-26JUN220115-15,3,0.4300,0.4300,0.4200
KXBTC15M-26JUN220115-15,4,0.4700,0.4600,0.4500
KXBTC15M-26JUN220115-15,5,0.5300,0.5400,0.5300
KXBTC15M-26JUN220015-15,3,0.4400,0.4500,0.4400
KXBTC15M-26JUN220015-15,4,0.5900,0.5900,0.5800
KXBTC15M-26JUN220015-15,5,0.4200,0.4200,0.4100
KXBTC15M-26JUN220030-30,3,0.5500,0.5600,0.5500
KXBTC15M-26JUN220030-30,4,0.2000,0.2100,0.2000
KXBTC15M-26JUN220030-30,5,0.3600,0.3700,0.3500
KXBTC15M-26JUN220000-00,3,0.5300,0.5300,0.5200
KXBTC15M-26JUN220000-00,4,0.5400,0.5400,0.5300
KXBTC15M-26JUN220000-00,5,0.2900,0.2900,0.2800
KXBTC15M-26JUN220145-45,3,0.4500,0.4600,0.4500
KXBTC15M-26JUN220145-45,4,0.3500,0.3400,0.3300
KXBTC15M-26JUN220145-45,5,0.3100,0.3100,0.3000
KXBTC15M-26JUN220415-15,3,0.2600,0.2900,0.2800
KXBTC15M-26JUN220415-15,4,0.1500,0.1600,0.1500
KXBTC15M-26JUN220415-15,5,0.1400,0.1400,0.1300
KXBTC15M-26JUN212300-00,3,0.2000,0.2100,0.2000
KXBTC15M-26JUN212300-00,4,0.1500,0.1600,0.1500
KXBTC15M-26JUN212300-00,5,0.0510,0.0510,0.0500
KXBTC15M-26JUN212315-15,3,0.1500,0.1500,0.1400
KXBTC15M-26JUN212315-15,4,0.1900,0.1900,0.1800
KXBTC15M-26JUN212315-15,5,0.1300,0.1300,0.1200
KXBTC15M-26JUN220330-30,3,0.5400,0.5500,0.5400
KXBTC15M-26JUN220330-30,4,0.5700,0.5800,0.5700
KXBTC15M-26JUN220330-30,5,0.6300,0.6300,0.6200
KXBTC15M-26JUN212215-15,3,0.4500,0.4500,0.4400
KXBTC15M-26JUN212215-15,4,0.4300,0.4500,0.4300
KXBTC15M-26JUN212215-15,5,0.4600,0.4600,0.4500
KXBTC15M-26JUN212245-45,3,0.5000,0.5000,0.4900
KXBTC15M-26JUN212245-45,4,0.2700,0.2700,0.2600
KXBTC15M-26JUN212245-45,5,0.1700,0.1700,0.1600
KXBTC15M-26JUN220230-30,3,0.1700,0.1800,0.1700
KXBTC15M-26JUN220230-30,4,0.2200,0.2200,0.2100
KXBTC15M-26JUN220230-30,5,0.1800,0.1900,0.1800
KXBTC15M-26JUN212130-30,3,0.9150,0.9170,0.9150
KXBTC15M-26JUN212130-30,4,0.8800,0.8900,0.8800
KXBTC15M-26JUN212130-30,5,0.9260,0.9290,0.9260
KXBTC15M-26JUN212145-45,3,0.3200,0.3200,0.3100
KXBTC15M-26JUN212145-45,4,0.1700,0.1700,0.1600
KXBTC15M-26JUN212145-45,5,0.1600,0.1700,0.1600
KXBTC15M-26JUN212100-00,3,0.3500,0.3500,0.3400
KXBTC15M-26JUN212100-00,4,0.2700,0.2700,0.2600
KXBTC15M-26JUN212100-00,5,0.0900,0.0900,0.0880
KXBTC15M-26JUN220130-30,3,0.3400,0.3400,0.3300
KXBTC15M-26JUN220130-30,4,0.4500,0.4600,0.4500
KXBTC15M-26JUN220130-30,5,0.3100,0.3200,0.3100
KXBTC15M-26JUN220100-00,3,0.7600,0.7700,0.7600
KXBTC15M-26JUN220100-00,4,0.8400,0.8400,0.8300
KXBTC15M-26JUN220100-00,5,0.8900,0.8900,0.8800
KXBTC15M-26JUN212230-30,3,0.7600,0.7700,0.7600
KXBTC15M-26JUN212230-30,4,0.6900,0.6900,0.6800
KXBTC15M-26JUN212230-30,5,0.6000,0.6000,0.5900
KXBTC15M-26JUN212030-30,3,0.9170,0.9170,0.9140
KXBTC15M-26JUN212030-30,4,0.8300,0.8400,0.8300
KXBTC15M-26JUN212030-30,5,0.9130,0.9130,0.9110
KXBTC15M-26JUN212200-00,3,0.6300,0.6400,0.6300
KXBTC15M-26JUN212200-00,4,0.7900,0.8000,0.7900
KXBTC15M-26JUN212200-00,5,0.7800,0.7900,0.7800
KXBTC15M-26JUN211915-15,3,0.1900,0.1900,0.1800
KXBTC15M-26JUN211915-15,4,0.1200,0.1400,0.1300
KXBTC15M-26JUN211915-15,5,0.1600,0.1600,0.1500
KXBTC15M-26JUN211930-30,3,0.6200,0.6300,0.6200
KXBTC15M-26JUN211930-30,4,0.6400,0.6600,0.6400
KXBTC15M-26JUN211930-30,5,0.8400,0.8400,0.8200
KXBTC15M-26JUN211845-45,3,0.1900,0.1900,0.1800
KXBTC15M-26JUN211845-45,4,0.0870,0.0870,0.0860
KXBTC15M-26JUN211845-45,5,0.1100,0.1100,0.1000
KXBTC15M-26JUN212115-15,3,0.6800,0.6900,0.6800
KXBTC15M-26JUN212115-15,4,0.7100,0.7400,0.7300
KXBTC15M-26JUN212115-15,5,0.6500,0.6500,0.6400
KXBTC15M-26JUN212045-45,3,0.7600,0.7700,0.7600
KXBTC15M-26JUN212045-45,4,0.6300,0.6300,0.6100
KXBTC15M-26JUN212045-45,5,0.7800,0.7800,0.7700
KXBTC15M-26JUN211745-45,3,0.7300,0.7400,0.7300
KXBTC15M-26JUN211745-45,4,0.7300,0.7400,0.7300
KXBTC15M-26JUN211745-45,5,0.8000,0.8000,0.7900
KXBTC15M-26JUN211815-15,3,0.5100,0.5100,0.5000
KXBTC15M-26JUN211815-15,4,0.3800,0.3800,0.3700
KXBTC15M-26JUN211815-15,5,0.3800,0.3900,0.3800
KXBTC15M-26JUN211715-15,3,0.5900,0.5900,0.5800
KXBTC15M-26JUN211715-15,4,0.5000,0.5100,0.4900
KXBTC15M-26JUN211715-15,5,0.4500,0.4500,0.4400
KXBTC15M-26JUN211730-30,3,0.2400,0.2400,0.2300
KXBTC15M-26JUN211730-30,4,0.4400,0.4400,0.4300
KXBTC15M-26JUN211730-30,5,0.7500,0.7500,0.7400
KXBTC15M-26JUN211630-30,3,0.2200,0.2300,0.2200
KXBTC15M-26JUN211630-30,4,0.1600,0.1600,0.1400
KXBTC15M-26JUN211630-30,5,0.1900,0.1900,0.1800
KXBTC15M-26JUN211900-00,3,0.6200,0.6300,0.6200
KXBTC15M-26JUN211900-00,4,0.7000,0.7000,0.6900
KXBTC15M-26JUN211900-00,5,0.8500,0.8500,0.8400
KXBTC15M-26JUN211600-00,3,0.3300,0.3300,0.3200
KXBTC15M-26JUN211600-00,4,0.4900,0.5000,0.4900
KXBTC15M-26JUN211600-00,5,0.4900,0.5000,0.4900
KXBTC15M-26JUN211830-30,3,0.8700,0.8800,0.8700
KXBTC15M-26JUN211830-30,4,0.7700,0.7800,0.7700
KXBTC15M-26JUN211830-30,5,0.8500,0.8500,0.8400
KXBTC15M-26JUN211515-15,3,0.7400,0.7300,0.7200
KXBTC15M-26JUN211515-15,4,0.5600,0.5600,0.5500
KXBTC15M-26JUN211515-15,5,0.5800,0.5900,0.5800
KXBTC15M-26JUN211500-00,3,0.5500,0.5600,0.5500
KXBTC15M-26JUN211500-00,4,0.5800,0.5800,0.5700
KXBTC15M-26JUN211500-00,5,0.5100,0.5200,0.5100
KXBTC15M-26JUN211545-45,3,0.6000,0.6000,0.5900
KXBTC15M-26JUN211545-45,4,0.4300,0.4300,0.4200
KXBTC15M-26JUN211545-45,5,0.2300,0.2300,0.2200
KXBTC15M-26JUN211430-30,3,0.6600,0.6600,0.6500
KXBTC15M-26JUN211430-30,4,0.5800,0.5900,0.5800
KXBTC15M-26JUN211430-30,5,0.6400,0.6500,0.6400
KXBTC15M-26JUN211445-45,3,0.9060,0.9070,0.9060
KXBTC15M-26JUN211445-45,4,0.9250,0.9270,0.9250
KXBTC15M-26JUN211445-45,5,0.9420,0.9430,0.9420
KXBTC15M-26JUN212015-15,3,0.8100,0.8100,0.8000
KXBTC15M-26JUN212015-15,4,0.8600,0.8600,0.8500
KXBTC15M-26JUN212015-15,5,0.9370,0.9390,0.9370
KXBTC15M-26JUN211615-15,3,0.3100,0.3100,0.3000
KXBTC15M-26JUN211615-15,4,0.4200,0.4300,0.4200
KXBTC15M-26JUN211615-15,5,0.7100,0.7100,0.7000
KXBTC15M-26JUN211345-45,3,0.2200,0.2300,0.2200
KXBTC15M-26JUN211345-45,4,0.2300,0.2300,0.2200
KXBTC15M-26JUN211345-45,5,0.1900,0.1900,0.1700
KXBTC15M-26JUN211245-45,3,0.1400,0.1400,0.1300
KXBTC15M-26JUN211245-45,4,0.0780,0.0810,0.0790
KXBTC15M-26JUN211245-45,5,0.0970,0.0970,0.0940
KXBTC15M-26JUN211315-15,3,0.7300,0.7300,0.7200
KXBTC15M-26JUN211315-15,4,0.8000,0.8100,0.8000
KXBTC15M-26JUN211315-15,5,0.8600,0.8700,0.8600
KXBTC15M-26JUN211230-30,3,0.7700,0.7700,0.7600
KXBTC15M-26JUN211230-30,4,0.8200,0.8300,0.8200
KXBTC15M-26JUN211230-30,5,0.8800,0.8900,0.8800
KXBTC15M-26JUN211200-00,3,0.3600,0.3600,0.3500
KXBTC15M-26JUN211200-00,4,0.1600,0.1700,0.1600
KXBTC15M-26JUN211200-00,5,0.2000,0.2100,0.2000
KXBTC15M-26JUN211215-15,3,0.4600,0.4600,0.4500
KXBTC15M-26JUN211215-15,4,0.4600,0.4600,0.4500
KXBTC15M-26JUN211215-15,5,0.1800,0.1800,0.1700
KXBTC15M-26JUN211130-30,3,0.7000,0.7100,0.7000
KXBTC15M-26JUN211130-30,4,0.5900,0.6000,0.5900
KXBTC15M-26JUN211130-30,5,0.4900,0.5000,0.4900
KXBTC15M-26JUN211330-30,3,0.2300,0.2400,0.2300
KXBTC15M-26JUN211330-30,4,0.2200,0.2300,0.2200
KXBTC15M-26JUN211330-30,5,0.1400,0.1400,0.1300
KXBTC15M-26JUN211645-45,3,0.3500,0.3600,0.3500
KXBTC15M-26JUN211645-45,4,0.1700,0.1800,0.1700
KXBTC15M-26JUN211645-45,5,0.2500,0.2600,0.2400
KXBTC15M-26JUN211045-45,3,0.4800,0.4800,0.4700
KXBTC15M-26JUN211045-45,4,0.2800,0.2900,0.2800
KXBTC15M-26JUN211045-45,5,0.3400,0.3400,0.3300
KXBTC15M-26JUN211100-00,3,0.3400,0.3500,0.3400
KXBTC15M-26JUN211100-00,4,0.4600,0.4700,0.4600
KXBTC15M-26JUN211100-00,5,0.5400,0.5500,0.5400
KXBTC15M-26JUN211030-30,3,0.3200,0.3200,0.3100
KXBTC15M-26JUN211030-30,4,0.2000,0.2000,0.1900
KXBTC15M-26JUN211030-30,5,0.1900,0.1900,0.1800
KXBTC15M-26JUN211015-15,3,0.2500,0.2500,0.2400
KXBTC15M-26JUN211015-15,4,0.3300,0.3300,0.3200
KXBTC15M-26JUN211015-15,5,0.3700,0.3900,0.3800
KXBTC15M-26JUN210930-30,3,0.7000,0.7000,0.6900
KXBTC15M-26JUN210930-30,4,0.7600,0.7600,0.7500
KXBTC15M-26JUN210930-30,5,0.7000,0.7100,0.7000
KXBTC15M-26JUN210915-15,3,0.1700,0.1700,0.1600
KXBTC15M-26JUN210915-15,4,0.1600,0.1600,0.1500
KXBTC15M-26JUN210915-15,5,0.2600,0.2600,0.2500
KXBTC15M-26JUN211000-00,3,0.6500,0.6500,0.6400
KXBTC15M-26JUN211000-00,4,0.5400,0.5500,0.5400
KXBTC15M-26JUN211000-00,5,0.7300,0.7300,0.7200
KXBTC15M-26JUN211115-15,3,0.9010,0.9010,0.9000
KXBTC15M-26JUN211115-15,4,0.8700,0.8700,0.8600
KXBTC15M-26JUN211115-15,5,0.9070,0.9090,0.9070
KXBTC15M-26JUN211400-00,3,0.8900,0.8900,0.8800
KXBTC15M-26JUN211400-00,4,0.8800,0.8900,0.8800
KXBTC15M-26JUN211400-00,5,0.9000,0.9010,0.9000
KXBTC15M-26JUN210830-30,3,0.2700,0.2700,0.2600
KXBTC15M-26JUN210830-30,4,0.3000,0.3100,0.3000
KXBTC15M-26JUN210830-30,5,0.1800,0.1900,0.1800
KXBTC15M-26JUN210815-15,3,0.5300,0.5300,0.5200
KXBTC15M-26JUN210815-15,4,0.6900,0.7000,0.6900
KXBTC15M-26JUN210815-15,5,0.8100,0.8100,0.8000
KXBTC15M-26JUN210745-45,3,0.2100,0.2100,0.2000
KXBTC15M-26JUN210745-45,4,0.1000,0.1100,0.1000
KXBTC15M-26JUN210745-45,5,0.0820,0.0820,0.0800
KXBTC15M-26JUN210730-30,3,0.0450,0.0470,0.0450
KXBTC15M-26JUN210730-30,4,0.0670,0.0680,0.0670
KXBTC15M-26JUN210730-30,5,0.1000,0.1100,0.1000
KXBTC15M-26JUN210715-15,3,0.8600,0.8600,0.8500
KXBTC15M-26JUN210715-15,4,0.6700,0.6700,0.6600
KXBTC15M-26JUN210715-15,5,0.3700,0.3700,0.3600
KXBTC15M-26JUN210700-00,3,0.7200,0.7200,0.7100
KXBTC15M-26JUN210700-00,4,0.8500,0.8600,0.8500
KXBTC15M-26JUN210700-00,5,0.9010,0.9020,0.9010
KXBTC15M-26JUN210600-00,3,0.6200,0.6200,0.6100
KXBTC15M-26JUN210600-00,4,0.5700,0.5800,0.5700
KXBTC15M-26JUN210600-00,5,0.8300,0.8400,0.8300
KXBTC15M-26JUN210645-45,3,0.5600,0.5600,0.5500
KXBTC15M-26JUN210645-45,4,0.5300,0.5400,0.5300
KXBTC15M-26JUN210645-45,5,0.6600,0.6600,0.6500
KXBTC15M-26JUN210545-45,3,0.7600,0.7600,0.7500
KXBTC15M-26JUN210545-45,4,0.8300,0.8300,0.8200
KXBTC15M-26JUN210545-45,5,0.9580,0.9590,0.9580
KXBTC15M-26JUN210500-00,3,0.1700,0.1800,0.1700
KXBTC15M-26JUN210500-00,4,0.3200,0.3200,0.3100
KXBTC15M-26JUN210500-00,5,0.2600,0.2700,0.2600
KXBTC15M-26JUN210445-45,3,0.1800,0.1900,0.1800
KXBTC15M-26JUN210445-45,4,0.0620,0.0620,0.0610
KXBTC15M-26JUN210445-45,5,0.0380,0.0380,0.0320
KXBTC15M-26JUN210430-30,3,0.3100,0.3100,0.3000
KXBTC15M-26JUN210430-30,4,0.1400,0.1500,0.1400
KXBTC15M-26JUN210430-30,5,0.0690,0.0700,0.0690
KXBTC15M-26JUN210400-00,3,0.6500,0.6600,0.6500
KXBTC15M-26JUN210400-00,4,0.7700,0.7700,0.7600
KXBTC15M-26JUN210400-00,5,0.7400,0.7400,0.7300
KXBTC15M-26JUN210345-45,3,0.7700,0.7700,0.7600
KXBTC15M-26JUN210345-45,4,0.8900,0.9000,0.8900
KXBTC15M-26JUN210345-45,5,0.9430,0.9460,0.9430
KXBTC15M-26JUN210630-30,3,0.4900,0.4900,0.4800
KXBTC15M-26JUN210630-30,4,0.5600,0.5600,0.5500
KXBTC15M-26JUN210630-30,5,0.6500,0.6500,0.6400
KXBTC15M-26JUN210945-45,3,0.0760,0.0770,0.0740
KXBTC15M-26JUN210945-45,4,0.1000,0.1100,0.1000
KXBTC15M-26JUN210945-45,5,0.0530,0.0540,0.0530
KXBTC15M-26JUN210245-45,3,0.3700,0.3700,0.3600
KXBTC15M-26JUN210245-45,4,0.3700,0.3800,0.3700
KXBTC15M-26JUN210245-45,5,0.6400,0.6400,0.6200
KXBTC15M-26JUN210315-15,3,0.2300,0.2300,0.2200
KXBTC15M-26JUN210315-15,4,0.1700,0.1800,0.1700
KXBTC15M-26JUN210315-15,5,0.1700,0.1700,0.1600
KXBTC15M-26JUN210215-15,3,0.3100,0.3000,0.2900
KXBTC15M-26JUN210215-15,4,0.1300,0.1400,0.1300
KXBTC15M-26JUN210215-15,5,0.1000,0.1100,0.1000
KXBTC15M-26JUN210200-00,3,0.1700,0.1700,0.1600
KXBTC15M-26JUN210200-00,4,0.1300,0.1300,0.1200
KXBTC15M-26JUN210200-00,5,0.0850,0.0870,0.0850
KXBTC15M-26JUN210415-15,3,0.6200,0.6300,0.6200
KXBTC15M-26JUN210415-15,4,0.4600,0.4700,0.4600
KXBTC15M-26JUN210415-15,5,0.3300,0.3300,0.3200
KXBTC15M-26JUN210130-30,3,0.4100,0.4100,0.4000
KXBTC15M-26JUN210130-30,4,0.4400,0.4500,0.4400
KXBTC15M-26JUN210130-30,5,0.4200,0.4300,0.4200
KXBTC15M-26JUN210115-15,3,0.6500,0.6500,0.6400
KXBTC15M-26JUN210115-15,4,0.4400,0.4400,0.4300
KXBTC15M-26JUN210115-15,5,0.3800,0.3900,0.3800
KXBTC15M-26JUN210330-30,3,0.5800,0.5900,0.5800
KXBTC15M-26JUN210330-30,4,0.3800,0.3900,0.3800
KXBTC15M-26JUN210330-30,5,0.2800,0.2800,0.2700
KXBTC15M-26JUN210615-15,3,0.5800,0.5700,0.5600
KXBTC15M-26JUN210615-15,4,0.6400,0.6400,0.6300
KXBTC15M-26JUN210615-15,5,0.5100,0.5200,0.5100
KXBTC15M-26JUN210100-00,3,0.3100,0.3200,0.3100
KXBTC15M-26JUN210100-00,4,0.2200,0.2300,0.2200
KXBTC15M-26JUN210100-00,5,0.0800,0.0800,0.0780
KXBTC15M-26JUN210230-30,3,0.7200,0.7300,0.7200
KXBTC15M-26JUN210230-30,4,0.7100,0.7100,0.7000
KXBTC15M-26JUN210230-30,5,0.8700,0.8900,0.8800
KXBTC15M-26JUN210530-30,3,0.4000,0.4100,0.4000
KXBTC15M-26JUN210530-30,4,0.4900,0.5100,0.5000
KXBTC15M-26JUN210530-30,5,0.6500,0.6600,0.6500
KXBTC15M-26JUN210015-15,3,0.3700,0.3700,0.3600
KXBTC15M-26JUN210015-15,4,0.3400,0.3500,0.3400
KXBTC15M-26JUN210015-15,5,0.2300,0.2400,0.2300
KXBTC15M-26JUN202300-00,3,0.7000,0.7100,0.7000
KXBTC15M-26JUN202300-00,4,0.8100,0.8100,0.8000
KXBTC15M-26JUN202300-00,5,0.7300,0.7300,0.7200
KXBTC15M-26JUN202330-30,3,0.7400,0.7500,0.7400
KXBTC15M-26JUN202330-30,4,0.6700,0.6800,0.6700
KXBTC15M-26JUN202330-30,5,0.7500,0.7600,0.7500
KXBTC15M-26JUN202315-15,3,0.3600,0.3600,0.3500
KXBTC15M-26JUN202315-15,4,0.4000,0.4100,0.4000
KXBTC15M-26JUN202315-15,5,0.3300,0.3300,0.3200
KXBTC15M-26JUN202215-15,3,0.3400,0.3500,0.3400
KXBTC15M-26JUN202215-15,4,0.4900,0.4900,0.4700
KXBTC15M-26JUN202215-15,5,0.3200,0.3200,0.3100
KXBTC15M-26JUN210000-00,3,0.3000,0.3000,0.2900
KXBTC15M-26JUN210000-00,4,0.5300,0.5400,0.5300
KXBTC15M-26JUN210000-00,5,0.3800,0.4000,0.3800
KXBTC15M-26JUN210300-00,3,0.4000,0.4000,0.3900
KXBTC15M-26JUN210300-00,4,0.2800,0.2800,0.2700
KXBTC15M-26JUN210300-00,5,0.2600,0.2600,0.2500
KXBTC15M-26JUN202200-00,3,0.7700,0.7700,0.7500
KXBTC15M-26JUN202200-00,4,0.7100,0.7100,0.7000
KXBTC15M-26JUN202200-00,5,0.8600,0.8600,0.8500
KXBTC15M-26JUN202115-15,3,0.6100,0.6200,0.6100
KXBTC15M-26JUN202115-15,4,0.4800,0.4800,0.4700
KXBTC15M-26JUN202115-15,5,0.4800,0.4900,0.4800
KXBTC15M-26JUN202100-00,3,0.2500,0.2500,0.2400
KXBTC15M-26JUN202100-00,4,0.5300,0.5400,0.5300
KXBTC15M-26JUN202100-00,5,0.4800,0.4900,0.4800
KXBTC15M-26JUN202045-45,3,0.3800,0.3900,0.3800
KXBTC15M-26JUN202045-45,4,0.5500,0.5600,0.5500
KXBTC15M-26JUN202045-45,5,0.6400,0.6400,0.6300
KXBTC15M-26JUN202000-00,3,0.3100,0.3200,0.3100
KXBTC15M-26JUN202000-00,4,0.3800,0.3900,0.3800
KXBTC15M-26JUN202000-00,5,0.2600,0.2600,0.2500
KXBTC15M-26JUN202030-30,3,0.4500,0.4500,0.4400
KXBTC15M-26JUN202030-30,4,0.4700,0.4700,0.4600
KXBTC15M-26JUN202030-30,5,0.4200,0.4300,0.4200
KXBTC15M-26JUN202015-15,3,0.1400,0.1500,0.1400
KXBTC15M-26JUN202015-15,4,0.1700,0.1800,0.1700
KXBTC15M-26JUN202015-15,5,0.1600,0.1700,0.1600
KXBTC15M-26JUN210045-45,3,0.5000,0.5000,0.4900
KXBTC15M-26JUN210045-45,4,0.6000,0.6100,0.6000
KXBTC15M-26JUN210045-45,5,0.7000,0.7000,0.6900
KXBTC15M-26JUN201930-30,3,0.7600,0.7700,0.7600
KXBTC15M-26JUN201930-30,4,0.6000,0.6000,0.5900
KXBTC15M-26JUN201930-30,5,0.4800,0.4800,0.4700
KXBTC15M-26JUN201830-30,3,0.2800,0.2900,0.2800
KXBTC15M-26JUN201830-30,4,0.2900,0.2800,0.2700
KXBTC15M-26JUN201830-30,5,0.2200,0.2200,0.2100
KXBTC15M-26JUN201915-15,3,0.4400,0.4400,0.4300
KXBTC15M-26JUN201915-15,4,0.4500,0.4600,0.4500
KXBTC15M-26JUN201915-15,5,0.2900,0.3000,0.2900
KXBTC15M-26JUN201900-00,3,0.5600,0.5700,0.5600
KXBTC15M-26JUN201900-00,4,0.6600,0.6700,0.6600
KXBTC15M-26JUN201900-00,5,0.8200,0.8300,0.8200
KXBTC15M-26JUN201815-15,3,0.5000,0.5100,0.5000
KXBTC15M-26JUN201815-15,4,0.5600,0.5600,0.5500
KXBTC15M-26JUN201815-15,5,0.6000,0.6000,0.5900
KXBTC15M-26JUN201800-00,3,0.5600,0.5600,0.5500
KXBTC15M-26JUN201800-00,4,0.6900,0.7000,0.6900
KXBTC15M-26JUN201800-00,5,0.8100,0.8100,0.8000
KXBTC15M-26JUN201945-45,3,0.5100,0.5100,0.5000
KXBTC15M-26JUN201945-45,4,0.4900,0.4900,0.4800
KXBTC15M-26JUN201945-45,5,0.6000,0.6100,0.6000
KXBTC15M-26JUN201715-15,3,0.7100,0.7200,0.7100
KXBTC15M-26JUN201715-15,4,0.7100,0.7100,0.7000
KXBTC15M-26JUN201715-15,5,0.7000,0.7100,0.7000
KXBTC15M-26JUN201845-45,3,0.4700,0.4700,0.4600
KXBTC15M-26JUN201845-45,4,0.4900,0.5000,0.4900
KXBTC15M-26JUN201845-45,5,0.4100,0.4200,0.4100
KXBTC15M-26JUN201700-00,3,0.7300,0.7300,0.7100
KXBTC15M-26JUN201700-00,4,0.7200,0.7300,0.7200
KXBTC15M-26JUN201700-00,5,0.7000,0.7100,0.7000
KXBTC15M-26JUN202145-45,3,0.3700,0.3800,0.3700
KXBTC15M-26JUN202145-45,4,0.5500,0.5500,0.5400
KXBTC15M-26JUN202145-45,5,0.5800,0.6000,0.5800
KXBTC15M-26JUN201630-30,3,0.3700,0.3700,0.3600
KXBTC15M-26JUN201630-30,4,0.5000,0.5000,0.4900
KXBTC15M-26JUN201630-30,5,0.3200,0.3200,0.3100
KXBTC15M-26JUN201600-00,3,0.3700,0.3800,0.3700
KXBTC15M-26JUN201600-00,4,0.4500,0.4500,0.4400
KXBTC15M-26JUN201600-00,5,0.4100,0.4000,0.3900
KXBTC15M-26JUN201530-30,3,0.3500,0.3500,0.3400
KXBTC15M-26JUN201530-30,4,0.4800,0.5000,0.4700
KXBTC15M-26JUN201530-30,5,0.6300,0.6400,0.6300
KXBTC15M-26JUN201615-15,3,0.5100,0.5100,0.4900
KXBTC15M-26JUN201615-15,4,0.5300,0.5300,0.5200
KXBTC15M-26JUN201615-15,5,0.4900,0.5000,0.4900
KXBTC15M-26JUN201430-30,3,0.6800,0.6800,0.6700
KXBTC15M-26JUN201430-30,4,0.6600,0.6700,0.6600
KXBTC15M-26JUN201430-30,5,0.6500,0.6600,0.6500
KXBTC15M-26JUN201730-30,3,0.1900,0.1900,0.1800
KXBTC15M-26JUN201730-30,4,0.1800,0.1900,0.1800
KXBTC15M-26JUN201730-30,5,0.1400,0.1400,0.1300
KXBTC15M-26JUN201645-45,3,0.2800,0.2800,0.2700
KXBTC15M-26JUN201645-45,4,0.2500,0.2500,0.2400
KXBTC15M-26JUN201645-45,5,0.1500,0.1500,0.1400
KXBTC15M-26JUN201330-30,3,0.4500,0.4500,0.4400
KXBTC15M-26JUN201330-30,4,0.4400,0.4500,0.4400
KXBTC15M-26JUN201330-30,5,0.3700,0.4000,0.3900
KXBTC15M-26JUN201400-00,3,0.5200,0.5300,0.5200
KXBTC15M-26JUN201400-00,4,0.4000,0.4100,0.4000
KXBTC15M-26JUN201400-00,5,0.4000,0.4200,0.4100
KXBTC15M-26JUN201345-45,3,0.8400,0.8400,0.8300
KXBTC15M-26JUN201345-45,4,0.8500,0.8600,0.8500
KXBTC15M-26JUN201345-45,5,0.1600,0.1700,0.1600
KXBTC15M-26JUN201545-45,3,0.6400,0.6400,0.6300
KXBTC15M-26JUN201545-45,4,0.6100,0.6200,0.6100
KXBTC15M-26JUN201545-45,5,0.6500,0.6500,0.6400
KXBTC15M-26JUN201300-00,3,0.4800,0.4800,0.4700
KXBTC15M-26JUN201300-00,4,0.5800,0.5800,0.5700
KXBTC15M-26JUN201300-00,5,0.6500,0.6500,0.6400
KXBTC15M-26JUN201245-45,3,0.2600,0.2600,0.2500
KXBTC15M-26JUN201245-45,4,0.2600,0.2600,0.2500
KXBTC15M-26JUN201245-45,5,0.2000,0.2000,0.1900
KXBTC15M-26JUN201515-15,3,0.7700,0.7800,0.7700
KXBTC15M-26JUN201515-15,4,0.8000,0.8100,0.8000
KXBTC15M-26JUN201515-15,5,0.7200,0.7300,0.7200
KXBTC15M-26JUN201130-30,3,0.8500,0.8600,0.8500
KXBTC15M-26JUN201130-30,4,0.9010,0.9010,0.8900
KXBTC15M-26JUN201130-30,5,0.9460,0.9460,0.9440
KXBTC15M-26JUN201745-45,3,0.5100,0.5200,0.5100
KXBTC15M-26JUN201745-45,4,0.5800,0.5900,0.5800
KXBTC15M-26JUN201745-45,5,0.5500,0.5600,0.5500
KXBTC15M-26JUN201030-30,3,0.7900,0.8000,0.7900
KXBTC15M-26JUN201030-30,4,0.9000,0.9000,0.8900
KXBTC15M-26JUN201030-30,5,0.8800,0.8900,0.8800
KXBTC15M-26JUN201145-45,3,0.5000,0.5100,0.5000
KXBTC15M-26JUN201145-45,4,0.3300,0.3400,0.3300
KXBTC15M-26JUN201145-45,5,0.2200,0.2300,0.2200
KXBTC15M-26JUN201015-15,3,0.2100,0.2100,0.2000
KXBTC15M-26JUN201015-15,4,0.1700,0.1700,0.1600
KXBTC15M-26JUN201015-15,5,0.0600,0.0630,0.0600
KXBTC15M-26JUN201200-00,3,0.7500,0.7600,0.7500
KXBTC15M-26JUN201200-00,4,0.6900,0.6900,0.6800
KXBTC15M-26JUN201200-00,5,0.6200,0.6300,0.6100
KXBTC15M-26JUN201230-30,3,0.6600,0.6700,0.6600
KXBTC15M-26JUN201230-30,4,0.6900,0.6900,0.6800
KXBTC15M-26JUN201230-30,5,0.6400,0.6500,0.6400
KXBTC15M-26JUN200930-30,3,0.6500,0.6500,0.6400
KXBTC15M-26JUN200930-30,4,0.2600,0.2700,0.2600
KXBTC15M-26JUN200930-30,5,0.1500,0.1600,0.1500
KXBTC15M-26JUN200945-45,3,0.7500,0.7400,0.7300
KXBTC15M-26JUN200945-45,4,0.7000,0.7100,0.7000
KXBTC15M-26JUN200945-45,5,0.8300,0.8400,0.8300
KXBTC15M-26JUN200915-15,3,0.2700,0.2700,0.2600
KXBTC15M-26JUN200915-15,4,0.3100,0.3100,0.3000
KXBTC15M-26JUN200915-15,5,0.2800,0.2900,0.2800
KXBTC15M-26JUN201100-00,3,0.9630,0.9670,0.9630
KXBTC15M-26JUN201100-00,4,0.9770,0.9770,0.9760
KXBTC15M-26JUN201100-00,5,0.9670,0.9680,0.9660
KXBTC15M-26JUN200815-15,3,0.5600,0.5600,0.5500
KXBTC15M-26JUN200815-15,4,0.5900,0.6000,0.5900
KXBTC15M-26JUN200815-15,5,0.7800,0.7800,0.7700
KXBTC15M-26JUN200800-00,3,0.6400,0.6400,0.6300
KXBTC15M-26JUN200800-00,4,0.6900,0.7000,0.6900
KXBTC15M-26JUN200800-00,5,0.8800,0.8800,0.8700
KXBTC15M-26JUN200845-45,3,0.2400,0.2500,0.2400
KXBTC15M-26JUN200845-45,4,0.2000,0.2000,0.1900
KXBTC15M-26JUN200845-45,5,0.1300,0.1400,0.1300
KXBTC15M-26JUN201315-15,3,0.3600,0.3600,0.3500
KXBTC15M-26JUN201315-15,4,0.2400,0.2500,0.2400
KXBTC15M-26JUN201315-15,5,0.1300,0.1400,0.1300
KXBTC15M-26JUN200715-15,3,0.4400,0.4500,0.4400
KXBTC15M-26JUN200715-15,4,0.4300,0.4300,0.4200
KXBTC15M-26JUN200715-15,5,0.1700,0.1700,0.1600
KXBTC15M-26JUN200900-00,3,0.4200,0.4200,0.4100
KXBTC15M-26JUN200900-00,4,0.3800,0.3800,0.3700
KXBTC15M-26JUN200900-00,5,0.2000,0.1900,0.1800
KXBTC15M-26JUN200730-30,3,0.6500,0.6600,0.6500
KXBTC15M-26JUN200730-30,4,0.5700,0.5700,0.5600
KXBTC15M-26JUN200730-30,5,0.4700,0.4800,0.4700
KXBTC15M-26JUN201215-15,3,0.2000,0.2000,0.1900
KXBTC15M-26JUN201215-15,4,0.1700,0.1700,0.1600
KXBTC15M-26JUN201215-15,5,0.1500,0.1700,0.1500
KXBTC15M-26JUN200830-30,3,0.5400,0.5500,0.5400
KXBTC15M-26JUN200830-30,4,0.4400,0.4500,0.4400
KXBTC15M-26JUN200830-30,5,0.4600,0.4600,0.4500
KXBTC15M-26JUN201115-15,3,0.5800,0.5900,0.5800
KXBTC15M-26JUN201115-15,4,0.7100,0.7200,0.7100
KXBTC15M-26JUN201115-15,5,0.5200,0.5200,0.5100
KXBTC15M-26JUN201045-45,3,0.7900,0.8000,0.7900
KXBTC15M-26JUN201045-45,4,0.7200,0.7300,0.7200
KXBTC15M-26JUN201045-45,5,0.8600,0.8700,0.8600
KXBTC15M-26JUN200745-45,3,0.5200,0.5300,0.5200
KXBTC15M-26JUN200745-45,4,0.3400,0.3400,0.3300
KXBTC15M-26JUN200745-45,5,0.4900,0.4900,0.4800
KXBTC15M-26JUN201000-00,3,0.5900,0.5900,0.5800
KXBTC15M-26JUN201000-00,4,0.7500,0.7600,0.7500
KXBTC15M-26JUN201000-00,5,0.7600,0.7700,0.7600
KXBTC15M-26JUN200530-30,3,0.4600,0.4600,0.4500
KXBTC15M-26JUN200530-30,4,0.4400,0.4400,0.4300
KXBTC15M-26JUN200530-30,5,0.6100,0.6100,0.6000
KXBTC15M-26JUN200430-30,3,0.5700,0.5800,0.5700
KXBTC15M-26JUN200430-30,4,0.6200,0.6200,0.6000
KXBTC15M-26JUN200430-30,5,0.7000,0.7000,0.6900
KXBTC15M-26JUN200345-45,3,0.3400,0.3400,0.3300
KXBTC15M-26JUN200345-45,4,0.2200,0.2300,0.2200
KXBTC15M-26JUN200345-45,5,0.3000,0.3000,0.2900
KXBTC15M-26JUN200330-30,3,0.8500,0.8600,0.8500
KXBTC15M-26JUN200330-30,4,0.9000,0.9000,0.8900
KXBTC15M-26JUN200330-30,5,0.9090,0.9100,0.9090
KXBTC15M-26JUN200315-15,3,0.1400,0.1500,0.1400
KXBTC15M-26JUN200315-15,4,0.1300,0.1300,0.1100
KXBTC15M-26JUN200315-15,5,0.0850,0.0850,0.0840
KXBTC15M-26JUN200400-00,3,0.4200,0.4300,0.4200
KXBTC15M-26JUN200400-00,4,0.3100,0.3200,0.3100
KXBTC15M-26JUN200400-00,5,0.4200,0.4300,0.4200
KXBTC15M-26JUN200245-45,3,0.4500,0.4600,0.4500
KXBTC15M-26JUN200245-45,4,0.4800,0.4800,0.4700
KXBTC15M-26JUN200245-45,5,0.6700,0.6800,0.6700
KXBTC15M-26JUN200230-30,3,0.5500,0.5600,0.5500
KXBTC15M-26JUN200230-30,4,0.5700,0.5800,0.5700
KXBTC15M-26JUN200230-30,5,0.5300,0.5300,0.5200
KXBTC15M-26JUN200515-15,3,0.8300,0.8300,0.8200
KXBTC15M-26JUN200515-15,4,0.7800,0.8000,0.7800
KXBTC15M-26JUN200515-15,5,0.7800,0.7900,0.7800
KXBTC15M-26JUN200215-15,3,0.6500,0.6600,0.6500
KXBTC15M-26JUN200215-15,4,0.5800,0.5800,0.5700
KXBTC15M-26JUN200215-15,5,0.5300,0.5300,0.5200
KXBTC15M-26JUN200500-00,3,0.3900,0.3900,0.3800
KXBTC15M-26JUN200500-00,4,0.3900,0.3900,0.3800
KXBTC15M-26JUN200500-00,5,0.2500,0.2600,0.2500
KXBTC15M-26JUN200415-15,3,0.1500,0.1500,0.1400
KXBTC15M-26JUN200415-15,4,0.3300,0.3400,0.3300
KXBTC15M-26JUN200415-15,5,0.2300,0.2300,0.2200
KXBTC15M-26JUN200200-00,3,0.3700,0.3700,0.3600
KXBTC15M-26JUN200200-00,4,0.3400,0.3400,0.3300
KXBTC15M-26JUN200200-00,5,0.2300,0.2400,0.2300
KXBTC15M-26JUN200115-15,3,0.5300,0.5400,0.5300
KXBTC15M-26JUN200115-15,4,0.4700,0.4700,0.4500
KXBTC15M-26JUN200115-15,5,0.3500,0.3600,0.3500
KXBTC15M-26JUN200130-30,3,0.2700,0.2800,0.2700
KXBTC15M-26JUN200130-30,4,0.1900,0.2000,0.1900
KXBTC15M-26JUN200130-30,5,0.1700,0.1800,0.1700
KXBTC15M-26JUN200030-30,3,0.6100,0.6200,0.6100
KXBTC15M-26JUN200030-30,4,0.8400,0.8500,0.8400
KXBTC15M-26JUN200030-30,5,0.8300,0.8400,0.8300
KXBTC15M-26JUN200100-00,3,0.3200,0.3200,0.3100
KXBTC15M-26JUN200100-00,4,0.3500,0.3600,0.3500
KXBTC15M-26JUN200100-00,5,0.4600,0.4600,0.4500
KXBTC15M-26JUN200000-00,3,0.3900,0.3900,0.3800
KXBTC15M-26JUN200000-00,4,0.6400,0.6500,0.6400
KXBTC15M-26JUN200000-00,5,0.4800,0.4900,0.4800
KXBTC15M-26JUN200015-15,3,0.3500,0.3600,0.3500
KXBTC15M-26JUN200015-15,4,0.3300,0.3400,0.3300
KXBTC15M-26JUN200015-15,5,0.3900,0.4100,0.4000
KXBTC15M-26JUN200145-45,3,0.7800,0.7800,0.7700
KXBTC15M-26JUN200145-45,4,0.6000,0.6100,0.6000
KXBTC15M-26JUN200145-45,5,0.7000,0.7000,0.6900
KXBTC15M-26JUN192345-45,3,0.6000,0.6000,0.5900
KXBTC15M-26JUN192345-45,4,0.3700,0.3700,0.3600
KXBTC15M-26JUN192345-45,5,0.4000,0.4200,0.4000
KXBTC15M-26JUN192330-30,3,0.7300,0.7300,0.7200
KXBTC15M-26JUN192330-30,4,0.6800,0.6800,0.6700
KXBTC15M-26JUN192330-30,5,0.6300,0.6500,0.6300
KXBTC15M-26JUN192315-15,3,0.6300,0.6400,0.6300
KXBTC15M-26JUN192315-15,4,0.6000,0.6200,0.6100
KXBTC15M-26JUN192315-15,5,0.6100,0.6300,0.6200
KXBTC15M-26JUN192300-00,3,0.7400,0.7500,0.7400
KXBTC15M-26JUN192300-00,4,0.5200,0.5300,0.5200
KXBTC15M-26JUN192300-00,5,0.6200,0.6200,0.6100
KXBTC15M-26JUN192245-45,3,0.7800,0.7800,0.7700
KXBTC15M-26JUN192245-45,4,0.8000,0.8000,0.7900
KXBTC15M-26JUN192245-45,5,0.5700,0.6000,0.5900
KXBTC15M-26JUN192230-30,3,0.1700,0.1700,0.1600
KXBTC15M-26JUN192230-30,4,0.2400,0.2500,0.2400
KXBTC15M-26JUN192230-30,5,0.1500,0.1600,0.1500
KXBTC15M-26JUN192215-15,3,0.3200,0.3200,0.3100
KXBTC15M-26JUN192215-15,4,0.2700,0.2700,0.2600
KXBTC15M-26JUN192215-15,5,0.1700,0.1800,0.1700
KXBTC15M-26JUN192200-00,3,0.5700,0.5800,0.5700
KXBTC15M-26JUN192200-00,4,0.6300,0.6400,0.6300
KXBTC15M-26JUN192200-00,5,0.5500,0.5500,0.5400
KXBTC15M-26JUN192145-45,3,0.8400,0.8400,0.8300
KXBTC15M-26JUN192145-45,4,0.7600,0.7700,0.7600
KXBTC15M-26JUN192145-45,5,0.7700,0.7700,0.7600
KXBTC15M-26JUN192115-15,3,0.3600,0.3600,0.3500
KXBTC15M-26JUN192115-15,4,0.3100,0.3100,0.3000
KXBTC15M-26JUN192115-15,5,0.2600,0.2700,0.2600
KXBTC15M-26JUN192100-00,3,0.2200,0.2200,0.2100
KXBTC15M-26JUN192100-00,4,0.4600,0.4700,0.4600
KXBTC15M-26JUN192100-00,5,0.2300,0.2500,0.2300
KXBTC15M-26JUN191930-30,3,0.6800,0.6900,0.6800
KXBTC15M-26JUN191930-30,4,0.6700,0.6800,0.6700
KXBTC15M-26JUN191930-30,5,0.5900,0.5900,0.5800
KXBTC15M-26JUN191945-45,3,0.8200,0.8300,0.8200
KXBTC15M-26JUN191945-45,4,0.6500,0.6600,0.6500
KXBTC15M-26JUN191945-45,5,0.7600,0.7800,0.7600
KXBTC15M-26JUN191915-15,3,0.3200,0.3200,0.3100
KXBTC15M-26JUN191915-15,4,0.3400,0.3500,0.3400
KXBTC15M-26JUN191915-15,5,0.3800,0.3900,0.3800
KXBTC15M-26JUN191815-15,3,0.3900,0.3900,0.3800
KXBTC15M-26JUN191815-15,4,0.6400,0.6400,0.6300
KXBTC15M-26JUN191815-15,5,0.5700,0.5700,0.5600
KXBTC15M-26JUN191830-30,3,0.8500,0.8600,0.8500
KXBTC15M-26JUN191830-30,4,0.9040,0.9040,0.9030
KXBTC15M-26JUN191830-30,5,0.9350,0.9350,0.9330
KXBTC15M-26JUN191730-30,3,0.3800,0.3800,0.3700
KXBTC15M-26JUN191730-30,4,0.3700,0.3700,0.3600
KXBTC15M-26JUN191730-30,5,0.3600,0.3700,0.3600
KXBTC15M-26JUN192015-15,3,0.5900,0.5900,0.5700
KXBTC15M-26JUN192015-15,4,0.3700,0.3800,0.3700
KXBTC15M-26JUN192015-15,5,0.3800,0.3900,0.3800
KXBTC15M-26JUN192000-00,3,0.4700,0.4800,0.4700
KXBTC15M-26JUN192000-00,4,0.5400,0.5400,0.5300
KXBTC15M-26JUN192000-00,5,0.4000,0.4000,0.3800
KXBTC15M-26JUN191715-15,3,0.1500,0.1600,0.1500
KXBTC15M-26JUN191715-15,4,0.1700,0.1700,0.1600
KXBTC15M-26JUN191715-15,5,0.1000,0.1200,0.1000
KXBTC15M-26JUN191615-15,3,0.5700,0.5700,0.5600
KXBTC15M-26JUN191615-15,4,0.5000,0.5000,0.4900
KXBTC15M-26JUN191615-15,5,0.6900,0.6900,0.6800
KXBTC15M-26JUN191700-00,3,0.8100,0.8200,0.8100
KXBTC15M-26JUN191700-00,4,0.8500,0.8600,0.8500
KXBTC15M-26JUN191700-00,5,0.9180,0.9180,0.9170
KXBTC15M-26JUN191630-30,3,0.2500,0.2500,0.2400
KXBTC15M-26JUN191630-30,4,0.1500,0.1600,0.1500
KXBTC15M-26JUN191630-30,5,0.0490,0.0490,0.0480
KXBTC15M-26JUN191600-00,3,0.6400,0.6500,0.6400
KXBTC15M-26JUN191600-00,4,0.6300,0.6300,0.6200
KXBTC15M-26JUN191600-00,5,0.9070,0.9070,0.9060
KXBTC15M-26JUN191800-00,3,0.6300,0.6300,0.6200
KXBTC15M-26JUN191800-00,4,0.5800,0.5900,0.5800
KXBTC15M-26JUN191800-00,5,0.6700,0.6700,0.6600
KXBTC15M-26JUN191500-00,3,0.6200,0.6200,0.6100
KXBTC15M-26JUN191500-00,4,0.6500,0.6600,0.6500
KXBTC15M-26JUN191500-00,5,0.6100,0.6200,0.6100
KXBTC15M-26JUN192030-30,3,0.4600,0.4600,0.4500
KXBTC15M-26JUN192030-30,4,0.4300,0.4400,0.4300
KXBTC15M-26JUN192030-30,5,0.5100,0.5200,0.5100
KXBTC15M-26JUN191515-15,3,0.2400,0.2500,0.2400
KXBTC15M-26JUN191515-15,4,0.4600,0.4700,0.4600
KXBTC15M-26JUN191515-15,5,0.2800,0.3000,0.2800
KXBTC15M-26JUN191430-30,3,0.4700,0.4700,0.4600
KXBTC15M-26JUN191430-30,4,0.4100,0.4100,0.4000
KXBTC15M-26JUN191430-30,5,0.5000,0.5100,0.5000
KXBTC15M-26JUN191345-45,3,0.8400,0.8500,0.8400
KXBTC15M-26JUN191345-45,4,0.9270,0.9300,0.9270
KXBTC15M-26JUN191345-45,5,0.8600,0.8700,0.8600
KXBTC15M-26JUN191415-15,3,0.2100,0.2200,0.2100
KXBTC15M-26JUN191415-15,4,0.2400,0.2400,0.2300
KXBTC15M-26JUN191415-15,5,0.2000,0.2000,0.1900
KXBTC15M-26JUN191545-45,3,0.3800,0.3800,0.3700
KXBTC15M-26JUN191545-45,4,0.4200,0.4200,0.4100
KXBTC15M-26JUN191545-45,5,0.2500,0.2500,0.2400
KXBTC15M-26JUN191300-00,3,0.2200,0.2300,0.2200
KXBTC15M-26JUN191300-00,4,0.1500,0.1600,0.1500
KXBTC15M-26JUN191300-00,5,0.1200,0.1200,0.1100
KXBTC15M-26JUN191315-15,3,0.2700,0.2700,0.2600
KXBTC15M-26JUN191315-15,4,0.2700,0.2700,0.2600
KXBTC15M-26JUN191315-15,5,0.4900,0.5000,0.4900
KXBTC15M-26JUN191745-45,3,0.3900,0.3900,0.3800
KXBTC15M-26JUN191745-45,4,0.2500,0.2700,0.2500
KXBTC15M-26JUN191745-45,5,0.2900,0.2900,0.2700
KXBTC15M-26JUN191445-45,3,0.5600,0.5700,0.5600
KXBTC15M-26JUN191445-45,4,0.7400,0.7400,0.7300
KXBTC15M-26JUN191445-45,5,0.8000,0.8100,0.8000
KXBTC15M-26JUN191230-30,3,0.2500,0.2500,0.2400
KXBTC15M-26JUN191230-30,4,0.2000,0.2000,0.1900
KXBTC15M-26JUN191230-30,5,0.2900,0.3000,0.2900
KXBTC15M-26JUN191400-00,3,0.8100,0.8200,0.8100
KXBTC15M-26JUN191400-00,4,0.8300,0.8400,0.8300
KXBTC15M-26JUN191400-00,5,0.8600,0.8700,0.8600
KXBTC15M-26JUN191215-15,3,0.3300,0.3300,0.3200
KXBTC15M-26JUN191215-15,4,0.3200,0.3200,0.3100
KXBTC15M-26JUN191215-15,5,0.4200,0.4200,0.4100
KXBTC15M-26JUN191130-30,3,0.4500,0.4600,0.4500
KXBTC15M-26JUN191130-30,4,0.2300,0.2300,0.2200
KXBTC15M-26JUN191130-30,5,0.1800,0.1800,0.1700
KXBTC15M-26JUN191100-00,3,0.6400,0.6500,0.6400
KXBTC15M-26JUN191100-00,4,0.5100,0.5200,0.5100
KXBTC15M-26JUN191100-00,5,0.4000,0.4000,0.3900
KXBTC15M-26JUN191145-45,3,0.8200,0.8300,0.8200
KXBTC15M-26JUN191145-45,4,0.9200,0.9200,0.9180
KXBTC15M-26JUN191145-45,5,0.9050,0.9010,0.9000
KXBTC15M-26JUN191245-45,3,0.3000,0.3100,0.3000
KXBTC15M-26JUN191245-45,4,0.3700,0.3700,0.3600
KXBTC15M-26JUN191245-45,5,0.3300,0.3400,0.3300
KXBTC15M-26JUN191045-45,3,0.3100,0.3100,0.3000
KXBTC15M-26JUN191045-45,4,0.3700,0.3800,0.3700
KXBTC15M-26JUN191045-45,5,0.6600,0.6600,0.6500
KXBTC15M-26JUN190930-30,3,0.2400,0.2400,0.2300
KXBTC15M-26JUN190930-30,4,0.2300,0.2400,0.2200
KXBTC15M-26JUN190930-30,5,0.2800,0.2700,0.2600
KXBTC15M-26JUN191015-15,3,0.5400,0.5500,0.5400
KXBTC15M-26JUN191015-15,4,0.5000,0.5100,0.5000
KXBTC15M-26JUN191015-15,5,0.4500,0.4600,0.4500
KXBTC15M-26JUN190845-45,3,0.1300,0.1500,0.1400
KXBTC15M-26JUN190845-45,4,0.1500,0.1500,0.1400
KXBTC15M-26JUN190845-45,5,0.1100,0.1200,0.1100
KXBTC15M-26JUN190830-30,3,0.0910,0.0910,0.0900
KXBTC15M-26JUN190830-30,4,0.1300,0.1300,0.1200
KXBTC15M-26JUN190830-30,5,0.0850,0.0860,0.0850
KXBTC15M-26JUN190915-15,3,0.5100,0.5100,0.5000
KXBTC15M-26JUN190915-15,4,0.6700,0.6800,0.6700
KXBTC15M-26JUN190915-15,5,0.8700,0.8700,0.8600
KXBTC15M-26JUN191115-15,3,0.2300,0.2300,0.2200
KXBTC15M-26JUN191115-15,4,0.1800,0.1900,0.1800
KXBTC15M-26JUN191115-15,5,0.2000,0.2000,0.1900
KXBTC15M-26JUN191330-30,3,0.8200,0.8300,0.8200
KXBTC15M-26JUN191330-30,4,0.8500,0.8600,0.8500
KXBTC15M-26JUN191330-30,5,0.8600,0.8700,0.8600
KXBTC15M-26JUN190745-45,3,0.3200,0.3200,0.3100
KXBTC15M-26JUN190745-45,4,0.3900,0.3900,0.3800
KXBTC15M-26JUN190745-45,5,0.3200,0.3200,0.3100
KXBTC15M-26JUN190700-00,3,0.7000,0.7100,0.7000
KXBTC15M-26JUN190700-00,4,0.6600,0.6600,0.6500
KXBTC15M-26JUN190700-00,5,0.7300,0.7300,0.7200
KXBTC15M-26JUN190715-15,3,0.5800,0.5900,0.5800
KXBTC15M-26JUN190715-15,4,0.5500,0.5500,0.5400
KXBTC15M-26JUN190715-15,5,0.4200,0.4200,0.4100
KXBTC15M-26JUN190630-30,3,0.2000,0.2000,0.1900
KXBTC15M-26JUN190630-30,4,0.1500,0.1500,0.1400
KXBTC15M-26JUN190630-30,5,0.1700,0.1800,0.1700
KXBTC15M-26JUN190900-00,3,0.0900,0.0910,0.0900
KXBTC15M-26JUN190900-00,4,0.0800,0.0800,0.0790
KXBTC15M-26JUN190900-00,5,0.3400,0.3500,0.3400
KXBTC15M-26JUN190545-45,3,0.7900,0.8100,0.7900
KXBTC15M-26JUN190545-45,4,0.7100,0.7200,0.7100
KXBTC15M-26JUN190545-45,5,0.7300,0.7300,0.7200
KXBTC15M-26JUN190615-15,3,0.5100,0.5300,0.5100
KXBTC15M-26JUN190615-15,4,0.5900,0.5900,0.5800
KXBTC15M-26JUN190615-15,5,0.5200,0.5200,0.5100
KXBTC15M-26JUN190515-15,3,0.6400,0.6500,0.6400
KXBTC15M-26JUN190515-15,4,0.3800,0.3800,0.3700
KXBTC15M-26JUN190515-15,5,0.2600,0.2600,0.2500
KXBTC15M-26JUN190730-30,3,0.7300,0.7400,0.7300
KXBTC15M-26JUN190730-30,4,0.8700,0.8800,0.8700
KXBTC15M-26JUN190730-30,5,0.8700,0.8900,0.8700
KXBTC15M-26JUN190430-30,3,0.3500,0.3600,0.3500
KXBTC15M-26JUN190430-30,4,0.4300,0.4500,0.4300
KXBTC15M-26JUN190430-30,5,0.4600,0.4600,0.4500
KXBTC15M-26JUN191030-30,3,0.5700,0.5700,0.5600
KXBTC15M-26JUN191030-30,4,0.4300,0.4300,0.4200
KXBTC15M-26JUN191030-30,5,0.3300,0.3400,0.3300
KXBTC15M-26JUN190400-00,3,0.5600,0.5700,0.5600
KXBTC15M-26JUN190400-00,4,0.5900,0.5900,0.5800
KXBTC15M-26JUN190400-00,5,0.8100,0.8200,0.8100
KXBTC15M-26JUN190345-45,3,0.2800,0.2800,0.2700
KXBTC15M-26JUN190345-45,4,0.1900,0.2000,0.1900
KXBTC15M-26JUN190345-45,5,0.1200,0.1300,0.1200
KXBTC15M-26JUN190945-45,3,0.6100,0.6100,0.6000
KXBTC15M-26JUN190945-45,4,0.6700,0.6800,0.6700
KXBTC15M-26JUN190945-45,5,0.7100,0.7100,0.7000
KXBTC15M-26JUN190600-00,3,0.2600,0.2700,0.2600
KXBTC15M-26JUN190600-00,4,0.1500,0.1500,0.1400
KXBTC15M-26JUN190600-00,5,0.3100,0.3200,0.3100
KXBTC15M-26JUN190530-30,3,0.4900,0.4900,0.4800
KXBTC15M-26JUN190530-30,4,0.5100,0.5200,0.5100
KXBTC15M-26JUN190530-30,5,0.5400,0.5400,0.5300
KXBTC15M-26JUN190315-15,3,0.1700,0.1700,0.1600
KXBTC15M-26JUN190315-15,4,0.1900,0.1900,0.1800
KXBTC15M-26JUN190315-15,5,0.1800,0.1900,0.1800
KXBTC15M-26JUN190230-30,3,0.3000,0.3000,0.2900
KXBTC15M-26JUN190230-30,4,0.2600,0.2800,0.2600
KXBTC15M-26JUN190230-30,5,0.1800,0.1900,0.1800
KXBTC15M-26JUN190300-00,3,0.3200,0.3200,0.3100
KXBTC15M-26JUN190300-00,4,0.3300,0.3300,0.3200
KXBTC15M-26JUN190300-00,5,0.3200,0.3300,0.3200
KXBTC15M-26JUN190415-15,3,0.4800,0.4900,0.4800
KXBTC15M-26JUN190415-15,4,0.5800,0.5800,0.5700
KXBTC15M-26JUN190415-15,5,0.4400,0.4500,0.4400
KXBTC15M-26JUN190145-45,3,0.3600,0.3600,0.3500
KXBTC15M-26JUN190145-45,4,0.4500,0.4500,0.4400
KXBTC15M-26JUN190145-45,5,0.4200,0.4300,0.4200
KXBTC15M-26JUN190215-15,3,0.7300,0.7400,0.7300
KXBTC15M-26JUN190215-15,4,0.8300,0.8400,0.8300
KXBTC15M-26JUN190215-15,5,0.8800,0.8800,0.8700
KXBTC15M-26JUN190100-00,3,0.6000,0.6000,0.5900
KXBTC15M-26JUN190100-00,4,0.7900,0.8000,0.7900
KXBTC15M-26JUN190100-00,5,0.6500,0.6500,0.6300
KXBTC15M-26JUN190130-30,3,0.2500,0.2500,0.2400
KXBTC15M-26JUN190130-30,4,0.2800,0.2900,0.2800
KXBTC15M-26JUN190130-30,5,0.1700,0.1700,0.1600
KXBTC15M-26JUN190045-45,3,0.1000,0.1100,0.1000
KXBTC15M-26JUN190045-45,4,0.1000,0.1000,0.0990
KXBTC15M-26JUN190045-45,5,0.1300,0.1400,0.1300
KXBTC15M-26JUN190245-45,3,0.4400,0.4500,0.4400
KXBTC15M-26JUN190245-45,4,0.4700,0.4700,0.4600
KXBTC15M-26JUN190245-45,5,0.2200,0.2200,0.2100
KXBTC15M-26JUN190000-00,3,0.3500,0.3500,0.3400
KXBTC15M-26JUN190000-00,4,0.3700,0.3700,0.3600
KXBTC15M-26JUN190000-00,5,0.6300,0.6400,0.6300
KXBTC15M-26JUN190500-00,3,0.5200,0.5200,0.5100
KXBTC15M-26JUN190500-00,4,0.4800,0.4800,0.4700
KXBTC15M-26JUN190500-00,5,0.5900,0.5900,0.5700
KXBTC15M-26JUN182315-15,3,0.4100,0.4100,0.4000
KXBTC15M-26JUN182315-15,4,0.3100,0.3100,0.3000
KXBTC15M-26JUN182315-15,5,0.1700,0.1700,0.1600
KXBTC15M-26JUN190445-45,3,0.6200,0.6200,0.6100
KXBTC15M-26JUN190445-45,4,0.5000,0.5000,0.4900
KXBTC15M-26JUN190445-45,5,0.6000,0.6100,0.6000
KXBTC15M-26JUN190115-15,3,0.8300,0.8400,0.8300
KXBTC15M-26JUN190115-15,4,0.9000,0.9000,0.8800
KXBTC15M-26JUN190115-15,5,0.9310,0.9320,0.9310
KXBTC15M-26JUN182300-00,3,0.4200,0.4400,0.4200
KXBTC15M-26JUN182300-00,4,0.5200,0.5300,0.5200
KXBTC15M-26JUN182300-00,5,0.3500,0.3500,0.3400
KXBTC15M-26JUN182200-00,3,0.6200,0.6200,0.6100
KXBTC15M-26JUN182200-00,4,0.6500,0.6400,0.6300
KXBTC15M-26JUN182200-00,5,0.7000,0.7000,0.6900
KXBTC15M-26JUN190330-30,3,0.1800,0.1800,0.1700
KXBTC15M-26JUN190330-30,4,0.1300,0.1400,0.1300
KXBTC15M-26JUN190330-30,5,0.1400,0.1400,0.1300
KXBTC15M-26JUN190030-30,3,0.2900,0.3000,0.2900
KXBTC15M-26JUN190030-30,4,0.1800,0.1800,0.1700
KXBTC15M-26JUN190030-30,5,0.1100,0.1100,0.1000
KXBTC15M-26JUN182145-45,3,0.2100,0.2100,0.2000
KXBTC15M-26JUN182145-45,4,0.1900,0.1900,0.1800
KXBTC15M-26JUN182145-45,5,0.2300,0.2400,0.2300
KXBTC15M-26JUN182345-45,3,0.2200,0.2200,0.2100
KXBTC15M-26JUN182345-45,4,0.2100,0.2100,0.2000
KXBTC15M-26JUN182345-45,5,0.1500,0.1500,0.1400
KXBTC15M-26JUN182100-00,3,0.5000,0.5000,0.4900
KXBTC15M-26JUN182100-00,4,0.6000,0.6000,0.5900
KXBTC15M-26JUN182100-00,5,0.3600,0.3600,0.3500
KXBTC15M-26JUN190200-00,3,0.8100,0.8200,0.8100
KXBTC15M-26JUN190200-00,4,0.8100,0.8200,0.8100
KXBTC15M-26JUN190200-00,5,0.8400,0.8500,0.8400
KXBTC15M-26JUN182030-30,3,0.6900,0.7000,0.6900
KXBTC15M-26JUN182030-30,4,0.8900,0.9000,0.8900
KXBTC15M-26JUN182030-30,5,0.8100,0.8200,0.8100
KXBTC15M-26JUN182230-30,3,0.2700,0.2800,0.2700
KXBTC15M-26JUN182230-30,4,0.2100,0.2100,0.2000
KXBTC15M-26JUN182230-30,5,0.2800,0.2800,0.2700
KXBTC15M-26JUN181945-45,3,0.7700,0.7800,0.7700
KXBTC15M-26JUN181945-45,4,0.7300,0.7300,0.7200
KXBTC15M-26JUN181945-45,5,0.6700,0.6900,0.6800
KXBTC15M-26JUN181915-15,3,0.5500,0.5600,0.5500
KXBTC15M-26JUN181915-15,4,0.4600,0.4600,0.4500
KXBTC15M-26JUN181915-15,5,0.4200,0.4300,0.4200
KXBTC15M-26JUN181845-45,3,0.2000,0.2100,0.2000
KXBTC15M-26JUN181845-45,4,0.1400,0.1500,0.1400
KXBTC15M-26JUN181845-45,5,0.2400,0.2500,0.2400
KXBTC15M-26JUN181900-00,3,0.6800,0.6900,0.6800
KXBTC15M-26JUN181900-00,4,0.8300,0.8400,0.8300
KXBTC15M-26JUN181900-00,5,0.8000,0.8100,0.8000
KXBTC15M-26JUN182015-15,3,0.3000,0.3100,0.3000
KXBTC15M-26JUN182015-15,4,0.6500,0.6600,0.6500
KXBTC15M-26JUN182015-15,5,0.5700,0.5700,0.5600
KXBTC15M-26JUN182330-30,3,0.0390,0.0390,0.0360
KXBTC15M-26JUN182330-30,4,0.0960,0.0980,0.0970
KXBTC15M-26JUN182330-30,5,0.0920,0.0930,0.0900
KXBTC15M-26JUN181830-30,3,0.1200,0.1200,0.1100
KXBTC15M-26JUN181830-30,4,0.0870,0.0880,0.0870
KXBTC15M-26JUN181830-30,5,0.0590,0.0570,0.0550
KXBTC15M-26JUN181930-30,3,0.7200,0.7400,0.7200
KXBTC15M-26JUN181930-30,4,0.7500,0.7600,0.7500
KXBTC15M-26JUN181930-30,5,0.7900,0.7900,0.7800
KXBTC15M-26JUN181800-00,3,0.5700,0.5700,0.5600
KXBTC15M-26JUN181800-00,4,0.5700,0.5800,0.5700
KXBTC15M-26JUN181800-00,5,0.5700,0.5700,0.5600
KXBTC15M-26JUN181745-45,3,0.5800,0.5800,0.5700
KXBTC15M-26JUN181745-45,4,0.6100,0.6000,0.5900
KXBTC15M-26JUN181745-45,5,0.6100,0.6100,0.6000
KXBTC15M-26JUN181730-30,3,0.7400,0.7500,0.7400
KXBTC15M-26JUN181730-30,4,0.8300,0.8400,0.8300
KXBTC15M-26JUN181730-30,5,0.8600,0.8700,0.8500
KXBTC15M-26JUN181715-15,3,0.5600,0.5700,0.5600
KXBTC15M-26JUN181715-15,4,0.5200,0.5200,0.5100
KXBTC15M-26JUN181715-15,5,0.5100,0.5100,0.5000
KXBTC15M-26JUN181645-45,3,0.4300,0.4300,0.4200
KXBTC15M-26JUN181645-45,4,0.6000,0.6000,0.5900
KXBTC15M-26JUN181645-45,5,0.4900,0.4900,0.4800
KXBTC15M-26JUN181600-00,3,0.4300,0.4300,0.4200
KXBTC15M-26JUN181600-00,4,0.3100,0.3100,0.3000
KXBTC15M-26JUN181600-00,5,0.3900,0.4000,0.3900
KXBTC15M-26JUN181630-30,3,0.4300,0.4400,0.4300
KXBTC15M-26JUN181630-30,4,0.5900,0.6000,0.5900
KXBTC15M-26JUN181630-30,5,0.6500,0.6700,0.6600
KXBTC15M-26JUN182000-00,3,0.1700,0.1700,0.1600
KXBTC15M-26JUN182000-00,4,0.5100,0.5200,0.5100
KXBTC15M-26JUN182000-00,5,0.6800,0.6800,0.6700
KXBTC15M-26JUN181545-45,3,0.7900,0.8000,0.7900
KXBTC15M-26JUN181545-45,4,0.6900,0.7000,0.6900
KXBTC15M-26JUN181545-45,5,0.6900,0.6900,0.6800
KXBTC15M-26JUN181500-00,3,0.5500,0.5600,0.5500
KXBTC15M-26JUN181500-00,4,0.5500,0.5500,0.5400
KXBTC15M-26JUN181500-00,5,0.6700,0.6800,0.6700
KXBTC15M-26JUN181700-00,3,0.2800,0.2900,0.2800
KXBTC15M-26JUN181700-00,4,0.1600,0.1700,0.1600
KXBTC15M-26JUN181700-00,5,0.2700,0.2700,0.2600
KXBTC15M-26JUN181430-30,3,0.7100,0.7100,0.7000
KXBTC15M-26JUN181430-30,4,0.8500,0.8500,0.8400
KXBTC15M-26JUN181430-30,5,0.9050,0.9050,0.9040
KXBTC15M-26JUN181400-00,3,0.4700,0.4700,0.4600
KXBTC15M-26JUN181400-00,4,0.5300,0.5400,0.5300
KXBTC15M-26JUN181400-00,5,0.5800,0.5900,0.5800
KXBTC15M-26JUN181615-15,3,0.9300,0.9310,0.9300
KXBTC15M-26JUN181615-15,4,0.9500,0.9500,0.9460
KXBTC15M-26JUN181615-15,5,0.9240,0.9250,0.9240
KXBTC15M-26JUN181330-30,3,0.7600,0.7700,0.7600
KXBTC15M-26JUN181330-30,4,0.8500,0.8600,0.8500
KXBTC15M-26JUN181330-30,5,0.8500,0.8500,0.8400
KXBTC15M-26JUN181415-15,3,0.4600,0.4700,0.4600
KXBTC15M-26JUN181415-15,4,0.5900,0.5900,0.5800
KXBTC15M-26JUN181415-15,5,0.7200,0.7200,0.7100
KXBTC15M-26JUN181245-45,3,0.4800,0.4900,0.4800
KXBTC15M-26JUN181245-45,4,0.6100,0.6300,0.6200
KXBTC15M-26JUN181245-45,5,0.6200,0.6100,0.6000
KXBTC15M-26JUN181200-00,3,0.3800,0.3900,0.3800
KXBTC15M-26JUN181200-00,4,0.5200,0.5100,0.5000
KXBTC15M-26JUN181200-00,5,0.4500,0.4600,0.4500
KXBTC15M-26JUN181130-30,3,0.0960,0.0970,0.0960
KXBTC15M-26JUN181130-30,4,0.1800,0.1900,0.1800
KXBTC15M-26JUN181130-30,5,0.2200,0.2300,0.2200
KXBTC15M-26JUN181145-45,3,0.5000,0.5000,0.4900
KXBTC15M-26JUN181145-45,4,0.5800,0.5900,0.5800
KXBTC15M-26JUN181145-45,5,0.3200,0.3200,0.3100
KXBTC15M-26JUN181215-15,3,0.8300,0.8400,0.8300
KXBTC15M-26JUN181215-15,4,0.8300,0.8500,0.8400
KXBTC15M-26JUN181215-15,5,0.9210,0.9210,0.9200
KXBTC15M-26JUN181030-30,3,0.8000,0.8100,0.8000
KXBTC15M-26JUN181030-30,4,0.8500,0.8600,0.8500
KXBTC15M-26JUN181030-30,5,0.8900,0.8900,0.8800
KXBTC15M-26JUN181015-15,3,0.7500,0.7500,0.7400
KXBTC15M-26JUN181015-15,4,0.6000,0.6100,0.6000
KXBTC15M-26JUN181015-15,5,0.3100,0.3200,0.3100
KXBTC15M-26JUN181315-15,3,0.1200,0.1200,0.1100
KXBTC15M-26JUN181315-15,4,0.1900,0.1900,0.1800
KXBTC15M-26JUN181315-15,5,0.2100,0.2100,0.2000
KXBTC15M-26JUN181300-00,3,0.4300,0.4300,0.4200
KXBTC15M-26JUN181300-00,4,0.3800,0.3900,0.3800
KXBTC15M-26JUN181300-00,5,0.3700,0.3700,0.3600
KXBTC15M-26JUN180945-45,3,0.1400,0.1400,0.1300
KXBTC15M-26JUN180945-45,4,0.0920,0.0940,0.0920
KXBTC15M-26JUN180945-45,5,0.0510,0.0510,0.0500
KXBTC15M-26JUN181230-30,3,0.2300,0.2300,0.2200
KXBTC15M-26JUN181230-30,4,0.2800,0.2800,0.2700
KXBTC15M-26JUN181230-30,5,0.5600,0.5800,0.5700
KXBTC15M-26JUN181530-30,3,0.4600,0.4600,0.4500
KXBTC15M-26JUN181530-30,4,0.5500,0.5500,0.5400
KXBTC15M-26JUN181530-30,5,0.7300,0.7400,0.7300
KXBTC15M-26JUN180930-30,3,0.4500,0.4600,0.4400
KXBTC15M-26JUN180930-30,4,0.2800,0.2800,0.2700
KXBTC15M-26JUN180930-30,5,0.4600,0.4600,0.4500
KXBTC15M-26JUN180830-30,3,0.6500,0.6600,0.6500
KXBTC15M-26JUN180830-30,4,0.7200,0.7300,0.7200
KXBTC15M-26JUN180830-30,5,0.8200,0.8300,0.8200
KXBTC15M-26JUN181445-45,3,0.2600,0.2600,0.2500
KXBTC15M-26JUN181445-45,4,0.2600,0.2700,0.2600
KXBTC15M-26JUN181445-45,5,0.2600,0.2700,0.2600
KXBTC15M-26JUN180800-00,3,0.3800,0.3800,0.3700
KXBTC15M-26JUN180800-00,4,0.2500,0.2500,0.2400
KXBTC15M-26JUN180800-00,5,0.3200,0.3200,0.3100
KXBTC15M-26JUN181045-45,3,0.6300,0.6300,0.6200
KXBTC15M-26JUN181045-45,4,0.7000,0.7100,0.7000
KXBTC15M-26JUN181045-45,5,0.7200,0.7200,0.7100
KXBTC15M-26JUN181345-45,3,0.8700,0.8800,0.8700
KXBTC15M-26JUN181345-45,4,0.8900,0.8900,0.8800
KXBTC15M-26JUN181345-45,5,0.7800,0.7900,0.7800
KXBTC15M-26JUN180745-45,3,0.4300,0.4500,0.4300
KXBTC15M-26JUN180745-45,4,0.4500,0.4500,0.4300
KXBTC15M-26JUN180745-45,5,0.4100,0.4100,0.4000
KXBTC15M-26JUN180915-15,3,0.3200,0.3300,0.3100
KXBTC15M-26JUN180915-15,4,0.2800,0.2800,0.2700
KXBTC15M-26JUN180915-15,5,0.5300,0.5400,0.5300
KXBTC15M-26JUN180700-00,3,0.5700,0.5700,0.5600
KXBTC15M-26JUN180700-00,4,0.5500,0.5600,0.5500
KXBTC15M-26JUN180700-00,5,0.8000,0.8000,0.7900
KXBTC15M-26JUN180615-15,3,0.4200,0.4400,0.4300
KXBTC15M-26JUN180615-15,4,0.3900,0.3900,0.3800
KXBTC15M-26JUN180615-15,5,0.1700,0.1700,0.1600
KXBTC15M-26JUN180900-00,3,0.7900,0.8000,0.7900
KXBTC15M-26JUN180900-00,4,0.8900,0.9000,0.8900
KXBTC15M-26JUN180900-00,5,0.8300,0.8400,0.8300
KXBTC15M-26JUN180815-15,3,0.6200,0.6400,0.6200
KXBTC15M-26JUN180815-15,4,0.5900,0.6000,0.5900
KXBTC15M-26JUN180815-15,5,0.6000,0.6200,0.6000
KXBTC15M-26JUN181100-00,3,0.7700,0.7800,0.7700
KXBTC15M-26JUN181100-00,4,0.7700,0.7800,0.7700
KXBTC15M-26JUN181100-00,5,0.4900,0.4900,0.4800
KXBTC15M-26JUN180600-00,3,0.3300,0.3300,0.3200
KXBTC15M-26JUN180600-00,4,0.3900,0.3900,0.3800
KXBTC15M-26JUN180600-00,5,0.2400,0.2500,0.2400
KXBTC15M-26JUN180730-30,3,0.3500,0.3600,0.3500
KXBTC15M-26JUN180730-30,4,0.2500,0.2500,0.2400
KXBTC15M-26JUN180730-30,5,0.2300,0.2400,0.2300
KXBTC15M-26JUN181000-00,3,0.6000,0.6000,0.5900
KXBTC15M-26JUN181000-00,4,0.8800,0.8900,0.8800
KXBTC15M-26JUN181000-00,5,0.8700,0.8900,0.8800
KXBTC15M-26JUN180115-15,3,0.2300,0.2300,0.2100
KXBTC15M-26JUN180115-15,4,0.1400,0.1500,0.1400
KXBTC15M-26JUN180115-15,5,0.0990,0.0990,0.0910
KXBTC15M-26JUN180145-45,3,0.4300,0.4300,0.4200
KXBTC15M-26JUN180145-45,4,0.5500,0.5500,0.5400
KXBTC15M-26JUN180145-45,5,0.7100,0.7200,0.7100
KXBTC15M-26JUN180045-45,3,0.4000,0.4000,0.3900
KXBTC15M-26JUN180045-45,4,0.4100,0.4100,0.4000
KXBTC15M-26JUN180045-45,5,0.6200,0.6300,0.6200
KXBTC15M-26JUN180130-30,3,0.7000,0.7000,0.6900
KXBTC15M-26JUN180130-30,4,0.6400,0.6500,0.6400
KXBTC15M-26JUN180130-30,5,0.5800,0.6000,0.5800
KXBTC15M-26JUN180015-15,3,0.4600,0.4600,0.4500
KXBTC15M-26JUN180015-15,4,0.2700,0.2800,0.2700
KXBTC15M-26JUN180015-15,5,0.4100,0.4200,0.4100
KXBTC15M-26JUN180845-45,3,0.6300,0.6300,0.6200
KXBTC15M-26JUN180845-45,4,0.6900,0.6900,0.6700
KXBTC15M-26JUN180845-45,5,0.8000,0.8000,0.7900
KXBTC15M-26JUN180545-45,3,0.7400,0.7400,0.7300
KXBTC15M-26JUN180545-45,4,0.7200,0.7200,0.7000
KXBTC15M-26JUN180545-45,5,0.6000,0.6100,0.6000
KXBTC15M-26JUN180000-00,3,0.7500,0.7500,0.7400
KXBTC15M-26JUN180000-00,4,0.8000,0.8000,0.7900
KXBTC15M-26JUN180000-00,5,0.9370,0.9380,0.9370
KXBTC15M-26JUN172315-15,3,0.0520,0.0520,0.0510
KXBTC15M-26JUN172315-15,4,0.1000,0.0980,0.0970
KXBTC15M-26JUN172315-15,5,0.1100,0.1200,0.1100
KXBTC15M-26JUN172300-00,3,0.2000,0.2100,0.2000
KXBTC15M-26JUN172300-00,4,0.2700,0.2700,0.2600
KXBTC15M-26JUN172300-00,5,0.2300,0.2300,0.2200
KXBTC15M-26JUN180100-00,3,0.4600,0.4700,0.4600
KXBTC15M-26JUN180100-00,4,0.3200,0.3200,0.3100
KXBTC15M-26JUN180100-00,5,0.3200,0.3300,0.3200
KXBTC15M-26JUN172230-30,3,0.5500,0.5500,0.5400
KXBTC15M-26JUN172230-30,4,0.5900,0.6000,0.5900
KXBTC15M-26JUN172230-30,5,0.9000,0.9000,0.8900
KXBTC15M-26JUN172245-45,3,0.5500,0.5500,0.5400
KXBTC15M-26JUN172245-45,4,0.3800,0.3800,0.3700
KXBTC15M-26JUN172245-45,5,0.3900,0.3900,0.3800
KXBTC15M-26JUN172145-45,3,0.7500,0.7400,0.7300
KXBTC15M-26JUN172145-45,4,0.5700,0.5700,0.5600
KXBTC15M-26JUN172145-45,5,0.4400,0.4400,0.4300
KXBTC15M-26JUN172215-15,3,0.7800,0.7900,0.7800
KXBTC15M-26JUN172215-15,4,0.8800,0.8800,0.8700
KXBTC15M-26JUN172215-15,5,0.9040,0.9040,0.9030
KXBTC15M-26JUN172345-45,3,0.4700,0.4700,0.4600
KXBTC15M-26JUN172345-45,4,0.5800,0.5800,0.5700
KXBTC15M-26JUN172345-45,5,0.7200,0.7300,0.7200
KXBTC15M-26JUN172330-30,3,0.3600,0.3700,0.3600
KXBTC15M-26JUN172330-30,4,0.3600,0.3700,0.3600
KXBTC15M-26JUN172330-30,5,0.2500,0.2600,0.2500
KXBTC15M-26JUN172115-15,3,0.9200,0.9210,0.9200
KXBTC15M-26JUN172115-15,4,0.9120,0.9130,0.9120
KXBTC15M-26JUN172115-15,5,0.9190,0.9180,0.9130
KXBTC15M-26JUN180200-00,3,0.3400,0.3400,0.3300
KXBTC15M-26JUN180200-00,4,0.2800,0.2800,0.2700
KXBTC15M-26JUN180200-00,5,0.3400,0.3200,0.3100
KXBTC15M-26JUN172015-15,3,0.7700,0.7800,0.7700
KXBTC15M-26JUN172015-15,4,0.8900,0.9030,0.8900
KXBTC15M-26JUN172015-15,5,0.9390,0.9420,0.9390
KXBTC15M-26JUN172030-30,3,0.6800,0.6800,0.6700
KXBTC15M-26JUN172030-30,4,0.7200,0.7200,0.7100
KXBTC15M-26JUN172030-30,5,0.6500,0.6500,0.6400
KXBTC15M-26JUN172200-00,3,0.1600,0.1600,0.1500
KXBTC15M-26JUN172200-00,4,0.0920,0.0970,0.0920
KXBTC15M-26JUN172200-00,5,0.0560,0.0590,0.0550
KXBTC15M-26JUN172000-00,3,0.7700,0.7700,0.7600
KXBTC15M-26JUN172000-00,4,0.6900,0.7000,0.6900
KXBTC15M-26JUN172000-00,5,0.7500,0.7700,0.7500
KXBTC15M-26JUN171930-30,3,0.8600,0.8800,0.8600
KXBTC15M-26JUN171930-30,4,0.9320,0.9330,0.9320
KXBTC15M-26JUN171930-30,5,0.9490,0.9500,0.9490
KXBTC15M-26JUN180030-30,3,0.5800,0.5800,0.5700
KXBTC15M-26JUN180030-30,4,0.3300,0.3400,0.3300
KXBTC15M-26JUN180030-30,5,0.2600,0.2700,0.2600
KXBTC15M-26JUN172100-00,3,0.6400,0.6400,0.6300
KXBTC15M-26JUN172100-00,4,0.6100,0.6100,0.6000
KXBTC15M-26JUN172100-00,5,0.5600,0.5600,0.5500
KXBTC15M-26JUN171815-15,3,0.0540,0.0540,0.0530
KXBTC15M-26JUN171815-15,4,0.0780,0.0800,0.0780
KXBTC15M-26JUN171815-15,5,0.1300,0.1300,0.1200
KXBTC15M-26JUN171845-45,3,0.6300,0.6400,0.6300
KXBTC15M-26JUN171845-45,4,0.7100,0.7100,0.7000
KXBTC15M-26JUN171845-45,5,0.7500,0.7600,0.7500
KXBTC15M-26JUN171800-00,3,0.5200,0.5300,0.5200
KXBTC15M-26JUN171800-00,4,0.5800,0.5900,0.5700
KXBTC15M-26JUN171800-00,5,0.6300,0.6300,0.6200
KXBTC15M-26JUN171700-00,3,0.6900,0.7000,0.6900
KXBTC15M-26JUN171700-00,4,0.7600,0.7700,0.7600
KXBTC15M-26JUN171700-00,5,0.8300,0.8300,0.8200
KXBTC15M-26JUN171730-30,3,0.3600,0.3600,0.3500
KXBTC15M-26JUN171730-30,4,0.4800,0.4800,0.4700
KXBTC15M-26JUN171730-30,5,0.5600,0.5500,0.5400
KXBTC15M-26JUN171945-45,3,0.3900,0.4000,0.3900
KXBTC15M-26JUN171945-45,4,0.3200,0.3200,0.3100
KXBTC15M-26JUN171945-45,5,0.3100,0.3100,0.3000
KXBTC15M-26JUN171545-45,3,0.4600,0.4600,0.4500
KXBTC15M-26JUN171545-45,4,0.4400,0.4500,0.4400
KXBTC15M-26JUN171545-45,5,0.5300,0.5400,0.5300
KXBTC15M-26JUN171615-15,3,0.7800,0.7800,0.7700
KXBTC15M-26JUN171615-15,4,0.8200,0.8200,0.8000
KXBTC15M-26JUN171615-15,5,0.7100,0.7200,0.7100
KXBTC15M-26JUN171600-00,3,0.6400,0.6400,0.6300
KXBTC15M-26JUN171600-00,4,0.4800,0.5000,0.4900
KXBTC15M-26JUN171600-00,5,0.5300,0.5300,0.5200
KXBTC15M-26JUN171515-15,3,0.5400,0.5400,0.5300
KXBTC15M-26JUN171515-15,4,0.4200,0.4200,0.4100
KXBTC15M-26JUN171515-15,5,0.3200,0.3200,0.3100
KXBTC15M-26JUN172045-45,3,0.6500,0.6500,0.6400
KXBTC15M-26JUN172045-45,4,0.6400,0.6500,0.6400
KXBTC15M-26JUN172045-45,5,0.5000,0.5000,0.4900
KXBTC15M-26JUN171645-45,3,0.7200,0.7300,0.7200
KXBTC15M-26JUN171645-45,4,0.7500,0.7700,0.7500
KXBTC15M-26JUN171645-45,5,0.8000,0.8000,0.7900
KXBTC15M-26JUN171415-15,3,0.0380,0.0390,0.0310
KXBTC15M-26JUN171415-15,4,0.0250,0.0260,0.0190
KXBTC15M-26JUN171415-15,5,0.0130,0.0130,0.0100
KXBTC15M-26JUN171445-45,3,0.5000,0.5100,0.5000
KXBTC15M-26JUN171445-45,4,0.4000,0.4000,0.3900
KXBTC15M-26JUN171445-45,5,0.5700,0.5700,0.5600
KXBTC15M-26JUN171530-30,3,0.0600,0.0610,0.0600
KXBTC15M-26JUN171530-30,4,0.0240,0.0250,0.0240
KXBTC15M-26JUN171530-30,5,0.0130,0.0160,0.0150
KXBTC15M-26JUN171400-00,3,0.4300,0.4300,0.4200
KXBTC15M-26JUN171400-00,4,0.4900,0.4900,0.4800
KXBTC15M-26JUN171400-00,5,0.5700,0.5700,0.5600
KXBTC15M-26JUN171915-15,3,0.8300,0.8400,0.8300
KXBTC15M-26JUN171915-15,4,0.8500,0.8700,0.8500
KXBTC15M-26JUN171915-15,5,0.4800,0.4800,0.4700
KXBTC15M-26JUN171900-00,3,0.8600,0.8700,0.8600
KXBTC15M-26JUN171900-00,4,0.8800,0.8900,0.8800
KXBTC15M-26JUN171900-00,5,0.9140,0.9150,0.9140
KXBTC15M-26JUN171245-45,3,0.0970,0.0990,0.0970
KXBTC15M-26JUN171245-45,4,0.0410,0.0410,0.0400
KXBTC15M-26JUN171245-45,5,0.0460,0.0460,0.0430
KXBTC15M-26JUN171330-30,3,0.6100,0.6200,0.6100
KXBTC15M-26JUN171330-30,4,0.6500,0.6500,0.6400
KXBTC15M-26JUN171330-30,5,0.6600,0.6700,0.6600
KXBTC15M-26JUN171315-15,3,0.6700,0.6800,0.6700
KXBTC15M-26JUN171315-15,4,0.5900,0.5900,0.5800
KXBTC15M-26JUN171315-15,5,0.5800,0.5900,0.5800
KXBTC15M-26JUN171745-45,3,0.6600,0.6600,0.6500
KXBTC15M-26JUN171745-45,4,0.8200,0.8200,0.8100
KXBTC15M-26JUN171745-45,5,0.9220,0.9230,0.9220
KXBTC15M-26JUN171215-15,3,0.6700,0.6900,0.6700
KXBTC15M-26JUN171215-15,4,0.7800,0.7900,0.7800
KXBTC15M-26JUN171215-15,5,0.7400,0.7400,0.7300
KXBTC15M-26JUN171200-00,3,0.8300,0.8300,0.8200
KXBTC15M-26JUN171200-00,4,0.9310,0.9350,0.9320
KXBTC15M-26JUN171200-00,5,0.9790,0.9780,0.9770
KXBTC15M-26JUN171100-00,3,0.2100,0.2100,0.2000
KXBTC15M-26JUN171100-00,4,0.3600,0.3700,0.3600
KXBTC15M-26JUN171100-00,5,0.5500,0.5600,0.5500
KXBTC15M-26JUN171630-30,3,0.6100,0.6100,0.6000
KXBTC15M-26JUN171630-30,4,0.7000,0.7100,0.7000
KXBTC15M-26JUN171630-30,5,0.7200,0.7300,0.7200
KXBTC15M-26JUN171300-00,3,0.3900,0.3900,0.3800
KXBTC15M-26JUN171300-00,4,0.4400,0.4400,0.4300
KXBTC15M-26JUN171300-00,5,0.4600,0.4700,0.4600
KXBTC15M-26JUN171045-45,3,0.4300,0.4300,0.4200
KXBTC15M-26JUN171045-45,4,0.4800,0.4800,0.4700
KXBTC15M-26JUN171045-45,5,0.4400,0.4500,0.4400
KXBTC15M-26JUN171000-00,3,0.6400,0.6500,0.6400
KXBTC15M-26JUN171000-00,4,0.6500,0.6500,0.6400
KXBTC15M-26JUN171000-00,5,0.4800,0.4900,0.4800
KXBTC15M-26JUN171015-15,3,0.4800,0.4800,0.4700
KXBTC15M-26JUN171015-15,4,0.2900,0.2900,0.2800
KXBTC15M-26JUN171015-15,5,0.1800,0.1900,0.1700
KXBTC15M-26JUN171430-30,3,0.5500,0.5700,0.5600
KXBTC15M-26JUN171430-30,4,0.7700,0.7800,0.7700
KXBTC15M-26JUN171430-30,5,0.6300,0.6400,0.6300
KXBTC15M-26JUN170930-30,3,0.4300,0.4400,0.4300
KXBTC15M-26JUN170930-30,4,0.3500,0.3500,0.3400
KXBTC15M-26JUN170930-30,5,0.3300,0.3300,0.3200
KXBTC15M-26JUN170845-45,3,0.8100,0.8200,0.8100
KXBTC15M-26JUN170845-45,4,0.8300,0.8400,0.8300
KXBTC15M-26JUN170845-45,5,0.9100,0.9100,0.9090
KXBTC15M-26JUN170830-30,3,0.4100,0.4200,0.4100
KXBTC15M-26JUN170830-30,4,0.4100,0.4200,0.4100
KXBTC15M-26JUN170830-30,5,0.1900,0.1900,0.1800
KXBTC15M-26JUN171345-45,3,0.6000,0.6100,0.6000
KXBTC15M-26JUN171345-45,4,0.4100,0.4200,0.4100
KXBTC15M-26JUN171345-45,5,0.3900,0.3900,0.3800
KXBTC15M-26JUN170900-00,3,0.8900,0.9000,0.8900
KXBTC15M-26JUN170900-00,4,0.9080,0.9060,0.9050
KXBTC15M-26JUN170900-00,5,0.8700,0.8800,0.8700
KXBTC15M-26JUN170800-00,3,0.7900,0.8000,0.7900
KXBTC15M-26JUN170800-00,4,0.7600,0.7700,0.7600
KXBTC15M-26JUN170800-00,5,0.8200,0.8200,0.8100
KXBTC15M-26JUN170945-45,3,0.8200,0.8200,0.8100
KXBTC15M-26JUN170945-45,4,0.8200,0.8300,0.8200
KXBTC15M-26JUN170945-45,5,0.9160,0.9160,0.9150
KXBTC15M-26JUN170700-00,3,0.2600,0.2700,0.2600
KXBTC15M-26JUN170700-00,4,0.3000,0.3100,0.3000
KXBTC15M-26JUN170700-00,5,0.2100,0.2200,0.2100
KXBTC15M-26JUN171230-30,3,0.8100,0.8100,0.8000
KXBTC15M-26JUN171230-30,4,0.7300,0.7400,0.7300
KXBTC15M-26JUN171230-30,5,0.6900,0.7000,0.6900
KXBTC15M-26JUN170645-45,3,0.5600,0.5600,0.5500
KXBTC15M-26JUN170645-45,4,0.5400,0.5300,0.5200
KXBTC15M-26JUN170645-45,5,0.4900,0.5000,0.4900
KXBTC15M-26JUN171130-30,3,0.5700,0.5700,0.5600
KXBTC15M-26JUN171130-30,4,0.5300,0.5400,0.5300
KXBTC15M-26JUN171130-30,5,0.6200,0.6200,0.6100
KXBTC15M-26JUN171145-45,3,0.6200,0.6300,0.6200
KXBTC15M-26JUN171145-45,4,0.6900,0.6900,0.6800
KXBTC15M-26JUN171145-45,5,0.7000,0.7100,0.7000
KXBTC15M-26JUN170630-30,3,0.6400,0.6500,0.6400
KXBTC15M-26JUN170630-30,4,0.5000,0.5100,0.5000
KXBTC15M-26JUN170630-30,5,0.7100,0.7200,0.7100
KXBTC15M-26JUN170615-15,3,0.4300,0.4300,0.4200
KXBTC15M-26JUN170615-15,4,0.3200,0.3100,0.3000
KXBTC15M-26JUN170615-15,5,0.2500,0.2600,0.2500
KXBTC15M-26JUN170600-00,3,0.6100,0.6100,0.6000
KXBTC15M-26JUN170600-00,4,0.6600,0.6700,0.6600
KXBTC15M-26JUN170600-00,5,0.3600,0.3600,0.3500
KXBTC15M-26JUN171030-30,3,0.3600,0.3600,0.3500
KXBTC15M-26JUN171030-30,4,0.3200,0.3200,0.3100
KXBTC15M-26JUN171030-30,5,0.2600,0.2800,0.2600
KXBTC15M-26JUN170500-00,3,0.3800,0.3900,0.3800
KXBTC15M-26JUN170500-00,4,0.3400,0.3400,0.3300
KXBTC15M-26JUN170500-00,5,0.4400,0.4400,0.4300
KXBTC15M-26JUN170445-45,3,0.1300,0.1400,0.1300
KXBTC15M-26JUN170445-45,4,0.1500,0.1600,0.1500
KXBTC15M-26JUN170445-45,5,0.0730,0.0730,0.0720
KXBTC15M-26JUN170415-15,3,0.3600,0.3600,0.3500
KXBTC15M-26JUN170415-15,4,0.3100,0.3100,0.3000
KXBTC15M-26JUN170415-15,5,0.3400,0.3400,0.3300
KXBTC15M-26JUN170400-00,3,0.1400,0.1500,0.1400
KXBTC15M-26JUN170400-00,4,0.1900,0.1900,0.1800
KXBTC15M-26JUN170400-00,5,0.1200,0.1300,0.1200
KXBTC15M-26JUN170545-45,3,0.4100,0.4100,0.4000
KXBTC15M-26JUN170545-45,4,0.3500,0.3500,0.3400
KXBTC15M-26JUN170545-45,5,0.1700,0.1700,0.1600
KXBTC15M-26JUN170345-45,3,0.6000,0.6000,0.5900
KXBTC15M-26JUN170345-45,4,0.4700,0.4700,0.4600
KXBTC15M-26JUN170345-45,5,0.5200,0.5200,0.5100
KXBTC15M-26JUN170915-15,3,0.2800,0.2800,0.2700
KXBTC15M-26JUN170915-15,4,0.4000,0.4000,0.3900
KXBTC15M-26JUN170915-15,5,0.4500,0.4600,0.4500
KXBTC15M-26JUN170815-15,3,0.4000,0.4000,0.3900
KXBTC15M-26JUN170815-15,4,0.5200,0.5400,0.5200
KXBTC15M-26JUN170815-15,5,0.6500,0.6600,0.6500
KXBTC15M-26JUN170230-30,3,0.7600,0.7600,0.7500
KXBTC15M-26JUN170230-30,4,0.6900,0.7000,0.6900
KXBTC15M-26JUN170230-30,5,0.6100,0.6200,0.6100
KXBTC15M-26JUN170300-00,3,0.5600,0.5700,0.5600
KXBTC15M-26JUN170300-00,4,0.6500,0.6500,0.6400
KXBTC15M-26JUN170300-00,5,0.6700,0.6800,0.6700
KXBTC15M-26JUN170715-15,3,0.4100,0.4100,0.4000
KXBTC15M-26JUN170715-15,4,0.2200,0.2300,0.2200
KXBTC15M-26JUN170715-15,5,0.0750,0.0750,0.0740
KXBTC15M-26JUN170145-45,3,0.3600,0.3700,0.3600
KXBTC15M-26JUN170145-45,4,0.6100,0.6100,0.6000
KXBTC15M-26JUN170145-45,5,0.4400,0.4500,0.4400
KXBTC15M-26JUN170200-00,3,0.2300,0.2300,0.2200
KXBTC15M-26JUN170200-00,4,0.1200,0.1300,0.1200
KXBTC15M-26JUN170200-00,5,0.1100,0.1200,0.1100
KXBTC15M-26JUN170100-00,3,0.9240,0.9250,0.9240
KXBTC15M-26JUN170100-00,4,0.9380,0.9390,0.9380
KXBTC15M-26JUN170100-00,5,0.8100,0.8100,0.7900
KXBTC15M-26JUN170045-45,3,0.6900,0.7000,0.6900
KXBTC15M-26JUN170045-45,4,0.6500,0.6500,0.6400
KXBTC15M-26JUN170045-45,5,0.6400,0.6400,0.6300
KXBTC15M-26JUN170130-30,3,0.4000,0.4200,0.4000
KXBTC15M-26JUN170130-30,4,0.3800,0.3800,0.3700
KXBTC15M-26JUN170130-30,5,0.3400,0.3400,0.3300
KXBTC15M-26JUN170245-45,3,0.6900,0.7000,0.6900
KXBTC15M-26JUN170245-45,4,0.7500,0.7600,0.7500
KXBTC15M-26JUN170245-45,5,0.6600,0.6700,0.6600
KXBTC15M-26JUN170215-15,3,0.4100,0.4200,0.4100
KXBTC15M-26JUN170215-15,4,0.5100,0.5100,0.5000
KXBTC15M-26JUN170215-15,5,0.5400,0.5400,0.5300
KXBTC15M-26JUN170030-30,3,0.4400,0.4400,0.4300
KXBTC15M-26JUN170030-30,4,0.2500,0.2600,0.2500
KXBTC15M-26JUN170030-30,5,0.4700,0.4800,0.4700
KXBTC15M-26JUN170015-15,3,0.6600,0.6600,0.6500
KXBTC15M-26JUN170015-15,4,0.6500,0.6600,0.6500
KXBTC15M-26JUN170015-15,5,0.7100,0.7200,0.7000
KXBTC15M-26JUN170430-30,3,0.2100,0.2200,0.2100
KXBTC15M-26JUN170430-30,4,0.2400,0.2400,0.2300
KXBTC15M-26JUN170430-30,5,0.1500,0.1500,0.1400
KXBTC15M-26JUN162345-45,3,0.8900,0.8900,0.8800
KXBTC15M-26JUN162345-45,4,0.8700,0.8700,0.8600
KXBTC15M-26JUN162345-45,5,0.8200,0.8300,0.8200
KXBTC15M-26JUN162245-45,3,0.1500,0.1500,0.1400
KXBTC15M-26JUN162245-45,4,0.0580,0.0590,0.0580
KXBTC15M-26JUN162245-45,5,0.0390,0.0410,0.0390
KXBTC15M-26JUN162300-00,3,0.5200,0.5300,0.5200
KXBTC15M-26JUN162300-00,4,0.6000,0.6100,0.6000
KXBTC15M-26JUN162300-00,5,0.7400,0.7400,0.7300
KXBTC15M-26JUN162215-15,3,0.3100,0.3100,0.3000
KXBTC15M-26JUN162215-15,4,0.3000,0.3000,0.2900
KXBTC15M-26JUN162215-15,5,0.2700,0.2700,0.2600
KXBTC15M-26JUN162230-30,3,0.4800,0.4800,0.4700
KXBTC15M-26JUN162230-30,4,0.5400,0.5500,0.5400
KXBTC15M-26JUN162230-30,5,0.6200,0.6300,0.6200
KXBTC15M-26JUN170000-00,3,0.5300,0.5400,0.5300
KXBTC15M-26JUN170000-00,4,0.4000,0.4100,0.4000
KXBTC15M-26JUN170000-00,5,0.6000,0.6000,0.5900
KXBTC15M-26JUN162130-30,3,0.1300,0.1300,0.1200
KXBTC15M-26JUN162130-30,4,0.0500,0.0510,0.0500
KXBTC15M-26JUN162130-30,5,0.0380,0.0380,0.0370
KXBTC15M-26JUN162330-30,3,0.2400,0.2400,0.2300
KXBTC15M-26JUN162330-30,4,0.2100,0.2100,0.2000
KXBTC15M-26JUN162330-30,5,0.1800,0.1800,0.1700
KXBTC15M-26JUN162315-15,3,0.1900,0.1900,0.1800
KXBTC15M-26JUN162315-15,4,0.2200,0.2300,0.2200
KXBTC15M-26JUN162315-15,5,0.1800,0.1900,0.1800
KXBTC15M-26JUN162045-45,3,0.8800,0.8900,0.8800
KXBTC15M-26JUN162045-45,4,0.8700,0.8800,0.8700
KXBTC15M-26JUN162045-45,5,0.7900,0.8000,0.7900
KXBTC15M-26JUN161945-45,3,0.6100,0.6200,0.6100
KXBTC15M-26JUN161945-45,4,0.7600,0.7600,0.7500
KXBTC15M-26JUN161945-45,5,0.7800,0.7900,0.7800
KXBTC15M-26JUN162000-00,3,0.3000,0.3100,0.3000
KXBTC15M-26JUN162000-00,4,0.1100,0.1100,0.1000
KXBTC15M-26JUN162000-00,5,0.0740,0.0900,0.0880
KXBTC15M-26JUN162015-15,3,0.8000,0.8000,0.7900
KXBTC15M-26JUN162015-15,4,0.6300,0.6400,0.6300
KXBTC15M-26JUN162015-15,5,0.6800,0.6800,0.6700
KXBTC15M-26JUN161930-30,3,0.1600,0.1600,0.1500
KXBTC15M-26JUN161930-30,4,0.1100,0.1200,0.1100
KXBTC15M-26JUN161930-30,5,0.0600,0.0610,0.0580
KXBTC15M-26JUN161830-30,3,0.4300,0.4400,0.4300
KXBTC15M-26JUN161830-30,4,0.7300,0.7300,0.7200
KXBTC15M-26JUN161830-30,5,0.3000,0.3000,0.2900
KXBTC15M-26JUN162115-15,3,0.8200,0.8300,0.8200
KXBTC15M-26JUN162115-15,4,0.7900,0.7900,0.7800
KXBTC15M-26JUN162115-15,5,0.8200,0.8300,0.8200
KXBTC15M-26JUN161815-15,3,0.4000,0.4000,0.3900
KXBTC15M-26JUN161815-15,4,0.3800,0.3800,0.3700
KXBTC15M-26JUN161815-15,5,0.3200,0.3300,0.3200
KXBTC15M-26JUN161745-45,3,0.4200,0.4300,0.4200
KXBTC15M-26JUN161745-45,4,0.5000,0.5000,0.4900
KXBTC15M-26JUN161745-45,5,0.3300,0.3400,0.3300
KXBTC15M-26JUN162030-30,3,0.5100,0.5100,0.5000
KXBTC15M-26JUN162030-30,4,0.5200,0.5200,0.5100
KXBTC15M-26JUN162030-30,5,0.4100,0.4100,0.4000
KXBTC15M-26JUN161700-00,3,0.4800,0.4900,0.4800
KXBTC15M-26JUN161700-00,4,0.4300,0.4300,0.4200
KXBTC15M-26JUN161700-00,5,0.4900,0.4900,0.4800
KXBTC15M-26JUN161915-15,3,0.6500,0.6600,0.6500
KXBTC15M-26JUN161915-15,4,0.7100,0.7100,0.7000
KXBTC15M-26JUN161915-15,5,0.6000,0.6000,0.5900
KXBTC15M-26JUN161900-00,3,0.3500,0.3500,0.3400
KXBTC15M-26JUN161900-00,4,0.2500,0.2600,0.2500
KXBTC15M-26JUN161900-00,5,0.3000,0.3000,0.2900
KXBTC15M-26JUN161845-45,3,0.2500,0.2500,0.2400
KXBTC15M-26JUN161845-45,4,0.2500,0.2500,0.2400
KXBTC15M-26JUN161845-45,5,0.2400,0.2400,0.2300
KXBTC15M-26JUN161545-45,3,0.5000,0.5100,0.5000
KXBTC15M-26JUN161545-45,4,0.4500,0.4600,0.4500
KXBTC15M-26JUN161545-45,5,0.3100,0.3100,0.3000
KXBTC15M-26JUN161630-30,3,0.5100,0.5300,0.5100
KXBTC15M-26JUN161630-30,4,0.6300,0.6400,0.6300
KXBTC15M-26JUN161630-30,5,0.7200,0.7200,0.7100
KXBTC15M-26JUN161530-30,3,0.2500,0.2500,0.2400
KXBTC15M-26JUN161530-30,4,0.3500,0.3600,0.3400
KXBTC15M-26JUN161530-30,5,0.5400,0.5500,0.5400
KXBTC15M-26JUN162100-00,3,0.3700,0.3700,0.3500
KXBTC15M-26JUN162100-00,4,0.5100,0.5100,0.5000
KXBTC15M-26JUN162100-00,5,0.2500,0.2600,0.2500
KXBTC15M-26JUN161515-15,3,0.1300,0.1300,0.1200
KXBTC15M-26JUN161515-15,4,0.1200,0.1300,0.1200
KXBTC15M-26JUN161515-15,5,0.0510,0.0550,0.0520
KXBTC15M-26JUN161500-00,3,0.7100,0.7200,0.7100
KXBTC15M-26JUN161500-00,4,0.6900,0.7100,0.7000
KXBTC15M-26JUN161500-00,5,0.7500,0.7600,0.7500
KXBTC15M-26JUN161430-30,3,0.4600,0.4600,0.4500
KXBTC15M-26JUN161430-30,4,0.4000,0.4100,0.4000
KXBTC15M-26JUN161430-30,5,0.1000,0.1000,0.0990
KXBTC15M-26JUN161415-15,3,0.9280,0.9270,0.9240
KXBTC15M-26JUN161415-15,4,0.8000,0.8100,0.8000
KXBTC15M-26JUN161415-15,5,0.8700,0.8700,0.8500
KXBTC15M-26JUN161400-00,3,0.9190,0.9200,0.9190
KXBTC15M-26JUN161400-00,4,0.9540,0.9570,0.9540
KXBTC15M-26JUN161400-00,5,0.9580,0.9630,0.9580
KXBTC15M-26JUN161345-45,3,0.4700,0.4800,0.4700
KXBTC15M-26JUN161345-45,4,0.7600,0.7600,0.7500
KXBTC15M-26JUN161345-45,5,0.6500,0.6600,0.6500
KXBTC15M-26JUN161330-30,3,0.6100,0.6100,0.6000
KXBTC15M-26JUN161330-30,4,0.4800,0.4800,0.4700
KXBTC15M-26JUN161330-30,5,0.3000,0.3100,0.3000
KXBTC15M-26JUN161245-45,3,0.4400,0.4500,0.4400
KXBTC15M-26JUN161245-45,4,0.3100,0.3200,0.3100
KXBTC15M-26JUN161245-45,5,0.5400,0.5500,0.5400
KXBTC15M-26JUN161315-15,3,0.5500,0.5600,0.5400
KXBTC15M-26JUN161315-15,4,0.4100,0.4100,0.4000
KXBTC15M-26JUN161315-15,5,0.4300,0.4300,0.4200
KXBTC15M-26JUN161215-15,3,0.5500,0.5500,0.5400
KXBTC15M-26JUN161215-15,4,0.5100,0.5200,0.5100
KXBTC15M-26JUN161215-15,5,0.4600,0.4700,0.4600
KXBTC15M-26JUN161230-30,3,0.4100,0.4100,0.4000
KXBTC15M-26JUN161230-30,4,0.3800,0.3900,0.3800
KXBTC15M-26JUN161230-30,5,0.4200,0.4300,0.4200
KXBTC15M-26JUN161200-00,3,0.1900,0.1900,0.1800
KXBTC15M-26JUN161200-00,4,0.3500,0.3700,0.3500
KXBTC15M-26JUN161200-00,5,0.6000,0.6100,0.6000
KXBTC15M-26JUN161130-30,3,0.4500,0.4700,0.4500
KXBTC15M-26JUN161130-30,4,0.2700,0.2700,0.2600
KXBTC15M-26JUN161130-30,5,0.1400,0.1500,0.1400
KXBTC15M-26JUN161645-45,3,0.5300,0.5300,0.5200
KXBTC15M-26JUN161645-45,4,0.7600,0.7700,0.7600
KXBTC15M-26JUN161645-45,5,0.7300,0.7300,0.7200
KXBTC15M-26JUN161600-00,3,0.6100,0.6200,0.6100
KXBTC15M-26JUN161600-00,4,0.5000,0.5000,0.4900
KXBTC15M-26JUN161600-00,5,0.4300,0.4600,0.4500
KXBTC15M-26JUN161300-00,3,0.1600,0.1600,0.1500
KXBTC15M-26JUN161300-00,4,0.1500,0.1500,0.1400
KXBTC15M-26JUN161300-00,5,0.2300,0.2400,0.2300
KXBTC15M-26JUN161000-00,3,0.6000,0.6200,0.6000
KXBTC15M-26JUN161000-00,4,0.7100,0.7200,0.7100
KXBTC15M-26JUN161000-00,5,0.4600,0.4700,0.4600
KXBTC15M-26JUN161015-15,3,0.7800,0.7900,0.7800
KXBTC15M-26JUN161015-15,4,0.8300,0.8400,0.8300
KXBTC15M-26JUN161015-15,5,0.8400,0.8500,0.8400
KXBTC15M-26JUN161445-45,3,0.6100,0.6100,0.6000
KXBTC15M-26JUN161445-45,4,0.5700,0.5800,0.5700
KXBTC15M-26JUN161445-45,5,0.4300,0.4400,0.4300
KXBTC15M-26JUN160945-45,3,0.5200,0.5300,0.5200
KXBTC15M-26JUN160945-45,4,0.3600,0.3600,0.3400
KXBTC15M-26JUN160945-45,5,0.5400,0.5400,0.5300
KXBTC15M-26JUN160915-15,3,0.5900,0.6000,0.5900
KXBTC15M-26JUN160915-15,4,0.4100,0.4200,0.4100
KXBTC15M-26JUN160915-15,5,0.2500,0.2500,0.2400
KXBTC15M-26JUN161100-00,3,0.4500,0.4500,0.4400
KXBTC15M-26JUN161100-00,4,0.4600,0.4600,0.4500
KXBTC15M-26JUN161100-00,5,0.5200,0.5300,0.5200
KXBTC15M-26JUN160830-30,3,0.7300,0.7300,0.7200
KXBTC15M-26JUN160830-30,4,0.8700,0.8800,0.8700
KXBTC15M-26JUN160830-30,5,0.8600,0.8600,0.8500
KXBTC15M-26JUN161045-45,3,0.1600,0.1600,0.1500
KXBTC15M-26JUN161045-45,4,0.3700,0.3700,0.3600
KXBTC15M-26JUN161045-45,5,0.4100,0.4200,0.4100
KXBTC15M-26JUN160815-15,3,0.3100,0.3100,0.3000
KXBTC15M-26JUN160815-15,4,0.2300,0.2400,0.2300
KXBTC15M-26JUN160815-15,5,0.2000,0.2000,0.1900
KXBTC15M-26JUN160715-15,3,0.9190,0.9180,0.9170
KXBTC15M-26JUN160715-15,4,0.8100,0.8100,0.8000
KXBTC15M-26JUN160715-15,5,0.8000,0.8000,0.7900
KXBTC15M-26JUN160800-00,3,0.6300,0.6400,0.6300
KXBTC15M-26JUN160800-00,4,0.6200,0.6300,0.6200
KXBTC15M-26JUN160800-00,5,0.6700,0.6800,0.6700
KXBTC15M-26JUN160730-30,3,0.5300,0.5300,0.5200
KXBTC15M-26JUN160730-30,4,0.7500,0.7500,0.7400
KXBTC15M-26JUN160730-30,5,0.8100,0.8200,0.8100
KXBTC15M-26JUN160600-00,3,0.1500,0.1500,0.1400
KXBTC15M-26JUN160600-00,4,0.0570,0.0570,0.0520
KXBTC15M-26JUN160600-00,5,0.0480,0.0480,0.0470
KXBTC15M-26JUN160545-45,3,0.8500,0.8600,0.8500
KXBTC15M-26JUN160545-45,4,0.8400,0.8600,0.8400
KXBTC15M-26JUN160545-45,5,0.8000,0.8000,0.7900
KXBTC15M-26JUN160845-45,3,0.9390,0.9410,0.9390
KXBTC15M-26JUN160845-45,4,0.9270,0.9290,0.9240
KXBTC15M-26JUN160845-45,5,0.9070,0.9110,0.9070
KXBTC15M-26JUN161145-45,3,0.6900,0.7000,0.6900
KXBTC15M-26JUN161145-45,4,0.7200,0.7300,0.7200
KXBTC15M-26JUN161145-45,5,0.9300,0.9300,0.9270
KXBTC15M-26JUN160530-30,3,0.1500,0.1400,0.1300
KXBTC15M-26JUN160530-30,4,0.0680,0.0680,0.0630
KXBTC15M-26JUN160530-30,5,0.0530,0.0580,0.0540
KXBTC15M-26JUN160745-45,3,0.2800,0.2900,0.2800
KXBTC15M-26JUN160745-45,4,0.1700,0.1800,0.1700
KXBTC15M-26JUN160745-45,5,0.1900,0.2000,0.1900
KXBTC15M-26JUN160500-00,3,0.6600,0.6900,0.6700
KXBTC15M-26JUN160500-00,4,0.6900,0.6900,0.6700
KXBTC15M-26JUN160500-00,5,0.9500,0.9500,0.9420
KXBTC15M-26JUN160630-30,3,0.8300,0.8400,0.8300
KXBTC15M-26JUN160630-30,4,0.8000,0.8200,0.8100
KXBTC15M-26JUN160630-30,5,0.9710,0.9730,0.9720
KXBTC15M-26JUN160645-45,3,0.3500,0.3600,0.3500
KXBTC15M-26JUN160645-45,4,0.4800,0.4900,0.4700
KXBTC15M-26JUN160645-45,5,0.3600,0.3600,0.3500
KXBTC15M-26JUN160400-00,3,0.5100,0.5100,0.5000
KXBTC15M-26JUN160400-00,4,0.5400,0.5500,0.5400
KXBTC15M-26JUN160400-00,5,0.7300,0.7300,0.7200
KXBTC15M-26JUN160930-30,3,0.6600,0.6600,0.6500
KXBTC15M-26JUN160930-30,4,0.7000,0.7000,0.6900
KXBTC15M-26JUN160930-30,5,0.5500,0.5500,0.5400
KXBTC15M-26JUN160345-45,3,0.7300,0.7300,0.7200
KXBTC15M-26JUN160345-45,4,0.6400,0.6400,0.6300
KXBTC15M-26JUN160345-45,5,0.7400,0.7500,0.7400
KXBTC15M-26JUN160330-30,3,0.8200,0.8300,0.8200
KXBTC15M-26JUN160330-30,4,0.7500,0.7600,0.7500
KXBTC15M-26JUN160330-30,5,0.6600,0.6700,0.6500
KXBTC15M-26JUN160245-45,3,0.4100,0.4100,0.4000
KXBTC15M-26JUN160245-45,4,0.6600,0.6700,0.6600
KXBTC15M-26JUN160245-45,5,0.7000,0.6900,0.6800
KXBTC15M-26JUN160300-00,3,0.6900,0.6900,0.6800
KXBTC15M-26JUN160300-00,4,0.7700,0.7700,0.7600
KXBTC15M-26JUN160300-00,5,0.8800,0.8900,0.8800
KXBTC15M-26JUN160430-30,3,0.6700,0.6700,0.6500
KXBTC15M-26JUN160430-30,4,0.5600,0.5600,0.5500
KXBTC15M-26JUN160430-30,5,0.2600,0.2600,0.2500
KXBTC15M-26JUN160215-15,3,0.8100,0.8200,0.8000
KXBTC15M-26JUN160215-15,4,0.7500,0.7600,0.7500
KXBTC15M-26JUN160215-15,5,0.8000,0.8000,0.7900
KXBTC15M-26JUN160415-15,3,0.5000,0.5100,0.5000
KXBTC15M-26JUN160415-15,4,0.4500,0.4500,0.4400
KXBTC15M-26JUN160415-15,5,0.6100,0.6100,0.6000
KXBTC15M-26JUN160115-15,3,0.8500,0.8500,0.8400
KXBTC15M-26JUN160115-15,4,0.8200,0.8300,0.8200
KXBTC15M-26JUN160115-15,5,0.8500,0.8600,0.8500
KXBTC15M-26JUN160700-00,3,0.3100,0.3200,0.3100
KXBTC15M-26JUN160700-00,4,0.2900,0.2900,0.2800
KXBTC15M-26JUN160700-00,5,0.4500,0.4500,0.4400
KXBTC15M-26JUN160045-45,3,0.1600,0.1600,0.1500
KXBTC15M-26JUN160045-45,4,0.0850,0.0850,0.0810
KXBTC15M-26JUN160045-45,5,0.0640,0.0680,0.0650
KXBTC15M-26JUN160015-15,3,0.7500,0.7500,0.7400
KXBTC15M-26JUN160015-15,4,0.8800,0.8800,0.8700
KXBTC15M-26JUN160015-15,5,0.9100,0.9110,0.9100
KXBTC15M-26JUN160000-00,3,0.7300,0.7300,0.7200
KXBTC15M-26JUN160000-00,4,0.7000,0.7100,0.6900
KXBTC15M-26JUN160000-00,5,0.6000,0.6100,0.6000
KXBTC15M-26JUN152345-45,3,0.7500,0.7600,0.7500
KXBTC15M-26JUN152345-45,4,0.7700,0.7700,0.7600
KXBTC15M-26JUN152345-45,5,0.8200,0.8100,0.7900
KXBTC15M-26JUN160230-30,3,0.6700,0.6900,0.6700
KXBTC15M-26JUN160230-30,4,0.7100,0.7100,0.6900
KXBTC15M-26JUN160230-30,5,0.7100,0.7000,0.6900
KXBTC15M-26JUN160200-00,3,0.4200,0.4200,0.4100
KXBTC15M-26JUN160200-00,4,0.4600,0.4600,0.4500
KXBTC15M-26JUN160200-00,5,0.6000,0.6000,0.5800
KXBTC15M-26JUN152300-00,3,0.4300,0.4400,0.4300
KXBTC15M-26JUN152300-00,4,0.4900,0.4900,0.4800
KXBTC15M-26JUN152300-00,5,0.2700,0.2700,0.2600
KXBTC15M-26JUN160130-30,3,0.6300,0.6400,0.6300
KXBTC15M-26JUN160130-30,4,0.6200,0.6300,0.6200
KXBTC15M-26JUN160130-30,5,0.5900,0.6000,0.5900
KXBTC15M-26JUN152215-15,3,0.5300,0.5300,0.5200
KXBTC15M-26JUN152215-15,4,0.4200,0.4300,0.4200
KXBTC15M-26JUN152215-15,5,0.4300,0.4400,0.4300
KXBTC15M-26JUN152200-00,3,0.5700,0.5700,0.5600
KXBTC15M-26JUN152200-00,4,0.6700,0.6800,0.6700
KXBTC15M-26JUN152200-00,5,0.7700,0.7800,0.7700
KXBTC15M-26JUN160030-30,3,0.3700,0.3800,0.3700
KXBTC15M-26JUN160030-30,4,0.4100,0.4100,0.4000
KXBTC15M-26JUN160030-30,5,0.2800,0.2900,0.2800
KXBTC15M-26JUN160315-15,3,0.3400,0.3400,0.3300
KXBTC15M-26JUN160315-15,4,0.4000,0.4100,0.4000
KXBTC15M-26JUN160315-15,5,0.3800,0.3800,0.3700
KXBTC15M-26JUN152115-15,3,0.7700,0.7800,0.7700
KXBTC15M-26JUN152115-15,4,0.8400,0.8500,0.8400
KXBTC15M-26JUN152115-15,5,0.8500,0.8600,0.8500
KXBTC15M-26JUN152145-45,3,0.5500,0.5600,0.5500
KXBTC15M-26JUN152145-45,4,0.5800,0.5900,0.5800
KXBTC15M-26JUN152145-45,5,0.4800,0.4900,0.4800
KXBTC15M-26JUN152315-15,3,0.8400,0.8500,0.8400
KXBTC15M-26JUN152315-15,4,0.8900,0.9000,0.8900
KXBTC15M-26JUN152315-15,5,0.7900,0.7900,0.7800
KXBTC15M-26JUN152030-30,3,0.4400,0.4400,0.4300
KXBTC15M-26JUN152030-30,4,0.4800,0.5000,0.4800
KXBTC15M-26JUN152030-30,5,0.3700,0.3700,0.3600
KXBTC15M-26JUN152045-45,3,0.7100,0.7200,0.7100
KXBTC15M-26JUN152045-45,4,0.8600,0.8700,0.8600
KXBTC15M-26JUN152045-45,5,0.9000,0.9010,0.8800
KXBTC15M-26JUN152245-45,3,0.8100,0.8200,0.8100
KXBTC15M-26JUN152245-45,4,0.5700,0.5700,0.5600
KXBTC15M-26JUN152245-45,5,0.6400,0.6500,0.6400
KXBTC15M-26JUN151915-15,3,0.4100,0.4200,0.4100
KXBTC15M-26JUN151915-15,4,0.5000,0.5100,0.5000
KXBTC15M-26JUN151915-15,5,0.7700,0.7800,0.7700
KXBTC15M-26JUN160100-00,3,0.4900,0.4900,0.4800
KXBTC15M-26JUN160100-00,4,0.5300,0.5300,0.5200
KXBTC15M-26JUN160100-00,5,0.5500,0.5500,0.5400
KXBTC15M-26JUN151945-45,3,0.4800,0.4800,0.4700
KXBTC15M-26JUN151945-45,4,0.3000,0.3000,0.2900
KXBTC15M-26JUN151945-45,5,0.2800,0.2900,0.2800
KXBTC15M-26JUN151815-15,3,0.7900,0.8000,0.7900
KXBTC15M-26JUN151815-15,4,0.8100,0.8100,0.8000
KXBTC15M-26JUN151815-15,5,0.8400,0.8400,0.8300
KXBTC15M-26JUN152100-00,3,0.4000,0.4100,0.4000
KXBTC15M-26JUN152100-00,4,0.1900,0.2000,0.1900
KXBTC15M-26JUN152100-00,5,0.0740,0.0740,0.0730
KXBTC15M-26JUN151845-45,3,0.7200,0.7300,0.7100
KXBTC15M-26JUN151845-45,4,0.7700,0.7700,0.7600
KXBTC15M-26JUN151845-45,5,0.8800,0.8900,0.8800
KXBTC15M-26JUN152330-30,3,0.2700,0.2700,0.2600
KXBTC15M-26JUN152330-30,4,0.3000,0.3000,0.2900
KXBTC15M-26JUN152330-30,5,0.0390,0.0420,0.0380
KXBTC15M-26JUN152015-15,3,0.2700,0.2700,0.2600
KXBTC15M-26JUN152015-15,4,0.4100,0.4100,0.4000
KXBTC15M-26JUN152015-15,5,0.3900,0.4100,0.3900
KXBTC15M-26JUN151730-30,3,0.7000,0.7200,0.7100
KXBTC15M-26JUN151730-30,4,0.7400,0.7500,0.7400
KXBTC15M-26JUN151730-30,5,0.8200,0.8200,0.8100
KXBTC15M-26JUN151930-30,3,0.2700,0.2700,0.2600
KXBTC15M-26JUN151930-30,4,0.2100,0.2100,0.2000
KXBTC15M-26JUN151930-30,5,0.1600,0.1600,0.1500
KXBTC15M-26JUN151630-30,3,0.3100,0.3100,0.3000
KXBTC15M-26JUN151630-30,4,0.2900,0.3000,0.2900
KXBTC15M-26JUN151630-30,5,0.3500,0.3500,0.3400
KXBTC15M-26JUN151645-45,3,0.7500,0.7700,0.7500
KXBTC15M-26JUN151645-45,4,0.8900,0.8900,0.8800
KXBTC15M-26JUN151645-45,5,0.8500,0.8600,0.8500
KXBTC15M-26JUN151600-00,3,0.2800,0.2800,0.2700
KXBTC15M-26JUN151600-00,4,0.2200,0.2300,0.2200
KXBTC15M-26JUN151600-00,5,0.1600,0.1700,0.1600
KXBTC15M-26JUN152130-30,3,0.4600,0.4600,0.4500
KXBTC15M-26JUN152130-30,4,0.4200,0.4200,0.4100
KXBTC15M-26JUN152130-30,5,0.6900,0.6900,0.6800
KXBTC15M-26JUN151530-30,3,0.0340,0.0340,0.0310
KXBTC15M-26JUN151530-30,4,0.0150,0.0150,0.0100
KXBTC15M-26JUN151530-30,5,0.0420,0.0430,0.0420
KXBTC15M-26JUN151745-45,3,0.5800,0.5900,0.5800
KXBTC15M-26JUN151745-45,4,0.7200,0.7300,0.7200
KXBTC15M-26JUN151745-45,5,0.7500,0.7500,0.7400
KXBTC15M-26JUN151715-15,3,0.5200,0.5300,0.5200
KXBTC15M-26JUN151715-15,4,0.5100,0.5100,0.5000
KXBTC15M-26JUN151715-15,5,0.5800,0.5800,0.5600
KXBTC15M-26JUN151515-15,3,0.7000,0.7000,0.6900
KXBTC15M-26JUN151515-15,4,0.7900,0.7900,0.7800
KXBTC15M-26JUN151515-15,5,0.8200,0.8300,0.8200
KXBTC15M-26JUN151700-00,3,0.1500,0.1600,0.1500
KXBTC15M-26JUN151700-00,4,0.1300,0.1400,0.1300
KXBTC15M-26JUN151700-00,5,0.1400,0.1400,0.1300
KXBTC15M-26JUN151430-30,3,0.5600,0.5700,0.5600
KXBTC15M-26JUN151430-30,4,0.6900,0.6900,0.6800
KXBTC15M-26JUN151430-30,5,0.7200,0.7200,0.7100
KXBTC15M-26JUN151415-15,3,0.3400,0.3400,0.3300
KXBTC15M-26JUN151415-15,4,0.2900,0.2900,0.2800
KXBTC15M-26JUN151415-15,5,0.3400,0.3600,0.3400
KXBTC15M-26JUN151330-30,3,0.6200,0.6300,0.6200
KXBTC15M-26JUN151330-30,4,0.6000,0.5900,0.5800
KXBTC15M-26JUN151330-30,5,0.2300,0.2300,0.2200
KXBTC15M-26JUN151345-45,3,0.1800,0.1700,0.1600
KXBTC15M-26JUN151345-45,4,0.2900,0.3000,0.2900
KXBTC15M-26JUN151345-45,5,0.3100,0.3200,0.3100
KXBTC15M-26JUN151545-45,3,0.8700,0.8700,0.8600
KXBTC15M-26JUN151545-45,4,0.8800,0.8900,0.8800
KXBTC15M-26JUN151545-45,5,0.8900,0.9000,0.8900
KXBTC15M-26JUN151230-30,3,0.1100,0.1100,0.1000
KXBTC15M-26JUN151230-30,4,0.0820,0.0860,0.0810
KXBTC15M-26JUN151230-30,5,0.0980,0.0970,0.0960
KXBTC15M-26JUN151300-00,3,0.3500,0.3500,0.3400
KXBTC15M-26JUN151300-00,4,0.2600,0.2600,0.2500
KXBTC15M-26JUN151300-00,5,0.3300,0.3300,0.3200
KXBTC15M-26JUN151200-00,3,0.9250,0.9270,0.9260
KXBTC15M-26JUN151200-00,4,0.9400,0.9400,0.9390
KXBTC15M-26JUN151200-00,5,0.9570,0.9570,0.9530
KXBTC15M-26JUN151215-15,3,0.2400,0.2400,0.2300
KXBTC15M-26JUN151215-15,4,0.2000,0.2100,0.2000
KXBTC15M-26JUN151215-15,5,0.1900,0.2000,0.1900
KXBTC15M-26JUN151615-15,3,0.6700,0.6700,0.6600
KXBTC15M-26JUN151615-15,4,0.5800,0.5800,0.5700
KXBTC15M-26JUN151615-15,5,0.5300,0.5300,0.5200
KXBTC15M-26JUN151145-45,3,0.4200,0.4300,0.4200
KXBTC15M-26JUN151145-45,4,0.4700,0.4700,0.4600
KXBTC15M-26JUN151145-45,5,0.6300,0.6300,0.6200
KXBTC15M-26JUN151130-30,3,0.6000,0.6000,0.5900
KXBTC15M-26JUN151130-30,4,0.8100,0.8300,0.8100
KXBTC15M-26JUN151130-30,5,0.8400,0.8400,0.8300
KXBTC15M-26JUN151030-30,3,0.7400,0.7500,0.7400
KXBTC15M-26JUN151030-30,4,0.8400,0.8400,0.8300
KXBTC15M-26JUN151030-30,5,0.7400,0.7500,0.7400
KXBTC15M-26JUN151015-15,3,0.3200,0.3200,0.3100
KXBTC15M-26JUN151015-15,4,0.2600,0.2600,0.2500
KXBTC15M-26JUN151015-15,5,0.4400,0.4500,0.4400
KXBTC15M-26JUN151000-00,3,0.5800,0.5900,0.5800
KXBTC15M-26JUN151000-00,4,0.6100,0.6200,0.6100
KXBTC15M-26JUN151000-00,5,0.7400,0.7400,0.7300
KXBTC15M-26JUN150945-45,3,0.4200,0.4200,0.4100
KXBTC15M-26JUN150945-45,4,0.4700,0.4800,0.4700
KXBTC15M-26JUN150945-45,5,0.4400,0.4500,0.4400
KXBTC15M-26JUN151445-45,3,0.6400,0.6400,0.6300
KXBTC15M-26JUN151445-45,4,0.5100,0.5200,0.5100
KXBTC15M-26JUN151445-45,5,0.4400,0.4400,0.4300
KXBTC15M-26JUN150930-30,3,0.8200,0.8200,0.8100
KXBTC15M-26JUN150930-30,4,0.8900,0.8900,0.8800
KXBTC15M-26JUN150930-30,5,0.9180,0.9180,0.9130
KXBTC15M-26JUN150845-45,3,0.3800,0.4000,0.3800
KXBTC15M-26JUN150845-45,4,0.3700,0.3800,0.3700
KXBTC15M-26JUN150845-45,5,0.4900,0.5000,0.4900
KXBTC15M-26JUN150830-30,3,0.5500,0.5500,0.5400
KXBTC15M-26JUN150830-30,4,0.5000,0.5000,0.4900
KXBTC15M-26JUN150830-30,5,0.2100,0.2100,0.2000
KXBTC15M-26JUN151115-15,3,0.5900,0.5900,0.5800
KXBTC15M-26JUN151115-15,4,0.6200,0.6200,0.6100
KXBTC15M-26JUN151115-15,5,0.7500,0.7600,0.7500
KXBTC15M-26JUN150745-45,3,0.4900,0.5000,0.4900
KXBTC15M-26JUN150745-45,4,0.6000,0.6100,0.6000
KXBTC15M-26JUN150745-45,5,0.3800,0.3800,0.3700
KXBTC15M-26JUN150815-15,3,0.3700,0.3700,0.3600
KXBTC15M-26JUN150815-15,4,0.1700,0.1800,0.1700
KXBTC15M-26JUN150815-15,5,0.1800,0.1800,0.1700
KXBTC15M-26JUN150715-15,3,0.5700,0.5800,0.5700
KXBTC15M-26JUN150715-15,4,0.5100,0.5200,0.5100
KXBTC15M-26JUN150715-15,5,0.6300,0.6300,0.6200
KXBTC15M-26JUN151245-45,3,0.6500,0.6600,0.6500
KXBTC15M-26JUN151245-45,4,0.7500,0.7600,0.7400
KXBTC15M-26JUN151245-45,5,0.8000,0.8000,0.7900
KXBTC15M-26JUN150630-30,3,0.2500,0.2600,0.2500
KXBTC15M-26JUN150630-30,4,0.2600,0.2600,0.2500
KXBTC15M-26JUN150630-30,5,0.2400,0.2400,0.2300
KXBTC15M-26JUN150900-00,3,0.6200,0.6200,0.6100
KXBTC15M-26JUN150900-00,4,0.6900,0.6900,0.6700
KXBTC15M-26JUN150900-00,5,0.8100,0.8200,0.8100
KXBTC15M-26JUN150615-15,3,0.7000,0.7000,0.6900
KXBTC15M-26JUN150615-15,4,0.8300,0.8300,0.8200
KXBTC15M-26JUN150615-15,5,0.9360,0.9430,0.9350
KXBTC15M-26JUN150545-45,3,0.1200,0.1200,0.1100
KXBTC15M-26JUN150545-45,4,0.1300,0.1300,0.1200
KXBTC15M-26JUN150545-45,5,0.1500,0.1600,0.1500
KXBTC15M-26JUN150800-00,3,0.5000,0.5100,0.5000
KXBTC15M-26JUN150800-00,4,0.4400,0.4400,0.4300
KXBTC15M-26JUN150800-00,5,0.6700,0.6700,0.6600
KXBTC15M-26JUN150730-30,3,0.9120,0.9210,0.9120
KXBTC15M-26JUN150730-30,4,0.9740,0.9780,0.9730
KXBTC15M-26JUN150730-30,5,0.9650,0.9670,0.9610
KXBTC15M-26JUN150530-30,3,0.9150,0.9160,0.9120
KXBTC15M-26JUN150530-30,4,0.8900,0.9000,0.8900
KXBTC15M-26JUN150530-30,5,0.6800,0.6900,0.6800
KXBTC15M-26JUN150515-15,3,0.5200,0.5200,0.5100
KXBTC15M-26JUN150515-15,4,0.4100,0.4200,0.4100
KXBTC15M-26JUN150515-15,5,0.4700,0.4700,0.4600
KXBTC15M-26JUN150500-00,3,0.4400,0.4600,0.4400
KXBTC15M-26JUN150500-00,4,0.3900,0.3900,0.3800
KXBTC15M-26JUN150500-00,5,0.2400,0.2500,0.2400
KXBTC15M-26JUN150430-30,3,0.3400,0.3400,0.3300
KXBTC15M-26JUN150430-30,4,0.2100,0.2200,0.2100
KXBTC15M-26JUN150430-30,5,0.1400,0.1400,0.1300
KXBTC15M-26JUN150445-45,3,0.6800,0.6900,0.6800
KXBTC15M-26JUN150445-45,4,0.7800,0.7900,0.7800
KXBTC15M-26JUN150445-45,5,0.8000,0.8200,0.8000
KXBTC15M-26JUN150415-15,3,0.8600,0.8600,0.8500
KXBTC15M-26JUN150415-15,4,0.8200,0.8300,0.8200
KXBTC15M-26JUN150415-15,5,0.8300,0.8400,0.8300
KXBTC15M-26JUN150245-45,3,0.1700,0.1700,0.1600
KXBTC15M-26JUN150245-45,4,0.1000,0.1100,0.1000
KXBTC15M-26JUN150245-45,5,0.0600,0.0580,0.0520
KXBTC15M-26JUN150315-15,3,0.2400,0.2400,0.2300
KXBTC15M-26JUN150315-15,4,0.3200,0.3300,0.3200
KXBTC15M-26JUN150315-15,5,0.3400,0.3500,0.3400
KXBTC15M-26JUN150215-15,3,0.2900,0.2900,0.2800
KXBTC15M-26JUN150215-15,4,0.5400,0.5500,0.5400
KXBTC15M-26JUN150215-15,5,0.6200,0.6000,0.5900
KXBTC15M-26JUN150200-00,3,0.7700,0.7800,0.7700
KXBTC15M-26JUN150200-00,4,0.7100,0.7200,0.7100
KXBTC15M-26JUN150200-00,5,0.8700,0.8700,0.8600
KXBTC15M-26JUN150400-00,3,0.3600,0.3600,0.3500
KXBTC15M-26JUN150400-00,4,0.2500,0.2500,0.2400
KXBTC15M-26JUN150400-00,5,0.1400,0.1500,0.1400
KXBTC15M-26JUN150345-45,3,0.0570,0.0570,0.0520
KXBTC15M-26JUN150345-45,4,0.0570,0.0630,0.0580
KXBTC15M-26JUN150345-45,5,0.0400,0.0400,0.0390
KXBTC15M-26JUN150145-45,3,0.1900,0.1900,0.1800
KXBTC15M-26JUN150145-45,4,0.2400,0.2600,0.2500
KXBTC15M-26JUN150145-45,5,0.3100,0.3100,0.2900
KXBTC15M-26JUN150700-00,3,0.5400,0.5400,0.5300
KXBTC15M-26JUN150700-00,4,0.5200,0.5400,0.5300
KXBTC15M-26JUN150700-00,5,0.3900,0.4000,0.3900
KXBTC15M-26JUN150300-00,3,0.7700,0.7800,0.7700
KXBTC15M-26JUN150300-00,4,0.9000,0.9000,0.8900
KXBTC15M-26JUN150300-00,5,0.7800,0.7800,0.7700
KXBTC15M-26JUN150030-30,3,0.6700,0.6800,0.6700
KXBTC15M-26JUN150030-30,4,0.7600,0.7700,0.7600
KXBTC15M-26JUN150030-30,5,0.7900,0.8100,0.7900
KXBTC15M-26JUN150115-15,3,0.3100,0.3100,0.3000
KXBTC15M-26JUN150115-15,4,0.2700,0.2800,0.2700
KXBTC15M-26JUN150115-15,5,0.3700,0.3900,0.3800
KXBTC15M-26JUN142345-45,3,0.5000,0.5100,0.5000
KXBTC15M-26JUN142345-45,4,0.5200,0.5300,0.5200
KXBTC15M-26JUN142345-45,5,0.6000,0.6100,0.6000
KXBTC15M-26JUN150015-15,3,0.1800,0.1900,0.1800
KXBTC15M-26JUN150015-15,4,0.1300,0.1400,0.1300
KXBTC15M-26JUN150015-15,5,0.1000,0.1100,0.1000
KXBTC15M-26JUN150000-00,3,0.7000,0.6900,0.6800
KXBTC15M-26JUN150000-00,4,0.8100,0.8200,0.8100
KXBTC15M-26JUN150000-00,5,0.7400,0.7400,0.7300
KXBTC15M-26JUN142330-30,3,0.5700,0.5600,0.5500
KXBTC15M-26JUN142330-30,4,0.6000,0.6000,0.5900
KXBTC15M-26JUN142330-30,5,0.7200,0.7200,0.7100
KXBTC15M-26JUN142215-15,3,0.5900,0.5900,0.5800
KXBTC15M-26JUN142215-15,4,0.6900,0.6900,0.6800
KXBTC15M-26JUN142215-15,5,0.8300,0.8400,0.8300
KXBTC15M-26JUN142300-00,3,0.0690,0.0690,0.0670
KXBTC15M-26JUN142300-00,4,0.0990,0.0990,0.0980
KXBTC15M-26JUN142300-00,5,0.0810,0.0830,0.0820
KXBTC15M-26JUN142230-30,3,0.7600,0.7600,0.7400
KXBTC15M-26JUN142230-30,4,0.7000,0.7100,0.7000
KXBTC15M-26JUN142230-30,5,0.6800,0.6800,0.6700
KXBTC15M-26JUN150100-00,3,0.6700,0.6700,0.6600
KXBTC15M-26JUN150100-00,4,0.5800,0.5800,0.5700
KXBTC15M-26JUN150100-00,5,0.4800,0.4900,0.4800
KXBTC15M-26JUN142145-45,3,0.7000,0.7200,0.7100
KXBTC15M-26JUN142145-45,4,0.7400,0.7500,0.7400
KXBTC15M-26JUN142145-45,5,0.7400,0.7500,0.7400
KXBTC15M-26JUN142130-30,3,0.5500,0.5500,0.5400
KXBTC15M-26JUN142130-30,4,0.5000,0.5000,0.4900
KXBTC15M-26JUN142130-30,5,0.2500,0.2600,0.2500
KXBTC15M-26JUN150230-30,3,0.7200,0.7200,0.7100
KXBTC15M-26JUN150230-30,4,0.4300,0.4300,0.4200
KXBTC15M-26JUN150230-30,5,0.4800,0.4900,0.4800
KXBTC15M-26JUN142015-15,3,0.2000,0.2000,0.1900
KXBTC15M-26JUN142015-15,4,0.2300,0.2300,0.2200
KXBTC15M-26JUN142015-15,5,0.2600,0.2600,0.2500
KXBTC15M-26JUN142100-00,3,0.7800,0.7800,0.7700
KXBTC15M-26JUN142100-00,4,0.6700,0.6800,0.6700
KXBTC15M-26JUN142100-00,5,0.6200,0.6200,0.6100
KXBTC15M-26JUN142245-45,3,0.2600,0.2600,0.2500
KXBTC15M-26JUN142245-45,4,0.1700,0.1800,0.1700
KXBTC15M-26JUN142245-45,5,0.2600,0.2600,0.2500
KXBTC15M-26JUN141915-15,3,0.4400,0.4400,0.4300
KXBTC15M-26JUN141915-15,4,0.2600,0.2600,0.2400
KXBTC15M-26JUN141915-15,5,0.1800,0.1800,0.1700
KXBTC15M-26JUN141945-45,3,0.1900,0.1900,0.1800
KXBTC15M-26JUN141945-45,4,0.4200,0.4200,0.4100
KXBTC15M-26JUN141945-45,5,0.3600,0.3600,0.3500
KXBTC15M-26JUN141930-30,3,0.6200,0.6200,0.6000
KXBTC15M-26JUN141930-30,4,0.5300,0.5400,0.5300
KXBTC15M-26JUN141930-30,5,0.4700,0.4700,0.4600
KXBTC15M-26JUN141830-30,3,0.3600,0.3600,0.3500
KXBTC15M-26JUN141830-30,4,0.5300,0.5400,0.5300
KXBTC15M-26JUN141830-30,5,0.4100,0.4200,0.4100
KXBTC15M-26JUN142045-45,3,0.2000,0.2000,0.1900
KXBTC15M-26JUN142045-45,4,0.1200,0.1200,0.1100
KXBTC15M-26JUN142045-45,5,0.0610,0.0670,0.0610
KXBTC15M-26JUN142030-30,3,0.2800,0.2800,0.2700
KXBTC15M-26JUN142030-30,4,0.2500,0.2700,0.2500
KXBTC15M-26JUN142030-30,5,0.2700,0.2800,0.2700
KXBTC15M-26JUN141845-45,3,0.4800,0.4800,0.4700
KXBTC15M-26JUN141845-45,4,0.6600,0.6700,0.6600
KXBTC15M-26JUN141845-45,5,0.8100,0.8200,0.8100
KXBTC15M-26JUN141730-30,3,0.9890,0.9890,0.9880
KXBTC15M-26JUN141730-30,4,0.9780,0.9790,0.9770
KXBTC15M-26JUN141730-30,5,0.9810,0.9870,0.9810
KXBTC15M-26JUN141700-00,3,0.3900,0.3900,0.3800
KXBTC15M-26JUN141700-00,4,0.4700,0.4700,0.4600
KXBTC15M-26JUN141700-00,5,0.3800,0.3900,0.3800
KXBTC15M-26JUN141745-45,3,0.8100,0.8300,0.8100
KXBTC15M-26JUN141745-45,4,0.9130,0.9140,0.9100
KXBTC15M-26JUN141745-45,5,0.8700,0.8700,0.8600
KXBTC15M-26JUN141800-00,3,0.5800,0.5900,0.5800
KXBTC15M-26JUN141800-00,4,0.7400,0.7500,0.7400
KXBTC15M-26JUN141800-00,5,0.8900,0.8900,0.8800
KXBTC15M-26JUN142200-00,3,0.3900,0.4000,0.3900
KXBTC15M-26JUN142200-00,4,0.2700,0.2800,0.2600
KXBTC15M-26JUN142200-00,5,0.0750,0.0750,0.0740
KXBTC15M-26JUN141600-00,3,0.5300,0.5300,0.5200
KXBTC15M-26JUN141600-00,4,0.6300,0.6400,0.6200
KXBTC15M-26JUN141600-00,5,0.5900,0.6000,0.5900
KXBTC15M-26JUN141630-30,3,0.5900,0.5900,0.5800
KXBTC15M-26JUN141630-30,4,0.6900,0.6900,0.6800
KXBTC15M-26JUN141630-30,5,0.9180,0.9200,0.9180
KXBTC15M-26JUN142115-15,3,0.0610,0.0660,0.0610
KXBTC15M-26JUN142115-15,4,0.0430,0.0420,0.0370
KXBTC15M-26JUN142115-15,5,0.0850,0.0800,0.0790
KXBTC15M-26JUN141545-45,3,0.7400,0.7500,0.7400
KXBTC15M-26JUN141545-45,4,0.7300,0.7400,0.7300
KXBTC15M-26JUN141545-45,5,0.6900,0.7000,0.6900
KXBTC15M-26JUN141530-30,3,0.7200,0.7300,0.7200
KXBTC15M-26JUN141530-30,4,0.8000,0.8100,0.8000
KXBTC15M-26JUN141530-30,5,0.6800,0.6900,0.6800
KXBTC15M-26JUN141445-45,3,0.5900,0.6000,0.5900
KXBTC15M-26JUN141445-45,4,0.6200,0.6200,0.6100
KXBTC15M-26JUN141445-45,5,0.7400,0.7500,0.7400
KXBTC15M-26JUN142000-00,3,0.6800,0.6900,0.6800
KXBTC15M-26JUN142000-00,4,0.8300,0.8400,0.8300
KXBTC15M-26JUN142000-00,5,0.7700,0.7800,0.7700
KXBTC15M-26JUN141615-15,3,0.7300,0.7400,0.7300
KXBTC15M-26JUN141615-15,4,0.7700,0.7700,0.7600
KXBTC15M-26JUN141615-15,5,0.7300,0.7500,0.7400
KXBTC15M-26JUN141430-30,3,0.4000,0.4100,0.4000
KXBTC15M-26JUN141430-30,4,0.3600,0.3600,0.3500
KXBTC15M-26JUN141430-30,5,0.4100,0.4300,0.4100
KXBTC15M-26JUN141315-15,3,0.7100,0.7300,0.7200
KXBTC15M-26JUN141315-15,4,0.8000,0.8000,0.7900
KXBTC15M-26JUN141315-15,5,0.7800,0.7800,0.7700
KXBTC15M-26JUN141330-30,3,0.5500,0.5500,0.5400
KXBTC15M-26JUN141330-30,4,0.4400,0.4400,0.4300
KXBTC15M-26JUN141330-30,5,0.2600,0.2600,0.2500
KXBTC15M-26JUN141230-30,3,0.4000,0.4100,0.4000
KXBTC15M-26JUN141230-30,4,0.3800,0.3900,0.3800
KXBTC15M-26JUN141230-30,5,0.5200,0.5300,0.5200
KXBTC15M-26JUN141300-00,3,0.1200,0.1300,0.1200
KXBTC15M-26JUN141300-00,4,0.0310,0.0310,0.0300
KXBTC15M-26JUN141300-00,5,0.0430,0.0420,0.0410
KXBTC15M-26JUN141515-15,3,0.4700,0.4700,0.4600
KXBTC15M-26JUN141515-15,4,0.5200,0.5300,0.5200
KXBTC15M-26JUN141515-15,5,0.4700,0.4800,0.4700
KXBTC15M-26JUN141215-15,3,0.6200,0.6200,0.6100
KXBTC15M-26JUN141215-15,4,0.5500,0.5600,0.5500
KXBTC15M-26JUN141215-15,5,0.6400,0.6400,0.6200
KXBTC15M-26JUN141200-00,3,0.5500,0.5500,0.5400
KXBTC15M-26JUN141200-00,4,0.5900,0.5900,0.5800
KXBTC15M-26JUN141200-00,5,0.4700,0.4700,0.4600
KXBTC15M-26JUN141145-45,3,0.2400,0.2500,0.2400
KXBTC15M-26JUN141145-45,4,0.4000,0.4100,0.4000
KXBTC15M-26JUN141145-45,5,0.5800,0.5900,0.5800
KXBTC15M-26JUN141130-30,3,0.2700,0.2800,0.2700
KXBTC15M-26JUN141130-30,4,0.1400,0.1500,0.1400
KXBTC15M-26JUN141130-30,5,0.1400,0.1400,0.1300
KXBTC15M-26JUN141045-45,3,0.1800,0.1800,0.1700
KXBTC15M-26JUN141045-45,4,0.0890,0.0920,0.0900
KXBTC15M-26JUN141045-45,5,0.0430,0.0470,0.0430
KXBTC15M-26JUN141100-00,3,0.4500,0.4500,0.4400
KXBTC15M-26JUN141100-00,4,0.3800,0.3800,0.3700
KXBTC15M-26JUN141100-00,5,0.4800,0.4800,0.4700
KXBTC15M-26JUN141030-30,3,0.2800,0.2800,0.2700
KXBTC15M-26JUN141030-30,4,0.4500,0.4500,0.4400
KXBTC15M-26JUN141030-30,5,0.2300,0.2300,0.2200
KXBTC15M-26JUN141000-00,3,0.1700,0.1700,0.1600
KXBTC15M-26JUN141000-00,4,0.1100,0.1300,0.1100
KXBTC15M-26JUN141000-00,5,0.0910,0.0830,0.0800
KXBTC15M-26JUN141015-15,3,0.2200,0.2300,0.2200
KXBTC15M-26JUN141015-15,4,0.5700,0.5700,0.5600
KXBTC15M-26JUN141015-15,5,0.6300,0.6400,0.6300
KXBTC15M-26JUN140915-15,3,0.8200,0.8200,0.8100
KXBTC15M-26JUN140915-15,4,0.5600,0.5600,0.5500
KXBTC15M-26JUN140915-15,5,0.7500,0.7400,0.7300
KXBTC15M-26JUN140900-00,3,0.2900,0.2900,0.2800
KXBTC15M-26JUN140900-00,4,0.3300,0.3300,0.3200
KXBTC15M-26JUN140900-00,5,0.2200,0.2200,0.2100
KXBTC15M-26JUN140845-45,3,0.1500,0.1500,0.1400
KXBTC15M-26JUN140845-45,4,0.1200,0.1300,0.1200
KXBTC15M-26JUN140845-45,5,0.0450,0.0360,0.0320
KXBTC15M-26JUN141345-45,3,0.7300,0.7400,0.7300
KXBTC15M-26JUN141345-45,4,0.7300,0.7400,0.7300
KXBTC15M-26JUN141345-45,5,0.8300,0.8400,0.8200
KXBTC15M-26JUN140815-15,3,0.5500,0.5500,0.5300
KXBTC15M-26JUN140815-15,4,0.4600,0.4600,0.4500
KXBTC15M-26JUN140815-15,5,0.4600,0.4600,0.4500
KXBTC15M-26JUN140830-30,3,0.5700,0.5800,0.5700
KXBTC15M-26JUN140830-30,4,0.3500,0.3500,0.3400
KXBTC15M-26JUN140830-30,5,0.5100,0.5100,0.5000
KXBTC15M-26JUN140745-45,3,0.7200,0.7200,0.7100
KXBTC15M-26JUN140745-45,4,0.8200,0.8200,0.8100
KXBTC15M-26JUN140745-45,5,0.8800,0.8800,0.8600
KXBTC15M-26JUN140645-45,3,0.7300,0.7400,0.7300
KXBTC15M-26JUN140645-45,4,0.9040,0.9050,0.9040
KXBTC15M-26JUN140645-45,5,0.8700,0.8800,0.8700
KXBTC15M-26JUN140945-45,3,0.2400,0.2500,0.2400
KXBTC15M-26JUN140945-45,4,0.4600,0.4600,0.4500
KXBTC15M-26JUN140945-45,5,0.3300,0.3400,0.3300
KXBTC15M-26JUN140715-15,3,0.1800,0.1800,0.1700
KXBTC15M-26JUN140715-15,4,0.1800,0.1900,0.1800
KXBTC15M-26JUN140715-15,5,0.1100,0.1100,0.1000
KXBTC15M-26JUN140700-00,3,0.1500,0.1500,0.1400
KXBTC15M-26JUN140700-00,4,0.0740,0.0750,0.0740
KXBTC15M-26JUN140700-00,5,0.0800,0.0810,0.0740
KXBTC15M-26JUN140615-15,3,0.1300,0.1300,0.1200
KXBTC15M-26JUN140615-15,4,0.1100,0.1200,0.1100
KXBTC15M-26JUN140615-15,5,0.0610,0.0610,0.0600
KXBTC15M-26JUN140600-00,3,0.7100,0.7100,0.7000
KXBTC15M-26JUN140600-00,4,0.6800,0.6800,0.6700
KXBTC15M-26JUN140600-00,5,0.7500,0.7600,0.7500
KXBTC15M-26JUN140515-15,3,0.3500,0.3500,0.3400
KXBTC15M-26JUN140515-15,4,0.6200,0.6200,0.6100
KXBTC15M-26JUN140515-15,5,0.5900,0.5900,0.5800
KXBTC15M-26JUN140445-45,3,0.1700,0.1800,0.1700
KXBTC15M-26JUN140445-45,4,0.3600,0.3700,0.3600
KXBTC15M-26JUN140445-45,5,0.4800,0.4800,0.4700
KXBTC15M-26JUN140430-30,3,0.8900,0.8900,0.8800
KXBTC15M-26JUN140430-30,4,0.9150,0.9150,0.9140
KXBTC15M-26JUN140430-30,5,0.9130,0.9150,0.9120
KXBTC15M-26JUN140730-30,3,0.3000,0.3100,0.3000
KXBTC15M-26JUN140730-30,4,0.1300,0.1300,0.1200
KXBTC15M-26JUN140730-30,5,0.1500,0.1500,0.1400
KXBTC15M-26JUN140345-45,3,0.3700,0.3800,0.3700
KXBTC15M-26JUN140345-45,4,0.2300,0.2400,0.2300
KXBTC15M-26JUN140345-45,5,0.0910,0.0940,0.0900
KXBTC15M-26JUN140415-15,3,0.3100,0.3100,0.3000
KXBTC15M-26JUN140415-15,4,0.2000,0.2100,0.2000
KXBTC15M-26JUN140415-15,5,0.2600,0.2600,0.2500
KXBTC15M-26JUN140400-00,3,0.9480,0.9530,0.9480
KXBTC15M-26JUN140400-00,4,0.9640,0.9600,0.9590
KXBTC15M-26JUN140400-00,5,0.9730,0.9730,0.9710
KXBTC15M-26JUN140300-00,3,0.6500,0.6500,0.6400
KXBTC15M-26JUN140300-00,4,0.5400,0.5500,0.5400
KXBTC15M-26JUN140300-00,5,0.6000,0.5900,0.5700
KXBTC15M-26JUN140530-30,3,0.1000,0.1100,0.1000
KXBTC15M-26JUN140530-30,4,0.0470,0.0470,0.0430
KXBTC15M-26JUN140530-30,5,0.0620,0.0670,0.0600
KXBTC15M-26JUN140200-00,3,0.2900,0.3000,0.2900
KXBTC15M-26JUN140200-00,4,0.3800,0.4000,0.3900
KXBTC15M-26JUN140200-00,5,0.4700,0.4700,0.4600
KXBTC15M-26JUN140500-00,3,0.4600,0.4600,0.4500
KXBTC15M-26JUN140500-00,4,0.3100,0.3100,0.3000
KXBTC15M-26JUN140500-00,5,0.4200,0.4300,0.4200
KXBTC15M-26JUN140130-30,3,0.6100,0.6100,0.6000
KXBTC15M-26JUN140130-30,4,0.5900,0.5900,0.5800
KXBTC15M-26JUN140130-30,5,0.7100,0.7200,0.7100
KXBTC15M-26JUN140800-00,3,0.2900,0.3000,0.2900
KXBTC15M-26JUN140800-00,4,0.5100,0.5100,0.5000
KXBTC15M-26JUN140800-00,5,0.6000,0.6100,0.6000
KXBTC15M-26JUN140145-45,3,0.3400,0.3500,0.3400
KXBTC15M-26JUN140145-45,4,0.5300,0.5400,0.5300
KXBTC15M-26JUN140145-45,5,0.5900,0.5900,0.5800
KXBTC15M-26JUN140045-45,3,0.4500,0.4600,0.4500
KXBTC15M-26JUN140045-45,4,0.3800,0.3800,0.3700
KXBTC15M-26JUN140045-45,5,0.3600,0.3600,0.3400
KXBTC15M-26JUN140115-15,3,0.6100,0.6100,0.6000
KXBTC15M-26JUN140115-15,4,0.4700,0.4800,0.4700
KXBTC15M-26JUN140115-15,5,0.6000,0.6000,0.5900
KXBTC15M-26JUN140030-30,3,0.7200,0.7200,0.7100
KXBTC15M-26JUN140030-30,4,0.6700,0.6700,0.6600
KXBTC15M-26JUN140030-30,5,0.6800,0.6800,0.6700
KXBTC15M-26JUN140215-15,3,0.7800,0.7800,0.7700
KXBTC15M-26JUN140215-15,4,0.8700,0.8700,0.8600
KXBTC15M-26JUN140215-15,5,0.8700,0.8700,0.8500
KXBTC15M-26JUN132345-45,3,0.3700,0.3800,0.3600
KXBTC15M-26JUN132345-45,4,0.5600,0.5700,0.5600
KXBTC15M-26JUN132345-45,5,0.3800,0.3700,0.3600
KXBTC15M-26JUN132330-30,3,0.8300,0.8300,0.8200
KXBTC15M-26JUN132330-30,4,0.7500,0.7500,0.7400
KXBTC15M-26JUN132330-30,5,0.8300,0.8300,0.8200
KXBTC15M-26JUN132315-15,3,0.4600,0.4600,0.4500
KXBTC15M-26JUN132315-15,4,0.5400,0.5600,0.5500
KXBTC15M-26JUN132315-15,5,0.6000,0.6100,0.6000
KXBTC15M-26JUN132300-00,3,0.5200,0.5300,0.5200
KXBTC15M-26JUN132300-00,4,0.4400,0.4400,0.4300
KXBTC15M-26JUN132300-00,5,0.3900,0.3900,0.3800
KXBTC15M-26JUN132245-45,3,0.5300,0.5300,0.5200
KXBTC15M-26JUN132245-45,4,0.6200,0.6200,0.6100
KXBTC15M-26JUN132245-45,5,0.6000,0.6100,0.6000
KXBTC15M-26JUN140015-15,3,0.3100,0.3200,0.3100
KXBTC15M-26JUN140015-15,4,0.3700,0.3800,0.3700
KXBTC15M-26JUN140015-15,5,0.3400,0.3400,0.3300
KXBTC15M-26JUN132145-45,3,0.3600,0.3600,0.3500
KXBTC15M-26JUN132145-45,4,0.1800,0.1800,0.1700
KXBTC15M-26JUN132145-45,5,0.2300,0.2300,0.2200
KXBTC15M-26JUN140000-00,3,0.6300,0.6300,0.6200
KXBTC15M-26JUN140000-00,4,0.6100,0.6100,0.6000
KXBTC15M-26JUN140000-00,5,0.8400,0.8400,0.8300
KXBTC15M-26JUN140230-30,3,0.4200,0.4300,0.4200
KXBTC15M-26JUN140230-30,4,0.3700,0.3800,0.3600
KXBTC15M-26JUN140230-30,5,0.2700,0.2700,0.2500
KXBTC15M-26JUN140245-45,3,0.2400,0.2300,0.2200
KXBTC15M-26JUN140245-45,4,0.2000,0.2100,0.2000
KXBTC15M-26JUN140245-45,5,0.1100,0.1100,0.1000
KXBTC15M-26JUN132130-30,3,0.6500,0.6600,0.6500
KXBTC15M-26JUN132130-30,4,0.6700,0.6700,0.6600
KXBTC15M-26JUN132130-30,5,0.5900,0.5900,0.5800
KXBTC15M-26JUN132030-30,3,0.3400,0.3500,0.3400
KXBTC15M-26JUN132030-30,4,0.4100,0.4200,0.4100
KXBTC15M-26JUN132030-30,5,0.4600,0.4700,0.4600
KXBTC15M-26JUN132000-00,3,0.1600,0.1600,0.1500
KXBTC15M-26JUN132000-00,4,0.2100,0.2100,0.2000
KXBTC15M-26JUN132000-00,5,0.1400,0.1500,0.1400
KXBTC15M-26JUN131945-45,3,0.3500,0.3600,0.3500
KXBTC15M-26JUN131945-45,4,0.4600,0.4700,0.4600
KXBTC15M-26JUN131945-45,5,0.3800,0.3900,0.3800
KXBTC15M-26JUN132015-15,3,0.3100,0.3100,0.2900
KXBTC15M-26JUN132015-15,4,0.3900,0.3900,0.3800
KXBTC15M-26JUN132015-15,5,0.5900,0.5900,0.5800
KXBTC15M-26JUN131915-15,3,0.4900,0.4900,0.4800
KXBTC15M-26JUN131915-15,4,0.4400,0.4400,0.4300
KXBTC15M-26JUN131915-15,5,0.3600,0.3500,0.3400
KXBTC15M-26JUN131900-00,3,0.4400,0.4400,0.4300
KXBTC15M-26JUN131900-00,4,0.4500,0.4600,0.4500
KXBTC15M-26JUN131900-00,5,0.4800,0.4900,0.4800
KXBTC15M-26JUN131830-30,3,0.5400,0.5500,0.5400
KXBTC15M-26JUN131830-30,4,0.6200,0.6200,0.6100
KXBTC15M-26JUN131830-30,5,0.8100,0.8100,0.8000
KXBTC15M-26JUN132115-15,3,0.2100,0.2200,0.2000
KXBTC15M-26JUN132115-15,4,0.3800,0.3900,0.3800
KXBTC15M-26JUN132115-15,5,0.3200,0.3300,0.3200
KXBTC15M-26JUN131845-45,3,0.3500,0.3500,0.3400
KXBTC15M-26JUN131845-45,4,0.5000,0.5000,0.4900
KXBTC15M-26JUN131845-45,5,0.7300,0.7300,0.7200
KXBTC15M-26JUN131815-15,3,0.3900,0.4000,0.3900
KXBTC15M-26JUN131815-15,4,0.4100,0.4200,0.4100
KXBTC15M-26JUN131815-15,5,0.2500,0.2600,0.2500
KXBTC15M-26JUN131730-30,3,0.5900,0.6000,0.5900
KXBTC15M-26JUN131730-30,4,0.5100,0.5000,0.4900
KXBTC15M-26JUN131730-30,5,0.4000,0.4100,0.4000
KXBTC15M-26JUN131700-00,3,0.6300,0.6300,0.6100
KXBTC15M-26JUN131700-00,4,0.6900,0.7000,0.6900
KXBTC15M-26JUN131700-00,5,0.8600,0.8600,0.8500
KXBTC15M-26JUN131630-30,3,0.6000,0.6100,0.6000
KXBTC15M-26JUN131630-30,4,0.3900,0.3900,0.3800
KXBTC15M-26JUN131630-30,5,0.3500,0.3500,0.3400
KXBTC15M-26JUN131715-15,3,0.6700,0.6800,0.6700
KXBTC15M-26JUN131715-15,4,0.7200,0.7300,0.7200
KXBTC15M-26JUN131715-15,5,0.6900,0.6900,0.6800
KXBTC15M-26JUN132230-30,3,0.4300,0.4400,0.4300
KXBTC15M-26JUN132230-30,4,0.5900,0.6000,0.5900
KXBTC15M-26JUN132230-30,5,0.2700,0.2700,0.2600
KXBTC15M-26JUN131545-45,3,0.5600,0.5700,0.5600
KXBTC15M-26JUN131545-45,4,0.3700,0.3700,0.3600
KXBTC15M-26JUN131545-45,5,0.7700,0.7700,0.7400
KXBTC15M-26JUN131800-00,3,0.2900,0.2900,0.2800
KXBTC15M-26JUN131800-00,4,0.2300,0.2400,0.2300
KXBTC15M-26JUN131800-00,5,0.1600,0.1600,0.1500
KXBTC15M-26JUN131600-00,3,0.5800,0.5800,0.5700
KXBTC15M-26JUN131600-00,4,0.6900,0.6900,0.6800
KXBTC15M-26JUN131600-00,5,0.6600,0.6700,0.6600
KXBTC15M-26JUN131515-15,3,0.6900,0.7000,0.6900
KXBTC15M-26JUN131515-15,4,0.6700,0.6700,0.6600
KXBTC15M-26JUN131515-15,5,0.5100,0.5100,0.5000
KXBTC15M-26JUN131430-30,3,0.6500,0.6600,0.6500
KXBTC15M-26JUN131430-30,4,0.4500,0.4500,0.4400
KXBTC15M-26JUN131430-30,5,0.3500,0.3600,0.3500
KXBTC15M-26JUN132045-45,3,0.6400,0.6600,0.6400
KXBTC15M-26JUN132045-45,4,0.7600,0.7600,0.7500
KXBTC15M-26JUN132045-45,5,0.7500,0.7600,0.7500
KXBTC15M-26JUN131400-00,3,0.3100,0.3200,0.3100
KXBTC15M-26JUN131400-00,4,0.1900,0.1900,0.1800
KXBTC15M-26JUN131400-00,5,0.0930,0.0910,0.0880
KXBTC15M-26JUN131645-45,3,0.5300,0.5400,0.5300
KXBTC15M-26JUN131645-45,4,0.3600,0.3600,0.3500
KXBTC15M-26JUN131645-45,5,0.4500,0.4500,0.4400
KXBTC15M-26JUN131930-30,3,0.9320,0.9430,0.9320
KXBTC15M-26JUN131930-30,4,0.9250,0.9250,0.9230
KXBTC15M-26JUN131930-30,5,0.9150,0.9200,0.9150
KXBTC15M-26JUN131315-15,3,0.3400,0.3500,0.3400
KXBTC15M-26JUN131315-15,4,0.2300,0.2200,0.2100
KXBTC15M-26JUN131315-15,5,0.3400,0.3600,0.3400
KXBTC15M-26JUN131330-30,3,0.8300,0.8400,0.8300
KXBTC15M-26JUN131330-30,4,0.9000,0.9000,0.8900
KXBTC15M-26JUN131330-30,5,0.9000,0.9010,0.9000
KXBTC15M-26JUN131245-45,3,0.6100,0.6100,0.6000
KXBTC15M-26JUN131245-45,4,0.3900,0.3900,0.3800
KXBTC15M-26JUN131245-45,5,0.5300,0.5400,0.5300
KXBTC15M-26JUN131300-00,3,0.3500,0.3600,0.3500
KXBTC15M-26JUN131300-00,4,0.1300,0.1300,0.1200
KXBTC15M-26JUN131300-00,5,0.1300,0.1300,0.1200
KXBTC15M-26JUN131500-00,3,0.2200,0.2200,0.2100
KXBTC15M-26JUN131500-00,4,0.0350,0.0350,0.0240
KXBTC15M-26JUN131500-00,5,0.0350,0.0350,0.0300
KXBTC15M-26JUN131145-45,3,0.4900,0.4900,0.4800
KXBTC15M-26JUN131145-45,4,0.5200,0.5300,0.5200
KXBTC15M-26JUN131145-45,5,0.5000,0.5000,0.4900
KXBTC15M-26JUN131115-15,3,0.4200,0.4200,0.4100
KXBTC15M-26JUN131115-15,4,0.4800,0.4900,0.4800
KXBTC15M-26JUN131115-15,5,0.8000,0.8100,0.8000
KXBTC15M-26JUN131215-15,3,0.0720,0.0720,0.0700
KXBTC15M-26JUN131215-15,4,0.0450,0.0460,0.0390
KXBTC15M-26JUN131215-15,5,0.0210,0.0250,0.0240
KXBTC15M-26JUN131130-30,3,0.3400,0.3400,0.3300
KXBTC15M-26JUN131130-30,4,0.3100,0.3100,0.3000
KXBTC15M-26JUN131130-30,5,0.2400,0.2400,0.2300
KXBTC15M-26JUN131030-30,3,0.4900,0.5000,0.4900
KXBTC15M-26JUN131030-30,4,0.4600,0.4600,0.4400
KXBTC15M-26JUN131030-30,5,0.3500,0.3600,0.3500
KXBTC15M-26JUN131100-00,3,0.6100,0.6100,0.6000
KXBTC15M-26JUN131100-00,4,0.6000,0.6000,0.5900
KXBTC15M-26JUN131100-00,5,0.6800,0.7000,0.6900
KXBTC15M-26JUN130945-45,3,0.2700,0.2800,0.2700
KXBTC15M-26JUN130945-45,4,0.4400,0.4400,0.4300
KXBTC15M-26JUN130945-45,5,0.5900,0.6000,0.5900
KXBTC15M-26JUN131230-30,3,0.5100,0.5200,0.5100
KXBTC15M-26JUN131230-30,4,0.5700,0.5800,0.5600
KXBTC15M-26JUN131230-30,5,0.3500,0.3500,0.3400
KXBTC15M-26JUN131200-00,3,0.3900,0.4000,0.3900
KXBTC15M-26JUN131200-00,4,0.3000,0.3000,0.2900
KXBTC15M-26JUN131200-00,5,0.4200,0.4400,0.4300
KXBTC15M-26JUN130930-30,3,0.2600,0.2600,0.2500
KXBTC15M-26JUN130930-30,4,0.1600,0.1600,0.1500
KXBTC15M-26JUN130930-30,5,0.3600,0.3600,0.3400
KXBTC15M-26JUN130915-15,3,0.2400,0.2400,0.2300
KXBTC15M-26JUN130915-15,4,0.2700,0.2700,0.2600
KXBTC15M-26JUN130915-15,5,0.4700,0.4800,0.4700
KXBTC15M-26JUN131045-45,3,0.5900,0.6000,0.5900
KXBTC15M-26JUN131045-45,4,0.7100,0.7200,0.7100
KXBTC15M-26JUN131045-45,5,0.8700,0.8800,0.8700
KXBTC15M-26JUN131345-45,3,0.6700,0.6800,0.6700
KXBTC15M-26JUN131345-45,4,0.5700,0.5800,0.5700
KXBTC15M-26JUN131345-45,5,0.7300,0.7300,0.7200
KXBTC15M-26JUN131000-00,3,0.5400,0.5500,0.5400
KXBTC15M-26JUN131000-00,4,0.4000,0.4000,0.3900
KXBTC15M-26JUN131000-00,5,0.2100,0.2200,0.2100
KXBTC15M-26JUN130745-45,3,0.1900,0.2000,0.1900
KXBTC15M-26JUN130745-45,4,0.1500,0.1600,0.1500
KXBTC15M-26JUN130745-45,5,0.2500,0.2600,0.2500
KXBTC15M-26JUN130715-15,3,0.5800,0.5900,0.5800
KXBTC15M-26JUN130715-15,4,0.6700,0.6700,0.6600
KXBTC15M-26JUN130715-15,5,0.6700,0.6800,0.6700
KXBTC15M-26JUN130645-45,3,0.8500,0.8500,0.8300
KXBTC15M-26JUN130645-45,4,0.8900,0.9000,0.8900
KXBTC15M-26JUN130645-45,5,0.8500,0.8500,0.8400
KXBTC15M-26JUN130730-30,3,0.6900,0.6900,0.6800
KXBTC15M-26JUN130730-30,4,0.7900,0.7900,0.7800
KXBTC15M-26JUN130730-30,5,0.7500,0.7500,0.7400
KXBTC15M-26JUN130900-00,3,0.8400,0.8400,0.8300
KXBTC15M-26JUN130900-00,4,0.8200,0.8200,0.8100
KXBTC15M-26JUN130900-00,5,0.9120,0.9130,0.9030
KXBTC15M-26JUN130830-30,3,0.5800,0.5800,0.5700
KXBTC15M-26JUN130830-30,4,0.5000,0.5000,0.4900
KXBTC15M-26JUN130830-30,5,0.5000,0.5000,0.4900
KXBTC15M-26JUN130545-45,3,0.6100,0.6200,0.6100
KXBTC15M-26JUN130545-45,4,0.3600,0.3600,0.3500
KXBTC15M-26JUN130545-45,5,0.4900,0.4900,0.4800
KXBTC15M-26JUN130630-30,3,0.4800,0.4800,0.4700
KXBTC15M-26JUN130630-30,4,0.5900,0.6000,0.5900
KXBTC15M-26JUN130630-30,5,0.5000,0.5000,0.4900
KXBTC15M-26JUN130800-00,3,0.5200,0.5200,0.5100
KXBTC15M-26JUN130800-00,4,0.4100,0.4100,0.4000
KXBTC15M-26JUN130800-00,5,0.6100,0.6200,0.6100
KXBTC15M-26JUN130430-30,3,0.6000,0.6100,0.6000
KXBTC15M-26JUN130430-30,4,0.7000,0.7100,0.7000
KXBTC15M-26JUN130430-30,5,0.4700,0.4700,0.4600
KXBTC15M-26JUN130500-00,3,0.3400,0.3500,0.3400
KXBTC15M-26JUN130500-00,4,0.4000,0.4000,0.3900
KXBTC15M-26JUN130500-00,5,0.2600,0.2700,0.2600
KXBTC15M-26JUN130700-00,3,0.5700,0.5800,0.5700
KXBTC15M-26JUN130700-00,4,0.5900,0.6000,0.5900
KXBTC15M-26JUN130700-00,5,0.6200,0.6300,0.6200
KXBTC15M-26JUN130330-30,3,0.2200,0.2200,0.2100
KXBTC15M-26JUN130330-30,4,0.4500,0.4500,0.4400
KXBTC15M-26JUN130330-30,5,0.3700,0.3800,0.3700
KXBTC15M-26JUN130415-15,3,0.4200,0.4300,0.4200
KXBTC15M-26JUN130415-15,4,0.3800,0.3800,0.3700
KXBTC15M-26JUN130415-15,5,0.3000,0.3100,0.3000
KXBTC15M-26JUN130615-15,3,0.6300,0.6400,0.6300
KXBTC15M-26JUN130615-15,4,0.4700,0.4800,0.4700
KXBTC15M-26JUN130615-15,5,0.6900,0.7000,0.6900
KXBTC15M-26JUN130315-15,3,0.1900,0.2000,0.1900
KXBTC15M-26JUN130315-15,4,0.1800,0.1900,0.1800
KXBTC15M-26JUN130315-15,5,0.2100,0.2100,0.1900
KXBTC15M-26JUN130845-45,3,0.7400,0.7400,0.7300
KXBTC15M-26JUN130845-45,4,0.7300,0.7500,0.7300
KXBTC15M-26JUN130845-45,5,0.7800,0.7800,0.7700
KXBTC15M-26JUN130245-45,3,0.6600,0.6600,0.6500
KXBTC15M-26JUN130245-45,4,0.5900,0.6000,0.5800
KXBTC15M-26JUN130245-45,5,0.6500,0.6600,0.6500
KXBTC15M-26JUN130815-15,3,0.4500,0.4500,0.4400
KXBTC15M-26JUN130815-15,4,0.4000,0.4100,0.4000
KXBTC15M-26JUN130815-15,5,0.3200,0.3300,0.3200
KXBTC15M-26JUN130445-45,3,0.4400,0.4700,0.4600
KXBTC15M-26JUN130445-45,4,0.5100,0.5200,0.5100
KXBTC15M-26JUN130445-45,5,0.8800,0.8900,0.8800
KXBTC15M-26JUN130215-15,3,0.5800,0.5800,0.5700
KXBTC15M-26JUN130215-15,4,0.6000,0.6100,0.6000
KXBTC15M-26JUN130215-15,5,0.6100,0.6100,0.5900
KXBTC15M-26JUN130200-00,3,0.2500,0.2500,0.2400
KXBTC15M-26JUN130200-00,4,0.3000,0.3100,0.3000
KXBTC15M-26JUN130200-00,5,0.2600,0.2800,0.2600
KXBTC15M-26JUN130100-00,3,0.6700,0.6700,0.6600
KXBTC15M-26JUN130100-00,4,0.7000,0.7100,0.7000
KXBTC15M-26JUN130100-00,5,0.7800,0.7900,0.7800
KXBTC15M-26JUN130115-15,3,0.6700,0.6800,0.6700
KXBTC15M-26JUN130115-15,4,0.7600,0.7600,0.7500
KXBTC15M-26JUN130115-15,5,0.5500,0.5500,0.5400
KXBTC15M-26JUN130600-00,3,0.3700,0.3700,0.3600
KXBTC15M-26JUN130600-00,4,0.3800,0.3900,0.3800
KXBTC15M-26JUN130600-00,5,0.1900,0.1900,0.1800
KXBTC15M-26JUN130045-45,3,0.7800,0.7900,0.7800
KXBTC15M-26JUN130045-45,4,0.8500,0.8500,0.8400
KXBTC15M-26JUN130045-45,5,0.9010,0.9010,0.9000
KXBTC15M-26JUN130000-00,3,0.5000,0.5000,0.4900
KXBTC15M-26JUN130000-00,4,0.4800,0.4800,0.4700
KXBTC15M-26JUN130000-00,5,0.4300,0.4300,0.4200
KXBTC15M-26JUN130030-30,3,0.6200,0.6300,0.6200
KXBTC15M-26JUN130030-30,4,0.7500,0.7600,0.7500
KXBTC15M-26JUN130030-30,5,0.6900,0.6900,0.6800
KXBTC15M-26JUN130015-15,3,0.6100,0.6100,0.6000
KXBTC15M-26JUN130015-15,4,0.5300,0.5300,0.5200
KXBTC15M-26JUN130015-15,5,0.5000,0.5100,0.5000
KXBTC15M-26JUN122300-00,3,0.3600,0.3600,0.3500
KXBTC15M-26JUN122300-00,4,0.2900,0.2900,0.2800
KXBTC15M-26JUN122300-00,5,0.1300,0.1300,0.1200
KXBTC15M-26JUN122330-30,3,0.2100,0.2100,0.2000
KXBTC15M-26JUN122330-30,4,0.1400,0.1400,0.1300
KXBTC15M-26JUN122330-30,5,0.0840,0.0900,0.0890
KXBTC15M-26JUN130400-00,3,0.6000,0.6100,0.6000
KXBTC15M-26JUN130400-00,4,0.4600,0.4600,0.4500
KXBTC15M-26JUN130400-00,5,0.7300,0.7400,0.7300
KXBTC15M-26JUN122245-45,3,0.3800,0.3900,0.3800
KXBTC15M-26JUN122245-45,4,0.4500,0.4600,0.4500
KXBTC15M-26JUN122245-45,5,0.3000,0.3000,0.2900
KXBTC15M-26JUN122200-00,3,0.6800,0.6800,0.6700
KXBTC15M-26JUN122200-00,4,0.7100,0.7100,0.7000
KXBTC15M-26JUN122200-00,5,0.6700,0.6700,0.6600
KXBTC15M-26JUN130300-00,3,0.5600,0.5700,0.5600
KXBTC15M-26JUN130300-00,4,0.6700,0.6800,0.6700
KXBTC15M-26JUN130300-00,5,0.5600,0.5600,0.5500
KXBTC15M-26JUN122215-15,3,0.5400,0.5500,0.5400
KXBTC15M-26JUN122215-15,4,0.3400,0.3500,0.3400
KXBTC15M-26JUN122215-15,5,0.2600,0.2700,0.2600
KXBTC15M-26JUN122145-45,3,0.5600,0.5600,0.5500
KXBTC15M-26JUN122145-45,4,0.4700,0.4800,0.4600
KXBTC15M-26JUN122145-45,5,0.6200,0.6200,0.6100
KXBTC15M-26JUN122100-00,3,0.3500,0.3500,0.3400
KXBTC15M-26JUN122100-00,4,0.4700,0.4800,0.4700
KXBTC15M-26JUN122100-00,5,0.3500,0.3600,0.3500
KXBTC15M-26JUN130230-30,3,0.4200,0.4300,0.4200
KXBTC15M-26JUN130230-30,4,0.6700,0.6800,0.6700
KXBTC15M-26JUN130230-30,5,0.7400,0.7500,0.7400
KXBTC15M-26JUN122115-15,3,0.5100,0.5300,0.5100
KXBTC15M-26JUN122115-15,4,0.5200,0.5200,0.5100
KXBTC15M-26JUN122115-15,5,0.5500,0.5600,0.5500
KXBTC15M-26JUN122030-30,3,0.3300,0.3300,0.3200
KXBTC15M-26JUN122030-30,4,0.2900,0.3000,0.2900
KXBTC15M-26JUN122030-30,5,0.2500,0.2600,0.2400
KXBTC15M-26JUN122045-45,3,0.7500,0.7700,0.7500
KXBTC15M-26JUN122045-45,4,0.6600,0.6700,0.6600
KXBTC15M-26JUN122045-45,5,0.6900,0.7000,0.6900
KXBTC15M-26JUN121930-30,3,0.4600,0.4600,0.4500
KXBTC15M-26JUN121930-30,4,0.3700,0.3700,0.3600
KXBTC15M-26JUN121930-30,5,0.2500,0.2600,0.2500
KXBTC15M-26JUN122000-00,3,0.6000,0.6100,0.5900
KXBTC15M-26JUN122000-00,4,0.6600,0.6600,0.6400
KXBTC15M-26JUN122000-00,5,0.7400,0.7300,0.7200
KXBTC15M-26JUN121945-45,3,0.6000,0.6000,0.5900
KXBTC15M-26JUN121945-45,4,0.4300,0.4300,0.4200
KXBTC15M-26JUN121945-45,5,0.7100,0.7200,0.7100
KXBTC15M-26JUN121845-45,3,0.1200,0.1300,0.1200
KXBTC15M-26JUN121845-45,4,0.1200,0.1200,0.1100
KXBTC15M-26JUN121845-45,5,0.1200,0.1300,0.1200
KXBTC15M-26JUN121800-00,3,0.2200,0.2200,0.2100
KXBTC15M-26JUN121800-00,4,0.2400,0.2600,0.2500
KXBTC15M-26JUN121800-00,5,0.1100,0.1200,0.1100
KXBTC15M-26JUN121745-45,3,0.6500,0.6500,0.6400
KXBTC15M-26JUN121745-45,4,0.6500,0.6600,0.6500
KXBTC15M-26JUN121745-45,5,0.5400,0.5400,0.5300
KXBTC15M-26JUN121830-30,3,0.7000,0.7100,0.7000
KXBTC15M-26JUN121830-30,4,0.6100,0.6100,0.6000
KXBTC15M-26JUN121830-30,5,0.7000,0.7000,0.6900
KXBTC15M-26JUN122015-15,3,0.6300,0.6400,0.6300
KXBTC15M-26JUN122015-15,4,0.4700,0.4700,0.4600
KXBTC15M-26JUN122015-15,5,0.5700,0.5700,0.5600
KXBTC15M-26JUN121700-00,3,0.2400,0.2500,0.2400
KXBTC15M-26JUN121700-00,4,0.1600,0.1700,0.1600
KXBTC15M-26JUN121700-00,5,0.2200,0.2200,0.2000
KXBTC15M-26JUN121730-30,3,0.5800,0.6000,0.5800
KXBTC15M-26JUN121730-30,4,0.5200,0.5300,0.5200
KXBTC15M-26JUN121730-30,5,0.4300,0.4300,0.4200
KXBTC15M-26JUN121630-30,3,0.2600,0.2800,0.2600
KXBTC15M-26JUN121630-30,4,0.3200,0.3200,0.3100
KXBTC15M-26JUN121630-30,5,0.3200,0.3200,0.3100
KXBTC15M-26JUN121900-00,3,0.6100,0.6100,0.6000
KXBTC15M-26JUN121900-00,4,0.4400,0.4400,0.4300
KXBTC15M-26JUN121900-00,5,0.5900,0.6000,0.5800
KXBTC15M-26JUN121600-00,3,0.4500,0.4500,0.4400
KXBTC15M-26JUN121600-00,4,0.5000,0.5100,0.5000
KXBTC15M-26JUN121600-00,5,0.3500,0.3500,0.3400
KXBTC15M-26JUN121815-15,3,0.5700,0.5800,0.5700
KXBTC15M-26JUN121815-15,4,0.7100,0.7200,0.7100
KXBTC15M-26JUN121815-15,5,0.6800,0.6900,0.6800
KXBTC15M-26JUN121500-00,3,0.4200,0.4200,0.4100
KXBTC15M-26JUN121500-00,4,0.3300,0.3300,0.3200
KXBTC15M-26JUN121500-00,5,0.2300,0.2300,0.2200
KXBTC15M-26JUN121530-30,3,0.5200,0.5300,0.5200
KXBTC15M-26JUN121530-30,4,0.6800,0.6900,0.6800
KXBTC15M-26JUN121530-30,5,0.4700,0.4700,0.4600
KXBTC15M-26JUN121715-15,3,0.5800,0.6000,0.5800
KXBTC15M-26JUN121715-15,4,0.4900,0.4900,0.4700
KXBTC15M-26JUN121715-15,5,0.6400,0.6600,0.6400
KXBTC15M-26JUN121415-15,3,0.4700,0.4700,0.4600
KXBTC15M-26JUN121415-15,4,0.5000,0.5000,0.4900
KXBTC15M-26JUN121415-15,5,0.3900,0.3900,0.3800
KXBTC15M-26JUN121645-45,3,0.5300,0.5400,0.5300
KXBTC15M-26JUN121645-45,4,0.5500,0.5500,0.5400
KXBTC15M-26JUN121645-45,5,0.5200,0.5300,0.5200
KXBTC15M-26JUN121345-45,3,0.5100,0.5100,0.5000
KXBTC15M-26JUN121345-45,4,0.4800,0.4800,0.4700
KXBTC15M-26JUN121345-45,5,0.5100,0.5100,0.5000
KXBTC15M-26JUN121915-15,3,0.2100,0.2100,0.2000
KXBTC15M-26JUN121915-15,4,0.2800,0.2800,0.2700
KXBTC15M-26JUN121915-15,5,0.1800,0.1900,0.1800
KXBTC15M-26JUN121330-30,3,0.4700,0.4800,0.4700
KXBTC15M-26JUN121330-30,4,0.3800,0.3800,0.3700
KXBTC15M-26JUN121330-30,5,0.3400,0.3400,0.3300
KXBTC15M-26JUN121230-30,3,0.4300,0.4300,0.4200
KXBTC15M-26JUN121230-30,4,0.3500,0.3500,0.3400
KXBTC15M-26JUN121230-30,5,0.2500,0.2500,0.2400
KXBTC15M-26JUN121300-00,3,0.7200,0.7300,0.7200
KXBTC15M-26JUN121300-00,4,0.7300,0.7400,0.7300
KXBTC15M-26JUN121300-00,5,0.7200,0.7200,0.7000
KXBTC15M-26JUN121200-00,3,0.1400,0.1400,0.1300
KXBTC15M-26JUN121200-00,4,0.1100,0.1100,0.0970
KXBTC15M-26JUN121200-00,5,0.1600,0.1600,0.1500
KXBTC15M-26JUN121430-30,3,0.2500,0.2500,0.2400
KXBTC15M-26JUN121430-30,4,0.1800,0.1800,0.1700
KXBTC15M-26JUN121430-30,5,0.1500,0.1500,0.1400
KXBTC15M-26JUN121400-00,3,0.5800,0.5800,0.5700
KXBTC15M-26JUN121400-00,4,0.6300,0.6300,0.6200
KXBTC15M-26JUN121400-00,5,0.5800,0.5900,0.5700
KXBTC15M-26JUN121100-00,3,0.4500,0.4500,0.4400
KXBTC15M-26JUN121100-00,4,0.4800,0.4800,0.4700
KXBTC15M-26JUN121100-00,5,0.7600,0.7700,0.7600
KXBTC15M-26JUN121115-15,3,0.4000,0.4100,0.4000
KXBTC15M-26JUN121115-15,4,0.4100,0.4200,0.4100
KXBTC15M-26JUN121115-15,5,0.6300,0.6300,0.6200
KXBTC15M-26JUN121015-15,3,0.8800,0.8900,0.8800
KXBTC15M-26JUN121015-15,4,0.8800,0.8900,0.8800
KXBTC15M-26JUN121015-15,5,0.8300,0.8400,0.8300
KXBTC15M-26JUN121000-00,3,0.5400,0.5400,0.5300
KXBTC15M-26JUN121000-00,4,0.6400,0.6300,0.6200
KXBTC15M-26JUN121000-00,5,0.7400,0.7500,0.7400
KXBTC15M-26JUN121045-45,3,0.4600,0.4600,0.4500
KXBTC15M-26JUN121045-45,4,0.6300,0.6400,0.6300
KXBTC15M-26JUN121045-45,5,0.6500,0.6700,0.6500
KXBTC15M-26JUN121215-15,3,0.6800,0.6800,0.6700
KXBTC15M-26JUN121215-15,4,0.7200,0.7100,0.7000
KXBTC15M-26JUN121215-15,5,0.7000,0.7000,0.6900
KXBTC15M-26JUN120915-15,3,0.3900,0.3900,0.3800
KXBTC15M-26JUN120915-15,4,0.3200,0.3100,0.3000
KXBTC15M-26JUN120915-15,5,0.3800,0.3800,0.3700
KXBTC15M-26JUN121130-30,3,0.4100,0.4100,0.4000
KXBTC15M-26JUN121130-30,4,0.2600,0.2600,0.2500
KXBTC15M-26JUN121130-30,5,0.2100,0.2100,0.2000
KXBTC15M-26JUN120900-00,3,0.7500,0.7500,0.7400
KXBTC15M-26JUN120900-00,4,0.7200,0.7200,0.7100
KXBTC15M-26JUN120900-00,5,0.7400,0.7400,0.7300
KXBTC15M-26JUN120830-30,3,0.5900,0.6000,0.5900
KXBTC15M-26JUN120830-30,4,0.5800,0.5800,0.5700
KXBTC15M-26JUN120830-30,5,0.3300,0.3400,0.3300
KXBTC15M-26JUN120845-45,3,0.7100,0.7100,0.7000
KXBTC15M-26JUN120845-45,4,0.7700,0.7800,0.7700
KXBTC15M-26JUN120845-45,5,0.7200,0.7200,0.7100
KXBTC15M-26JUN120815-15,3,0.3500,0.3600,0.3500
KXBTC15M-26JUN120815-15,4,0.1700,0.1700,0.1600
KXBTC15M-26JUN120815-15,5,0.1500,0.1500,0.1400
KXBTC15M-26JUN120800-00,3,0.7200,0.7200,0.7100
KXBTC15M-26JUN120800-00,4,0.6200,0.6300,0.6200
KXBTC15M-26JUN120800-00,5,0.6600,0.6700,0.6600
KXBTC15M-26JUN120945-45,3,0.1800,0.2000,0.1800
KXBTC15M-26JUN120945-45,4,0.1900,0.1900,0.1800
KXBTC15M-26JUN120945-45,5,0.3900,0.4000,0.3900
KXBTC15M-26JUN120745-45,3,0.1400,0.1400,0.1300
KXBTC15M-26JUN120745-45,4,0.1700,0.1700,0.1600
KXBTC15M-26JUN120745-45,5,0.0800,0.0800,0.0720
KXBTC15M-26JUN120930-30,3,0.7500,0.7600,0.7500
KXBTC15M-26JUN120930-30,4,0.6700,0.6800,0.6700
KXBTC15M-26JUN120930-30,5,0.6900,0.6900,0.6800
KXBTC15M-26JUN120730-30,3,0.2600,0.2600,0.2500
KXBTC15M-26JUN120730-30,4,0.2300,0.2400,0.2300
KXBTC15M-26JUN120730-30,5,0.3400,0.3400,0.3300
KXBTC15M-26JUN120715-15,3,0.8800,0.8900,0.8800
KXBTC15M-26JUN120715-15,4,0.8300,0.8300,0.8200
KXBTC15M-26JUN120715-15,5,0.9130,0.9190,0.9120
KXBTC15M-26JUN121145-45,3,0.1300,0.1400,0.1300
KXBTC15M-26JUN121145-45,4,0.1000,0.1100,0.1000
KXBTC15M-26JUN121145-45,5,0.2400,0.2500,0.2400
KXBTC15M-26JUN120545-45,3,0.8700,0.8800,0.8700
KXBTC15M-26JUN120545-45,4,0.8800,0.8900,0.8800
KXBTC15M-26JUN120545-45,5,0.9000,0.9010,0.9000
KXBTC15M-26JUN120515-15,3,0.3400,0.3400,0.3300
KXBTC15M-26JUN120515-15,4,0.2900,0.2900,0.2800
KXBTC15M-26JUN120515-15,5,0.4200,0.4200,0.4100
KXBTC15M-26JUN120445-45,3,0.4600,0.4600,0.4500
KXBTC15M-26JUN120445-45,4,0.3000,0.3100,0.3000
KXBTC15M-26JUN120445-45,5,0.2000,0.2000,0.1900
KXBTC15M-26JUN121030-30,3,0.4900,0.5000,0.4900
KXBTC15M-26JUN121030-30,4,0.4900,0.4900,0.4800
KXBTC15M-26JUN121030-30,5,0.5800,0.5800,0.5700
KXBTC15M-26JUN120500-00,3,0.7500,0.7600,0.7500
KXBTC15M-26JUN120500-00,4,0.6900,0.7000,0.6900
KXBTC15M-26JUN120500-00,5,0.7000,0.7000,0.6900
KXBTC15M-26JUN120345-45,3,0.4600,0.4700,0.4600
KXBTC15M-26JUN120345-45,4,0.3400,0.3500,0.3400
KXBTC15M-26JUN120345-45,5,0.5200,0.5200,0.5100
KXBTC15M-26JUN120330-30,3,0.6100,0.6200,0.6100
KXBTC15M-26JUN120330-30,4,0.5400,0.5500,0.5400
KXBTC15M-26JUN120330-30,5,0.7000,0.7100,0.7000
KXBTC15M-26JUN120615-15,3,0.2500,0.2700,0.2600
KXBTC15M-26JUN120615-15,4,0.2000,0.2100,0.2000
KXBTC15M-26JUN120615-15,5,0.1800,0.1900,0.1800
KXBTC15M-26JUN120630-30,3,0.4300,0.4400,0.4300
KXBTC15M-26JUN120630-30,4,0.5900,0.6000,0.5900
KXBTC15M-26JUN120630-30,5,0.4500,0.4500,0.4400
KXBTC15M-26JUN120600-00,3,0.3200,0.3200,0.3100
KXBTC15M-26JUN120600-00,4,0.2400,0.2500,0.2400
KXBTC15M-26JUN120600-00,5,0.3200,0.3400,0.3200
KXBTC15M-26JUN120230-30,3,0.2600,0.2600,0.2500
KXBTC15M-26JUN120230-30,4,0.1500,0.1500,0.1400
KXBTC15M-26JUN120230-30,5,0.1400,0.1400,0.1300
KXBTC15M-26JUN120200-00,3,0.4000,0.4000,0.3900
KXBTC15M-26JUN120200-00,4,0.5700,0.5700,0.5600
KXBTC15M-26JUN120200-00,5,0.2000,0.1900,0.1800
KXBTC15M-26JUN120430-30,3,0.8700,0.8800,0.8700
KXBTC15M-26JUN120430-30,4,0.8900,0.9000,0.8900
KXBTC15M-26JUN120430-30,5,0.9090,0.9100,0.9000
KXBTC15M-26JUN120415-15,3,0.7100,0.7000,0.6900
KXBTC15M-26JUN120415-15,4,0.6200,0.6200,0.6100
KXBTC15M-26JUN120415-15,5,0.8000,0.8100,0.8000
KXBTC15M-26JUN120145-45,3,0.3200,0.3200,0.3100
KXBTC15M-26JUN120145-45,4,0.3800,0.3800,0.3700
KXBTC15M-26JUN120145-45,5,0.3300,0.3300,0.3200
KXBTC15M-26JUN120045-45,3,0.3500,0.3500,0.3400
KXBTC15M-26JUN120045-45,4,0.3200,0.3200,0.3100
KXBTC15M-26JUN120045-45,5,0.2300,0.2300,0.2200
KXBTC15M-26JUN120315-15,3,0.8300,0.8400,0.8300
KXBTC15M-26JUN120315-15,4,0.8800,0.8800,0.8600
KXBTC15M-26JUN120315-15,5,0.9320,0.9320,0.9240
KXBTC15M-26JUN120700-00,3,0.7000,0.7100,0.7000
KXBTC15M-26JUN120700-00,4,0.6900,0.7000,0.6900
KXBTC15M-26JUN120700-00,5,0.7000,0.7100,0.7000
KXBTC15M-26JUN120000-00,3,0.7300,0.7300,0.7200
KXBTC15M-26JUN120000-00,4,0.5200,0.5200,0.5100
KXBTC15M-26JUN120000-00,5,0.6200,0.6300,0.6200
KXBTC15M-26JUN120300-00,3,0.7300,0.7500,0.7400
KXBTC15M-26JUN120300-00,4,0.7000,0.7000,0.6900
KXBTC15M-26JUN120300-00,5,0.6400,0.6400,0.6300
KXBTC15M-26JUN120215-15,3,0.7300,0.7300,0.7200
KXBTC15M-26JUN120215-15,4,0.7000,0.7100,0.7000
KXBTC15M-26JUN120215-15,5,0.7600,0.7700,0.7600
KXBTC15M-26JUN120130-30,3,0.8300,0.8400,0.8300
KXBTC15M-26JUN120130-30,4,0.8500,0.8500,0.8400
KXBTC15M-26JUN120130-30,5,0.8300,0.8300,0.8200
KXBTC15M-26JUN120115-15,3,0.2800,0.2800,0.2700
KXBTC15M-26JUN120115-15,4,0.2100,0.2300,0.2100
KXBTC15M-26JUN120115-15,5,0.2000,0.2100,0.2000
KXBTC15M-26JUN112245-45,3,0.5200,0.5200,0.5100
KXBTC15M-26JUN112245-45,4,0.3400,0.3400,0.3300
KXBTC15M-26JUN112245-45,5,0.3400,0.3400,0.3300
KXBTC15M-26JUN112300-00,3,0.4600,0.4600,0.4500
KXBTC15M-26JUN112300-00,4,0.5200,0.5300,0.5200
KXBTC15M-26JUN112300-00,5,0.4500,0.4600,0.4500
KXBTC15M-26JUN112215-15,3,0.7100,0.7200,0.7100
KXBTC15M-26JUN112215-15,4,0.7500,0.7500,0.7400
KXBTC15M-26JUN112215-15,5,0.8300,0.8400,0.8300
KXBTC15M-26JUN112230-30,3,0.2100,0.2100,0.2000
KXBTC15M-26JUN112230-30,4,0.3300,0.3300,0.3200
KXBTC15M-26JUN112230-30,5,0.2700,0.2800,0.2700
KXBTC15M-26JUN112145-45,3,0.6900,0.7000,0.6900
KXBTC15M-26JUN112145-45,4,0.5600,0.5600,0.5500
KXBTC15M-26JUN112145-45,5,0.3600,0.3600,0.3500
KXBTC15M-26JUN112200-00,3,0.6700,0.6800,0.6700
KXBTC15M-26JUN112200-00,4,0.7600,0.7600,0.7500
KXBTC15M-26JUN112200-00,5,0.6200,0.6300,0.6100
KXBTC15M-26JUN112330-30,3,0.3500,0.3500,0.3400
KXBTC15M-26JUN112330-30,4,0.2200,0.2200,0.2100
KXBTC15M-26JUN112330-30,5,0.1200,0.1200,0.1100
KXBTC15M-26JUN112115-15,3,0.1500,0.1600,0.1500
KXBTC15M-26JUN112115-15,4,0.1300,0.1300,0.1200
KXBTC15M-26JUN112115-15,5,0.0810,0.0810,0.0800
KXBTC15M-26JUN112100-00,3,0.6300,0.6300,0.6200
KXBTC15M-26JUN112100-00,4,0.6600,0.6700,0.6500
KXBTC15M-26JUN112100-00,5,0.5800,0.5900,0.5800
KXBTC15M-26JUN112030-30,3,0.2000,0.2100,0.2000
KXBTC15M-26JUN112030-30,4,0.1800,0.1800,0.1700
KXBTC15M-26JUN112030-30,5,0.1600,0.1600,0.1400
KXBTC15M-26JUN112045-45,3,0.6400,0.6500,0.6400
KXBTC15M-26JUN112045-45,4,0.5400,0.5500,0.5400
KXBTC15M-26JUN112045-45,5,0.7000,0.7100,0.7000
KXBTC15M-26JUN120030-30,3,0.8800,0.8800,0.8700
KXBTC15M-26JUN120030-30,4,0.9220,0.9240,0.9190
KXBTC15M-26JUN120030-30,5,0.9390,0.9400,0.9390
KXBTC15M-26JUN112015-15,3,0.2500,0.2600,0.2500
KXBTC15M-26JUN112015-15,4,0.3600,0.3600,0.3500
KXBTC15M-26JUN112015-15,5,0.4300,0.4300,0.4200
KXBTC15M-26JUN112130-30,3,0.4500,0.4500,0.4400
KXBTC15M-26JUN112130-30,4,0.2900,0.3000,0.2900
KXBTC15M-26JUN112130-30,5,0.2100,0.2100,0.2000
KXBTC15M-26JUN112345-45,3,0.6900,0.6800,0.6700
KXBTC15M-26JUN112345-45,4,0.8300,0.8400,0.8200
KXBTC15M-26JUN112345-45,5,0.7800,0.8000,0.7800
KXBTC15M-26JUN111930-30,3,0.4800,0.4800,0.4700
KXBTC15M-26JUN111930-30,4,0.6000,0.6100,0.6000
KXBTC15M-26JUN111930-30,5,0.4900,0.4900,0.4800
KXBTC15M-26JUN111800-00,3,0.7400,0.7500,0.7300
KXBTC15M-26JUN111800-00,4,0.6600,0.6600,0.6500
KXBTC15M-26JUN111800-00,5,0.5500,0.5500,0.5400
KXBTC15M-26JUN111845-45,3,0.4100,0.4100,0.4000
KXBTC15M-26JUN111845-45,4,0.2100,0.2100,0.2000
KXBTC15M-26JUN111845-45,5,0.3300,0.3400,0.3300
KXBTC15M-26JUN111830-30,3,0.5200,0.5200,0.5100
KXBTC15M-26JUN111830-30,4,0.5500,0.5500,0.5300
KXBTC15M-26JUN111830-30,5,0.4600,0.4700,0.4600
KXBTC15M-26JUN112000-00,3,0.3600,0.3600,0.3500
KXBTC15M-26JUN112000-00,4,0.3200,0.3300,0.3200
KXBTC15M-26JUN112000-00,5,0.2300,0.2400,0.2300
KXBTC15M-26JUN111730-30,3,0.3000,0.3000,0.2900
KXBTC15M-26JUN111730-30,4,0.2700,0.2700,0.2600
KXBTC15M-26JUN111730-30,5,0.2200,0.2400,0.2200
KXBTC15M-26JUN111945-45,3,0.9440,0.9450,0.9410
KXBTC15M-26JUN111945-45,4,0.9300,0.9300,0.9290
KXBTC15M-26JUN111945-45,5,0.9000,0.9010,0.8900
KXBTC15M-26JUN111715-15,3,0.5200,0.5300,0.5200
KXBTC15M-26JUN111715-15,4,0.7900,0.7800,0.7700
KXBTC15M-26JUN111715-15,5,0.8300,0.8300,0.8200
KXBTC15M-26JUN111915-15,3,0.1600,0.1600,0.1500
KXBTC15M-26JUN111915-15,4,0.1800,0.1800,0.1700
KXBTC15M-26JUN111915-15,5,0.1200,0.1200,0.1100
KXBTC15M-26JUN111645-45,3,0.6300,0.6400,0.6300
KXBTC15M-26JUN111645-45,4,0.6200,0.6200,0.6100
KXBTC15M-26JUN111645-45,5,0.4300,0.4300,0.4200
KXBTC15M-26JUN111515-15,3,0.6400,0.6400,0.6300
KXBTC15M-26JUN111515-15,4,0.6100,0.6200,0.6100
KXBTC15M-26JUN111515-15,5,0.6000,0.6100,0.6000
KXBTC15M-26JUN111545-45,3,0.9000,0.9000,0.8900
KXBTC15M-26JUN111545-45,4,0.7500,0.7500,0.7300
KXBTC15M-26JUN111545-45,5,0.8400,0.8400,0.8300
KXBTC15M-26JUN111445-45,3,0.6200,0.6200,0.6100
KXBTC15M-26JUN111445-45,4,0.5800,0.5900,0.5800
KXBTC15M-26JUN111445-45,5,0.6200,0.6300,0.6200
KXBTC15M-26JUN111415-15,3,0.5900,0.5900,0.5800
KXBTC15M-26JUN111415-15,4,0.4400,0.4500,0.4300
KXBTC15M-26JUN111415-15,5,0.2600,0.2800,0.2600
KXBTC15M-26JUN111700-00,3,0.4000,0.4100,0.4000
KXBTC15M-26JUN111700-00,4,0.4100,0.4100,0.4000
KXBTC15M-26JUN111700-00,5,0.4000,0.4100,0.4000
KXBTC15M-26JUN111430-30,3,0.6600,0.6600,0.6500
KXBTC15M-26JUN111430-30,4,0.7500,0.7600,0.7500
KXBTC15M-26JUN111430-30,5,0.7200,0.7500,0.7400
KXBTC15M-26JUN111400-00,3,0.7900,0.7800,0.7700
KXBTC15M-26JUN111400-00,4,0.8700,0.8800,0.8700
KXBTC15M-26JUN111400-00,5,0.7600,0.7800,0.7600
KXBTC15M-26JUN111615-15,3,0.5000,0.5100,0.5000
KXBTC15M-26JUN111615-15,4,0.4400,0.4400,0.4300
KXBTC15M-26JUN111615-15,5,0.5500,0.5600,0.5500
KXBTC15M-26JUN111900-00,3,0.3200,0.3300,0.3200
KXBTC15M-26JUN111900-00,4,0.4900,0.5000,0.4900
KXBTC15M-26JUN111900-00,5,0.6600,0.6700,0.6600
KXBTC15M-26JUN111330-30,3,0.3000,0.3000,0.2900
KXBTC15M-26JUN111330-30,4,0.2900,0.2900,0.2800
KXBTC15M-26JUN111330-30,5,0.3200,0.3200,0.3000
KXBTC15M-26JUN111315-15,3,0.1400,0.1500,0.1400
KXBTC15M-26JUN111315-15,4,0.1400,0.1500,0.1400
KXBTC15M-26JUN111315-15,5,0.2200,0.2300,0.2200
KXBTC15M-26JUN111815-15,3,0.8300,0.8400,0.8300
KXBTC15M-26JUN111815-15,4,0.8200,0.8300,0.8200
KXBTC15M-26JUN111815-15,5,0.8700,0.8700,0.8600
KXBTC15M-26JUN111745-45,3,0.7500,0.7600,0.7500
KXBTC15M-26JUN111745-45,4,0.6700,0.6700,0.6600
KXBTC15M-26JUN111745-45,5,0.5400,0.5500,0.5400
KXBTC15M-26JUN111200-00,3,0.3300,0.3400,0.3300
KXBTC15M-26JUN111200-00,4,0.3000,0.3000,0.2900
KXBTC15M-26JUN111200-00,5,0.2600,0.2600,0.2500
KXBTC15M-26JUN111345-45,3,0.9520,0.9570,0.9520
KXBTC15M-26JUN111345-45,4,0.9330,0.9430,0.9330
KXBTC15M-26JUN111345-45,5,0.9350,0.9440,0.9350
KXBTC15M-26JUN111100-00,3,0.6200,0.6200,0.6000
KXBTC15M-26JUN111100-00,4,0.5400,0.5500,0.5400
KXBTC15M-26JUN111100-00,5,0.6600,0.6600,0.6500
KXBTC15M-26JUN111630-30,3,0.4800,0.4800,0.4700
KXBTC15M-26JUN111630-30,4,0.5200,0.5300,0.5200
KXBTC15M-26JUN111630-30,5,0.5400,0.5500,0.5400
KXBTC15M-26JUN111030-30,3,0.3300,0.3400,0.3300
KXBTC15M-26JUN111030-30,4,0.4600,0.4700,0.4600
KXBTC15M-26JUN111030-30,5,0.6000,0.6100,0.6000
KXBTC15M-26JUN111600-00,3,0.5300,0.5300,0.5200
KXBTC15M-26JUN111600-00,4,0.4300,0.4300,0.4200
KXBTC15M-26JUN111600-00,5,0.3300,0.3400,0.3300
KXBTC15M-26JUN111215-15,3,0.4200,0.4400,0.4200
KXBTC15M-26JUN111215-15,4,0.3600,0.3700,0.3500
KXBTC15M-26JUN111215-15,5,0.5100,0.5100,0.4900
KXBTC15M-26JUN111530-30,3,0.7600,0.7800,0.7700
KXBTC15M-26JUN111530-30,4,0.7100,0.7200,0.7100
KXBTC15M-26JUN111530-30,5,0.7500,0.7600,0.7500
KXBTC15M-26JUN111500-00,3,0.5000,0.5000,0.4900
KXBTC15M-26JUN111500-00,4,0.4400,0.4400,0.4200
KXBTC15M-26JUN111500-00,5,0.4200,0.4300,0.4200
KXBTC15M-26JUN111130-30,3,0.2800,0.2900,0.2800
KXBTC15M-26JUN111130-30,4,0.3600,0.3600,0.3400
KXBTC15M-26JUN111130-30,5,0.6100,0.6100,0.6000
KXBTC15M-26JUN110900-00,3,0.5800,0.5800,0.5700
KXBTC15M-26JUN110900-00,4,0.7900,0.7900,0.7800
KXBTC15M-26JUN110900-00,5,0.6500,0.6600,0.6400
KXBTC15M-26JUN110945-45,3,0.3900,0.3900,0.3800
KXBTC15M-26JUN110945-45,4,0.3700,0.3600,0.3500
KXBTC15M-26JUN110945-45,5,0.6100,0.6200,0.6100
KXBTC15M-26JUN111045-45,3,0.3000,0.3100,0.3000
KXBTC15M-26JUN111045-45,4,0.3200,0.3200,0.3100
KXBTC15M-26JUN111045-45,5,0.3900,0.4000,0.3900
KXBTC15M-26JUN110845-45,3,0.3400,0.3400,0.3300
KXBTC15M-26JUN110845-45,4,0.6400,0.6300,0.6200
KXBTC15M-26JUN110845-45,5,0.6400,0.6500,0.6400
KXBTC15M-26JUN110800-00,3,0.3600,0.3600,0.3500
KXBTC15M-26JUN110800-00,4,0.5200,0.5200,0.5100
KXBTC15M-26JUN110800-00,5,0.5000,0.5000,0.4900
KXBTC15M-26JUN111245-45,3,0.6000,0.6100,0.6000
KXBTC15M-26JUN111245-45,4,0.6600,0.6700,0.6500
KXBTC15M-26JUN111245-45,5,0.7400,0.7500,0.7400
KXBTC15M-26JUN111230-30,3,0.5100,0.5200,0.5100
KXBTC15M-26JUN111230-30,4,0.4900,0.4900,0.4800
KXBTC15M-26JUN111230-30,5,0.3400,0.3400,0.3300
KXBTC15M-26JUN110745-45,3,0.6900,0.7000,0.6800
KXBTC15M-26JUN110745-45,4,0.6400,0.6400,0.6300
KXBTC15M-26JUN110745-45,5,0.5600,0.5600,0.5500
KXBTC15M-26JUN110930-30,3,0.6900,0.7000,0.6900
KXBTC15M-26JUN110930-30,4,0.8000,0.8000,0.7900
KXBTC15M-26JUN110930-30,5,0.8300,0.8300,0.8200
KXBTC15M-26JUN111145-45,3,0.5000,0.5200,0.5000
KXBTC15M-26JUN111145-45,4,0.5900,0.6000,0.5900
KXBTC15M-26JUN111145-45,5,0.7500,0.7500,0.7300
KXBTC15M-26JUN110700-00,3,0.5900,0.6100,0.5900
KXBTC15M-26JUN110700-00,4,0.6500,0.6500,0.6400
KXBTC15M-26JUN110700-00,5,0.7000,0.7200,0.7000
KXBTC15M-26JUN111115-15,3,0.3800,0.3800,0.3700
KXBTC15M-26JUN111115-15,4,0.3900,0.4100,0.3900
KXBTC15M-26JUN111115-15,5,0.2400,0.2400,0.2300
KXBTC15M-26JUN110815-15,3,0.1900,0.2000,0.1900
KXBTC15M-26JUN110815-15,4,0.3300,0.3300,0.3200
KXBTC15M-26JUN110815-15,5,0.3600,0.3600,0.3500
KXBTC15M-26JUN110545-45,3,0.8500,0.8600,0.8500
KXBTC15M-26JUN110545-45,4,0.9270,0.9280,0.9270
KXBTC15M-26JUN110545-45,5,0.9000,0.9000,0.8900
KXBTC15M-26JUN110615-15,3,0.2800,0.2900,0.2800
KXBTC15M-26JUN110615-15,4,0.1900,0.1900,0.1800
KXBTC15M-26JUN110615-15,5,0.2700,0.2800,0.2700
KXBTC15M-26JUN111015-15,3,0.3400,0.3300,0.3200
KXBTC15M-26JUN111015-15,4,0.5200,0.5200,0.5100
KXBTC15M-26JUN111015-15,5,0.2100,0.2200,0.2100
KXBTC15M-26JUN111000-00,3,0.7400,0.7500,0.7400
KXBTC15M-26JUN111000-00,4,0.7400,0.7400,0.7300
KXBTC15M-26JUN111000-00,5,0.8900,0.9000,0.8900
KXBTC15M-26JUN110145-45,3,0.5700,0.6400,0.6300
KXBTC15M-26JUN110145-45,4,0.6500,0.6600,0.6500
KXBTC15M-26JUN110145-45,5,0.5500,0.5600,0.5500
KXBTC15M-26JUN110130-30,3,0.5800,0.5800,0.5600
KXBTC15M-26JUN110130-30,4,0.5800,0.6000,0.5800
KXBTC15M-26JUN110130-30,5,0.7100,0.7000,0.6900
KXBTC15M-26JUN110915-15,3,0.2400,0.2400,0.2300
KXBTC15M-26JUN110915-15,4,0.2500,0.2700,0.2600
KXBTC15M-26JUN110915-15,5,0.2000,0.2100,0.2000
KXBTC15M-26JUN110045-45,3,0.3500,0.3600,0.3500
KXBTC15M-26JUN110045-45,4,0.2500,0.2600,0.2500
KXBTC15M-26JUN110045-45,5,0.2800,0.2800,0.2700
KXBTC15M-26JUN110115-15,3,0.1800,0.1800,0.1700
KXBTC15M-26JUN110115-15,4,0.1200,0.1400,0.1200
KXBTC15M-26JUN110115-15,5,0.0970,0.0970,0.0950
KXBTC15M-26JUN110015-15,3,0.2400,0.2600,0.2400
KXBTC15M-26JUN110015-15,4,0.2600,0.2600,0.2500
KXBTC15M-26JUN110015-15,5,0.2300,0.2400,0.2300
KXBTC15M-26JUN110530-30,3,0.5000,0.5100,0.5000
KXBTC15M-26JUN110530-30,4,0.4900,0.5000,0.4900
KXBTC15M-26JUN110530-30,5,0.3000,0.3100,0.2900
KXBTC15M-26JUN110515-15,3,0.5900,0.6100,0.5900
KXBTC15M-26JUN110515-15,4,0.3600,0.3600,0.3500
KXBTC15M-26JUN110515-15,5,0.2400,0.2500,0.2400
KXBTC15M-26JUN110200-00,3,0.3700,0.3700,0.3600
KXBTC15M-26JUN110200-00,4,0.3400,0.3500,0.3400
KXBTC15M-26JUN110200-00,5,0.2600,0.2600,0.2500
KXBTC15M-26JUN110730-30,3,0.3700,0.3800,0.3700
KXBTC15M-26JUN110730-30,4,0.2500,0.2600,0.2500
KXBTC15M-26JUN110730-30,5,0.2300,0.2300,0.2200
KXBTC15M-26JUN110715-15,3,0.5500,0.5600,0.5500
KXBTC15M-26JUN110715-15,4,0.5900,0.5900,0.5700
KXBTC15M-26JUN110715-15,5,0.5300,0.5400,0.5300
KXBTC15M-26JUN102315-15,3,0.5200,0.5200,0.5100
KXBTC15M-26JUN102315-15,4,0.5300,0.5300,0.5200
KXBTC15M-26JUN102315-15,5,0.4600,0.4600,0.4500
KXBTC15M-26JUN110645-45,3,0.5600,0.5800,0.5700
KXBTC15M-26JUN110645-45,4,0.6500,0.6500,0.6400
KXBTC15M-26JUN110645-45,5,0.7700,0.7700,0.7600
KXBTC15M-26JUN110030-30,3,0.3100,0.3100,0.3000
KXBTC15M-26JUN110030-30,4,0.4100,0.4200,0.4100
KXBTC15M-26JUN110030-30,5,0.5200,0.5300,0.5200
KXBTC15M-26JUN102230-30,3,0.7900,0.7900,0.7800
KXBTC15M-26JUN102230-30,4,0.8700,0.8700,0.8500
KXBTC15M-26JUN102230-30,5,0.7000,0.7100,0.6900
KXBTC15M-26JUN110000-00,3,0.6100,0.6200,0.6100
KXBTC15M-26JUN110000-00,4,0.6100,0.6200,0.6100
KXBTC15M-26JUN110000-00,5,0.7700,0.7900,0.7700
KXBTC15M-26JUN102345-45,3,0.9630,0.9640,0.9630
KXBTC15M-26JUN102345-45,4,0.9560,0.9630,0.9570
KXBTC15M-26JUN102345-45,5,0.9770,0.9760,0.9690
KXBTC15M-26JUN102330-30,3,0.6700,0.6700,0.6600
KXBTC15M-26JUN102330-30,4,0.4700,0.4800,0.4700
KXBTC15M-26JUN102330-30,5,0.3400,0.3400,0.3300
KXBTC15M-26JUN102045-45,3,0.4500,0.4600,0.4500
KXBTC15M-26JUN102045-45,4,0.3100,0.3100,0.3000
KXBTC15M-26JUN102045-45,5,0.3900,0.4000,0.3900
KXBTC15M-26JUN102015-15,3,0.7500,0.7600,0.7500
KXBTC15M-26JUN102015-15,4,0.6900,0.6900,0.6800
KXBTC15M-26JUN102015-15,5,0.8400,0.8400,0.8300
KXBTC15M-26JUN102215-15,3,0.5000,0.5000,0.4800
KXBTC15M-26JUN102215-15,4,0.6200,0.6300,0.6200
KXBTC15M-26JUN102215-15,5,0.4500,0.4600,0.4500
KXBTC15M-26JUN101945-45,3,0.3200,0.3200,0.3000
KXBTC15M-26JUN101945-45,4,0.3800,0.3700,0.3600
KXBTC15M-26JUN101945-45,5,0.4400,0.4600,0.4400
KXBTC15M-26JUN101930-30,3,0.7100,0.7100,0.7000
KXBTC15M-26JUN101930-30,4,0.9000,0.9000,0.8900
KXBTC15M-26JUN101930-30,5,0.9470,0.9490,0.9470
KXBTC15M-26JUN102130-30,3,0.7100,0.7400,0.7100
KXBTC15M-26JUN102130-30,4,0.9040,0.9050,0.8900
KXBTC15M-26JUN102130-30,5,0.9050,0.9140,0.9050
KXBTC15M-26JUN102145-45,3,0.4600,0.4600,0.4500
KXBTC15M-26JUN102145-45,4,0.5800,0.5900,0.5800
KXBTC15M-26JUN102145-45,5,0.5000,0.5000,0.4900
KXBTC15M-26JUN101900-00,3,0.3300,0.3100,0.3000
KXBTC15M-26JUN101900-00,4,0.2700,0.2700,0.2600
KXBTC15M-26JUN101900-00,5,0.2700,0.2700,0.2600
KXBTC15M-26JUN101830-30,3,0.3400,0.3500,0.3400
KXBTC15M-26JUN101830-30,4,0.2700,0.2800,0.2700
KXBTC15M-26JUN101830-30,5,0.2800,0.2900,0.2800
KXBTC15M-26JUN101815-15,3,0.3700,0.3700,0.3600
KXBTC15M-26JUN101815-15,4,0.2100,0.2300,0.2200
KXBTC15M-26JUN101815-15,5,0.2100,0.2200,0.2100
KXBTC15M-26JUN101745-45,3,0.7500,0.7500,0.7400
KXBTC15M-26JUN101745-45,4,0.7300,0.7400,0.7200
KXBTC15M-26JUN101745-45,5,0.6600,0.6700,0.6600
KXBTC15M-26JUN102000-00,3,0.3200,0.3200,0.3100
KXBTC15M-26JUN102000-00,4,0.2400,0.2400,0.2300
KXBTC15M-26JUN102000-00,5,0.2500,0.2500,0.2400
KXBTC15M-26JUN101700-00,3,0.3700,0.3900,0.3800
KXBTC15M-26JUN101700-00,4,0.4100,0.4100,0.4000
KXBTC15M-26JUN101700-00,5,0.2500,0.2600,0.2500
KXBTC15M-26JUN101730-30,3,0.6400,0.6500,0.6400
KXBTC15M-26JUN101730-30,4,0.7300,0.7300,0.7200
KXBTC15M-26JUN101730-30,5,0.7300,0.7300,0.7100
KXBTC15M-26JUN101715-15,3,0.4600,0.4500,0.4400
KXBTC15M-26JUN101715-15,4,0.3500,0.3500,0.3300
KXBTC15M-26JUN101715-15,5,0.1600,0.1600,0.1500
KXBTC15M-26JUN102200-00,3,0.4000,0.4000,0.3900
KXBTC15M-26JUN102200-00,4,0.5000,0.5100,0.5000
KXBTC15M-26JUN102200-00,5,0.3700,0.3800,0.3700
KXBTC15M-26JUN101630-30,3,0.5700,0.5800,0.5700
KXBTC15M-26JUN101630-30,4,0.5700,0.5700,0.5600
KXBTC15M-26JUN101630-30,5,0.4000,0.4100,0.4000
KXBTC15M-26JUN101845-45,3,0.7600,0.7700,0.7600
KXBTC15M-26JUN101845-45,4,0.6400,0.6400,0.6300
KXBTC15M-26JUN101845-45,5,0.8200,0.8200,0.8100
KXBTC15M-26JUN101545-45,3,0.7300,0.7400,0.7300
KXBTC15M-26JUN101545-45,4,0.8300,0.8500,0.8300
KXBTC15M-26JUN101545-45,5,0.8300,0.8400,0.8300
KXBTC15M-26JUN101515-15,3,0.4700,0.4700,0.4600
KXBTC15M-26JUN101515-15,4,0.3200,0.3300,0.3200
KXBTC15M-26JUN101515-15,5,0.2200,0.2200,0.2100
KXBTC15M-26JUN101530-30,3,0.4700,0.4700,0.4600
KXBTC15M-26JUN101530-30,4,0.3900,0.4000,0.3900
KXBTC15M-26JUN101530-30,5,0.3300,0.3400,0.3300
KXBTC15M-26JUN101500-00,3,0.6000,0.6100,0.6000
KXBTC15M-26JUN101500-00,4,0.5900,0.6000,0.5900
KXBTC15M-26JUN101500-00,5,0.2400,0.2500,0.2400
KXBTC15M-26JUN101415-15,3,0.6800,0.6900,0.6800
KXBTC15M-26JUN101415-15,4,0.7600,0.7700,0.7600
KXBTC15M-26JUN101415-15,5,0.8300,0.8400,0.8300
KXBTC15M-26JUN101400-00,3,0.8800,0.8900,0.8800
KXBTC15M-26JUN101400-00,4,0.9240,0.9250,0.9240
KXBTC15M-26JUN101400-00,5,0.7700,0.7800,0.7700
KXBTC15M-26JUN101345-45,3,0.3200,0.3300,0.3200
KXBTC15M-26JUN101345-45,4,0.3100,0.3100,0.3000
KXBTC15M-26JUN101345-45,5,0.2100,0.2100,0.2000
KXBTC15M-26JUN101600-00,3,0.2200,0.2200,0.2100
KXBTC15M-26JUN101600-00,4,0.3900,0.4000,0.3900
KXBTC15M-26JUN101600-00,5,0.4000,0.4000,0.3900
KXBTC15M-26JUN101245-45,3,0.4500,0.4500,0.4400
KXBTC15M-26JUN101245-45,4,0.7400,0.7500,0.7400
KXBTC15M-26JUN101245-45,5,0.7500,0.7400,0.7300
KXBTC15M-26JUN101230-30,3,0.4600,0.4600,0.4500
KXBTC15M-26JUN101230-30,4,0.4600,0.4600,0.4500
KXBTC15M-26JUN101230-30,5,0.3800,0.3800,0.3700
KXBTC15M-26JUN101330-30,3,0.6900,0.6900,0.6800
KXBTC15M-26JUN101330-30,4,0.6900,0.7000,0.6900
KXBTC15M-26JUN101330-30,5,0.7200,0.7300,0.7200
KXBTC15M-26JUN101800-00,3,0.5300,0.5300,0.5200
KXBTC15M-26JUN101800-00,4,0.0760,0.0770,0.0760
KXBTC15M-26JUN101800-00,5,0.0480,0.0470,0.0430
KXBTC15M-26JUN101215-15,3,0.2600,0.2600,0.2500
KXBTC15M-26JUN101215-15,4,0.2000,0.2000,0.1900
KXBTC15M-26JUN101215-15,5,0.1700,0.1700,0.1600
KXBTC15M-26JUN101445-45,3,0.4900,0.5000,0.4900
KXBTC15M-26JUN101445-45,4,0.5500,0.5600,0.5500
KXBTC15M-26JUN101445-45,5,0.3100,0.3100,0.2900
KXBTC15M-26JUN101145-45,3,0.5200,0.5300,0.5200
KXBTC15M-26JUN101145-45,4,0.5400,0.5500,0.5400
KXBTC15M-26JUN101145-45,5,0.5300,0.5300,0.5200
KXBTC15M-26JUN101100-00,3,0.3600,0.3600,0.3500
KXBTC15M-26JUN101100-00,4,0.3500,0.3500,0.3400
KXBTC15M-26JUN101100-00,5,0.3100,0.3100,0.3000
KXBTC15M-26JUN101130-30,3,0.4800,0.4700,0.4600
KXBTC15M-26JUN101130-30,4,0.7200,0.7300,0.7200
KXBTC15M-26JUN101130-30,5,0.8400,0.8500,0.8400
KXBTC15M-26JUN101015-15,3,0.6400,0.6500,0.6400
KXBTC15M-26JUN101015-15,4,0.6800,0.6800,0.6700
KXBTC15M-26JUN101015-15,5,0.6100,0.6100,0.6000
KXBTC15M-26JUN101300-00,3,0.1300,0.1400,0.1300
KXBTC15M-26JUN101300-00,4,0.1200,0.1200,0.1100
KXBTC15M-26JUN101300-00,5,0.0910,0.0900,0.0850
KXBTC15M-26JUN100930-30,3,0.3800,0.3900,0.3800
KXBTC15M-26JUN100930-30,4,0.3800,0.3900,0.3700
KXBTC15M-26JUN100930-30,5,0.4000,0.4000,0.3900
KXBTC15M-26JUN101200-00,3,0.1700,0.1700,0.1600
KXBTC15M-26JUN101200-00,4,0.3200,0.3400,0.3300
KXBTC15M-26JUN101200-00,5,0.3000,0.3100,0.3000
KXBTC15M-26JUN100900-00,3,0.6800,0.6900,0.6800
KXBTC15M-26JUN100900-00,4,0.7300,0.7400,0.7300
KXBTC15M-26JUN100900-00,5,0.7400,0.7400,0.7300
KXBTC15M-26JUN100830-30,3,0.2900,0.2900,0.2800
KXBTC15M-26JUN100830-30,4,0.2300,0.2300,0.2200
KXBTC15M-26JUN100830-30,5,0.2200,0.2300,0.2200
KXBTC15M-26JUN100915-15,3,0.3000,0.3000,0.2800
KXBTC15M-26JUN100915-15,4,0.3200,0.3200,0.3100
KXBTC15M-26JUN100915-15,5,0.3200,0.3300,0.3200
KXBTC15M-26JUN101115-15,3,0.7700,0.7800,0.7700
KXBTC15M-26JUN101115-15,4,0.6000,0.6000,0.5900
KXBTC15M-26JUN101115-15,5,0.2900,0.2900,0.2800
KXBTC15M-26JUN101045-45,3,0.4000,0.4000,0.3900
KXBTC15M-26JUN101045-45,4,0.4300,0.4400,0.4300
KXBTC15M-26JUN101045-45,5,0.2800,0.2900,0.2800
KXBTC15M-26JUN101000-00,3,0.5500,0.5600,0.5500
KXBTC15M-26JUN101000-00,4,0.6800,0.6900,0.6800
KXBTC15M-26JUN101000-00,5,0.4900,0.4900,0.4800
KXBTC15M-26JUN100745-45,3,0.5800,0.5800,0.5600
KXBTC15M-26JUN100745-45,4,0.6400,0.6500,0.6400
KXBTC15M-26JUN100745-45,5,0.6600,0.6700,0.6600
KXBTC15M-26JUN100800-00,3,0.5400,0.5500,0.5400
KXBTC15M-26JUN100800-00,4,0.4300,0.4500,0.4300
KXBTC15M-26JUN100800-00,5,0.4800,0.4800,0.4700
KXBTC15M-26JUN100630-30,3,0.2400,0.2200,0.2100
KXBTC15M-26JUN100630-30,4,0.2700,0.2700,0.2600
KXBTC15M-26JUN100630-30,5,0.1600,0.1700,0.1600
KXBTC15M-26JUN100715-15,3,0.1300,0.1300,0.1200
KXBTC15M-26JUN100715-15,4,0.0300,0.0370,0.0350
KXBTC15M-26JUN100715-15,5,0.0800,0.0680,0.0650
KXBTC15M-26JUN100615-15,3,0.3800,0.3900,0.3800
KXBTC15M-26JUN100615-15,4,0.3400,0.3500,0.3400
KXBTC15M-26JUN100615-15,5,0.1300,0.1200,0.1100
KXBTC15M-26JUN100815-15,3,0.5300,0.5500,0.5300
KXBTC15M-26JUN100815-15,4,0.6600,0.6600,0.6500
KXBTC15M-26JUN100815-15,5,0.7300,0.7500,0.7300
KXBTC15M-26JUN100545-45,3,0.7000,0.6900,0.6700
KXBTC15M-26JUN100545-45,4,0.7600,0.7600,0.7400
KXBTC15M-26JUN100545-45,5,0.8600,0.8700,0.8600
KXBTC15M-26JUN100600-00,3,0.1900,0.1900,0.1800
KXBTC15M-26JUN100600-00,4,0.1600,0.1700,0.1600
KXBTC15M-26JUN100600-00,5,0.3100,0.3100,0.3000
KXBTC15M-26JUN100500-00,3,0.2300,0.2400,0.2300
KXBTC15M-26JUN100500-00,4,0.3700,0.3700,0.3600
KXBTC15M-26JUN100500-00,5,0.2800,0.3000,0.2800
KXBTC15M-26JUN100430-30,3,0.5500,0.5600,0.5500
KXBTC15M-26JUN100430-30,4,0.5100,0.5100,0.5000
KXBTC15M-26JUN100430-30,5,0.5800,0.6000,0.5900
KXBTC15M-26JUN100415-15,3,0.3000,0.3200,0.3100
KXBTC15M-26JUN100415-15,4,0.3600,0.3600,0.3500
KXBTC15M-26JUN100415-15,5,0.3800,0.3900,0.3800
KXBTC15M-26JUN100700-00,3,0.5000,0.5000,0.4900
KXBTC15M-26JUN100700-00,4,0.6600,0.6700,0.6600
KXBTC15M-26JUN100700-00,5,0.7300,0.7300,0.7200
KXBTC15M-26JUN100945-45,3,0.7800,0.8000,0.7900
KXBTC15M-26JUN100945-45,4,0.8700,0.8800,0.8700
KXBTC15M-26JUN100945-45,5,0.9350,0.9380,0.9310
KXBTC15M-26JUN100400-00,3,0.3200,0.3300,0.3200
KXBTC15M-26JUN100400-00,4,0.3700,0.3700,0.3600
KXBTC15M-26JUN100400-00,5,0.2400,0.2500,0.2400
KXBTC15M-26JUN100300-00,3,0.6500,0.6700,0.6600
KXBTC15M-26JUN100300-00,4,0.6700,0.6700,0.6500
KXBTC15M-26JUN100300-00,5,0.5500,0.5500,0.5400
KXBTC15M-26JUN100245-45,3,0.1500,0.1500,0.1400
KXBTC15M-26JUN100245-45,4,0.1400,0.1400,0.1300
KXBTC15M-26JUN100245-45,5,0.1200,0.1300,0.1200
KXBTC15M-26JUN100215-15,3,0.4200,0.4300,0.4200
KXBTC15M-26JUN100215-15,4,0.6600,0.6700,0.6600
KXBTC15M-26JUN100215-15,5,0.5700,0.5800,0.5700
KXBTC15M-26JUN100445-45,3,0.4200,0.4200,0.4100
KXBTC15M-26JUN100445-45,4,0.2000,0.2000,0.1900
KXBTC15M-26JUN100445-45,5,0.1800,0.1800,0.1700
KXBTC15M-26JUN100230-30,3,0.7000,0.7300,0.7100
KXBTC15M-26JUN100230-30,4,0.7500,0.7500,0.7400
KXBTC15M-26JUN100230-30,5,0.5200,0.5300,0.5200
KXBTC15M-26JUN100145-45,3,0.7800,0.7800,0.7700
KXBTC15M-26JUN100145-45,4,0.6400,0.6400,0.6300
KXBTC15M-26JUN100145-45,5,0.6100,0.6200,0.6100
KXBTC15M-26JUN100345-45,3,0.3300,0.3400,0.3300
KXBTC15M-26JUN100345-45,4,0.8400,0.8500,0.8400
KXBTC15M-26JUN100345-45,5,0.7400,0.7400,0.7300
KXBTC15M-26JUN100330-30,3,0.7600,0.7700,0.7500
KXBTC15M-26JUN100330-30,4,0.8100,0.8100,0.8000
KXBTC15M-26JUN100330-30,5,0.8700,0.8900,0.8700
KXBTC15M-26JUN100130-30,3,0.3600,0.3600,0.3500
KXBTC15M-26JUN100130-30,4,0.3300,0.3400,0.3300
KXBTC15M-26JUN100130-30,5,0.3200,0.3300,0.3200
KXBTC15M-26JUN100015-15,3,0.3200,0.3200,0.3100
KXBTC15M-26JUN100015-15,4,0.2900,0.3000,0.2900
KXBTC15M-26JUN100015-15,5,0.3200,0.3300,0.3200
KXBTC15M-26JUN100000-00,3,0.6600,0.6700,0.6600
KXBTC15M-26JUN100000-00,4,0.6800,0.6900,0.6800
KXBTC15M-26JUN100000-00,5,0.3500,0.3600,0.3500
KXBTC15M-26JUN092345-45,3,0.2000,0.2200,0.2000
KXBTC15M-26JUN092345-45,4,0.1500,0.1500,0.1400
KXBTC15M-26JUN092345-45,5,0.1500,0.1600,0.1500
KXBTC15M-26JUN092330-30,3,0.3100,0.3100,0.3000
KXBTC15M-26JUN092330-30,4,0.2600,0.2700,0.2600
KXBTC15M-26JUN092330-30,5,0.2100,0.2100,0.2000
KXBTC15M-26JUN100515-15,3,0.3900,0.3900,0.3700
KXBTC15M-26JUN100515-15,4,0.3200,0.3200,0.3100
KXBTC15M-26JUN100515-15,5,0.3000,0.3000,0.2800
KXBTC15M-26JUN100115-15,3,0.4600,0.4800,0.4700
KXBTC15M-26JUN100115-15,4,0.4800,0.4800,0.4600
KXBTC15M-26JUN100115-15,5,0.5100,0.5200,0.5100
KXBTC15M-26JUN092315-15,3,0.6500,0.6500,0.6400
KXBTC15M-26JUN092315-15,4,0.7400,0.7500,0.7400
KXBTC15M-26JUN092315-15,5,0.8900,0.9000,0.8900
KXBTC15M-26JUN092230-30,3,0.2400,0.2500,0.2400
KXBTC15M-26JUN092230-30,4,0.2200,0.2200,0.2100
KXBTC15M-26JUN092230-30,5,0.2700,0.2700,0.2600
KXBTC15M-26JUN092200-00,3,0.7900,0.7900,0.7800
KXBTC15M-26JUN092200-00,4,0.8900,0.9000,0.8900
KXBTC15M-26JUN092200-00,5,0.8600,0.8700,0.8600
KXBTC15M-26JUN100100-00,3,0.8800,0.8900,0.8800
KXBTC15M-26JUN100100-00,4,0.8700,0.8900,0.8700
KXBTC15M-26JUN100100-00,5,0.8800,0.8900,0.8800
KXBTC15M-26JUN092130-30,3,0.6400,0.6500,0.6400
KXBTC15M-26JUN092130-30,4,0.7400,0.7500,0.7400
KXBTC15M-26JUN092130-30,5,0.5100,0.5100,0.5000
KXBTC15M-26JUN092100-00,3,0.7900,0.7900,0.7800
KXBTC15M-26JUN092100-00,4,0.8900,0.9000,0.8800
KXBTC15M-26JUN092100-00,5,0.8300,0.8400,0.8300
KXBTC15M-26JUN092115-15,3,0.5500,0.5600,0.5500
KXBTC15M-26JUN092115-15,4,0.6900,0.6900,0.6700
KXBTC15M-26JUN092115-15,5,0.4200,0.4300,0.4200
KXBTC15M-26JUN092030-30,3,0.4400,0.4500,0.4400
KXBTC15M-26JUN092030-30,4,0.5800,0.5800,0.5700
KXBTC15M-26JUN092030-30,5,0.3600,0.3600,0.3500
KXBTC15M-26JUN092015-15,3,0.7300,0.7400,0.7300
KXBTC15M-26JUN092015-15,4,0.8100,0.8200,0.8100
KXBTC15M-26JUN092015-15,5,0.8900,0.8900,0.8800
KXBTC15M-26JUN100200-00,3,0.2800,0.3000,0.2900
KXBTC15M-26JUN100200-00,4,0.2800,0.2800,0.2700
KXBTC15M-26JUN100200-00,5,0.5000,0.5100,0.5000
KXBTC15M-26JUN092000-00,3,0.5400,0.5400,0.5300
KXBTC15M-26JUN092000-00,4,0.4500,0.4500,0.4400
KXBTC15M-26JUN092000-00,5,0.5000,0.5000,0.4900
KXBTC15M-26JUN092245-45,3,0.2200,0.2200,0.2100
KXBTC15M-26JUN092245-45,4,0.2500,0.2500,0.2400
KXBTC15M-26JUN092245-45,5,0.1600,0.1700,0.1600
KXBTC15M-26JUN092145-45,3,0.5200,0.5200,0.5100
KXBTC15M-26JUN092145-45,4,0.6500,0.6600,0.6500
KXBTC15M-26JUN092145-45,5,0.6000,0.6000,0.5900
KXBTC15M-26JUN091900-00,3,0.4200,0.4300,0.4200
KXBTC15M-26JUN091900-00,4,0.3800,0.3800,0.3700
KXBTC15M-26JUN091900-00,5,0.2000,0.2000,0.1900
KXBTC15M-26JUN100045-45,3,0.1200,0.1200,0.1100
KXBTC15M-26JUN100045-45,4,0.1300,0.1300,0.1200
KXBTC15M-26JUN100045-45,5,0.1100,0.1100,0.1000
KXBTC15M-26JUN091915-15,3,0.7200,0.7300,0.7200
KXBTC15M-26JUN091915-15,4,0.7300,0.7400,0.7300
KXBTC15M-26JUN091915-15,5,0.6900,0.6900,0.6800
KXBTC15M-26JUN091845-45,3,0.7500,0.7600,0.7500
KXBTC15M-26JUN091845-45,4,0.9000,0.9000,0.8800
KXBTC15M-26JUN091845-45,5,0.8500,0.8600,0.8500
KXBTC15M-26JUN091800-00,3,0.5100,0.5200,0.5000
KXBTC15M-26JUN091800-00,4,0.5600,0.5700,0.5600
KXBTC15M-26JUN091800-00,5,0.5400,0.5500,0.5300
KXBTC15M-26JUN091715-15,3,0.2000,0.2100,0.2000
KXBTC15M-26JUN091715-15,4,0.2500,0.2500,0.2300
KXBTC15M-26JUN091715-15,5,0.2400,0.2500,0.2400
KXBTC15M-26JUN091930-30,3,0.5600,0.5700,0.5600
KXBTC15M-26JUN091930-30,4,0.6900,0.7000,0.6900
KXBTC15M-26JUN091930-30,5,0.7900,0.8000,0.7900
KXBTC15M-26JUN091645-45,3,0.4000,0.4000,0.3900
KXBTC15M-26JUN091645-45,4,0.3500,0.3600,0.3500
KXBTC15M-26JUN091645-45,5,0.3900,0.4000,0.3900
KXBTC15M-26JUN091615-15,3,0.3200,0.3200,0.3100
KXBTC15M-26JUN091615-15,4,0.4700,0.4800,0.4700
KXBTC15M-26JUN091615-15,5,0.4500,0.4600,0.4500
KXBTC15M-26JUN091630-30,3,0.4000,0.4000,0.3900
KXBTC15M-26JUN091630-30,4,0.2700,0.2700,0.2600
KXBTC15M-26JUN091630-30,5,0.1500,0.1500,0.1400
KXBTC15M-26JUN091545-45,3,0.7200,0.7300,0.7200
KXBTC15M-26JUN091545-45,4,0.7900,0.7900,0.7800
KXBTC15M-26JUN091545-45,5,0.7900,0.8100,0.7900
KXBTC15M-26JUN091745-45,3,0.6600,0.6600,0.6500
KXBTC15M-26JUN091745-45,4,0.6100,0.6200,0.6100
KXBTC15M-26JUN091745-45,5,0.6100,0.6100,0.6000
KXBTC15M-26JUN091600-00,3,0.2300,0.2300,0.2200
KXBTC15M-26JUN091600-00,4,0.3100,0.3000,0.2900
KXBTC15M-26JUN091600-00,5,0.8000,0.8100,0.8000
KXBTC15M-26JUN092045-45,3,0.0800,0.0800,0.0790
KXBTC15M-26JUN092045-45,4,0.0620,0.0630,0.0620
KXBTC15M-26JUN092045-45,5,0.0580,0.0580,0.0540
KXBTC15M-26JUN091445-45,3,0.5200,0.5300,0.5200
KXBTC15M-26JUN091445-45,4,0.5000,0.5000,0.4900
KXBTC15M-26JUN091445-45,5,0.4400,0.4400,0.4300
KXBTC15M-26JUN091700-00,3,0.3100,0.3100,0.3000
KXBTC15M-26JUN091700-00,4,0.2700,0.2700,0.2600
KXBTC15M-26JUN091700-00,5,0.1700,0.1900,0.1700
KXBTC15M-26JUN091415-15,3,0.2400,0.2400,0.2300
KXBTC15M-26JUN091415-15,4,0.4600,0.4700,0.4500
KXBTC15M-26JUN091415-15,5,0.5000,0.5000,0.4900
KXBTC15M-26JUN091945-45,3,0.6000,0.6100,0.6000
KXBTC15M-26JUN091945-45,4,0.4300,0.4300,0.4200
KXBTC15M-26JUN091945-45,5,0.2000,0.2000,0.1900
KXBTC15M-26JUN091330-30,3,0.8500,0.8600,0.8500
KXBTC15M-26JUN091330-30,4,0.8500,0.8500,0.8400
KXBTC15M-26JUN091330-30,5,0.8500,0.8600,0.8400
KXBTC15M-26JUN091400-00,3,0.2100,0.2100,0.2000
KXBTC15M-26JUN091400-00,4,0.2200,0.2300,0.2200
KXBTC15M-26JUN091400-00,5,0.3900,0.4000,0.3900
KXBTC15M-26JUN091300-00,3,0.7100,0.7200,0.7100
KXBTC15M-26JUN091300-00,4,0.7700,0.7700,0.7600
KXBTC15M-26JUN091300-00,5,0.7700,0.7600,0.7500
KXBTC15M-26JUN091245-45,3,0.7900,0.7700,0.7600
KXBTC15M-26JUN091245-45,4,0.7400,0.7500,0.7400
KXBTC15M-26JUN091245-45,5,0.8800,0.8800,0.8700
KXBTC15M-26JUN091215-15,3,0.3500,0.3500,0.3400
KXBTC15M-26JUN091215-15,4,0.2400,0.2500,0.2400
KXBTC15M-26JUN091215-15,5,0.1900,0.1900,0.1800
KXBTC15M-26JUN091515-15,3,0.4200,0.4300,0.4200
KXBTC15M-26JUN091515-15,4,0.7000,0.7000,0.6900
KXBTC15M-26JUN091515-15,5,0.7100,0.7100,0.7000
KXBTC15M-26JUN091200-00,3,0.3900,0.3900,0.3800
KXBTC15M-26JUN091200-00,4,0.4800,0.4900,0.4800
KXBTC15M-26JUN091200-00,5,0.3000,0.3200,0.3100
KXBTC15M-26JUN091230-30,3,0.4100,0.4100,0.4000
KXBTC15M-26JUN091230-30,4,0.1800,0.1800,0.1700
KXBTC15M-26JUN091230-30,5,0.2800,0.2800,0.2700
KXBTC15M-26JUN091345-45,3,0.6300,0.6300,0.6200
KXBTC15M-26JUN091345-45,4,0.6600,0.6600,0.6500
KXBTC15M-26JUN091345-45,5,0.5200,0.5300,0.5200
KXBTC15M-26JUN091045-45,3,0.4300,0.4400,0.4300
KXBTC15M-26JUN091045-45,4,0.3600,0.3600,0.3500
KXBTC15M-26JUN091045-45,5,0.1900,0.2100,0.1900
KXBTC15M-26JUN091030-30,3,0.1300,0.1400,0.1300
KXBTC15M-26JUN091030-30,4,0.1500,0.1600,0.1500
KXBTC15M-26JUN091030-30,5,0.0780,0.0790,0.0780
KXBTC15M-26JUN091015-15,3,0.3900,0.3900,0.3800
KXBTC15M-26JUN091015-15,4,0.2300,0.2400,0.2300
KXBTC15M-26JUN091015-15,5,0.2000,0.2200,0.2000
KXBTC15M-26JUN091530-30,3,0.4300,0.4200,0.4100
KXBTC15M-26JUN091530-30,4,0.3900,0.4000,0.3900
KXBTC15M-26JUN091530-30,5,0.5800,0.5800,0.5700
KXBTC15M-26JUN091000-00,3,0.6200,0.6300,0.6200
KXBTC15M-26JUN091000-00,4,0.5800,0.5900,0.5800
KXBTC15M-26JUN091000-00,5,0.3400,0.3500,0.3400
KXBTC15M-26JUN090945-45,3,0.4600,0.4600,0.4500
KXBTC15M-26JUN090945-45,4,0.4200,0.4300,0.4200
KXBTC15M-26JUN090945-45,5,0.5300,0.5300,0.5200
KXBTC15M-26JUN090930-30,3,0.2200,0.2200,0.2000
KXBTC15M-26JUN090930-30,4,0.1200,0.1200,0.1100
KXBTC15M-26JUN090930-30,5,0.1200,0.1200,0.1100
KXBTC15M-26JUN091130-30,3,0.3000,0.3100,0.3000
KXBTC15M-26JUN091130-30,4,0.2400,0.2400,0.2300
KXBTC15M-26JUN091130-30,5,0.3500,0.3500,0.3400
KXBTC15M-26JUN090845-45,3,0.3200,0.3300,0.3200
KXBTC15M-26JUN090845-45,4,0.2800,0.2900,0.2800
KXBTC15M-26JUN090845-45,5,0.2600,0.2600,0.2500
KXBTC15M-26JUN091115-15,3,0.4100,0.4100,0.4000
KXBTC15M-26JUN091115-15,4,0.3700,0.3700,0.3600
KXBTC15M-26JUN091115-15,5,0.3000,0.3000,0.2900
KXBTC15M-26JUN090900-00,3,0.6900,0.6900,0.6800
KXBTC15M-26JUN090900-00,4,0.6900,0.6900,0.6700
KXBTC15M-26JUN090900-00,5,0.7800,0.7700,0.7600
KXBTC15M-26JUN090730-30,3,0.4300,0.4300,0.4200
KXBTC15M-26JUN090730-30,4,0.3900,0.4000,0.3900
KXBTC15M-26JUN090730-30,5,0.3500,0.3600,0.3500
KXBTC15M-26JUN090715-15,3,0.0630,0.0660,0.0630
KXBTC15M-26JUN090715-15,4,0.0780,0.0770,0.0720
KXBTC15M-26JUN090715-15,5,0.0680,0.0670,0.0650
KXBTC15M-26JUN090700-00,3,0.3300,0.3300,0.3200
KXBTC15M-26JUN090700-00,4,0.4500,0.4500,0.4400
KXBTC15M-26JUN090700-00,5,0.2900,0.3000,0.2900
KXBTC15M-26JUN090645-45,3,0.2500,0.2500,0.2400
KXBTC15M-26JUN090645-45,4,0.1800,0.1800,0.1700
KXBTC15M-26JUN090645-45,5,0.2900,0.2900,0.2800
KXBTC15M-26JUN090915-15,3,0.6500,0.6500,0.6400
KXBTC15M-26JUN090915-15,4,0.5200,0.5300,0.5200
KXBTC15M-26JUN090915-15,5,0.8100,0.8200,0.8100
KXBTC15M-26JUN090615-15,3,0.7300,0.7300,0.7200
KXBTC15M-26JUN090615-15,4,0.7000,0.7100,0.6900
KXBTC15M-26JUN090615-15,5,0.8600,0.8600,0.8500
KXBTC15M-26JUN090630-30,3,0.4600,0.4600,0.4500
KXBTC15M-26JUN090630-30,4,0.5000,0.5000,0.4900
KXBTC15M-26JUN090630-30,5,0.6500,0.6600,0.6500
KXBTC15M-26JUN091145-45,3,0.4000,0.4200,0.4100
KXBTC15M-26JUN091145-45,4,0.6100,0.6200,0.6100
KXBTC15M-26JUN091145-45,5,0.6900,0.7000,0.6900
KXBTC15M-26JUN090830-30,3,0.5200,0.5300,0.5200
KXBTC15M-26JUN090830-30,4,0.5000,0.5000,0.4900
KXBTC15M-26JUN090830-30,5,0.4400,0.4400,0.4300
KXBTC15M-26JUN090800-00,3,0.4800,0.4700,0.4600
KXBTC15M-26JUN090800-00,4,0.3100,0.3100,0.3000
KXBTC15M-26JUN090800-00,5,0.5000,0.5000,0.4900
KXBTC15M-26JUN090515-15,3,0.4300,0.4400,0.4300
KXBTC15M-26JUN090515-15,4,0.3700,0.3700,0.3600
KXBTC15M-26JUN090515-15,5,0.4600,0.4600,0.4500
KXBTC15M-26JUN090430-30,3,0.5100,0.5200,0.5100
KXBTC15M-26JUN090430-30,4,0.5000,0.5200,0.5000
KXBTC15M-26JUN090430-30,5,0.6000,0.5900,0.5800
KXBTC15M-26JUN090345-45,3,0.8400,0.8600,0.8400
KXBTC15M-26JUN090345-45,4,0.8700,0.8700,0.8600
KXBTC15M-26JUN090345-45,5,0.8300,0.8300,0.8200
KXBTC15M-26JUN090415-15,3,0.2900,0.2900,0.2800
KXBTC15M-26JUN090415-15,4,0.1100,0.1200,0.1100
KXBTC15M-26JUN090415-15,5,0.0500,0.0510,0.0500
KXBTC15M-26JUN090315-15,3,0.7600,0.7700,0.7600
KXBTC15M-26JUN090315-15,4,0.7500,0.7500,0.7400
KXBTC15M-26JUN090315-15,5,0.7000,0.7000,0.6800
KXBTC15M-26JUN090300-00,3,0.6100,0.6200,0.6100
KXBTC15M-26JUN090300-00,4,0.3900,0.3900,0.3800
KXBTC15M-26JUN090300-00,5,0.2500,0.2600,0.2500
KXBTC15M-26JUN090245-45,3,0.3700,0.3700,0.3600
KXBTC15M-26JUN090245-45,4,0.2700,0.2700,0.2600
KXBTC15M-26JUN090245-45,5,0.3100,0.3100,0.3000
KXBTC15M-26JUN090500-00,3,0.1600,0.1600,0.1500
KXBTC15M-26JUN090500-00,4,0.1700,0.1700,0.1600
KXBTC15M-26JUN090500-00,5,0.1900,0.1900,0.1800
KXBTC15M-26JUN090200-00,3,0.7300,0.7400,0.7300
KXBTC15M-26JUN090200-00,4,0.6500,0.6600,0.6500
KXBTC15M-26JUN090200-00,5,0.4300,0.4400,0.4300
KXBTC15M-26JUN090230-30,3,0.7300,0.7400,0.7200
KXBTC15M-26JUN090230-30,4,0.7000,0.7100,0.7000
KXBTC15M-26JUN090230-30,5,0.7500,0.7500,0.7400
KXBTC15M-26JUN090145-45,3,0.8500,0.8500,0.8400
KXBTC15M-26JUN090145-45,4,0.9370,0.9370,0.9340
KXBTC15M-26JUN090145-45,5,0.9260,0.9290,0.9270
KXBTC15M-26JUN090330-30,3,0.6600,0.6700,0.6600
KXBTC15M-26JUN090330-30,4,0.6200,0.6200,0.6100
KXBTC15M-26JUN090330-30,5,0.5500,0.5500,0.5400
KXBTC15M-26JUN090400-00,3,0.5100,0.5100,0.5000
KXBTC15M-26JUN090400-00,4,0.4500,0.4600,0.4500
KXBTC15M-26JUN090400-00,5,0.5400,0.5300,0.5200
KXBTC15M-26JUN090045-45,3,0.8200,0.8200,0.8100
KXBTC15M-26JUN090045-45,4,0.9700,0.9720,0.9710
KXBTC15M-26JUN090045-45,5,0.9800,0.9810,0.9800
KXBTC15M-26JUN090115-15,3,0.4700,0.4800,0.4700
KXBTC15M-26JUN090115-15,4,0.5500,0.5600,0.5500
KXBTC15M-26JUN090115-15,5,0.4900,0.4900,0.4800
KXBTC15M-26JUN090030-30,3,0.2900,0.3000,0.2900
KXBTC15M-26JUN090030-30,4,0.2100,0.2100,0.2000
KXBTC15M-26JUN090030-30,5,0.3700,0.3800,0.3700
KXBTC15M-26JUN090215-15,3,0.3700,0.3800,0.3700
KXBTC15M-26JUN090215-15,4,0.5200,0.5200,0.5100
KXBTC15M-26JUN090215-15,5,0.6700,0.6800,0.6700
KXBTC15M-26JUN090000-00,3,0.4500,0.4500,0.4400
KXBTC15M-26JUN090000-00,4,0.6300,0.6300,0.6200
KXBTC15M-26JUN090000-00,5,0.4700,0.4700,0.4600
KXBTC15M-26JUN090130-30,3,0.7600,0.7700,0.7600
KXBTC15M-26JUN090130-30,4,0.7700,0.7800,0.7700
KXBTC15M-26JUN090130-30,5,0.8100,0.8100,0.8000
KXBTC15M-26JUN082345-45,3,0.1700,0.1700,0.1600
KXBTC15M-26JUN082345-45,4,0.1200,0.1200,0.1100
KXBTC15M-26JUN082345-45,5,0.2400,0.2400,0.2300
KXBTC15M-26JUN082245-45,3,0.5600,0.5700,0.5600
KXBTC15M-26JUN082245-45,4,0.4200,0.4100,0.4000
KXBTC15M-26JUN082245-45,5,0.1300,0.1400,0.1300
KXBTC15M-26JUN082230-30,3,0.1300,0.1300,0.1200
KXBTC15M-26JUN082230-30,4,0.0870,0.0880,0.0870
KXBTC15M-26JUN082230-30,5,0.0630,0.0640,0.0630
KXBTC15M-26JUN082300-00,3,0.8500,0.8600,0.8500
KXBTC15M-26JUN082300-00,4,0.8500,0.8600,0.8500
KXBTC15M-26JUN082300-00,5,0.7700,0.7700,0.7600
KXBTC15M-26JUN082315-15,3,0.3600,0.3800,0.3600
KXBTC15M-26JUN082315-15,4,0.5000,0.5100,0.5000
KXBTC15M-26JUN082315-15,5,0.4600,0.4700,0.4600
KXBTC15M-26JUN082130-30,3,0.6100,0.6200,0.6100
KXBTC15M-26JUN082130-30,4,0.4600,0.4600,0.4500
KXBTC15M-26JUN082130-30,5,0.6400,0.6500,0.6400
KXBTC15M-26JUN082200-00,3,0.8400,0.8400,0.8300
KXBTC15M-26JUN082200-00,4,0.7200,0.7200,0.7100
KXBTC15M-26JUN082200-00,5,0.6900,0.6900,0.6800
KXBTC15M-26JUN082145-45,3,0.4600,0.4700,0.4600
KXBTC15M-26JUN082145-45,4,0.6600,0.6600,0.6500
KXBTC15M-26JUN082145-45,5,0.4100,0.4200,0.4100
KXBTC15M-26JUN082030-30,3,0.6200,0.6300,0.6200
KXBTC15M-26JUN082030-30,4,0.5000,0.5000,0.4900
KXBTC15M-26JUN082030-30,5,0.6200,0.6200,0.6100
KXBTC15M-26JUN082045-45,3,0.2900,0.3000,0.2900
KXBTC15M-26JUN082045-45,4,0.4800,0.4800,0.4600
KXBTC15M-26JUN082045-45,5,0.3400,0.3600,0.3500
KXBTC15M-26JUN082000-00,3,0.1500,0.1600,0.1500
KXBTC15M-26JUN082000-00,4,0.1600,0.1700,0.1600
KXBTC15M-26JUN082000-00,5,0.1900,0.1900,0.1800
KXBTC15M-26JUN081930-30,3,0.0250,0.0250,0.0240
KXBTC15M-26JUN081930-30,4,0.0270,0.0270,0.0260
KXBTC15M-26JUN081930-30,5,0.0260,0.0260,0.0250
KXBTC15M-26JUN082015-15,3,0.4900,0.5000,0.4900
KXBTC15M-26JUN082015-15,4,0.3200,0.3300,0.3200
KXBTC15M-26JUN082015-15,5,0.3800,0.3800,0.3700
KXBTC15M-26JUN081845-45,3,0.1700,0.1800,0.1700
KXBTC15M-26JUN081845-45,4,0.2900,0.2900,0.2800
KXBTC15M-26JUN081845-45,5,0.3700,0.3700,0.3600
KXBTC15M-26JUN081945-45,3,0.1700,0.1700,0.1600
KXBTC15M-26JUN081945-45,4,0.2600,0.2500,0.2400
KXBTC15M-26JUN081945-45,5,0.2000,0.2000,0.1900
KXBTC15M-26JUN081800-00,3,0.3800,0.3800,0.3600
KXBTC15M-26JUN081800-00,4,0.3600,0.3600,0.3500
KXBTC15M-26JUN081800-00,5,0.3400,0.3500,0.3400
KXBTC15M-26JUN081815-15,3,0.0900,0.0930,0.0890
KXBTC15M-26JUN081815-15,4,0.1100,0.1100,0.0980
KXBTC15M-26JUN081815-15,5,0.0660,0.0690,0.0660
KXBTC15M-26JUN081715-15,3,0.8600,0.8600,0.8500
KXBTC15M-26JUN081715-15,4,0.8900,0.8900,0.8800
KXBTC15M-26JUN081715-15,5,0.9000,0.9000,0.8900
KXBTC15M-26JUN082330-30,3,0.6400,0.6500,0.6400
KXBTC15M-26JUN082330-30,4,0.3600,0.3800,0.3600
KXBTC15M-26JUN082330-30,5,0.4500,0.4500,0.4400
KXBTC15M-26JUN081645-45,3,0.7900,0.7900,0.7800
KXBTC15M-26JUN081645-45,4,0.8100,0.8100,0.7900
KXBTC15M-26JUN081645-45,5,0.8400,0.8500,0.8400
KXBTC15M-26JUN081700-00,3,0.5800,0.5800,0.5700
KXBTC15M-26JUN081700-00,4,0.6600,0.6600,0.6500
KXBTC15M-26JUN081700-00,5,0.5500,0.5600,0.5500
KXBTC15M-26JUN081615-15,3,0.5100,0.5200,0.5100
KXBTC15M-26JUN081615-15,4,0.4600,0.4700,0.4600
KXBTC15M-26JUN081615-15,5,0.5900,0.6100,0.5900
KXBTC15M-26JUN081900-00,3,0.4100,0.4000,0.3900
KXBTC15M-26JUN081900-00,4,0.6200,0.6300,0.6200
KXBTC15M-26JUN081900-00,5,0.6200,0.6300,0.6200
KXBTC15M-26JUN081545-45,3,0.4700,0.4800,0.4700
KXBTC15M-26JUN081545-45,4,0.5800,0.5900,0.5800
KXBTC15M-26JUN081545-45,5,0.5500,0.5500,0.5400
KXBTC15M-26JUN081600-00,3,0.4800,0.4900,0.4800
KXBTC15M-26JUN081600-00,4,0.5700,0.5800,0.5700
KXBTC15M-26JUN081600-00,5,0.6200,0.6300,0.6200
KXBTC15M-26JUN081515-15,3,0.7900,0.8000,0.7900
KXBTC15M-26JUN081515-15,4,0.7200,0.7300,0.7200
KXBTC15M-26JUN081515-15,5,0.6800,0.6900,0.6800
KXBTC15M-26JUN082115-15,3,0.7900,0.7900,0.7800
KXBTC15M-26JUN082115-15,4,0.7500,0.7500,0.7400
KXBTC15M-26JUN082115-15,5,0.8300,0.8400,0.8300
KXBTC15M-26JUN081500-00,3,0.1100,0.1200,0.1100
KXBTC15M-26JUN081500-00,4,0.1100,0.1200,0.1100
KXBTC15M-26JUN081500-00,5,0.0580,0.0590,0.0580
KXBTC15M-26JUN081430-30,3,0.3000,0.3100,0.3000
KXBTC15M-26JUN081430-30,4,0.3700,0.3800,0.3700
KXBTC15M-26JUN081430-30,5,0.2800,0.2800,0.2700
KXBTC15M-26JUN081445-45,3,0.3600,0.3700,0.3600
KXBTC15M-26JUN081445-45,4,0.1500,0.1500,0.1400
KXBTC15M-26JUN081445-45,5,0.1100,0.1200,0.1100
KXBTC15M-26JUN081345-45,3,0.0710,0.0720,0.0710
KXBTC15M-26JUN081345-45,4,0.0860,0.0870,0.0840
KXBTC15M-26JUN081345-45,5,0.0340,0.0370,0.0360
KXBTC15M-26JUN081415-15,3,0.7100,0.7200,0.7100
KXBTC15M-26JUN081415-15,4,0.7300,0.7400,0.7300
KXBTC15M-26JUN081415-15,5,0.8200,0.8200,0.8100
KXBTC15M-26JUN081400-00,3,0.6900,0.6900,0.6800
KXBTC15M-26JUN081400-00,4,0.8300,0.8300,0.8200
KXBTC15M-26JUN081400-00,5,0.8700,0.8700,0.8600
KXBTC15M-26JUN081915-15,3,0.4200,0.4300,0.4200
KXBTC15M-26JUN081915-15,4,0.4300,0.4300,0.4200
KXBTC15M-26JUN081915-15,5,0.3400,0.3400,0.3300
KXBTC15M-26JUN081245-45,3,0.1500,0.1700,0.1600
KXBTC15M-26JUN081245-45,4,0.0620,0.0620,0.0610
KXBTC15M-26JUN081245-45,5,0.0640,0.0640,0.0630
KXBTC15M-26JUN081230-30,3,0.8100,0.8200,0.8100
KXBTC15M-26JUN081230-30,4,0.8400,0.8400,0.8300
KXBTC15M-26JUN081230-30,5,0.8900,0.8900,0.8800
KXBTC15M-26JUN081215-15,3,0.6500,0.6700,0.6500
KXBTC15M-26JUN081215-15,4,0.7700,0.7800,0.7700
KXBTC15M-26JUN081215-15,5,0.8500,0.8500,0.8400
KXBTC15M-26JUN081745-45,3,0.4300,0.4400,0.4300
KXBTC15M-26JUN081745-45,4,0.3900,0.4100,0.3900
KXBTC15M-26JUN081745-45,5,0.5700,0.5700,0.5600
KXBTC15M-26JUN081115-15,3,0.5300,0.5500,0.5300
KXBTC15M-26JUN081115-15,4,0.4500,0.4600,0.4500
KXBTC15M-26JUN081115-15,5,0.5300,0.5300,0.5200
KXBTC15M-26JUN081100-00,3,0.5500,0.5600,0.5500
KXBTC15M-26JUN081100-00,4,0.4000,0.4000,0.3900
KXBTC15M-26JUN081100-00,5,0.4600,0.4700,0.4600
KXBTC15M-26JUN081130-30,3,0.2200,0.2200,0.2100
KXBTC15M-26JUN081130-30,4,0.4600,0.4700,0.4600
KXBTC15M-26JUN081130-30,5,0.2800,0.2900,0.2800
KXBTC15M-26JUN081030-30,3,0.3000,0.3100,0.3000
KXBTC15M-26JUN081030-30,4,0.3600,0.3700,0.3600
KXBTC15M-26JUN081030-30,5,0.3000,0.3000,0.2900
KXBTC15M-26JUN081315-15,3,0.1100,0.1100,0.1000
KXBTC15M-26JUN081315-15,4,0.4000,0.4000,0.3900
KXBTC15M-26JUN081315-15,5,0.6400,0.6400,0.6300
KXBTC15M-26JUN081300-00,3,0.4500,0.4500,0.4400
KXBTC15M-26JUN081300-00,4,0.3500,0.3600,0.3500
KXBTC15M-26JUN081300-00,5,0.3100,0.3100,0.3000
KXBTC15M-26JUN080930-30,3,0.2300,0.2400,0.2300
KXBTC15M-26JUN080930-30,4,0.3400,0.3600,0.3400
KXBTC15M-26JUN080930-30,5,0.3200,0.3200,0.3100
KXBTC15M-26JUN080945-45,3,0.2100,0.2100,0.2000
KXBTC15M-26JUN080945-45,4,0.3000,0.3100,0.3000
KXBTC15M-26JUN080945-45,5,0.6400,0.6500,0.6400
KXBTC15M-26JUN081200-00,3,0.3500,0.3500,0.3400
KXBTC15M-26JUN081200-00,4,0.3800,0.3900,0.3800
KXBTC15M-26JUN081200-00,5,0.4300,0.4500,0.4300
KXBTC15M-26JUN080845-45,3,0.7200,0.7300,0.7200
KXBTC15M-26JUN080845-45,4,0.8000,0.7900,0.7700
KXBTC15M-26JUN080845-45,5,0.8600,0.8700,0.8600
KXBTC15M-26JUN080815-15,3,0.0670,0.0680,0.0650
KXBTC15M-26JUN080815-15,4,0.0290,0.0290,0.0260
KXBTC15M-26JUN080815-15,5,0.0260,0.0260,0.0230
KXBTC15M-26JUN081045-45,3,0.6800,0.6800,0.6700
KXBTC15M-26JUN081045-45,4,0.7200,0.7100,0.7000
KXBTC15M-26JUN081045-45,5,0.5900,0.5900,0.5800
KXBTC15M-26JUN080745-45,3,0.3700,0.3800,0.3700
KXBTC15M-26JUN080745-45,4,0.4400,0.4500,0.4400
KXBTC15M-26JUN080745-45,5,0.7300,0.7400,0.7300
KXBTC15M-26JUN080830-30,3,0.5300,0.5300,0.5200
KXBTC15M-26JUN080830-30,4,0.4500,0.4600,0.4500
KXBTC15M-26JUN080830-30,5,0.5700,0.5800,0.5700
KXBTC15M-26JUN080700-00,3,0.2500,0.2600,0.2500
KXBTC15M-26JUN080700-00,4,0.1800,0.1800,0.1700
KXBTC15M-26JUN080700-00,5,0.2200,0.2300,0.2200
KXBTC15M-26JUN080730-30,3,0.7700,0.7900,0.7800
KXBTC15M-26JUN080730-30,4,0.8800,0.8900,0.8800
KXBTC15M-26JUN080730-30,5,0.8100,0.8100,0.8000
KXBTC15M-26JUN080630-30,3,0.2000,0.2000,0.1900
KXBTC15M-26JUN080630-30,4,0.1100,0.1100,0.1000
KXBTC15M-26JUN080630-30,5,0.1600,0.1600,0.1500
KXBTC15M-26JUN080915-15,3,0.3700,0.3700,0.3600
KXBTC15M-26JUN080915-15,4,0.2700,0.2700,0.2600
KXBTC15M-26JUN080915-15,5,0.2500,0.2500,0.2400
KXBTC15M-26JUN081145-45,3,0.2900,0.2900,0.2800
KXBTC15M-26JUN081145-45,4,0.1800,0.1800,0.1600
KXBTC15M-26JUN081145-45,5,0.1200,0.1200,0.1100
KXBTC15M-26JUN080615-15,3,0.3800,0.3800,0.3600
KXBTC15M-26JUN080615-15,4,0.3600,0.3800,0.3700
KXBTC15M-26JUN080615-15,5,0.3200,0.3300,0.3200
KXBTC15M-26JUN080515-15,3,0.8200,0.8300,0.8200
KXBTC15M-26JUN080515-15,4,0.8200,0.8300,0.8200
KXBTC15M-26JUN080515-15,5,0.9000,0.9010,0.9000
KXBTC15M-26JUN080530-30,3,0.8800,0.8900,0.8800
KXBTC15M-26JUN080530-30,4,0.8900,0.9000,0.8900
KXBTC15M-26JUN080530-30,5,0.9430,0.9430,0.9420
KXBTC15M-26JUN080500-00,3,0.4100,0.4300,0.4100
KXBTC15M-26JUN080500-00,4,0.2600,0.2700,0.2500
KXBTC15M-26JUN080500-00,5,0.1900,0.1900,0.1800
KXBTC15M-26JUN080430-30,3,0.3400,0.3500,0.3400
KXBTC15M-26JUN080430-30,4,0.3400,0.3500,0.3400
KXBTC15M-26JUN080430-30,5,0.1600,0.1700,0.1600
KXBTC15M-26JUN080415-15,3,0.2500,0.2500,0.2400
KXBTC15M-26JUN080415-15,4,0.1600,0.1600,0.1500
KXBTC15M-26JUN080415-15,5,0.1700,0.1800,0.1700
KXBTC15M-26JUN080645-45,3,0.6600,0.6700,0.6600
KXBTC15M-26JUN080645-45,4,0.9000,0.9030,0.8900
KXBTC15M-26JUN080645-45,5,0.8700,0.8800,0.8700
KXBTC15M-26JUN080400-00,3,0.9270,0.9270,0.9260
KXBTC15M-26JUN080400-00,4,0.9300,0.9340,0.9300
KXBTC15M-26JUN080400-00,5,0.9360,0.9380,0.9360
KXBTC15M-26JUN080315-15,3,0.3800,0.3800,0.3700
KXBTC15M-26JUN080315-15,4,0.1300,0.1400,0.1300
KXBTC15M-26JUN080315-15,5,0.0920,0.0920,0.0910
KXBTC15M-26JUN080300-00,3,0.3000,0.3000,0.2900
KXBTC15M-26JUN080300-00,4,0.3300,0.3400,0.3300
KXBTC15M-26JUN080300-00,5,0.2600,0.2700,0.2600
KXBTC15M-26JUN080445-45,3,0.6000,0.6100,0.6000
KXBTC15M-26JUN080445-45,4,0.8200,0.8200,0.8000
KXBTC15M-26JUN080445-45,5,0.7300,0.7400,0.7300
KXBTC15M-26JUN080215-15,3,0.8300,0.8300,0.8200
KXBTC15M-26JUN080215-15,4,0.8600,0.8600,0.8500
KXBTC15M-26JUN080215-15,5,0.7800,0.7900,0.7800
KXBTC15M-26JUN080245-45,3,0.5700,0.5700,0.5600
KXBTC15M-26JUN080245-45,4,0.3100,0.3200,0.3100
KXBTC15M-26JUN080245-45,5,0.2800,0.2800,0.2700
KXBTC15M-26JUN080145-45,3,0.3400,0.3500,0.3400
KXBTC15M-26JUN080145-45,4,0.2300,0.2400,0.2300
KXBTC15M-26JUN080145-45,5,0.0980,0.0980,0.0970
KXBTC15M-26JUN080715-15,3,0.2500,0.2600,0.2500
KXBTC15M-26JUN080715-15,4,0.2700,0.2700,0.2600
KXBTC15M-26JUN080715-15,5,0.3500,0.3500,0.3400
KXBTC15M-26JUN080200-00,3,0.7200,0.7300,0.7200
KXBTC15M-26JUN080200-00,4,0.6500,0.6600,0.6500
KXBTC15M-26JUN080200-00,5,0.8500,0.8500,0.8400
KXBTC15M-26JUN080100-00,3,0.8200,0.8200,0.8100
KXBTC15M-26JUN080100-00,4,0.8700,0.8700,0.8600
KXBTC15M-26JUN080100-00,5,0.8600,0.8700,0.8600
KXBTC15M-26JUN080045-45,3,0.3000,0.3100,0.3000
KXBTC15M-26JUN080045-45,4,0.2100,0.2100,0.2000
KXBTC15M-26JUN080045-45,5,0.1300,0.1300,0.1200
KXBTC15M-26JUN080030-30,3,0.6200,0.6300,0.6200
KXBTC15M-26JUN080030-30,4,0.3000,0.3000,0.2900
KXBTC15M-26JUN080030-30,5,0.2000,0.2000,0.1900
KXBTC15M-26JUN080230-30,3,0.7800,0.7900,0.7800
KXBTC15M-26JUN080230-30,4,0.7900,0.8000,0.7900
KXBTC15M-26JUN080230-30,5,0.7500,0.7500,0.7400
KXBTC15M-26JUN072345-45,3,0.5200,0.5300,0.5200
KXBTC15M-26JUN072345-45,4,0.5800,0.5800,0.5700
KXBTC15M-26JUN072345-45,5,0.5600,0.5700,0.5600
KXBTC15M-26JUN080015-15,3,0.1800,0.1900,0.1700
KXBTC15M-26JUN080015-15,4,0.1800,0.1900,0.1800
KXBTC15M-26JUN080015-15,5,0.1100,0.1100,0.1000
KXBTC15M-26JUN072300-00,3,0.2700,0.2700,0.2600
KXBTC15M-26JUN072300-00,4,0.5000,0.5100,0.5000
KXBTC15M-26JUN072300-00,5,0.7100,0.7200,0.7100
KXBTC15M-26JUN072330-30,3,0.3300,0.3300,0.3200
KXBTC15M-26JUN072330-30,4,0.3100,0.3200,0.3100
KXBTC15M-26JUN072330-30,5,0.4800,0.4800,0.4700
KXBTC15M-26JUN080130-30,3,0.7800,0.7900,0.7800
KXBTC15M-26JUN080130-30,4,0.7400,0.7400,0.7300
KXBTC15M-26JUN080130-30,5,0.6800,0.6800,0.6700
KXBTC15M-26JUN072215-15,3,0.4300,0.4300,0.4200
KXBTC15M-26JUN072215-15,4,0.3000,0.3000,0.2900
KXBTC15M-26JUN072215-15,5,0.2500,0.2600,0.2500
KXBTC15M-26JUN072245-45,3,0.3100,0.3100,0.3000
KXBTC15M-26JUN072245-45,4,0.2600,0.2600,0.2500
KXBTC15M-26JUN072245-45,5,0.1500,0.1500,0.1400
KXBTC15M-26JUN072115-15,3,0.1800,0.1800,0.1700
KXBTC15M-26JUN072115-15,4,0.1200,0.1200,0.1100
KXBTC15M-26JUN072115-15,5,0.0770,0.0790,0.0740
KXBTC15M-26JUN072145-45,3,0.7300,0.7300,0.7200
KXBTC15M-26JUN072145-45,4,0.8500,0.8500,0.8400
KXBTC15M-26JUN072145-45,5,0.9000,0.9000,0.8900
KXBTC15M-26JUN072045-45,3,0.5600,0.5600,0.5500
KXBTC15M-26JUN072045-45,4,0.4600,0.4600,0.4500
KXBTC15M-26JUN072045-45,5,0.5900,0.6000,0.5900
KXBTC15M-26JUN072130-30,3,0.4600,0.4600,0.4500
KXBTC15M-26JUN072130-30,4,0.3900,0.4000,0.3900
KXBTC15M-26JUN072130-30,5,0.1800,0.1900,0.1800
KXBTC15M-26JUN072030-30,3,0.6100,0.6100,0.6000
KXBTC15M-26JUN072030-30,4,0.4500,0.4600,0.4500
KXBTC15M-26JUN072030-30,5,0.5500,0.5600,0.5500
KXBTC15M-26JUN072015-15,3,0.3700,0.3800,0.3700
KXBTC15M-26JUN072015-15,4,0.4400,0.4500,0.4400
KXBTC15M-26JUN072015-15,5,0.2200,0.2200,0.2100
KXBTC15M-26JUN072000-00,3,0.7800,0.7900,0.7800
KXBTC15M-26JUN072000-00,4,0.3600,0.3600,0.3500
KXBTC15M-26JUN072000-00,5,0.3600,0.3600,0.3500
KXBTC15M-26JUN071945-45,3,0.5000,0.5000,0.4800
KXBTC15M-26JUN071945-45,4,0.4500,0.4500,0.4400
KXBTC15M-26JUN071945-45,5,0.2300,0.2300,0.2200
KXBTC15M-26JUN080115-15,3,0.6000,0.6100,0.6000
KXBTC15M-26JUN080115-15,4,0.4800,0.4800,0.4700
KXBTC15M-26JUN080115-15,5,0.3100,0.3100,0.3000
KXBTC15M-26JUN071930-30,3,0.1900,0.1900,0.1800
KXBTC15M-26JUN071930-30,4,0.2500,0.2500,0.2400
KXBTC15M-26JUN071930-30,5,0.3900,0.3900,0.3800
KXBTC15M-26JUN071915-15,3,0.4200,0.4200,0.4100
KXBTC15M-26JUN071915-15,4,0.4200,0.4200,0.4100
KXBTC15M-26JUN071915-15,5,0.3800,0.3800,0.3700
KXBTC15M-26JUN080000-00,3,0.3300,0.3300,0.3200
KXBTC15M-26JUN080000-00,4,0.3800,0.3800,0.3700
KXBTC15M-26JUN080000-00,5,0.3000,0.3100,0.3000
KXBTC15M-26JUN071830-30,3,0.8500,0.8600,0.8500
KXBTC15M-26JUN071830-30,4,0.7800,0.7800,0.7700
KXBTC15M-26JUN071830-30,5,0.7400,0.7500,0.7400
KXBTC15M-26JUN071815-15,3,0.6500,0.6600,0.6500
KXBTC15M-26JUN071815-15,4,0.5700,0.5700,0.5600
KXBTC15M-26JUN071815-15,5,0.5700,0.5700,0.5600
KXBTC15M-26JUN072315-15,3,0.2300,0.2400,0.2300
KXBTC15M-26JUN072315-15,4,0.1700,0.1700,0.1600
KXBTC15M-26JUN072315-15,5,0.1300,0.1300,0.1200
KXBTC15M-26JUN071630-30,3,0.5100,0.5200,0.5100
KXBTC15M-26JUN071630-30,4,0.5300,0.5500,0.5300
KXBTC15M-26JUN071630-30,5,0.7000,0.7000,0.6800
KXBTC15M-26JUN071745-45,3,0.4900,0.4900,0.4800
KXBTC15M-26JUN071745-45,4,0.3300,0.3400,0.3300
KXBTC15M-26JUN071745-45,5,0.5300,0.5500,0.5400
KXBTC15M-26JUN071900-00,3,0.3700,0.3800,0.3700
KXBTC15M-26JUN071900-00,4,0.5300,0.5300,0.5200
KXBTC15M-26JUN071900-00,5,0.5000,0.5100,0.5000
KXBTC15M-26JUN072200-00,3,0.5200,0.5300,0.5200
KXBTC15M-26JUN072200-00,4,0.4400,0.4400,0.4300
KXBTC15M-26JUN072200-00,5,0.2500,0.2500,0.2400
KXBTC15M-26JUN071615-15,3,0.8200,0.8200,0.8100
KXBTC15M-26JUN071615-15,4,0.8900,0.9000,0.8900
KXBTC15M-26JUN071615-15,5,0.9110,0.9130,0.9110
KXBTC15M-26JUN071515-15,3,0.0800,0.0810,0.0800
KXBTC15M-26JUN071515-15,4,0.1100,0.1200,0.1100
KXBTC15M-26JUN071515-15,5,0.0600,0.0610,0.0600
KXBTC15M-26JUN072100-00,3,0.3100,0.3200,0.3100
KXBTC15M-26JUN072100-00,4,0.4600,0.4700,0.4600
KXBTC15M-26JUN072100-00,5,0.3300,0.3300,0.3100
KXBTC15M-26JUN071500-00,3,0.5800,0.5800,0.5700
KXBTC15M-26JUN071500-00,4,0.2100,0.2100,0.2000
KXBTC15M-26JUN071500-00,5,0.1100,0.1200,0.1100
KXBTC15M-26JUN071700-00,3,0.5700,0.5800,0.5700
KXBTC15M-26JUN071700-00,4,0.6700,0.6700,0.6600
KXBTC15M-26JUN071700-00,5,0.8000,0.8100,0.8000
KXBTC15M-26JUN071430-30,3,0.1500,0.1500,0.1400
KXBTC15M-26JUN071430-30,4,0.1500,0.1500,0.1400
KXBTC15M-26JUN071430-30,5,0.1500,0.1600,0.1500
KXBTC15M-26JUN071400-00,3,0.1300,0.1400,0.1300
KXBTC15M-26JUN071400-00,4,0.3400,0.3500,0.3400
KXBTC15M-26JUN071400-00,5,0.2800,0.3000,0.2800
KXBTC15M-26JUN071345-45,3,0.4600,0.4500,0.4400
KXBTC15M-26JUN071345-45,4,0.5400,0.5400,0.5200
KXBTC15M-26JUN071345-45,5,0.6000,0.6000,0.5900
KXBTC15M-26JUN071330-30,3,0.4900,0.5100,0.5000
KXBTC15M-26JUN071330-30,4,0.4600,0.4700,0.4600
KXBTC15M-26JUN071330-30,5,0.5300,0.5300,0.5200
KXBTC15M-26JUN071545-45,3,0.3200,0.3300,0.3200
KXBTC15M-26JUN071545-45,4,0.1900,0.2000,0.1900
KXBTC15M-26JUN071545-45,5,0.1300,0.1400,0.1300
KXBTC15M-26JUN071315-15,3,0.7300,0.7400,0.7300
KXBTC15M-26JUN071315-15,4,0.9020,0.9010,0.9000
KXBTC15M-26JUN071315-15,5,0.8600,0.8700,0.8600
KXBTC15M-26JUN071245-45,3,0.7400,0.7400,0.7300
KXBTC15M-26JUN071245-45,4,0.7500,0.7500,0.7400
KXBTC15M-26JUN071245-45,5,0.6500,0.6600,0.6500
KXBTC15M-26JUN071800-00,3,0.5400,0.5500,0.5400
KXBTC15M-26JUN071800-00,4,0.5500,0.5600,0.5500
KXBTC15M-26JUN071800-00,5,0.3400,0.3500,0.3400
KXBTC15M-26JUN071215-15,3,0.3800,0.3800,0.3700
KXBTC15M-26JUN071215-15,4,0.2600,0.2700,0.2600
KXBTC15M-26JUN071215-15,5,0.2500,0.2500,0.2400
KXBTC15M-26JUN071230-30,3,0.6000,0.6000,0.5900
KXBTC15M-26JUN071230-30,4,0.6400,0.6500,0.6300
KXBTC15M-26JUN071230-30,5,0.8000,0.8000,0.7900
KXBTC15M-26JUN071415-15,3,0.6800,0.6800,0.6700
KXBTC15M-26JUN071415-15,4,0.4800,0.4900,0.4800
KXBTC15M-26JUN071415-15,5,0.6000,0.6100,0.6000
KXBTC15M-26JUN071130-30,3,0.4000,0.4000,0.3900
KXBTC15M-26JUN071130-30,4,0.3600,0.3600,0.3500
KXBTC15M-26JUN071130-30,5,0.2600,0.2600,0.2500
KXBTC15M-26JUN071600-00,3,0.5500,0.5500,0.5400
KXBTC15M-26JUN071600-00,4,0.9000,0.9000,0.8900
KXBTC15M-26JUN071600-00,5,0.7900,0.7900,0.7800
KXBTC15M-26JUN071115-15,3,0.1800,0.1900,0.1800
KXBTC15M-26JUN071115-15,4,0.1200,0.1200,0.1100
KXBTC15M-26JUN071115-15,5,0.0690,0.0690,0.0640
KXBTC15M-26JUN071300-00,3,0.5100,0.5200,0.5100
KXBTC15M-26JUN071300-00,4,0.6200,0.6200,0.6100
KXBTC15M-26JUN071300-00,5,0.6000,0.6100,0.6000
KXBTC15M-26JUN071030-30,3,0.8300,0.8400,0.8300
KXBTC15M-26JUN071030-30,4,0.8000,0.8100,0.8000
KXBTC15M-26JUN071030-30,5,0.9250,0.9300,0.9290
KXBTC15M-26JUN071045-45,3,0.8900,0.9000,0.8900
KXBTC15M-26JUN071045-45,4,0.8600,0.8700,0.8600
KXBTC15M-26JUN071045-45,5,0.8800,0.8900,0.8800
KXBTC15M-26JUN071015-15,3,0.6700,0.6700,0.6600
KXBTC15M-26JUN071015-15,4,0.6300,0.6300,0.6200
KXBTC15M-26JUN071015-15,5,0.7800,0.7800,0.7600
KXBTC15M-26JUN071200-00,3,0.2200,0.2200,0.2100
KXBTC15M-26JUN071200-00,4,0.2700,0.2700,0.2600
KXBTC15M-26JUN071200-00,5,0.2900,0.2800,0.2700
KXBTC15M-26JUN070945-45,3,0.4900,0.4900,0.4800
KXBTC15M-26JUN070945-45,4,0.5600,0.5700,0.5600
KXBTC15M-26JUN070945-45,5,0.3700,0.3700,0.3500
KXBTC15M-26JUN071100-00,3,0.1500,0.1500,0.1400
KXBTC15M-26JUN071100-00,4,0.1100,0.1100,0.1000
KXBTC15M-26JUN071100-00,5,0.1200,0.1300,0.1200
KXBTC15M-26JUN070930-30,3,0.4800,0.4900,0.4700
KXBTC15M-26JUN070930-30,4,0.3600,0.3700,0.3600
KXBTC15M-26JUN070930-30,5,0.4100,0.4200,0.4100
KXBTC15M-26JUN070815-15,3,0.3700,0.3600,0.3500
KXBTC15M-26JUN070815-15,4,0.5100,0.5100,0.4900
KXBTC15M-26JUN070815-15,5,0.5600,0.5700,0.5600
KXBTC15M-26JUN070845-45,3,0.2200,0.2200,0.2100
KXBTC15M-26JUN070845-45,4,0.2000,0.2000,0.1900
KXBTC15M-26JUN070845-45,5,0.2000,0.2200,0.2000
KXBTC15M-26JUN070830-30,3,0.2700,0.2700,0.2600
KXBTC15M-26JUN070830-30,4,0.3100,0.3100,0.3000
KXBTC15M-26JUN070830-30,5,0.4300,0.4300,0.4200
KXBTC15M-26JUN070745-45,3,0.3400,0.3400,0.3300
KXBTC15M-26JUN070745-45,4,0.2500,0.2600,0.2500
KXBTC15M-26JUN070745-45,5,0.4600,0.4700,0.4600
KXBTC15M-26JUN070645-45,3,0.1700,0.1700,0.1600
KXBTC15M-26JUN070645-45,4,0.3400,0.3400,0.3300
KXBTC15M-26JUN070645-45,5,0.3400,0.3500,0.3400
KXBTC15M-26JUN070915-15,3,0.2700,0.2800,0.2700
KXBTC15M-26JUN070915-15,4,0.1800,0.1900,0.1800
KXBTC15M-26JUN070915-15,5,0.1400,0.1400,0.1300
KXBTC15M-26JUN070700-00,3,0.4400,0.4400,0.4300
KXBTC15M-26JUN070700-00,4,0.7500,0.7600,0.7500
KXBTC15M-26JUN070700-00,5,0.5300,0.5300,0.5200
KXBTC15M-26JUN070600-00,3,0.1800,0.1800,0.1700
KXBTC15M-26JUN070600-00,4,0.2300,0.2400,0.2300
KXBTC15M-26JUN070600-00,5,0.4300,0.4400,0.4300
KXBTC15M-26JUN070515-15,3,0.3700,0.3800,0.3700
KXBTC15M-26JUN070515-15,4,0.4700,0.4700,0.4600
KXBTC15M-26JUN070515-15,5,0.5700,0.5800,0.5700
KXBTC15M-26JUN070545-45,3,0.1800,0.1900,0.1800
KXBTC15M-26JUN070545-45,4,0.1300,0.1400,0.1300
KXBTC15M-26JUN070545-45,5,0.1200,0.1200,0.1100
KXBTC15M-26JUN070530-30,3,0.4900,0.4900,0.4800
KXBTC15M-26JUN070530-30,4,0.4300,0.4200,0.4100
KXBTC15M-26JUN070530-30,5,0.2700,0.2800,0.2700
KXBTC15M-26JUN070415-15,3,0.5200,0.5300,0.5100
KXBTC15M-26JUN070415-15,4,0.4000,0.4100,0.4000
KXBTC15M-26JUN070415-15,5,0.2500,0.2600,0.2500
KXBTC15M-26JUN070715-15,3,0.6400,0.6500,0.6400
KXBTC15M-26JUN070715-15,4,0.5100,0.5200,0.5100
KXBTC15M-26JUN070715-15,5,0.6400,0.6400,0.6300
KXBTC15M-26JUN070445-45,3,0.2900,0.2900,0.2700
KXBTC15M-26JUN070445-45,4,0.3000,0.3000,0.2900
KXBTC15M-26JUN070445-45,5,0.4600,0.4700,0.4600
KXBTC15M-26JUN070430-30,3,0.4900,0.5000,0.4900
KXBTC15M-26JUN070430-30,4,0.6200,0.6200,0.6100
KXBTC15M-26JUN070430-30,5,0.5600,0.5600,0.5500
KXBTC15M-26JUN070330-30,3,0.3700,0.3800,0.3700
KXBTC15M-26JUN070330-30,4,0.5300,0.5400,0.5300
KXBTC15M-26JUN070330-30,5,0.4800,0.5100,0.4800
KXBTC15M-26JUN070345-45,3,0.6400,0.6400,0.6300
KXBTC15M-26JUN070345-45,4,0.5000,0.5400,0.5300
KXBTC15M-26JUN070345-45,5,0.6800,0.6700,0.6600
KXBTC15M-26JUN070500-00,3,0.9160,0.9160,0.9150
KXBTC15M-26JUN070500-00,4,0.8900,0.8900,0.8800
KXBTC15M-26JUN070500-00,5,0.9100,0.9200,0.9130
KXBTC15M-26JUN070300-00,3,0.2700,0.2800,0.2700
KXBTC15M-26JUN070300-00,4,0.2500,0.2600,0.2500
KXBTC15M-26JUN070300-00,5,0.2000,0.2100,0.2000
KXBTC15M-26JUN070245-45,3,0.8000,0.8100,0.8000
KXBTC15M-26JUN070245-45,4,0.8800,0.8800,0.8700
KXBTC15M-26JUN070245-45,5,0.8700,0.8800,0.8700
KXBTC15M-26JUN070800-00,3,0.6200,0.6100,0.6000
KXBTC15M-26JUN070800-00,4,0.7700,0.7700,0.7600
KXBTC15M-26JUN070800-00,5,0.4200,0.4300,0.4200
KXBTC15M-26JUN070115-15,3,0.2100,0.2200,0.2100
KXBTC15M-26JUN070115-15,4,0.2300,0.2300,0.2100
KXBTC15M-26JUN070115-15,5,0.1500,0.1500,0.1400
KXBTC15M-26JUN070145-45,3,0.2700,0.2700,0.2600
KXBTC15M-26JUN070145-45,4,0.4500,0.4600,0.4500
KXBTC15M-26JUN070145-45,5,0.5200,0.5300,0.5200
KXBTC15M-26JUN070045-45,3,0.7100,0.7100,0.7000
KXBTC15M-26JUN070045-45,4,0.8100,0.8100,0.8000
KXBTC15M-26JUN070045-45,5,0.8600,0.8700,0.8600
KXBTC15M-26JUN070100-00,3,0.8100,0.8100,0.8000
KXBTC15M-26JUN070100-00,4,0.8100,0.8100,0.8000
KXBTC15M-26JUN070100-00,5,0.8700,0.8700,0.8600
KXBTC15M-26JUN070015-15,3,0.1100,0.1100,0.1000
KXBTC15M-26JUN070015-15,4,0.1800,0.1800,0.1700
KXBTC15M-26JUN070015-15,5,0.1400,0.1500,0.1400
KXBTC15M-26JUN070230-30,3,0.7500,0.7600,0.7500
KXBTC15M-26JUN070230-30,4,0.8600,0.8700,0.8600
KXBTC15M-26JUN070230-30,5,0.7300,0.7400,0.7300
KXBTC15M-26JUN062345-45,3,0.3800,0.3800,0.3700
KXBTC15M-26JUN062345-45,4,0.3500,0.3500,0.3400
KXBTC15M-26JUN062345-45,5,0.4100,0.4100,0.4000
KXBTC15M-26JUN062330-30,3,0.8100,0.8200,0.8100
KXBTC15M-26JUN062330-30,4,0.9340,0.9340,0.9320
KXBTC15M-26JUN062330-30,5,0.8700,0.8800,0.8700
KXBTC15M-26JUN070200-00,3,0.4000,0.4000,0.3900
KXBTC15M-26JUN070200-00,4,0.3200,0.3300,0.3200
KXBTC15M-26JUN070200-00,5,0.2100,0.2100,0.2000
KXBTC15M-26JUN070130-30,3,0.8500,0.8500,0.8400
KXBTC15M-26JUN070130-30,4,0.7300,0.7300,0.7200
KXBTC15M-26JUN070130-30,5,0.3400,0.3500,0.3400
KXBTC15M-26JUN062245-45,3,0.7100,0.7200,0.7100
KXBTC15M-26JUN062245-45,4,0.6500,0.6500,0.6400
KXBTC15M-26JUN062245-45,5,0.4500,0.4500,0.4400
KXBTC15M-26JUN070030-30,3,0.7600,0.7600,0.7500
KXBTC15M-26JUN070030-30,4,0.8200,0.8300,0.8200
KXBTC15M-26JUN070030-30,5,0.7800,0.7800,0.7700
KXBTC15M-26JUN062215-15,3,0.4700,0.4800,0.4700
KXBTC15M-26JUN062215-15,4,0.3800,0.3800,0.3700
KXBTC15M-26JUN062215-15,5,0.5600,0.5600,0.5500
KXBTC15M-26JUN062230-30,3,0.1300,0.1400,0.1300
KXBTC15M-26JUN062230-30,4,0.1400,0.1400,0.1300
KXBTC15M-26JUN062230-30,5,0.0540,0.0550,0.0540
KXBTC15M-26JUN062115-15,3,0.9500,0.9520,0.9500
KXBTC15M-26JUN062115-15,4,0.9420,0.9490,0.9420
KXBTC15M-26JUN062115-15,5,0.9500,0.9500,0.9490
KXBTC15M-26JUN062100-00,3,0.4100,0.4200,0.4100
KXBTC15M-26JUN062100-00,4,0.3000,0.3100,0.3000
KXBTC15M-26JUN062100-00,5,0.4000,0.4100,0.4000
KXBTC15M-26JUN062315-15,3,0.2800,0.2900,0.2800
KXBTC15M-26JUN062315-15,4,0.3400,0.3400,0.3300
KXBTC15M-26JUN062315-15,5,0.4300,0.4300,0.4200
KXBTC15M-26JUN070215-15,3,0.2500,0.2600,0.2500
KXBTC15M-26JUN070215-15,4,0.1600,0.1700,0.1600
KXBTC15M-26JUN070215-15,5,0.1900,0.1900,0.1800
KXBTC15M-26JUN061930-30,3,0.2500,0.2500,0.2400
KXBTC15M-26JUN061930-30,4,0.1300,0.1300,0.1200
KXBTC15M-26JUN061930-30,5,0.2800,0.2700,0.2600
KXBTC15M-26JUN062200-00,3,0.7800,0.7800,0.7700
KXBTC15M-26JUN062200-00,4,0.5900,0.6000,0.5900
KXBTC15M-26JUN062200-00,5,0.4700,0.4700,0.4600
KXBTC15M-26JUN062015-15,3,0.6200,0.6300,0.6200
KXBTC15M-26JUN062015-15,4,0.6700,0.6800,0.6700
KXBTC15M-26JUN062015-15,5,0.4900,0.4900,0.4800
KXBTC15M-26JUN061900-00,3,0.6600,0.6700,0.6600
KXBTC15M-26JUN061900-00,4,0.7800,0.7800,0.7700
KXBTC15M-26JUN061900-00,5,0.8300,0.8400,0.8300
KXBTC15M-26JUN062130-30,3,0.9000,0.9000,0.8900
KXBTC15M-26JUN062130-30,4,0.7900,0.8200,0.8000
KXBTC15M-26JUN062130-30,5,0.5700,0.5700,0.5600
KXBTC15M-26JUN062145-45,3,0.2300,0.2400,0.2300
KXBTC15M-26JUN062145-45,4,0.2800,0.2900,0.2800
KXBTC15M-26JUN062145-45,5,0.4100,0.4100,0.4000
KXBTC15M-26JUN061815-15,3,0.2100,0.2200,0.2100
KXBTC15M-26JUN061815-15,4,0.3000,0.3000,0.2900
KXBTC15M-26JUN061815-15,5,0.1400,0.1400,0.1300
KXBTC15M-26JUN062045-45,3,0.8700,0.8800,0.8700
KXBTC15M-26JUN062045-45,4,0.8900,0.8900,0.8800
KXBTC15M-26JUN062045-45,5,0.9150,0.9090,0.9070
KXBTC15M-26JUN061715-15,3,0.5900,0.5900,0.5800
KXBTC15M-26JUN061715-15,4,0.5200,0.5200,0.5100
KXBTC15M-26JUN061715-15,5,0.6300,0.6300,0.6200
KXBTC15M-26JUN061800-00,3,0.6000,0.6000,0.5900
KXBTC15M-26JUN061800-00,4,0.5600,0.5700,0.5600
KXBTC15M-26JUN061800-00,5,0.5300,0.5200,0.5000
KXBTC15M-26JUN061945-45,3,0.5900,0.6000,0.5900
KXBTC15M-26JUN061945-45,4,0.6700,0.6900,0.6800
KXBTC15M-26JUN061945-45,5,0.6700,0.6800,0.6700
KXBTC15M-26JUN061630-30,3,0.6800,0.7000,0.6800
KXBTC15M-26JUN061630-30,4,0.4900,0.5000,0.4900
KXBTC15M-26JUN061630-30,5,0.4400,0.4400,0.4300
KXBTC15M-26JUN061645-45,3,0.7900,0.8000,0.7900
KXBTC15M-26JUN061645-45,4,0.8600,0.8800,0.8600
KXBTC15M-26JUN061645-45,5,0.8000,0.8100,0.8000
KXBTC15M-26JUN061845-45,3,0.7400,0.7400,0.7300
KXBTC15M-26JUN061845-45,4,0.7200,0.7300,0.7200
KXBTC15M-26JUN061845-45,5,0.8000,0.8100,0.8000
KXBTC15M-26JUN061545-45,3,0.5700,0.5700,0.5600
KXBTC15M-26JUN061545-45,4,0.5700,0.5800,0.5700
KXBTC15M-26JUN061545-45,5,0.2700,0.2700,0.2600
KXBTC15M-26JUN061745-45,3,0.7100,0.7200,0.7100
KXBTC15M-26JUN061745-45,4,0.8400,0.8500,0.8400
KXBTC15M-26JUN061745-45,5,0.7100,0.7100,0.7000
KXBTC15M-26JUN061600-00,3,0.5400,0.5400,0.5300
KXBTC15M-26JUN061600-00,4,0.5300,0.5400,0.5300
KXBTC15M-26JUN061600-00,5,0.5100,0.5200,0.5100
KXBTC15M-26JUN061515-15,3,0.2300,0.2300,0.2200
KXBTC15M-26JUN061515-15,4,0.2300,0.2300,0.2200
KXBTC15M-26JUN061515-15,5,0.4800,0.4900,0.4800
KXBTC15M-26JUN061700-00,3,0.2200,0.2200,0.2100
KXBTC15M-26JUN061700-00,4,0.2200,0.2300,0.2200
KXBTC15M-26JUN061700-00,5,0.3700,0.3700,0.3600
KXBTC15M-26JUN061430-30,3,0.3700,0.3600,0.3500
KXBTC15M-26JUN061430-30,4,0.3000,0.3100,0.3000
KXBTC15M-26JUN061430-30,5,0.3600,0.3600,0.3500
KXBTC15M-26JUN061500-00,3,0.3000,0.3000,0.2900
KXBTC15M-26JUN061500-00,4,0.2600,0.2600,0.2500
KXBTC15M-26JUN061500-00,5,0.1500,0.1500,0.1400
KXBTC15M-26JUN061400-00,3,0.3800,0.3800,0.3700
KXBTC15M-26JUN061400-00,4,0.2000,0.2000,0.1900
KXBTC15M-26JUN061400-00,5,0.1900,0.2000,0.1900
KXBTC15M-26JUN061615-15,3,0.3600,0.3600,0.3500
KXBTC15M-26JUN061615-15,4,0.2800,0.2800,0.2700
KXBTC15M-26JUN061615-15,5,0.2500,0.2500,0.2400
KXBTC15M-26JUN061830-30,3,0.8400,0.8400,0.8300
KXBTC15M-26JUN061830-30,4,0.8300,0.8400,0.8300
KXBTC15M-26JUN061830-30,5,0.8200,0.8300,0.8100
KXBTC15M-26JUN061530-30,3,0.2400,0.2400,0.2300
KXBTC15M-26JUN061530-30,4,0.1700,0.1700,0.1600
KXBTC15M-26JUN061530-30,5,0.1400,0.1300,0.1200
KXBTC15M-26JUN061230-30,3,0.5500,0.5500,0.5400
KXBTC15M-26JUN061230-30,4,0.4600,0.4700,0.4600
KXBTC15M-26JUN061230-30,5,0.3000,0.3000,0.2900
KXBTC15M-26JUN061445-45,3,0.1300,0.1300,0.1200
KXBTC15M-26JUN061445-45,4,0.1200,0.1200,0.1100
KXBTC15M-26JUN061445-45,5,0.0720,0.0720,0.0710
KXBTC15M-26JUN061245-45,3,0.3200,0.3300,0.3200
KXBTC15M-26JUN061245-45,4,0.2000,0.2100,0.2000
KXBTC15M-26JUN061245-45,5,0.3100,0.3100,0.3000
KXBTC15M-26JUN061200-00,3,0.1700,0.1800,0.1700
KXBTC15M-26JUN061200-00,4,0.2800,0.2800,0.2700
KXBTC15M-26JUN061200-00,5,0.3300,0.3300,0.3200
KXBTC15M-26JUN061415-15,3,0.4100,0.4100,0.4000
KXBTC15M-26JUN061415-15,4,0.5000,0.5000,0.4900
KXBTC15M-26JUN061415-15,5,0.3700,0.3700,0.3600
KXBTC15M-26JUN061115-15,3,0.1700,0.1700,0.1600
KXBTC15M-26JUN061115-15,4,0.1300,0.1400,0.1300
KXBTC15M-26JUN061115-15,5,0.0570,0.0570,0.0520
KXBTC15M-26JUN061145-45,3,0.5300,0.5400,0.5300
KXBTC15M-26JUN061145-45,4,0.6500,0.6600,0.6500
KXBTC15M-26JUN061145-45,5,0.7200,0.7300,0.7200
KXBTC15M-26JUN061130-30,3,0.1300,0.1300,0.1200
KXBTC15M-26JUN061130-30,4,0.1700,0.1700,0.1600
KXBTC15M-26JUN061130-30,5,0.1700,0.1700,0.1600
KXBTC15M-26JUN061030-30,3,0.6200,0.6400,0.6200
KXBTC15M-26JUN061030-30,4,0.7500,0.7500,0.7400
KXBTC15M-26JUN061030-30,5,0.7700,0.7800,0.7700
KXBTC15M-26JUN061045-45,3,0.7000,0.7000,0.6900
KXBTC15M-26JUN061045-45,4,0.7200,0.7300,0.7200
KXBTC15M-26JUN061045-45,5,0.8000,0.8000,0.7900
KXBTC15M-26JUN061000-00,3,0.3900,0.3900,0.3800
KXBTC15M-26JUN061000-00,4,0.3800,0.3800,0.3600
KXBTC15M-26JUN061000-00,5,0.3200,0.3300,0.3200
KXBTC15M-26JUN060900-00,3,0.7500,0.7500,0.7400
KXBTC15M-26JUN060900-00,4,0.8900,0.9000,0.8900
KXBTC15M-26JUN060900-00,5,0.8600,0.8700,0.8600
KXBTC15M-26JUN060945-45,3,0.2600,0.2600,0.2500
KXBTC15M-26JUN060945-45,4,0.2500,0.2600,0.2500
KXBTC15M-26JUN060945-45,5,0.3400,0.3400,0.3300
KXBTC15M-26JUN060915-15,3,0.4000,0.4000,0.3900
KXBTC15M-26JUN060915-15,4,0.6800,0.6900,0.6800
KXBTC15M-26JUN060915-15,5,0.6000,0.6000,0.5900
KXBTC15M-26JUN060830-30,3,0.2800,0.2800,0.2700
KXBTC15M-26JUN060830-30,4,0.2300,0.2200,0.2100
KXBTC15M-26JUN060830-30,5,0.1800,0.1800,0.1700
KXBTC15M-26JUN061100-00,3,0.4900,0.4900,0.4800
KXBTC15M-26JUN061100-00,4,0.5400,0.5500,0.5400
KXBTC15M-26JUN061100-00,5,0.6500,0.6500,0.6400
KXBTC15M-26JUN060745-45,3,0.5100,0.5100,0.5000
KXBTC15M-26JUN060745-45,4,0.6200,0.6400,0.6200
KXBTC15M-26JUN060745-45,5,0.6700,0.6700,0.6600
KXBTC15M-26JUN060815-15,3,0.8700,0.8800,0.8700
KXBTC15M-26JUN060815-15,4,0.8300,0.8600,0.8500
KXBTC15M-26JUN060815-15,5,0.8900,0.9000,0.8900
KXBTC15M-26JUN061315-15,3,0.4900,0.4900,0.4800
KXBTC15M-26JUN061315-15,4,0.6200,0.6300,0.6200
KXBTC15M-26JUN061315-15,5,0.3700,0.3800,0.3700
KXBTC15M-26JUN060730-30,3,0.8500,0.8600,0.8500
KXBTC15M-26JUN060730-30,4,0.7500,0.7600,0.7400
KXBTC15M-26JUN060730-30,5,0.6100,0.6300,0.6200
KXBTC15M-26JUN060930-30,3,0.3000,0.3100,0.3000
KXBTC15M-26JUN060930-30,4,0.2700,0.2700,0.2500
KXBTC15M-26JUN060930-30,5,0.4100,0.4200,0.4100
KXBTC15M-26JUN060615-15,3,0.1000,0.0950,0.0930
KXBTC15M-26JUN060615-15,4,0.1900,0.2000,0.1800
KXBTC15M-26JUN060615-15,5,0.0910,0.0970,0.0910
KXBTC15M-26JUN060845-45,3,0.5900,0.6000,0.5900
KXBTC15M-26JUN060845-45,4,0.6500,0.6400,0.6300
KXBTC15M-26JUN060845-45,5,0.8000,0.8000,0.7800
KXBTC15M-26JUN060630-30,3,0.4700,0.4700,0.4600
KXBTC15M-26JUN060630-30,4,0.2500,0.2500,0.2400
KXBTC15M-26JUN060630-30,5,0.1600,0.1700,0.1600
KXBTC15M-26JUN060530-30,3,0.5000,0.5000,0.4900
KXBTC15M-26JUN060530-30,4,0.3200,0.3200,0.3100
KXBTC15M-26JUN060530-30,5,0.1900,0.1900,0.1800
KXBTC15M-26JUN060600-00,3,0.1400,0.1400,0.1300
KXBTC15M-26JUN060600-00,4,0.1100,0.1000,0.0990
KXBTC15M-26JUN060600-00,5,0.1400,0.1400,0.1300
KXBTC15M-26JUN060715-15,3,0.8200,0.8300,0.8100
KXBTC15M-26JUN060715-15,4,0.8600,0.8700,0.8600
KXBTC15M-26JUN060715-15,5,0.7900,0.8000,0.7900
KXBTC15M-26JUN060515-15,3,0.2200,0.2200,0.2100
KXBTC15M-26JUN060515-15,4,0.3200,0.3300,0.3200
KXBTC15M-26JUN060515-15,5,0.1300,0.1300,0.1200
KXBTC15M-26JUN060445-45,3,0.3200,0.3300,0.3200
KXBTC15M-26JUN060445-45,4,0.2800,0.2900,0.2800
KXBTC15M-26JUN060445-45,5,0.2200,0.2200,0.2100
KXBTC15M-26JUN060415-15,3,0.2000,0.2100,0.2000
KXBTC15M-26JUN060415-15,4,0.2400,0.2500,0.2400
KXBTC15M-26JUN060415-15,5,0.5300,0.5200,0.5100
KXBTC15M-26JUN060430-30,3,0.2500,0.2500,0.2400
KXBTC15M-26JUN060430-30,4,0.3300,0.3500,0.3400
KXBTC15M-26JUN060430-30,5,0.5200,0.5300,0.5200
KXBTC15M-26JUN060345-45,3,0.6900,0.7000,0.6900
KXBTC15M-26JUN060345-45,4,0.8300,0.8400,0.8300
KXBTC15M-26JUN060345-45,5,0.8400,0.8500,0.8400
KXBTC15M-26JUN060400-00,3,0.5700,0.5800,0.5700
KXBTC15M-26JUN060400-00,4,0.5200,0.5300,0.5200
KXBTC15M-26JUN060400-00,5,0.3800,0.3800,0.3700
KXBTC15M-26JUN060545-45,3,0.4800,0.4900,0.4800
KXBTC15M-26JUN060545-45,4,0.3500,0.3500,0.3400
KXBTC15M-26JUN060545-45,5,0.2800,0.2900,0.2800
KXBTC15M-26JUN060330-30,3,0.4300,0.4500,0.4300
KXBTC15M-26JUN060330-30,4,0.3300,0.3300,0.3200
KXBTC15M-26JUN060330-30,5,0.2200,0.2400,0.2200
KXBTC15M-26JUN060800-00,3,0.7500,0.7500,0.7300
KXBTC15M-26JUN060800-00,4,0.7000,0.7100,0.6900
KXBTC15M-26JUN060800-00,5,0.7500,0.7500,0.7400
KXBTC15M-26JUN060200-00,3,0.7100,0.7100,0.7000
KXBTC15M-26JUN060200-00,4,0.7700,0.7800,0.7700
KXBTC15M-26JUN060200-00,5,0.8600,0.8700,0.8600
KXBTC15M-26JUN060130-30,3,0.6600,0.6700,0.6600
KXBTC15M-26JUN060130-30,4,0.8000,0.8100,0.8000
KXBTC15M-26JUN060130-30,5,0.8600,0.8700,0.8600
KXBTC15M-26JUN060215-15,3,0.8500,0.8500,0.8400
KXBTC15M-26JUN060215-15,4,0.8100,0.8100,0.8000
KXBTC15M-26JUN060215-15,5,0.8200,0.8200,0.8000
KXBTC15M-26JUN060145-45,3,0.3200,0.3200,0.3100
KXBTC15M-26JUN060145-45,4,0.2500,0.2600,0.2500
KXBTC15M-26JUN060145-45,5,0.6200,0.6200,0.6100
KXBTC15M-26JUN060045-45,3,0.1100,0.1200,0.1100
KXBTC15M-26JUN060045-45,4,0.0540,0.0540,0.0530
KXBTC15M-26JUN060045-45,5,0.1600,0.1700,0.1600
KXBTC15M-26JUN060030-30,3,0.5800,0.5800,0.5600
KXBTC15M-26JUN060030-30,4,0.3300,0.3300,0.3200
KXBTC15M-26JUN060030-30,5,0.4300,0.4200,0.4100
KXBTC15M-26JUN060300-00,3,0.6300,0.6400,0.6300
KXBTC15M-26JUN060300-00,4,0.4500,0.4500,0.4400
KXBTC15M-26JUN060300-00,5,0.3700,0.3800,0.3600
KXBTC15M-26JUN060245-45,3,0.4700,0.4800,0.4700
KXBTC15M-26JUN060245-45,4,0.3500,0.3600,0.3500
KXBTC15M-26JUN060245-45,5,0.5700,0.5700,0.5500
KXBTC15M-26JUN060230-30,3,0.2300,0.2300,0.2200
KXBTC15M-26JUN060230-30,4,0.2800,0.2800,0.2700
KXBTC15M-26JUN060230-30,5,0.4600,0.4700,0.4600
KXBTC15M-26JUN060000-00,3,0.4700,0.4800,0.4700
KXBTC15M-26JUN060000-00,4,0.5200,0.5300,0.5200
KXBTC15M-26JUN060000-00,5,0.7100,0.7200,0.7100
KXBTC15M-26JUN060115-15,3,0.1700,0.1600,0.1500
KXBTC15M-26JUN060115-15,4,0.1900,0.2000,0.1900
KXBTC15M-26JUN060115-15,5,0.1800,0.1800,0.1700
KXBTC15M-26JUN052315-15,3,0.2300,0.2400,0.2300
KXBTC15M-26JUN052315-15,4,0.1300,0.1400,0.1300
KXBTC15M-26JUN052315-15,5,0.1100,0.0990,0.0980
KXBTC15M-26JUN052245-45,3,0.7500,0.7600,0.7500
KXBTC15M-26JUN052245-45,4,0.8100,0.8200,0.8100
KXBTC15M-26JUN052245-45,5,0.7600,0.7600,0.7500
KXBTC15M-26JUN060015-15,3,0.6600,0.6600,0.6500
KXBTC15M-26JUN060015-15,4,0.6000,0.6100,0.6000
KXBTC15M-26JUN060015-15,5,0.1700,0.1900,0.1700
KXBTC15M-26JUN052230-30,3,0.1600,0.1700,0.1600
KXBTC15M-26JUN052230-30,4,0.1100,0.1100,0.0980
KXBTC15M-26JUN052230-30,5,0.1400,0.1400,0.1300
KXBTC15M-26JUN052200-00,3,0.6700,0.6700,0.6600
KXBTC15M-26JUN052200-00,4,0.5900,0.5900,0.5800
KXBTC15M-26JUN052200-00,5,0.3000,0.3100,0.3000
KXBTC15M-26JUN052130-30,3,0.5500,0.5700,0.5500
KXBTC15M-26JUN052130-30,4,0.3900,0.3900,0.3800
KXBTC15M-26JUN052130-30,5,0.2100,0.2100,0.2000
KXBTC15M-26JUN052145-45,3,0.5300,0.5400,0.5300
KXBTC15M-26JUN052145-45,4,0.4800,0.5000,0.4800
KXBTC15M-26JUN052145-45,5,0.2700,0.2700,0.2600
KXBTC15M-26JUN060315-15,3,0.6400,0.6500,0.6400
KXBTC15M-26JUN060315-15,4,0.4600,0.4700,0.4600
KXBTC15M-26JUN060315-15,5,0.6600,0.6700,0.6600
KXBTC15M-26JUN052000-00,3,0.5600,0.5800,0.5600
KXBTC15M-26JUN052000-00,4,0.5700,0.5800,0.5700
KXBTC15M-26JUN052000-00,5,0.8600,0.8600,0.8500
KXBTC15M-26JUN052115-15,3,0.7600,0.7700,0.7600
KXBTC15M-26JUN052115-15,4,0.7700,0.7700,0.7600
KXBTC15M-26JUN052115-15,5,0.7300,0.7400,0.7300
KXBTC15M-26JUN051930-30,3,0.1700,0.1700,0.1600
KXBTC15M-26JUN051930-30,4,0.1300,0.1300,0.1200
KXBTC15M-26JUN051930-30,5,0.0600,0.0600,0.0590
KXBTC15M-26JUN051945-45,3,0.0360,0.0400,0.0360
KXBTC15M-26JUN051945-45,4,0.0470,0.0460,0.0450
KXBTC15M-26JUN051945-45,5,0.1700,0.1800,0.1700
KXBTC15M-26JUN060100-00,3,0.8000,0.8000,0.7900
KXBTC15M-26JUN060100-00,4,0.4500,0.4700,0.4500
KXBTC15M-26JUN060100-00,5,0.6400,0.6600,0.6400
KXBTC15M-26JUN051845-45,3,0.7200,0.7200,0.7000
KXBTC15M-26JUN051845-45,4,0.7900,0.7900,0.7800
KXBTC15M-26JUN051845-45,5,0.8000,0.8000,0.7900
KXBTC15M-26JUN051830-30,3,0.7700,0.7800,0.7700
KXBTC15M-26JUN051830-30,4,0.9000,0.9000,0.8900
KXBTC15M-26JUN051830-30,5,0.8800,0.8900,0.8800
KXBTC15M-26JUN051800-00,3,0.4300,0.4400,0.4300
KXBTC15M-26JUN051800-00,4,0.2800,0.2900,0.2800
KXBTC15M-26JUN051800-00,5,0.2400,0.2500,0.2300
KXBTC15M-26JUN052045-45,3,0.6700,0.6700,0.6500
KXBTC15M-26JUN052045-45,4,0.6200,0.6300,0.6200
KXBTC15M-26JUN052045-45,5,0.2600,0.2700,0.2600
KXBTC15M-26JUN052030-30,3,0.3300,0.3300,0.3200
KXBTC15M-26JUN052030-30,4,0.2300,0.2300,0.2200
KXBTC15M-26JUN052030-30,5,0.1800,0.1900,0.1800
KXBTC15M-26JUN052300-00,3,0.8400,0.8500,0.8400
KXBTC15M-26JUN052300-00,4,0.8800,0.8900,0.8800
KXBTC15M-26JUN052300-00,5,0.9260,0.9290,0.9220
KXBTC15M-26JUN051730-30,3,0.4500,0.4700,0.4600
KXBTC15M-26JUN051730-30,4,0.3500,0.3500,0.3400
KXBTC15M-26JUN051730-30,5,0.2800,0.3000,0.2900
KXBTC15M-26JUN051915-15,3,0.4000,0.4000,0.3900
KXBTC15M-26JUN051915-15,4,0.5800,0.5900,0.5800
KXBTC15M-26JUN051915-15,5,0.7200,0.7300,0.7100
KXBTC15M-26JUN051630-30,3,0.6000,0.6100,0.6000
KXBTC15M-26JUN051630-30,4,0.7000,0.7000,0.6900
KXBTC15M-26JUN051630-30,5,0.7700,0.7700,0.7600
KXBTC15M-26JUN052215-15,3,0.2300,0.2300,0.2200
KXBTC15M-26JUN052215-15,4,0.2200,0.2300,0.2200
KXBTC15M-26JUN052215-15,5,0.1400,0.1400,0.1300
KXBTC15M-26JUN051600-00,3,0.9290,0.9320,0.9300
KXBTC15M-26JUN051600-00,4,0.9280,0.9310,0.9280
KXBTC15M-26JUN051600-00,5,0.9540,0.9570,0.9540
KXBTC15M-26JUN051815-15,3,0.1300,0.1400,0.1300
KXBTC15M-26JUN051815-15,4,0.1100,0.1200,0.1100
KXBTC15M-26JUN051815-15,5,0.0530,0.0530,0.0520
KXBTC15M-26JUN051745-45,3,0.3800,0.3900,0.3800
KXBTC15M-26JUN051745-45,4,0.3400,0.3400,0.3300
KXBTC15M-26JUN051745-45,5,0.5800,0.5900,0.5800
KXBTC15M-26JUN051545-45,3,0.2100,0.2100,0.2000
KXBTC15M-26JUN051545-45,4,0.3100,0.3000,0.2800
KXBTC15M-26JUN051545-45,5,0.3800,0.3900,0.3800
KXBTC15M-26JUN051500-00,3,0.3100,0.3200,0.3100
KXBTC15M-26JUN051500-00,4,0.4300,0.4300,0.4200
KXBTC15M-26JUN051500-00,5,0.3900,0.4000,0.3900
KXBTC15M-26JUN052015-15,3,0.9000,0.9010,0.9000
KXBTC15M-26JUN052015-15,4,0.9480,0.9470,0.9460
KXBTC15M-26JUN052015-15,5,0.8900,0.9000,0.8900
KXBTC15M-26JUN051715-15,3,0.7300,0.7400,0.7300
KXBTC15M-26JUN051715-15,4,0.7200,0.7300,0.7200
KXBTC15M-26JUN051715-15,5,0.8000,0.8000,0.7900
KXBTC15M-26JUN051445-45,3,0.6300,0.6400,0.6300
KXBTC15M-26JUN051445-45,4,0.6600,0.6700,0.6600
KXBTC15M-26JUN051445-45,5,0.5500,0.5600,0.5400
KXBTC15M-26JUN051400-00,3,0.3000,0.3000,0.2900
KXBTC15M-26JUN051400-00,4,0.1600,0.1700,0.1600
KXBTC15M-26JUN051400-00,5,0.3200,0.3300,0.3200
KXBTC15M-26JUN051330-30,3,0.1500,0.1500,0.1400
KXBTC15M-26JUN051330-30,4,0.1700,0.1700,0.1600
KXBTC15M-26JUN051330-30,5,0.1200,0.1300,0.1200
KXBTC15M-26JUN051900-00,3,0.4700,0.5000,0.4900
KXBTC15M-26JUN051900-00,4,0.6000,0.6000,0.5900
KXBTC15M-26JUN051900-00,5,0.4900,0.5000,0.4900
KXBTC15M-26JUN051245-45,3,0.2600,0.2700,0.2600
KXBTC15M-26JUN051245-45,4,0.3000,0.3200,0.3000
KXBTC15M-26JUN051245-45,5,0.4200,0.4400,0.4300
KXBTC15M-26JUN051315-15,3,0.3600,0.3600,0.3500
KXBTC15M-26JUN051315-15,4,0.4100,0.4200,0.4100
KXBTC15M-26JUN051315-15,5,0.2900,0.3000,0.2900
KXBTC15M-26JUN051515-15,3,0.6900,0.7000,0.6900
KXBTC15M-26JUN051515-15,4,0.5100,0.5200,0.5100
KXBTC15M-26JUN051515-15,5,0.5900,0.5900,0.5800
KXBTC15M-26JUN051230-30,3,0.6100,0.6100,0.6000
KXBTC15M-26JUN051230-30,4,0.5300,0.5300,0.5200
KXBTC15M-26JUN051230-30,5,0.5900,0.6000,0.5900
KXBTC15M-26JUN051145-45,3,0.2200,0.2200,0.2100
KXBTC15M-26JUN051145-45,4,0.2900,0.2900,0.2800
KXBTC15M-26JUN051145-45,5,0.1800,0.2000,0.1900
KXBTC15M-26JUN051415-15,3,0.3700,0.3800,0.3700
KXBTC15M-26JUN051415-15,4,0.4000,0.4100,0.4000
KXBTC15M-26JUN051415-15,5,0.4400,0.4400,0.4300
KXBTC15M-26JUN051700-00,3,0.6700,0.6700,0.6600
KXBTC15M-26JUN051700-00,4,0.7600,0.7800,0.7600
KXBTC15M-26JUN051700-00,5,0.9250,0.9250,0.9220
KXBTC15M-26JUN051345-45,3,0.8000,0.8100,0.8000
KXBTC15M-26JUN051345-45,4,0.8400,0.8500,0.8400
KXBTC15M-26JUN051345-45,5,0.7400,0.7300,0.7200
KXBTC15M-26JUN051300-00,3,0.8000,0.8100,0.8000
KXBTC15M-26JUN051300-00,4,0.8400,0.8600,0.8500
KXBTC15M-26JUN051300-00,5,0.9230,0.9280,0.9230
KXBTC15M-26JUN051615-15,3,0.1200,0.1300,0.1200
KXBTC15M-26JUN051615-15,4,0.1300,0.1300,0.1200
KXBTC15M-26JUN051615-15,5,0.0560,0.0560,0.0550
KXBTC15M-26JUN051045-45,3,0.7000,0.7100,0.7000
KXBTC15M-26JUN051045-45,4,0.9210,0.9210,0.9180
KXBTC15M-26JUN051045-45,5,0.9480,0.9500,0.9490
KXBTC15M-26JUN050945-45,3,0.5700,0.5900,0.5700
KXBTC15M-26JUN050945-45,4,0.5500,0.5500,0.5400
KXBTC15M-26JUN050945-45,5,0.6100,0.6200,0.6100
KXBTC15M-26JUN051215-15,3,0.2000,0.2000,0.1900
KXBTC15M-26JUN051215-15,4,0.1400,0.1600,0.1400
KXBTC15M-26JUN051215-15,5,0.1100,0.0980,0.0950
KXBTC15M-26JUN051200-00,3,0.3800,0.3800,0.3700
KXBTC15M-26JUN051200-00,4,0.7800,0.7800,0.7700
KXBTC15M-26JUN051200-00,5,0.7100,0.7300,0.7200
KXBTC15M-26JUN050930-30,3,0.6200,0.6300,0.6200
KXBTC15M-26JUN050930-30,4,0.5800,0.5800,0.5700
KXBTC15M-26JUN050930-30,5,0.8700,0.8700,0.8600
KXBTC15M-26JUN051430-30,3,0.1900,0.2000,0.1900
KXBTC15M-26JUN051430-30,4,0.1000,0.1100,0.1000
KXBTC15M-26JUN051430-30,5,0.1800,0.1900,0.1800
KXBTC15M-26JUN051100-00,3,0.6200,0.6200,0.6000
KXBTC15M-26JUN051100-00,4,0.4900,0.4900,0.4800
KXBTC15M-26JUN051100-00,5,0.6700,0.7100,0.7000
KXBTC15M-26JUN050815-15,3,0.1000,0.1000,0.0990
KXBTC15M-26JUN050815-15,4,0.0690,0.0750,0.0690
KXBTC15M-26JUN050815-15,5,0.1600,0.1700,0.1600
KXBTC15M-26JUN051030-30,3,0.3800,0.3800,0.3700
KXBTC15M-26JUN051030-30,4,0.4700,0.4800,0.4700
KXBTC15M-26JUN051030-30,5,0.6100,0.6100,0.6000
KXBTC15M-26JUN051000-00,3,0.1800,0.1800,0.1600
KXBTC15M-26JUN051000-00,4,0.0470,0.0470,0.0430
KXBTC15M-26JUN051000-00,5,0.0640,0.0620,0.0600
KXBTC15M-26JUN050800-00,3,0.7000,0.7200,0.7100
KXBTC15M-26JUN050800-00,4,0.5800,0.6000,0.5900
KXBTC15M-26JUN050800-00,5,0.6800,0.6800,0.6700
KXBTC15M-26JUN050715-15,3,0.1000,0.1100,0.1000
KXBTC15M-26JUN050715-15,4,0.1500,0.1600,0.1500
KXBTC15M-26JUN050715-15,5,0.1500,0.1500,0.1400
KXBTC15M-26JUN050645-45,3,0.5000,0.5000,0.4900
KXBTC15M-26JUN050645-45,4,0.4000,0.4100,0.4000
KXBTC15M-26JUN050645-45,5,0.3000,0.3100,0.3000
KXBTC15M-26JUN050730-30,3,0.8500,0.8500,0.8300
KXBTC15M-26JUN050730-30,4,0.8800,0.8800,0.8700
KXBTC15M-26JUN050730-30,5,0.9010,0.9040,0.9020
KXBTC15M-26JUN050615-15,3,0.4400,0.4300,0.4200
KXBTC15M-26JUN050615-15,4,0.4200,0.4300,0.4200
KXBTC15M-26JUN050615-15,5,0.2600,0.2600,0.2500
KXBTC15M-26JUN050845-45,3,0.1400,0.1500,0.1400
KXBTC15M-26JUN050845-45,4,0.0900,0.0910,0.0900
KXBTC15M-26JUN050845-45,5,0.0600,0.0590,0.0530
KXBTC15M-26JUN051130-30,3,0.8300,0.8400,0.8300
KXBTC15M-26JUN051130-30,4,0.8500,0.8600,0.8500
KXBTC15M-26JUN051130-30,5,0.6800,0.6800,0.6700
KXBTC15M-26JUN050530-30,3,0.5200,0.5200,0.5100
KXBTC15M-26JUN050530-30,4,0.4600,0.4600,0.4500
KXBTC15M-26JUN050530-30,5,0.4500,0.4600,0.4500
KXBTC15M-26JUN050600-00,3,0.7100,0.7200,0.7000
KXBTC15M-26JUN050600-00,4,0.6100,0.6100,0.6000
KXBTC15M-26JUN050600-00,5,0.7100,0.7200,0.7100
KXBTC15M-26JUN051015-15,3,0.4500,0.4500,0.4400
KXBTC15M-26JUN051015-15,4,0.3200,0.3300,0.3200
KXBTC15M-26JUN051015-15,5,0.3700,0.3700,0.3600
KXBTC15M-26JUN050515-15,3,0.7900,0.7900,0.7800
KXBTC15M-26JUN050515-15,4,0.7200,0.7200,0.7100
KXBTC15M-26JUN050515-15,5,0.7900,0.7900,0.7700
KXBTC15M-26JUN050430-30,3,0.2200,0.2400,0.2200
KXBTC15M-26JUN050430-30,4,0.2400,0.2400,0.2300
KXBTC15M-26JUN050430-30,5,0.2400,0.2500,0.2400
KXBTC15M-26JUN050630-30,3,0.1200,0.1200,0.1100
KXBTC15M-26JUN050630-30,4,0.0850,0.0940,0.0880
KXBTC15M-26JUN050630-30,5,0.0860,0.0860,0.0850
KXBTC15M-26JUN050345-45,3,0.8100,0.8200,0.8100
KXBTC15M-26JUN050345-45,4,0.7700,0.7700,0.7600
KXBTC15M-26JUN050345-45,5,0.8800,0.8900,0.8800
KXBTC15M-26JUN050915-15,3,0.7000,0.6900,0.6800
KXBTC15M-26JUN050915-15,4,0.7400,0.7400,0.7200
KXBTC15M-26JUN050915-15,5,0.6900,0.7000,0.6800
KXBTC15M-26JUN050830-30,3,0.7600,0.7700,0.7600
KXBTC15M-26JUN050830-30,4,0.7900,0.8000,0.7900
KXBTC15M-26JUN050830-30,5,0.6800,0.6800,0.6700
KXBTC15M-26JUN050330-30,3,0.7000,0.7000,0.6800
KXBTC15M-26JUN050330-30,4,0.7200,0.7200,0.7100
KXBTC15M-26JUN050330-30,5,0.6700,0.7000,0.6900
KXBTC15M-26JUN050245-45,3,0.8000,0.8000,0.7900
KXBTC15M-26JUN050245-45,4,0.5900,0.6000,0.5900
KXBTC15M-26JUN050245-45,5,0.6800,0.6800,0.6600
KXBTC15M-26JUN050745-45,3,0.2400,0.2500,0.2400
KXBTC15M-26JUN050745-45,4,0.1900,0.2100,0.2000
KXBTC15M-26JUN050745-45,5,0.2000,0.2000,0.1900
KXBTC15M-26JUN050215-15,3,0.2200,0.2300,0.2100
KXBTC15M-26JUN050215-15,4,0.3400,0.3500,0.3400
KXBTC15M-26JUN050215-15,5,0.5500,0.5600,0.5500
KXBTC15M-26JUN050200-00,3,0.3400,0.3400,0.3300
KXBTC15M-26JUN050200-00,4,0.2700,0.2700,0.2600
KXBTC15M-26JUN050200-00,5,0.3600,0.3600,0.3500
KXBTC15M-26JUN050700-00,3,0.3100,0.3100,0.3000
KXBTC15M-26JUN050700-00,4,0.4400,0.4400,0.4200
KXBTC15M-26JUN050700-00,5,0.3700,0.3700,0.3500
KXBTC15M-26JUN050400-00,3,0.6800,0.6900,0.6800
KXBTC15M-26JUN050400-00,4,0.5400,0.5500,0.5400
KXBTC15M-26JUN050400-00,5,0.4900,0.5000,0.4900
KXBTC15M-26JUN050145-45,3,0.2300,0.2300,0.2200
KXBTC15M-26JUN050145-45,4,0.1700,0.1700,0.1600
KXBTC15M-26JUN050145-45,5,0.0620,0.0630,0.0620
KXBTC15M-26JUN050315-15,3,0.3200,0.3100,0.3000
KXBTC15M-26JUN050315-15,4,0.1800,0.1900,0.1800
KXBTC15M-26JUN050315-15,5,0.1200,0.1300,0.1200
KXBTC15M-26JUN050030-30,3,0.2600,0.2600,0.2500
KXBTC15M-26JUN050030-30,4,0.1700,0.1700,0.1600
KXBTC15M-26JUN050030-30,5,0.1500,0.1500,0.1400
KXBTC15M-26JUN050300-00,3,0.3500,0.3600,0.3500
KXBTC15M-26JUN050300-00,4,0.2400,0.2400,0.2300
KXBTC15M-26JUN050300-00,5,0.1900,0.1900,0.1800
KXBTC15M-26JUN050230-30,3,0.2900,0.2900,0.2800
KXBTC15M-26JUN050230-30,4,0.2400,0.2600,0.2400
KXBTC15M-26JUN050230-30,5,0.2300,0.2300,0.2200
KXBTC15M-26JUN042345-45,3,0.8500,0.8500,0.8400
KXBTC15M-26JUN042345-45,4,0.8800,0.8900,0.8800
KXBTC15M-26JUN042345-45,5,0.8500,0.8600,0.8500
KXBTC15M-26JUN050000-00,3,0.7700,0.7700,0.7600
KXBTC15M-26JUN050000-00,4,0.8100,0.8200,0.8100
KXBTC15M-26JUN050000-00,5,0.8300,0.8400,0.8300
KXBTC15M-26JUN042300-00,3,0.4200,0.4200,0.4100
KXBTC15M-26JUN042300-00,4,0.4200,0.4200,0.4000
KXBTC15M-26JUN042300-00,5,0.5400,0.5500,0.5400
KXBTC15M-26JUN050115-15,3,0.1800,0.1900,0.1800
KXBTC15M-26JUN050115-15,4,0.1600,0.1600,0.1500
KXBTC15M-26JUN050115-15,5,0.2700,0.2700,0.2600
KXBTC15M-26JUN042315-15,3,0.3500,0.3700,0.3500
KXBTC15M-26JUN042315-15,4,0.4400,0.4400,0.4300
KXBTC15M-26JUN042315-15,5,0.1900,0.2000,0.1900
KXBTC15M-26JUN042215-15,3,0.4400,0.4400,0.4300
KXBTC15M-26JUN042215-15,4,0.3400,0.3700,0.3600
KXBTC15M-26JUN042215-15,5,0.2100,0.2100,0.2000
KXBTC15M-26JUN042230-30,3,0.3300,0.3300,0.3200
KXBTC15M-26JUN042230-30,4,0.1800,0.1900,0.1800
KXBTC15M-26JUN042230-30,5,0.0720,0.0750,0.0720
KXBTC15M-26JUN050015-15,3,0.1500,0.1600,0.1500
KXBTC15M-26JUN050015-15,4,0.3200,0.3200,0.3100
KXBTC15M-26JUN050015-15,5,0.3300,0.3400,0.3300
KXBTC15M-26JUN042200-00,3,0.2900,0.2900,0.2800
KXBTC15M-26JUN042200-00,4,0.2800,0.2800,0.2700
KXBTC15M-26JUN042200-00,5,0.1300,0.1300,0.1200
KXBTC15M-26JUN042115-15,3,0.0830,0.0830,0.0820
KXBTC15M-26JUN042115-15,4,0.0470,0.0480,0.0470
KXBTC15M-26JUN042115-15,5,0.0690,0.0740,0.0700
KXBTC15M-26JUN042330-30,3,0.9440,0.9500,0.9490
KXBTC15M-26JUN042330-30,4,0.9590,0.9600,0.9590
KXBTC15M-26JUN042330-30,5,0.9120,0.9130,0.9120
KXBTC15M-26JUN042045-45,3,0.6100,0.6100,0.6000
KXBTC15M-26JUN042045-45,4,0.5500,0.5600,0.5500
KXBTC15M-26JUN042045-45,5,0.2900,0.2900,0.2800
KXBTC15M-26JUN042015-15,3,0.2500,0.2500,0.2400
KXBTC15M-26JUN042015-15,4,0.1400,0.1400,0.1300
KXBTC15M-26JUN042015-15,5,0.2500,0.2400,0.2300
KXBTC15M-26JUN050130-30,3,0.3800,0.3800,0.3700
KXBTC15M-26JUN050130-30,4,0.3900,0.3900,0.3800
KXBTC15M-26JUN050130-30,5,0.5000,0.5100,0.5000
KXBTC15M-26JUN042100-00,3,0.6700,0.6800,0.6700
KXBTC15M-26JUN042100-00,4,0.6000,0.6100,0.6000
KXBTC15M-26JUN042100-00,5,0.3100,0.3200,0.3100
KXBTC15M-26JUN041915-15,3,0.4800,0.4800,0.4700
KXBTC15M-26JUN041915-15,4,0.6800,0.6800,0.6700
KXBTC15M-26JUN041915-15,5,0.6500,0.6700,0.6600
KXBTC15M-26JUN050045-45,3,0.2300,0.2300,0.2100
KXBTC15M-26JUN050045-45,4,0.2700,0.2800,0.2700
KXBTC15M-26JUN050045-45,5,0.3900,0.3900,0.3800
KXBTC15M-26JUN041945-45,3,0.7500,0.7500,0.7400
KXBTC15M-26JUN041945-45,4,0.8000,0.8200,0.8100
KXBTC15M-26JUN041945-45,5,0.9070,0.9070,0.9060
KXBTC15M-26JUN041845-45,3,0.3200,0.3200,0.3000
KXBTC15M-26JUN041845-45,4,0.2300,0.2300,0.2200
KXBTC15M-26JUN041845-45,5,0.5700,0.5700,0.5600
KXBTC15M-26JUN041830-30,3,0.7400,0.7500,0.7400
KXBTC15M-26JUN041830-30,4,0.7600,0.7700,0.7600
KXBTC15M-26JUN041830-30,5,0.8000,0.8000,0.7900
KXBTC15M-26JUN041815-15,3,0.8100,0.8200,0.8100
KXBTC15M-26JUN041815-15,4,0.5800,0.5900,0.5800
KXBTC15M-26JUN041815-15,5,0.5400,0.5500,0.5400
KXBTC15M-26JUN042030-30,3,0.3400,0.3500,0.3400
KXBTC15M-26JUN042030-30,4,0.5700,0.5700,0.5600
KXBTC15M-26JUN042030-30,5,0.9010,0.9030,0.9010
KXBTC15M-26JUN042000-00,3,0.4700,0.4800,0.4700
KXBTC15M-26JUN042000-00,4,0.5300,0.5400,0.5300
KXBTC15M-26JUN042000-00,5,0.8500,0.8500,0.8400
KXBTC15M-26JUN041645-45,3,0.9370,0.9380,0.9370
KXBTC15M-26JUN041645-45,4,0.9620,0.9620,0.9610
KXBTC15M-26JUN041645-45,5,0.9150,0.9150,0.9130
KXBTC15M-26JUN041930-30,3,0.0980,0.0970,0.0940
KXBTC15M-26JUN041930-30,4,0.0610,0.0610,0.0600
KXBTC15M-26JUN041930-30,5,0.0900,0.0900,0.0860
KXBTC15M-26JUN041630-30,3,0.3100,0.3200,0.3100
KXBTC15M-26JUN041630-30,4,0.1500,0.1600,0.1500
KXBTC15M-26JUN041630-30,5,0.1700,0.1800,0.1700
KXBTC15M-26JUN041600-00,3,0.3300,0.3400,0.3300
KXBTC15M-26JUN041600-00,4,0.2900,0.2900,0.2800
KXBTC15M-26JUN041600-00,5,0.2900,0.3000,0.2900
KXBTC15M-26JUN041800-00,3,0.5200,0.5300,0.5200
KXBTC15M-26JUN041800-00,4,0.3900,0.4000,0.3900
KXBTC15M-26JUN041800-00,5,0.2200,0.2300,0.2200
KXBTC15M-26JUN042130-30,3,0.7400,0.7500,0.7400
KXBTC15M-26JUN042130-30,4,0.6300,0.6300,0.6200
KXBTC15M-26JUN042130-30,5,0.4800,0.4800,0.4700
KXBTC15M-26JUN041545-45,3,0.0840,0.0840,0.0790
KXBTC15M-26JUN041545-45,4,0.0990,0.0990,0.0980
KXBTC15M-26JUN041545-45,5,0.0420,0.0430,0.0420
KXBTC15M-26JUN041715-15,3,0.8200,0.8200,0.8100
KXBTC15M-26JUN041715-15,4,0.8100,0.8200,0.8100
KXBTC15M-26JUN041715-15,5,0.9250,0.9270,0.9260
KXBTC15M-26JUN041700-00,3,0.2700,0.2700,0.2600
KXBTC15M-26JUN041700-00,4,0.3200,0.3100,0.3000
KXBTC15M-26JUN041700-00,5,0.3600,0.3700,0.3600
KXBTC15M-26JUN041530-30,3,0.7800,0.7800,0.7700
KXBTC15M-26JUN041530-30,4,0.8600,0.8800,0.8700
KXBTC15M-26JUN041530-30,5,0.9150,0.9190,0.9130
KXBTC15M-26JUN041615-15,3,0.1100,0.1100,0.1000
KXBTC15M-26JUN041615-15,4,0.0460,0.0460,0.0410
KXBTC15M-26JUN041615-15,5,0.0420,0.0420,0.0370
KXBTC15M-26JUN041445-45,3,0.5400,0.5500,0.5400
KXBTC15M-26JUN041445-45,4,0.6000,0.6200,0.6000
KXBTC15M-26JUN041445-45,5,0.6900,0.7000,0.6900
KXBTC15M-26JUN041900-00,3,0.7900,0.7900,0.7800
KXBTC15M-26JUN041900-00,4,0.7600,0.7800,0.7600
KXBTC15M-26JUN041900-00,5,0.7100,0.7100,0.7000
KXBTC15M-26JUN041330-30,3,0.0590,0.0590,0.0580
KXBTC15M-26JUN041330-30,4,0.0500,0.0540,0.0470
KXBTC15M-26JUN041330-30,5,0.0580,0.0590,0.0580
KXBTC15M-26JUN041345-45,3,0.2500,0.2500,0.2400
KXBTC15M-26JUN041345-45,4,0.2100,0.2100,0.2000
KXBTC15M-26JUN041345-45,5,0.1700,0.1700,0.1600
KXBTC15M-26JUN041300-00,3,0.5600,0.5600,0.5500
KXBTC15M-26JUN041300-00,4,0.3700,0.4000,0.3900
KXBTC15M-26JUN041300-00,5,0.4400,0.4400,0.4300
KXBTC15M-26JUN041315-15,3,0.3900,0.3900,0.3800
KXBTC15M-26JUN041315-15,4,0.3800,0.3800,0.3700
KXBTC15M-26JUN041315-15,5,0.2900,0.2900,0.2800
KXBTC15M-26JUN041500-00,3,0.7200,0.7300,0.7200
KXBTC15M-26JUN041500-00,4,0.6700,0.6800,0.6700
KXBTC15M-26JUN041500-00,5,0.7800,0.7900,0.7800
KXBTC15M-26JUN041430-30,3,0.8700,0.8700,0.8600
KXBTC15M-26JUN041430-30,4,0.8500,0.8600,0.8500
KXBTC15M-26JUN041430-30,5,0.8700,0.8900,0.8700
KXBTC15M-26JUN041215-15,3,0.1900,0.1900,0.1800
KXBTC15M-26JUN041215-15,4,0.1200,0.1200,0.1100
KXBTC15M-26JUN041215-15,5,0.1000,0.1100,0.1000
KXBTC15M-26JUN041100-00,3,0.1500,0.1600,0.1500
KXBTC15M-26JUN041100-00,4,0.3300,0.3300,0.3200
KXBTC15M-26JUN041100-00,5,0.4900,0.5200,0.4900
KXBTC15M-26JUN041145-45,3,0.4100,0.4200,0.4100
KXBTC15M-26JUN041145-45,4,0.3900,0.4000,0.3900
KXBTC15M-26JUN041145-45,5,0.5500,0.5500,0.5400
KXBTC15M-26JUN041115-15,3,0.5900,0.5900,0.5800
KXBTC15M-26JUN041115-15,4,0.4700,0.4700,0.4600
KXBTC15M-26JUN041115-15,5,0.8000,0.8200,0.8000
KXBTC15M-26JUN041015-15,3,0.4900,0.5000,0.4900
KXBTC15M-26JUN041015-15,4,0.3500,0.3500,0.3400
KXBTC15M-26JUN041015-15,5,0.4800,0.4900,0.4800
KXBTC15M-26JUN041000-00,3,0.5100,0.5200,0.5100
KXBTC15M-26JUN041000-00,4,0.5700,0.5700,0.5600
KXBTC15M-26JUN041000-00,5,0.4200,0.4300,0.4200
KXBTC15M-26JUN041030-30,3,0.2700,0.2700,0.2500
KXBTC15M-26JUN041030-30,4,0.1900,0.1900,0.1800
KXBTC15M-26JUN041030-30,5,0.1600,0.1600,0.1500
KXBTC15M-26JUN041200-00,3,0.3500,0.3600,0.3500
KXBTC15M-26JUN041200-00,4,0.2700,0.2900,0.2700
KXBTC15M-26JUN041200-00,5,0.2900,0.3000,0.2900
KXBTC15M-26JUN041515-15,3,0.2600,0.2600,0.2500
KXBTC15M-26JUN041515-15,4,0.1900,0.1900,0.1800
KXBTC15M-26JUN041515-15,5,0.1500,0.1500,0.1400
KXBTC15M-26JUN041130-30,3,0.1800,0.1700,0.1600
KXBTC15M-26JUN041130-30,4,0.1600,0.1700,0.1600
KXBTC15M-26JUN041130-30,5,0.0430,0.0440,0.0430
KXBTC15M-26JUN041415-15,3,0.2600,0.2600,0.2500
KXBTC15M-26JUN041415-15,4,0.1500,0.1500,0.1400
KXBTC15M-26JUN041415-15,5,0.1200,0.1300,0.1200
KXBTC15M-26JUN041400-00,3,0.7000,0.7100,0.7000
KXBTC15M-26JUN041400-00,4,0.7100,0.7200,0.7100
KXBTC15M-26JUN041400-00,5,0.7300,0.7400,0.7300
KXBTC15M-26JUN040845-45,3,0.7500,0.7500,0.7400
KXBTC15M-26JUN040845-45,4,0.7700,0.7800,0.7700
KXBTC15M-26JUN040845-45,5,0.7300,0.7500,0.7400
KXBTC15M-26JUN040745-45,3,0.3200,0.3300,0.3200
KXBTC15M-26JUN040745-45,4,0.3300,0.3300,0.3200
KXBTC15M-26JUN040745-45,5,0.3300,0.3300,0.3200
KXBTC15M-26JUN040715-15,3,0.7400,0.7300,0.7200
KXBTC15M-26JUN040715-15,4,0.7700,0.7800,0.7700
KXBTC15M-26JUN040715-15,5,0.8200,0.8200,0.8100
KXBTC15M-26JUN040800-00,3,0.9040,0.9050,0.9040
KXBTC15M-26JUN040800-00,4,0.9120,0.9160,0.9120
KXBTC15M-26JUN040800-00,5,0.9010,0.9010,0.9000
KXBTC15M-26JUN040930-30,3,0.1400,0.1500,0.1400
KXBTC15M-26JUN040930-30,4,0.0890,0.0890,0.0850
KXBTC15M-26JUN040930-30,5,0.0480,0.0540,0.0460
KXBTC15M-26JUN041230-30,3,0.6400,0.6500,0.6300
KXBTC15M-26JUN041230-30,4,0.6100,0.6200,0.6100
KXBTC15M-26JUN041230-30,5,0.6700,0.6700,0.6600
KXBTC15M-26JUN040700-00,3,0.2400,0.2400,0.2200
KXBTC15M-26JUN040700-00,4,0.1300,0.1400,0.1300
KXBTC15M-26JUN040700-00,5,0.1500,0.1400,0.1300
KXBTC15M-26JUN040630-30,3,0.5600,0.5700,0.5600
KXBTC15M-26JUN040630-30,4,0.6600,0.6700,0.6600
KXBTC15M-26JUN040630-30,5,0.4100,0.4100,0.4000
KXBTC15M-26JUN040545-45,3,0.4600,0.4500,0.4300
KXBTC15M-26JUN040545-45,4,0.7500,0.7500,0.7400
KXBTC15M-26JUN040545-45,5,0.7000,0.6900,0.6800
KXBTC15M-26JUN040600-00,3,0.6800,0.6900,0.6800
KXBTC15M-26JUN040600-00,4,0.8500,0.8500,0.8400
KXBTC15M-26JUN040600-00,5,0.7400,0.7600,0.7400
KXBTC15M-26JUN040815-15,3,0.6900,0.7000,0.6900
KXBTC15M-26JUN040815-15,4,0.7800,0.7900,0.7800
KXBTC15M-26JUN040815-15,5,0.3700,0.3700,0.3600
KXBTC15M-26JUN040730-30,3,0.8200,0.8300,0.8200
KXBTC15M-26JUN040730-30,4,0.9070,0.9080,0.9070
KXBTC15M-26JUN040730-30,5,0.9040,0.9180,0.9130
KXBTC15M-26JUN040200-00,3,0.1800,0.1800,0.1700
KXBTC15M-26JUN040200-00,4,0.1500,0.1700,0.1500
KXBTC15M-26JUN040200-00,5,0.0680,0.0680,0.0670
KXBTC15M-26JUN040515-15,3,0.1300,0.1300,0.1200
KXBTC15M-26JUN040515-15,4,0.0950,0.1100,0.1000
KXBTC15M-26JUN040515-15,5,0.0860,0.0900,0.0860
KXBTC15M-26JUN040115-15,3,0.0520,0.0530,0.0520
KXBTC15M-26JUN040115-15,4,0.0520,0.0520,0.0510
KXBTC15M-26JUN040115-15,5,0.0250,0.0280,0.0240
KXBTC15M-26JUN040915-15,3,0.5900,0.5900,0.5800
KXBTC15M-26JUN040915-15,4,0.4200,0.4200,0.4100
KXBTC15M-26JUN040915-15,5,0.4500,0.4500,0.4400
KXBTC15M-26JUN040900-00,3,0.7800,0.7800,0.7700
KXBTC15M-26JUN040900-00,4,0.8500,0.8600,0.8500
KXBTC15M-26JUN040900-00,5,0.9200,0.9190,0.9170
KXBTC15M-26JUN040100-00,3,0.3600,0.3600,0.3500
KXBTC15M-26JUN040100-00,4,0.3200,0.3200,0.3000
KXBTC15M-26JUN040100-00,5,0.3200,0.3200,0.3100
KXBTC15M-26JUN040045-45,3,0.1100,0.1100,0.1000
KXBTC15M-26JUN040045-45,4,0.0680,0.0680,0.0620
KXBTC15M-26JUN040045-45,5,0.0960,0.0970,0.0960
KXBTC15M-26JUN032345-45,3,0.9310,0.9320,0.9310
KXBTC15M-26JUN032345-45,4,0.9430,0.9440,0.9430
KXBTC15M-26JUN032345-45,5,0.9260,0.9270,0.9220
KXBTC15M-26JUN040015-15,3,0.6500,0.6500,0.6400
KXBTC15M-26JUN040015-15,4,0.8100,0.8200,0.8100
KXBTC15M-26JUN040015-15,5,0.8900,0.9000,0.8900
KXBTC15M-26JUN032315-15,3,0.9200,0.9200,0.9190
KXBTC15M-26JUN032315-15,4,0.9490,0.9500,0.9490
KXBTC15M-26JUN032315-15,5,0.9680,0.9690,0.9680
KXBTC15M-26JUN040000-00,3,0.2800,0.2800,0.2700
KXBTC15M-26JUN040000-00,4,0.3600,0.3600,0.3500
KXBTC15M-26JUN040000-00,5,0.5100,0.5100,0.5000
KXBTC15M-26JUN040130-30,3,0.7600,0.7700,0.7600
KXBTC15M-26JUN040130-30,4,0.4100,0.4200,0.4100
KXBTC15M-26JUN040130-30,5,0.2500,0.2500,0.2400
KXBTC15M-26JUN032300-00,3,0.7100,0.7200,0.7000
KXBTC15M-26JUN032300-00,4,0.6800,0.6900,0.6800
KXBTC15M-26JUN032300-00,5,0.6800,0.6800,0.6700
KXBTC15M-26JUN032200-00,3,0.1600,0.1600,0.1500
KXBTC15M-26JUN032200-00,4,0.0830,0.0850,0.0840
KXBTC15M-26JUN032200-00,5,0.0700,0.0700,0.0660
KXBTC15M-26JUN032245-45,3,0.8500,0.8500,0.8400
KXBTC15M-26JUN032245-45,4,0.8100,0.8200,0.8100
KXBTC15M-26JUN032245-45,5,0.6600,0.6700,0.6600
KXBTC15M-26JUN040530-30,3,0.1000,0.1100,0.1000
KXBTC15M-26JUN040530-30,4,0.0970,0.0920,0.0910
KXBTC15M-26JUN040530-30,5,0.0840,0.0880,0.0840
KXBTC15M-26JUN032115-15,3,0.7000,0.7100,0.7000
KXBTC15M-26JUN032115-15,4,0.6300,0.6400,0.6300
KXBTC15M-26JUN032115-15,5,0.7200,0.7300,0.7200
KXBTC15M-26JUN032045-45,3,0.6500,0.6500,0.6300
KXBTC15M-26JUN032045-45,4,0.7700,0.7800,0.7600
KXBTC15M-26JUN032045-45,5,0.7900,0.8000,0.7900
KXBTC15M-26JUN032100-00,3,0.1400,0.1500,0.1400
KXBTC15M-26JUN032100-00,4,0.1500,0.1400,0.1300
KXBTC15M-26JUN032100-00,5,0.1300,0.1400,0.1300
KXBTC15M-26JUN040145-45,3,0.9220,0.9230,0.9220
KXBTC15M-26JUN040145-45,4,0.9230,0.9250,0.9230
KXBTC15M-26JUN040145-45,5,0.9420,0.9470,0.9450
KXBTC15M-26JUN032015-15,3,0.8400,0.8300,0.8200
KXBTC15M-26JUN032015-15,4,0.8900,0.8900,0.8800
KXBTC15M-26JUN032015-15,5,0.8300,0.8400,0.8300
KXBTC15M-26JUN032215-15,3,0.0810,0.0790,0.0780
KXBTC15M-26JUN032215-15,4,0.0330,0.0390,0.0340
KXBTC15M-26JUN032215-15,5,0.2400,0.2500,0.2400
KXBTC15M-26JUN032230-30,3,0.6000,0.5900,0.5800
KXBTC15M-26JUN032230-30,4,0.6200,0.6300,0.6200
KXBTC15M-26JUN032230-30,5,0.7900,0.8100,0.7900
KXBTC15M-26JUN032000-00,3,0.3700,0.3800,0.3700
KXBTC15M-26JUN032000-00,4,0.5800,0.5800,0.5600
KXBTC15M-26JUN032000-00,5,0.4900,0.5000,0.4700
KXBTC15M-26JUN032130-30,3,0.1800,0.1900,0.1800
KXBTC15M-26JUN032130-30,4,0.1500,0.1600,0.1500
KXBTC15M-26JUN032130-30,5,0.1500,0.1600,0.1500
KXBTC15M-26JUN040030-30,3,0.4200,0.4300,0.4200
KXBTC15M-26JUN040030-30,4,0.4500,0.4500,0.4400
KXBTC15M-26JUN040030-30,5,0.4800,0.4700,0.4600
KXBTC15M-26JUN031915-15,3,0.2100,0.2100,0.2000
KXBTC15M-26JUN031915-15,4,0.1800,0.1900,0.1800
KXBTC15M-26JUN031915-15,5,0.2600,0.2700,0.2600
KXBTC15M-26JUN031745-45,3,0.6100,0.6200,0.6100
KXBTC15M-26JUN031745-45,4,0.6600,0.6500,0.6400
KXBTC15M-26JUN031745-45,5,0.8600,0.8600,0.8500
KXBTC15M-26JUN031830-30,3,0.3200,0.3200,0.3100
KXBTC15M-26JUN031830-30,4,0.3300,0.3400,0.3300
KXBTC15M-26JUN031830-30,5,0.2300,0.2300,0.2200
KXBTC15M-26JUN031800-00,3,0.8600,0.8700,0.8600
KXBTC15M-26JUN031800-00,4,0.9060,0.9000,0.8900
KXBTC15M-26JUN031800-00,5,0.8200,0.8200,0.8100
KXBTC15M-26JUN031945-45,3,0.4400,0.4400,0.4300
KXBTC15M-26JUN031945-45,4,0.6000,0.6000,0.5900
KXBTC15M-26JUN031945-45,5,0.5500,0.5500,0.5400
KXBTC15M-26JUN031700-00,3,0.2200,0.2200,0.2100
KXBTC15M-26JUN031700-00,4,0.2700,0.2600,0.2500
KXBTC15M-26JUN031700-00,5,0.1500,0.1600,0.1500
KXBTC15M-26JUN031615-15,3,0.2500,0.2600,0.2500
KXBTC15M-26JUN031615-15,4,0.2000,0.2000,0.1900
KXBTC15M-26JUN031615-15,5,0.1700,0.1700,0.1600
KXBTC15M-26JUN031845-45,3,0.5700,0.5800,0.5700
KXBTC15M-26JUN031845-45,4,0.7000,0.7100,0.7000
KXBTC15M-26JUN031845-45,5,0.7300,0.7400,0.7300
KXBTC15M-26JUN032145-45,3,0.7300,0.7500,0.7400
KXBTC15M-26JUN032145-45,4,0.7600,0.7700,0.7600
KXBTC15M-26JUN032145-45,5,0.9000,0.9010,0.9000
KXBTC15M-26JUN031530-30,3,0.5700,0.5600,0.5500
KXBTC15M-26JUN031530-30,4,0.4700,0.4800,0.4700
KXBTC15M-26JUN031530-30,5,0.4100,0.4100,0.4000
KXBTC15M-26JUN031545-45,3,0.5400,0.5500,0.5400
KXBTC15M-26JUN031545-45,4,0.7600,0.7700,0.7600
KXBTC15M-26JUN031545-45,5,0.8000,0.8000,0.7900
KXBTC15M-26JUN031715-15,3,0.9300,0.9300,0.9290
KXBTC15M-26JUN031715-15,4,0.8800,0.9000,0.8800
KXBTC15M-26JUN031715-15,5,0.9600,0.9620,0.9610
KXBTC15M-26JUN031445-45,3,0.6300,0.6500,0.6400
KXBTC15M-26JUN031445-45,4,0.4200,0.4200,0.4100
KXBTC15M-26JUN031445-45,5,0.3000,0.3100,0.2900
KXBTC15M-26JUN031515-15,3,0.5000,0.5100,0.5000
KXBTC15M-26JUN031515-15,4,0.4500,0.4700,0.4500
KXBTC15M-26JUN031515-15,5,0.2800,0.2900,0.2800
KXBTC15M-26JUN031630-30,3,0.0920,0.0920,0.0910
KXBTC15M-26JUN031630-30,4,0.1100,0.1100,0.1000
KXBTC15M-26JUN031630-30,5,0.1700,0.1700,0.1600
KXBTC15M-26JUN031400-00,3,0.1800,0.1800,0.1700
KXBTC15M-26JUN031400-00,4,0.1000,0.1100,0.1000
KXBTC15M-26JUN031400-00,5,0.0730,0.0750,0.0740
KXBTC15M-26JUN031600-00,3,0.3700,0.3800,0.3700
KXBTC15M-26JUN031600-00,4,0.3600,0.3700,0.3600
KXBTC15M-26JUN031600-00,5,0.1300,0.1300,0.1200
KXBTC15M-26JUN031900-00,3,0.2900,0.3000,0.2900
KXBTC15M-26JUN031900-00,4,0.2400,0.2500,0.2300
KXBTC15M-26JUN031900-00,5,0.2200,0.2200,0.2100
KXBTC15M-26JUN031345-45,3,0.8500,0.8500,0.8400
KXBTC15M-26JUN031345-45,4,0.9000,0.9000,0.8900
KXBTC15M-26JUN031345-45,5,0.8900,0.8800,0.8700
KXBTC15M-26JUN031330-30,3,0.8300,0.8300,0.8200
KXBTC15M-26JUN031330-30,4,0.8700,0.8800,0.8700
KXBTC15M-26JUN031330-30,5,0.8200,0.8200,0.8100
KXBTC15M-26JUN031245-45,3,0.7000,0.7100,0.6900
KXBTC15M-26JUN031245-45,4,0.7200,0.7300,0.7200
KXBTC15M-26JUN031245-45,5,0.6800,0.6900,0.6800
KXBTC15M-26JUN031230-30,3,0.1800,0.1800,0.1700
KXBTC15M-26JUN031230-30,4,0.2800,0.2800,0.2700
KXBTC15M-26JUN031230-30,5,0.1500,0.1600,0.1500
KXBTC15M-26JUN031200-00,3,0.2000,0.2100,0.2000
KXBTC15M-26JUN031200-00,4,0.4100,0.4100,0.4000
KXBTC15M-26JUN031200-00,5,0.4400,0.4400,0.4300
KXBTC15M-26JUN031415-15,3,0.7700,0.7800,0.7700
KXBTC15M-26JUN031415-15,4,0.6100,0.6200,0.6100
KXBTC15M-26JUN031415-15,5,0.6300,0.6400,0.6300
KXBTC15M-26JUN031215-15,3,0.6200,0.6300,0.6200
KXBTC15M-26JUN031215-15,4,0.6800,0.6900,0.6800
KXBTC15M-26JUN031215-15,5,0.8100,0.8200,0.8100
KXBTC15M-26JUN031115-15,3,0.4400,0.4500,0.4400
KXBTC15M-26JUN031115-15,4,0.2500,0.2500,0.2400
KXBTC15M-26JUN031115-15,5,0.1600,0.1600,0.1400
KXBTC15M-26JUN031300-00,3,0.6900,0.7000,0.6800
KXBTC15M-26JUN031300-00,4,0.4600,0.4700,0.4600
KXBTC15M-26JUN031300-00,5,0.3300,0.3300,0.3200
KXBTC15M-26JUN031130-30,3,0.2200,0.2300,0.2200
KXBTC15M-26JUN031130-30,4,0.1200,0.1200,0.1100
KXBTC15M-26JUN031130-30,5,0.0670,0.0680,0.0620
KXBTC15M-26JUN031045-45,3,0.5200,0.5200,0.5100
KXBTC15M-26JUN031045-45,4,0.5900,0.5900,0.5800
KXBTC15M-26JUN031045-45,5,0.7300,0.7300,0.7200
KXBTC15M-26JUN030945-45,3,0.9010,0.9050,0.9010
KXBTC15M-26JUN030945-45,4,0.8900,0.9000,0.8900
KXBTC15M-26JUN030945-45,5,0.7300,0.7300,0.7200
KXBTC15M-26JUN031030-30,3,0.3400,0.3400,0.3300
KXBTC15M-26JUN031030-30,4,0.2000,0.2100,0.2000
KXBTC15M-26JUN031030-30,5,0.2100,0.2200,0.2000
KXBTC15M-26JUN030930-30,3,0.6800,0.6900,0.6800
KXBTC15M-26JUN030930-30,4,0.7700,0.7700,0.7600
KXBTC15M-26JUN030930-30,5,0.7200,0.7200,0.7100
KXBTC15M-26JUN031500-00,3,0.6200,0.6200,0.6100
KXBTC15M-26JUN031500-00,4,0.5200,0.5300,0.5200
KXBTC15M-26JUN031500-00,5,0.6200,0.6000,0.5900
KXBTC15M-26JUN030845-45,3,0.7000,0.7000,0.6900
KXBTC15M-26JUN030845-45,4,0.7200,0.7300,0.7200
KXBTC15M-26JUN030845-45,5,0.6500,0.6500,0.6400
KXBTC15M-26JUN030915-15,3,0.6400,0.6500,0.6400
KXBTC15M-26JUN030915-15,4,0.3800,0.3800,0.3700
KXBTC15M-26JUN030915-15,5,0.4000,0.4100,0.4000
KXBTC15M-26JUN030815-15,3,0.2700,0.2800,0.2700
KXBTC15M-26JUN030815-15,4,0.6500,0.6600,0.6500
KXBTC15M-26JUN030815-15,5,0.4300,0.4300,0.4200
KXBTC15M-26JUN030830-30,3,0.1700,0.1800,0.1700
KXBTC15M-26JUN030830-30,4,0.2200,0.2200,0.2100
KXBTC15M-26JUN030830-30,5,0.1500,0.1600,0.1500
KXBTC15M-26JUN030715-15,3,0.5900,0.5900,0.5800
KXBTC15M-26JUN030715-15,4,0.4300,0.4400,0.4300
KXBTC15M-26JUN030715-15,5,0.2900,0.2900,0.2800
KXBTC15M-26JUN031015-15,3,0.2600,0.2600,0.2500
KXBTC15M-26JUN031015-15,4,0.2400,0.2400,0.2300
KXBTC15M-26JUN031015-15,5,0.1800,0.1800,0.1600
KXBTC15M-26JUN030745-45,3,0.1300,0.1300,0.1200
KXBTC15M-26JUN030745-45,4,0.0860,0.0850,0.0800
KXBTC15M-26JUN030745-45,5,0.0500,0.0510,0.0500
KXBTC15M-26JUN030700-00,3,0.3300,0.3300,0.3200
KXBTC15M-26JUN030700-00,4,0.3900,0.3900,0.3800
KXBTC15M-26JUN030700-00,5,0.2900,0.3000,0.2900
KXBTC15M-26JUN030900-00,3,0.6200,0.6100,0.6000
KXBTC15M-26JUN030900-00,4,0.6500,0.6500,0.6400
KXBTC15M-26JUN030900-00,5,0.7400,0.7500,0.7400
KXBTC15M-26JUN030545-45,3,0.4600,0.4600,0.4500
KXBTC15M-26JUN030545-45,4,0.5100,0.5100,0.5000
KXBTC15M-26JUN030545-45,5,0.4500,0.4600,0.4500
KXBTC15M-26JUN031145-45,3,0.2000,0.2000,0.1900
KXBTC15M-26JUN031145-45,4,0.0920,0.0950,0.0920
KXBTC15M-26JUN031145-45,5,0.1700,0.1700,0.1600
KXBTC15M-26JUN030600-00,3,0.2400,0.2500,0.2400
KXBTC15M-26JUN030600-00,4,0.9500,0.9730,0.9520
KXBTC15M-26JUN030600-00,5,0.9920,0.9940,0.9920
KXBTC15M-26JUN030500-00,3,0.4100,0.4100,0.4000
KXBTC15M-26JUN030500-00,4,0.6000,0.6000,0.5900
KXBTC15M-26JUN030500-00,5,0.4700,0.4800,0.4700
KXBTC15M-26JUN031100-00,3,0.7000,0.7100,0.7000
KXBTC15M-26JUN031100-00,4,0.6500,0.6600,0.6500
KXBTC15M-26JUN031100-00,5,0.4500,0.4400,0.4200
KXBTC15M-26JUN030430-30,3,0.6200,0.6300,0.6200
KXBTC15M-26JUN030430-30,4,0.5400,0.5600,0.5400
KXBTC15M-26JUN030430-30,5,0.4200,0.4300,0.4200
KXBTC15M-26JUN030400-00,3,0.7000,0.7100,0.7000
KXBTC15M-26JUN030400-00,4,0.8400,0.8400,0.8300
KXBTC15M-26JUN030400-00,5,0.8500,0.8700,0.8500
KXBTC15M-26JUN030630-30,3,0.2300,0.2400,0.2300
KXBTC15M-26JUN030630-30,4,0.1900,0.2000,0.1900
KXBTC15M-26JUN030630-30,5,0.2100,0.2100,0.2000
KXBTC15M-26JUN030415-15,3,0.5300,0.5400,0.5300
KXBTC15M-26JUN030415-15,4,0.5400,0.5600,0.5400
KXBTC15M-26JUN030415-15,5,0.4200,0.4200,0.4100
KXBTC15M-26JUN030530-30,3,0.2200,0.2300,0.2200
KXBTC15M-26JUN030530-30,4,0.1600,0.1600,0.1500
KXBTC15M-26JUN030530-30,5,0.1300,0.1300,0.1200
KXBTC15M-26JUN030345-45,3,0.6700,0.6800,0.6700
KXBTC15M-26JUN030345-45,4,0.7200,0.7300,0.7200
KXBTC15M-26JUN030345-45,5,0.5200,0.5200,0.5000
KXBTC15M-26JUN030245-45,3,0.8400,0.8500,0.8400
KXBTC15M-26JUN030245-45,4,0.9120,0.9210,0.9140
KXBTC15M-26JUN030245-45,5,0.9270,0.9270,0.9070
KXBTC15M-26JUN030445-45,3,0.8800,0.8800,0.8700
KXBTC15M-26JUN030445-45,4,0.7800,0.7900,0.7800
KXBTC15M-26JUN030445-45,5,0.7700,0.7800,0.7700
KXBTC15M-26JUN030300-00,3,0.3900,0.4000,0.3900
KXBTC15M-26JUN030300-00,4,0.1700,0.1700,0.1600
KXBTC15M-26JUN030300-00,5,0.0710,0.0780,0.0700
KXBTC15M-26JUN030230-30,3,0.7800,0.8000,0.7900
KXBTC15M-26JUN030230-30,4,0.6900,0.6900,0.6800
KXBTC15M-26JUN030230-30,5,0.7800,0.7900,0.7800
KXBTC15M-26JUN030730-30,3,0.6000,0.6000,0.5900
KXBTC15M-26JUN030730-30,4,0.7500,0.7600,0.7500
KXBTC15M-26JUN030730-30,5,0.6100,0.6200,0.6100
KXBTC15M-26JUN030115-15,3,0.9000,0.9000,0.8900
KXBTC15M-26JUN030115-15,4,0.9670,0.9720,0.9670
KXBTC15M-26JUN030115-15,5,0.9640,0.9650,0.9640
KXBTC15M-26JUN030100-00,3,0.6000,0.6100,0.6000
KXBTC15M-26JUN030100-00,4,0.5300,0.5400,0.5300
KXBTC15M-26JUN030100-00,5,0.5000,0.5000,0.4900
KXBTC15M-26JUN030645-45,3,0.6500,0.6600,0.6500
KXBTC15M-26JUN030645-45,4,0.6000,0.6000,0.5900
KXBTC15M-26JUN030645-45,5,0.6400,0.6400,0.6300
KXBTC15M-26JUN030045-45,3,0.1600,0.1600,0.1500
KXBTC15M-26JUN030045-45,4,0.1800,0.1800,0.1700
KXBTC15M-26JUN030045-45,5,0.1500,0.1500,0.1400
KXBTC15M-26JUN030215-15,3,0.2300,0.2400,0.2300
KXBTC15M-26JUN030215-15,4,0.2600,0.2700,0.2600
KXBTC15M-26JUN030215-15,5,0.1600,0.1700,0.1600
KXBTC15M-26JUN030000-00,3,0.4400,0.4500,0.4400
KXBTC15M-26JUN030000-00,4,0.2300,0.2400,0.2300
KXBTC15M-26JUN030000-00,5,0.0810,0.0860,0.0810
KXBTC15M-26JUN030200-00,3,0.6600,0.6600,0.6500
KXBTC15M-26JUN030200-00,4,0.7100,0.7200,0.7100
KXBTC15M-26JUN030200-00,5,0.8500,0.8600,0.8500
KXBTC15M-26JUN030015-15,3,0.9500,0.9500,0.9470
KXBTC15M-26JUN030015-15,4,0.9750,0.9750,0.9740
KXBTC15M-26JUN030015-15,5,0.9810,0.9850,0.9820
KXBTC15M-26JUN030130-30,3,0.6000,0.6100,0.6000
KXBTC15M-26JUN030130-30,4,0.5300,0.5500,0.5300
KXBTC15M-26JUN030130-30,5,0.3500,0.3600,0.3500
KXBTC15M-26JUN022315-15,3,0.4400,0.4400,0.4300
KXBTC15M-26JUN022315-15,4,0.4200,0.4200,0.4100
KXBTC15M-26JUN022315-15,5,0.4400,0.4500,0.4400
KXBTC15M-26JUN022300-00,3,0.3800,0.3900,0.3800
KXBTC15M-26JUN022300-00,4,0.5400,0.5400,0.5300
KXBTC15M-26JUN022300-00,5,0.7100,0.7100,0.7000
KXBTC15M-26JUN022230-30,3,0.7400,0.7500,0.7400
KXBTC15M-26JUN022230-30,4,0.7400,0.7500,0.7400
KXBTC15M-26JUN022230-30,5,0.4500,0.4600,0.4500
KXBTC15M-26JUN030315-15,3,0.4600,0.4700,0.4600
KXBTC15M-26JUN030315-15,4,0.4700,0.4800,0.4700
KXBTC15M-26JUN030315-15,5,0.6200,0.6300,0.6200
KXBTC15M-26JUN022130-30,3,0.7300,0.7300,0.7100
KXBTC15M-26JUN022130-30,4,0.6800,0.7000,0.6800
KXBTC15M-26JUN022130-30,5,0.7600,0.7700,0.7600
KXBTC15M-26JUN022345-45,3,0.3100,0.3100,0.3000
KXBTC15M-26JUN022345-45,4,0.2900,0.2900,0.2700
KXBTC15M-26JUN022345-45,5,0.4700,0.4800,0.4700
KXBTC15M-26JUN022330-30,3,0.3000,0.3100,0.3000
KXBTC15M-26JUN022330-30,4,0.2400,0.2500,0.2400
KXBTC15M-26JUN022330-30,5,0.1300,0.1300,0.1200
KXBTC15M-26JUN022030-30,3,0.8900,0.9000,0.8900
KXBTC15M-26JUN022030-30,4,0.9080,0.9090,0.9080
KXBTC15M-26JUN022030-30,5,0.8500,0.8600,0.8500
KXBTC15M-26JUN022015-15,3,0.3800,0.3900,0.3800
KXBTC15M-26JUN022015-15,4,0.4600,0.4700,0.4600
KXBTC15M-26JUN022015-15,5,0.4400,0.4400,0.4300
KXBTC15M-26JUN022100-00,3,0.3700,0.3700,0.3600
KXBTC15M-26JUN022100-00,4,0.2600,0.2700,0.2600
KXBTC15M-26JUN022100-00,5,0.2600,0.2600,0.2500
KXBTC15M-26JUN021945-45,3,0.7400,0.7500,0.7400
KXBTC15M-26JUN021945-45,4,0.7200,0.7200,0.7100
KXBTC15M-26JUN021945-45,5,0.8100,0.8100,0.8000
KXBTC15M-26JUN030145-45,3,0.1500,0.1500,0.1400
KXBTC15M-26JUN030145-45,4,0.2100,0.2100,0.2000
KXBTC15M-26JUN030145-45,5,0.2200,0.2200,0.2100
KXBTC15M-26JUN022200-00,3,0.6300,0.6300,0.6200
KXBTC15M-26JUN022200-00,4,0.8400,0.8500,0.8400
KXBTC15M-26JUN022200-00,5,0.8600,0.8700,0.8600
KXBTC15M-26JUN030030-30,3,0.5300,0.5400,0.5300
KXBTC15M-26JUN030030-30,4,0.5400,0.5400,0.5300
KXBTC15M-26JUN030030-30,5,0.6300,0.6300,0.6200
KXBTC15M-26JUN021900-00,3,0.0740,0.0740,0.0730
KXBTC15M-26JUN021900-00,4,0.1500,0.1700,0.1600
KXBTC15M-26JUN021900-00,5,0.0530,0.0530,0.0510
KXBTC15M-26JUN021845-45,3,0.1900,0.1900,0.1800
KXBTC15M-26JUN021845-45,4,0.0500,0.0560,0.0490
KXBTC15M-26JUN021845-45,5,0.0300,0.0300,0.0290
KXBTC15M-26JUN021830-30,3,0.1600,0.1600,0.1500
KXBTC15M-26JUN021830-30,4,0.1600,0.1600,0.1500
KXBTC15M-26JUN021830-30,5,0.1300,0.1300,0.1200
KXBTC15M-26JUN022045-45,3,0.8700,0.8700,0.8600
KXBTC15M-26JUN022045-45,4,0.9000,0.9080,0.9050
KXBTC15M-26JUN022045-45,5,0.9420,0.9450,0.9430
KXBTC15M-26JUN022000-00,3,0.6800,0.6800,0.6700
KXBTC15M-26JUN022000-00,4,0.7000,0.7000,0.6900
KXBTC15M-26JUN022000-00,5,0.6900,0.6900,0.6800
KXBTC15M-26JUN021800-00,3,0.3300,0.3300,0.3200
KXBTC15M-26JUN021800-00,4,0.1600,0.1600,0.1500
KXBTC15M-26JUN021800-00,5,0.1900,0.2000,0.1900
KXBTC15M-26JUN021745-45,3,0.6500,0.6600,0.6500
KXBTC15M-26JUN021745-45,4,0.6800,0.6800,0.6700
KXBTC15M-26JUN021745-45,5,0.6700,0.6700,0.6600
KXBTC15M-26JUN021700-00,3,0.8600,0.8700,0.8600
KXBTC15M-26JUN021700-00,4,0.9240,0.9250,0.9240
KXBTC15M-26JUN021700-00,5,0.9380,0.9380,0.9350
KXBTC15M-26JUN021645-45,3,0.9460,0.9450,0.9440
KXBTC15M-26JUN021645-45,4,0.8900,0.8900,0.8800
KXBTC15M-26JUN021645-45,5,0.9130,0.9160,0.9120
KXBTC15M-26JUN021630-30,3,0.0800,0.0810,0.0800
KXBTC15M-26JUN021630-30,4,0.0900,0.0900,0.0870
KXBTC15M-26JUN021630-30,5,0.0690,0.0690,0.0680
KXBTC15M-26JUN022145-45,3,0.1800,0.1800,0.1700
KXBTC15M-26JUN022145-45,4,0.1400,0.1400,0.1300
KXBTC15M-26JUN022145-45,5,0.0540,0.0540,0.0530
KXBTC15M-26JUN022215-15,3,0.4100,0.4100,0.4000
KXBTC15M-26JUN022215-15,4,0.3600,0.3700,0.3600
KXBTC15M-26JUN022215-15,5,0.4400,0.4400,0.4300
KXBTC15M-26JUN021545-45,3,0.0790,0.0790,0.0620
KXBTC15M-26JUN021545-45,4,0.0540,0.0530,0.0520
KXBTC15M-26JUN021545-45,5,0.0660,0.0670,0.0650
KXBTC15M-26JUN021715-15,3,0.4200,0.4300,0.4200
KXBTC15M-26JUN021715-15,4,0.4600,0.4600,0.4500
KXBTC15M-26JUN021715-15,5,0.9180,0.9190,0.9180
KXBTC15M-26JUN021445-45,3,0.2800,0.2900,0.2800
KXBTC15M-26JUN021445-45,4,0.2900,0.2900,0.2800
KXBTC15M-26JUN021445-45,5,0.2000,0.2000,0.1900
KXBTC15M-26JUN021500-00,3,0.5100,0.5100,0.5000
KXBTC15M-26JUN021500-00,4,0.5100,0.5100,0.5000
KXBTC15M-26JUN021500-00,5,0.4700,0.4800,0.4700
KXBTC15M-26JUN021415-15,3,0.5600,0.5700,0.5600
KXBTC15M-26JUN021415-15,4,0.6300,0.6400,0.6200
KXBTC15M-26JUN021415-15,5,0.6400,0.6300,0.6200
KXBTC15M-26JUN021915-15,3,0.3800,0.3800,0.3700
KXBTC15M-26JUN021915-15,4,0.4800,0.4800,0.4700
KXBTC15M-26JUN021915-15,5,0.4600,0.4700,0.4600
KXBTC15M-26JUN021615-15,3,0.4000,0.4100,0.4000
KXBTC15M-26JUN021615-15,4,0.5200,0.5300,0.5200
KXBTC15M-26JUN021615-15,5,0.7200,0.7300,0.7200
KXBTC15M-26JUN021600-00,3,0.8100,0.8200,0.8100
KXBTC15M-26JUN021600-00,4,0.8900,0.9000,0.8900
KXBTC15M-26JUN021600-00,5,0.9460,0.9460,0.9430
KXBTC15M-26JUN021400-00,3,0.2900,0.3100,0.2900
KXBTC15M-26JUN021400-00,4,0.3700,0.3800,0.3700
KXBTC15M-26JUN021400-00,5,0.1800,0.1800,0.1700
KXBTC15M-26JUN021515-15,3,0.3400,0.3400,0.3300
KXBTC15M-26JUN021515-15,4,0.2800,0.2800,0.2700
KXBTC15M-26JUN021515-15,5,0.1700,0.1700,0.1600
KXBTC15M-26JUN021245-45,3,0.4400,0.4500,0.4400
KXBTC15M-26JUN021245-45,4,0.3600,0.3700,0.3600
KXBTC15M-26JUN021245-45,5,0.3700,0.3700,0.3600
KXBTC15M-26JUN021730-30,3,0.9140,0.9140,0.9130
KXBTC15M-26JUN021730-30,4,0.9410,0.9420,0.9410
KXBTC15M-26JUN021730-30,5,0.9790,0.9800,0.9780
KXBTC15M-26JUN021200-00,3,0.3800,0.3900,0.3800
KXBTC15M-26JUN021200-00,4,0.2500,0.2600,0.2500
KXBTC15M-26JUN021200-00,5,0.2100,0.2100,0.2000
KXBTC15M-26JUN021215-15,3,0.5700,0.5700,0.5600
KXBTC15M-26JUN021215-15,4,0.7800,0.7900,0.7800
KXBTC15M-26JUN021215-15,5,0.8500,0.8600,0.8500
KXBTC15M-26JUN021115-15,3,0.1900,0.2000,0.1900
KXBTC15M-26JUN021115-15,4,0.3200,0.3300,0.3200
KXBTC15M-26JUN021115-15,5,0.4100,0.4200,0.4100
KXBTC15M-26JUN021345-45,3,0.2400,0.2400,0.2300
KXBTC15M-26JUN021345-45,4,0.2200,0.2200,0.2100
KXBTC15M-26JUN021345-45,5,0.2700,0.2800,0.2700
KXBTC15M-26JUN021145-45,3,0.3200,0.3200,0.3100
KXBTC15M-26JUN021145-45,4,0.1600,0.1500,0.1400
KXBTC15M-26JUN021145-45,5,0.1700,0.1800,0.1700
KXBTC15M-26JUN021100-00,3,0.8700,0.8800,0.8700
KXBTC15M-26JUN021100-00,4,0.8900,0.8900,0.8800
KXBTC15M-26JUN021100-00,5,0.8900,0.9000,0.8900
KXBTC15M-26JUN021015-15,3,0.2300,0.2200,0.2100
KXBTC15M-26JUN021015-15,4,0.1600,0.1800,0.1600
KXBTC15M-26JUN021015-15,5,0.2100,0.2200,0.2000
KXBTC15M-26JUN021315-15,3,0.7000,0.7100,0.7000
KXBTC15M-26JUN021315-15,4,0.7600,0.7800,0.7700
KXBTC15M-26JUN021315-15,5,0.8700,0.8700,0.8600
KXBTC15M-26JUN020930-30,3,0.6800,0.6900,0.6800
KXBTC15M-26JUN020930-30,4,0.6200,0.6300,0.6200
KXBTC15M-26JUN020930-30,5,0.7400,0.7400,0.7300
KXBTC15M-26JUN021000-00,3,0.5700,0.5800,0.5700
KXBTC15M-26JUN021000-00,4,0.5100,0.5200,0.5100
KXBTC15M-26JUN021000-00,5,0.4400,0.4500,0.4400
KXBTC15M-26JUN020945-45,3,0.3400,0.3500,0.3400
KXBTC15M-26JUN020945-45,4,0.3100,0.3200,0.3100
KXBTC15M-26JUN020945-45,5,0.2600,0.2500,0.2400
KXBTC15M-26JUN021430-30,3,0.3300,0.3300,0.3200
KXBTC15M-26JUN021430-30,4,0.2500,0.2600,0.2500
KXBTC15M-26JUN021430-30,5,0.1700,0.1700,0.1600
KXBTC15M-26JUN020815-15,3,0.5300,0.5500,0.5300
KXBTC15M-26JUN020815-15,4,0.4700,0.4700,0.4600
KXBTC15M-26JUN020815-15,5,0.1100,0.1200,0.1100
KXBTC15M-26JUN021045-45,3,0.8100,0.8100,0.8000
KXBTC15M-26JUN021045-45,4,0.7600,0.7700,0.7500
KXBTC15M-26JUN021045-45,5,0.8800,0.8900,0.8800
KXBTC15M-26JUN020745-45,3,0.3700,0.3700,0.3300
KXBTC15M-26JUN020745-45,4,0.2900,0.2900,0.2800
KXBTC15M-26JUN020745-45,5,0.3000,0.3100,0.3000
KXBTC15M-26JUN020800-00,3,0.7500,0.7600,0.7500
KXBTC15M-26JUN020800-00,4,0.7300,0.7300,0.7200
KXBTC15M-26JUN020800-00,5,0.8200,0.8200,0.8100
KXBTC15M-26JUN020715-15,3,0.2600,0.2600,0.2500
KXBTC15M-26JUN020715-15,4,0.1900,0.1800,0.1700
KXBTC15M-26JUN020715-15,5,0.1200,0.1300,0.1100
KXBTC15M-26JUN021300-00,3,0.8100,0.8100,0.8000
KXBTC15M-26JUN021300-00,4,0.8000,0.8000,0.7900
KXBTC15M-26JUN021300-00,5,0.7100,0.7200,0.7100
KXBTC15M-26JUN021230-30,3,0.7800,0.7800,0.7700
KXBTC15M-26JUN021230-30,4,0.7700,0.7700,0.7600
KXBTC15M-26JUN021230-30,5,0.5000,0.5100,0.5000
KXBTC15M-26JUN020900-00,3,0.3000,0.3100,0.3000
KXBTC15M-26JUN020900-00,4,0.2700,0.2800,0.2700
KXBTC15M-26JUN020900-00,5,0.2200,0.2300,0.2200
KXBTC15M-26JUN020645-45,3,0.2500,0.2400,0.2300
KXBTC15M-26JUN020645-45,4,0.1300,0.1300,0.1200
KXBTC15M-26JUN020645-45,5,0.0860,0.0850,0.0790
KXBTC15M-26JUN020600-00,3,0.5600,0.5700,0.5600
KXBTC15M-26JUN020600-00,4,0.4300,0.4400,0.4300
KXBTC15M-26JUN020600-00,5,0.2100,0.2100,0.2000
KXBTC15M-26JUN021130-30,3,0.3200,0.3200,0.3100
KXBTC15M-26JUN021130-30,4,0.2100,0.2100,0.2000
KXBTC15M-26JUN021130-30,5,0.2200,0.2300,0.2100
KXBTC15M-26JUN020515-15,3,0.1300,0.1400,0.1300
KXBTC15M-26JUN020515-15,4,0.0760,0.0840,0.0790
KXBTC15M-26JUN020515-15,5,0.1100,0.1200,0.1100
KXBTC15M-26JUN020500-00,3,0.2300,0.2300,0.2200
KXBTC15M-26JUN020500-00,4,0.1800,0.1800,0.1700
KXBTC15M-26JUN020500-00,5,0.2700,0.2800,0.2700
KXBTC15M-26JUN020445-45,3,0.6000,0.6000,0.5900
KXBTC15M-26JUN020445-45,4,0.5800,0.5900,0.5800
KXBTC15M-26JUN020445-45,5,0.4700,0.4800,0.4700
KXBTC15M-26JUN020430-30,3,0.3900,0.3800,0.3700
KXBTC15M-26JUN020430-30,4,0.1900,0.2000,0.1900
KXBTC15M-26JUN020430-30,5,0.1900,0.1900,0.1800
KXBTC15M-26JUN020630-30,3,0.5000,0.4900,0.4800
KXBTC15M-26JUN020630-30,4,0.6600,0.6700,0.6600
KXBTC15M-26JUN020630-30,5,0.5700,0.5700,0.5600
KXBTC15M-26JUN020400-00,3,0.2700,0.2800,0.2700
KXBTC15M-26JUN020400-00,4,0.1900,0.2100,0.2000
KXBTC15M-26JUN020400-00,5,0.3400,0.3400,0.3300
KXBTC15M-26JUN020345-45,3,0.8900,0.9000,0.8900
KXBTC15M-26JUN020345-45,4,0.8800,0.8900,0.8800
KXBTC15M-26JUN020345-45,5,0.8900,0.9070,0.8900
KXBTC15M-26JUN020615-15,3,0.6000,0.6100,0.6000
KXBTC15M-26JUN020615-15,4,0.7900,0.8000,0.7900
KXBTC15M-26JUN020615-15,5,0.8300,0.8400,0.8300
KXBTC15M-26JUN020300-00,3,0.1800,0.1800,0.1700
KXBTC15M-26JUN020300-00,4,0.3700,0.3800,0.3700
KXBTC15M-26JUN020300-00,5,0.5000,0.5100,0.5000
KXBTC15M-26JUN020845-45,3,0.2000,0.2100,0.2000
KXBTC15M-26JUN020845-45,4,0.2200,0.2300,0.2200
KXBTC15M-26JUN020845-45,5,0.2200,0.2200,0.2100
KXBTC15M-26JUN020245-45,3,0.3400,0.3400,0.3300
KXBTC15M-26JUN020245-45,4,0.4200,0.4200,0.4100
KXBTC15M-26JUN020245-45,5,0.3800,0.4000,0.3700
KXBTC15M-26JUN020215-15,3,0.8000,0.8100,0.8000
KXBTC15M-26JUN020215-15,4,0.7600,0.7800,0.7600
KXBTC15M-26JUN020215-15,5,0.9030,0.9070,0.9030
KXBTC15M-26JUN020730-30,3,0.1100,0.1100,0.1000
KXBTC15M-26JUN020730-30,4,0.1400,0.1500,0.1300
KXBTC15M-26JUN020730-30,5,0.1800,0.1800,0.1600
KXBTC15M-26JUN020145-45,3,0.7800,0.7800,0.7700
KXBTC15M-26JUN020145-45,4,0.6800,0.6900,0.6800
KXBTC15M-26JUN020145-45,5,0.6700,0.6700,0.6600
KXBTC15M-26JUN020700-00,3,0.5000,0.5000,0.4900
KXBTC15M-26JUN020700-00,4,0.4900,0.5000,0.4900
KXBTC15M-26JUN020700-00,5,0.6300,0.6400,0.6300
KXBTC15M-26JUN020115-15,3,0.1200,0.1300,0.1200
KXBTC15M-26JUN020115-15,4,0.0660,0.0660,0.0610
KXBTC15M-26JUN020115-15,5,0.0800,0.0800,0.0790
KXBTC15M-26JUN020330-30,3,0.8800,0.8900,0.8800
KXBTC15M-26JUN020330-30,4,0.7800,0.8000,0.7900
KXBTC15M-26JUN020330-30,5,0.7900,0.8000,0.7900
KXBTC15M-26JUN020100-00,3,0.1300,0.1300,0.1200
KXBTC15M-26JUN020100-00,4,0.0910,0.0940,0.0910
KXBTC15M-26JUN020100-00,5,0.0850,0.0860,0.0850
KXBTC15M-26JUN020545-45,3,0.8300,0.8300,0.8200
KXBTC15M-26JUN020545-45,4,0.8700,0.8700,0.8600
KXBTC15M-26JUN020545-45,5,0.9020,0.9020,0.9010
KXBTC15M-26JUN020000-00,3,0.3100,0.3000,0.2900
KXBTC15M-26JUN020000-00,4,0.3600,0.3700,0.3600
KXBTC15M-26JUN020000-00,5,0.5500,0.5800,0.5700
KXBTC15M-26JUN012330-30,3,0.6000,0.6100,0.6000
KXBTC15M-26JUN012330-30,4,0.5000,0.5100,0.5000
KXBTC15M-26JUN012330-30,5,0.2600,0.2700,0.2600
KXBTC15M-26JUN020015-15,3,0.5000,0.5000,0.4900
KXBTC15M-26JUN020015-15,4,0.4900,0.4900,0.4800
KXBTC15M-26JUN020015-15,5,0.5800,0.5900,0.5800
KXBTC15M-26JUN020130-30,3,0.3600,0.3700,0.3500
KXBTC15M-26JUN020130-30,4,0.2000,0.2200,0.2000
KXBTC15M-26JUN020130-30,5,0.2500,0.2500,0.2300
KXBTC15M-26JUN012315-15,3,0.7500,0.7500,0.7400
KXBTC15M-26JUN012315-15,4,0.9090,0.9080,0.9040
KXBTC15M-26JUN012315-15,5,0.9500,0.9480,0.9470
KXBTC15M-26JUN012300-00,3,0.7900,0.7900,0.7800
KXBTC15M-26JUN012300-00,4,0.6800,0.6800,0.6700
KXBTC15M-26JUN012300-00,5,0.8900,0.9000,0.8900
KXBTC15M-26JUN012200-00,3,0.2100,0.2200,0.2100
KXBTC15M-26JUN012200-00,4,0.2800,0.2800,0.2700
KXBTC15M-26JUN012200-00,5,0.2000,0.2000,0.1900
KXBTC15M-26JUN020315-15,3,0.1100,0.1200,0.1100
KXBTC15M-26JUN020315-15,4,0.0900,0.1000,0.0910
KXBTC15M-26JUN020315-15,5,0.1600,0.1600,0.1500
KXBTC15M-26JUN012215-15,3,0.2800,0.2900,0.2800
KXBTC15M-26JUN012215-15,4,0.1500,0.1600,0.1500
KXBTC15M-26JUN012215-15,5,0.0580,0.0580,0.0560
KXBTC15M-26JUN012145-45,3,0.0870,0.0860,0.0850
KXBTC15M-26JUN012145-45,4,0.0400,0.0390,0.0360
KXBTC15M-26JUN012145-45,5,0.0230,0.0230,0.0220
KXBTC15M-26JUN012345-45,3,0.5800,0.5900,0.5800
KXBTC15M-26JUN012345-45,4,0.3500,0.3500,0.3400
KXBTC15M-26JUN012345-45,5,0.4800,0.4800,0.4700
KXBTC15M-26JUN012115-15,3,0.7200,0.7200,0.7100
KXBTC15M-26JUN012115-15,4,0.4300,0.4300,0.4200
KXBTC15M-26JUN012115-15,5,0.5400,0.5600,0.5400
KXBTC15M-26JUN012030-30,3,0.3200,0.3300,0.3200
KXBTC15M-26JUN012030-30,4,0.2800,0.2800,0.2700
KXBTC15M-26JUN012030-30,5,0.2400,0.2400,0.2300
KXBTC15M-26JUN020200-00,3,0.2000,0.2100,0.2000
KXBTC15M-26JUN020200-00,4,0.2600,0.2600,0.2500
KXBTC15M-26JUN020200-00,5,0.1500,0.1700,0.1500
KXBTC15M-26JUN011945-45,3,0.7300,0.7400,0.7300
KXBTC15M-26JUN011945-45,4,0.7800,0.8000,0.7900
KXBTC15M-26JUN011945-45,5,0.8300,0.8400,0.8300
KXBTC15M-26JUN012015-15,3,0.2500,0.2500,0.2400
KXBTC15M-26JUN012015-15,4,0.1700,0.1800,0.1700
KXBTC15M-26JUN012015-15,5,0.1700,0.1700,0.1600
KXBTC15M-26JUN012000-00,3,0.3700,0.3700,0.3600
KXBTC15M-26JUN012000-00,4,0.6300,0.6400,0.6300
KXBTC15M-26JUN012000-00,5,0.5600,0.5600,0.5500
KXBTC15M-26JUN011915-15,3,0.3300,0.3300,0.3200
KXBTC15M-26JUN011915-15,4,0.3200,0.3400,0.3200
KXBTC15M-26JUN011915-15,5,0.2100,0.2200,0.2100
KXBTC15M-26JUN011830-30,3,0.9070,0.9090,0.9070
KXBTC15M-26JUN011830-30,4,0.9230,0.9240,0.9230
KXBTC15M-26JUN011830-30,5,0.9310,0.9320,0.9310
KXBTC15M-26JUN011815-15,3,0.1700,0.1900,0.1800
KXBTC15M-26JUN011815-15,4,0.1000,0.1100,0.1000
KXBTC15M-26JUN011815-15,5,0.1400,0.1500,0.1400
KXBTC15M-26JUN012100-00,3,0.5500,0.5600,0.5500
KXBTC15M-26JUN012100-00,4,0.6300,0.6300,0.6200
KXBTC15M-26JUN012100-00,5,0.7400,0.7500,0.7400
KXBTC15M-26JUN011800-00,3,0.7700,0.7800,0.7700
KXBTC15M-26JUN011800-00,4,0.8300,0.8300,0.8200
KXBTC15M-26JUN011800-00,5,0.8600,0.8700,0.8600
KXBTC15M-26JUN011745-45,3,0.4800,0.4800,0.4700
KXBTC15M-26JUN011745-45,4,0.4800,0.4800,0.4700
KXBTC15M-26JUN011745-45,5,0.4300,0.4400,0.4300
KXBTC15M-26JUN011730-30,3,0.2200,0.2200,0.2100
KXBTC15M-26JUN011730-30,4,0.2500,0.2500,0.2400
KXBTC15M-26JUN011730-30,5,0.5700,0.5700,0.5600
KXBTC15M-26JUN012245-45,3,0.5000,0.5100,0.5000
KXBTC15M-26JUN012245-45,4,0.4700,0.4700,0.4600
KXBTC15M-26JUN012245-45,5,0.5900,0.5900,0.5800
KXBTC15M-26JUN011715-15,3,0.4200,0.4200,0.4100
KXBTC15M-26JUN011715-15,4,0.3700,0.3600,0.3500
KXBTC15M-26JUN011715-15,5,0.1300,0.1300,0.1100
KXBTC15M-26JUN011700-00,3,0.4500,0.4500,0.4400
KXBTC15M-26JUN011700-00,4,0.4400,0.4600,0.4500
KXBTC15M-26JUN011700-00,5,0.2700,0.2700,0.2600
KXBTC15M-26JUN011900-00,3,0.9440,0.9460,0.9440
KXBTC15M-26JUN011900-00,4,0.9480,0.9490,0.9480
KXBTC15M-26JUN011900-00,5,0.9560,0.9570,0.9560
KXBTC15M-26JUN011615-15,3,0.4400,0.4400,0.4300
KXBTC15M-26JUN011615-15,4,0.2900,0.2900,0.2800
KXBTC15M-26JUN011615-15,5,0.2600,0.2600,0.2500
KXBTC15M-26JUN011600-00,3,0.2200,0.2200,0.2100
KXBTC15M-26JUN011600-00,4,0.1400,0.1500,0.1300
KXBTC15M-26JUN011600-00,5,0.2400,0.2400,0.2300
KXBTC15M-26JUN011545-45,3,0.8100,0.8300,0.8100
KXBTC15M-26JUN011545-45,4,0.8000,0.8100,0.8000
KXBTC15M-26JUN011545-45,5,0.7800,0.7800,0.7600
KXBTC15M-26JUN011530-30,3,0.3800,0.3900,0.3800
KXBTC15M-26JUN011530-30,4,0.4600,0.4700,0.4600
KXBTC15M-26JUN011530-30,5,0.5000,0.5000,0.4900
KXBTC15M-26JUN011415-15,3,0.3100,0.3200,0.3100
KXBTC15M-26JUN011415-15,4,0.2800,0.2900,0.2800
KXBTC15M-26JUN011415-15,5,0.2600,0.2600,0.2500
KXBTC15M-26JUN011400-00,3,0.4800,0.4900,0.4800
KXBTC15M-26JUN011400-00,4,0.6500,0.6500,0.6400
KXBTC15M-26JUN011400-00,5,0.7900,0.7900,0.7800
KXBTC15M-26JUN011645-45,3,0.6000,0.6100,0.6000
KXBTC15M-26JUN011645-45,4,0.6600,0.6600,0.6500
KXBTC15M-26JUN011645-45,5,0.8400,0.8400,0.8300
KXBTC15M-26JUN011930-30,3,0.8100,0.8200,0.8100
KXBTC15M-26JUN011930-30,4,0.7600,0.7700,0.7600
KXBTC15M-26JUN011930-30,5,0.7200,0.7200,0.7100
KXBTC15M-26JUN011345-45,3,0.4400,0.4400,0.4300
KXBTC15M-26JUN011345-45,4,0.4100,0.4100,0.4000
KXBTC15M-26JUN011345-45,5,0.4100,0.4400,0.4100
KXBTC15M-26JUN011300-00,3,0.7500,0.7600,0.7500
KXBTC15M-26JUN011300-00,4,0.6400,0.6500,0.6400
KXBTC15M-26JUN011300-00,5,0.5600,0.5600,0.5500
KXBTC15M-26JUN011845-45,3,0.3500,0.3500,0.3400
KXBTC15M-26JUN011845-45,4,0.1900,0.2000,0.1900
KXBTC15M-26JUN011845-45,5,0.2500,0.2500,0.2400
KXBTC15M-26JUN011215-15,3,0.5500,0.5600,0.5500
KXBTC15M-26JUN011215-15,4,0.6300,0.6400,0.6200
KXBTC15M-26JUN011215-15,5,0.6000,0.6100,0.6000
KXBTC15M-26JUN011500-00,3,0.2400,0.2400,0.2300
KXBTC15M-26JUN011500-00,4,0.1300,0.1300,0.1200
KXBTC15M-26JUN011500-00,5,0.1600,0.1700,0.1600
KXBTC15M-26JUN011515-15,3,0.2800,0.2900,0.2800
KXBTC15M-26JUN011515-15,4,0.2900,0.2900,0.2800
KXBTC15M-26JUN011515-15,5,0.3500,0.3500,0.3400
KXBTC15M-26JUN011130-30,3,0.1100,0.1200,0.1100
KXBTC15M-26JUN011130-30,4,0.0800,0.0780,0.0750
KXBTC15M-26JUN011130-30,5,0.1200,0.1300,0.1200
KXBTC15M-26JUN011115-15,3,0.6200,0.6200,0.6100
KXBTC15M-26JUN011115-15,4,0.7300,0.7300,0.7200
KXBTC15M-26JUN011115-15,5,0.6700,0.6700,0.6600
KXBTC15M-26JUN011330-30,3,0.2000,0.2000,0.1900
KXBTC15M-26JUN011330-30,4,0.2900,0.2800,0.2700
KXBTC15M-26JUN011330-30,5,0.2400,0.2500,0.2400
KXBTC15M-26JUN011630-30,3,0.6000,0.6000,0.5900
KXBTC15M-26JUN011630-30,4,0.7700,0.7800,0.7700
KXBTC15M-26JUN011630-30,5,0.7100,0.7100,0.7000
KXBTC15M-26JUN011100-00,3,0.7500,0.7500,0.7400
KXBTC15M-26JUN011100-00,4,0.6000,0.6200,0.5900
KXBTC15M-26JUN011100-00,5,0.7500,0.7600,0.7500
KXBTC15M-26JUN011245-45,3,0.8300,0.8400,0.8300
KXBTC15M-26JUN011245-45,4,0.8600,0.8700,0.8600
KXBTC15M-26JUN011245-45,5,0.8000,0.8000,0.7900
KXBTC15M-26JUN010930-30,3,0.8300,0.8300,0.8200
KXBTC15M-26JUN010930-30,4,0.7800,0.7800,0.7700
KXBTC15M-26JUN010930-30,5,0.8400,0.8500,0.8400
KXBTC15M-26JUN011200-00,3,0.2700,0.2800,0.2700
KXBTC15M-26JUN011200-00,4,0.1700,0.1900,0.1800
KXBTC15M-26JUN011200-00,5,0.1600,0.1600,0.1500
KXBTC15M-26JUN010915-15,3,0.1500,0.1500,0.1400
KXBTC15M-26JUN010915-15,4,0.1100,0.1100,0.1000
KXBTC15M-26JUN010915-15,5,0.0890,0.0890,0.0870
KXBTC15M-26JUN011145-45,3,0.8800,0.9000,0.8700
KXBTC15M-26JUN011145-45,4,0.9300,0.9340,0.9290
KXBTC15M-26JUN011145-45,5,0.9330,0.9470,0.9400
KXBTC15M-26JUN010845-45,3,0.4100,0.4100,0.4000
KXBTC15M-26JUN010845-45,4,0.3700,0.3800,0.3700
KXBTC15M-26JUN010845-45,5,0.3900,0.3900,0.3800
KXBTC15M-26JUN011045-45,3,0.3500,0.3400,0.3300
KXBTC15M-26JUN011045-45,4,0.3200,0.3400,0.3200
KXBTC15M-26JUN011045-45,5,0.5100,0.5100,0.5000
KXBTC15M-26JUN010800-00,3,0.6800,0.6700,0.6600
KXBTC15M-26JUN010800-00,4,0.5100,0.5200,0.5000
KXBTC15M-26JUN010800-00,5,0.1800,0.2000,0.1800
KXBTC15M-26JUN011030-30,3,0.5000,0.5100,0.5000
KXBTC15M-26JUN011030-30,4,0.3600,0.3600,0.3500
KXBTC15M-26JUN011030-30,5,0.3700,0.3700,0.3600
KXBTC15M-26JUN010945-45,3,0.7000,0.7000,0.6900
KXBTC15M-26JUN010945-45,4,0.7400,0.7400,0.7300
KXBTC15M-26JUN010945-45,5,0.8400,0.8400,0.8300
KXBTC15M-26JUN010745-45,3,0.2200,0.2200,0.2100
KXBTC15M-26JUN010745-45,4,0.3600,0.3700,0.3600
KXBTC15M-26JUN010745-45,5,0.4400,0.4400,0.4300
KXBTC15M-26JUN010700-00,3,0.7400,0.7500,0.7400
KXBTC15M-26JUN010700-00,4,0.8000,0.8000,0.7900
KXBTC15M-26JUN010700-00,5,0.8100,0.8300,0.8100
KXBTC15M-26JUN011230-30,3,0.7000,0.7100,0.7000
KXBTC15M-26JUN011230-30,4,0.6600,0.6600,0.6500
KXBTC15M-26JUN011230-30,5,0.6900,0.7000,0.6900
KXBTC15M-26JUN010645-45,3,0.3000,0.3100,0.3000
KXBTC15M-26JUN010645-45,4,0.2600,0.2700,0.2600
KXBTC15M-26JUN010645-45,5,0.3400,0.3500,0.3400
KXBTC15M-26JUN010830-30,3,0.6400,0.6500,0.5800
KXBTC15M-26JUN010830-30,4,0.6800,0.6900,0.6800
KXBTC15M-26JUN010830-30,5,0.8800,0.8800,0.8700
KXBTC15M-26JUN010615-15,3,0.1800,0.1900,0.1800
KXBTC15M-26JUN010615-15,4,0.1800,0.1800,0.1700
KXBTC15M-26JUN010615-15,5,0.1600,0.1600,0.1500
KXBTC15M-26JUN010545-45,3,0.4200,0.4300,0.4200
KXBTC15M-26JUN010545-45,4,0.4000,0.4000,0.3900
KXBTC15M-26JUN010545-45,5,0.2100,0.2200,0.2100
KXBTC15M-26JUN010530-30,3,0.4900,0.5000,0.4900
KXBTC15M-26JUN010530-30,4,0.6100,0.6200,0.6100
KXBTC15M-26JUN010530-30,5,0.7800,0.7900,0.7800
KXBTC15M-26JUN010515-15,3,0.8200,0.8300,0.8200
KXBTC15M-26JUN010515-15,4,0.8000,0.8100,0.8000
KXBTC15M-26JUN010515-15,5,0.9040,0.9040,0.9030
KXBTC15M-26JUN011015-15,3,0.6500,0.6600,0.6500
KXBTC15M-26JUN011015-15,4,0.7900,0.7900,0.7800
KXBTC15M-26JUN011015-15,5,0.7000,0.7000,0.6900
KXBTC15M-26JUN010430-30,3,0.3800,0.3900,0.3800
KXBTC15M-26JUN010430-30,4,0.5600,0.5700,0.5600
KXBTC15M-26JUN010430-30,5,0.6100,0.6200,0.6100
KXBTC15M-26JUN010400-00,3,0.0680,0.0670,0.0650
KXBTC15M-26JUN010400-00,4,0.0610,0.0610,0.0590
KXBTC15M-26JUN010400-00,5,0.1900,0.1900,0.1800
KXBTC15M-26JUN010630-30,3,0.3600,0.3600,0.3500
KXBTC15M-26JUN010630-30,4,0.2200,0.2300,0.2200
KXBTC15M-26JUN010630-30,5,0.2600,0.2900,0.2800
KXBTC15M-26JUN010415-15,3,0.6000,0.6000,0.5900
KXBTC15M-26JUN010415-15,4,0.5600,0.5600,0.5500
KXBTC15M-26JUN010415-15,5,0.6600,0.6600,0.6500
KXBTC15M-26JUN010345-45,3,0.1500,0.1500,0.1400
KXBTC15M-26JUN010345-45,4,0.1700,0.1800,0.1700
KXBTC15M-26JUN010345-45,5,0.2000,0.2100,0.2000
KXBTC15M-26JUN010600-00,3,0.7400,0.7600,0.7500
KXBTC15M-26JUN010600-00,4,0.6900,0.7000,0.6900
KXBTC15M-26JUN010600-00,5,0.7000,0.7000,0.6800
KXBTC15M-26JUN010230-30,3,0.5400,0.5400,0.5300
KXBTC15M-26JUN010230-30,4,0.5200,0.5000,0.4900
KXBTC15M-26JUN010230-30,5,0.2200,0.2200,0.2100
KXBTC15M-26JUN010215-15,3,0.3300,0.3300,0.3200
KXBTC15M-26JUN010215-15,4,0.3300,0.3300,0.3100
KXBTC15M-26JUN010215-15,5,0.1900,0.1900,0.1800
KXBTC15M-26JUN010200-00,3,0.6900,0.7000,0.6900
KXBTC15M-26JUN010200-00,4,0.5300,0.5300,0.5200
KXBTC15M-26JUN010200-00,5,0.6400,0.6500,0.6400
KXBTC15M-26JUN010730-30,3,0.6400,0.6400,0.6300
KXBTC15M-26JUN010730-30,4,0.7600,0.7700,0.7600
KXBTC15M-26JUN010730-30,5,0.7300,0.7400,0.7300
KXBTC15M-26JUN010715-15,3,0.4400,0.4400,0.4300
KXBTC15M-26JUN010715-15,4,0.2500,0.2500,0.2400
KXBTC15M-26JUN010715-15,5,0.2200,0.2200,0.2100
KXBTC15M-26JUN010145-45,3,0.7000,0.7100,0.7000
KXBTC15M-26JUN010145-45,4,0.7700,0.7700,0.7600
KXBTC15M-26JUN010145-45,5,0.7300,0.7400,0.7300
KXBTC15M-26JUN010100-00,3,0.1600,0.1600,0.1500
KXBTC15M-26JUN010100-00,4,0.1700,0.1800,0.1700
KXBTC15M-26JUN010100-00,5,0.2300,0.2300,0.2200
KXBTC15M-26JUN010315-15,3,0.3000,0.3100,0.2900
KXBTC15M-26JUN010315-15,4,0.4400,0.4400,0.4300
KXBTC15M-26JUN010315-15,5,0.6600,0.6700,0.6600
KXBTC15M-26JUN010030-30,3,0.1800,0.1800,0.1700
KXBTC15M-26JUN010030-30,4,0.1400,0.1500,0.1400
KXBTC15M-26JUN010030-30,5,0.1100,0.1100,0.1000
KXBTC15M-26JUN010300-00,3,0.6100,0.6300,0.6200
KXBTC15M-26JUN010300-00,4,0.8900,0.9040,0.8900
KXBTC15M-26JUN010300-00,5,0.9320,0.9420,0.9330
KXBTC15M-26JUN010045-45,3,0.5800,0.5900,0.5800
KXBTC15M-26JUN010045-45,4,0.5700,0.5800,0.5700
KXBTC15M-26JUN010045-45,5,0.7200,0.7400,0.7200
KXBTC15M-26JUN010000-00,3,0.7300,0.7400,0.7300
KXBTC15M-26JUN010000-00,4,0.7300,0.7500,0.7400
KXBTC15M-26JUN010000-00,5,0.7700,0.7900,0.7700
KXBTC15M-26MAY312345-45,3,0.5500,0.5600,0.5500
KXBTC15M-26MAY312345-45,4,0.5700,0.5900,0.5800
KXBTC15M-26MAY312345-45,5,0.5100,0.5100,0.4900
KXBTC15M-26JUN010445-45,3,0.7200,0.7200,0.7100
KXBTC15M-26JUN010445-45,4,0.8000,0.8000,0.7900
KXBTC15M-26JUN010445-45,5,0.8700,0.8800,0.8700
KXBTC15M-26MAY312215-15,3,0.6800,0.6800,0.6700
KXBTC15M-26MAY312215-15,4,0.7100,0.7200,0.7100
KXBTC15M-26MAY312215-15,5,0.8800,0.8800,0.8700
KXBTC15M-26JUN010330-30,3,0.2300,0.2300,0.2200
KXBTC15M-26JUN010330-30,4,0.5400,0.5500,0.5400
KXBTC15M-26JUN010330-30,5,0.3500,0.3600,0.3500
KXBTC15M-26MAY312230-30,3,0.2100,0.2200,0.2100
KXBTC15M-26MAY312230-30,4,0.1400,0.1400,0.1300
KXBTC15M-26MAY312230-30,5,0.3900,0.3900,0.3700
KXBTC15M-26MAY312200-00,3,0.7700,0.7800,0.7700
KXBTC15M-26MAY312200-00,4,0.8600,0.8600,0.8500
KXBTC15M-26MAY312200-00,5,0.7600,0.7600,0.7500
KXBTC15M-26MAY312115-15,3,0.1800,0.1800,0.1700
KXBTC15M-26MAY312115-15,4,0.0970,0.0980,0.0970
KXBTC15M-26MAY312115-15,5,0.0600,0.0600,0.0580
KXBTC15M-26MAY312145-45,3,0.3800,0.3800,0.3700
KXBTC15M-26MAY312145-45,4,0.4900,0.4900,0.4800
KXBTC15M-26MAY312145-45,5,0.5800,0.6000,0.5800
KXBTC15M-26MAY312045-45,3,0.2100,0.2100,0.2000
KXBTC15M-26MAY312045-45,4,0.4100,0.4200,0.4100
KXBTC15M-26MAY312045-45,5,0.3200,0.3300,0.3200
KXBTC15M-26MAY312245-45,3,0.3000,0.3100,0.3000
KXBTC15M-26MAY312245-45,4,0.3000,0.3200,0.3000
KXBTC15M-26MAY312245-45,5,0.2300,0.2300,0.2200
KXBTC15M-26MAY312015-15,3,0.9150,0.9160,0.9150
KXBTC15M-26MAY312015-15,4,0.9440,0.9450,0.9440
KXBTC15M-26MAY312015-15,5,0.9000,0.9000,0.8900
KXBTC15M-26MAY312030-30,3,0.3700,0.3700,0.3600
KXBTC15M-26MAY312030-30,4,0.3600,0.3700,0.3600
KXBTC15M-26MAY312030-30,5,0.4200,0.4200,0.4100
KXBTC15M-26JUN010115-15,3,0.3100,0.3100,0.2900
KXBTC15M-26JUN010115-15,4,0.3700,0.3800,0.3700
KXBTC15M-26JUN010115-15,5,0.3100,0.3300,0.3100
KXBTC15M-26MAY312000-00,3,0.7600,0.7600,0.7500
KXBTC15M-26MAY312000-00,4,0.8500,0.8600,0.8500
KXBTC15M-26MAY312000-00,5,0.9290,0.9280,0.9250
KXBTC15M-26MAY311915-15,3,0.9270,0.9270,0.9260
KXBTC15M-26MAY311915-15,4,0.8000,0.8100,0.8000
KXBTC15M-26MAY311915-15,5,0.7200,0.7200,0.7000
KXBTC15M-26MAY311945-45,3,0.0910,0.1100,0.0950
KXBTC15M-26MAY311945-45,4,0.1100,0.1100,0.1000
KXBTC15M-26MAY311945-45,5,0.0400,0.0400,0.0380
KXBTC15M-26MAY312100-00,3,0.5700,0.5900,0.5700
KXBTC15M-26MAY312100-00,4,0.5300,0.5400,0.5300
KXBTC15M-26MAY312100-00,5,0.3800,0.3900,0.3800
KXBTC15M-26MAY311845-45,3,0.7500,0.7600,0.7500
KXBTC15M-26MAY311845-45,4,0.8200,0.8200,0.8100
KXBTC15M-26MAY311845-45,5,0.7800,0.7800,0.7600
KXBTC15M-26MAY311815-15,3,0.0770,0.0770,0.0720
KXBTC15M-26MAY311815-15,4,0.1000,0.1000,0.0990
KXBTC15M-26MAY311815-15,5,0.1600,0.1700,0.1600
KXBTC15M-26MAY312315-15,3,0.8300,0.8300,0.8200
KXBTC15M-26MAY312315-15,4,0.8700,0.8800,0.8700
KXBTC15M-26MAY312315-15,5,0.8400,0.8400,0.8300
KXBTC15M-26MAY311730-30,3,0.7600,0.7700,0.7600
KXBTC15M-26MAY311730-30,4,0.4500,0.4600,0.4200
KXBTC15M-26MAY311730-30,5,0.3800,0.3800,0.3700
KXBTC15M-26MAY311800-00,3,0.9130,0.9130,0.9040
KXBTC15M-26MAY311800-00,4,0.8400,0.8400,0.8200
KXBTC15M-26MAY311800-00,5,0.8700,0.8700,0.8600
KXBTC15M-26MAY311645-45,3,0.5200,0.5200,0.5100
KXBTC15M-26MAY311645-45,4,0.3100,0.3200,0.3100
KXBTC15M-26MAY311645-45,5,0.4000,0.4000,0.3900
KXBTC15M-26MAY311715-15,3,0.2200,0.2300,0.2200
KXBTC15M-26MAY311715-15,4,0.5400,0.5500,0.5400
KXBTC15M-26MAY311715-15,5,0.3600,0.3700,0.3600
KXBTC15M-26MAY311615-15,3,0.8200,0.8300,0.8200
KXBTC15M-26MAY311615-15,4,0.8100,0.8200,0.8100
KXBTC15M-26MAY311615-15,5,0.7700,0.7800,0.7700
KXBTC15M-26MAY311545-45,3,0.1800,0.1800,0.1700
KXBTC15M-26MAY311545-45,4,0.2700,0.2700,0.2500
KXBTC15M-26MAY311545-45,5,0.2800,0.2800,0.2600
KXBTC15M-26MAY311530-30,3,0.6500,0.6600,0.6500
KXBTC15M-26MAY311530-30,4,0.7300,0.7400,0.7300
KXBTC15M-26MAY311530-30,5,0.7500,0.7600,0.7500
KXBTC15M-26MAY311515-15,3,0.5200,0.5300,0.5200
KXBTC15M-26MAY311515-15,4,0.3200,0.3200,0.3000
KXBTC15M-26MAY311515-15,5,0.3500,0.3500,0.3400
KXBTC15M-26MAY311500-00,3,0.2500,0.2500,0.2400
KXBTC15M-26MAY311500-00,4,0.3000,0.3100,0.2900
KXBTC15M-26MAY311500-00,5,0.2300,0.2400,0.2300
KXBTC15M-26MAY311430-30,3,0.2400,0.2500,0.2300
KXBTC15M-26MAY311430-30,4,0.3700,0.3700,0.3600
KXBTC15M-26MAY311430-30,5,0.2400,0.2400,0.2300
KXBTC15M-26MAY311415-15,3,0.1400,0.1400,0.1300
KXBTC15M-26MAY311415-15,4,0.1600,0.1600,0.1500
KXBTC15M-26MAY311415-15,5,0.2000,0.2100,0.2000
KXBTC15M-26MAY311445-45,3,0.6200,0.6200,0.6100
KXBTC15M-26MAY311445-45,4,0.5000,0.5000,0.4900
KXBTC15M-26MAY311445-45,5,0.5100,0.5300,0.5200
KXBTC15M-26MAY311630-30,3,0.6700,0.6800,0.6700
KXBTC15M-26MAY311630-30,4,0.7400,0.7400,0.7300
KXBTC15M-26MAY311630-30,5,0.8900,0.9000,0.8900
KXBTC15M-26MAY311930-30,3,0.4200,0.4200,0.4100
KXBTC15M-26MAY311930-30,4,0.3700,0.3700,0.3600
KXBTC15M-26MAY311930-30,5,0.1900,0.2000,0.1900
KXBTC15M-26MAY311400-00,3,0.5300,0.5300,0.5200
KXBTC15M-26MAY311400-00,4,0.4500,0.4500,0.4400
KXBTC15M-26MAY311400-00,5,0.3500,0.3500,0.3400
KXBTC15M-26MAY311245-45,3,0.1700,0.1800,0.1700
KXBTC15M-26MAY311245-45,4,0.0970,0.0970,0.0910
KXBTC15M-26MAY311245-45,5,0.0930,0.0900,0.0820
KXBTC15M-26MAY311215-15,3,0.7400,0.7500,0.7400
KXBTC15M-26MAY311215-15,4,0.7400,0.7500,0.7400
KXBTC15M-26MAY311215-15,5,0.8900,0.9000,0.8900
KXBTC15M-26MAY311230-30,3,0.3200,0.3200,0.3100
KXBTC15M-26MAY311230-30,4,0.4000,0.4000,0.3900
KXBTC15M-26MAY311230-30,5,0.5000,0.5100,0.5000
KXBTC15M-26MAY311745-45,3,0.4400,0.4500,0.4400
KXBTC15M-26MAY311745-45,4,0.7000,0.7100,0.7000
KXBTC15M-26MAY311745-45,5,0.8200,0.8300,0.8200
KXBTC15M-26MAY311200-00,3,0.7900,0.7900,0.7800
KXBTC15M-26MAY311200-00,4,0.5700,0.5800,0.5700
KXBTC15M-26MAY311200-00,5,0.5600,0.5600,0.5500
KXBTC15M-26MAY311115-15,3,0.5800,0.5900,0.5800
KXBTC15M-26MAY311115-15,4,0.4800,0.4900,0.4800
KXBTC15M-26MAY311115-15,5,0.7400,0.7400,0.7300
KXBTC15M-26MAY311700-00,3,0.6700,0.6900,0.6800
KXBTC15M-26MAY311700-00,4,0.6300,0.6200,0.6100
KXBTC15M-26MAY311700-00,5,0.7500,0.7500,0.7400
KXBTC15M-26MAY311345-45,3,0.8000,0.8000,0.7900
KXBTC15M-26MAY311345-45,4,0.8600,0.8800,0.8700
KXBTC15M-26MAY311345-45,5,0.9000,0.9000,0.8900
KXBTC15M-26MAY311100-00,3,0.8500,0.8500,0.8400
KXBTC15M-26MAY311100-00,4,0.7300,0.7400,0.7300
KXBTC15M-26MAY311100-00,5,0.8600,0.8700,0.8500
KXBTC15M-26MAY311045-45,3,0.7600,0.7800,0.7600
KXBTC15M-26MAY311045-45,4,0.8800,0.8800,0.8700
KXBTC15M-26MAY311045-45,5,0.9450,0.9500,0.9450
KXBTC15M-26MAY311030-30,3,0.0590,0.0600,0.0580
KXBTC15M-26MAY311030-30,4,0.0510,0.0510,0.0500
KXBTC15M-26MAY311030-30,5,0.0780,0.0780,0.0740
KXBTC15M-26MAY310930-30,3,0.5900,0.6000,0.5900
KXBTC15M-26MAY310930-30,4,0.7900,0.7900,0.7800
KXBTC15M-26MAY310930-30,5,0.8900,0.9000,0.8800
KXBTC15M-26MAY311000-00,3,0.3600,0.3600,0.3500
KXBTC15M-26MAY311000-00,4,0.1800,0.1900,0.1800
KXBTC15M-26MAY311000-00,5,0.2200,0.2300,0.2200
KXBTC15M-26MAY310900-00,3,0.3800,0.3800,0.3700
KXBTC15M-26MAY310900-00,4,0.3100,0.3200,0.3100
KXBTC15M-26MAY310900-00,5,0.4000,0.4100,0.4000
KXBTC15M-26MAY311145-45,3,0.4800,0.4800,0.4700
KXBTC15M-26MAY311145-45,4,0.6100,0.6100,0.6000
KXBTC15M-26MAY311145-45,5,0.4200,0.4400,0.4300
KXBTC15M-26MAY310815-15,3,0.1500,0.1500,0.1400
KXBTC15M-26MAY310815-15,4,0.0890,0.0900,0.0890
KXBTC15M-26MAY310815-15,5,0.0950,0.0930,0.0920
KXBTC15M-26MAY310845-45,3,0.4700,0.4700,0.4600
KXBTC15M-26MAY310845-45,4,0.2700,0.2800,0.2700
KXBTC15M-26MAY310845-45,5,0.4900,0.5000,0.4900
KXBTC15M-26MAY310730-30,3,0.6200,0.6300,0.6200
KXBTC15M-26MAY310730-30,4,0.6000,0.6100,0.6000
KXBTC15M-26MAY310730-30,5,0.4900,0.5000,0.4900
KXBTC15M-26MAY311330-30,3,0.7800,0.7900,0.7800
KXBTC15M-26MAY311330-30,4,0.6400,0.6500,0.6400
KXBTC15M-26MAY311330-30,5,0.8200,0.8300,0.8200
KXBTC15M-26MAY310945-45,3,0.5400,0.5400,0.5300
KXBTC15M-26MAY310945-45,4,0.3200,0.3200,0.3100
KXBTC15M-26MAY310945-45,5,0.5000,0.5200,0.5100
KXBTC15M-26MAY310645-45,3,0.8100,0.8100,0.8000
KXBTC15M-26MAY310645-45,4,0.7800,0.7900,0.7800
KXBTC15M-26MAY310645-45,5,0.6900,0.7000,0.6900
KXBTC15M-26MAY310915-15,3,0.4900,0.4900,0.4800
KXBTC15M-26MAY310915-15,4,0.2200,0.2200,0.2100
KXBTC15M-26MAY310915-15,5,0.2600,0.2600,0.2500
KXBTC15M-26MAY310715-15,3,0.7200,0.7300,0.7200
KXBTC15M-26MAY310715-15,4,0.7500,0.7600,0.7500
KXBTC15M-26MAY310715-15,5,0.7000,0.7000,0.6900
KXBTC15M-26MAY310630-30,3,0.1500,0.1600,0.1500
KXBTC15M-26MAY310630-30,4,0.1400,0.1400,0.1300
KXBTC15M-26MAY310630-30,5,0.0610,0.0650,0.0610
KXBTC15M-26MAY310830-30,3,0.8500,0.8600,0.8500
KXBTC15M-26MAY310830-30,4,0.8500,0.8500,0.8400
KXBTC15M-26MAY310830-30,5,0.7900,0.8000,0.7900
KXBTC15M-26MAY310615-15,3,0.4400,0.4500,0.4400
KXBTC15M-26MAY310615-15,4,0.6100,0.6100,0.6000
KXBTC15M-26MAY310615-15,5,0.6000,0.6000,0.5900
KXBTC15M-26MAY310745-45,3,0.1800,0.1800,0.1700
KXBTC15M-26MAY310745-45,4,0.1500,0.1600,0.1500
KXBTC15M-26MAY310745-45,5,0.1000,0.1100,0.1000
KXBTC15M-26MAY310530-30,3,0.8100,0.8100,0.8000
KXBTC15M-26MAY310530-30,4,0.8300,0.8300,0.8200
KXBTC15M-26MAY310530-30,5,0.7500,0.7600,0.7500
KXBTC15M-26MAY310515-15,3,0.1100,0.1100,0.1000
KXBTC15M-26MAY310515-15,4,0.0780,0.0880,0.0780
KXBTC15M-26MAY310515-15,5,0.0880,0.0880,0.0800
KXBTC15M-26MAY310700-00,3,0.5800,0.5800,0.5600
KXBTC15M-26MAY310700-00,4,0.7100,0.7200,0.7000
KXBTC15M-26MAY310700-00,5,0.7300,0.7500,0.7300
KXBTC15M-26MAY310430-30,3,0.7900,0.7900,0.7800
KXBTC15M-26MAY310430-30,4,0.7900,0.8000,0.7900
KXBTC15M-26MAY310430-30,5,0.9020,0.9070,0.9020
KXBTC15M-26MAY310345-45,3,0.0980,0.0980,0.0920
KXBTC15M-26MAY310345-45,4,0.0730,0.0780,0.0730
KXBTC15M-26MAY310345-45,5,0.0970,0.1000,0.0970
KXBTC15M-26MAY310415-15,3,0.8600,0.8600,0.8500
KXBTC15M-26MAY310415-15,4,0.9220,0.9220,0.9200
KXBTC15M-26MAY310415-15,5,0.9630,0.9560,0.9550
KXBTC15M-26MAY310315-15,3,0.1500,0.1500,0.1400
KXBTC15M-26MAY310315-15,4,0.0780,0.0780,0.0750
KXBTC15M-26MAY310315-15,5,0.0990,0.1100,0.0990
KXBTC15M-26MAY310330-30,3,0.3600,0.3700,0.3600
KXBTC15M-26MAY310330-30,4,0.3200,0.3300,0.3200
KXBTC15M-26MAY310330-30,5,0.2700,0.2700,0.2600
KXBTC15M-26MAY310215-15,3,0.1700,0.1700,0.1600
KXBTC15M-26MAY310215-15,4,0.1100,0.1200,0.1100
KXBTC15M-26MAY310215-15,5,0.0760,0.0760,0.0710
KXBTC15M-26MAY310500-00,3,0.3400,0.3400,0.3300
KXBTC15M-26MAY310500-00,4,0.4100,0.4100,0.4000
KXBTC15M-26MAY310500-00,5,0.2500,0.2600,0.2500
KXBTC15M-26MAY310230-30,3,0.5600,0.5800,0.5600
KXBTC15M-26MAY310230-30,4,0.7300,0.7500,0.7300
KXBTC15M-26MAY310230-30,5,0.7400,0.7500,0.7400
KXBTC15M-26MAY310130-30,3,0.6300,0.6300,0.6200
KXBTC15M-26MAY310130-30,4,0.4800,0.4900,0.4800
KXBTC15M-26MAY310130-30,5,0.6000,0.6000,0.5800
KXBTC15M-26MAY310200-00,3,0.4100,0.4100,0.4000
KXBTC15M-26MAY310200-00,4,0.4500,0.4500,0.4400
KXBTC15M-26MAY310200-00,5,0.5100,0.5300,0.5100
KXBTC15M-26MAY310045-45,3,0.2200,0.2300,0.2200
KXBTC15M-26MAY310045-45,4,0.2100,0.2100,0.2000
KXBTC15M-26MAY310045-45,5,0.3800,0.4000,0.3800
KXBTC15M-26MAY310030-30,3,0.5700,0.5900,0.5800
KXBTC15M-26MAY310030-30,4,0.6600,0.6700,0.6600
KXBTC15M-26MAY310030-30,5,0.8900,0.9000,0.8900
KXBTC15M-26MAY310015-15,3,0.6300,0.6300,0.6200
KXBTC15M-26MAY310015-15,4,0.5700,0.5800,0.5700
KXBTC15M-26MAY310015-15,5,0.6700,0.6700,0.6500
KXBTC15M-26MAY310300-00,3,0.6200,0.6200,0.6100
KXBTC15M-26MAY310300-00,4,0.6600,0.6700,0.6600
KXBTC15M-26MAY310300-00,5,0.4400,0.4500,0.4400
KXBTC15M-26MAY310545-45,3,0.6000,0.6000,0.5900
KXBTC15M-26MAY310545-45,4,0.5600,0.5700,0.5600
KXBTC15M-26MAY310545-45,5,0.4500,0.4700,0.4600
KXBTC15M-26MAY302315-15,3,0.6800,0.6800,0.6700
KXBTC15M-26MAY302315-15,4,0.5200,0.5400,0.5200
KXBTC15M-26MAY302315-15,5,0.5300,0.5300,0.5200
KXBTC15M-26MAY310000-00,3,0.6400,0.6600,0.6400
KXBTC15M-26MAY310000-00,4,0.6300,0.6300,0.6200
KXBTC15M-26MAY310000-00,5,0.5500,0.5600,0.5500
KXBTC15M-26MAY310445-45,3,0.1100,0.1100,0.0990
KXBTC15M-26MAY310445-45,4,0.1100,0.1200,0.1100
KXBTC15M-26MAY310445-45,5,0.1100,0.1200,0.1100
KXBTC15M-26MAY310115-15,3,0.2800,0.2700,0.2600
KXBTC15M-26MAY310115-15,4,0.3700,0.3700,0.3600
KXBTC15M-26MAY310115-15,5,0.4600,0.4800,0.4400
KXBTC15M-26MAY310100-00,3,0.3600,0.3800,0.3700
KXBTC15M-26MAY310100-00,4,0.6700,0.6700,0.6600
KXBTC15M-26MAY310100-00,5,0.6500,0.6600,0.6500
KXBTC15M-26MAY302230-30,3,0.7800,0.7900,0.7800
KXBTC15M-26MAY302230-30,4,0.5600,0.5800,0.5600
KXBTC15M-26MAY302230-30,5,0.3600,0.3600,0.3500
KXBTC15M-26MAY302130-30,3,0.7300,0.7400,0.7300
KXBTC15M-26MAY302130-30,4,0.8200,0.8400,0.8300
KXBTC15M-26MAY302130-30,5,0.8300,0.8500,0.8300
KXBTC15M-26MAY302345-45,3,0.3100,0.3200,0.3100
KXBTC15M-26MAY302345-45,4,0.6100,0.6100,0.6000
KXBTC15M-26MAY302345-45,5,0.4100,0.4200,0.4100
KXBTC15M-26MAY302145-45,3,0.9120,0.9130,0.9120
KXBTC15M-26MAY302145-45,4,0.9010,0.9010,0.9000
KXBTC15M-26MAY302145-45,5,0.9420,0.9480,0.9420
KXBTC15M-26MAY302300-00,3,0.4700,0.4700,0.4600
KXBTC15M-26MAY302300-00,4,0.6300,0.6500,0.6300
KXBTC15M-26MAY302300-00,5,0.6100,0.6100,0.6000
KXBTC15M-26MAY302245-45,3,0.4400,0.4500,0.4400
KXBTC15M-26MAY302245-45,4,0.1500,0.1400,0.1300
KXBTC15M-26MAY302245-45,5,0.1700,0.1800,0.1700
KXBTC15M-26MAY302045-45,3,0.7300,0.7300,0.7100
KXBTC15M-26MAY302045-45,4,0.7200,0.7300,0.7200
KXBTC15M-26MAY302045-45,5,0.7400,0.7400,0.7300
KXBTC15M-26MAY302215-15,3,0.6900,0.7000,0.6900
KXBTC15M-26MAY302215-15,4,0.7100,0.7300,0.7100
KXBTC15M-26MAY302215-15,5,0.8400,0.8400,0.8200
KXBTC15M-26MAY302200-00,3,0.8000,0.8100,0.8000
KXBTC15M-26MAY302200-00,4,0.7300,0.7500,0.7400
KXBTC15M-26MAY302200-00,5,0.7700,0.7700,0.7600
KXBTC15M-26MAY302000-00,3,0.8000,0.8100,0.8000
KXBTC15M-26MAY302000-00,4,0.8300,0.8500,0.8400
KXBTC15M-26MAY302000-00,5,0.8200,0.8300,0.8200
KXBTC15M-26MAY301900-00,3,0.8300,0.8300,0.8200
KXBTC15M-26MAY301900-00,4,0.9020,0.9090,0.9020
KXBTC15M-26MAY301900-00,5,0.8400,0.8500,0.8400
KXBTC15M-26MAY301915-15,3,0.8900,0.9000,0.8900
KXBTC15M-26MAY301915-15,4,0.9410,0.9410,0.9350
KXBTC15M-26MAY301915-15,5,0.9400,0.9410,0.9400
KXBTC15M-26MAY301830-30,3,0.5400,0.5500,0.5400
KXBTC15M-26MAY301830-30,4,0.3600,0.3600,0.3500
KXBTC15M-26MAY301830-30,5,0.3700,0.3700,0.3600
KXBTC15M-26MAY301845-45,3,0.6700,0.6800,0.6700
KXBTC15M-26MAY301845-45,4,0.6200,0.6200,0.6100
KXBTC15M-26MAY301845-45,5,0.6600,0.6600,0.6500
KXBTC15M-26MAY302030-30,3,0.4800,0.4800,0.4700
KXBTC15M-26MAY302030-30,4,0.4800,0.5000,0.4900
KXBTC15M-26MAY302030-30,5,0.6800,0.6800,0.6600
KXBTC15M-26MAY302015-15,3,0.5200,0.5100,0.5000
KXBTC15M-26MAY302015-15,4,0.6200,0.6400,0.6200
KXBTC15M-26MAY302015-15,5,0.5800,0.5800,0.5700
KXBTC15M-26MAY301800-00,3,0.1300,0.1400,0.1300
KXBTC15M-26MAY301800-00,4,0.1000,0.1100,0.1000
KXBTC15M-26MAY301800-00,5,0.0940,0.0890,0.0860
KXBTC15M-26MAY301700-00,3,0.6000,0.6100,0.6000
KXBTC15M-26MAY301700-00,4,0.6100,0.6100,0.6000
KXBTC15M-26MAY301700-00,5,0.5800,0.5900,0.5800
KXBTC15M-26MAY301630-30,3,0.6000,0.6100,0.6000
KXBTC15M-26MAY301630-30,4,0.4600,0.4700,0.4600
KXBTC15M-26MAY301630-30,5,0.5900,0.5900,0.5700
KXBTC15M-26MAY301715-15,3,0.6900,0.7000,0.6900
KXBTC15M-26MAY301715-15,4,0.5900,0.6000,0.5900
KXBTC15M-26MAY301715-15,5,0.6500,0.6600,0.6500
KXBTC15M-26MAY301645-45,3,0.3900,0.3800,0.3700
KXBTC15M-26MAY301645-45,4,0.3700,0.3700,0.3600
KXBTC15M-26MAY301645-45,5,0.2600,0.2700,0.2600
KXBTC15M-26MAY301530-30,3,0.7500,0.7600,0.7500
KXBTC15M-26MAY301530-30,4,0.6700,0.6900,0.6700
KXBTC15M-26MAY301530-30,5,0.5600,0.5700,0.5600
KXBTC15M-26MAY301615-15,3,0.2300,0.2400,0.2300
KXBTC15M-26MAY301615-15,4,0.0730,0.0720,0.0630
KXBTC15M-26MAY301615-15,5,0.2000,0.2100,0.2000
KXBTC15M-26MAY302100-00,3,0.3500,0.3600,0.3400
KXBTC15M-26MAY302100-00,4,0.2900,0.3100,0.3000
KXBTC15M-26MAY302100-00,5,0.5700,0.5800,0.5700
KXBTC15M-26MAY301515-15,3,0.4200,0.4300,0.4000
KXBTC15M-26MAY301515-15,4,0.5000,0.5200,0.5100
KXBTC15M-26MAY301515-15,5,0.2800,0.2900,0.2800
KXBTC15M-26MAY301500-00,3,0.4600,0.4600,0.4500
KXBTC15M-26MAY301500-00,4,0.2700,0.2800,0.2700
KXBTC15M-26MAY301500-00,5,0.1900,0.2000,0.1900
KXBTC15M-26MAY301730-30,3,0.7400,0.7600,0.7500
KXBTC15M-26MAY301730-30,4,0.6400,0.6400,0.6300
KXBTC15M-26MAY301730-30,5,0.7300,0.7300,0.7200
KXBTC15M-26MAY301945-45,3,0.2100,0.2100,0.2000
KXBTC15M-26MAY301945-45,4,0.1900,0.2000,0.1900
KXBTC15M-26MAY301945-45,5,0.1200,0.1200,0.1100
KXBTC15M-26MAY301930-30,3,0.8100,0.8200,0.8100
KXBTC15M-26MAY301930-30,4,0.6800,0.6800,0.6700
KXBTC15M-26MAY301930-30,5,0.3400,0.3500,0.3400
KXBTC15M-26MAY301415-15,3,0.6500,0.6500,0.6400
KXBTC15M-26MAY301415-15,4,0.4800,0.5000,0.4900
KXBTC15M-26MAY301415-15,5,0.5200,0.5400,0.5200
KXBTC15M-26MAY301300-00,3,0.2800,0.2900,0.2800
KXBTC15M-26MAY301300-00,4,0.2700,0.2800,0.2700
KXBTC15M-26MAY301300-00,5,0.2100,0.2100,0.2000
KXBTC15M-26MAY301345-45,3,0.0810,0.0810,0.0760
KXBTC15M-26MAY301345-45,4,0.0940,0.1000,0.0940
KXBTC15M-26MAY301345-45,5,0.0800,0.0930,0.0800
KXBTC15M-26MAY301230-30,3,0.2400,0.2400,0.2300
KXBTC15M-26MAY301230-30,4,0.2200,0.2100,0.2000
KXBTC15M-26MAY301230-30,5,0.3300,0.3300,0.3200
KXBTC15M-26MAY301315-15,3,0.6000,0.6100,0.6000
KXBTC15M-26MAY301315-15,4,0.6400,0.6400,0.6300
KXBTC15M-26MAY301315-15,5,0.3800,0.3900,0.3800
KXBTC15M-26MAY301745-45,3,0.3400,0.3400,0.3200
KXBTC15M-26MAY301745-45,4,0.3200,0.3300,0.3200
KXBTC15M-26MAY301745-45,5,0.1400,0.1500,0.1400
KXBTC15M-26MAY301145-45,3,0.1800,0.1900,0.1800
KXBTC15M-26MAY301145-45,4,0.3200,0.3100,0.3000
KXBTC15M-26MAY301145-45,5,0.3000,0.3000,0.2900
KXBTC15M-26MAY301115-15,3,0.4500,0.4600,0.4500
KXBTC15M-26MAY301115-15,4,0.3400,0.3500,0.3400
KXBTC15M-26MAY301115-15,5,0.3100,0.3100,0.3000
KXBTC15M-26MAY301330-30,3,0.5800,0.5900,0.5800
KXBTC15M-26MAY301330-30,4,0.6500,0.6500,0.6400
KXBTC15M-26MAY301330-30,5,0.9360,0.9360,0.9350
KXBTC15M-26MAY301130-30,3,0.1300,0.1400,0.1300
KXBTC15M-26MAY301130-30,4,0.1600,0.1600,0.1500
KXBTC15M-26MAY301130-30,5,0.0800,0.0790,0.0700
KXBTC15M-26MAY301045-45,3,0.4800,0.4800,0.4600
KXBTC15M-26MAY301045-45,4,0.7000,0.7200,0.7100
KXBTC15M-26MAY301045-45,5,0.5500,0.5400,0.5300
KXBTC15M-26MAY301015-15,3,0.8700,0.8700,0.8600
KXBTC15M-26MAY301015-15,4,0.8800,0.8900,0.8800
KXBTC15M-26MAY301015-15,5,0.9040,0.9000,0.8900
KXBTC15M-26MAY301000-00,3,0.7500,0.7600,0.7500
KXBTC15M-26MAY301000-00,4,0.5700,0.5700,0.5600
KXBTC15M-26MAY301000-00,5,0.8300,0.8400,0.8300
KXBTC15M-26MAY301215-15,3,0.4200,0.4300,0.4200
KXBTC15M-26MAY301215-15,4,0.3800,0.3800,0.3600
KXBTC15M-26MAY301215-15,5,0.6200,0.6200,0.6100
KXBTC15M-26MAY301200-00,3,0.7800,0.7900,0.7800
KXBTC15M-26MAY301200-00,4,0.8100,0.8100,0.8000
KXBTC15M-26MAY301200-00,5,0.7100,0.7200,0.7100
KXBTC15M-26MAY300915-15,3,0.8400,0.8300,0.8200
KXBTC15M-26MAY300915-15,4,0.8100,0.8100,0.8000
KXBTC15M-26MAY300915-15,5,0.8500,0.8500,0.8400
KXBTC15M-26MAY300930-30,3,0.5100,0.5100,0.5000
KXBTC15M-26MAY300930-30,4,0.6600,0.6600,0.6500
KXBTC15M-26MAY300930-30,5,0.7200,0.7300,0.7200
KXBTC15M-26MAY300845-45,3,0.8600,0.8600,0.8500
KXBTC15M-26MAY300845-45,4,0.7700,0.7800,0.7700
KXBTC15M-26MAY300845-45,5,0.7900,0.7900,0.7800
KXBTC15M-26MAY301400-00,3,0.8100,0.8200,0.8100
KXBTC15M-26MAY301400-00,4,0.8600,0.8600,0.8500
KXBTC15M-26MAY301400-00,5,0.8800,0.8800,0.8700
KXBTC15M-26MAY301030-30,3,0.6800,0.6800,0.6700
KXBTC15M-26MAY301030-30,4,0.7800,0.7900,0.7800
KXBTC15M-26MAY301030-30,5,0.7900,0.8100,0.7900
KXBTC15M-26MAY300745-45,3,0.3800,0.3800,0.3700
KXBTC15M-26MAY300745-45,4,0.4000,0.4000,0.3900
KXBTC15M-26MAY300745-45,5,0.4200,0.4200,0.4100
KXBTC15M-26MAY300830-30,3,0.8200,0.8200,0.8100
KXBTC15M-26MAY300830-30,4,0.9040,0.9050,0.9040
KXBTC15M-26MAY300830-30,5,0.9530,0.9590,0.9530
KXBTC15M-26MAY300715-15,3,0.6100,0.6200,0.6100
KXBTC15M-26MAY300715-15,4,0.5800,0.5900,0.5800
KXBTC15M-26MAY300715-15,5,0.6000,0.6000,0.5900
KXBTC15M-26MAY300730-30,3,0.1100,0.1100,0.1000
KXBTC15M-26MAY300730-30,4,0.0980,0.1000,0.0980
KXBTC15M-26MAY300730-30,5,0.0930,0.0930,0.0910
KXBTC15M-26MAY300900-00,3,0.3900,0.3900,0.3800
KXBTC15M-26MAY300900-00,4,0.5300,0.5400,0.5300
KXBTC15M-26MAY300900-00,5,0.5200,0.5200,0.5100
KXBTC15M-26MAY300645-45,3,0.3500,0.3500,0.3400
KXBTC15M-26MAY300645-45,4,0.3400,0.3400,0.3300
KXBTC15M-26MAY300645-45,5,0.4000,0.4000,0.3900
KXBTC15M-26MAY300615-15,3,0.5100,0.5100,0.5000
KXBTC15M-26MAY300615-15,4,0.6100,0.6100,0.6000
KXBTC15M-26MAY300615-15,5,0.4500,0.4600,0.4500
KXBTC15M-26MAY300530-30,3,0.7000,0.7100,0.7000
KXBTC15M-26MAY300530-30,4,0.4000,0.4000,0.3900
KXBTC15M-26MAY300530-30,5,0.6300,0.6300,0.6200
KXBTC15M-26MAY300800-00,3,0.2600,0.2700,0.2600
KXBTC15M-26MAY300800-00,4,0.2200,0.2300,0.2200
KXBTC15M-26MAY300800-00,5,0.1700,0.1800,0.1700
KXBTC15M-26MAY300600-00,3,0.5600,0.5700,0.5600
KXBTC15M-26MAY300600-00,4,0.5900,0.6000,0.5900
KXBTC15M-26MAY300600-00,5,0.8700,0.8700,0.8600
KXBTC15M-26MAY300430-30,3,0.1700,0.2100,0.1700
KXBTC15M-26MAY300430-30,4,0.1800,0.1800,0.1700
KXBTC15M-26MAY300430-30,5,0.1800,0.1800,0.1700
KXBTC15M-26MAY300500-00,3,0.4500,0.4500,0.4400
KXBTC15M-26MAY300500-00,4,0.4700,0.4800,0.4700
KXBTC15M-26MAY300500-00,5,0.4400,0.4400,0.4300
KXBTC15M-26MAY300400-00,3,0.7200,0.7200,0.7100
KXBTC15M-26MAY300400-00,4,0.8500,0.8600,0.8500
KXBTC15M-26MAY300400-00,5,0.8700,0.8700,0.8600
KXBTC15M-26MAY300345-45,3,0.6900,0.6900,0.6800
KXBTC15M-26MAY300345-45,4,0.5300,0.5300,0.5200
KXBTC15M-26MAY300345-45,5,0.1600,0.1600,0.1500
KXBTC15M-26MAY300415-15,3,0.4100,0.4200,0.4100
KXBTC15M-26MAY300415-15,4,0.5900,0.6000,0.5900
KXBTC15M-26MAY300415-15,5,0.4100,0.4100,0.4000
KXBTC15M-26MAY300630-30,3,0.7700,0.7700,0.7600
KXBTC15M-26MAY300630-30,4,0.7900,0.8000,0.7900
KXBTC15M-26MAY300630-30,5,0.6100,0.6300,0.6100
KXBTC15M-26MAY300545-45,3,0.4000,0.4000,0.3900
KXBTC15M-26MAY300545-45,4,0.4200,0.4200,0.4100
KXBTC15M-26MAY300545-45,5,0.5300,0.5400,0.5300
KXBTC15M-26MAY300315-15,3,0.1700,0.1700,0.1600
KXBTC15M-26MAY300315-15,4,0.1200,0.1200,0.1100
KXBTC15M-26MAY300315-15,5,0.0930,0.0920,0.0870
KXBTC15M-26MAY300815-15,3,0.4500,0.4500,0.4400
KXBTC15M-26MAY300815-15,4,0.5000,0.5100,0.5000
KXBTC15M-26MAY300815-15,5,0.5500,0.5600,0.5500
KXBTC15M-26MAY300245-45,3,0.9020,0.8600,0.8500
KXBTC15M-26MAY300245-45,4,0.9240,0.9280,0.9230
KXBTC15M-26MAY300245-45,5,0.9640,0.9670,0.9640
KXBTC15M-26MAY300215-15,3,0.6100,0.6200,0.6100
KXBTC15M-26MAY300215-15,4,0.4200,0.4200,0.4100
KXBTC15M-26MAY300215-15,5,0.2000,0.2000,0.1900
KXBTC15M-26MAY300145-45,3,0.4900,0.5100,0.5000
KXBTC15M-26MAY300145-45,4,0.5800,0.5800,0.5700
KXBTC15M-26MAY300145-45,5,0.6000,0.6000,0.5900
KXBTC15M-26MAY300100-00,3,0.8700,0.8800,0.8700
KXBTC15M-26MAY300100-00,4,0.8900,0.9000,0.8900
KXBTC15M-26MAY300100-00,5,0.9370,0.9360,0.9320
KXBTC15M-26MAY300330-30,3,0.6300,0.6300,0.6200
KXBTC15M-26MAY300330-30,4,0.4200,0.4200,0.4100
KXBTC15M-26MAY300330-30,5,0.4300,0.4400,0.4300
KXBTC15M-26MAY300015-15,3,0.4700,0.4700,0.4600
KXBTC15M-26MAY300015-15,4,0.3200,0.3300,0.3200
KXBTC15M-26MAY300015-15,5,0.2100,0.2100,0.2000
KXBTC15M-26MAY300045-45,3,0.2100,0.2100,0.2000
KXBTC15M-26MAY300045-45,4,0.0660,0.0730,0.0660
KXBTC15M-26MAY300045-45,5,0.1100,0.1100,0.0930
KXBTC15M-26MAY300230-30,3,0.5200,0.5200,0.5100
KXBTC15M-26MAY300230-30,4,0.6800,0.6800,0.6700
KXBTC15M-26MAY300230-30,5,0.9070,0.9080,0.9070
KXBTC15M-26MAY300200-00,3,0.8900,0.8900,0.8700
KXBTC15M-26MAY300200-00,4,0.8300,0.8300,0.8100
KXBTC15M-26MAY300200-00,5,0.8900,0.8800,0.8700
KXBTC15M-26MAY292300-00,3,0.5400,0.5500,0.5400
KXBTC15M-26MAY292300-00,4,0.2800,0.2800,0.2700
KXBTC15M-26MAY292300-00,5,0.5400,0.5400,0.5300
KXBTC15M-26MAY292345-45,3,0.2200,0.2200,0.2100
KXBTC15M-26MAY292345-45,4,0.1200,0.1200,0.1100
KXBTC15M-26MAY292345-45,5,0.0630,0.0660,0.0580
KXBTC15M-26MAY292330-30,3,0.2500,0.2500,0.2400
KXBTC15M-26MAY292330-30,4,0.2100,0.2100,0.1900
KXBTC15M-26MAY292330-30,5,0.3900,0.3900,0.3800
KXBTC15M-26MAY292245-45,3,0.9000,0.8800,0.8700
KXBTC15M-26MAY292245-45,4,0.9080,0.9090,0.9080
KXBTC15M-26MAY292245-45,5,0.9120,0.9070,0.9060
KXBTC15M-26MAY292230-30,3,0.5100,0.5200,0.5100
KXBTC15M-26MAY292230-30,4,0.4100,0.4100,0.4000
KXBTC15M-26MAY292230-30,5,0.2600,0.2700,0.2600
KXBTC15M-26MAY300030-30,3,0.1500,0.1500,0.1400
KXBTC15M-26MAY300030-30,4,0.1400,0.1400,0.1300
KXBTC15M-26MAY300030-30,5,0.2000,0.1900,0.1800
KXBTC15M-26MAY292200-00,3,0.6900,0.7000,0.6900
KXBTC15M-26MAY292200-00,4,0.7900,0.7900,0.7800
KXBTC15M-26MAY292200-00,5,0.7100,0.7300,0.7100
KXBTC15M-26MAY292145-45,3,0.4600,0.4700,0.4600
KXBTC15M-26MAY292145-45,4,0.4600,0.4600,0.4500
KXBTC15M-26MAY292145-45,5,0.5900,0.5900,0.5800
KXBTC15M-26MAY292130-30,3,0.5100,0.5300,0.5100
KXBTC15M-26MAY292130-30,4,0.6900,0.7000,0.6900
KXBTC15M-26MAY292130-30,5,0.6600,0.6700,0.6600
KXBTC15M-26MAY292115-15,3,0.4400,0.4500,0.4400
KXBTC15M-26MAY292115-15,4,0.4000,0.4100,0.4000
KXBTC15M-26MAY292115-15,5,0.3800,0.3900,0.3800
KXBTC15M-26MAY292100-00,3,0.5000,0.5200,0.5100
KXBTC15M-26MAY292100-00,4,0.4200,0.4200,0.4100
KXBTC15M-26MAY292100-00,5,0.5800,0.5900,0.5800
KXBTC15M-26MAY292045-45,3,0.4000,0.4000,0.3900
KXBTC15M-26MAY292045-45,4,0.2500,0.2500,0.2400
KXBTC15M-26MAY292045-45,5,0.1900,0.2000,0.1900
KXBTC15M-26MAY300130-30,3,0.7700,0.7700,0.7500
KXBTC15M-26MAY300130-30,4,0.7600,0.7700,0.7600
KXBTC15M-26MAY300130-30,5,0.8500,0.8600,0.8500
KXBTC15M-26MAY291915-15,3,0.3100,0.3100,0.3000
KXBTC15M-26MAY291915-15,4,0.3800,0.3800,0.3700
KXBTC15M-26MAY291915-15,5,0.3200,0.3300,0.3200
KXBTC15M-26MAY291900-00,3,0.6600,0.6700,0.6600
KXBTC15M-26MAY291900-00,4,0.5900,0.6200,0.5800
KXBTC15M-26MAY291900-00,5,0.3700,0.3800,0.3700
KXBTC15M-26MAY291930-30,3,0.6100,0.6100,0.6000
KXBTC15M-26MAY291930-30,4,0.5700,0.5700,0.5600
KXBTC15M-26MAY291930-30,5,0.6700,0.6700,0.6600
KXBTC15M-26MAY291815-15,3,0.6700,0.6700,0.6600
KXBTC15M-26MAY291815-15,4,0.3800,0.3800,0.3700
KXBTC15M-26MAY291815-15,5,0.3500,0.3600,0.3500
KXBTC15M-26MAY291800-00,3,0.1300,0.1400,0.1300
KXBTC15M-26MAY291800-00,4,0.0580,0.0580,0.0570
KXBTC15M-26MAY291800-00,5,0.0480,0.0480,0.0420
KXBTC15M-26MAY291745-45,3,0.7000,0.7100,0.7000
KXBTC15M-26MAY291745-45,4,0.4700,0.4800,0.4700
KXBTC15M-26MAY291745-45,5,0.5300,0.5200,0.5100
KXBTC15M-26MAY292015-15,3,0.4000,0.4100,0.4000
KXBTC15M-26MAY292015-15,4,0.3600,0.3700,0.3600
KXBTC15M-26MAY292015-15,5,0.3800,0.3900,0.3800
KXBTC15M-26MAY291715-15,3,0.4800,0.4900,0.4800
KXBTC15M-26MAY291715-15,4,0.6200,0.6200,0.6100
KXBTC15M-26MAY291715-15,5,0.7500,0.7600,0.7500
KXBTC15M-26MAY291730-30,3,0.0910,0.0910,0.0900
KXBTC15M-26MAY291730-30,4,0.0760,0.0760,0.0750
KXBTC15M-26MAY291730-30,5,0.0480,0.0470,0.0420
KXBTC15M-26MAY292215-15,3,0.6800,0.6900,0.6800
KXBTC15M-26MAY292215-15,4,0.7500,0.7500,0.7400
KXBTC15M-26MAY292215-15,5,0.7100,0.7200,0.7100
KXBTC15M-26MAY291945-45,3,0.4100,0.4200,0.4100
KXBTC15M-26MAY291945-45,4,0.3800,0.3800,0.3700
KXBTC15M-26MAY291945-45,5,0.2400,0.2400,0.2200
KXBTC15M-26MAY291630-30,3,0.4600,0.4700,0.4600
KXBTC15M-26MAY291630-30,4,0.5100,0.5100,0.4900
KXBTC15M-26MAY291630-30,5,0.6800,0.6900,0.6800
KXBTC15M-26MAY291530-30,3,0.0610,0.0610,0.0540
KXBTC15M-26MAY291530-30,4,0.0990,0.0990,0.0970
KXBTC15M-26MAY291530-30,5,0.0660,0.0660,0.0650
KXBTC15M-26MAY291545-45,3,0.9540,0.9550,0.9540
KXBTC15M-26MAY291545-45,4,0.9680,0.9720,0.9680
KXBTC15M-26MAY291545-45,5,0.9880,0.9880,0.9840
KXBTC15M-26MAY292030-30,3,0.6700,0.6800,0.6600
KXBTC15M-26MAY292030-30,4,0.4500,0.4600,0.4500
KXBTC15M-26MAY292030-30,5,0.7700,0.7600,0.7500
KXBTC15M-26MAY291500-00,3,0.0880,0.0790,0.0770
KXBTC15M-26MAY291500-00,4,0.0270,0.0300,0.0250
KXBTC15M-26MAY291500-00,5,0.0370,0.0300,0.0280
KXBTC15M-26MAY291700-00,3,0.6000,0.6000,0.5800
KXBTC15M-26MAY291700-00,4,0.6800,0.6900,0.6800
KXBTC15M-26MAY291700-00,5,0.5600,0.5600,0.5500
KXBTC15M-26MAY291400-00,3,0.1200,0.1200,0.1100
KXBTC15M-26MAY291400-00,4,0.0540,0.0540,0.0530
KXBTC15M-26MAY291400-00,5,0.0280,0.0300,0.0290
KXBTC15M-26MAY291615-15,3,0.5300,0.5300,0.5200
KXBTC15M-26MAY291615-15,4,0.6900,0.6900,0.6800
KXBTC15M-26MAY291615-15,5,0.8400,0.8500,0.8400
KXBTC15M-26MAY291415-15,3,0.4700,0.4700,0.4600
KXBTC15M-26MAY291415-15,4,0.4900,0.4900,0.4800
KXBTC15M-26MAY291415-15,5,0.3600,0.3600,0.3500
KXBTC15M-26MAY291300-00,3,0.4900,0.5000,0.4900
KXBTC15M-26MAY291300-00,4,0.4900,0.5000,0.4800
KXBTC15M-26MAY291300-00,5,0.2800,0.2900,0.2700
KXBTC15M-26MAY291845-45,3,0.5500,0.5600,0.5500
KXBTC15M-26MAY291845-45,4,0.5000,0.5000,0.4900
KXBTC15M-26MAY291845-45,5,0.3000,0.3100,0.3000
KXBTC15M-26MAY291515-15,3,0.7700,0.7700,0.7600
KXBTC15M-26MAY291515-15,4,0.8100,0.8100,0.8000
KXBTC15M-26MAY291515-15,5,0.8600,0.8700,0.8600
KXBTC15M-26MAY291215-15,3,0.6300,0.6400,0.6300
KXBTC15M-26MAY291215-15,4,0.7200,0.7200,0.7100
KXBTC15M-26MAY291215-15,5,0.6300,0.6300,0.6100
KXBTC15M-26MAY291230-30,3,0.0710,0.0670,0.0660
KXBTC15M-26MAY291230-30,4,0.0500,0.0520,0.0500
KXBTC15M-26MAY291230-30,5,0.0320,0.0340,0.0320
KXBTC15M-26MAY291145-45,3,0.9580,0.9580,0.9440
KXBTC15M-26MAY291145-45,4,0.9600,0.9600,0.9570
KXBTC15M-26MAY291145-45,5,0.9600,0.9600,0.9590
KXBTC15M-26MAY291200-00,3,0.6400,0.6500,0.6400
KXBTC15M-26MAY291200-00,4,0.7400,0.7500,0.7400
KXBTC15M-26MAY291200-00,5,0.6500,0.6500,0.6400
KXBTC15M-26MAY291115-15,3,0.6400,0.6500,0.6400
KXBTC15M-26MAY291115-15,4,0.8700,0.8700,0.8600
KXBTC15M-26MAY291115-15,5,0.9000,0.9000,0.8900
KXBTC15M-26MAY291100-00,3,0.8600,0.8700,0.8600
KXBTC15M-26MAY291100-00,4,0.8300,0.8400,0.8300
KXBTC15M-26MAY291100-00,5,0.9440,0.9440,0.9420
KXBTC15M-26MAY291130-30,3,0.2200,0.2200,0.2100
KXBTC15M-26MAY291130-30,4,0.3200,0.3200,0.3100
KXBTC15M-26MAY291130-30,5,0.1300,0.1300,0.1200
KXBTC15M-26MAY291315-15,3,0.1900,0.1900,0.1800
KXBTC15M-26MAY291315-15,4,0.1700,0.1800,0.1700
KXBTC15M-26MAY291315-15,5,0.1400,0.1300,0.1200
KXBTC15M-26MAY291600-00,3,0.4000,0.4100,0.4000
KXBTC15M-26MAY291600-00,4,0.4600,0.4600,0.4500
KXBTC15M-26MAY291600-00,5,0.2800,0.3100,0.3000
KXBTC15M-26MAY291000-00,3,0.6300,0.6300,0.6200
KXBTC15M-26MAY291000-00,4,0.4600,0.4700,0.4600
KXBTC15M-26MAY291000-00,5,0.4300,0.4400,0.4300
KXBTC15M-26MAY291015-15,3,0.4100,0.4200,0.4100
KXBTC15M-26MAY291015-15,4,0.5500,0.5400,0.5300
KXBTC15M-26MAY291015-15,5,0.2600,0.2600,0.2500
KXBTC15M-26MAY290930-30,3,0.5000,0.5000,0.4900
KXBTC15M-26MAY290930-30,4,0.4800,0.5000,0.4800
KXBTC15M-26MAY290930-30,5,0.4800,0.4900,0.4800
KXBTC15M-26MAY290945-45,3,0.3100,0.3200,0.3100
KXBTC15M-26MAY290945-45,4,0.2000,0.2000,0.1900
KXBTC15M-26MAY290945-45,5,0.5300,0.5400,0.5300
KXBTC15M-26MAY290845-45,3,0.4100,0.4200,0.4100
KXBTC15M-26MAY290845-45,4,0.3500,0.3600,0.3500
KXBTC15M-26MAY290845-45,5,0.1700,0.1800,0.1700
KXBTC15M-26MAY290830-30,3,0.6600,0.6700,0.6600
KXBTC15M-26MAY290830-30,4,0.6300,0.6400,0.6300
KXBTC15M-26MAY290830-30,5,0.6600,0.6700,0.6600
KXBTC15M-26MAY291345-45,3,0.5800,0.5900,0.5800
KXBTC15M-26MAY291345-45,4,0.6300,0.6300,0.6200
KXBTC15M-26MAY291345-45,5,0.4400,0.4400,0.4300
KXBTC15M-26MAY291030-30,3,0.1600,0.1600,0.1500
KXBTC15M-26MAY291030-30,4,0.1000,0.1000,0.0930
KXBTC15M-26MAY291030-30,5,0.0950,0.0970,0.0930
KXBTC15M-26MAY290730-30,3,0.4600,0.4600,0.4500
KXBTC15M-26MAY290730-30,4,0.5400,0.5600,0.5400
KXBTC15M-26MAY290730-30,5,0.6900,0.6900,0.6800
KXBTC15M-26MAY291245-45,3,0.9650,0.9660,0.9650
KXBTC15M-26MAY291245-45,4,0.9810,0.9820,0.9810
KXBTC15M-26MAY291245-45,5,0.9790,0.9820,0.9800
KXBTC15M-26MAY290645-45,3,0.3000,0.3000,0.2900
KXBTC15M-26MAY290645-45,4,0.4900,0.4900,0.4800
KXBTC15M-26MAY290645-45,5,0.8500,0.8500,0.8400
KXBTC15M-26MAY290715-15,3,0.3500,0.3500,0.3400
KXBTC15M-26MAY290715-15,4,0.3300,0.3500,0.3400
KXBTC15M-26MAY290715-15,5,0.5600,0.5600,0.5500
KXBTC15M-26MAY290615-15,3,0.2100,0.2000,0.1900
KXBTC15M-26MAY290615-15,4,0.1200,0.1200,0.1100
KXBTC15M-26MAY290615-15,5,0.3100,0.3100,0.3000
KXBTC15M-26MAY290600-00,3,0.1900,0.1900,0.1800
KXBTC15M-26MAY290600-00,4,0.0620,0.0620,0.0610
KXBTC15M-26MAY290600-00,5,0.0700,0.0710,0.0700
KXBTC15M-26MAY290915-15,3,0.2800,0.2800,0.2700
KXBTC15M-26MAY290915-15,4,0.1900,0.2100,0.2000
KXBTC15M-26MAY290915-15,5,0.2200,0.2300,0.2200
KXBTC15M-26MAY290815-15,3,0.2800,0.3100,0.3000
KXBTC15M-26MAY290815-15,4,0.2500,0.2500,0.2400
KXBTC15M-26MAY290815-15,5,0.1300,0.1400,0.1300
KXBTC15M-26MAY290745-45,3,0.3500,0.3500,0.3400
KXBTC15M-26MAY290745-45,4,0.6200,0.6300,0.6200
KXBTC15M-26MAY290745-45,5,0.5800,0.5800,0.5700
KXBTC15M-26MAY290545-45,3,0.2600,0.2700,0.2600
KXBTC15M-26MAY290545-45,4,0.2900,0.2900,0.2800
KXBTC15M-26MAY290545-45,5,0.1200,0.1300,0.1200
KXBTC15M-26MAY290515-15,3,0.8000,0.8000,0.7900
KXBTC15M-26MAY290515-15,4,0.5600,0.5700,0.5600
KXBTC15M-26MAY290515-15,5,0.7900,0.8000,0.7900
KXBTC15M-26MAY290700-00,3,0.2900,0.3000,0.2900
KXBTC15M-26MAY290700-00,4,0.5500,0.5500,0.5400
KXBTC15M-26MAY290700-00,5,0.6300,0.6500,0.6300
KXBTC15M-26MAY290430-30,3,0.7000,0.7000,0.6900
KXBTC15M-26MAY290430-30,4,0.6300,0.6400,0.6300
KXBTC15M-26MAY290430-30,5,0.7700,0.7700,0.7600
KXBTC15M-26MAY290330-30,3,0.3100,0.3200,0.3100
KXBTC15M-26MAY290330-30,4,0.4700,0.4700,0.4600
KXBTC15M-26MAY290330-30,5,0.4500,0.4500,0.4300
KXBTC15M-26MAY290315-15,3,0.3500,0.3600,0.3500
KXBTC15M-26MAY290315-15,4,0.4100,0.4100,0.4000
KXBTC15M-26MAY290315-15,5,0.4100,0.4200,0.4000
KXBTC15M-26MAY290415-15,3,0.9220,0.9310,0.9230
KXBTC15M-26MAY290415-15,4,0.9310,0.9310,0.9300
KXBTC15M-26MAY290415-15,5,0.9410,0.9430,0.9410
KXBTC15M-26MAY290530-30,3,0.6300,0.6400,0.6200
KXBTC15M-26MAY290530-30,4,0.7300,0.7400,0.7300
KXBTC15M-26MAY290530-30,5,0.8400,0.8400,0.8300
KXBTC15M-26MAY290215-15,3,0.5700,0.5800,0.5700
KXBTC15M-26MAY290215-15,4,0.5000,0.5100,0.5000
KXBTC15M-26MAY290215-15,5,0.3500,0.3400,0.3300
KXBTC15M-26MAY290245-45,3,0.2600,0.2700,0.2600
KXBTC15M-26MAY290245-45,4,0.2100,0.2000,0.1900
KXBTC15M-26MAY290245-45,5,0.1600,0.1700,0.1600
KXBTC15M-26MAY290500-00,3,0.3200,0.3200,0.3100
KXBTC15M-26MAY290500-00,4,0.1500,0.1600,0.1500
KXBTC15M-26MAY290500-00,5,0.2000,0.2000,0.1900
KXBTC15M-26MAY290445-45,3,0.2700,0.2700,0.2600
KXBTC15M-26MAY290445-45,4,0.5600,0.5800,0.5600
KXBTC15M-26MAY290445-45,5,0.6200,0.6200,0.6100
KXBTC15M-26MAY290400-00,3,0.5100,0.5200,0.5100
KXBTC15M-26MAY290400-00,4,0.4300,0.4500,0.4300
KXBTC15M-26MAY290400-00,5,0.5700,0.5700,0.5600
KXBTC15M-26MAY290345-45,3,0.0180,0.0180,0.0140
KXBTC15M-26MAY290345-45,4,0.0170,0.0200,0.0170
KXBTC15M-26MAY290345-45,5,0.0100,0.0100,0.0040
KXBTC15M-26MAY290145-45,3,0.1400,0.1400,0.1300
KXBTC15M-26MAY290145-45,4,0.1500,0.1600,0.1500
KXBTC15M-26MAY290145-45,5,0.1500,0.1500,0.1400
KXBTC15M-26MAY290300-00,3,0.8100,0.8200,0.8100
KXBTC15M-26MAY290300-00,4,0.7600,0.7700,0.7600
KXBTC15M-26MAY290300-00,5,0.8000,0.8100,0.8000
KXBTC15M-26MAY290045-45,3,0.6000,0.6100,0.6000
KXBTC15M-26MAY290045-45,4,0.6200,0.6300,0.6200
KXBTC15M-26MAY290045-45,5,0.6900,0.6900,0.6800
KXBTC15M-26MAY290100-00,3,0.6400,0.6400,0.6300
KXBTC15M-26MAY290100-00,4,0.7000,0.7100,0.7000
KXBTC15M-26MAY290100-00,5,0.6400,0.6500,0.6300
KXBTC15M-26MAY290230-30,3,0.8400,0.8500,0.8400
KXBTC15M-26MAY290230-30,4,0.8800,0.8800,0.8700
KXBTC15M-26MAY290230-30,5,0.8900,0.9000,0.8900
KXBTC15M-26MAY282315-15,3,0.8500,0.8600,0.8500
KXBTC15M-26MAY282315-15,4,0.8500,0.8600,0.8500
KXBTC15M-26MAY282315-15,5,0.9100,0.9200,0.9110
KXBTC15M-26MAY290130-30,3,0.3700,0.3700,0.3600
KXBTC15M-26MAY290130-30,4,0.5800,0.5800,0.5700
KXBTC15M-26MAY290130-30,5,0.2200,0.2300,0.2200
KXBTC15M-26MAY290115-15,3,0.8200,0.8300,0.8200
KXBTC15M-26MAY290115-15,4,0.8700,0.8600,0.8500
KXBTC15M-26MAY290115-15,5,0.9090,0.9100,0.9020
KXBTC15M-26MAY282215-15,3,0.6600,0.6600,0.6500
KXBTC15M-26MAY282215-15,4,0.5300,0.5400,0.5300
KXBTC15M-26MAY282215-15,5,0.5300,0.5400,0.5300
KXBTC15M-26MAY282200-00,3,0.5900,0.5900,0.5800
KXBTC15M-26MAY282200-00,4,0.2400,0.2400,0.2300
KXBTC15M-26MAY282200-00,5,0.4400,0.4400,0.4300
KXBTC15M-26MAY282145-45,3,0.2200,0.2300,0.2200
KXBTC15M-26MAY282145-45,4,0.3800,0.3800,0.3700
KXBTC15M-26MAY282145-45,5,0.2100,0.2100,0.2000
KXBTC15M-26MAY290015-15,3,0.8100,0.8200,0.8100
KXBTC15M-26MAY290015-15,4,0.8100,0.8200,0.8100
KXBTC15M-26MAY290015-15,5,0.7000,0.7100,0.7000
KXBTC15M-26MAY282100-00,3,0.3500,0.3600,0.3500
KXBTC15M-26MAY282100-00,4,0.2300,0.2400,0.2300
KXBTC15M-26MAY282100-00,5,0.4300,0.4400,0.4300
KXBTC15M-26MAY282130-30,3,0.3200,0.3200,0.3100
KXBTC15M-26MAY282130-30,4,0.1900,0.1900,0.1800
KXBTC15M-26MAY282130-30,5,0.0370,0.0370,0.0340
KXBTC15M-26MAY282030-30,3,0.7600,0.7700,0.7600
KXBTC15M-26MAY282030-30,4,0.6700,0.6800,0.6700
KXBTC15M-26MAY282030-30,5,0.8300,0.8300,0.8200
KXBTC15M-26MAY290200-00,3,0.9470,0.9440,0.9410
KXBTC15M-26MAY290200-00,4,0.9570,0.9580,0.9570
KXBTC15M-26MAY290200-00,5,0.9370,0.9470,0.9390
KXBTC15M-26MAY281945-45,3,0.6200,0.6200,0.6100
KXBTC15M-26MAY281945-45,4,0.4000,0.4100,0.4000
KXBTC15M-26MAY281945-45,5,0.3800,0.3900,0.3800
KXBTC15M-26MAY282245-45,3,0.7300,0.7300,0.7200
KXBTC15M-26MAY282245-45,4,0.7500,0.7600,0.7500
KXBTC15M-26MAY282245-45,5,0.8200,0.8200,0.8100
KXBTC15M-26MAY282000-00,3,0.2000,0.2000,0.1900
KXBTC15M-26MAY282000-00,4,0.1700,0.1700,0.1600
KXBTC15M-26MAY282000-00,5,0.1400,0.1400,0.1300
KXBTC15M-26MAY281900-00,3,0.6800,0.7000,0.6900
KXBTC15M-26MAY281900-00,4,0.8300,0.8300,0.8200
KXBTC15M-26MAY281900-00,5,0.9500,0.9510,0.9500
KXBTC15M-26MAY290030-30,3,0.7000,0.7200,0.7100
KXBTC15M-26MAY290030-30,4,0.6800,0.6800,0.6700
KXBTC15M-26MAY290030-30,5,0.6400,0.6400,0.6300
KXBTC15M-26MAY281915-15,3,0.9020,0.9100,0.9020
KXBTC15M-26MAY281915-15,4,0.8400,0.8600,0.8400
KXBTC15M-26MAY281915-15,5,0.9060,0.9090,0.9060
KXBTC15M-26MAY281845-45,3,0.2400,0.2500,0.2400
KXBTC15M-26MAY281845-45,4,0.2400,0.2600,0.2500
KXBTC15M-26MAY281845-45,5,0.1500,0.1600,0.1500
KXBTC15M-26MAY282345-45,3,0.7800,0.7900,0.7800
KXBTC15M-26MAY282345-45,4,0.7700,0.7700,0.7600
KXBTC15M-26MAY282345-45,5,0.4100,0.4100,0.4000
KXBTC15M-26MAY281815-15,3,0.2400,0.2400,0.2300
KXBTC15M-26MAY281815-15,4,0.2400,0.2400,0.2300
KXBTC15M-26MAY281815-15,5,0.1800,0.1800,0.1600
KXBTC15M-26MAY281800-00,3,0.1700,0.1800,0.1700
KXBTC15M-26MAY281800-00,4,0.1900,0.1900,0.1800
KXBTC15M-26MAY281800-00,5,0.0990,0.1000,0.0990
KXBTC15M-26MAY281745-45,3,0.5500,0.5500,0.5400
KXBTC15M-26MAY281745-45,4,0.6900,0.6900,0.6800
KXBTC15M-26MAY281745-45,5,0.6600,0.6700,0.6600
KXBTC15M-26MAY281700-00,3,0.2700,0.2800,0.2700
KXBTC15M-26MAY281700-00,4,0.3300,0.3300,0.3200
KXBTC15M-26MAY281700-00,5,0.3800,0.3800,0.3600
KXBTC15M-26MAY282230-30,3,0.5800,0.5900,0.5800
KXBTC15M-26MAY282230-30,4,0.5400,0.5400,0.5300
KXBTC15M-26MAY282230-30,5,0.2300,0.2300,0.2200
KXBTC15M-26MAY281645-45,3,0.5000,0.5100,0.5000
KXBTC15M-26MAY281645-45,4,0.3200,0.3200,0.3100
KXBTC15M-26MAY281645-45,5,0.3700,0.3700,0.3600
KXBTC15M-26MAY281615-15,3,0.2400,0.2400,0.2300
KXBTC15M-26MAY281615-15,4,0.2500,0.2500,0.2400
KXBTC15M-26MAY281615-15,5,0.1500,0.1600,0.1500
KXBTC15M-26MAY282115-15,3,0.6500,0.6500,0.6400
KXBTC15M-26MAY282115-15,4,0.8400,0.8500,0.8400
KXBTC15M-26MAY282115-15,5,0.9170,0.9180,0.9170
KXBTC15M-26MAY282045-45,3,0.4500,0.4500,0.4400
KXBTC15M-26MAY282045-45,4,0.3900,0.4000,0.3900
KXBTC15M-26MAY282045-45,5,0.5300,0.5200,0.5100
KXBTC15M-26MAY281545-45,3,0.3300,0.3300,0.3200
KXBTC15M-26MAY281545-45,4,0.1700,0.1700,0.1600
KXBTC15M-26MAY281545-45,5,0.0680,0.0700,0.0660
KXBTC15M-26MAY281600-00,3,0.7900,0.8000,0.7900
KXBTC15M-26MAY281600-00,4,0.8400,0.8500,0.8400
KXBTC15M-26MAY281600-00,5,0.8600,0.8700,0.8600
KXBTC15M-26MAY281715-15,3,0.5700,0.5800,0.5700
KXBTC15M-26MAY281715-15,4,0.4100,0.4100,0.4000
KXBTC15M-26MAY281715-15,5,0.4500,0.4500,0.4400
KXBTC15M-26MAY281430-30,3,0.6300,0.6300,0.6200
KXBTC15M-26MAY281430-30,4,0.3800,0.3800,0.3700
KXBTC15M-26MAY281430-30,5,0.3400,0.3400,0.3300
KXBTC15M-26MAY281500-00,3,0.5900,0.6000,0.5900
KXBTC15M-26MAY281500-00,4,0.5100,0.5100,0.5000
KXBTC15M-26MAY281500-00,5,0.6500,0.6600,0.6500
KXBTC15M-26MAY281400-00,3,0.8800,0.8900,0.8800
KXBTC15M-26MAY281400-00,4,0.8900,0.9030,0.8900
KXBTC15M-26MAY281400-00,5,0.9120,0.9200,0.9150
KXBTC15M-26MAY281415-15,3,0.7000,0.7100,0.7000
KXBTC15M-26MAY281415-15,4,0.6800,0.6800,0.6700
KXBTC15M-26MAY281415-15,5,0.7300,0.7300,0.7200
KXBTC15M-26MAY281300-00,3,0.4600,0.4700,0.4600
KXBTC15M-26MAY281300-00,4,0.4200,0.4300,0.4200
KXBTC15M-26MAY281300-00,5,0.3600,0.3600,0.3500
KXBTC15M-26MAY281330-30,3,0.2400,0.2400,0.2200
KXBTC15M-26MAY281330-30,4,0.3900,0.3900,0.3800
KXBTC15M-26MAY281330-30,5,0.3600,0.3700,0.3600
KXBTC15M-26MAY281830-30,3,0.4300,0.4400,0.4300
KXBTC15M-26MAY281830-30,4,0.3000,0.3000,0.2900
KXBTC15M-26MAY281830-30,5,0.2400,0.2400,0.2300
KXBTC15M-26MAY281315-15,3,0.2200,0.2200,0.2100
KXBTC15M-26MAY281315-15,4,0.2200,0.2300,0.2200
KXBTC15M-26MAY281315-15,5,0.2300,0.2300,0.2200
KXBTC15M-26MAY281730-30,3,0.6400,0.6500,0.6400
KXBTC15M-26MAY281730-30,4,0.4800,0.4900,0.4800
KXBTC15M-26MAY281730-30,5,0.6700,0.6700,0.6600
KXBTC15M-26MAY281515-15,3,0.1700,0.1800,0.1700
KXBTC15M-26MAY281515-15,4,0.1200,0.1300,0.1200
KXBTC15M-26MAY281515-15,5,0.2000,0.2100,0.2000
KXBTC15M-26MAY281130-30,3,0.2500,0.2500,0.2400
KXBTC15M-26MAY281130-30,4,0.2000,0.2000,0.1900
KXBTC15M-26MAY281130-30,5,0.1100,0.1100,0.1000
KXBTC15M-26MAY281345-45,3,0.8300,0.8400,0.8300
KXBTC15M-26MAY281345-45,4,0.8400,0.8600,0.8400
KXBTC15M-26MAY281345-45,5,0.8400,0.8400,0.8300
KXBTC15M-26MAY281630-30,3,0.8400,0.8500,0.8400
KXBTC15M-26MAY281630-30,4,0.8900,0.9000,0.8900
KXBTC15M-26MAY281630-30,5,0.9540,0.9580,0.9540
KXBTC15M-26MAY281145-45,3,0.2500,0.2500,0.2400
KXBTC15M-26MAY281145-45,4,0.2700,0.2700,0.2600
KXBTC15M-26MAY281145-45,5,0.3900,0.4000,0.3900
KXBTC15M-26MAY281245-45,3,0.6100,0.6200,0.6100
KXBTC15M-26MAY281245-45,4,0.6900,0.7000,0.6900
KXBTC15M-26MAY281245-45,5,0.6100,0.6100,0.6000
KXBTC15M-26MAY281000-00,3,0.7200,0.7200,0.7100
KXBTC15M-26MAY281000-00,4,0.7700,0.7700,0.7600
KXBTC15M-26MAY281000-00,5,0.9530,0.9530,0.9520
KXBTC15M-26MAY281045-45,3,0.6000,0.6100,0.6000
KXBTC15M-26MAY281045-45,4,0.4000,0.4000,0.3900
KXBTC15M-26MAY281045-45,5,0.4600,0.4700,0.4500
KXBTC15M-26MAY281200-00,3,0.5200,0.5200,0.5100
KXBTC15M-26MAY281200-00,4,0.3000,0.3000,0.2900
KXBTC15M-26MAY281200-00,5,0.3700,0.3700,0.3600
KXBTC15M-26MAY280900-00,3,0.7600,0.7700,0.7600
KXBTC15M-26MAY280900-00,4,0.7000,0.7100,0.7000
KXBTC15M-26MAY280900-00,5,0.7600,0.7600,0.7500
KXBTC15M-26MAY280945-45,3,0.1200,0.1300,0.1200
KXBTC15M-26MAY280945-45,4,0.1100,0.1200,0.1100
KXBTC15M-26MAY280945-45,5,0.1100,0.1100,0.1000
KXBTC15M-26MAY281115-15,3,0.4500,0.4500,0.4400
KXBTC15M-26MAY281115-15,4,0.4500,0.4600,0.4500
KXBTC15M-26MAY281115-15,5,0.8100,0.8200,0.8100
KXBTC15M-26MAY281445-45,3,0.6400,0.6600,0.6400
KXBTC15M-26MAY281445-45,4,0.7700,0.7800,0.7600
KXBTC15M-26MAY281445-45,5,0.6700,0.6800,0.6700
KXBTC15M-26MAY281100-00,3,0.4800,0.5000,0.4900
KXBTC15M-26MAY281100-00,4,0.4000,0.4200,0.4100
KXBTC15M-26MAY281100-00,5,0.5200,0.5200,0.5100
KXBTC15M-26MAY281030-30,3,0.8500,0.8600,0.8500
KXBTC15M-26MAY281030-30,4,0.8500,0.8500,0.8400
KXBTC15M-26MAY281030-30,5,0.6300,0.6400,0.6300
KXBTC15M-26MAY280815-15,3,0.1800,0.1900,0.1800
KXBTC15M-26MAY280815-15,4,0.3300,0.3300,0.3200
KXBTC15M-26MAY280815-15,5,0.2400,0.2500,0.2400
KXBTC15M-26MAY280930-30,3,0.1700,0.1800,0.1700
KXBTC15M-26MAY280930-30,4,0.1500,0.1400,0.1200
KXBTC15M-26MAY280930-30,5,0.1000,0.1100,0.1000
KXBTC15M-26MAY280700-00,3,0.7300,0.7400,0.7300
KXBTC15M-26MAY280700-00,4,0.5500,0.5700,0.5600
KXBTC15M-26MAY280700-00,5,0.3200,0.3200,0.3100
KXBTC15M-26MAY281230-30,3,0.5800,0.5900,0.5800
KXBTC15M-26MAY281230-30,4,0.5800,0.5800,0.5700
KXBTC15M-26MAY281230-30,5,0.6700,0.6700,0.6600
KXBTC15M-26MAY280845-45,3,0.8500,0.8600,0.8500
KXBTC15M-26MAY280845-45,4,0.8300,0.8400,0.8300
KXBTC15M-26MAY280845-45,5,0.8900,0.8900,0.8800
KXBTC15M-26MAY280615-15,3,0.3400,0.3400,0.3300
KXBTC15M-26MAY280615-15,4,0.2000,0.2000,0.1900
KXBTC15M-26MAY280615-15,5,0.2300,0.2400,0.2300
KXBTC15M-26MAY280830-30,3,0.2300,0.2400,0.2300
KXBTC15M-26MAY280830-30,4,0.2700,0.2700,0.2600
KXBTC15M-26MAY280830-30,5,0.1500,0.1600,0.1500
KXBTC15M-26MAY280800-00,3,0.5300,0.5300,0.5200
KXBTC15M-26MAY280800-00,4,0.6200,0.6000,0.5900
KXBTC15M-26MAY280800-00,5,0.3500,0.3500,0.3400
KXBTC15M-26MAY280600-00,3,0.8200,0.8300,0.8200
KXBTC15M-26MAY280600-00,4,0.8800,0.8900,0.8800
KXBTC15M-26MAY280600-00,5,0.8600,0.8600,0.8500
KXBTC15M-26MAY280545-45,3,0.4600,0.4600,0.4500
KXBTC15M-26MAY280545-45,4,0.5800,0.5800,0.5700
KXBTC15M-26MAY280545-45,5,0.8100,0.8200,0.8100
KXBTC15M-26MAY281015-15,3,0.1500,0.1400,0.1300
KXBTC15M-26MAY281015-15,4,0.1700,0.1800,0.1600
KXBTC15M-26MAY281015-15,5,0.0270,0.0270,0.0260
KXBTC15M-26MAY280515-15,3,0.7800,0.7900,0.7800
KXBTC15M-26MAY280515-15,4,0.7600,0.7600,0.7500
KXBTC15M-26MAY280515-15,5,0.8700,0.8800,0.8700
KXBTC15M-26MAY280200-00,3,0.2200,0.2300,0.2200
KXBTC15M-26MAY280200-00,4,0.4100,0.4200,0.4100
KXBTC15M-26MAY280200-00,5,0.4800,0.4900,0.4800
KXBTC15M-26MAY280630-30,3,0.1200,0.1300,0.1100
KXBTC15M-26MAY280630-30,4,0.1000,0.1100,0.1000
KXBTC15M-26MAY280630-30,5,0.1000,0.1100,0.1000
KXBTC15M-26MAY280915-15,3,0.2200,0.2300,0.2200
KXBTC15M-26MAY280915-15,4,0.3500,0.3600,0.3400
KXBTC15M-26MAY280915-15,5,0.2800,0.2800,0.2700
KXBTC15M-26MAY280115-15,3,0.4300,0.4300,0.4200
KXBTC15M-26MAY280115-15,4,0.3000,0.3000,0.2900
KXBTC15M-26MAY280115-15,5,0.1700,0.1700,0.1500
KXBTC15M-26MAY280045-45,3,0.7200,0.7200,0.7100
KXBTC15M-26MAY280045-45,4,0.7800,0.7800,0.7700
KXBTC15M-26MAY280045-45,5,0.8800,0.8900,0.8800
KXBTC15M-26MAY280000-00,3,0.5800,0.5800,0.5700
KXBTC15M-26MAY280000-00,4,0.4500,0.4500,0.4400
KXBTC15M-26MAY280000-00,5,0.4600,0.4600,0.4500
KXBTC15M-26MAY272345-45,3,0.3800,0.3900,0.3800
KXBTC15M-26MAY272345-45,4,0.2500,0.2500,0.2400
KXBTC15M-26MAY272345-45,5,0.0900,0.0900,0.0890
KXBTC15M-26MAY280145-45,3,0.4800,0.4900,0.4800
KXBTC15M-26MAY280145-45,4,0.7000,0.7100,0.6700
KXBTC15M-26MAY280145-45,5,0.5000,0.5000,0.4900
KXBTC15M-26MAY272300-00,3,0.7500,0.7500,0.7400
KXBTC15M-26MAY272300-00,4,0.8300,0.8400,0.8300
KXBTC15M-26MAY272300-00,5,0.8000,0.8100,0.8000
KXBTC15M-26MAY280715-15,3,0.6300,0.6400,0.6300
KXBTC15M-26MAY280715-15,4,0.4300,0.4300,0.4200
KXBTC15M-26MAY280715-15,5,0.5600,0.5800,0.5700
KXBTC15M-26MAY280100-00,3,0.3800,0.3800,0.3700
KXBTC15M-26MAY280100-00,4,0.4300,0.4300,0.4100
KXBTC15M-26MAY280100-00,5,0.2200,0.2300,0.2100
KXBTC15M-26MAY272215-15,3,0.2500,0.2600,0.2500
KXBTC15M-26MAY272215-15,4,0.2500,0.2600,0.2500
KXBTC15M-26MAY272215-15,5,0.2500,0.2500,0.2400
KXBTC15M-26MAY272230-30,3,0.3700,0.3700,0.3600
KXBTC15M-26MAY272230-30,4,0.2300,0.2400,0.2300
KXBTC15M-26MAY272230-30,5,0.1100,0.1100,0.1000
KXBTC15M-26MAY272145-45,3,0.6500,0.6600,0.6500
KXBTC15M-26MAY272145-45,4,0.6600,0.6700,0.6600
KXBTC15M-26MAY272145-45,5,0.5300,0.5400,0.5300
KXBTC15M-26MAY280015-15,3,0.1500,0.1500,0.1400
KXBTC15M-26MAY280015-15,4,0.2300,0.2400,0.2300
KXBTC15M-26MAY280015-15,5,0.1300,0.1400,0.1300
KXBTC15M-26MAY272330-30,3,0.0320,0.0380,0.0360
KXBTC15M-26MAY272330-30,4,0.0380,0.0360,0.0340
KXBTC15M-26MAY272330-30,5,0.0300,0.0270,0.0260
KXBTC15M-26MAY280530-30,3,0.7300,0.7400,0.7300
KXBTC15M-26MAY280530-30,4,0.8500,0.8500,0.8400
KXBTC15M-26MAY280530-30,5,0.8600,0.8700,0.8600
KXBTC15M-26MAY272045-45,3,0.6200,0.6200,0.6100
KXBTC15M-26MAY272045-45,4,0.7700,0.7800,0.7700
KXBTC15M-26MAY272045-45,5,0.7800,0.7900,0.7800
KXBTC15M-26MAY272245-45,3,0.5300,0.5400,0.5300
KXBTC15M-26MAY272245-45,4,0.5500,0.5500,0.5400
KXBTC15M-26MAY272245-45,5,0.2700,0.2800,0.2700
KXBTC15M-26MAY272015-15,3,0.7400,0.7400,0.7300
KXBTC15M-26MAY272015-15,4,0.7600,0.7700,0.7600
KXBTC15M-26MAY272015-15,5,0.8400,0.8500,0.8400
KXBTC15M-26MAY272030-30,3,0.8000,0.8000,0.7900
KXBTC15M-26MAY272030-30,4,0.6900,0.6900,0.6800
KXBTC15M-26MAY272030-30,5,0.8000,0.8000,0.7900
KXBTC15M-26MAY271945-45,3,0.6400,0.6500,0.6400
KXBTC15M-26MAY271945-45,4,0.6000,0.6000,0.5900
KXBTC15M-26MAY271945-45,5,0.4200,0.4200,0.4100
KXBTC15M-26MAY272000-00,3,0.8600,0.8600,0.8500
KXBTC15M-26MAY272000-00,4,0.9160,0.9190,0.9160
KXBTC15M-26MAY272000-00,5,0.9030,0.9030,0.9000
KXBTC15M-26MAY271900-00,3,0.2300,0.2400,0.2300
KXBTC15M-26MAY271900-00,4,0.1400,0.1300,0.1200
KXBTC15M-26MAY271900-00,5,0.1100,0.1100,0.1000
KXBTC15M-26MAY272115-15,3,0.5900,0.6000,0.5900
KXBTC15M-26MAY272115-15,4,0.4200,0.4300,0.4200
KXBTC15M-26MAY272115-15,5,0.2800,0.2800,0.2700
KXBTC15M-26MAY271915-15,3,0.6700,0.6700,0.6600
KXBTC15M-26MAY271915-15,4,0.6300,0.6400,0.6300
KXBTC15M-26MAY271915-15,5,0.3600,0.3600,0.3500
KXBTC15M-26MAY271800-00,3,0.2600,0.2700,0.2600
KXBTC15M-26MAY271800-00,4,0.2500,0.2600,0.2500
KXBTC15M-26MAY271800-00,5,0.1700,0.1600,0.1500
KXBTC15M-26MAY271830-30,3,0.8600,0.8700,0.8600
KXBTC15M-26MAY271830-30,4,0.7900,0.8000,0.7900
KXBTC15M-26MAY271830-30,5,0.8500,0.8600,0.8500
KXBTC15M-26MAY272315-15,3,0.5800,0.5900,0.5800
KXBTC15M-26MAY272315-15,4,0.6500,0.6500,0.6400
KXBTC15M-26MAY272315-15,5,0.7700,0.7800,0.7700
KXBTC15M-26MAY271745-45,3,0.1700,0.1700,0.1600
KXBTC15M-26MAY271745-45,4,0.0500,0.0500,0.0440
KXBTC15M-26MAY271745-45,5,0.0300,0.0300,0.0290
KXBTC15M-26MAY271730-30,3,0.3000,0.3100,0.3000
KXBTC15M-26MAY271730-30,4,0.3100,0.3100,0.3000
KXBTC15M-26MAY271730-30,5,0.2800,0.2800,0.2700
KXBTC15M-26MAY271700-00,3,0.7100,0.7100,0.7000
KXBTC15M-26MAY271700-00,4,0.7200,0.7400,0.7200
KXBTC15M-26MAY271700-00,5,0.6800,0.6800,0.6600
KXBTC15M-26MAY271615-15,3,0.8600,0.8600,0.8500
KXBTC15M-26MAY271615-15,4,0.8500,0.8600,0.8500
KXBTC15M-26MAY271615-15,5,0.8700,0.8800,0.8700
KXBTC15M-26MAY271545-45,3,0.6300,0.6400,0.6300
KXBTC15M-26MAY271545-45,4,0.5700,0.5800,0.5700
KXBTC15M-26MAY271545-45,5,0.5600,0.5700,0.5600
KXBTC15M-26MAY271630-30,3,0.8000,0.8100,0.8000
KXBTC15M-26MAY271630-30,4,0.8600,0.8800,0.8600
KXBTC15M-26MAY271630-30,5,0.8900,0.9000,0.8900
KXBTC15M-26MAY271530-30,3,0.4500,0.4500,0.4400
KXBTC15M-26MAY271530-30,4,0.3000,0.3100,0.3000
KXBTC15M-26MAY271530-30,5,0.3300,0.3400,0.3300
KXBTC15M-26MAY272100-00,3,0.3200,0.3200,0.3100
KXBTC15M-26MAY272100-00,4,0.2700,0.2800,0.2700
KXBTC15M-26MAY272100-00,5,0.2600,0.2600,0.2500
KXBTC15M-26MAY271445-45,3,0.4600,0.4600,0.4500
KXBTC15M-26MAY271445-45,4,0.5900,0.5900,0.5800
KXBTC15M-26MAY271445-45,5,0.6000,0.6100,0.6000
KXBTC15M-26MAY271515-15,3,0.5500,0.5700,0.5500
KXBTC15M-26MAY271515-15,4,0.6800,0.6800,0.6600
KXBTC15M-26MAY271515-15,5,0.7200,0.7200,0.7100
KXBTC15M-26MAY271715-15,3,0.1900,0.2000,0.1900
KXBTC15M-26MAY271715-15,4,0.1400,0.1400,0.1300
KXBTC15M-26MAY271715-15,5,0.1200,0.1200,0.1100
KXBTC15M-26MAY271415-15,3,0.6700,0.6700,0.6600
KXBTC15M-26MAY271415-15,4,0.5100,0.5200,0.5100
KXBTC15M-26MAY271415-15,5,0.5000,0.5000,0.4900
KXBTC15M-26MAY271930-30,3,0.7900,0.8100,0.8000
KXBTC15M-26MAY271930-30,4,0.7900,0.7900,0.7800
KXBTC15M-26MAY271930-30,5,0.7100,0.7200,0.7100
KXBTC15M-26MAY271845-45,3,0.3100,0.3100,0.3000
KXBTC15M-26MAY271845-45,4,0.4100,0.4200,0.4100
KXBTC15M-26MAY271845-45,5,0.5300,0.5400,0.5300
KXBTC15M-26MAY271330-30,3,0.5000,0.5100,0.5000
KXBTC15M-26MAY271330-30,4,0.4700,0.4900,0.4700
KXBTC15M-26MAY271330-30,5,0.5200,0.5200,0.5100
KXBTC15M-26MAY271245-45,3,0.6000,0.5900,0.5800
KXBTC15M-26MAY271245-45,4,0.3600,0.3800,0.3600
KXBTC15M-26MAY271245-45,5,0.2100,0.2100,0.2000
KXBTC15M-26MAY271230-30,3,0.1200,0.1200,0.1100
KXBTC15M-26MAY271230-30,4,0.1200,0.1200,0.1100
KXBTC15M-26MAY271230-30,5,0.0550,0.0560,0.0550
KXBTC15M-26MAY271200-00,3,0.7900,0.8000,0.7800
KXBTC15M-26MAY271200-00,4,0.8200,0.8200,0.8100
KXBTC15M-26MAY271200-00,5,0.9150,0.9180,0.9070
KXBTC15M-26MAY271400-00,3,0.5600,0.5600,0.5500
KXBTC15M-26MAY271400-00,4,0.5700,0.5700,0.5600
KXBTC15M-26MAY271400-00,5,0.5900,0.6100,0.5900
KXBTC15M-26MAY271130-30,3,0.7900,0.8000,0.7900
KXBTC15M-26MAY271130-30,4,0.7800,0.8100,0.7900
KXBTC15M-26MAY271130-30,5,0.9320,0.9310,0.9250
KXBTC15M-26MAY271645-45,3,0.2400,0.2400,0.2200
KXBTC15M-26MAY271645-45,4,0.2100,0.2100,0.2000
KXBTC15M-26MAY271645-45,5,0.1800,0.1900,0.1700
KXBTC15M-26MAY271045-45,3,0.5300,0.5300,0.5200
KXBTC15M-26MAY271045-45,4,0.8200,0.8200,0.8100
KXBTC15M-26MAY271045-45,5,0.8000,0.8000,0.7900
KXBTC15M-26MAY271030-30,3,0.7400,0.7500,0.7400
KXBTC15M-26MAY271030-30,4,0.8700,0.8800,0.8600
KXBTC15M-26MAY271030-30,5,0.4200,0.4100,0.4000
KXBTC15M-26MAY271300-00,3,0.4800,0.4900,0.4800
KXBTC15M-26MAY271300-00,4,0.6900,0.7100,0.6900
KXBTC15M-26MAY271300-00,5,0.8500,0.8500,0.8400
KXBTC15M-26MAY271000-00,3,0.6300,0.6400,0.6200
KXBTC15M-26MAY271000-00,4,0.5100,0.5200,0.5100
KXBTC15M-26MAY271000-00,5,0.6300,0.6400,0.6300
KXBTC15M-26MAY271015-15,3,0.8000,0.8100,0.8000
KXBTC15M-26MAY271015-15,4,0.8600,0.8600,0.8500
KXBTC15M-26MAY271015-15,5,0.7300,0.7300,0.7200
KXBTC15M-26MAY271215-15,3,0.2700,0.2700,0.2600
KXBTC15M-26MAY271215-15,4,0.2300,0.2400,0.2300
KXBTC15M-26MAY271215-15,5,0.1600,0.1600,0.1500
KXBTC15M-26MAY271500-00,3,0.5000,0.5000,0.4900
KXBTC15M-26MAY271500-00,4,0.5400,0.5300,0.5200
KXBTC15M-26MAY271500-00,5,0.4800,0.4900,0.4800
KXBTC15M-26MAY271430-30,3,0.7500,0.7700,0.7500
KXBTC15M-26MAY271430-30,4,0.8300,0.8500,0.8300
KXBTC15M-26MAY271430-30,5,0.7700,0.7700,0.7600
KXBTC15M-26MAY270930-30,3,0.6000,0.6200,0.6100
KXBTC15M-26MAY270930-30,4,0.6400,0.6400,0.6300
KXBTC15M-26MAY270930-30,5,0.4500,0.4600,0.4500
KXBTC15M-26MAY270830-30,3,0.8600,0.8700,0.8600
KXBTC15M-26MAY270830-30,4,0.9590,0.9560,0.9530
KXBTC15M-26MAY270830-30,5,0.9700,0.9700,0.9680
KXBTC15M-26MAY271345-45,3,0.4800,0.4900,0.4800
KXBTC15M-26MAY271345-45,4,0.4300,0.4400,0.4300
KXBTC15M-26MAY271345-45,5,0.3000,0.3000,0.2900
KXBTC15M-26MAY270845-45,3,0.4300,0.4300,0.4200
KXBTC15M-26MAY270845-45,4,0.1500,0.1600,0.1500
KXBTC15M-26MAY270845-45,5,0.2400,0.2500,0.2400
KXBTC15M-26MAY270730-30,3,0.5700,0.5900,0.5700
KXBTC15M-26MAY270730-30,4,0.5800,0.5900,0.5800
KXBTC15M-26MAY270730-30,5,0.7600,0.7600,0.7500
KXBTC15M-26MAY270745-45,3,0.1000,0.1100,0.1000
KXBTC15M-26MAY270745-45,4,0.0830,0.0830,0.0820
KXBTC15M-26MAY270745-45,5,0.0770,0.0800,0.0790
KXBTC15M-26MAY270700-00,3,0.5700,0.5700,0.5600
KXBTC15M-26MAY270700-00,4,0.5500,0.5600,0.5500
KXBTC15M-26MAY270700-00,5,0.7100,0.7200,0.7100
KXBTC15M-26MAY270715-15,3,0.7500,0.7700,0.7500
KXBTC15M-26MAY270715-15,4,0.8200,0.8300,0.8200
KXBTC15M-26MAY270715-15,5,0.8100,0.8200,0.8100
KXBTC15M-26MAY270915-15,3,0.5400,0.5500,0.5400
KXBTC15M-26MAY270915-15,4,0.3100,0.3100,0.3000
KXBTC15M-26MAY270915-15,5,0.3600,0.3700,0.3600
KXBTC15M-26MAY270900-00,3,0.1200,0.1300,0.1200
KXBTC15M-26MAY270900-00,4,0.1500,0.1500,0.1400
KXBTC15M-26MAY270900-00,5,0.1100,0.1100,0.1000
KXBTC15M-26MAY270545-45,3,0.8000,0.8200,0.7900
KXBTC15M-26MAY270545-45,4,0.7700,0.7800,0.7700
KXBTC15M-26MAY270545-45,5,0.9260,0.9270,0.9260
KXBTC15M-26MAY270815-15,3,0.4000,0.4000,0.3900
KXBTC15M-26MAY270815-15,4,0.4500,0.4500,0.4400
KXBTC15M-26MAY270815-15,5,0.5000,0.5000,0.4900
KXBTC15M-26MAY270530-30,3,0.3600,0.3500,0.3400
KXBTC15M-26MAY270530-30,4,0.3200,0.3200,0.3000
KXBTC15M-26MAY270530-30,5,0.6600,0.6700,0.6500
KXBTC15M-26MAY270500-00,3,0.5700,0.5700,0.5600
KXBTC15M-26MAY270500-00,4,0.6200,0.6200,0.6100
KXBTC15M-26MAY270500-00,5,0.4900,0.5000,0.4900
KXBTC15M-26MAY270515-15,3,0.0840,0.0850,0.0840
KXBTC15M-26MAY270515-15,4,0.0730,0.0730,0.0680
KXBTC15M-26MAY270515-15,5,0.1100,0.1100,0.1000
KXBTC15M-26MAY270445-45,3,0.1800,0.1900,0.1800
KXBTC15M-26MAY270445-45,4,0.1800,0.1900,0.1800
KXBTC15M-26MAY270445-45,5,0.1000,0.1100,0.1000
KXBTC15M-26MAY270645-45,3,0.1700,0.1700,0.1600
KXBTC15M-26MAY270645-45,4,0.0750,0.0750,0.0710
KXBTC15M-26MAY270645-45,5,0.0970,0.0970,0.0910
KXBTC15M-26MAY270400-00,3,0.5200,0.5200,0.5100
KXBTC15M-26MAY270400-00,4,0.6400,0.6400,0.6300
KXBTC15M-26MAY270400-00,5,0.6500,0.6500,0.6400
KXBTC15M-26MAY270345-45,3,0.4500,0.4600,0.4500
KXBTC15M-26MAY270345-45,4,0.8500,0.8400,0.8300
KXBTC15M-26MAY270345-45,5,0.8800,0.8900,0.8800
KXBTC15M-26MAY270315-15,3,0.6400,0.6400,0.6300
KXBTC15M-26MAY270315-15,4,0.5600,0.5700,0.5600
KXBTC15M-26MAY270315-15,5,0.5800,0.5800,0.5700
KXBTC15M-26MAY270300-00,3,0.6700,0.6700,0.6600
KXBTC15M-26MAY270300-00,4,0.7400,0.7400,0.7300
KXBTC15M-26MAY270300-00,5,0.8000,0.8000,0.7900
KXBTC15M-26MAY270330-30,3,0.5900,0.6000,0.5900
KXBTC15M-26MAY270330-30,4,0.7300,0.7400,0.7300
KXBTC15M-26MAY270330-30,5,0.6900,0.6900,0.6800
KXBTC15M-26MAY270230-30,3,0.3000,0.3100,0.3000
KXBTC15M-26MAY270230-30,4,0.4200,0.4200,0.4000
KXBTC15M-26MAY270230-30,5,0.3800,0.3900,0.3800
KXBTC15M-26MAY270800-00,3,0.2600,0.2700,0.2600
KXBTC15M-26MAY270800-00,4,0.2300,0.2400,0.2300
KXBTC15M-26MAY270800-00,5,0.2500,0.2600,0.2500
KXBTC15M-26MAY270145-45,3,0.2800,0.2900,0.2800
KXBTC15M-26MAY270145-45,4,0.2100,0.2200,0.2100
KXBTC15M-26MAY270145-45,5,0.3000,0.3000,0.2800
KXBTC15M-26MAY270430-30,3,0.4500,0.4500,0.4200
KXBTC15M-26MAY270430-30,4,0.5100,0.5200,0.5100
KXBTC15M-26MAY270430-30,5,0.5300,0.5400,0.5300
KXBTC15M-26MAY270100-00,3,0.9420,0.9470,0.9420
KXBTC15M-26MAY270100-00,4,0.9680,0.9680,0.9670
KXBTC15M-26MAY270100-00,5,0.9780,0.9790,0.9780
KXBTC15M-26MAY270130-30,3,0.5400,0.5400,0.5200
KXBTC15M-26MAY270130-30,4,0.5200,0.5300,0.5200
KXBTC15M-26MAY270130-30,5,0.4900,0.5000,0.4900
KXBTC15M-26MAY270045-45,3,0.1200,0.1200,0.1100
KXBTC15M-26MAY270045-45,4,0.0940,0.0940,0.0920
KXBTC15M-26MAY270045-45,5,0.0670,0.0700,0.0670
KXBTC15M-26MAY270015-15,3,0.4700,0.4800,0.4700
KXBTC15M-26MAY270015-15,4,0.4300,0.4300,0.4200
KXBTC15M-26MAY270015-15,5,0.4700,0.4700,0.4600
KXBTC15M-26MAY262345-45,3,0.3400,0.3400,0.3300
KXBTC15M-26MAY262345-45,4,0.3800,0.3800,0.3700
KXBTC15M-26MAY262345-45,5,0.0710,0.0710,0.0700
KXBTC15M-26MAY262315-15,3,0.9090,0.9090,0.9060
KXBTC15M-26MAY262315-15,4,0.8900,0.9000,0.8900
KXBTC15M-26MAY262315-15,5,0.9380,0.9390,0.9380
KXBTC15M-26MAY262300-00,3,0.6800,0.6900,0.6800
KXBTC15M-26MAY262300-00,4,0.6200,0.6300,0.6200
KXBTC15M-26MAY262300-00,5,0.6700,0.6700,0.6600
KXBTC15M-26MAY270200-00,3,0.7000,0.7100,0.7000
KXBTC15M-26MAY270200-00,4,0.6000,0.6100,0.6000
KXBTC15M-26MAY270200-00,5,0.7800,0.7800,0.7700
KXBTC15M-26MAY270415-15,3,0.5900,0.6000,0.5900
KXBTC15M-26MAY270415-15,4,0.6600,0.6600,0.6400
KXBTC15M-26MAY270415-15,5,0.5700,0.5800,0.5700
KXBTC15M-26MAY262245-45,3,0.5600,0.5700,0.5600
KXBTC15M-26MAY262245-45,4,0.7300,0.7200,0.7000
KXBTC15M-26MAY262245-45,5,0.6800,0.6900,0.6800
KXBTC15M-26MAY262215-15,3,0.3500,0.3500,0.3300
KXBTC15M-26MAY262215-15,4,0.4400,0.4600,0.4500
KXBTC15M-26MAY262215-15,5,0.2400,0.2400,0.2300
KXBTC15M-26MAY270030-30,3,0.0930,0.0930,0.0880
KXBTC15M-26MAY270030-30,4,0.1100,0.1100,0.1000
KXBTC15M-26MAY270030-30,5,0.1100,0.1100,0.0950
KXBTC15M-26MAY270000-00,3,0.0720,0.0790,0.0720
KXBTC15M-26MAY270000-00,4,0.0860,0.0950,0.0860
KXBTC15M-26MAY270000-00,5,0.0980,0.0940,0.0930
KXBTC15M-26MAY262200-00,3,0.7900,0.8000,0.7900
KXBTC15M-26MAY262200-00,4,0.8500,0.8500,0.8400
KXBTC15M-26MAY262200-00,5,0.7400,0.7500,0.7400
KXBTC15M-26MAY262115-15,3,0.4000,0.4000,0.3900
KXBTC15M-26MAY262115-15,4,0.3300,0.3300,0.3200
KXBTC15M-26MAY262115-15,5,0.1200,0.1300,0.1200
KXBTC15M-26MAY262145-45,3,0.4500,0.4600,0.4500
KXBTC15M-26MAY262145-45,4,0.4300,0.4300,0.4100
KXBTC15M-26MAY262145-45,5,0.3800,0.3900,0.3800
KXBTC15M-26MAY262045-45,3,0.8600,0.8800,0.8700
KXBTC15M-26MAY262045-45,4,0.8800,0.8900,0.8800
KXBTC15M-26MAY262045-45,5,0.8900,0.8900,0.8700
KXBTC15M-26MAY262100-00,3,0.6700,0.6800,0.6700
KXBTC15M-26MAY262100-00,4,0.3700,0.3700,0.3600
KXBTC15M-26MAY262100-00,5,0.5800,0.5900,0.5800
KXBTC15M-26MAY262230-30,3,0.1400,0.1300,0.1200
KXBTC15M-26MAY262230-30,4,0.0930,0.0980,0.0970
KXBTC15M-26MAY262230-30,5,0.1700,0.1700,0.1600
KXBTC15M-26MAY262030-30,3,0.1300,0.1300,0.1200
KXBTC15M-26MAY262030-30,4,0.1300,0.1300,0.1200
KXBTC15M-26MAY262030-30,5,0.1100,0.1200,0.1100
KXBTC15M-26MAY270215-15,3,0.5900,0.6000,0.5800
KXBTC15M-26MAY270215-15,4,0.5300,0.5400,0.5300
KXBTC15M-26MAY270215-15,5,0.7600,0.7600,0.7400
KXBTC15M-26MAY262130-30,3,0.0680,0.0680,0.0630
KXBTC15M-26MAY262130-30,4,0.0250,0.0280,0.0260
KXBTC15M-26MAY262130-30,5,0.0160,0.0160,0.0120
KXBTC15M-26MAY261815-15,3,0.9020,0.9100,0.9020
KXBTC15M-26MAY261815-15,4,0.6900,0.7000,0.6900
KXBTC15M-26MAY261815-15,5,0.3600,0.3700,0.3300
KXBTC15M-26MAY261800-00,3,0.6300,0.6400,0.6300
KXBTC15M-26MAY261800-00,4,0.4800,0.4800,0.4700
KXBTC15M-26MAY261800-00,5,0.4100,0.4200,0.4100
KXBTC15M-26MAY262330-30,3,0.3200,0.3300,0.3100
KXBTC15M-26MAY262330-30,4,0.3300,0.3300,0.3200
KXBTC15M-26MAY262330-30,5,0.1900,0.2000,0.1900
KXBTC15M-26MAY261730-30,3,0.8800,0.8800,0.8700
KXBTC15M-26MAY261730-30,4,0.8800,0.8900,0.8800
KXBTC15M-26MAY261730-30,5,0.9420,0.9490,0.9420
KXBTC15M-26MAY261745-45,3,0.5000,0.5000,0.4900
KXBTC15M-26MAY261745-45,4,0.2600,0.2600,0.2500
KXBTC15M-26MAY261745-45,5,0.3300,0.3300,0.3100
KXBTC15M-26MAY261715-15,3,0.2400,0.2500,0.2400
KXBTC15M-26MAY261715-15,4,0.1400,0.1400,0.1300
KXBTC15M-26MAY261715-15,5,0.1200,0.1200,0.1100
KXBTC15M-26MAY261630-30,3,0.4000,0.4000,0.3900
KXBTC15M-26MAY261630-30,4,0.2200,0.2300,0.2200
KXBTC15M-26MAY261630-30,5,0.1200,0.1300,0.1200
KXBTC15M-26MAY261945-45,3,0.4800,0.4900,0.4800
KXBTC15M-26MAY261945-45,4,0.5600,0.5700,0.5600
KXBTC15M-26MAY261945-45,5,0.4300,0.4300,0.4200
KXBTC15M-26MAY262015-15,3,0.7100,0.7100,0.7000
KXBTC15M-26MAY262015-15,4,0.4600,0.4700,0.4400
KXBTC15M-26MAY262015-15,5,0.6100,0.6100,0.5900
KXBTC15M-26MAY261615-15,3,0.6300,0.6400,0.6300
KXBTC15M-26MAY261615-15,4,0.7700,0.7800,0.7700
KXBTC15M-26MAY261615-15,5,0.8000,0.8100,0.8000
KXBTC15M-26MAY261545-45,3,0.5700,0.5700,0.5600
KXBTC15M-26MAY261545-45,4,0.5500,0.5400,0.5300
KXBTC15M-26MAY261545-45,5,0.3100,0.3200,0.3100
KXBTC15M-26MAY261530-30,3,0.6600,0.6600,0.6500
KXBTC15M-26MAY261530-30,4,0.7000,0.6900,0.6800
KXBTC15M-26MAY261530-30,5,0.7900,0.8100,0.7900
KXBTC15M-26MAY261515-15,3,0.7600,0.7600,0.7500
KXBTC15M-26MAY261515-15,4,0.6400,0.6500,0.6400
KXBTC15M-26MAY261515-15,5,0.6200,0.6300,0.6200
KXBTC15M-26MAY261430-30,3,0.8000,0.8100,0.8000
KXBTC15M-26MAY261430-30,4,0.8400,0.8400,0.8300
KXBTC15M-26MAY261430-30,5,0.9000,0.9000,0.8900
KXBTC15M-26MAY261500-00,3,0.6800,0.6900,0.6800
KXBTC15M-26MAY261500-00,4,0.6700,0.6800,0.6700
KXBTC15M-26MAY261500-00,5,0.6600,0.6700,0.6600
KXBTC15M-26MAY261415-15,3,0.4800,0.4800,0.4700
KXBTC15M-26MAY261415-15,4,0.6500,0.6500,0.6400
KXBTC15M-26MAY261415-15,5,0.4900,0.4900,0.4800
KXBTC15M-26MAY261345-45,3,0.1300,0.1400,0.1300
KXBTC15M-26MAY261345-45,4,0.1300,0.1200,0.1100
KXBTC15M-26MAY261345-45,5,0.1800,0.1900,0.1800
KXBTC15M-26MAY261330-30,3,0.1200,0.1200,0.1100
KXBTC15M-26MAY261330-30,4,0.0860,0.0760,0.0710
KXBTC15M-26MAY261330-30,5,0.0310,0.0310,0.0300
KXBTC15M-26MAY261315-15,3,0.8100,0.8200,0.8000
KXBTC15M-26MAY261315-15,4,0.7200,0.7200,0.7100
KXBTC15M-26MAY261315-15,5,0.4100,0.4100,0.4000
KXBTC15M-26MAY261845-45,3,0.6900,0.7000,0.6900
KXBTC15M-26MAY261845-45,4,0.8200,0.8200,0.8100
KXBTC15M-26MAY261845-45,5,0.8100,0.8200,0.8100
KXBTC15M-26MAY262000-00,3,0.3700,0.3700,0.3600
KXBTC15M-26MAY262000-00,4,0.3800,0.3900,0.3800
KXBTC15M-26MAY262000-00,5,0.1900,0.1900,0.1800
KXBTC15M-26MAY261300-00,3,0.4400,0.4500,0.4300
KXBTC15M-26MAY261300-00,4,0.2300,0.2300,0.2200
KXBTC15M-26MAY261300-00,5,0.2000,0.2000,0.1800
KXBTC15M-26MAY261445-45,3,0.6400,0.6500,0.6400
KXBTC15M-26MAY261445-45,4,0.6600,0.6700,0.6600
KXBTC15M-26MAY261445-45,5,0.5900,0.6000,0.5900
KXBTC15M-26MAY261230-30,3,0.7600,0.7600,0.7500
KXBTC15M-26MAY261230-30,4,0.8200,0.8300,0.8100
KXBTC15M-26MAY261230-30,5,0.8100,0.8200,0.8100
KXBTC15M-26MAY261215-15,3,0.2700,0.2800,0.2700
KXBTC15M-26MAY261215-15,4,0.3600,0.3700,0.3600
KXBTC15M-26MAY261215-15,5,0.1800,0.1800,0.1700
KXBTC15M-26MAY261200-00,3,0.2300,0.2300,0.2200
KXBTC15M-26MAY261200-00,4,0.2200,0.2300,0.2200
KXBTC15M-26MAY261200-00,5,0.2100,0.2200,0.2100
KXBTC15M-26MAY261145-45,3,0.1700,0.1700,0.1600
KXBTC15M-26MAY261145-45,4,0.1200,0.1300,0.1200
KXBTC15M-26MAY261145-45,5,0.0800,0.0800,0.0790
KXBTC15M-26MAY261130-30,3,0.4200,0.4200,0.4100
KXBTC15M-26MAY261130-30,4,0.2800,0.2800,0.2700
KXBTC15M-26MAY261130-30,5,0.1900,0.1900,0.1800
KXBTC15M-26MAY261600-00,3,0.4800,0.4900,0.4800
KXBTC15M-26MAY261600-00,4,0.4000,0.4000,0.3900
KXBTC15M-26MAY261600-00,5,0.6300,0.6400,0.6300
KXBTC15M-26MAY261100-00,3,0.7100,0.7100,0.7000
KXBTC15M-26MAY261100-00,4,0.7600,0.7700,0.7500
KXBTC15M-26MAY261100-00,5,0.8200,0.8200,0.8100
KXBTC15M-26MAY261045-45,3,0.0490,0.0490,0.0460
KXBTC15M-26MAY261045-45,4,0.0340,0.0430,0.0370
KXBTC15M-26MAY261045-45,5,0.0250,0.0240,0.0180
KXBTC15M-26MAY261030-30,3,0.9150,0.9150,0.9100
KXBTC15M-26MAY261030-30,4,0.8300,0.8300,0.8200
KXBTC15M-26MAY261030-30,5,0.9040,0.9060,0.9040
KXBTC15M-26MAY260915-15,3,0.3600,0.3600,0.3500
KXBTC15M-26MAY260915-15,4,0.4100,0.4200,0.4100
KXBTC15M-26MAY260915-15,5,0.1800,0.1900,0.1800
KXBTC15M-26MAY260830-30,3,0.4000,0.4000,0.3900
KXBTC15M-26MAY260830-30,4,0.5500,0.5500,0.5400
KXBTC15M-26MAY260830-30,5,0.4400,0.4500,0.4400
KXBTC15M-26MAY261000-00,3,0.9560,0.9590,0.9560
KXBTC15M-26MAY261000-00,4,0.9810,0.9840,0.9830
KXBTC15M-26MAY261000-00,5,0.9780,0.9770,0.9760
KXBTC15M-26MAY261400-00,3,0.6300,0.6400,0.6300
KXBTC15M-26MAY261400-00,4,0.8200,0.8300,0.8200
KXBTC15M-26MAY261400-00,5,0.6200,0.6300,0.6200
KXBTC15M-26MAY260815-15,3,0.5800,0.5900,0.5800
KXBTC15M-26MAY260815-15,4,0.6600,0.6700,0.6600
KXBTC15M-26MAY260815-15,5,0.2700,0.2700,0.2600
KXBTC15M-26MAY260800-00,3,0.6200,0.6400,0.6200
KXBTC15M-26MAY260800-00,4,0.6600,0.6600,0.6500
KXBTC15M-26MAY260800-00,5,0.6900,0.6800,0.6700
KXBTC15M-26MAY261245-45,3,0.6300,0.6300,0.6200
KXBTC15M-26MAY261245-45,4,0.7300,0.7400,0.7300
KXBTC15M-26MAY261245-45,5,0.8300,0.8400,0.8200
KXBTC15M-26MAY260745-45,3,0.7300,0.7400,0.7300
KXBTC15M-26MAY260745-45,4,0.5300,0.5300,0.5200
KXBTC15M-26MAY260745-45,5,0.2600,0.2600,0.2500
KXBTC15M-26MAY260730-30,3,0.6800,0.6800,0.6700
KXBTC15M-26MAY260730-30,4,0.6300,0.6200,0.6000
KXBTC15M-26MAY260730-30,5,0.3100,0.3100,0.3000
KXBTC15M-26MAY260930-30,3,0.1900,0.2000,0.1900
KXBTC15M-26MAY260930-30,4,0.0880,0.0880,0.0870
KXBTC15M-26MAY260930-30,5,0.1300,0.1400,0.1300
KXBTC15M-26MAY260900-00,3,0.6100,0.6000,0.5900
KXBTC15M-26MAY260900-00,4,0.5400,0.5400,0.5300
KXBTC15M-26MAY260900-00,5,0.5000,0.5100,0.5000
KXBTC15M-26MAY260845-45,3,0.7400,0.7500,0.7400
KXBTC15M-26MAY260845-45,4,0.7000,0.7100,0.6900
KXBTC15M-26MAY260845-45,5,0.7100,0.7300,0.7100
KXBTC15M-26MAY260515-15,3,0.3200,0.3300,0.3200
KXBTC15M-26MAY260515-15,4,0.4000,0.4000,0.3800
KXBTC15M-26MAY260515-15,5,0.2600,0.2600,0.2500
KXBTC15M-26MAY260545-45,3,0.5200,0.5300,0.5200
KXBTC15M-26MAY260545-45,4,0.4200,0.4300,0.4200
KXBTC15M-26MAY260545-45,5,0.3300,0.3300,0.3200
KXBTC15M-26MAY261115-15,3,0.2600,0.2600,0.2500
KXBTC15M-26MAY261115-15,4,0.3500,0.3500,0.3400
KXBTC15M-26MAY261115-15,5,0.4500,0.4500,0.4400
KXBTC15M-26MAY260500-00,3,0.3000,0.3000,0.2900
KXBTC15M-26MAY260500-00,4,0.1300,0.1400,0.1300
KXBTC15M-26MAY260500-00,5,0.0800,0.0780,0.0690
KXBTC15M-26MAY260415-15,3,0.5300,0.5300,0.5200
KXBTC15M-26MAY260415-15,4,0.4800,0.4900,0.4700
KXBTC15M-26MAY260415-15,5,0.4600,0.4600,0.4400
KXBTC15M-26MAY260445-45,3,0.4200,0.4200,0.4100
KXBTC15M-26MAY260445-45,4,0.2800,0.2800,0.2700
KXBTC15M-26MAY260445-45,5,0.2100,0.2100,0.2000
KXBTC15M-26MAY260715-15,3,0.5800,0.5900,0.5800
KXBTC15M-26MAY260715-15,4,0.7200,0.7400,0.7200
KXBTC15M-26MAY260715-15,5,0.6800,0.6800,0.6700
KXBTC15M-26MAY260330-30,3,0.3800,0.3800,0.3700
KXBTC15M-26MAY260330-30,4,0.4900,0.5000,0.4900
KXBTC15M-26MAY260330-30,5,0.2900,0.3000,0.2900
KXBTC15M-26MAY260530-30,3,0.8800,0.8800,0.8700
KXBTC15M-26MAY260530-30,4,0.9100,0.9120,0.9100
KXBTC15M-26MAY260530-30,5,0.9290,0.9300,0.9230
KXBTC15M-26MAY260345-45,3,0.3700,0.3700,0.3600
KXBTC15M-26MAY260345-45,4,0.3500,0.3600,0.3500
KXBTC15M-26MAY260345-45,5,0.2500,0.2600,0.2500
KXBTC15M-26MAY260315-15,3,0.2900,0.3000,0.2900
KXBTC15M-26MAY260315-15,4,0.1800,0.1800,0.1700
KXBTC15M-26MAY260315-15,5,0.0650,0.0690,0.0670
KXBTC15M-26MAY260300-00,3,0.3100,0.3100,0.3000
KXBTC15M-26MAY260300-00,4,0.3000,0.2900,0.2800
KXBTC15M-26MAY260300-00,5,0.2000,0.2100,0.2000
KXBTC15M-26MAY260245-45,3,0.6300,0.6500,0.6300
KXBTC15M-26MAY260245-45,4,0.6600,0.6800,0.6600
KXBTC15M-26MAY260245-45,5,0.8100,0.8100,0.8000
KXBTC15M-26MAY260200-00,3,0.3800,0.3800,0.3700
KXBTC15M-26MAY260200-00,4,0.2800,0.2800,0.2700
KXBTC15M-26MAY260200-00,5,0.3100,0.3100,0.3000
KXBTC15M-26MAY260400-00,3,0.6400,0.6500,0.6400
KXBTC15M-26MAY260400-00,4,0.7600,0.7700,0.7600
KXBTC15M-26MAY260400-00,5,0.8500,0.8600,0.8500
KXBTC15M-26MAY260215-15,3,0.3300,0.3400,0.3300
KXBTC15M-26MAY260215-15,4,0.3000,0.3000,0.2900
KXBTC15M-26MAY260215-15,5,0.3800,0.3800,0.3700
KXBTC15M-26MAY260145-45,3,0.6400,0.6500,0.6400
KXBTC15M-26MAY260145-45,4,0.7600,0.7700,0.7600
KXBTC15M-26MAY260145-45,5,0.9180,0.9180,0.9170
KXBTC15M-26MAY260700-00,3,0.6800,0.6800,0.6700
KXBTC15M-26MAY260700-00,4,0.6300,0.6400,0.6300
KXBTC15M-26MAY260700-00,5,0.7300,0.7300,0.7200
KXBTC15M-26MAY260130-30,3,0.6600,0.6700,0.6600
KXBTC15M-26MAY260130-30,4,0.7400,0.7500,0.7400
KXBTC15M-26MAY260130-30,5,0.8600,0.8700,0.8600
KXBTC15M-26MAY260115-15,3,0.2700,0.2700,0.2600
KXBTC15M-26MAY260115-15,4,0.5300,0.5400,0.5300
KXBTC15M-26MAY260115-15,5,0.3000,0.3200,0.3000
KXBTC15M-26MAY260030-30,3,0.3400,0.3500,0.3400
KXBTC15M-26MAY260030-30,4,0.4200,0.4200,0.4100
KXBTC15M-26MAY260030-30,5,0.3100,0.3200,0.3100
KXBTC15M-26MAY252345-45,3,0.8800,0.8900,0.8800
KXBTC15M-26MAY252345-45,4,0.9200,0.9210,0.9200
KXBTC15M-26MAY252345-45,5,0.9120,0.9170,0.9120
KXBTC15M-26MAY252330-30,3,0.5300,0.5500,0.5300
KXBTC15M-26MAY252330-30,4,0.3700,0.3700,0.3600
KXBTC15M-26MAY252330-30,5,0.7000,0.7100,0.7000
KXBTC15M-26MAY260015-15,3,0.3200,0.3200,0.3100
KXBTC15M-26MAY260015-15,4,0.4400,0.4400,0.4300
KXBTC15M-26MAY260015-15,5,0.3900,0.3900,0.3800
KXBTC15M-26MAY252300-00,3,0.5500,0.5500,0.5400
KXBTC15M-26MAY252300-00,4,0.6500,0.6600,0.6500
KXBTC15M-26MAY252300-00,5,0.8200,0.8300,0.8200
KXBTC15M-26MAY252315-15,3,0.3700,0.3700,0.3600
KXBTC15M-26MAY252315-15,4,0.3600,0.3800,0.3700
KXBTC15M-26MAY252315-15,5,0.4100,0.4200,0.4000
KXBTC15M-26MAY260045-45,3,0.7200,0.7200,0.7100
KXBTC15M-26MAY260045-45,4,0.7000,0.7100,0.7000
KXBTC15M-26MAY260045-45,5,0.7500,0.7500,0.7400
KXBTC15M-26MAY252245-45,3,0.5600,0.5700,0.5600
KXBTC15M-26MAY252245-45,4,0.4400,0.4500,0.4400
KXBTC15M-26MAY252245-45,5,0.6100,0.6100,0.6000
KXBTC15M-26MAY252215-15,3,0.3100,0.3100,0.3000
KXBTC15M-26MAY252215-15,4,0.2600,0.2600,0.2500
KXBTC15M-26MAY252215-15,5,0.5000,0.5100,0.5000
KXBTC15M-26MAY252130-30,3,0.5900,0.6000,0.5900
KXBTC15M-26MAY252130-30,4,0.5300,0.5400,0.5300
KXBTC15M-26MAY252130-30,5,0.5100,0.5200,0.5100
KXBTC15M-26MAY260000-00,3,0.5400,0.5400,0.5300
KXBTC15M-26MAY260000-00,4,0.4800,0.4800,0.4700
KXBTC15M-26MAY260000-00,5,0.5200,0.5200,0.5000
KXBTC15M-26MAY252100-00,3,0.5200,0.5300,0.5200
KXBTC15M-26MAY252100-00,4,0.6500,0.6500,0.6400
KXBTC15M-26MAY252100-00,5,0.3200,0.3300,0.3200
KXBTC15M-26MAY252030-30,3,0.1400,0.1400,0.1300
KXBTC15M-26MAY252030-30,4,0.1300,0.1400,0.1300
KXBTC15M-26MAY252030-30,5,0.0950,0.0960,0.0890
KXBTC15M-26MAY251930-30,3,0.6400,0.6400,0.6300
KXBTC15M-26MAY251930-30,4,0.4300,0.4400,0.4300
KXBTC15M-26MAY251930-30,5,0.4000,0.3800,0.3700
KXBTC15M-26MAY252045-45,3,0.4200,0.4200,0.4100
KXBTC15M-26MAY252045-45,4,0.3600,0.3600,0.3500
KXBTC15M-26MAY252045-45,5,0.2400,0.2400,0.2300
KXBTC15M-26MAY252015-15,3,0.2300,0.2300,0.2200
KXBTC15M-26MAY252015-15,4,0.1300,0.1400,0.1300
KXBTC15M-26MAY252015-15,5,0.2100,0.2100,0.2000
KXBTC15M-26MAY251915-15,3,0.7600,0.7700,0.7600
KXBTC15M-26MAY251915-15,4,0.7500,0.7500,0.7400
KXBTC15M-26MAY251915-15,5,0.8700,0.8900,0.8700
KXBTC15M-26MAY251830-30,3,0.3200,0.3200,0.3100
KXBTC15M-26MAY251830-30,4,0.2400,0.2400,0.2300
KXBTC15M-26MAY251830-30,5,0.1900,0.1900,0.1800
KXBTC15M-26MAY251900-00,3,0.6300,0.6500,0.6300
KXBTC15M-26MAY251900-00,4,0.7800,0.7900,0.7800
KXBTC15M-26MAY251900-00,5,0.8800,0.8900,0.8800
KXBTC15M-26MAY252115-15,3,0.1500,0.1500,0.1400
KXBTC15M-26MAY252115-15,4,0.1300,0.1400,0.1300
KXBTC15M-26MAY252115-15,5,0.1600,0.1700,0.1600
KXBTC15M-26MAY251730-30,3,0.1800,0.1900,0.1800
KXBTC15M-26MAY251730-30,4,0.2800,0.2800,0.2700
KXBTC15M-26MAY251730-30,5,0.2300,0.2500,0.2300
KXBTC15M-26MAY251800-00,3,0.6900,0.7100,0.6900
KXBTC15M-26MAY251800-00,4,0.6900,0.7000,0.6900
KXBTC15M-26MAY251800-00,5,0.6000,0.6100,0.6000
KXBTC15M-26MAY251745-45,3,0.4500,0.4500,0.4400
KXBTC15M-26MAY251745-45,4,0.4500,0.4500,0.4400
KXBTC15M-26MAY251745-45,5,0.6500,0.6700,0.6500
KXBTC15M-26MAY251645-45,3,0.7300,0.7400,0.7300
KXBTC15M-26MAY251645-45,4,0.1600,0.1700,0.1500
KXBTC15M-26MAY251645-45,5,0.0540,0.0540,0.0470
KXBTC15M-26MAY251845-45,3,0.0570,0.0570,0.0560
KXBTC15M-26MAY251845-45,4,0.0740,0.0750,0.0740
KXBTC15M-26MAY251845-45,5,0.0460,0.0460,0.0380
KXBTC15M-26MAY252230-30,3,0.2500,0.2600,0.2500
KXBTC15M-26MAY252230-30,4,0.3800,0.3800,0.3700
KXBTC15M-26MAY252230-30,5,0.2000,0.2000,0.1900
KXBTC15M-26MAY251700-00,3,0.7900,0.8100,0.7900
KXBTC15M-26MAY251700-00,4,0.5000,0.5100,0.5000
KXBTC15M-26MAY251700-00,5,0.6300,0.6400,0.6300
KXBTC15M-26MAY251815-15,3,0.2300,0.2300,0.2200
KXBTC15M-26MAY251815-15,4,0.2200,0.2200,0.2100
KXBTC15M-26MAY251815-15,5,0.5500,0.5500,0.5400
KXBTC15M-26MAY251515-15,3,0.0980,0.1000,0.0970
KXBTC15M-26MAY251515-15,4,0.0720,0.0780,0.0720
KXBTC15M-26MAY251515-15,5,0.1200,0.1300,0.1200
KXBTC15M-26MAY251600-00,3,0.5800,0.5800,0.5700
KXBTC15M-26MAY251600-00,4,0.6700,0.6800,0.6700
KXBTC15M-26MAY251600-00,5,0.8900,0.8900,0.8800
KXBTC15M-26MAY251715-15,3,0.8300,0.8400,0.8300
KXBTC15M-26MAY251715-15,4,0.8400,0.8400,0.8300
KXBTC15M-26MAY251715-15,5,0.8300,0.8400,0.8300
KXBTC15M-26MAY251500-00,3,0.3900,0.4000,0.3900
KXBTC15M-26MAY251500-00,4,0.5400,0.5400,0.5300
KXBTC15M-26MAY251500-00,5,0.4800,0.4900,0.4800
KXBTC15M-26MAY251415-15,3,0.6500,0.6500,0.6400
KXBTC15M-26MAY251415-15,4,0.7000,0.7100,0.7000
KXBTC15M-26MAY251415-15,5,0.8200,0.8200,0.8100
KXBTC15M-26MAY252000-00,3,0.3200,0.3200,0.3100
KXBTC15M-26MAY252000-00,4,0.4200,0.4300,0.4100
KXBTC15M-26MAY252000-00,5,0.2700,0.2800,0.2700
KXBTC15M-26MAY251430-30,3,0.6300,0.6500,0.6300
KXBTC15M-26MAY251430-30,4,0.3800,0.3900,0.3800
KXBTC15M-26MAY251430-30,5,0.4300,0.4400,0.4300
KXBTC15M-26MAY251615-15,3,0.5800,0.5900,0.5800
KXBTC15M-26MAY251615-15,4,0.5200,0.5400,0.5100
KXBTC15M-26MAY251615-15,5,0.5400,0.5600,0.5400
KXBTC15M-26MAY251545-45,3,0.1100,0.1100,0.1000
KXBTC15M-26MAY251545-45,4,0.0890,0.0860,0.0850
KXBTC15M-26MAY251545-45,5,0.0720,0.0720,0.0670
KXBTC15M-26MAY251330-30,3,0.2900,0.2900,0.2800
KXBTC15M-26MAY251330-30,4,0.3000,0.3200,0.3000
KXBTC15M-26MAY251330-30,5,0.2200,0.2200,0.2100
KXBTC15M-26MAY251300-00,3,0.8100,0.8100,0.8000
KXBTC15M-26MAY251300-00,4,0.9020,0.9030,0.9020
KXBTC15M-26MAY251300-00,5,0.9000,0.9000,0.8900
KXBTC15M-26MAY251445-45,3,0.3800,0.3900,0.3800
KXBTC15M-26MAY251445-45,4,0.5000,0.5000,0.4900
KXBTC15M-26MAY251445-45,5,0.4900,0.4900,0.4800
KXBTC15M-26MAY251230-30,3,0.5200,0.5500,0.5400
KXBTC15M-26MAY251230-30,4,0.6400,0.6300,0.6200
KXBTC15M-26MAY251230-30,5,0.5500,0.5500,0.5400
KXBTC15M-26MAY251145-45,3,0.6300,0.6300,0.6200
KXBTC15M-26MAY251145-45,4,0.7200,0.7200,0.7100
KXBTC15M-26MAY251145-45,5,0.6800,0.6900,0.6800
KXBTC15M-26MAY251215-15,3,0.3000,0.3000,0.2900
KXBTC15M-26MAY251215-15,4,0.3300,0.3400,0.3300
KXBTC15M-26MAY251215-15,5,0.2600,0.2600,0.2500
KXBTC15M-26MAY251115-15,3,0.4600,0.4600,0.4500
KXBTC15M-26MAY251115-15,4,0.4700,0.4800,0.4700
KXBTC15M-26MAY251115-15,5,0.5200,0.5300,0.5200
KXBTC15M-26MAY251400-00,3,0.5300,0.5400,0.5300
KXBTC15M-26MAY251400-00,4,0.4300,0.4500,0.4300
KXBTC15M-26MAY251400-00,5,0.4500,0.4600,0.4500
KXBTC15M-26MAY251100-00,3,0.9010,0.9020,0.9010
KXBTC15M-26MAY251100-00,4,0.9010,0.9070,0.9030
KXBTC15M-26MAY251100-00,5,0.9280,0.9290,0.9280
KXBTC15M-26MAY251045-45,3,0.2800,0.2800,0.2700
KXBTC15M-26MAY251045-45,4,0.3400,0.3500,0.3400
KXBTC15M-26MAY251045-45,5,0.3800,0.3900,0.3800
KXBTC15M-26MAY250930-30,3,0.4400,0.4400,0.4300
KXBTC15M-26MAY250930-30,4,0.3800,0.3800,0.3700
KXBTC15M-26MAY250930-30,5,0.4600,0.4600,0.4500
KXBTC15M-26MAY250915-15,3,0.5900,0.6200,0.5900
KXBTC15M-26MAY250915-15,4,0.7600,0.7600,0.7500
KXBTC15M-26MAY250915-15,5,0.8000,0.8100,0.8000
KXBTC15M-26MAY251000-00,3,0.5800,0.5800,0.5600
KXBTC15M-26MAY251000-00,4,0.6700,0.6800,0.6700
KXBTC15M-26MAY251000-00,5,0.6800,0.6900,0.6800
KXBTC15M-26MAY250900-00,3,0.2700,0.2800,0.2700
KXBTC15M-26MAY250900-00,4,0.3800,0.3900,0.3800
KXBTC15M-26MAY250900-00,5,0.3200,0.3200,0.3100
KXBTC15M-26MAY250845-45,3,0.4500,0.4500,0.4300
KXBTC15M-26MAY250845-45,4,0.4100,0.4100,0.4000
KXBTC15M-26MAY250845-45,5,0.5000,0.5100,0.5000
KXBTC15M-26MAY250830-30,3,0.3100,0.3100,0.3000
KXBTC15M-26MAY250830-30,4,0.5300,0.5400,0.5300
KXBTC15M-26MAY250830-30,5,0.4400,0.4400,0.4300
KXBTC15M-26MAY251315-15,3,0.4900,0.5000,0.4900
KXBTC15M-26MAY251315-15,4,0.6700,0.6700,0.6600
KXBTC15M-26MAY251315-15,5,0.5400,0.5400,0.5300
KXBTC15M-26MAY250745-45,3,0.8400,0.8400,0.8100
KXBTC15M-26MAY250745-45,4,0.9000,0.9000,0.8900
KXBTC15M-26MAY250745-45,5,0.7900,0.8000,0.7900
KXBTC15M-26MAY250730-30,3,0.2500,0.2500,0.2400
KXBTC15M-26MAY250730-30,4,0.4300,0.4300,0.4200
KXBTC15M-26MAY250730-30,5,0.4500,0.4700,0.4500
KXBTC15M-26MAY250800-00,3,0.2500,0.2500,0.2400
KXBTC15M-26MAY250800-00,4,0.2700,0.2700,0.2600
KXBTC15M-26MAY250800-00,5,0.1600,0.1600,0.1500
KXBTC15M-26MAY250700-00,3,0.6100,0.6100,0.6000
KXBTC15M-26MAY250700-00,4,0.6200,0.6200,0.6100
KXBTC15M-26MAY250700-00,5,0.7200,0.7200,0.7100
KXBTC15M-26MAY250715-15,3,0.1200,0.0970,0.0960
KXBTC15M-26MAY250715-15,4,0.0990,0.0990,0.0980
KXBTC15M-26MAY250715-15,5,0.0600,0.0660,0.0600
KXBTC15M-26MAY250615-15,3,0.2100,0.2100,0.2000
KXBTC15M-26MAY250615-15,4,0.2000,0.2000,0.1900
KXBTC15M-26MAY250615-15,5,0.2900,0.2900,0.2800
KXBTC15M-26MAY250645-45,3,0.4500,0.4500,0.4400
KXBTC15M-26MAY250645-45,4,0.6800,0.6900,0.6800
KXBTC15M-26MAY250645-45,5,0.7200,0.7200,0.7100
KXBTC15M-26MAY250530-30,3,0.2500,0.2500,0.2400
KXBTC15M-26MAY250530-30,4,0.3300,0.3400,0.3300
KXBTC15M-26MAY250530-30,5,0.2100,0.2200,0.2100
KXBTC15M-26MAY250815-15,3,0.2500,0.2500,0.2400
KXBTC15M-26MAY250815-15,4,0.3000,0.3000,0.2900
KXBTC15M-26MAY250815-15,5,0.5100,0.5100,0.5000
KXBTC15M-26MAY251030-30,3,0.7000,0.7200,0.7000
KXBTC15M-26MAY251030-30,4,0.8400,0.8400,0.8300
KXBTC15M-26MAY251030-30,5,0.7100,0.7100,0.7000
KXBTC15M-26MAY250515-15,3,0.4400,0.4500,0.4300
KXBTC15M-26MAY250515-15,4,0.4100,0.4100,0.4000
KXBTC15M-26MAY250515-15,5,0.4200,0.4200,0.4100
KXBTC15M-26MAY250430-30,3,0.5100,0.5200,0.5100
KXBTC15M-26MAY250430-30,4,0.6800,0.6900,0.6800
KXBTC15M-26MAY250430-30,5,0.7700,0.7800,0.7700
KXBTC15M-26MAY250945-45,3,0.5400,0.5400,0.5300
KXBTC15M-26MAY250945-45,4,0.4600,0.4600,0.4500
KXBTC15M-26MAY250945-45,5,0.5500,0.5500,0.5400
KXBTC15M-26MAY250630-30,3,0.7400,0.7500,0.7400
KXBTC15M-26MAY250630-30,4,0.4500,0.4600,0.4500
KXBTC15M-26MAY250630-30,5,0.1800,0.1800,0.1700
KXBTC15M-26MAY250415-15,3,0.3700,0.3700,0.3600
KXBTC15M-26MAY250415-15,4,0.5900,0.5900,0.5700
KXBTC15M-26MAY250415-15,5,0.4900,0.4600,0.4500
KXBTC15M-26MAY250315-15,3,0.8600,0.8700,0.8600
KXBTC15M-26MAY250315-15,4,0.8000,0.8000,0.7900
KXBTC15M-26MAY250315-15,5,0.7100,0.7100,0.7000
KXBTC15M-26MAY250545-45,3,0.8500,0.8600,0.8500
KXBTC15M-26MAY250545-45,4,0.8800,0.9000,0.8800
KXBTC15M-26MAY250545-45,5,0.8300,0.8400,0.8300
KXBTC15M-26MAY250330-30,3,0.1300,0.1300,0.1200
KXBTC15M-26MAY250330-30,4,0.2000,0.2000,0.1900
KXBTC15M-26MAY250330-30,5,0.1500,0.1600,0.1500
KXBTC15M-26MAY250230-30,3,0.3100,0.3100,0.3000
KXBTC15M-26MAY250230-30,4,0.2100,0.2100,0.2000
KXBTC15M-26MAY250230-30,5,0.1400,0.1400,0.1200
KXBTC15M-26MAY250200-00,3,0.3100,0.3100,0.3000
KXBTC15M-26MAY250200-00,4,0.3400,0.3300,0.3200
KXBTC15M-26MAY250200-00,5,0.1600,0.1600,0.1500
KXBTC15M-26MAY250245-45,3,0.8400,0.8400,0.8200
KXBTC15M-26MAY250245-45,4,0.8600,0.8700,0.8500
KXBTC15M-26MAY250245-45,5,0.9220,0.9270,0.9230
KXBTC15M-26MAY250100-00,3,0.6500,0.6600,0.6500
KXBTC15M-26MAY250100-00,4,0.6600,0.6700,0.6600
KXBTC15M-26MAY250100-00,5,0.7700,0.7700,0.7600
KXBTC15M-26MAY250400-00,3,0.5600,0.5800,0.5600
KXBTC15M-26MAY250400-00,4,0.5600,0.5800,0.5600
KXBTC15M-26MAY250400-00,5,0.4900,0.5000,0.4900
KXBTC15M-26MAY250030-30,3,0.5500,0.5500,0.5400
KXBTC15M-26MAY250030-30,4,0.6700,0.6800,0.6700
KXBTC15M-26MAY250030-30,5,0.7800,0.8100,0.7800
KXBTC15M-26MAY250345-45,3,0.8300,0.8300,0.8100
KXBTC15M-26MAY250345-45,4,0.8400,0.8500,0.8400
KXBTC15M-26MAY250345-45,5,0.8300,0.8300,0.8200
KXBTC15M-26MAY250300-00,3,0.7400,0.7500,0.7400
KXBTC15M-26MAY250300-00,4,0.7200,0.7200,0.7100
KXBTC15M-26MAY250300-00,5,0.7500,0.7500,0.7300
KXBTC15M-26MAY242330-30,3,0.6200,0.6300,0.6100
KXBTC15M-26MAY242330-30,4,0.5900,0.5900,0.5800
KXBTC15M-26MAY242330-30,5,0.7700,0.7700,0.7600
KXBTC15M-26MAY250600-00,3,0.5600,0.5700,0.5600
KXBTC15M-26MAY250600-00,4,0.6500,0.6500,0.6400
KXBTC15M-26MAY250600-00,5,0.8700,0.8800,0.8700
KXBTC15M-26MAY242345-45,3,0.4900,0.5000,0.4900
KXBTC15M-26MAY242345-45,4,0.4900,0.4900,0.4800
KXBTC15M-26MAY242345-45,5,0.4800,0.4800,0.4700
KXBTC15M-26MAY250500-00,3,0.4900,0.5000,0.4900
KXBTC15M-26MAY250500-00,4,0.6600,0.6600,0.6500
KXBTC15M-26MAY250500-00,5,0.7300,0.7300,0.7200
KXBTC15M-26MAY250445-45,3,0.5200,0.5300,0.5200
KXBTC15M-26MAY250445-45,4,0.5500,0.5600,0.5500
KXBTC15M-26MAY250445-45,5,0.8300,0.8400,0.8300
KXBTC15M-26MAY250115-15,3,0.1700,0.1700,0.1600
KXBTC15M-26MAY250115-15,4,0.2400,0.2400,0.2200
KXBTC15M-26MAY250115-15,5,0.1600,0.1700,0.1600
KXBTC15M-26MAY250045-45,3,0.5100,0.5100,0.4900
KXBTC15M-26MAY250045-45,4,0.4300,0.4400,0.4200
KXBTC15M-26MAY250045-45,5,0.5400,0.5500,0.5400
KXBTC15M-26MAY250015-15,3,0.5600,0.5600,0.5500
KXBTC15M-26MAY250015-15,4,0.4900,0.4900,0.4800
KXBTC15M-26MAY250015-15,5,0.4700,0.4600,0.4500
KXBTC15M-26MAY250000-00,3,0.3300,0.3300,0.3100
KXBTC15M-26MAY250000-00,4,0.3500,0.3500,0.3400
KXBTC15M-26MAY250000-00,5,0.2100,0.2100,0.2000
KXBTC15M-26MAY242145-45,3,0.4800,0.4800,0.4700
KXBTC15M-26MAY242145-45,4,0.6100,0.6200,0.6100
KXBTC15M-26MAY242145-45,5,0.7000,0.7000,0.6900
KXBTC15M-26MAY242100-00,3,0.6100,0.6200,0.6100
KXBTC15M-26MAY242100-00,4,0.8300,0.8500,0.8300
KXBTC15M-26MAY242100-00,5,0.7600,0.7600,0.7500
KXBTC15M-26MAY242115-15,3,0.4300,0.4400,0.4300
KXBTC15M-26MAY242115-15,4,0.3200,0.3200,0.3100
KXBTC15M-26MAY242115-15,5,0.3400,0.3400,0.3300
KXBTC15M-26MAY250215-15,3,0.3300,0.3400,0.3300
KXBTC15M-26MAY250215-15,4,0.3700,0.3700,0.3600
KXBTC15M-26MAY250215-15,5,0.3200,0.3200,0.3100
KXBTC15M-26MAY242230-30,3,0.1900,0.1900,0.1800
KXBTC15M-26MAY242230-30,4,0.1400,0.1400,0.1300
KXBTC15M-26MAY242230-30,5,0.0900,0.0820,0.0810
KXBTC15M-26MAY242215-15,3,0.9000,0.9000,0.8900
KXBTC15M-26MAY242215-15,4,0.9200,0.9220,0.9160
KXBTC15M-26MAY242215-15,5,0.9610,0.9630,0.9610
KXBTC15M-26MAY242030-30,3,0.4400,0.4400,0.4300
KXBTC15M-26MAY242030-30,4,0.3800,0.3800,0.3700
KXBTC15M-26MAY242030-30,5,0.2600,0.2600,0.2500
KXBTC15M-26MAY242000-00,3,0.2600,0.2600,0.2500
KXBTC15M-26MAY242000-00,4,0.3300,0.3400,0.3300
KXBTC15M-26MAY242000-00,5,0.1800,0.1800,0.1600
KXBTC15M-26MAY242130-30,3,0.6100,0.6200,0.6100
KXBTC15M-26MAY242130-30,4,0.6900,0.7000,0.6900
KXBTC15M-26MAY242130-30,5,0.7600,0.7600,0.7500
KXBTC15M-26MAY241945-45,3,0.6400,0.6600,0.6300
KXBTC15M-26MAY241945-45,4,0.8200,0.8200,0.8100
KXBTC15M-26MAY241945-45,5,0.9000,0.9010,0.9000
KXBTC15M-26MAY241900-00,3,0.8600,0.8700,0.8600
KXBTC15M-26MAY241900-00,4,0.8300,0.8500,0.8300
KXBTC15M-26MAY241900-00,5,0.8700,0.8800,0.8700
KXBTC15M-26MAY242315-15,3,0.4900,0.4900,0.4800
KXBTC15M-26MAY242315-15,4,0.4000,0.4000,0.3900
KXBTC15M-26MAY242315-15,5,0.4500,0.4500,0.4400
KXBTC15M-26MAY242045-45,3,0.3000,0.3000,0.2900
KXBTC15M-26MAY242045-45,4,0.3300,0.3400,0.3300
KXBTC15M-26MAY242045-45,5,0.3400,0.3300,0.3200
KXBTC15M-26MAY241830-30,3,0.2400,0.2500,0.2400
KXBTC15M-26MAY241830-30,4,0.2100,0.2100,0.2000
KXBTC15M-26MAY241830-30,5,0.2400,0.2400,0.2300
KXBTC15M-26MAY241815-15,3,0.9540,0.9600,0.9540
KXBTC15M-26MAY241815-15,4,0.9820,0.9840,0.9780
KXBTC15M-26MAY241815-15,5,0.9790,0.9850,0.9800
KXBTC15M-26MAY241800-00,3,0.6400,0.6400,0.6300
KXBTC15M-26MAY241800-00,4,0.4500,0.4600,0.4500
KXBTC15M-26MAY241800-00,5,0.6100,0.6100,0.6000
KXBTC15M-26MAY241715-15,3,0.8200,0.8200,0.8100
KXBTC15M-26MAY241715-15,4,0.8500,0.8600,0.8500
KXBTC15M-26MAY241715-15,5,0.8100,0.8200,0.8100
KXBTC15M-26MAY242200-00,3,0.3900,0.4000,0.3900
KXBTC15M-26MAY242200-00,4,0.4200,0.4200,0.4100
KXBTC15M-26MAY242200-00,5,0.3700,0.3700,0.3600
KXBTC15M-26MAY241915-15,3,0.8000,0.8000,0.7900
KXBTC15M-26MAY241915-15,4,0.8500,0.8400,0.8300
KXBTC15M-26MAY241915-15,5,0.7700,0.7600,0.7500
KXBTC15M-26MAY241700-00,3,0.3500,0.3500,0.3400
KXBTC15M-26MAY241700-00,4,0.5000,0.5000,0.4900
KXBTC15M-26MAY241700-00,5,0.4200,0.4200,0.4100
KXBTC15M-26MAY241845-45,3,0.5900,0.6000,0.5900
KXBTC15M-26MAY241845-45,4,0.4400,0.4500,0.4400
KXBTC15M-26MAY241845-45,5,0.3200,0.3200,0.3100
KXBTC15M-26MAY241600-00,3,0.6400,0.6400,0.6300
KXBTC15M-26MAY241600-00,4,0.7600,0.7600,0.7500
KXBTC15M-26MAY241600-00,5,0.7500,0.7600,0.7500
KXBTC15M-26MAY241515-15,3,0.6800,0.6900,0.6800
KXBTC15M-26MAY241515-15,4,0.4900,0.5000,0.4900
KXBTC15M-26MAY241515-15,5,0.5800,0.5800,0.5700
KXBTC15M-26MAY241745-45,3,0.2100,0.2000,0.1900
KXBTC15M-26MAY241745-45,4,0.0780,0.0780,0.0740
KXBTC15M-26MAY241745-45,5,0.0150,0.0150,0.0140
KXBTC15M-26MAY241545-45,3,0.4400,0.4500,0.4400
KXBTC15M-26MAY241545-45,4,0.5700,0.5800,0.5700
KXBTC15M-26MAY241545-45,5,0.6700,0.6700,0.6600
KXBTC15M-26MAY241500-00,3,0.3900,0.4000,0.3900
KXBTC15M-26MAY241500-00,4,0.4000,0.4100,0.4000
KXBTC15M-26MAY241500-00,5,0.3900,0.3900,0.3800
KXBTC15M-26MAY241415-15,3,0.4600,0.4700,0.4600
KXBTC15M-26MAY241415-15,4,0.3500,0.3600,0.3500
KXBTC15M-26MAY241415-15,5,0.3500,0.3600,0.3400
KXBTC15M-26MAY241400-00,3,0.5000,0.5100,0.5000
KXBTC15M-26MAY241400-00,4,0.6800,0.6800,0.6700
KXBTC15M-26MAY241400-00,5,0.7400,0.7500,0.7400
KXBTC15M-26MAY241330-30,3,0.4000,0.4100,0.4000
KXBTC15M-26MAY241330-30,4,0.2800,0.2800,0.2700
KXBTC15M-26MAY241330-30,5,0.2500,0.2500,0.2400
KXBTC15M-26MAY241315-15,3,0.4900,0.4900,0.4800
KXBTC15M-26MAY241315-15,4,0.6100,0.6200,0.6100
KXBTC15M-26MAY241315-15,5,0.7600,0.7600,0.7500
KXBTC15M-26MAY241630-30,3,0.3100,0.3200,0.3100
KXBTC15M-26MAY241630-30,4,0.3700,0.3700,0.3600
KXBTC15M-26MAY241630-30,5,0.2000,0.2100,0.2000
KXBTC15M-26MAY241530-30,3,0.8500,0.8500,0.8400
KXBTC15M-26MAY241530-30,4,0.7800,0.7900,0.7800
KXBTC15M-26MAY241530-30,5,0.7800,0.7900,0.7800
KXBTC15M-26MAY241215-15,3,0.8800,0.8800,0.8700
KXBTC15M-26MAY241215-15,4,0.9520,0.9530,0.9510
KXBTC15M-26MAY241215-15,5,0.9840,0.9850,0.9840
KXBTC15M-26MAY241300-00,3,0.8700,0.8800,0.8700
KXBTC15M-26MAY241300-00,4,0.8600,0.8800,0.8600
KXBTC15M-26MAY241300-00,5,0.8800,0.8800,0.8700
KXBTC15M-26MAY241430-30,3,0.7200,0.7300,0.7200
KXBTC15M-26MAY241430-30,4,0.6100,0.6200,0.6100
KXBTC15M-26MAY241430-30,5,0.6000,0.5900,0.5800
KXBTC15M-26MAY241730-30,3,0.4800,0.4800,0.4700
KXBTC15M-26MAY241730-30,4,0.7100,0.7200,0.7100
KXBTC15M-26MAY241730-30,5,0.5600,0.5600,0.5400
KXBTC15M-26MAY241200-00,3,0.4700,0.4700,0.4600
KXBTC15M-26MAY241200-00,4,0.6400,0.6400,0.6300
KXBTC15M-26MAY241200-00,5,0.3400,0.3400,0.3300
KXBTC15M-26MAY241345-45,3,0.5300,0.5300,0.5200
KXBTC15M-26MAY241345-45,4,0.5900,0.5900,0.5800
KXBTC15M-26MAY241345-45,5,0.5800,0.5800,0.5700
KXBTC15M-26MAY241645-45,3,0.5100,0.5100,0.5000
KXBTC15M-26MAY241645-45,4,0.4800,0.4700,0.4600
KXBTC15M-26MAY241645-45,5,0.4800,0.4800,0.4700
KXBTC15M-26MAY241100-00,3,0.4400,0.4400,0.4200
KXBTC15M-26MAY241100-00,4,0.3100,0.3200,0.3100
KXBTC15M-26MAY241100-00,5,0.5600,0.5600,0.5500
KXBTC15M-26MAY241000-00,3,0.3100,0.3100,0.3000
KXBTC15M-26MAY241000-00,4,0.2200,0.2300,0.2200
KXBTC15M-26MAY241000-00,5,0.1500,0.1600,0.1500
KXBTC15M-26MAY241045-45,3,0.7800,0.7900,0.7700
KXBTC15M-26MAY241045-45,4,0.7700,0.7800,0.7700
KXBTC15M-26MAY241045-45,5,0.5500,0.5500,0.5400
KXBTC15M-26MAY240915-15,3,0.2500,0.2500,0.2400
KXBTC15M-26MAY240915-15,4,0.3700,0.3900,0.3700
KXBTC15M-26MAY240915-15,5,0.2600,0.2600,0.2500
KXBTC15M-26MAY241445-45,3,0.3100,0.3200,0.3100
KXBTC15M-26MAY241445-45,4,0.2500,0.2500,0.2400
KXBTC15M-26MAY241445-45,5,0.3200,0.3200,0.3100
KXBTC15M-26MAY240900-00,3,0.4200,0.4200,0.4100
KXBTC15M-26MAY240900-00,4,0.3700,0.3900,0.3700
KXBTC15M-26MAY240900-00,5,0.2800,0.2900,0.2800
KXBTC15M-26MAY240830-30,3,0.1400,0.1600,0.1500
KXBTC15M-26MAY240830-30,4,0.1000,0.1000,0.0990
KXBTC15M-26MAY240830-30,5,0.0520,0.0600,0.0520
KXBTC15M-26MAY240845-45,3,0.4500,0.4500,0.4400
KXBTC15M-26MAY240845-45,4,0.3700,0.3700,0.3600
KXBTC15M-26MAY240845-45,5,0.4600,0.4600,0.4500
KXBTC15M-26MAY241015-15,3,0.4800,0.4800,0.4700
KXBTC15M-26MAY241015-15,4,0.4300,0.4400,0.4200
KXBTC15M-26MAY241015-15,5,0.5900,0.5900,0.5800
KXBTC15M-26MAY240745-45,3,0.6700,0.6700,0.6500
KXBTC15M-26MAY240745-45,4,0.7300,0.7400,0.7300
KXBTC15M-26MAY240745-45,5,0.6100,0.6100,0.6000
KXBTC15M-26MAY241245-45,3,0.3400,0.3400,0.3300
KXBTC15M-26MAY241245-45,4,0.2900,0.3000,0.2900
KXBTC15M-26MAY241245-45,5,0.1100,0.1100,0.1000
KXBTC15M-26MAY241230-30,3,0.7100,0.7100,0.7000
KXBTC15M-26MAY241230-30,4,0.7600,0.7700,0.7600
KXBTC15M-26MAY241230-30,5,0.5800,0.5900,0.5800
KXBTC15M-26MAY240700-00,3,0.2400,0.2400,0.2300
KXBTC15M-26MAY240700-00,4,0.3400,0.3500,0.3400
KXBTC15M-26MAY240700-00,5,0.1800,0.2000,0.1800
KXBTC15M-26MAY241145-45,3,0.5800,0.5900,0.5800
KXBTC15M-26MAY241145-45,4,0.4800,0.4800,0.4700
KXBTC15M-26MAY241145-45,5,0.5800,0.5900,0.5800
KXBTC15M-26MAY240715-15,3,0.8600,0.8600,0.8500
KXBTC15M-26MAY240715-15,4,0.9020,0.9060,0.9020
KXBTC15M-26MAY240715-15,5,0.9240,0.9260,0.9250
KXBTC15M-26MAY240615-15,3,0.2100,0.2100,0.2000
KXBTC15M-26MAY240615-15,4,0.1400,0.1400,0.1300
KXBTC15M-26MAY240615-15,5,0.0870,0.0980,0.0940
KXBTC15M-26MAY240545-45,3,0.4100,0.4200,0.4100
KXBTC15M-26MAY240545-45,4,0.6100,0.6200,0.6100
KXBTC15M-26MAY240545-45,5,0.7600,0.7600,0.7500
KXBTC15M-26MAY241115-15,3,0.6000,0.6100,0.6000
KXBTC15M-26MAY241115-15,4,0.7900,0.8000,0.7900
KXBTC15M-26MAY241115-15,5,0.7000,0.7000,0.6800
KXBTC15M-26MAY240800-00,3,0.7900,0.8000,0.7900
KXBTC15M-26MAY240800-00,4,0.5100,0.5100,0.5000
KXBTC15M-26MAY240800-00,5,0.6300,0.6300,0.6200
KXBTC15M-26MAY241030-30,3,0.2800,0.2800,0.2600
KXBTC15M-26MAY241030-30,4,0.1700,0.1700,0.1600
KXBTC15M-26MAY241030-30,5,0.2100,0.2200,0.2000
KXBTC15M-26MAY240730-30,3,0.3600,0.3600,0.3500
KXBTC15M-26MAY240730-30,4,0.3900,0.4000,0.3900
KXBTC15M-26MAY240730-30,5,0.7400,0.7400,0.7300
KXBTC15M-26MAY240430-30,3,0.7100,0.7400,0.7000
KXBTC15M-26MAY240430-30,4,0.7700,0.7800,0.7700
KXBTC15M-26MAY240430-30,5,0.8900,0.8900,0.8700
KXBTC15M-26MAY240445-45,3,0.3100,0.3100,0.3000
KXBTC15M-26MAY240445-45,4,0.2400,0.2500,0.2400
KXBTC15M-26MAY240445-45,5,0.1700,0.1700,0.1600
KXBTC15M-26MAY240645-45,3,0.3400,0.3400,0.3300
KXBTC15M-26MAY240645-45,4,0.4600,0.4700,0.4600
KXBTC15M-26MAY240645-45,5,0.1800,0.1800,0.1700
KXBTC15M-26MAY240630-30,3,0.8500,0.8500,0.8400
KXBTC15M-26MAY240630-30,4,0.8200,0.8300,0.8200
KXBTC15M-26MAY240630-30,5,0.8000,0.8000,0.7800
KXBTC15M-26MAY240600-00,3,0.5000,0.5100,0.5000
KXBTC15M-26MAY240600-00,4,0.4200,0.4200,0.4100
KXBTC15M-26MAY240600-00,5,0.5500,0.5500,0.5400
KXBTC15M-26MAY240400-00,3,0.1800,0.1800,0.1700
KXBTC15M-26MAY240400-00,4,0.1400,0.1500,0.1400
KXBTC15M-26MAY240400-00,5,0.1300,0.1300,0.1200
KXBTC15M-26MAY240515-15,3,0.6200,0.6300,0.6200
KXBTC15M-26MAY240515-15,4,0.5800,0.6000,0.5800
KXBTC15M-26MAY240515-15,5,0.6500,0.6500,0.6400
KXBTC15M-26MAY240245-45,3,0.6700,0.6700,0.6600
KXBTC15M-26MAY240245-45,4,0.4900,0.4900,0.4700
KXBTC15M-26MAY240245-45,5,0.7200,0.7200,0.7000
KXBTC15M-26MAY240215-15,3,0.5300,0.5400,0.5300
KXBTC15M-26MAY240215-15,4,0.6300,0.6400,0.6300
KXBTC15M-26MAY240215-15,5,0.6700,0.6700,0.6600
KXBTC15M-26MAY240200-00,3,0.9040,0.9050,0.9040
KXBTC15M-26MAY240200-00,4,0.9670,0.9680,0.9670
KXBTC15M-26MAY240200-00,5,0.9720,0.9780,0.9720
KXBTC15M-26MAY240415-15,3,0.6300,0.6300,0.6200
KXBTC15M-26MAY240415-15,4,0.4200,0.4200,0.4100
KXBTC15M-26MAY240415-15,5,0.4600,0.4500,0.4300
KXBTC15M-26MAY240130-30,3,0.2500,0.2500,0.2400
KXBTC15M-26MAY240130-30,4,0.2100,0.2300,0.2200
KXBTC15M-26MAY240130-30,5,0.2200,0.2200,0.2100
KXBTC15M-26MAY240345-45,3,0.2800,0.2800,0.2700
KXBTC15M-26MAY240345-45,4,0.5600,0.5700,0.5600
KXBTC15M-26MAY240345-45,5,0.2700,0.2700,0.2600
KXBTC15M-26MAY240100-00,3,0.4500,0.4500,0.4400
KXBTC15M-26MAY240100-00,4,0.5300,0.5300,0.5200
KXBTC15M-26MAY240100-00,5,0.5800,0.5800,0.5600
KXBTC15M-26MAY240315-15,3,0.6400,0.6500,0.6400
KXBTC15M-26MAY240315-15,4,0.5000,0.5200,0.5100
KXBTC15M-26MAY240315-15,5,0.2700,0.2800,0.2700
KXBTC15M-26MAY240015-15,3,0.7700,0.7800,0.7700
KXBTC15M-26MAY240015-15,4,0.7300,0.7400,0.7200
KXBTC15M-26MAY240015-15,5,0.6600,0.6600,0.6500
KXBTC15M-26MAY240045-45,3,0.4600,0.4600,0.4500
KXBTC15M-26MAY240045-45,4,0.4300,0.4300,0.4200
KXBTC15M-26MAY240045-45,5,0.5100,0.5100,0.5000
KXBTC15M-26MAY232330-30,3,0.2700,0.2800,0.2700
KXBTC15M-26MAY232330-30,4,0.2300,0.2300,0.2200
KXBTC15M-26MAY232330-30,5,0.3700,0.3700,0.3600
KXBTC15M-26MAY240500-00,3,0.6600,0.6600,0.6500
KXBTC15M-26MAY240500-00,4,0.4000,0.4000,0.3900
KXBTC15M-26MAY240500-00,5,0.5900,0.6200,0.6000
KXBTC15M-26MAY232345-45,3,0.3700,0.3800,0.3700
KXBTC15M-26MAY232345-45,4,0.2800,0.2800,0.2600
KXBTC15M-26MAY232345-45,5,0.2300,0.2300,0.2100
KXBTC15M-26MAY232230-30,3,0.5200,0.5300,0.5200
KXBTC15M-26MAY232230-30,4,0.6100,0.6100,0.6000
KXBTC15M-26MAY232230-30,5,0.3900,0.3900,0.3800
KXBTC15M-26MAY232215-15,3,0.6500,0.6500,0.6400
KXBTC15M-26MAY232215-15,4,0.5200,0.5300,0.5200
KXBTC15M-26MAY232215-15,5,0.3200,0.3200,0.3100
KXBTC15M-26MAY232300-00,3,0.6700,0.6700,0.6600
KXBTC15M-26MAY232300-00,4,0.5600,0.5700,0.5600
KXBTC15M-26MAY232300-00,5,0.4900,0.5000,0.4900
KXBTC15M-26MAY240030-30,3,0.4200,0.4300,0.4200
KXBTC15M-26MAY240030-30,4,0.3700,0.3800,0.3700
KXBTC15M-26MAY240030-30,5,0.4300,0.4300,0.4200
KXBTC15M-26MAY240330-30,3,0.3500,0.3500,0.3400
KXBTC15M-26MAY240330-30,4,0.5600,0.5600,0.5500
KXBTC15M-26MAY240330-30,5,0.3600,0.3700,0.3600
KXBTC15M-26MAY232200-00,3,0.7100,0.7200,0.7100
KXBTC15M-26MAY232200-00,4,0.8300,0.8400,0.8300
KXBTC15M-26MAY232200-00,5,0.8600,0.8600,0.8500
KXBTC15M-26MAY240300-00,3,0.8500,0.8300,0.8200
KXBTC15M-26MAY240300-00,4,0.9100,0.9100,0.9050
KXBTC15M-26MAY240300-00,5,0.9530,0.9610,0.9540
KXBTC15M-26MAY232045-45,3,0.6800,0.6800,0.6700
KXBTC15M-26MAY232045-45,4,0.7500,0.7600,0.7500
KXBTC15M-26MAY232045-45,5,0.8400,0.8400,0.8300
KXBTC15M-26MAY240230-30,3,0.4500,0.4500,0.4400
KXBTC15M-26MAY240230-30,4,0.3000,0.3000,0.2900
KXBTC15M-26MAY240230-30,5,0.3200,0.3200,0.3100
KXBTC15M-26MAY232100-00,3,0.9010,0.9020,0.9010
KXBTC15M-26MAY232100-00,4,0.8800,0.8900,0.8800
KXBTC15M-26MAY232100-00,5,0.8100,0.8200,0.8100
KXBTC15M-26MAY240145-45,3,0.7000,0.7000,0.6900
KXBTC15M-26MAY240145-45,4,0.7200,0.7100,0.7000
KXBTC15M-26MAY240145-45,5,0.6500,0.6600,0.6500
KXBTC15M-26MAY232030-30,3,0.4900,0.5000,0.4900
KXBTC15M-26MAY232030-30,4,0.5300,0.5500,0.5400
KXBTC15M-26MAY232030-30,5,0.6600,0.6800,0.6600
KXBTC15M-26MAY231915-15,3,0.6000,0.6000,0.5800
KXBTC15M-26MAY231915-15,4,0.5700,0.5600,0.5500
KXBTC15M-26MAY231915-15,5,0.7200,0.7300,0.7200
KXBTC15M-26MAY240115-15,3,0.4100,0.4100,0.4000
KXBTC15M-26MAY240115-15,4,0.4200,0.4300,0.4200
KXBTC15M-26MAY240115-15,5,0.2100,0.2100,0.1800
KXBTC15M-26MAY231945-45,3,0.8000,0.8100,0.8000
KXBTC15M-26MAY231945-45,4,0.8600,0.8600,0.8500
KXBTC15M-26MAY231945-45,5,0.8000,0.8000,0.7900
KXBTC15M-26MAY232130-30,3,0.4600,0.4600,0.4500
KXBTC15M-26MAY232130-30,4,0.5600,0.5800,0.5700
KXBTC15M-26MAY232130-30,5,0.7200,0.7300,0.7200
KXBTC15M-26MAY232115-15,3,0.6100,0.6100,0.6000
KXBTC15M-26MAY232115-15,4,0.5400,0.5500,0.5400
KXBTC15M-26MAY232115-15,5,0.2200,0.2200,0.2100
KXBTC15M-26MAY231845-45,3,0.4600,0.4700,0.4600
KXBTC15M-26MAY231845-45,4,0.4200,0.4200,0.4000
KXBTC15M-26MAY231845-45,5,0.1800,0.1800,0.1700
KXBTC15M-26MAY232315-15,3,0.5600,0.5600,0.5500
KXBTC15M-26MAY232315-15,4,0.9100,0.9110,0.9100
KXBTC15M-26MAY232315-15,5,0.9100,0.9130,0.9110
KXBTC15M-26MAY232000-00,3,0.6100,0.6100,0.6000
KXBTC15M-26MAY232000-00,4,0.5500,0.5600,0.5500
KXBTC15M-26MAY232000-00,5,0.3500,0.3500,0.3400
KXBTC15M-26MAY231715-15,3,0.1200,0.1200,0.1100
KXBTC15M-26MAY231715-15,4,0.1600,0.1600,0.1500
KXBTC15M-26MAY231715-15,5,0.1200,0.1300,0.1200
KXBTC15M-26MAY232015-15,3,0.4000,0.4000,0.3900
KXBTC15M-26MAY232015-15,4,0.2700,0.2700,0.2600
KXBTC15M-26MAY232015-15,5,0.1700,0.1700,0.1600
KXBTC15M-26MAY231730-30,3,0.4600,0.4600,0.4500
KXBTC15M-26MAY231730-30,4,0.3800,0.3800,0.3700
KXBTC15M-26MAY231730-30,5,0.7500,0.7500,0.7400
KXBTC15M-26MAY232145-45,3,0.5600,0.5700,0.5600
KXBTC15M-26MAY232145-45,4,0.5500,0.5600,0.5500
KXBTC15M-26MAY232145-45,5,0.4500,0.4600,0.4500
KXBTC15M-26MAY231645-45,3,0.9150,0.9230,0.9220
KXBTC15M-26MAY231645-45,4,0.9480,0.9570,0.9530
KXBTC15M-26MAY231645-45,5,0.9700,0.9700,0.9660
KXBTC15M-26MAY231830-30,3,0.5500,0.5500,0.5400
KXBTC15M-26MAY231830-30,4,0.6200,0.6400,0.6300
KXBTC15M-26MAY231830-30,5,0.5800,0.5900,0.5800
KXBTC15M-26MAY231800-00,3,0.3100,0.3100,0.3000
KXBTC15M-26MAY231800-00,4,0.3400,0.3500,0.3400
KXBTC15M-26MAY231800-00,5,0.5900,0.6000,0.5900
KXBTC15M-26MAY231745-45,3,0.2500,0.2600,0.2500
KXBTC15M-26MAY231745-45,4,0.4700,0.4600,0.4500
KXBTC15M-26MAY231745-45,5,0.6400,0.6500,0.6400
KXBTC15M-26MAY231515-15,3,0.2600,0.2600,0.2500
KXBTC15M-26MAY231515-15,4,0.3500,0.3700,0.3500
KXBTC15M-26MAY231515-15,5,0.3300,0.3400,0.3300
KXBTC15M-26MAY231545-45,3,0.2600,0.2600,0.2500
KXBTC15M-26MAY231545-45,4,0.3100,0.3100,0.3000
KXBTC15M-26MAY231545-45,5,0.1600,0.1700,0.1600
KXBTC15M-26MAY231700-00,3,0.4100,0.4200,0.4100
KXBTC15M-26MAY231700-00,4,0.5200,0.5300,0.5200
KXBTC15M-26MAY231700-00,5,0.4200,0.4300,0.4200
KXBTC15M-26MAY231500-00,3,0.1800,0.1800,0.1700
KXBTC15M-26MAY231500-00,4,0.1000,0.1000,0.0970
KXBTC15M-26MAY231500-00,5,0.1300,0.1300,0.1200
KXBTC15M-26MAY231930-30,3,0.7300,0.7400,0.7300
KXBTC15M-26MAY231930-30,4,0.7000,0.7000,0.6900
KXBTC15M-26MAY231930-30,5,0.7700,0.7700,0.7500
KXBTC15M-26MAY231615-15,3,0.4800,0.4900,0.4800
KXBTC15M-26MAY231615-15,4,0.5000,0.5100,0.5000
KXBTC15M-26MAY231615-15,5,0.4800,0.4800,0.4700
KXBTC15M-26MAY231900-00,3,0.7000,0.7000,0.6900
KXBTC15M-26MAY231900-00,4,0.6700,0.6800,0.6700
KXBTC15M-26MAY231900-00,5,0.7300,0.7500,0.7300
KXBTC15M-26MAY231415-15,3,0.5000,0.5100,0.5000
KXBTC15M-26MAY231415-15,4,0.6600,0.6600,0.6500
KXBTC15M-26MAY231415-15,5,0.8200,0.8400,0.8300
KXBTC15M-26MAY231530-30,3,0.9380,0.9390,0.9380
KXBTC15M-26MAY231530-30,4,0.9210,0.9220,0.9200
KXBTC15M-26MAY231530-30,5,0.9470,0.9480,0.9470
KXBTC15M-26MAY231815-15,3,0.7500,0.7500,0.7400
KXBTC15M-26MAY231815-15,4,0.7700,0.7700,0.7600
KXBTC15M-26MAY231815-15,5,0.6000,0.6000,0.5800
KXBTC15M-26MAY231245-45,3,0.6700,0.6800,0.6700
KXBTC15M-26MAY231245-45,4,0.5100,0.5100,0.5000
KXBTC15M-26MAY231245-45,5,0.7000,0.7000,0.6900
KXBTC15M-26MAY231200-00,3,0.6500,0.6500,0.6300
KXBTC15M-26MAY231200-00,4,0.5200,0.5200,0.5100
KXBTC15M-26MAY231200-00,5,0.6600,0.6600,0.6500
KXBTC15M-26MAY231215-15,3,0.8000,0.8000,0.7900
KXBTC15M-26MAY231215-15,4,0.8800,0.8800,0.8700
KXBTC15M-26MAY231215-15,5,0.8400,0.8500,0.8400
KXBTC15M-26MAY231430-30,3,0.6700,0.6700,0.6600
KXBTC15M-26MAY231430-30,4,0.8300,0.8400,0.8300
KXBTC15M-26MAY231430-30,5,0.9430,0.9470,0.9450
KXBTC15M-26MAY231145-45,3,0.2900,0.2900,0.2800
KXBTC15M-26MAY231145-45,4,0.2000,0.2000,0.1900
KXBTC15M-26MAY231145-45,5,0.1400,0.1400,0.1300
KXBTC15M-26MAY231630-30,3,0.7800,0.7800,0.7700
KXBTC15M-26MAY231630-30,4,0.7800,0.7800,0.7700
KXBTC15M-26MAY231630-30,5,0.7100,0.7200,0.7100
KXBTC15M-26MAY231045-45,3,0.7200,0.7200,0.7100
KXBTC15M-26MAY231045-45,4,0.7500,0.7600,0.7500
KXBTC15M-26MAY231045-45,5,0.8000,0.8000,0.7900
KXBTC15M-26MAY231600-00,3,0.5200,0.5200,0.5100
KXBTC15M-26MAY231600-00,4,0.7500,0.7500,0.7400
KXBTC15M-26MAY231600-00,5,0.6700,0.6800,0.6700
KXBTC15M-26MAY231015-15,3,0.1800,0.1900,0.1800
KXBTC15M-26MAY231015-15,4,0.1800,0.1700,0.1600
KXBTC15M-26MAY231015-15,5,0.0840,0.0860,0.0820
KXBTC15M-26MAY231000-00,3,0.9470,0.9470,0.9420
KXBTC15M-26MAY231000-00,4,0.9730,0.9730,0.9720
KXBTC15M-26MAY231000-00,5,0.9630,0.9660,0.9630
KXBTC15M-26MAY230945-45,3,0.4900,0.4900,0.4800
KXBTC15M-26MAY230945-45,4,0.3100,0.3200,0.3100
KXBTC15M-26MAY230945-45,5,0.1800,0.1800,0.1700
KXBTC15M-26MAY231445-45,3,0.9040,0.9090,0.9080
KXBTC15M-26MAY231445-45,4,0.6900,0.7000,0.6900
KXBTC15M-26MAY231445-45,5,0.8600,0.8400,0.8300
KXBTC15M-26MAY231130-30,3,0.4600,0.4700,0.4600
KXBTC15M-26MAY231130-30,4,0.5800,0.5800,0.5700
KXBTC15M-26MAY231130-30,5,0.5300,0.5400,0.5300
KXBTC15M-26MAY230930-30,3,0.6300,0.6300,0.6200
KXBTC15M-26MAY230930-30,4,0.6100,0.6100,0.6000
KXBTC15M-26MAY230930-30,5,0.8300,0.8400,0.8300
KXBTC15M-26MAY231400-00,3,0.5400,0.5400,0.5300
KXBTC15M-26MAY231400-00,4,0.5500,0.5500,0.5400
KXBTC15M-26MAY231400-00,5,0.5400,0.5400,0.5200
KXBTC15M-26MAY231345-45,3,0.6900,0.6900,0.6800
KXBTC15M-26MAY231345-45,4,0.4700,0.4700,0.4600
KXBTC15M-26MAY231345-45,5,0.3300,0.3300,0.3200
KXBTC15M-26MAY231300-00,3,0.3000,0.3000,0.2900
KXBTC15M-26MAY231300-00,4,0.4400,0.4400,0.4300
KXBTC15M-26MAY231300-00,5,0.4800,0.4800,0.4700
KXBTC15M-26MAY231230-30,3,0.4600,0.4700,0.4600
KXBTC15M-26MAY231230-30,4,0.3800,0.3900,0.3800
KXBTC15M-26MAY231230-30,5,0.3200,0.3200,0.3100
KXBTC15M-26MAY230815-15,3,0.2000,0.2000,0.1900
KXBTC15M-26MAY230815-15,4,0.1800,0.1900,0.1800
KXBTC15M-26MAY230815-15,5,0.1800,0.1900,0.1800
KXBTC15M-26MAY230800-00,3,0.3700,0.3700,0.3600
KXBTC15M-26MAY230800-00,4,0.3900,0.3900,0.3800
KXBTC15M-26MAY230800-00,5,0.4200,0.4200,0.4100
KXBTC15M-26MAY230915-15,3,0.9580,0.9600,0.9580
KXBTC15M-26MAY230915-15,4,0.9710,0.9700,0.9680
KXBTC15M-26MAY230915-15,5,0.9600,0.9620,0.9600
KXBTC15M-26MAY230745-45,3,0.3800,0.3900,0.3800
KXBTC15M-26MAY230745-45,4,0.3200,0.3300,0.3200
KXBTC15M-26MAY230745-45,5,0.2500,0.2500,0.2400
KXBTC15M-26MAY230730-30,3,0.6700,0.6800,0.6700
KXBTC15M-26MAY230730-30,4,0.6400,0.6500,0.6400
KXBTC15M-26MAY230730-30,5,0.7100,0.7200,0.7100
KXBTC15M-26MAY230830-30,3,0.7600,0.7600,0.7500
KXBTC15M-26MAY230830-30,4,0.4600,0.4600,0.4500
KXBTC15M-26MAY230830-30,5,0.4800,0.4800,0.4700
KXBTC15M-26MAY230615-15,3,0.6300,0.6300,0.6100
KXBTC15M-26MAY230615-15,4,0.5500,0.5600,0.5500
KXBTC15M-26MAY230615-15,5,0.6400,0.6500,0.6400
KXBTC15M-26MAY230700-00,3,0.2300,0.2400,0.2300
KXBTC15M-26MAY230700-00,4,0.2000,0.2000,0.1900
KXBTC15M-26MAY230700-00,5,0.1800,0.1800,0.1700
KXBTC15M-26MAY230600-00,3,0.4400,0.4400,0.4300
KXBTC15M-26MAY230600-00,4,0.5000,0.5100,0.5000
KXBTC15M-26MAY230600-00,5,0.6100,0.6200,0.6100
KXBTC15M-26MAY230530-30,3,0.6200,0.6200,0.6100
KXBTC15M-26MAY230530-30,4,0.6000,0.6000,0.5900
KXBTC15M-26MAY230530-30,5,0.6000,0.6100,0.6000
KXBTC15M-26MAY230515-15,3,0.5200,0.5300,0.5200
KXBTC15M-26MAY230515-15,4,0.4800,0.4900,0.4800
KXBTC15M-26MAY230515-15,5,0.4600,0.4600,0.4500
KXBTC15M-26MAY230500-00,3,0.8800,0.8900,0.8800
KXBTC15M-26MAY230500-00,4,0.8900,0.9000,0.8900
KXBTC15M-26MAY230500-00,5,0.9450,0.9480,0.9450
KXBTC15M-26MAY230715-15,3,0.6100,0.6100,0.6000
KXBTC15M-26MAY230715-15,4,0.6000,0.6000,0.5900
KXBTC15M-26MAY230715-15,5,0.7700,0.7800,0.7700
KXBTC15M-26MAY230415-15,3,0.8900,0.8900,0.8800
KXBTC15M-26MAY230415-15,4,0.9010,0.9050,0.9010
KXBTC15M-26MAY230415-15,5,0.9990,1.0000,0.9990
KXBTC15M-26MAY230645-45,3,0.5800,0.5800,0.5700
KXBTC15M-26MAY230645-45,4,0.7900,0.8100,0.7900
KXBTC15M-26MAY230645-45,5,0.6900,0.7000,0.6900
KXBTC15M-26MAY230445-45,3,0.2600,0.2600,0.2500
KXBTC15M-26MAY230445-45,4,0.2800,0.2800,0.2700
KXBTC15M-26MAY230445-45,5,0.1400,0.1400,0.1300
KXBTC15M-26MAY230400-00,3,0.1200,0.1200,0.1100
KXBTC15M-26MAY230400-00,4,0.0630,0.0670,0.0640
KXBTC15M-26MAY230400-00,5,0.0110,0.0110,0.0100
KXBTC15M-26MAY230545-45,3,0.5800,0.5900,0.5800
KXBTC15M-26MAY230545-45,4,0.6700,0.6700,0.6600
KXBTC15M-26MAY230545-45,5,0.5700,0.5900,0.5800
KXBTC15M-26MAY230330-30,3,0.2900,0.2900,0.2800
KXBTC15M-26MAY230330-30,4,0.1900,0.1800,0.1600
KXBTC15M-26MAY230330-30,5,0.0930,0.1000,0.0930
KXBTC15M-26MAY230300-00,3,0.1500,0.1500,0.1400
KXBTC15M-26MAY230300-00,4,0.1800,0.1800,0.1700
KXBTC15M-26MAY230300-00,5,0.1800,0.1900,0.1700
KXBTC15M-26MAY230215-15,3,0.5000,0.5000,0.4900
KXBTC15M-26MAY230215-15,4,0.4800,0.4700,0.4600
KXBTC15M-26MAY230215-15,5,0.5500,0.5600,0.5500
KXBTC15M-26MAY230245-45,3,0.6700,0.6800,0.6700
KXBTC15M-26MAY230245-45,4,0.5600,0.5700,0.5600
KXBTC15M-26MAY230245-45,5,0.6100,0.6200,0.6100
KXBTC15M-26MAY230100-00,3,0.4800,0.4800,0.4700
KXBTC15M-26MAY230100-00,4,0.6300,0.6300,0.6200
KXBTC15M-26MAY230100-00,5,0.7100,0.7100,0.7000
KXBTC15M-26MAY230430-30,3,0.7300,0.7400,0.7300
KXBTC15M-26MAY230430-30,4,0.6300,0.6300,0.6200
KXBTC15M-26MAY230430-30,5,0.6300,0.6400,0.6300
KXBTC15M-26MAY230130-30,3,0.7000,0.7100,0.7000
KXBTC15M-26MAY230130-30,4,0.5200,0.5300,0.5200
KXBTC15M-26MAY230130-30,5,0.3500,0.3500,0.3400
KXBTC15M-26MAY230115-15,3,0.3700,0.3700,0.3600
KXBTC15M-26MAY230115-15,4,0.6600,0.6600,0.6500
KXBTC15M-26MAY230115-15,5,0.7400,0.7400,0.7300
KXBTC15M-26MAY230000-00,3,0.2700,0.2700,0.2600
KXBTC15M-26MAY230000-00,4,0.3500,0.3600,0.3500
KXBTC15M-26MAY230000-00,5,0.3700,0.3800,0.3700
KXBTC15M-26MAY222345-45,3,0.7300,0.7400,0.7300
KXBTC15M-26MAY222345-45,4,0.7200,0.7300,0.7200
KXBTC15M-26MAY222345-45,5,0.7800,0.7900,0.7800
KXBTC15M-26MAY230015-15,3,0.3800,0.3800,0.3700
KXBTC15M-26MAY230015-15,4,0.6100,0.6200,0.6100
KXBTC15M-26MAY230015-15,5,0.4900,0.5000,0.4800
KXBTC15M-26MAY222300-00,3,0.6300,0.6400,0.6300
KXBTC15M-26MAY222300-00,4,0.7200,0.7200,0.7100
KXBTC15M-26MAY222300-00,5,0.6600,0.6600,0.6500
KXBTC15M-26MAY222330-30,3,0.5500,0.5500,0.5400
KXBTC15M-26MAY222330-30,4,0.3900,0.3900,0.3800
KXBTC15M-26MAY222330-30,5,0.5000,0.5000,0.4900
KXBTC15M-26MAY222315-15,3,0.6000,0.6000,0.5800
KXBTC15M-26MAY222315-15,4,0.7400,0.7400,0.7200
KXBTC15M-26MAY222315-15,5,0.7400,0.7500,0.7400
KXBTC15M-26MAY230045-45,3,0.8700,0.8800,0.8700
KXBTC15M-26MAY230045-45,4,0.8800,0.8800,0.8700
KXBTC15M-26MAY230045-45,5,0.7900,0.8000,0.7900
KXBTC15M-26MAY222230-30,3,0.3300,0.3300,0.3200
KXBTC15M-26MAY222230-30,4,0.4500,0.4600,0.4500
KXBTC15M-26MAY222230-30,5,0.3500,0.3500,0.3400
KXBTC15M-26MAY222145-45,3,0.4800,0.4900,0.4800
KXBTC15M-26MAY222145-45,4,0.5100,0.5100,0.5000
KXBTC15M-26MAY222145-45,5,0.5800,0.5900,0.5800
KXBTC15M-26MAY222215-15,3,0.3000,0.3000,0.2900
KXBTC15M-26MAY222215-15,4,0.1700,0.1800,0.1700
KXBTC15M-26MAY222215-15,5,0.3300,0.3400,0.3300
KXBTC15M-26MAY222130-30,3,0.5300,0.5400,0.5300
KXBTC15M-26MAY222130-30,4,0.7700,0.7900,0.7700
KXBTC15M-26MAY222130-30,5,0.8300,0.8500,0.8300
KXBTC15M-26MAY222115-15,3,0.8300,0.8300,0.8200
KXBTC15M-26MAY222115-15,4,0.8200,0.8300,0.8200
KXBTC15M-26MAY222115-15,5,0.8400,0.8400,0.8300
KXBTC15M-26MAY222030-30,3,0.6400,0.6400,0.6200
KXBTC15M-26MAY222030-30,4,0.4800,0.5100,0.4800
KXBTC15M-26MAY222030-30,5,0.4900,0.4900,0.4800
KXBTC15M-26MAY230230-30,3,0.6500,0.6500,0.6400
KXBTC15M-26MAY230230-30,4,0.6400,0.6500,0.6400
KXBTC15M-26MAY230230-30,5,0.6900,0.7000,0.6900
KXBTC15M-26MAY222000-00,3,0.0470,0.0480,0.0440
KXBTC15M-26MAY222000-00,4,0.0290,0.0290,0.0260
KXBTC15M-26MAY222000-00,5,0.0350,0.0370,0.0280
KXBTC15M-26MAY222045-45,3,0.2800,0.2800,0.2700
KXBTC15M-26MAY222045-45,4,0.3200,0.3200,0.3100
KXBTC15M-26MAY222045-45,5,0.2000,0.2100,0.2000
KXBTC15M-26MAY222015-15,3,0.7500,0.7400,0.7300
KXBTC15M-26MAY222015-15,4,0.6600,0.6600,0.6500
KXBTC15M-26MAY222015-15,5,0.7400,0.7700,0.7400
KXBTC15M-26MAY221945-45,3,0.3500,0.3700,0.3600
KXBTC15M-26MAY221945-45,4,0.4300,0.4300,0.4100
KXBTC15M-26MAY221945-45,5,0.4600,0.4700,0.4600
KXBTC15M-26MAY230030-30,3,0.2900,0.2900,0.2800
KXBTC15M-26MAY230030-30,4,0.1100,0.1200,0.1100
KXBTC15M-26MAY230030-30,5,0.1100,0.1100,0.1000
KXBTC15M-26MAY221915-15,3,0.8500,0.8500,0.8300
KXBTC15M-26MAY221915-15,4,0.8200,0.8200,0.8100
KXBTC15M-26MAY221915-15,5,0.8800,0.8900,0.8800
KXBTC15M-26MAY221830-30,3,0.2500,0.2600,0.2500
KXBTC15M-26MAY221830-30,4,0.1800,0.1900,0.1800
KXBTC15M-26MAY221830-30,5,0.1200,0.1200,0.1100
KXBTC15M-26MAY221815-15,3,0.2800,0.2900,0.2800
KXBTC15M-26MAY221815-15,4,0.2000,0.2100,0.2000
KXBTC15M-26MAY221815-15,5,0.1700,0.1700,0.1500
KXBTC15M-26MAY221800-00,3,0.7100,0.7200,0.7100
KXBTC15M-26MAY221800-00,4,0.7500,0.7800,0.7500
KXBTC15M-26MAY221800-00,5,0.8000,0.8100,0.8000
KXBTC15M-26MAY221730-30,3,0.6700,0.6700,0.6600
KXBTC15M-26MAY221730-30,4,0.7200,0.7200,0.7100
KXBTC15M-26MAY221730-30,5,0.6100,0.6400,0.6100
KXBTC15M-26MAY221930-30,3,0.1800,0.1800,0.1700
KXBTC15M-26MAY221930-30,4,0.1000,0.1100,0.1000
KXBTC15M-26MAY221930-30,5,0.1300,0.1300,0.1200
KXBTC15M-26MAY221645-45,3,0.2600,0.2800,0.2700
KXBTC15M-26MAY221645-45,4,0.4000,0.4100,0.3900
KXBTC15M-26MAY221645-45,5,0.3900,0.3900,0.3800
KXBTC15M-26MAY221615-15,3,0.6800,0.7000,0.6900
KXBTC15M-26MAY221615-15,4,0.6500,0.6600,0.6400
KXBTC15M-26MAY221615-15,5,0.7900,0.7900,0.7800
KXBTC15M-26MAY221715-15,3,0.6000,0.6100,0.6000
KXBTC15M-26MAY221715-15,4,0.5700,0.5800,0.5700
KXBTC15M-26MAY221715-15,5,0.7000,0.7000,0.6900
KXBTC15M-26MAY221630-30,3,0.4900,0.5000,0.4900
KXBTC15M-26MAY221630-30,4,0.4800,0.4900,0.4800
KXBTC15M-26MAY221630-30,5,0.3700,0.3700,0.3600
KXBTC15M-26MAY221530-30,3,0.8200,0.8300,0.8200
KXBTC15M-26MAY221530-30,4,0.8700,0.8800,0.8700
KXBTC15M-26MAY221530-30,5,0.8700,0.8800,0.8700
KXBTC15M-26MAY221500-00,3,0.1700,0.1700,0.1600
KXBTC15M-26MAY221500-00,4,0.0880,0.0880,0.0830
KXBTC15M-26MAY221500-00,5,0.1100,0.1100,0.1000
KXBTC15M-26MAY221545-45,3,0.1100,0.1100,0.1000
KXBTC15M-26MAY221545-45,4,0.0890,0.0900,0.0890
KXBTC15M-26MAY221545-45,5,0.0680,0.0680,0.0600
KXBTC15M-26MAY221515-15,3,0.2600,0.2600,0.2500
KXBTC15M-26MAY221515-15,4,0.2000,0.2000,0.1900
KXBTC15M-26MAY221515-15,5,0.1700,0.1800,0.1700
KXBTC15M-26MAY221745-45,3,0.7500,0.7600,0.7500
KXBTC15M-26MAY221745-45,4,0.5800,0.5900,0.5800
KXBTC15M-26MAY221745-45,5,0.6500,0.6600,0.6500
KXBTC15M-26MAY221700-00,3,0.6700,0.6800,0.6600
KXBTC15M-26MAY221700-00,4,0.7000,0.7100,0.7000
KXBTC15M-26MAY221700-00,5,0.7400,0.7500,0.7400
KXBTC15M-26MAY221400-00,3,0.1500,0.1500,0.1400
KXBTC15M-26MAY221400-00,4,0.0940,0.0940,0.0900
KXBTC15M-26MAY221400-00,5,0.0650,0.0650,0.0640
KXBTC15M-26MAY221600-00,3,0.4600,0.4600,0.4500
KXBTC15M-26MAY221600-00,4,0.3400,0.3400,0.3300
KXBTC15M-26MAY221600-00,5,0.4100,0.4100,0.3900
KXBTC15M-26MAY221315-15,3,0.6400,0.6400,0.6300
KXBTC15M-26MAY221315-15,4,0.7300,0.7400,0.7300
KXBTC15M-26MAY221315-15,5,0.5600,0.5700,0.5600
KXBTC15M-26MAY221845-45,3,0.4800,0.4800,0.4700
KXBTC15M-26MAY221845-45,4,0.3300,0.3300,0.3200
KXBTC15M-26MAY221845-45,5,0.2400,0.2400,0.2300
KXBTC15M-26MAY221300-00,3,0.7000,0.7100,0.7000
KXBTC15M-26MAY221300-00,4,0.7700,0.7700,0.7600
KXBTC15M-26MAY221300-00,5,0.8400,0.8400,0.8300
KXBTC15M-26MAY221445-45,3,0.3100,0.3100,0.3000
KXBTC15M-26MAY221445-45,4,0.3200,0.3200,0.3100
KXBTC15M-26MAY221445-45,5,0.1800,0.1800,0.1700
KXBTC15M-26MAY221130-30,3,0.7600,0.7600,0.7500
KXBTC15M-26MAY221130-30,4,0.8100,0.8200,0.8100
KXBTC15M-26MAY221130-30,5,0.8600,0.8700,0.8600
KXBTC15M-26MAY221345-45,3,0.3000,0.3000,0.2900
KXBTC15M-26MAY221345-45,4,0.4100,0.4100,0.4000
KXBTC15M-26MAY221345-45,5,0.4000,0.4100,0.4000
KXBTC15M-26MAY221200-00,3,0.5200,0.5200,0.5100
KXBTC15M-26MAY221200-00,4,0.5800,0.5800,0.5700
KXBTC15M-26MAY221200-00,5,0.4900,0.5000,0.4900
KXBTC15M-26MAY221215-15,3,0.7800,0.7800,0.7700
KXBTC15M-26MAY221215-15,4,0.7600,0.7600,0.7500
KXBTC15M-26MAY221215-15,5,0.5400,0.5500,0.5400
KXBTC15M-26MAY221015-15,3,0.2800,0.2800,0.2700
KXBTC15M-26MAY221015-15,4,0.2100,0.2100,0.1900
KXBTC15M-26MAY221015-15,5,0.1700,0.1800,0.1700
KXBTC15M-26MAY221000-00,3,0.4800,0.4900,0.4800
KXBTC15M-26MAY221000-00,4,0.7100,0.7100,0.7000
KXBTC15M-26MAY221000-00,5,0.5700,0.5700,0.5600
KXBTC15M-26MAY221100-00,3,0.5700,0.5800,0.5700
KXBTC15M-26MAY221100-00,4,0.4500,0.4500,0.4400
KXBTC15M-26MAY221100-00,5,0.2700,0.2700,0.2600
KXBTC15M-26MAY221230-30,3,0.3900,0.4100,0.4000
KXBTC15M-26MAY221230-30,4,0.3300,0.3400,0.3300
KXBTC15M-26MAY221230-30,5,0.5700,0.5800,0.5700
KXBTC15M-26MAY220915-15,3,0.4700,0.4800,0.4700
KXBTC15M-26MAY220915-15,4,0.4200,0.4200,0.4100
KXBTC15M-26MAY220915-15,5,0.3000,0.3000,0.2900
KXBTC15M-26MAY220945-45,3,0.1600,0.1600,0.1500
KXBTC15M-26MAY220945-45,4,0.2000,0.2100,0.2000
KXBTC15M-26MAY220945-45,5,0.2500,0.2500,0.2400
KXBTC15M-26MAY221430-30,3,0.7200,0.7300,0.7200
KXBTC15M-26MAY221430-30,4,0.7100,0.7300,0.7200
KXBTC15M-26MAY221430-30,5,0.7200,0.7300,0.7100
KXBTC15M-26MAY220815-15,3,0.6900,0.7000,0.6900
KXBTC15M-26MAY220815-15,4,0.6200,0.6300,0.6200
KXBTC15M-26MAY220815-15,5,0.5900,0.6100,0.5900
KXBTC15M-26MAY220900-00,3,0.7500,0.7600,0.7500
KXBTC15M-26MAY220900-00,4,0.7500,0.7500,0.7400
KXBTC15M-26MAY220900-00,5,0.7300,0.7400,0.7300
KXBTC15M-26MAY220745-45,3,0.4500,0.4500,0.4400
KXBTC15M-26MAY220745-45,4,0.5200,0.5200,0.5100
KXBTC15M-26MAY220745-45,5,0.6700,0.6800,0.6700
KXBTC15M-26MAY221330-30,3,0.3200,0.3200,0.3100
KXBTC15M-26MAY221330-30,4,0.1500,0.1500,0.1400
KXBTC15M-26MAY221330-30,5,0.1800,0.1900,0.1800
KXBTC15M-26MAY220800-00,3,0.8400,0.8500,0.8400
KXBTC15M-26MAY220800-00,4,0.8200,0.8300,0.8200
KXBTC15M-26MAY220800-00,5,0.9000,0.9000,0.8900
KXBTC15M-26MAY220700-00,3,0.3700,0.3700,0.3600
KXBTC15M-26MAY220700-00,4,0.4500,0.4600,0.4500
KXBTC15M-26MAY220700-00,5,0.3400,0.3400,0.3300
KXBTC15M-26MAY221245-45,3,0.4900,0.4900,0.4800
KXBTC15M-26MAY221245-45,4,0.4000,0.4000,0.3900
KXBTC15M-26MAY221245-45,5,0.2900,0.2900,0.2800
KXBTC15M-26MAY220845-45,3,0.6600,0.6700,0.6600
KXBTC15M-26MAY220845-45,4,0.6500,0.6600,0.6500
KXBTC15M-26MAY220845-45,5,0.6800,0.6800,0.6700
KXBTC15M-26MAY220645-45,3,0.5500,0.5800,0.5700
KXBTC15M-26MAY220645-45,4,0.4900,0.5000,0.4900
KXBTC15M-26MAY220645-45,5,0.4500,0.4500,0.4400
KXBTC15M-26MAY220630-30,3,0.4000,0.4100,0.4000
KXBTC15M-26MAY220630-30,4,0.2300,0.2400,0.2300
KXBTC15M-26MAY220630-30,5,0.2100,0.2100,0.2000
KXBTC15M-26MAY220615-15,3,0.4300,0.4600,0.4500
KXBTC15M-26MAY220615-15,4,0.3700,0.3800,0.3700
KXBTC15M-26MAY220615-15,5,0.6600,0.6600,0.6500
KXBTC15M-26MAY220600-00,3,0.2900,0.2900,0.2800
KXBTC15M-26MAY220600-00,4,0.4700,0.4800,0.4700
KXBTC15M-26MAY220600-00,5,0.5900,0.5900,0.5800
KXBTC15M-26MAY221030-30,3,0.2700,0.2800,0.2700
KXBTC15M-26MAY221030-30,4,0.2400,0.2400,0.2300
KXBTC15M-26MAY221030-30,5,0.1700,0.1700,0.1600
KXBTC15M-26MAY220500-00,3,0.5500,0.5500,0.5400
KXBTC15M-26MAY220500-00,4,0.4900,0.5000,0.4900
KXBTC15M-26MAY220500-00,5,0.4300,0.4400,0.4300
KXBTC15M-26MAY220430-30,3,0.8800,0.8900,0.8800
KXBTC15M-26MAY220430-30,4,0.8700,0.8800,0.8700
KXBTC15M-26MAY220430-30,5,0.9030,0.9100,0.9050
KXBTC15M-26MAY220930-30,3,0.6200,0.6300,0.6200
KXBTC15M-26MAY220930-30,4,0.4300,0.4300,0.4200
KXBTC15M-26MAY220930-30,5,0.4600,0.4600,0.4500
KXBTC15M-26MAY220445-45,3,0.4300,0.4300,0.4200
KXBTC15M-26MAY220445-45,4,0.1000,0.1100,0.1000
KXBTC15M-26MAY220445-45,5,0.0560,0.0580,0.0480
KXBTC15M-26MAY220345-45,3,0.3000,0.3000,0.2900
KXBTC15M-26MAY220345-45,4,0.2500,0.2500,0.2400
KXBTC15M-26MAY220345-45,5,0.2400,0.2400,0.2300
KXBTC15M-26MAY220400-00,3,0.3700,0.3700,0.3600
KXBTC15M-26MAY220400-00,4,0.3600,0.3600,0.3500
KXBTC15M-26MAY220400-00,5,0.3300,0.3200,0.3100
KXBTC15M-26MAY220315-15,3,0.2000,0.2000,0.1900
KXBTC15M-26MAY220315-15,4,0.2000,0.2100,0.2000
KXBTC15M-26MAY220315-15,5,0.2100,0.2100,0.2000
KXBTC15M-26MAY220330-30,3,0.8600,0.8600,0.8500
KXBTC15M-26MAY220330-30,4,0.9040,0.9040,0.9010
KXBTC15M-26MAY220330-30,5,0.8900,0.9030,0.8900
KXBTC15M-26MAY220530-30,3,0.5600,0.5700,0.5600
KXBTC15M-26MAY220530-30,4,0.6700,0.6800,0.6700
KXBTC15M-26MAY220530-30,5,0.6600,0.6700,0.6600
KXBTC15M-26MAY220515-15,3,0.6500,0.6500,0.6300
KXBTC15M-26MAY220515-15,4,0.6600,0.6600,0.6500
KXBTC15M-26MAY220515-15,5,0.6400,0.6400,0.6300
KXBTC15M-26MAY220200-00,3,0.7500,0.7600,0.7500
KXBTC15M-26MAY220200-00,4,0.8600,0.8600,0.8500
KXBTC15M-26MAY220200-00,5,0.9220,0.9250,0.9220
KXBTC15M-26MAY220245-45,3,0.4100,0.4000,0.3900
KXBTC15M-26MAY220245-45,4,0.4800,0.4700,0.4600
KXBTC15M-26MAY220245-45,5,0.3800,0.3900,0.3800
KXBTC15M-26MAY220115-15,3,0.3000,0.3200,0.3000
KXBTC15M-26MAY220115-15,4,0.4100,0.4200,0.4100
KXBTC15M-26MAY220115-15,5,0.3900,0.4100,0.3900
KXBTC15M-26MAY220045-45,3,0.5200,0.5200,0.5100
KXBTC15M-26MAY220045-45,4,0.5100,0.5400,0.5300
KXBTC15M-26MAY220045-45,5,0.2500,0.2500,0.2400
KXBTC15M-26MAY220130-30,3,0.4200,0.4300,0.4200
KXBTC15M-26MAY220130-30,4,0.4800,0.4700,0.4600
KXBTC15M-26MAY220130-30,5,0.2500,0.2900,0.2800
KXBTC15M-26MAY220015-15,3,0.7800,0.7800,0.7700
KXBTC15M-26MAY220015-15,4,0.7900,0.7900,0.7800
KXBTC15M-26MAY220015-15,5,0.8700,0.8800,0.8700
KXBTC15M-26MAY220300-00,3,0.8700,0.8800,0.8700
KXBTC15M-26MAY220300-00,4,0.8800,0.8900,0.8800
KXBTC15M-26MAY220300-00,5,0.8500,0.8600,0.8500
KXBTC15M-26MAY212345-45,3,0.6100,0.6100,0.6000
KXBTC15M-26MAY212345-45,4,0.6500,0.6500,0.6400
KXBTC15M-26MAY212345-45,5,0.5400,0.5400,0.5300
KXBTC15M-26MAY220000-00,3,0.4500,0.4600,0.4500
KXBTC15M-26MAY220000-00,4,0.4900,0.4900,0.4800
KXBTC15M-26MAY220000-00,5,0.6700,0.6800,0.6700
KXBTC15M-26MAY220145-45,3,0.4400,0.4400,0.4300
KXBTC15M-26MAY220145-45,4,0.4200,0.4200,0.4100
KXBTC15M-26MAY220145-45,5,0.3400,0.3400,0.3200
KXBTC15M-26MAY212245-45,3,0.4200,0.4300,0.4200
KXBTC15M-26MAY212245-45,4,0.3400,0.3400,0.3300
KXBTC15M-26MAY212245-45,5,0.3600,0.3700,0.3600
KXBTC15M-26MAY212315-15,3,0.7800,0.7900,0.7800
KXBTC15M-26MAY212315-15,4,0.9000,0.9000,0.8900
KXBTC15M-26MAY212315-15,5,0.8500,0.8600,0.8500
KXBTC15M-26MAY220415-15,3,0.7400,0.7400,0.7300
KXBTC15M-26MAY220415-15,4,0.6200,0.6400,0.6200
KXBTC15M-26MAY220415-15,5,0.4500,0.4500,0.4400
KXBTC15M-26MAY212230-30,3,0.6900,0.7000,0.6900
KXBTC15M-26MAY212230-30,4,0.6900,0.7000,0.6900
KXBTC15M-26MAY212230-30,5,0.8500,0.8500,0.8400
KXBTC15M-26MAY212130-30,3,0.3700,0.3700,0.3600
KXBTC15M-26MAY212130-30,4,0.7500,0.7600,0.7500
KXBTC15M-26MAY212130-30,5,0.6400,0.6400,0.6200
KXBTC15M-26MAY212145-45,3,0.2900,0.3000,0.2900
KXBTC15M-26MAY212145-45,4,0.2200,0.2200,0.2100
KXBTC15M-26MAY212145-45,5,0.1200,0.1300,0.1200
KXBTC15M-26MAY212200-00,3,0.8500,0.8500,0.8400
KXBTC15M-26MAY212200-00,4,0.8800,0.8800,0.8600
KXBTC15M-26MAY212200-00,5,0.9300,0.9320,0.9300
KXBTC15M-26MAY212115-15,3,0.2900,0.2900,0.2800
KXBTC15M-26MAY212115-15,4,0.3000,0.3100,0.3000
KXBTC15M-26MAY212115-15,5,0.4900,0.4900,0.4700
KXBTC15M-26MAY220230-30,3,0.3600,0.3600,0.3500
KXBTC15M-26MAY220230-30,4,0.3800,0.3800,0.3700
KXBTC15M-26MAY220230-30,5,0.3400,0.3600,0.3400
KXBTC15M-26MAY212045-45,3,0.6000,0.6100,0.5900
KXBTC15M-26MAY212045-45,4,0.5600,0.5700,0.5600
KXBTC15M-26MAY212045-45,5,0.6800,0.6800,0.6600
KXBTC15M-26MAY211945-45,3,0.5900,0.6000,0.5900
KXBTC15M-26MAY211945-45,4,0.7100,0.7200,0.7100
KXBTC15M-26MAY211945-45,5,0.8100,0.8200,0.8100
KXBTC15M-26MAY212215-15,3,0.8200,0.8300,0.8200
KXBTC15M-26MAY212215-15,4,0.8700,0.8800,0.8700
KXBTC15M-26MAY212215-15,5,0.7600,0.7600,0.7400
KXBTC15M-26MAY211900-00,3,0.5300,0.5400,0.5300
KXBTC15M-26MAY211900-00,4,0.4600,0.4600,0.4500
KXBTC15M-26MAY211900-00,5,0.3500,0.3500,0.3400
KXBTC15M-26MAY220100-00,3,0.2300,0.2400,0.2300
KXBTC15M-26MAY220100-00,4,0.2300,0.2400,0.2300
KXBTC15M-26MAY220100-00,5,0.4100,0.4100,0.3900
KXBTC15M-26MAY212100-00,3,0.4100,0.4100,0.4000
KXBTC15M-26MAY212100-00,4,0.5200,0.5200,0.5100
KXBTC15M-26MAY212100-00,5,0.5400,0.5400,0.5300
KXBTC15M-26MAY211815-15,3,0.8000,0.8000,0.7800
KXBTC15M-26MAY211815-15,4,0.7600,0.7700,0.7600
KXBTC15M-26MAY211815-15,5,0.7600,0.7700,0.7600
KXBTC15M-26MAY211845-45,3,0.4200,0.4300,0.4200
KXBTC15M-26MAY211845-45,4,0.1500,0.1600,0.1500
KXBTC15M-26MAY211845-45,5,0.1400,0.1400,0.1300
KXBTC15M-26MAY211745-45,3,0.4300,0.4300,0.4200
KXBTC15M-26MAY211745-45,4,0.4700,0.4800,0.4700
KXBTC15M-26MAY211745-45,5,0.4200,0.4200,0.4100
KXBTC15M-26MAY212015-15,3,0.2300,0.2300,0.2200
KXBTC15M-26MAY212015-15,4,0.2300,0.2300,0.2200
KXBTC15M-26MAY212015-15,5,0.2600,0.2500,0.2400
KXBTC15M-26MAY212000-00,3,0.4600,0.4600,0.4500
KXBTC15M-26MAY212000-00,4,0.5600,0.5600,0.5500
KXBTC15M-26MAY212000-00,5,0.4400,0.4400,0.4200
KXBTC15M-26MAY211930-30,3,0.5500,0.5700,0.5500
KXBTC15M-26MAY211930-30,4,0.6200,0.6200,0.6100
KXBTC15M-26MAY211930-30,5,0.6200,0.6300,0.6200
KXBTC15M-26MAY211715-15,3,0.7300,0.7500,0.7400
KXBTC15M-26MAY211715-15,4,0.8200,0.8400,0.8200
KXBTC15M-26MAY211715-15,5,0.8800,0.8800,0.8700
KXBTC15M-26MAY211830-30,3,0.3000,0.3100,0.3000
KXBTC15M-26MAY211830-30,4,0.3500,0.3500,0.3400
KXBTC15M-26MAY211830-30,5,0.2700,0.2700,0.2600
KXBTC15M-26MAY211700-00,3,0.9180,0.9180,0.9120
KXBTC15M-26MAY211700-00,4,0.8600,0.8700,0.8600
KXBTC15M-26MAY211700-00,5,0.9020,0.9100,0.9020
KXBTC15M-26MAY211545-45,3,0.6900,0.6900,0.6800
KXBTC15M-26MAY211545-45,4,0.6800,0.6800,0.6700
KXBTC15M-26MAY211545-45,5,0.8800,0.8900,0.8800
KXBTC15M-26MAY211530-30,3,0.6300,0.6400,0.6300
KXBTC15M-26MAY211530-30,4,0.7300,0.7400,0.7300
KXBTC15M-26MAY211530-30,5,0.7000,0.7000,0.6900
KXBTC15M-26MAY211615-15,3,0.4900,0.4900,0.4800
KXBTC15M-26MAY211615-15,4,0.4600,0.4700,0.4600
KXBTC15M-26MAY211615-15,5,0.6100,0.6300,0.6100
KXBTC15M-26MAY211730-30,3,0.6500,0.6500,0.6400
KXBTC15M-26MAY211730-30,4,0.4400,0.4500,0.4400
KXBTC15M-26MAY211730-30,5,0.5200,0.5200,0.5100
KXBTC15M-26MAY212030-30,3,0.6600,0.6800,0.6700
KXBTC15M-26MAY212030-30,4,0.6600,0.6700,0.6600
KXBTC15M-26MAY212030-30,5,0.7400,0.7400,0.7300
KXBTC15M-26MAY211645-45,3,0.8200,0.8200,0.8100
KXBTC15M-26MAY211645-45,4,0.8400,0.8500,0.8400
KXBTC15M-26MAY211645-45,5,0.8800,0.8900,0.8800
KXBTC15M-26MAY211500-00,3,0.0780,0.0770,0.0720
KXBTC15M-26MAY211500-00,4,0.0550,0.0550,0.0500
KXBTC15M-26MAY211500-00,5,0.0410,0.0480,0.0360
KXBTC15M-26MAY211400-00,3,0.2800,0.2900,0.2800
KXBTC15M-26MAY211400-00,4,0.5400,0.5500,0.5400
KXBTC15M-26MAY211400-00,5,0.4900,0.4900,0.4800
KXBTC15M-26MAY211315-15,3,0.6900,0.6900,0.6800
KXBTC15M-26MAY211315-15,4,0.7100,0.7200,0.7000
KXBTC15M-26MAY211315-15,5,0.6800,0.6800,0.6700
KXBTC15M-26MAY211300-00,3,0.5300,0.5300,0.5200
KXBTC15M-26MAY211300-00,4,0.5100,0.5200,0.5100
KXBTC15M-26MAY211300-00,5,0.3600,0.3700,0.3600
KXBTC15M-26MAY211345-45,3,0.2600,0.2600,0.2500
KXBTC15M-26MAY211345-45,4,0.3700,0.3800,0.3700
KXBTC15M-26MAY211345-45,5,0.4900,0.5000,0.4900
KXBTC15M-26MAY211515-15,3,0.7600,0.7600,0.7500
KXBTC15M-26MAY211515-15,4,0.6000,0.6100,0.6000
KXBTC15M-26MAY211515-15,5,0.7800,0.7800,0.7700
KXBTC15M-26MAY211200-00,3,0.8700,0.8700,0.8600
KXBTC15M-26MAY211200-00,4,0.8500,0.8600,0.8500
KXBTC15M-26MAY211200-00,5,0.7900,0.8000,0.7900
KXBTC15M-26MAY211245-45,3,0.8200,0.8300,0.8200
KXBTC15M-26MAY211245-45,4,0.7400,0.7400,0.7300
KXBTC15M-26MAY211245-45,5,0.6400,0.6400,0.6300
KXBTC15M-26MAY211415-15,3,0.2300,0.2300,0.2200
KXBTC15M-26MAY211415-15,4,0.1100,0.1200,0.1100
KXBTC15M-26MAY211415-15,5,0.0770,0.0800,0.0790
KXBTC15M-26MAY211215-15,3,0.4900,0.4900,0.4800
KXBTC15M-26MAY211215-15,4,0.5300,0.5400,0.5300
KXBTC15M-26MAY211215-15,5,0.6200,0.6300,0.6200
KXBTC15M-26MAY211130-30,3,0.5200,0.5300,0.5200
KXBTC15M-26MAY211130-30,4,0.6700,0.6600,0.6500
KXBTC15M-26MAY211130-30,5,0.7100,0.7100,0.6900
KXBTC15M-26MAY211330-30,3,0.9290,0.9370,0.9320
KXBTC15M-26MAY211330-30,4,0.9270,0.9230,0.9210
KXBTC15M-26MAY211330-30,5,0.9860,0.9860,0.9800
KXBTC15M-26MAY211115-15,3,0.4200,0.4300,0.4200
KXBTC15M-26MAY211115-15,4,0.7000,0.7000,0.6900
KXBTC15M-26MAY211115-15,5,0.5200,0.5200,0.5000
KXBTC15M-26MAY211015-15,3,0.7600,0.7600,0.7500
KXBTC15M-26MAY211015-15,4,0.7500,0.7700,0.7600
KXBTC15M-26MAY211015-15,5,0.6900,0.7000,0.6900
KXBTC15M-26MAY211230-30,3,0.2400,0.2400,0.2200
KXBTC15M-26MAY211230-30,4,0.1800,0.1800,0.1700
KXBTC15M-26MAY211230-30,5,0.2200,0.2300,0.2200
KXBTC15M-26MAY211030-30,3,0.2500,0.2600,0.2500
KXBTC15M-26MAY211030-30,4,0.1900,0.2000,0.1900
KXBTC15M-26MAY211030-30,5,0.0920,0.0870,0.0860
KXBTC15M-26MAY210915-15,3,0.6100,0.6200,0.6100
KXBTC15M-26MAY210915-15,4,0.7000,0.7000,0.6900
KXBTC15M-26MAY210915-15,5,0.7500,0.7500,0.7300
KXBTC15M-26MAY211000-00,3,0.7300,0.7200,0.7100
KXBTC15M-26MAY211000-00,4,0.5500,0.5500,0.5400
KXBTC15M-26MAY211000-00,5,0.8400,0.8500,0.8400
KXBTC15M-26MAY211430-30,3,0.7500,0.7600,0.7500
KXBTC15M-26MAY211430-30,4,0.8300,0.8400,0.8300
KXBTC15M-26MAY211430-30,5,0.8000,0.8100,0.8000
KXBTC15M-26MAY210830-30,3,0.5600,0.5700,0.5600
KXBTC15M-26MAY210830-30,4,0.7100,0.7100,0.7000
KXBTC15M-26MAY210830-30,5,0.3300,0.3400,0.3300
KXBTC15M-26MAY210845-45,3,0.8400,0.8400,0.8300
KXBTC15M-26MAY210845-45,4,0.9000,0.9000,0.8900
KXBTC15M-26MAY210845-45,5,0.9000,0.9000,0.8900
KXBTC15M-26MAY210800-00,3,0.5700,0.5700,0.5600
KXBTC15M-26MAY210800-00,4,0.4600,0.4600,0.4500
KXBTC15M-26MAY210800-00,5,0.4000,0.4200,0.4000
KXBTC15M-26MAY210815-15,3,0.7300,0.7300,0.7200
KXBTC15M-26MAY210815-15,4,0.8400,0.8500,0.8400
KXBTC15M-26MAY210815-15,5,0.6800,0.6900,0.6800
KXBTC15M-26MAY210715-15,3,0.7900,0.7800,0.7700
KXBTC15M-26MAY210715-15,4,0.6200,0.6200,0.6100
KXBTC15M-26MAY210715-15,5,0.4600,0.4700,0.4600
KXBTC15M-26MAY210700-00,3,0.4900,0.4900,0.4800
KXBTC15M-26MAY210700-00,4,0.2500,0.2500,0.2400
KXBTC15M-26MAY210700-00,5,0.2000,0.2000,0.1900
KXBTC15M-26MAY210930-30,3,0.4200,0.4200,0.4100
KXBTC15M-26MAY210930-30,4,0.4400,0.4400,0.4200
KXBTC15M-26MAY210930-30,5,0.4500,0.4700,0.4500
KXBTC15M-26MAY210630-30,3,0.6900,0.7100,0.6900
KXBTC15M-26MAY210630-30,4,0.7500,0.7600,0.7400
KXBTC15M-26MAY210630-30,5,0.7900,0.8000,0.7900
KXBTC15M-26MAY211145-45,3,0.2900,0.2900,0.2800
KXBTC15M-26MAY211145-45,4,0.0780,0.0780,0.0720
KXBTC15M-26MAY211145-45,5,0.1600,0.1600,0.1500
KXBTC15M-26MAY210645-45,3,0.6400,0.6500,0.6400
KXBTC15M-26MAY210645-45,4,0.6700,0.6800,0.6700
KXBTC15M-26MAY210645-45,5,0.6100,0.6200,0.6100
KXBTC15M-26MAY210515-15,3,0.3200,0.3300,0.3100
KXBTC15M-26MAY210515-15,4,0.2700,0.2900,0.2700
KXBTC15M-26MAY210515-15,5,0.4600,0.4800,0.4600
KXBTC15M-26MAY210200-00,3,0.1200,0.1400,0.1300
KXBTC15M-26MAY210200-00,4,0.1900,0.1900,0.1800
KXBTC15M-26MAY210200-00,5,0.1800,0.1800,0.1700
KXBTC15M-26MAY211100-00,3,0.3700,0.3800,0.3700
KXBTC15M-26MAY211100-00,4,0.4700,0.4800,0.4700
KXBTC15M-26MAY211100-00,5,0.4000,0.4000,0.3900
KXBTC15M-26MAY210745-45,3,0.4800,0.4800,0.4700
KXBTC15M-26MAY210745-45,4,0.3800,0.3900,0.3800
KXBTC15M-26MAY210745-45,5,0.4600,0.4600,0.4500
KXBTC15M-26MAY210100-00,3,0.5900,0.5900,0.5800
KXBTC15M-26MAY210100-00,4,0.6400,0.6400,0.6300
KXBTC15M-26MAY210100-00,5,0.6800,0.6900,0.6800
KXBTC15M-26MAY210130-30,3,0.6700,0.6700,0.6600
KXBTC15M-26MAY210130-30,4,0.6600,0.6700,0.6600
KXBTC15M-26MAY210130-30,5,0.7700,0.7900,0.7700
KXBTC15M-26MAY210045-45,3,0.2600,0.2600,0.2500
KXBTC15M-26MAY210045-45,4,0.2800,0.2800,0.2700
KXBTC15M-26MAY210045-45,5,0.2900,0.2900,0.2800
KXBTC15M-26MAY210615-15,3,0.5000,0.5000,0.4900
KXBTC15M-26MAY210615-15,4,0.5700,0.5700,0.5600
KXBTC15M-26MAY210615-15,5,0.5500,0.5500,0.5400
KXBTC15M-26MAY210900-00,3,0.7800,0.7800,0.7700
KXBTC15M-26MAY210900-00,4,0.7200,0.7200,0.7100
KXBTC15M-26MAY210900-00,5,0.7400,0.7500,0.7400
KXBTC15M-26MAY202345-45,3,0.4200,0.4300,0.4200
KXBTC15M-26MAY202345-45,4,0.3100,0.3100,0.3000
KXBTC15M-26MAY202345-45,5,0.2300,0.2300,0.2200
KXBTC15M-26MAY210145-45,3,0.7500,0.7500,0.7400
KXBTC15M-26MAY210145-45,4,0.6800,0.6900,0.6800
KXBTC15M-26MAY210145-45,5,0.6200,0.6400,0.6200
KXBTC15M-26MAY210000-00,3,0.4100,0.4100,0.4000
KXBTC15M-26MAY210000-00,4,0.4100,0.4100,0.4000
KXBTC15M-26MAY210000-00,5,0.5300,0.5400,0.5300
KXBTC15M-26MAY210730-30,3,0.5100,0.5100,0.5000
KXBTC15M-26MAY210730-30,4,0.5800,0.5900,0.5800
KXBTC15M-26MAY210730-30,5,0.5400,0.5400,0.5300
KXBTC15M-26MAY202245-45,3,0.4600,0.4700,0.4600
KXBTC15M-26MAY202245-45,4,0.3900,0.4000,0.3800
KXBTC15M-26MAY202245-45,5,0.3600,0.3600,0.3500
KXBTC15M-26MAY210030-30,3,0.5100,0.5100,0.5000
KXBTC15M-26MAY210030-30,4,0.4600,0.4600,0.4500
KXBTC15M-26MAY210030-30,5,0.6100,0.6200,0.6100
KXBTC15M-26MAY202300-00,3,0.3600,0.3700,0.3600
KXBTC15M-26MAY202300-00,4,0.3600,0.3600,0.3500
KXBTC15M-26MAY202300-00,5,0.4400,0.4600,0.4400
KXBTC15M-26MAY202145-45,3,0.4700,0.4800,0.4700
KXBTC15M-26MAY202145-45,4,0.5300,0.5400,0.5300
KXBTC15M-26MAY202145-45,5,0.5700,0.5700,0.5500
KXBTC15M-26MAY202130-30,3,0.1600,0.1600,0.1500
KXBTC15M-26MAY202130-30,4,0.0850,0.0870,0.0790
KXBTC15M-26MAY202130-30,5,0.1100,0.1100,0.0930
KXBTC15M-26MAY202200-00,3,0.6700,0.6800,0.6700
KXBTC15M-26MAY202200-00,4,0.6300,0.6400,0.6300
KXBTC15M-26MAY202200-00,5,0.6700,0.6800,0.6700
KXBTC15M-26MAY202100-00,3,0.8500,0.8600,0.8500
KXBTC15M-26MAY202100-00,4,0.9480,0.9530,0.9480
KXBTC15M-26MAY202100-00,5,0.9590,0.9630,0.9570
KXBTC15M-26MAY202030-30,3,0.2200,0.2200,0.2100
KXBTC15M-26MAY202030-30,4,0.2800,0.2800,0.2700
KXBTC15M-26MAY202030-30,5,0.2600,0.2600,0.2500
KXBTC15M-26MAY202115-15,3,0.5400,0.5400,0.5300
KXBTC15M-26MAY202115-15,4,0.5800,0.5800,0.5700
KXBTC15M-26MAY202115-15,5,0.4100,0.4100,0.4000
KXBTC15M-26MAY210115-15,3,0.7900,0.8100,0.7900
KXBTC15M-26MAY210115-15,4,0.8700,0.8700,0.8600
KXBTC15M-26MAY210115-15,5,0.8600,0.8600,0.8500
KXBTC15M-26MAY202015-15,3,0.6000,0.6000,0.5900
KXBTC15M-26MAY202015-15,4,0.8800,0.8900,0.8800
KXBTC15M-26MAY202015-15,5,0.8300,0.8400,0.8300
KXBTC15M-26MAY201930-30,3,0.3300,0.3500,0.3400
KXBTC15M-26MAY201930-30,4,0.4700,0.4700,0.4600
KXBTC15M-26MAY201930-30,5,0.4900,0.4700,0.4600
KXBTC15M-26MAY202215-15,3,0.5800,0.5900,0.5800
KXBTC15M-26MAY202215-15,4,0.6300,0.6400,0.6300
KXBTC15M-26MAY202215-15,5,0.4800,0.4900,0.4800
KXBTC15M-26MAY201915-15,3,0.3300,0.3400,0.3300
KXBTC15M-26MAY201915-15,4,0.2200,0.2300,0.2200
KXBTC15M-26MAY201915-15,5,0.3600,0.3600,0.3500
KXBTC15M-26MAY201845-45,3,0.6300,0.6300,0.6200
KXBTC15M-26MAY201845-45,4,0.6700,0.6900,0.6700
KXBTC15M-26MAY201845-45,5,0.7000,0.7000,0.6900
KXBTC15M-26MAY201900-00,3,0.8100,0.8100,0.8000
KXBTC15M-26MAY201900-00,4,0.8000,0.8100,0.8000
KXBTC15M-26MAY201900-00,5,0.7600,0.7800,0.7600
KXBTC15M-26MAY202045-45,3,0.4700,0.4800,0.4700
KXBTC15M-26MAY202045-45,4,0.6500,0.6500,0.6300
KXBTC15M-26MAY202045-45,5,0.7000,0.7000,0.6900
KXBTC15M-26MAY201815-15,3,0.1600,0.1500,0.1400
KXBTC15M-26MAY201815-15,4,0.1900,0.1900,0.1800
KXBTC15M-26MAY201815-15,5,0.2700,0.2700,0.2500
KXBTC15M-26MAY201745-45,3,0.4200,0.4200,0.4100
KXBTC15M-26MAY201745-45,4,0.6000,0.6000,0.5900
KXBTC15M-26MAY201745-45,5,0.5800,0.6000,0.5800
KXBTC15M-26MAY201730-30,3,0.1500,0.1500,0.1400
KXBTC15M-26MAY201730-30,4,0.0880,0.0880,0.0780
KXBTC15M-26MAY201730-30,5,0.0460,0.0460,0.0410
KXBTC15M-26MAY201700-00,3,0.6500,0.6600,0.6400
KXBTC15M-26MAY201700-00,4,0.6000,0.6200,0.6100
KXBTC15M-26MAY201700-00,5,0.6300,0.6400,0.6300
KXBTC15M-26MAY201715-15,3,0.3500,0.3600,0.3500
KXBTC15M-26MAY201715-15,4,0.5300,0.5400,0.5300
KXBTC15M-26MAY201715-15,5,0.5500,0.5600,0.5500
KXBTC15M-26MAY201645-45,3,0.3100,0.3100,0.3000
KXBTC15M-26MAY201645-45,4,0.3400,0.3500,0.3400
KXBTC15M-26MAY201645-45,5,0.4000,0.4000,0.3900
KXBTC15M-26MAY201630-30,3,0.1600,0.1700,0.1600
KXBTC15M-26MAY201630-30,4,0.1800,0.1900,0.1800
KXBTC15M-26MAY201630-30,5,0.0800,0.0810,0.0770
KXBTC15M-26MAY201615-15,3,0.2400,0.2600,0.2400
KXBTC15M-26MAY201615-15,4,0.2300,0.2300,0.2200
KXBTC15M-26MAY201615-15,5,0.1500,0.1600,0.1500
KXBTC15M-26MAY201830-30,3,0.1500,0.1500,0.1400
KXBTC15M-26MAY201830-30,4,0.1100,0.1100,0.0950
KXBTC15M-26MAY201830-30,5,0.0930,0.0950,0.0930
KXBTC15M-26MAY201500-00,3,0.2400,0.2500,0.2400
KXBTC15M-26MAY201500-00,4,0.2600,0.2600,0.2500
KXBTC15M-26MAY201500-00,5,0.2000,0.2000,0.1900
KXBTC15M-26MAY201530-30,3,0.6600,0.6600,0.6500
KXBTC15M-26MAY201530-30,4,0.8000,0.8100,0.8000
KXBTC15M-26MAY201530-30,5,0.8700,0.8800,0.8700
KXBTC15M-26MAY202000-00,3,0.8200,0.8300,0.8200
KXBTC15M-26MAY202000-00,4,0.8100,0.8200,0.8000
KXBTC15M-26MAY202000-00,5,0.8400,0.8500,0.8400
KXBTC15M-26MAY201445-45,3,0.3600,0.3700,0.3600
KXBTC15M-26MAY201445-45,4,0.4700,0.4700,0.4600
KXBTC15M-26MAY201445-45,5,0.4500,0.4500,0.4400
KXBTC15M-26MAY201345-45,3,0.3600,0.3500,0.3400
KXBTC15M-26MAY201345-45,4,0.3700,0.3700,0.3600
KXBTC15M-26MAY201345-45,5,0.6600,0.6600,0.6500
KXBTC15M-26MAY201330-30,3,0.6300,0.6300,0.6200
KXBTC15M-26MAY201330-30,4,0.7500,0.7600,0.7500
KXBTC15M-26MAY201330-30,5,0.8500,0.8600,0.8500
KXBTC15M-26MAY201315-15,3,0.4600,0.4600,0.4500
KXBTC15M-26MAY201315-15,4,0.2700,0.2700,0.2600
KXBTC15M-26MAY201315-15,5,0.2300,0.2300,0.2200
KXBTC15M-26MAY201600-00,3,0.5900,0.5900,0.5800
KXBTC15M-26MAY201600-00,4,0.6300,0.6300,0.6200
KXBTC15M-26MAY201600-00,5,0.3300,0.3300,0.3200
KXBTC15M-26MAY201230-30,3,0.1500,0.1500,0.1400
KXBTC15M-26MAY201230-30,4,0.1200,0.1200,0.1100
KXBTC15M-26MAY201230-30,5,0.0330,0.0330,0.0310
KXBTC15M-26MAY201145-45,3,0.6600,0.6600,0.6500
KXBTC15M-26MAY201145-45,4,0.5500,0.5500,0.5300
KXBTC15M-26MAY201145-45,5,0.5400,0.5500,0.5400
KXBTC15M-26MAY201215-15,3,0.4900,0.4900,0.4800
KXBTC15M-26MAY201215-15,4,0.5800,0.5800,0.5600
KXBTC15M-26MAY201215-15,5,0.6000,0.6100,0.6000
KXBTC15M-26MAY201415-15,3,0.3500,0.3500,0.3400
KXBTC15M-26MAY201415-15,4,0.4200,0.4200,0.4100
KXBTC15M-26MAY201415-15,5,0.3100,0.3100,0.3000
KXBTC15M-26MAY201100-00,3,0.6500,0.6500,0.6400
KXBTC15M-26MAY201100-00,4,0.6100,0.6100,0.6000
KXBTC15M-26MAY201100-00,5,0.5100,0.5100,0.5000
KXBTC15M-26MAY201045-45,3,0.6600,0.6700,0.6600
KXBTC15M-26MAY201045-45,4,0.4600,0.4600,0.4500
KXBTC15M-26MAY201045-45,5,0.2700,0.2700,0.2600
KXBTC15M-26MAY201115-15,3,0.3300,0.3300,0.3200
KXBTC15M-26MAY201115-15,4,0.2000,0.2000,0.1900
KXBTC15M-26MAY201115-15,5,0.1800,0.1800,0.1700
KXBTC15M-26MAY201015-15,3,0.5000,0.5000,0.4900
KXBTC15M-26MAY201015-15,4,0.5800,0.6000,0.5800
KXBTC15M-26MAY201015-15,5,0.3600,0.3700,0.3600
KXBTC15M-26MAY201245-45,3,0.7100,0.7100,0.6900
KXBTC15M-26MAY201245-45,4,0.8100,0.8100,0.8000
KXBTC15M-26MAY201245-45,5,0.8300,0.8500,0.8400
KXBTC15M-26MAY200945-45,3,0.2700,0.2800,0.2700
KXBTC15M-26MAY200945-45,4,0.3400,0.3500,0.3400
KXBTC15M-26MAY200945-45,5,0.0760,0.0750,0.0720
KXBTC15M-26MAY201545-45,3,0.6600,0.6700,0.6600
KXBTC15M-26MAY201545-45,4,0.6900,0.7000,0.6900
KXBTC15M-26MAY201545-45,5,0.6000,0.6000,0.5900
KXBTC15M-26MAY200915-15,3,0.2200,0.2300,0.2200
KXBTC15M-26MAY200915-15,4,0.1700,0.1700,0.1600
KXBTC15M-26MAY200915-15,5,0.1200,0.1200,0.1100
KXBTC15M-26MAY201130-30,3,0.9320,0.9380,0.9320
KXBTC15M-26MAY201130-30,4,0.9600,0.9600,0.9520
KXBTC15M-26MAY201130-30,5,0.9850,0.9850,0.9810
KXBTC15M-26MAY200930-30,3,0.4500,0.4500,0.4400
KXBTC15M-26MAY200930-30,4,0.3600,0.3700,0.3600
KXBTC15M-26MAY200930-30,5,0.5300,0.5500,0.5300
KXBTC15M-26MAY201430-30,3,0.8100,0.8200,0.8100
KXBTC15M-26MAY201430-30,4,0.8700,0.8800,0.8700
KXBTC15M-26MAY201430-30,5,0.9270,0.9170,0.9130
KXBTC15M-26MAY200900-00,3,0.7600,0.7700,0.7600
KXBTC15M-26MAY200900-00,4,0.7800,0.8000,0.7800
KXBTC15M-26MAY200900-00,5,0.7000,0.7000,0.6900
KXBTC15M-26MAY200815-15,3,0.7100,0.7300,0.7100
KXBTC15M-26MAY200815-15,4,0.8000,0.8000,0.7900
KXBTC15M-26MAY200815-15,5,0.8600,0.8700,0.8600
KXBTC15M-26MAY200730-30,3,0.6000,0.6200,0.6100
KXBTC15M-26MAY200730-30,4,0.4000,0.4000,0.3900
KXBTC15M-26MAY200730-30,5,0.5100,0.5100,0.5000
KXBTC15M-26MAY201000-00,3,0.8900,0.8900,0.8800
KXBTC15M-26MAY201000-00,4,0.8500,0.8500,0.8400
KXBTC15M-26MAY201000-00,5,0.8700,0.8700,0.8600
KXBTC15M-26MAY200700-00,3,0.5100,0.5200,0.5100
KXBTC15M-26MAY200700-00,4,0.5500,0.5600,0.5500
KXBTC15M-26MAY200700-00,5,0.4600,0.4600,0.4500
KXBTC15M-26MAY200630-30,3,0.4300,0.4300,0.4200
KXBTC15M-26MAY200630-30,4,0.3700,0.3900,0.3700
KXBTC15M-26MAY200630-30,5,0.4300,0.4400,0.4300
KXBTC15M-26MAY201200-00,3,0.8500,0.8500,0.8400
KXBTC15M-26MAY201200-00,4,0.8600,0.8700,0.8600
KXBTC15M-26MAY201200-00,5,0.8300,0.8300,0.8200
KXBTC15M-26MAY200645-45,3,0.7600,0.7700,0.7600
KXBTC15M-26MAY200645-45,4,0.9000,0.9000,0.8900
KXBTC15M-26MAY200645-45,5,0.9290,0.9280,0.9230
KXBTC15M-26MAY200545-45,3,0.7300,0.7400,0.7300
KXBTC15M-26MAY200545-45,4,0.7200,0.7200,0.7100
KXBTC15M-26MAY200545-45,5,0.6800,0.6800,0.6700
KXBTC15M-26MAY200800-00,3,0.6000,0.6000,0.5800
KXBTC15M-26MAY200800-00,4,0.3800,0.3800,0.3700
KXBTC15M-26MAY200800-00,5,0.3100,0.3100,0.3000
KXBTC15M-26MAY200615-15,3,0.7800,0.7800,0.7700
KXBTC15M-26MAY200615-15,4,0.8300,0.8300,0.8200
KXBTC15M-26MAY200615-15,5,0.8100,0.8200,0.8100
KXBTC15M-26MAY200745-45,3,0.5200,0.5300,0.5200
KXBTC15M-26MAY200745-45,4,0.6100,0.6200,0.6100
KXBTC15M-26MAY200745-45,5,0.7000,0.6900,0.6800
KXBTC15M-26MAY201030-30,3,0.9100,0.9110,0.9100
KXBTC15M-26MAY201030-30,4,0.9480,0.9490,0.9420
KXBTC15M-26MAY201030-30,5,0.9660,0.9600,0.9580
KXBTC15M-26MAY200515-15,3,0.4200,0.4400,0.4300
KXBTC15M-26MAY200515-15,4,0.5800,0.5800,0.5700
KXBTC15M-26MAY200515-15,5,0.2600,0.2600,0.2500
KXBTC15M-26MAY200715-15,3,0.3400,0.3400,0.3300
KXBTC15M-26MAY200715-15,4,0.6000,0.6000,0.5900
KXBTC15M-26MAY200715-15,5,0.7600,0.7700,0.7600
KXBTC15M-26MAY200430-30,3,0.5100,0.5100,0.5000
KXBTC15M-26MAY200430-30,4,0.6200,0.6300,0.6200
KXBTC15M-26MAY200430-30,5,0.4600,0.4700,0.4600
KXBTC15M-26MAY200400-00,3,0.0900,0.0870,0.0850
KXBTC15M-26MAY200400-00,4,0.0680,0.0680,0.0640
KXBTC15M-26MAY200400-00,5,0.0500,0.0500,0.0470
KXBTC15M-26MAY200315-15,3,0.1600,0.1600,0.1500
KXBTC15M-26MAY200315-15,4,0.2100,0.2100,0.2000
KXBTC15M-26MAY200315-15,5,0.1700,0.1800,0.1700
KXBTC15M-26MAY200245-45,3,0.3500,0.3600,0.3500
KXBTC15M-26MAY200245-45,4,0.4700,0.4800,0.4700
KXBTC15M-26MAY200245-45,5,0.2200,0.2300,0.2200
KXBTC15M-26MAY200500-00,3,0.3100,0.3100,0.3000
KXBTC15M-26MAY200500-00,4,0.2200,0.2300,0.2200
KXBTC15M-26MAY200500-00,5,0.2600,0.2800,0.2600
KXBTC15M-26MAY200200-00,3,0.3600,0.3600,0.3500
KXBTC15M-26MAY200200-00,4,0.4500,0.4700,0.4600
KXBTC15M-26MAY200200-00,5,0.5700,0.5700,0.5600
KXBTC15M-26MAY200230-30,3,0.7300,0.7400,0.7200
KXBTC15M-26MAY200230-30,4,0.8500,0.8500,0.8400
KXBTC15M-26MAY200230-30,5,0.8200,0.8300,0.8200
KXBTC15M-26MAY200215-15,3,0.7100,0.7200,0.7100
KXBTC15M-26MAY200215-15,4,0.5500,0.5500,0.5400
KXBTC15M-26MAY200215-15,5,0.6000,0.6000,0.5800
KXBTC15M-26MAY200415-15,3,0.5700,0.5700,0.5600
KXBTC15M-26MAY200415-15,4,0.6700,0.6900,0.6800
KXBTC15M-26MAY200415-15,5,0.7300,0.7400,0.7100
KXBTC15M-26MAY200100-00,3,0.6200,0.6200,0.6100
KXBTC15M-26MAY200100-00,4,0.6400,0.6400,0.6300
KXBTC15M-26MAY200100-00,5,0.7600,0.7600,0.7400
KXBTC15M-26MAY200130-30,3,0.1600,0.1800,0.1600
KXBTC15M-26MAY200130-30,4,0.2600,0.2700,0.2600
KXBTC15M-26MAY200130-30,5,0.3000,0.3000,0.2800
KXBTC15M-26MAY200045-45,3,0.2500,0.2500,0.2400
KXBTC15M-26MAY200045-45,4,0.2000,0.2000,0.1900
KXBTC15M-26MAY200045-45,5,0.1000,0.1100,0.1000
KXBTC15M-26MAY200300-00,3,0.6700,0.6700,0.6500
KXBTC15M-26MAY200300-00,4,0.8900,0.8900,0.8700
KXBTC15M-26MAY200300-00,5,0.9120,0.9130,0.9100
KXBTC15M-26MAY200015-15,3,0.7200,0.7200,0.7100
KXBTC15M-26MAY200015-15,4,0.8300,0.8300,0.8200
KXBTC15M-26MAY200015-15,5,0.8800,0.8800,0.8700
KXBTC15M-26MAY200600-00,3,0.3400,0.3400,0.3300
KXBTC15M-26MAY200600-00,4,0.3700,0.3600,0.3500
KXBTC15M-26MAY200600-00,5,0.1600,0.1600,0.1500
KXBTC15M-26MAY200000-00,3,0.4000,0.4000,0.3900
KXBTC15M-26MAY200000-00,4,0.4300,0.4300,0.4200
KXBTC15M-26MAY200000-00,5,0.3600,0.3700,0.3600
KXBTC15M-26MAY200145-45,3,0.8600,0.8700,0.8600
KXBTC15M-26MAY200145-45,4,0.8200,0.8300,0.8200
KXBTC15M-26MAY200145-45,5,0.9320,0.9330,0.9300
KXBTC15M-26MAY192245-45,3,0.2200,0.2300,0.2200
KXBTC15M-26MAY192245-45,4,0.2600,0.2600,0.2500
KXBTC15M-26MAY192245-45,5,0.1200,0.1300,0.1200
KXBTC15M-26MAY192315-15,3,0.3200,0.3300,0.3200
KXBTC15M-26MAY192315-15,4,0.2500,0.2600,0.2500
KXBTC15M-26MAY192315-15,5,0.2600,0.2600,0.2500
KXBTC15M-26MAY192300-00,3,0.6700,0.6800,0.6700
KXBTC15M-26MAY192300-00,4,0.6400,0.6500,0.6400
KXBTC15M-26MAY192300-00,5,0.5900,0.6000,0.5900
KXBTC15M-26MAY200330-30,3,0.2800,0.2900,0.2800
KXBTC15M-26MAY200330-30,4,0.2400,0.2400,0.2300
KXBTC15M-26MAY200330-30,5,0.4500,0.4600,0.4500
KXBTC15M-26MAY192130-30,3,0.3200,0.3300,0.3200
KXBTC15M-26MAY192130-30,4,0.4800,0.4900,0.4800
KXBTC15M-26MAY192130-30,5,0.4500,0.4500,0.4400
KXBTC15M-26MAY192345-45,3,0.4000,0.3900,0.3800
KXBTC15M-26MAY192345-45,4,0.3600,0.3700,0.3500
KXBTC15M-26MAY192345-45,5,0.2900,0.2900,0.2800
KXBTC15M-26MAY192330-30,3,0.8000,0.8100,0.8000
KXBTC15M-26MAY192330-30,4,0.7000,0.7000,0.6900
KXBTC15M-26MAY192330-30,5,0.8500,0.8500,0.8400
KXBTC15M-26MAY192100-00,3,0.6700,0.6700,0.6600
KXBTC15M-26MAY192100-00,4,0.6900,0.7000,0.6900
KXBTC15M-26MAY192100-00,5,0.6500,0.6600,0.6500
KXBTC15M-26MAY192030-30,3,0.5100,0.5200,0.5100
KXBTC15M-26MAY192030-30,4,0.5200,0.5300,0.5200
KXBTC15M-26MAY192030-30,5,0.6400,0.6400,0.6200
KXBTC15M-26MAY192230-30,3,0.5000,0.5000,0.4900
KXBTC15M-26MAY192230-30,4,0.5600,0.5700,0.5600
KXBTC15M-26MAY192230-30,5,0.6800,0.6800,0.6700
KXBTC15M-26MAY191945-45,3,0.7000,0.7000,0.6900
KXBTC15M-26MAY191945-45,4,0.8400,0.8600,0.8500
KXBTC15M-26MAY191945-45,5,0.8200,0.8300,0.8200
KXBTC15M-26MAY192200-00,3,0.7300,0.7400,0.7300
KXBTC15M-26MAY192200-00,4,0.8400,0.8500,0.8400
KXBTC15M-26MAY192200-00,5,0.9660,0.9660,0.9630
KXBTC15M-26MAY191915-15,3,0.6500,0.6600,0.6500
KXBTC15M-26MAY191915-15,4,0.6200,0.6200,0.6000
KXBTC15M-26MAY191915-15,5,0.5200,0.5300,0.5200
KXBTC15M-26MAY192115-15,3,0.5200,0.5300,0.5200
KXBTC15M-26MAY192115-15,4,0.5800,0.5900,0.5800
KXBTC15M-26MAY192115-15,5,0.3800,0.3900,0.3800
KXBTC15M-26MAY191930-30,3,0.7700,0.7800,0.7700
KXBTC15M-26MAY191930-30,4,0.7900,0.7800,0.7700
KXBTC15M-26MAY191930-30,5,0.7700,0.7800,0.7700
KXBTC15M-26MAY191845-45,3,0.9220,0.9300,0.9230
KXBTC15M-26MAY191845-45,4,0.9270,0.9300,0.9260
KXBTC15M-26MAY191845-45,5,0.9220,0.9250,0.9220
KXBTC15M-26MAY191745-45,3,0.7600,0.7700,0.7600
KXBTC15M-26MAY191745-45,4,0.8000,0.8100,0.8000
KXBTC15M-26MAY191745-45,5,0.7700,0.7800,0.7600
KXBTC15M-26MAY191830-30,3,0.3900,0.3900,0.3800
KXBTC15M-26MAY191830-30,4,0.2900,0.2900,0.2800
KXBTC15M-26MAY191830-30,5,0.2300,0.2400,0.2300
KXBTC15M-26MAY191815-15,3,0.0680,0.0680,0.0670
KXBTC15M-26MAY191815-15,4,0.0800,0.0800,0.0730
KXBTC15M-26MAY191815-15,5,0.0690,0.0770,0.0690
KXBTC15M-26MAY191700-00,3,0.7200,0.7400,0.7200
KXBTC15M-26MAY191700-00,4,0.8400,0.8400,0.8200
KXBTC15M-26MAY191700-00,5,0.8900,0.8900,0.8800
KXBTC15M-26MAY192215-15,3,0.4100,0.4100,0.4000
KXBTC15M-26MAY192215-15,4,0.4900,0.5000,0.4900
KXBTC15M-26MAY192215-15,5,0.5000,0.5100,0.5000
KXBTC15M-26MAY191630-30,3,0.4400,0.4500,0.4400
KXBTC15M-26MAY191630-30,4,0.4100,0.4200,0.4100
KXBTC15M-26MAY191630-30,5,0.1800,0.2000,0.1900
KXBTC15M-26MAY191715-15,3,0.3300,0.3400,0.3300
KXBTC15M-26MAY191715-15,4,0.3000,0.2900,0.2800
KXBTC15M-26MAY191715-15,5,0.2100,0.2100,0.2000
KXBTC15M-26MAY191615-15,3,0.6900,0.6900,0.6800
KXBTC15M-26MAY191615-15,4,0.6000,0.6000,0.5900
KXBTC15M-26MAY191615-15,5,0.7600,0.7700,0.7600
KXBTC15M-26MAY191530-30,3,0.2000,0.2000,0.1900
KXBTC15M-26MAY191530-30,4,0.2400,0.2400,0.2300
KXBTC15M-26MAY191530-30,5,0.1800,0.1800,0.1700
KXBTC15M-26MAY191800-00,3,0.3900,0.3900,0.3800
KXBTC15M-26MAY191800-00,4,0.2900,0.3000,0.2900
KXBTC15M-26MAY191800-00,5,0.3700,0.3800,0.3700
KXBTC15M-26MAY191600-00,3,0.3000,0.3100,0.3000
KXBTC15M-26MAY191600-00,4,0.3000,0.3100,0.3000
KXBTC15M-26MAY191600-00,5,0.3300,0.3300,0.3200
KXBTC15M-26MAY191445-45,3,0.7200,0.7100,0.7000
KXBTC15M-26MAY191445-45,4,0.6400,0.6500,0.6400
KXBTC15M-26MAY191445-45,5,0.7100,0.7100,0.7000
KXBTC15M-26MAY191645-45,3,0.6500,0.6600,0.6500
KXBTC15M-26MAY191645-45,4,0.7300,0.7500,0.7300
KXBTC15M-26MAY191645-45,5,0.8000,0.8000,0.7900
KXBTC15M-26MAY191500-00,3,0.6500,0.6500,0.6400
KXBTC15M-26MAY191500-00,4,0.6000,0.6000,0.5900
KXBTC15M-26MAY191500-00,5,0.4400,0.4600,0.4500
KXBTC15M-26MAY191430-30,3,0.4400,0.4500,0.4400
KXBTC15M-26MAY191430-30,4,0.6200,0.6200,0.6100
KXBTC15M-26MAY191430-30,5,0.5700,0.5800,0.5700
KXBTC15M-26MAY191900-00,3,0.5600,0.5700,0.5600
KXBTC15M-26MAY191900-00,4,0.5100,0.5200,0.5100
KXBTC15M-26MAY191900-00,5,0.4100,0.4200,0.4100
KXBTC15M-26MAY191345-45,3,0.1600,0.1600,0.1500
KXBTC15M-26MAY191345-45,4,0.1000,0.1100,0.1000
KXBTC15M-26MAY191345-45,5,0.0950,0.0960,0.0950
KXBTC15M-26MAY191400-00,3,0.2700,0.2700,0.2600
KXBTC15M-26MAY191400-00,4,0.1600,0.1700,0.1600
KXBTC15M-26MAY191400-00,5,0.2400,0.2400,0.2200
KXBTC15M-26MAY191330-30,3,0.6700,0.6700,0.6600
KXBTC15M-26MAY191330-30,4,0.8000,0.8000,0.7900
KXBTC15M-26MAY191330-30,5,0.7900,0.8100,0.7900
KXBTC15M-26MAY191515-15,3,0.7400,0.7500,0.7400
KXBTC15M-26MAY191515-15,4,0.8200,0.8300,0.8200
KXBTC15M-26MAY191515-15,5,0.8700,0.8800,0.8700
KXBTC15M-26MAY191315-15,3,0.6200,0.6300,0.6200
KXBTC15M-26MAY191315-15,4,0.8000,0.8000,0.7900
KXBTC15M-26MAY191315-15,5,0.7300,0.7400,0.7300
KXBTC15M-26MAY191730-30,3,0.6600,0.6600,0.6500
KXBTC15M-26MAY191730-30,4,0.5800,0.5900,0.5800
KXBTC15M-26MAY191730-30,5,0.6900,0.6900,0.6800
KXBTC15M-26MAY191230-30,3,0.7400,0.7500,0.7400
KXBTC15M-26MAY191230-30,4,0.7000,0.7100,0.7000
KXBTC15M-26MAY191230-30,5,0.8600,0.8700,0.8600
KXBTC15M-26MAY191115-15,3,0.7500,0.7500,0.7300
KXBTC15M-26MAY191115-15,4,0.8600,0.8600,0.8500
KXBTC15M-26MAY191115-15,5,0.8500,0.8600,0.8500
KXBTC15M-26MAY191100-00,3,0.1000,0.1100,0.1000
KXBTC15M-26MAY191100-00,4,0.0980,0.0980,0.0940
KXBTC15M-26MAY191100-00,5,0.1000,0.1100,0.1000
KXBTC15M-26MAY191030-30,3,0.2200,0.2400,0.2300
KXBTC15M-26MAY191030-30,4,0.1800,0.1700,0.1600
KXBTC15M-26MAY191030-30,5,0.1200,0.1300,0.1200
KXBTC15M-26MAY191015-15,3,0.2700,0.2800,0.2700
KXBTC15M-26MAY191015-15,4,0.7300,0.7500,0.7300
KXBTC15M-26MAY191015-15,5,0.5500,0.5300,0.5200
KXBTC15M-26MAY191000-00,3,0.7600,0.7800,0.7600
KXBTC15M-26MAY191000-00,4,0.7100,0.7100,0.7000
KXBTC15M-26MAY191000-00,5,0.7200,0.7200,0.7100
KXBTC15M-26MAY190945-45,3,0.8700,0.8800,0.8700
KXBTC15M-26MAY190945-45,4,0.8900,0.9020,0.8900
KXBTC15M-26MAY190945-45,5,0.9200,0.9240,0.9230
KXBTC15M-26MAY190915-15,3,0.5800,0.5900,0.5800
KXBTC15M-26MAY190915-15,4,0.3100,0.3200,0.3100
KXBTC15M-26MAY190915-15,5,0.0770,0.0700,0.0690
KXBTC15M-26MAY191200-00,3,0.4600,0.4600,0.4500
KXBTC15M-26MAY191200-00,4,0.5900,0.5900,0.5800
KXBTC15M-26MAY191200-00,5,0.6600,0.6600,0.6500
KXBTC15M-26MAY190830-30,3,0.4000,0.4100,0.4000
KXBTC15M-26MAY190830-30,4,0.5800,0.5900,0.5800
KXBTC15M-26MAY190830-30,5,0.7100,0.7200,0.7100
KXBTC15M-26MAY190900-00,3,0.7100,0.7200,0.7100
KXBTC15M-26MAY190900-00,4,0.6000,0.6000,0.5900
KXBTC15M-26MAY190900-00,5,0.5600,0.5600,0.5400
KXBTC15M-26MAY190800-00,3,0.7600,0.7600,0.7500
KXBTC15M-26MAY190800-00,4,0.7500,0.7700,0.7600
KXBTC15M-26MAY190800-00,5,0.7100,0.7200,0.7100
KXBTC15M-26MAY190815-15,3,0.5800,0.6000,0.5800
KXBTC15M-26MAY190815-15,4,0.5900,0.6000,0.5900
KXBTC15M-26MAY190815-15,5,0.5800,0.5800,0.5700
KXBTC15M-26MAY190730-30,3,0.6700,0.6800,0.6700
KXBTC15M-26MAY190730-30,4,0.3100,0.3100,0.3000
KXBTC15M-26MAY190730-30,5,0.1400,0.1400,0.1300
KXBTC15M-26MAY190745-45,3,0.4300,0.4300,0.4200
KXBTC15M-26MAY190745-45,4,0.4500,0.4500,0.4400
KXBTC15M-26MAY190745-45,5,0.3700,0.3700,0.3600
KXBTC15M-26MAY190700-00,3,0.8400,0.8500,0.8400
KXBTC15M-26MAY190700-00,4,0.8400,0.8600,0.8400
KXBTC15M-26MAY190700-00,5,0.9200,0.9220,0.9130
KXBTC15M-26MAY190930-30,3,0.2800,0.2800,0.2600
KXBTC15M-26MAY190930-30,4,0.1700,0.1700,0.1600
KXBTC15M-26MAY190930-30,5,0.0770,0.0770,0.0700
KXBTC15M-26MAY190630-30,3,0.2800,0.2800,0.2700
KXBTC15M-26MAY190630-30,4,0.3900,0.4000,0.3900
KXBTC15M-26MAY190630-30,5,0.2000,0.2300,0.2200
KXBTC15M-26MAY190645-45,3,0.8500,0.8500,0.8400
KXBTC15M-26MAY190645-45,4,0.8700,0.8700,0.8600
KXBTC15M-26MAY190645-45,5,0.9220,0.9300,0.9230
KXBTC15M-26MAY190600-00,3,0.4500,0.4600,0.4500
KXBTC15M-26MAY190600-00,4,0.6200,0.6200,0.6100
KXBTC15M-26MAY190600-00,5,0.6800,0.6900,0.6700
KXBTC15M-26MAY191130-30,3,0.7200,0.7200,0.7000
KXBTC15M-26MAY191130-30,4,0.4400,0.4400,0.4300
KXBTC15M-26MAY191130-30,5,0.2600,0.2700,0.2600
KXBTC15M-26MAY190515-15,3,0.3900,0.3900,0.3800
KXBTC15M-26MAY190515-15,4,0.5300,0.5400,0.5300
KXBTC15M-26MAY190515-15,5,0.3300,0.3300,0.3200
KXBTC15M-26MAY190545-45,3,0.5100,0.5100,0.5000
KXBTC15M-26MAY190545-45,4,0.3600,0.3700,0.3600
KXBTC15M-26MAY190545-45,5,0.4800,0.5000,0.4800
KXBTC15M-26MAY190445-45,3,0.5400,0.5600,0.5500
KXBTC15M-26MAY190445-45,4,0.6000,0.6300,0.6200
KXBTC15M-26MAY190445-45,5,0.7700,0.7700,0.7600
KXBTC15M-26MAY190715-15,3,0.5600,0.5700,0.5600
KXBTC15M-26MAY190715-15,4,0.4600,0.4500,0.4400
KXBTC15M-26MAY190715-15,5,0.3900,0.3900,0.3800
KXBTC15M-26MAY190400-00,3,0.4300,0.4300,0.4100
KXBTC15M-26MAY190400-00,4,0.4000,0.4200,0.4000
KXBTC15M-26MAY190400-00,5,0.5600,0.5800,0.5700
KXBTC15M-26MAY190430-30,3,0.8400,0.8400,0.8300
KXBTC15M-26MAY190430-30,4,0.7300,0.7300,0.7200
KXBTC15M-26MAY190430-30,5,0.7800,0.7700,0.7600
KXBTC15M-26MAY190330-30,3,0.7900,0.7900,0.7800
KXBTC15M-26MAY190330-30,4,0.8100,0.8100,0.8000
KXBTC15M-26MAY190330-30,5,0.8300,0.8600,0.8400
KXBTC15M-26MAY190345-45,3,0.6800,0.6900,0.6700
KXBTC15M-26MAY190345-45,4,0.7000,0.7100,0.7000
KXBTC15M-26MAY190345-45,5,0.6500,0.6600,0.6500
KXBTC15M-26MAY190300-00,3,0.4800,0.4800,0.4700
KXBTC15M-26MAY190300-00,4,0.4900,0.5000,0.4900
KXBTC15M-26MAY190300-00,5,0.6100,0.6200,0.6100
KXBTC15M-26MAY190530-30,3,0.1500,0.1600,0.1500
KXBTC15M-26MAY190530-30,4,0.1100,0.1100,0.1000
KXBTC15M-26MAY190530-30,5,0.1500,0.1500,0.1400
KXBTC15M-26MAY190500-00,3,0.4200,0.4300,0.4200
KXBTC15M-26MAY190500-00,4,0.3200,0.3200,0.3100
KXBTC15M-26MAY190500-00,5,0.3400,0.3400,0.3300
KXBTC15M-26MAY190200-00,3,0.5900,0.6000,0.5900
KXBTC15M-26MAY190200-00,4,0.6900,0.7000,0.6900
KXBTC15M-26MAY190200-00,5,0.6000,0.6100,0.6000
KXBTC15M-26MAY190115-15,3,0.3400,0.3400,0.3300
KXBTC15M-26MAY190115-15,4,0.3800,0.3800,0.3700
KXBTC15M-26MAY190115-15,5,0.3100,0.3200,0.3100
KXBTC15M-26MAY190415-15,3,0.3700,0.3600,0.3500
KXBTC15M-26MAY190415-15,4,0.2600,0.2600,0.2500
KXBTC15M-26MAY190415-15,5,0.1500,0.1600,0.1500
KXBTC15M-26MAY190145-45,3,0.6500,0.6500,0.6400
KXBTC15M-26MAY190145-45,4,0.5600,0.5600,0.5500
KXBTC15M-26MAY190145-45,5,0.6800,0.6700,0.6600
KXBTC15M-26MAY190130-30,3,0.2200,0.2200,0.2100
KXBTC15M-26MAY190130-30,4,0.1400,0.1400,0.1200
KXBTC15M-26MAY190130-30,5,0.0900,0.0900,0.0820
KXBTC15M-26MAY190000-00,3,0.4200,0.4300,0.4200
KXBTC15M-26MAY190000-00,4,0.4000,0.4000,0.3900
KXBTC15M-26MAY190000-00,5,0.5900,0.5900,0.5800
KXBTC15M-26MAY190615-15,3,0.3700,0.3700,0.3600
KXBTC15M-26MAY190615-15,4,0.3400,0.3400,0.3300
KXBTC15M-26MAY190615-15,5,0.5400,0.5500,0.5400
KXBTC15M-26MAY190245-45,3,0.7300,0.7300,0.7200
KXBTC15M-26MAY190245-45,4,0.6000,0.6000,0.5900
KXBTC15M-26MAY190245-45,5,0.4700,0.4800,0.4700
KXBTC15M-26MAY190230-30,3,0.4500,0.4400,0.4200
KXBTC15M-26MAY190230-30,4,0.3400,0.3500,0.3400
KXBTC15M-26MAY190230-30,5,0.3400,0.3600,0.3400
KXBTC15M-26MAY182245-45,3,0.4400,0.4500,0.4400
KXBTC15M-26MAY182245-45,4,0.2400,0.2500,0.2400
KXBTC15M-26MAY182245-45,5,0.2900,0.2900,0.2700
KXBTC15M-26MAY182330-30,3,0.8200,0.8300,0.8200
KXBTC15M-26MAY182330-30,4,0.4600,0.4600,0.4500
KXBTC15M-26MAY182330-30,5,0.6100,0.6100,0.6000
KXBTC15M-26MAY190100-00,3,0.5800,0.5900,0.5800
KXBTC15M-26MAY190100-00,4,0.5700,0.5800,0.5700
KXBTC15M-26MAY190100-00,5,0.4600,0.4600,0.4500
KXBTC15M-26MAY182200-00,3,0.1500,0.1500,0.1400
KXBTC15M-26MAY182200-00,4,0.0880,0.0880,0.0850
KXBTC15M-26MAY182200-00,5,0.1600,0.1600,0.1500
KXBTC15M-26MAY182215-15,3,0.1800,0.1800,0.1700
KXBTC15M-26MAY182215-15,4,0.1100,0.1200,0.1100
KXBTC15M-26MAY182215-15,5,0.1600,0.1500,0.1400
KXBTC15M-26MAY182145-45,3,0.7900,0.8000,0.7900
KXBTC15M-26MAY182145-45,4,0.8100,0.8300,0.8200
KXBTC15M-26MAY182145-45,5,0.8600,0.8700,0.8600
KXBTC15M-26MAY182130-30,3,0.2300,0.2300,0.2200
KXBTC15M-26MAY182130-30,4,0.1400,0.1400,0.1300
KXBTC15M-26MAY182130-30,5,0.1100,0.1100,0.1000
KXBTC15M-26MAY190315-15,3,0.2800,0.2900,0.2800
KXBTC15M-26MAY190315-15,4,0.2500,0.2600,0.2500
KXBTC15M-26MAY190315-15,5,0.3500,0.3600,0.3500
KXBTC15M-26MAY182030-30,3,0.6500,0.6600,0.6500
KXBTC15M-26MAY182030-30,4,0.7700,0.7800,0.7700
KXBTC15M-26MAY182030-30,5,0.9170,0.9170,0.9150
KXBTC15M-26MAY182300-00,3,0.4000,0.4000,0.3900
KXBTC15M-26MAY182300-00,4,0.6000,0.6300,0.6200
KXBTC15M-26MAY182300-00,5,0.4200,0.4300,0.4200
KXBTC15M-26MAY182045-45,3,0.5300,0.5300,0.5200
KXBTC15M-26MAY182045-45,4,0.5600,0.5700,0.5600
KXBTC15M-26MAY182045-45,5,0.6900,0.7000,0.6900
KXBTC15M-26MAY181945-45,3,0.2700,0.2700,0.2600
KXBTC15M-26MAY181945-45,4,0.3100,0.3100,0.2900
KXBTC15M-26MAY181945-45,5,0.2700,0.2600,0.2500
KXBTC15M-26MAY182000-00,3,0.1300,0.1300,0.1200
KXBTC15M-26MAY182000-00,4,0.1300,0.1400,0.1300
KXBTC15M-26MAY182000-00,5,0.0970,0.0980,0.0970
KXBTC15M-26MAY181930-30,3,0.2200,0.2200,0.2100
KXBTC15M-26MAY181930-30,4,0.2300,0.2400,0.2200
KXBTC15M-26MAY181930-30,5,0.1700,0.1700,0.1600
KXBTC15M-26MAY182115-15,3,0.2300,0.2400,0.2300
KXBTC15M-26MAY182115-15,4,0.2400,0.2500,0.2400
KXBTC15M-26MAY182115-15,5,0.3500,0.3700,0.3500
KXBTC15M-26MAY181915-15,3,0.7400,0.7400,0.7300
KXBTC15M-26MAY181915-15,4,0.8200,0.8200,0.8100
KXBTC15M-26MAY181915-15,5,0.6700,0.6700,0.6600
KXBTC15M-26MAY182345-45,3,0.7000,0.7100,0.7000
KXBTC15M-26MAY182345-45,4,0.7400,0.7400,0.7300
KXBTC15M-26MAY182345-45,5,0.7300,0.7400,0.7300
KXBTC15M-26MAY182015-15,3,0.5300,0.5500,0.5300
KXBTC15M-26MAY182015-15,4,0.4100,0.4200,0.4100
KXBTC15M-26MAY182015-15,5,0.5700,0.5800,0.5700
KXBTC15M-26MAY181845-45,3,0.4600,0.4700,0.4600
KXBTC15M-26MAY181845-45,4,0.3000,0.3100,0.3000
KXBTC15M-26MAY181845-45,5,0.3800,0.3900,0.3800
KXBTC15M-26MAY181745-45,3,0.8300,0.8400,0.8300
KXBTC15M-26MAY181745-45,4,0.5600,0.5600,0.5500
KXBTC15M-26MAY181745-45,5,0.5900,0.6000,0.5900
KXBTC15M-26MAY181800-00,3,0.4300,0.4400,0.4300
KXBTC15M-26MAY181800-00,4,0.4900,0.4900,0.4800
KXBTC15M-26MAY181800-00,5,0.4500,0.4800,0.4500
KXBTC15M-26MAY181815-15,3,0.3300,0.3300,0.3200
KXBTC15M-26MAY181815-15,4,0.4900,0.5000,0.4900
KXBTC15M-26MAY181815-15,5,0.5900,0.6000,0.5900
KXBTC15M-26MAY181700-00,3,0.1800,0.1900,0.1800
KXBTC15M-26MAY181700-00,4,0.1600,0.1600,0.1500
KXBTC15M-26MAY181700-00,5,0.1600,0.1600,0.1500
KXBTC15M-26MAY181715-15,3,0.3400,0.3600,0.3400
KXBTC15M-26MAY181715-15,4,0.2800,0.2900,0.2800
KXBTC15M-26MAY181715-15,5,0.2400,0.2500,0.2300
KXBTC15M-26MAY181615-15,3,0.8400,0.8400,0.8300
KXBTC15M-26MAY181615-15,4,0.7400,0.7300,0.7200
KXBTC15M-26MAY181615-15,5,0.5200,0.5400,0.5200
KXBTC15M-26MAY181600-00,3,0.4700,0.4700,0.4600
KXBTC15M-26MAY181600-00,4,0.4300,0.4300,0.4200
KXBTC15M-26MAY181600-00,5,0.5400,0.5500,0.5400
KXBTC15M-26MAY182100-00,3,0.6300,0.6400,0.6300
KXBTC15M-26MAY182100-00,4,0.7300,0.7300,0.7100
KXBTC15M-26MAY182100-00,5,0.9020,0.9040,0.9000
KXBTC15M-26MAY181530-30,3,0.4800,0.4900,0.4800
KXBTC15M-26MAY181530-30,4,0.4400,0.4500,0.4400
KXBTC15M-26MAY181530-30,5,0.6000,0.6000,0.5900
KXBTC15M-26MAY181730-30,3,0.6000,0.6100,0.6000
KXBTC15M-26MAY181730-30,4,0.6100,0.6300,0.6100
KXBTC15M-26MAY181730-30,5,0.7300,0.7400,0.7300
KXBTC15M-26MAY181545-45,3,0.7200,0.7200,0.7100
KXBTC15M-26MAY181545-45,4,0.6600,0.6600,0.6500
KXBTC15M-26MAY181545-45,5,0.8200,0.8300,0.8200
KXBTC15M-26MAY181500-00,3,0.6500,0.6500,0.6400
KXBTC15M-26MAY181500-00,4,0.4600,0.4600,0.4500
KXBTC15M-26MAY181500-00,5,0.4100,0.4200,0.4100
KXBTC15M-26MAY181430-30,3,0.1900,0.2000,0.1900
KXBTC15M-26MAY181430-30,4,0.1700,0.1700,0.1600
KXBTC15M-26MAY181430-30,5,0.0650,0.0650,0.0620
KXBTC15M-26MAY181645-45,3,0.4300,0.4400,0.4300
KXBTC15M-26MAY181645-45,4,0.3100,0.3200,0.3100
KXBTC15M-26MAY181645-45,5,0.2400,0.2300,0.2200
KXBTC15M-26MAY181315-15,3,0.7900,0.8000,0.7900
KXBTC15M-26MAY181315-15,4,0.8400,0.8400,0.8300
KXBTC15M-26MAY181315-15,5,0.8400,0.8500,0.8400
KXBTC15M-26MAY181230-30,3,0.5200,0.5200,0.5100
KXBTC15M-26MAY181230-30,4,0.7600,0.7600,0.7500
KXBTC15M-26MAY181230-30,5,0.7900,0.8000,0.7900
KXBTC15M-26MAY181215-15,3,0.3700,0.3800,0.3700
KXBTC15M-26MAY181215-15,4,0.2600,0.2700,0.2600
KXBTC15M-26MAY181215-15,5,0.3100,0.3100,0.3000
KXBTC15M-26MAY181330-30,3,0.8300,0.8400,0.8300
KXBTC15M-26MAY181330-30,4,0.8200,0.8200,0.8100
KXBTC15M-26MAY181330-30,5,0.7000,0.7100,0.7000
KXBTC15M-26MAY181515-15,3,0.9720,0.9760,0.9720
KXBTC15M-26MAY181515-15,4,0.9790,0.9790,0.9720
KXBTC15M-26MAY181515-15,5,0.9730,0.9760,0.9730
KXBTC15M-26MAY181200-00,3,0.5000,0.5100,0.5000
KXBTC15M-26MAY181200-00,4,0.4300,0.4400,0.4300
KXBTC15M-26MAY181200-00,5,0.4400,0.4600,0.4400
KXBTC15M-26MAY181400-00,3,0.7300,0.7300,0.7200
KXBTC15M-26MAY181400-00,4,0.5600,0.5600,0.5500
KXBTC15M-26MAY181400-00,5,0.7600,0.7700,0.7600
KXBTC15M-26MAY181100-00,3,0.2900,0.2900,0.2800
KXBTC15M-26MAY181100-00,4,0.2800,0.2800,0.2700
KXBTC15M-26MAY181100-00,5,0.2800,0.2800,0.2700
KXBTC15M-26MAY181115-15,3,0.1700,0.1700,0.1600
KXBTC15M-26MAY181115-15,4,0.2400,0.2500,0.2400
KXBTC15M-26MAY181115-15,5,0.1100,0.1200,0.1100
KXBTC15M-26MAY181245-45,3,0.7600,0.7700,0.7600
KXBTC15M-26MAY181245-45,4,0.7400,0.7500,0.7400
KXBTC15M-26MAY181245-45,5,0.8400,0.8400,0.8300
KXBTC15M-26MAY181030-30,3,0.2700,0.2800,0.2700
KXBTC15M-26MAY181030-30,4,0.3500,0.3500,0.3400
KXBTC15M-26MAY181030-30,5,0.5500,0.5500,0.5400
KXBTC15M-26MAY181630-30,3,0.5500,0.5600,0.5500
KXBTC15M-26MAY181630-30,4,0.5300,0.5300,0.5200
KXBTC15M-26MAY181630-30,5,0.4100,0.4200,0.4100
KXBTC15M-26MAY181145-45,3,0.7500,0.7700,0.7600
KXBTC15M-26MAY181145-45,4,0.7900,0.8100,0.7900
KXBTC15M-26MAY181145-45,5,0.8900,0.8900,0.8800
KXBTC15M-26MAY180930-30,3,0.1900,0.2000,0.1900
KXBTC15M-26MAY180930-30,4,0.2000,0.2100,0.2000
KXBTC15M-26MAY180930-30,5,0.1300,0.1200,0.1100
KXBTC15M-26MAY181000-00,3,0.5200,0.5200,0.5100
KXBTC15M-26MAY181000-00,4,0.5000,0.5000,0.4900
KXBTC15M-26MAY181000-00,5,0.6500,0.6500,0.6400
KXBTC15M-26MAY181415-15,3,0.1600,0.1600,0.1500
KXBTC15M-26MAY181415-15,4,0.1300,0.1300,0.1200
KXBTC15M-26MAY181415-15,5,0.1300,0.1300,0.1200
KXBTC15M-26MAY181045-45,3,0.1600,0.1600,0.1500
KXBTC15M-26MAY181045-45,4,0.1100,0.1100,0.1000
KXBTC15M-26MAY181045-45,5,0.0830,0.0830,0.0820
KXBTC15M-26MAY180915-15,3,0.1200,0.1300,0.1200
KXBTC15M-26MAY180915-15,4,0.1700,0.1700,0.1500
KXBTC15M-26MAY180915-15,5,0.1400,0.1400,0.1300
KXBTC15M-26MAY180900-00,3,0.4300,0.4400,0.4300
KXBTC15M-26MAY180900-00,4,0.4000,0.4200,0.4000
KXBTC15M-26MAY180900-00,5,0.3300,0.3300,0.3200
KXBTC15M-26MAY180800-00,3,0.2200,0.2200,0.2100
KXBTC15M-26MAY180800-00,4,0.3000,0.3100,0.3000
KXBTC15M-26MAY180800-00,5,0.1600,0.1600,0.1500
KXBTC15M-26MAY181015-15,3,0.3300,0.3300,0.3200
KXBTC15M-26MAY181015-15,4,0.5300,0.5500,0.5400
KXBTC15M-26MAY181015-15,5,0.3000,0.3000,0.2900
KXBTC15M-26MAY180830-30,3,0.6000,0.6200,0.6000
KXBTC15M-26MAY180830-30,4,0.6100,0.6100,0.6000
KXBTC15M-26MAY180830-30,5,0.6200,0.6200,0.6000
KXBTC15M-26MAY180745-45,3,0.8100,0.8000,0.7900
KXBTC15M-26MAY180745-45,4,0.8600,0.8700,0.8600
KXBTC15M-26MAY180745-45,5,0.9010,0.9010,0.9000
KXBTC15M-26MAY180715-15,3,0.3500,0.3500,0.3400
KXBTC15M-26MAY180715-15,4,0.4100,0.4100,0.4000
KXBTC15M-26MAY180715-15,5,0.2900,0.3000,0.2900
KXBTC15M-26MAY180700-00,3,0.8200,0.8300,0.8200
KXBTC15M-26MAY180700-00,4,0.6600,0.6600,0.6500
KXBTC15M-26MAY180700-00,5,0.5400,0.5500,0.5400
KXBTC15M-26MAY180630-30,3,0.3600,0.3700,0.3600
KXBTC15M-26MAY180630-30,4,0.3600,0.3500,0.3400
KXBTC15M-26MAY180630-30,5,0.4100,0.4100,0.4000
KXBTC15M-26MAY180615-15,3,0.4100,0.4100,0.4000
KXBTC15M-26MAY180615-15,4,0.2200,0.2200,0.2100
KXBTC15M-26MAY180615-15,5,0.1400,0.1500,0.1400
KXBTC15M-26MAY180530-30,3,0.6100,0.6300,0.6100
KXBTC15M-26MAY180530-30,4,0.5200,0.5300,0.5200
KXBTC15M-26MAY180530-30,5,0.6600,0.6600,0.6500
KXBTC15M-26MAY180600-00,3,0.6100,0.6200,0.6100
KXBTC15M-26MAY180600-00,4,0.5300,0.5400,0.5300
KXBTC15M-26MAY180600-00,5,0.6600,0.6700,0.6600
KXBTC15M-26MAY180545-45,3,0.2000,0.2000,0.1900
KXBTC15M-26MAY180545-45,4,0.4500,0.4500,0.4400
KXBTC15M-26MAY180545-45,5,0.5900,0.5900,0.5800
KXBTC15M-26MAY180515-15,3,0.2900,0.3000,0.2900
KXBTC15M-26MAY180515-15,4,0.1700,0.1700,0.1600
KXBTC15M-26MAY180515-15,5,0.0930,0.0870,0.0810
KXBTC15M-26MAY180415-15,3,0.6000,0.6000,0.5900
KXBTC15M-26MAY180415-15,4,0.8500,0.8600,0.8500
KXBTC15M-26MAY180415-15,5,0.7500,0.7600,0.7500
KXBTC15M-26MAY180645-45,3,0.6800,0.6800,0.6700
KXBTC15M-26MAY180645-45,4,0.5100,0.5200,0.5100
KXBTC15M-26MAY180645-45,5,0.3000,0.3100,0.3000
KXBTC15M-26MAY180345-45,3,0.6000,0.6100,0.6000
KXBTC15M-26MAY180345-45,4,0.6200,0.6300,0.6200
KXBTC15M-26MAY180345-45,5,0.5100,0.5200,0.5100
KXBTC15M-26MAY180315-15,3,0.7900,0.8000,0.7900
KXBTC15M-26MAY180315-15,4,0.7500,0.7600,0.7500
KXBTC15M-26MAY180315-15,5,0.7300,0.7300,0.7200
KXBTC15M-26MAY180330-30,3,0.2100,0.2100,0.2000
KXBTC15M-26MAY180330-30,4,0.1100,0.1200,0.1100
KXBTC15M-26MAY180330-30,5,0.0700,0.0700,0.0670
KXBTC15M-26MAY180245-45,3,0.6300,0.6300,0.6200
KXBTC15M-26MAY180245-45,4,0.6200,0.6400,0.6200
KXBTC15M-26MAY180245-45,5,0.7300,0.7500,0.7400
KXBTC15M-26MAY180230-30,3,0.3900,0.3900,0.3800
KXBTC15M-26MAY180230-30,4,0.3400,0.3500,0.3400
KXBTC15M-26MAY180230-30,5,0.2500,0.2700,0.2600
KXBTC15M-26MAY180200-00,3,0.5200,0.5300,0.5200
KXBTC15M-26MAY180200-00,4,0.5200,0.5400,0.5300
KXBTC15M-26MAY180200-00,5,0.5200,0.5200,0.5100
KXBTC15M-26MAY180845-45,3,0.8000,0.8200,0.8100
KXBTC15M-26MAY180845-45,4,0.8900,0.9000,0.8900
KXBTC15M-26MAY180845-45,5,0.9290,0.9290,0.9230
KXBTC15M-26MAY180115-15,3,0.3100,0.3100,0.3000
KXBTC15M-26MAY180115-15,4,0.4500,0.4700,0.4600
KXBTC15M-26MAY180115-15,5,0.3800,0.3800,0.3700
KXBTC15M-26MAY180145-45,3,0.4300,0.4300,0.4200
KXBTC15M-26MAY180145-45,4,0.3500,0.3600,0.3500
KXBTC15M-26MAY180145-45,5,0.2900,0.2800,0.2700
KXBTC15M-26MAY180130-30,3,0.2500,0.2600,0.2500
KXBTC15M-26MAY180130-30,4,0.3000,0.3100,0.3000
KXBTC15M-26MAY180130-30,5,0.3200,0.3300,0.3200
KXBTC15M-26MAY180030-30,3,0.2900,0.3000,0.2900
KXBTC15M-26MAY180030-30,4,0.2700,0.2700,0.2600
KXBTC15M-26MAY180030-30,5,0.1300,0.1400,0.1300
KXBTC15M-26MAY180300-00,3,0.8500,0.8600,0.8500
KXBTC15M-26MAY180300-00,4,0.8400,0.8400,0.8300
KXBTC15M-26MAY180300-00,5,0.8600,0.8700,0.8600
KXBTC15M-26MAY180000-00,3,0.3000,0.2900,0.2800
KXBTC15M-26MAY180000-00,4,0.4400,0.4400,0.4300
KXBTC15M-26MAY180000-00,5,0.3900,0.3900,0.3700
KXBTC15M-26MAY180015-15,3,0.4800,0.4800,0.4700
KXBTC15M-26MAY180015-15,4,0.4800,0.4800,0.4700
KXBTC15M-26MAY180015-15,5,0.5700,0.5800,0.5700
KXBTC15M-26MAY172315-15,3,0.8400,0.8500,0.8400
KXBTC15M-26MAY172315-15,4,0.8500,0.8700,0.8600
KXBTC15M-26MAY172315-15,5,0.9080,0.9080,0.9020
KXBTC15M-26MAY172345-45,3,0.1400,0.1400,0.1300
KXBTC15M-26MAY172345-45,4,0.2700,0.2600,0.2500
KXBTC15M-26MAY172345-45,5,0.1700,0.1700,0.1600
KXBTC15M-26MAY172245-45,3,0.5200,0.5100,0.5000
KXBTC15M-26MAY172245-45,4,0.3800,0.3800,0.3700
KXBTC15M-26MAY172245-45,5,0.1700,0.1700,0.1600
KXBTC15M-26MAY172230-30,3,0.2000,0.2100,0.2000
KXBTC15M-26MAY172230-30,4,0.2000,0.2000,0.1900
KXBTC15M-26MAY172230-30,5,0.1100,0.1100,0.1000
KXBTC15M-26MAY180045-45,3,0.5300,0.5400,0.5300
KXBTC15M-26MAY180045-45,4,0.6500,0.6500,0.6400
KXBTC15M-26MAY180045-45,5,0.7000,0.7200,0.7000
KXBTC15M-26MAY172200-00,3,0.7500,0.7600,0.7500
KXBTC15M-26MAY172200-00,4,0.6600,0.6600,0.6500
KXBTC15M-26MAY172200-00,5,0.8100,0.8200,0.8100
KXBTC15M-26MAY172215-15,3,0.6500,0.6600,0.6500
KXBTC15M-26MAY172215-15,4,0.6100,0.6300,0.6200
KXBTC15M-26MAY172215-15,5,0.4900,0.5000,0.4900
KXBTC15M-26MAY172130-30,3,0.2800,0.2800,0.2600
KXBTC15M-26MAY172130-30,4,0.2200,0.2200,0.2100
KXBTC15M-26MAY172130-30,5,0.1600,0.1700,0.1600
KXBTC15M-26MAY172145-45,3,0.4700,0.4800,0.4700
KXBTC15M-26MAY172145-45,4,0.2400,0.2400,0.2300
KXBTC15M-26MAY172145-45,5,0.5200,0.5200,0.5100
KXBTC15M-26MAY172030-30,3,0.6600,0.6700,0.6600
KXBTC15M-26MAY172030-30,4,0.5100,0.5100,0.5000
KXBTC15M-26MAY172030-30,5,0.6800,0.6900,0.6800
KXBTC15M-26MAY172115-15,3,0.4000,0.4000,0.3800
KXBTC15M-26MAY172115-15,4,0.4600,0.4700,0.4600
KXBTC15M-26MAY172115-15,5,0.4900,0.5100,0.4900
KXBTC15M-26MAY172015-15,3,0.2600,0.2600,0.2500
KXBTC15M-26MAY172015-15,4,0.2600,0.2700,0.2600
KXBTC15M-26MAY172015-15,5,0.0860,0.0870,0.0810
KXBTC15M-26MAY171945-45,3,0.6400,0.6500,0.6400
KXBTC15M-26MAY171945-45,4,0.6700,0.6900,0.6700
KXBTC15M-26MAY171945-45,5,0.3500,0.3500,0.3400
KXBTC15M-26MAY172000-00,3,0.5300,0.5400,0.5300
KXBTC15M-26MAY172000-00,4,0.5600,0.5700,0.5600
KXBTC15M-26MAY172000-00,5,0.6000,0.6300,0.6200
KXBTC15M-26MAY171930-30,3,0.4300,0.4400,0.4200
KXBTC15M-26MAY171930-30,4,0.4900,0.4900,0.4800
KXBTC15M-26MAY171930-30,5,0.4700,0.4700,0.4600
KXBTC15M-26MAY171900-00,3,0.3400,0.3400,0.3300
KXBTC15M-26MAY171900-00,4,0.3700,0.3800,0.3700
KXBTC15M-26MAY171900-00,5,0.1600,0.1600,0.1500
KXBTC15M-26MAY171845-45,3,0.7400,0.7400,0.7200
KXBTC15M-26MAY171845-45,4,0.8300,0.8300,0.8200
KXBTC15M-26MAY171845-45,5,0.8300,0.8500,0.8300
KXBTC15M-26MAY171745-45,3,0.4800,0.5000,0.4800
KXBTC15M-26MAY171745-45,4,0.7000,0.7000,0.6800
KXBTC15M-26MAY171745-45,5,0.6800,0.6800,0.6700
KXBTC15M-26MAY171830-30,3,0.2200,0.2200,0.2100
KXBTC15M-26MAY171830-30,4,0.2800,0.2800,0.2700
KXBTC15M-26MAY171830-30,5,0.3800,0.4000,0.3800
KXBTC15M-26MAY171715-15,3,0.2200,0.2200,0.2100
KXBTC15M-26MAY171715-15,4,0.3100,0.3000,0.2900
KXBTC15M-26MAY171715-15,5,0.2800,0.2700,0.2500
KXBTC15M-26MAY171730-30,3,0.3300,0.3400,0.3300
KXBTC15M-26MAY171730-30,4,0.5400,0.5500,0.5400
KXBTC15M-26MAY171730-30,5,0.7500,0.7500,0.7400
KXBTC15M-26MAY171700-00,3,0.4100,0.4200,0.4100
KXBTC15M-26MAY171700-00,4,0.3600,0.3800,0.3600
KXBTC15M-26MAY171700-00,5,0.4200,0.4200,0.4000
KXBTC15M-26MAY171915-15,3,0.5000,0.5100,0.5000
KXBTC15M-26MAY171915-15,4,0.3200,0.3200,0.3100
KXBTC15M-26MAY171915-15,5,0.2000,0.2000,0.1900
KXBTC15M-26MAY171545-45,3,0.5000,0.5000,0.4900
KXBTC15M-26MAY171545-45,4,0.3100,0.3200,0.3100
KXBTC15M-26MAY171545-45,5,0.3600,0.3700,0.3600
KXBTC15M-26MAY171530-30,3,0.5100,0.5200,0.5100
KXBTC15M-26MAY171530-30,4,0.4800,0.4800,0.4700
KXBTC15M-26MAY171530-30,5,0.4500,0.4500,0.4400
KXBTC15M-26MAY171515-15,3,0.4500,0.4600,0.4500
KXBTC15M-26MAY171515-15,4,0.6100,0.6200,0.6100
KXBTC15M-26MAY171515-15,5,0.5100,0.5200,0.5100
KXBTC15M-26MAY171800-00,3,0.5800,0.5900,0.5800
KXBTC15M-26MAY171800-00,4,0.4200,0.4300,0.4100
KXBTC15M-26MAY171800-00,5,0.5100,0.5100,0.5000
KXBTC15M-26MAY171430-30,3,0.1800,0.1800,0.1700
KXBTC15M-26MAY171430-30,4,0.0750,0.0750,0.0710
KXBTC15M-26MAY171430-30,5,0.0630,0.0620,0.0590
KXBTC15M-26MAY171415-15,3,0.8900,0.9000,0.8900
KXBTC15M-26MAY171415-15,4,0.9130,0.9140,0.9030
KXBTC15M-26MAY171415-15,5,0.9400,0.9360,0.9330
KXBTC15M-26MAY171500-00,3,0.5000,0.5200,0.5000
KXBTC15M-26MAY171500-00,4,0.6800,0.6800,0.6700
KXBTC15M-26MAY171500-00,5,0.7900,0.7900,0.7800
KXBTC15M-26MAY171630-30,3,0.2700,0.2700,0.2500
KXBTC15M-26MAY171630-30,4,0.1600,0.1600,0.1500
KXBTC15M-26MAY171630-30,5,0.0710,0.0710,0.0670
KXBTC15M-26MAY171400-00,3,0.5600,0.5700,0.5600
KXBTC15M-26MAY171400-00,4,0.6800,0.6800,0.6600
KXBTC15M-26MAY171400-00,5,0.6100,0.6200,0.6000
KXBTC15M-26MAY171615-15,3,0.4800,0.4900,0.4800
KXBTC15M-26MAY171615-15,4,0.4700,0.4700,0.4600
KXBTC15M-26MAY171615-15,5,0.4300,0.4200,0.4100
KXBTC15M-26MAY171300-00,3,0.1700,0.1700,0.1600
KXBTC15M-26MAY171300-00,4,0.1500,0.1500,0.1400
KXBTC15M-26MAY171300-00,5,0.0570,0.0570,0.0510
KXBTC15M-26MAY171230-30,3,0.7500,0.7500,0.7400
KXBTC15M-26MAY171230-30,4,0.5800,0.6000,0.5800
KXBTC15M-26MAY171230-30,5,0.7200,0.7300,0.7200
KXBTC15M-26MAY171330-30,3,0.3400,0.4300,0.4200
KXBTC15M-26MAY171330-30,4,0.6100,0.6200,0.6100
KXBTC15M-26MAY171330-30,5,0.8200,0.8300,0.8200
KXBTC15M-26MAY171145-45,3,0.7200,0.7300,0.7200
KXBTC15M-26MAY171145-45,4,0.8100,0.8100,0.8000
KXBTC15M-26MAY171145-45,5,0.8200,0.8200,0.8100
KXBTC15M-26MAY171200-00,3,0.7100,0.7200,0.7100
KXBTC15M-26MAY171200-00,4,0.6500,0.6600,0.6500
KXBTC15M-26MAY171200-00,5,0.6200,0.6200,0.6100
KXBTC15M-26MAY171115-15,3,0.4900,0.4900,0.4800
KXBTC15M-26MAY171115-15,4,0.6200,0.6300,0.6200
KXBTC15M-26MAY171115-15,5,0.6600,0.6800,0.6600
KXBTC15M-26MAY171345-45,3,0.4100,0.4100,0.4000
KXBTC15M-26MAY171345-45,4,0.7400,0.7500,0.7400
KXBTC15M-26MAY171345-45,5,0.5700,0.5700,0.5600
KXBTC15M-26MAY171045-45,3,0.2300,0.2300,0.2200
KXBTC15M-26MAY171045-45,4,0.2600,0.2600,0.2500
KXBTC15M-26MAY171045-45,5,0.1800,0.1800,0.1700
KXBTC15M-26MAY171015-15,3,0.3800,0.3800,0.3700
KXBTC15M-26MAY171015-15,4,0.2400,0.2500,0.2200
KXBTC15M-26MAY171015-15,5,0.1600,0.1700,0.1600
KXBTC15M-26MAY170945-45,3,0.4000,0.4000,0.3900
KXBTC15M-26MAY170945-45,4,0.5500,0.5500,0.5400
KXBTC15M-26MAY170945-45,5,0.7300,0.7400,0.7300
KXBTC15M-26MAY171600-00,3,0.7000,0.7200,0.7000
KXBTC15M-26MAY171600-00,4,0.7900,0.8000,0.7900
KXBTC15M-26MAY171600-00,5,0.8600,0.8700,0.8600
KXBTC15M-26MAY170915-15,3,0.2400,0.2400,0.2300
KXBTC15M-26MAY170915-15,4,0.2500,0.2600,0.2400
KXBTC15M-26MAY170915-15,5,0.4000,0.4100,0.4000
KXBTC15M-26MAY170930-30,3,0.3200,0.3200,0.3100
KXBTC15M-26MAY170930-30,4,0.3800,0.3900,0.3800
KXBTC15M-26MAY170930-30,5,0.2300,0.2400,0.2200
KXBTC15M-26MAY170845-45,3,0.4300,0.4600,0.4500
KXBTC15M-26MAY170845-45,4,0.7200,0.7200,0.7100
KXBTC15M-26MAY170845-45,5,0.8600,0.8800,0.8600
KXBTC15M-26MAY171445-45,3,0.6800,0.6900,0.6800
KXBTC15M-26MAY171445-45,4,0.4500,0.4500,0.4400
KXBTC15M-26MAY171445-45,5,0.6400,0.6400,0.6300
KXBTC15M-26MAY171100-00,3,0.7500,0.7700,0.7500
KXBTC15M-26MAY171100-00,4,0.7700,0.7700,0.7600
KXBTC15M-26MAY171100-00,5,0.7600,0.7700,0.7600
KXBTC15M-26MAY170800-00,3,0.4300,0.4300,0.4200
KXBTC15M-26MAY170800-00,4,0.4100,0.4200,0.4100
KXBTC15M-26MAY170800-00,5,0.5100,0.5200,0.5100
KXBTC15M-26MAY171030-30,3,0.1300,0.1400,0.1200
KXBTC15M-26MAY171030-30,4,0.1200,0.1200,0.1100
KXBTC15M-26MAY171030-30,5,0.0350,0.0350,0.0340
KXBTC15M-26MAY170730-30,3,0.2600,0.2600,0.2500
KXBTC15M-26MAY170730-30,4,0.2100,0.2200,0.2000
KXBTC15M-26MAY170730-30,5,0.1600,0.1600,0.1500
KXBTC15M-26MAY170745-45,3,0.7900,0.8000,0.7900
KXBTC15M-26MAY170745-45,4,0.7600,0.7600,0.7500
KXBTC15M-26MAY170745-45,5,0.6600,0.6600,0.6500
KXBTC15M-26MAY170645-45,3,0.1300,0.1300,0.1200
KXBTC15M-26MAY170645-45,4,0.1900,0.1900,0.1800
KXBTC15M-26MAY170645-45,5,0.2400,0.2400,0.2300
KXBTC15M-26MAY170900-00,3,0.3000,0.3000,0.2800
KXBTC15M-26MAY170900-00,4,0.1300,0.1400,0.1300
KXBTC15M-26MAY170900-00,5,0.1600,0.1700,0.1600
KXBTC15M-26MAY170600-00,3,0.6800,0.6800,0.6700
KXBTC15M-26MAY170600-00,4,0.7400,0.7500,0.7400
KXBTC15M-26MAY170600-00,5,0.8600,0.8600,0.8500
KXBTC15M-26MAY170830-30,3,0.5300,0.5300,0.5200
KXBTC15M-26MAY170830-30,4,0.1600,0.1600,0.1500
KXBTC15M-26MAY170830-30,5,0.1700,0.2000,0.1900
KXBTC15M-26MAY170815-15,3,0.6000,0.6100,0.6000
KXBTC15M-26MAY170815-15,4,0.3600,0.3600,0.3500
KXBTC15M-26MAY170815-15,5,0.5400,0.5400,0.5300
KXBTC15M-26MAY170515-15,3,0.7400,0.7500,0.7400
KXBTC15M-26MAY170515-15,4,0.3700,0.3700,0.3600
KXBTC15M-26MAY170515-15,5,0.5300,0.5400,0.5300
KXBTC15M-26MAY170500-00,3,0.5900,0.6100,0.5900
KXBTC15M-26MAY170500-00,4,0.6900,0.6900,0.6800
KXBTC15M-26MAY170500-00,5,0.7100,0.7100,0.7000
KXBTC15M-26MAY170445-45,3,0.4500,0.4600,0.4500
KXBTC15M-26MAY170445-45,4,0.5400,0.5400,0.5300
KXBTC15M-26MAY170445-45,5,0.6300,0.6500,0.6300
KXBTC15M-26MAY170715-15,3,0.1700,0.1900,0.1800
KXBTC15M-26MAY170715-15,4,0.2900,0.3000,0.2900
KXBTC15M-26MAY170715-15,5,0.2100,0.2200,0.2100
KXBTC15M-26MAY171000-00,3,0.6200,0.6300,0.6200
KXBTC15M-26MAY171000-00,4,0.5000,0.5100,0.5000
KXBTC15M-26MAY171000-00,5,0.6200,0.6200,0.6100
KXBTC15M-26MAY170430-30,3,0.1700,0.1700,0.1600
KXBTC15M-26MAY170430-30,4,0.1300,0.1400,0.1300
KXBTC15M-26MAY170430-30,5,0.1100,0.1200,0.1100
KXBTC15M-26MAY170345-45,3,0.8900,0.9000,0.8900
KXBTC15M-26MAY170345-45,4,0.9290,0.9290,0.9220
KXBTC15M-26MAY170345-45,5,0.8900,0.9040,0.8900
KXBTC15M-26MAY170400-00,3,0.6000,0.6100,0.6000
KXBTC15M-26MAY170400-00,4,0.7100,0.7200,0.7100
KXBTC15M-26MAY170400-00,5,0.6600,0.6700,0.6600
KXBTC15M-26MAY170530-30,3,0.4300,0.4400,0.4300
KXBTC15M-26MAY170530-30,4,0.6500,0.6600,0.6500
KXBTC15M-26MAY170530-30,5,0.5700,0.5500,0.5400
KXBTC15M-26MAY170300-00,3,0.6500,0.6600,0.6500
KXBTC15M-26MAY170300-00,4,0.6200,0.6200,0.6100
KXBTC15M-26MAY170300-00,5,0.7600,0.7700,0.7600
KXBTC15M-26MAY170230-30,3,0.2600,0.2600,0.2500
KXBTC15M-26MAY170230-30,4,0.4100,0.4200,0.4100
KXBTC15M-26MAY170230-30,5,0.0980,0.0980,0.0920
KXBTC15M-26MAY170315-15,3,0.4500,0.4500,0.4400
KXBTC15M-26MAY170315-15,4,0.3700,0.3700,0.3600
KXBTC15M-26MAY170315-15,5,0.3000,0.3000,0.2900
KXBTC15M-26MAY170130-30,3,0.2100,0.2200,0.2100
KXBTC15M-26MAY170130-30,4,0.1500,0.1400,0.1300
KXBTC15M-26MAY170130-30,5,0.1300,0.1400,0.1300
KXBTC15M-26MAY170115-15,3,0.6200,0.6300,0.6200
KXBTC15M-26MAY170115-15,4,0.6100,0.6200,0.6100
KXBTC15M-26MAY170115-15,5,0.8200,0.8300,0.8200
KXBTC15M-26MAY170700-00,3,0.3800,0.3800,0.3700
KXBTC15M-26MAY170700-00,4,0.5200,0.5200,0.5100
KXBTC15M-26MAY170700-00,5,0.4000,0.4000,0.3900
KXBTC15M-26MAY170100-00,3,0.4800,0.4900,0.4800
KXBTC15M-26MAY170100-00,4,0.3900,0.3800,0.3700
KXBTC15M-26MAY170100-00,5,0.5600,0.5700,0.5600
KXBTC15M-26MAY170015-15,3,0.5900,0.6000,0.5900
KXBTC15M-26MAY170015-15,4,0.6300,0.6400,0.6300
KXBTC15M-26MAY170015-15,5,0.7200,0.7300,0.7200
KXBTC15M-26MAY170330-30,3,0.2000,0.2100,0.2000
KXBTC15M-26MAY170330-30,4,0.1500,0.1500,0.1400
KXBTC15M-26MAY170330-30,5,0.2000,0.2200,0.2000
KXBTC15M-26MAY170045-45,3,0.2900,0.2900,0.2800
KXBTC15M-26MAY170045-45,4,0.4200,0.4200,0.4100
KXBTC15M-26MAY170045-45,5,0.7500,0.7400,0.7300
KXBTC15M-26MAY170245-45,3,0.6700,0.6800,0.6700
KXBTC15M-26MAY170245-45,4,0.7300,0.7400,0.7300
KXBTC15M-26MAY170245-45,5,0.8500,0.8500,0.8400
KXBTC15M-26MAY162315-15,3,0.8300,0.8400,0.8300
KXBTC15M-26MAY162315-15,4,0.8500,0.8600,0.8500
KXBTC15M-26MAY162315-15,5,0.8600,0.8700,0.8500
KXBTC15M-26MAY170145-45,3,0.4300,0.4300,0.4200
KXBTC15M-26MAY170145-45,4,0.4400,0.4400,0.4300
KXBTC15M-26MAY170145-45,5,0.4000,0.4200,0.4000
KXBTC15M-26MAY162330-30,3,0.8100,0.8200,0.8100
KXBTC15M-26MAY162330-30,4,0.6200,0.6200,0.6100
KXBTC15M-26MAY162330-30,5,0.6400,0.6400,0.6300
KXBTC15M-26MAY162300-00,3,0.4600,0.4500,0.4400
KXBTC15M-26MAY162300-00,4,0.3600,0.3600,0.3500
KXBTC15M-26MAY162300-00,5,0.3100,0.3100,0.3000
KXBTC15M-26MAY162215-15,3,0.7100,0.7200,0.7100
KXBTC15M-26MAY162215-15,4,0.7900,0.8000,0.7900
KXBTC15M-26MAY162215-15,5,0.8100,0.8200,0.8100
KXBTC15M-26MAY162230-30,3,0.5800,0.5800,0.5700
KXBTC15M-26MAY162230-30,4,0.7400,0.7400,0.7300
KXBTC15M-26MAY162230-30,5,0.7400,0.7500,0.7400
KXBTC15M-26MAY162145-45,3,0.5500,0.5600,0.5500
KXBTC15M-26MAY162145-45,4,0.4800,0.4800,0.4700
KXBTC15M-26MAY162145-45,5,0.1300,0.1400,0.1300
KXBTC15M-26MAY170000-00,3,0.4700,0.4700,0.4600
KXBTC15M-26MAY170000-00,4,0.6200,0.6300,0.6200
KXBTC15M-26MAY170000-00,5,0.7200,0.7300,0.7200
KXBTC15M-26MAY162130-30,3,0.3100,0.3100,0.3000
KXBTC15M-26MAY162130-30,4,0.3400,0.3400,0.3300
KXBTC15M-26MAY162130-30,5,0.2800,0.2800,0.2700
KXBTC15M-26MAY162100-00,3,0.2100,0.2100,0.2000
KXBTC15M-26MAY162100-00,4,0.2600,0.2600,0.2500
KXBTC15M-26MAY162100-00,5,0.3500,0.3600,0.3300
KXBTC15M-26MAY162045-45,3,0.7000,0.7100,0.7000
KXBTC15M-26MAY162045-45,4,0.8000,0.8100,0.8000
KXBTC15M-26MAY162045-45,5,0.9390,0.9400,0.9390
KXBTC15M-26MAY162030-30,3,0.5700,0.5700,0.5600
KXBTC15M-26MAY162030-30,4,0.5200,0.5200,0.5000
KXBTC15M-26MAY162030-30,5,0.3700,0.3800,0.3700
KXBTC15M-26MAY162000-00,3,0.3200,0.3200,0.3100
KXBTC15M-26MAY162000-00,4,0.2300,0.2400,0.2300
KXBTC15M-26MAY162000-00,5,0.0580,0.0580,0.0540
KXBTC15M-26MAY161915-15,3,0.4900,0.5000,0.4900
KXBTC15M-26MAY161915-15,4,0.3700,0.3800,0.3700
KXBTC15M-26MAY161915-15,5,0.5600,0.5900,0.5300
KXBTC15M-26MAY162015-15,3,0.8700,0.8700,0.8600
KXBTC15M-26MAY162015-15,4,0.8600,0.8900,0.8700
KXBTC15M-26MAY162015-15,5,0.8900,0.8900,0.8800
KXBTC15M-26MAY170030-30,3,0.7300,0.7300,0.7200
KXBTC15M-26MAY170030-30,4,0.7100,0.7300,0.7100
KXBTC15M-26MAY170030-30,5,0.6900,0.7000,0.6900
KXBTC15M-26MAY161900-00,3,0.3800,0.3800,0.3700
KXBTC15M-26MAY161900-00,4,0.4100,0.4100,0.4000
KXBTC15M-26MAY161900-00,5,0.5000,0.5000,0.4900
KXBTC15M-26MAY161815-15,3,0.1900,0.1900,0.1800
KXBTC15M-26MAY161815-15,4,0.1100,0.1200,0.1100
KXBTC15M-26MAY161815-15,5,0.0790,0.0790,0.0750
KXBTC15M-26MAY162345-45,3,0.7000,0.7000,0.6900
KXBTC15M-26MAY162345-45,4,0.7800,0.7900,0.7800
KXBTC15M-26MAY162345-45,5,0.7800,0.7900,0.7800
KXBTC15M-26MAY161730-30,3,0.5900,0.5900,0.5800
KXBTC15M-26MAY161730-30,4,0.4300,0.4300,0.4200
KXBTC15M-26MAY161730-30,5,0.6700,0.6700,0.6600
KXBTC15M-26MAY161800-00,3,0.6000,0.6100,0.6000
KXBTC15M-26MAY161800-00,4,0.5400,0.5400,0.5300
KXBTC15M-26MAY161800-00,5,0.6200,0.6200,0.6100
KXBTC15M-26MAY161745-45,3,0.5100,0.5200,0.5100
KXBTC15M-26MAY161745-45,4,0.5500,0.5500,0.5400
KXBTC15M-26MAY161745-45,5,0.3600,0.3600,0.3500
KXBTC15M-26MAY161715-15,3,0.6200,0.6300,0.6200
KXBTC15M-26MAY161715-15,4,0.6500,0.6500,0.6400
KXBTC15M-26MAY161715-15,5,0.7300,0.7400,0.7300
KXBTC15M-26MAY161700-00,3,0.5300,0.5300,0.5200
KXBTC15M-26MAY161700-00,4,0.6400,0.6500,0.6400
KXBTC15M-26MAY161700-00,5,0.6400,0.6500,0.6300
KXBTC15M-26MAY162200-00,3,0.7500,0.7600,0.7500
KXBTC15M-26MAY162200-00,4,0.7000,0.7100,0.7000
KXBTC15M-26MAY162200-00,5,0.8800,0.9000,0.8800
KXBTC15M-26MAY161830-30,3,0.6500,0.6500,0.6400
KXBTC15M-26MAY161830-30,4,0.5800,0.5900,0.5800
KXBTC15M-26MAY161830-30,5,0.8200,0.8300,0.8200
KXBTC15M-26MAY161615-15,3,0.4900,0.4900,0.4800
KXBTC15M-26MAY161615-15,4,0.6900,0.6900,0.6700
KXBTC15M-26MAY161615-15,5,0.6400,0.6500,0.6400
KXBTC15M-26MAY162115-15,3,0.5900,0.6000,0.5900
KXBTC15M-26MAY162115-15,4,0.8500,0.8500,0.8400
KXBTC15M-26MAY162115-15,5,0.8900,0.8800,0.8700
KXBTC15M-26MAY161445-45,3,0.7800,0.7900,0.7800
KXBTC15M-26MAY161445-45,4,0.8000,0.8100,0.8000
KXBTC15M-26MAY161445-45,5,0.8300,0.8300,0.8200
KXBTC15M-26MAY161530-30,3,0.4600,0.4700,0.4600
KXBTC15M-26MAY161530-30,4,0.5800,0.5900,0.5800
KXBTC15M-26MAY161530-30,5,0.6200,0.6200,0.6100
KXBTC15M-26MAY161415-15,3,0.6900,0.6800,0.6700
KXBTC15M-26MAY161415-15,4,0.4000,0.4100,0.4000
KXBTC15M-26MAY161415-15,5,0.5400,0.5500,0.5400
KXBTC15M-26MAY161645-45,3,0.1500,0.1500,0.1400
KXBTC15M-26MAY161645-45,4,0.1400,0.1700,0.1400
KXBTC15M-26MAY161645-45,5,0.2300,0.2400,0.2300
KXBTC15M-26MAY161945-45,3,0.6700,0.6800,0.6700
KXBTC15M-26MAY161945-45,4,0.4700,0.4700,0.4600
KXBTC15M-26MAY161945-45,5,0.7600,0.7700,0.7500
KXBTC15M-26MAY161400-00,3,0.4900,0.5000,0.4900
KXBTC15M-26MAY161400-00,4,0.5000,0.5000,0.4900
KXBTC15M-26MAY161400-00,5,0.6200,0.6200,0.6100
KXBTC15M-26MAY161845-45,3,0.2600,0.2600,0.2500
KXBTC15M-26MAY161845-45,4,0.3000,0.3000,0.2900
KXBTC15M-26MAY161845-45,5,0.2500,0.2500,0.2400
KXBTC15M-26MAY161515-15,3,0.4800,0.4800,0.4700
KXBTC15M-26MAY161515-15,4,0.5800,0.5800,0.5600
KXBTC15M-26MAY161515-15,5,0.6300,0.6400,0.6300
KXBTC15M-26MAY161330-30,3,0.5400,0.5400,0.5200
KXBTC15M-26MAY161330-30,4,0.7700,0.7800,0.7700
KXBTC15M-26MAY161330-30,5,0.6200,0.6300,0.6200
KXBTC15M-26MAY161300-00,3,0.8500,0.8600,0.8400
KXBTC15M-26MAY161300-00,4,0.8300,0.8500,0.8300
KXBTC15M-26MAY161300-00,5,0.6100,0.6000,0.5900
KXBTC15M-26MAY161200-00,3,0.8300,0.8400,0.8300
KXBTC15M-26MAY161200-00,4,0.7700,0.7900,0.7800
KXBTC15M-26MAY161200-00,5,0.6600,0.6800,0.6600
KXBTC15M-26MAY161500-00,3,0.5600,0.5700,0.5600
KXBTC15M-26MAY161500-00,4,0.3100,0.3200,0.3100
KXBTC15M-26MAY161500-00,5,0.5300,0.5400,0.5300
KXBTC15M-26MAY161145-45,3,0.7700,0.7800,0.7700
KXBTC15M-26MAY161145-45,4,0.7600,0.7700,0.7600
KXBTC15M-26MAY161145-45,5,0.7900,0.8000,0.7900
KXBTC15M-26MAY161345-45,3,0.3800,0.3800,0.3700
KXBTC15M-26MAY161345-45,4,0.6700,0.6800,0.6700
KXBTC15M-26MAY161345-45,5,0.7200,0.7300,0.7200
KXBTC15M-26MAY161115-15,3,0.8600,0.8700,0.8600
KXBTC15M-26MAY161115-15,4,0.8700,0.8800,0.8700
KXBTC15M-26MAY161115-15,5,0.5800,0.5800,0.5600
KXBTC15M-26MAY161630-30,3,0.5500,0.5500,0.5300
KXBTC15M-26MAY161630-30,4,0.7100,0.7300,0.7100
KXBTC15M-26MAY161630-30,5,0.6500,0.6500,0.6400
KXBTC15M-26MAY161315-15,3,0.8800,0.8900,0.8800
KXBTC15M-26MAY161315-15,4,0.9050,0.9050,0.9040
KXBTC15M-26MAY161315-15,5,0.9500,0.9510,0.9500
KXBTC15M-26MAY161015-15,3,0.2300,0.2400,0.2300
KXBTC15M-26MAY161015-15,4,0.1200,0.1300,0.1200
KXBTC15M-26MAY161015-15,5,0.1100,0.1100,0.0970
KXBTC15M-26MAY161215-15,3,0.8700,0.8800,0.8700
KXBTC15M-26MAY161215-15,4,0.9000,0.9000,0.8900
KXBTC15M-26MAY161215-15,5,0.7400,0.7500,0.7400
KXBTC15M-26MAY161430-30,3,0.3200,0.3200,0.3100
KXBTC15M-26MAY161430-30,4,0.3100,0.3100,0.3000
KXBTC15M-26MAY161430-30,5,0.3100,0.3100,0.3000
KXBTC15M-26MAY160945-45,3,0.4000,0.4100,0.4000
KXBTC15M-26MAY160945-45,4,0.2600,0.2600,0.2500
KXBTC15M-26MAY160945-45,5,0.2500,0.2500,0.2400
KXBTC15M-26MAY160915-15,3,0.2400,0.2400,0.2300
KXBTC15M-26MAY160915-15,4,0.2700,0.2700,0.2600
KXBTC15M-26MAY160915-15,5,0.2600,0.2700,0.2600
KXBTC15M-26MAY160900-00,3,0.7700,0.7700,0.7600
KXBTC15M-26MAY160900-00,4,0.4000,0.4000,0.3900
KXBTC15M-26MAY160900-00,5,0.6400,0.6400,0.6300
KXBTC15M-26MAY161045-45,3,0.9200,0.9210,0.9200
KXBTC15M-26MAY161045-45,4,0.9320,0.9400,0.9350
KXBTC15M-26MAY161045-45,5,0.9220,0.9310,0.9240
KXBTC15M-26MAY161100-00,3,0.3600,0.3600,0.3500
KXBTC15M-26MAY161100-00,4,0.3000,0.3100,0.3000
KXBTC15M-26MAY161100-00,5,0.1800,0.1800,0.1700
KXBTC15M-26MAY160815-15,3,0.6200,0.6300,0.6200
KXBTC15M-26MAY160815-15,4,0.5900,0.5900,0.5800
KXBTC15M-26MAY160815-15,5,0.6200,0.6100,0.5900
KXBTC15M-26MAY160800-00,3,0.3000,0.3100,0.3000
KXBTC15M-26MAY160800-00,4,0.1700,0.1800,0.1700
KXBTC15M-26MAY160800-00,5,0.1400,0.1400,0.1300
KXBTC15M-26MAY161245-45,3,0.3700,0.3800,0.3700
KXBTC15M-26MAY161245-45,4,0.6900,0.7200,0.7100
KXBTC15M-26MAY161245-45,5,0.3200,0.3200,0.3100
KXBTC15M-26MAY161230-30,3,0.8400,0.8300,0.8200
KXBTC15M-26MAY161230-30,4,0.8800,0.9000,0.8800
KXBTC15M-26MAY161230-30,5,0.7600,0.7700,0.7600
KXBTC15M-26MAY161000-00,3,0.5600,0.5600,0.5500
KXBTC15M-26MAY161000-00,4,0.6300,0.6400,0.6300
KXBTC15M-26MAY161000-00,5,0.6700,0.6700,0.6600
KXBTC15M-26MAY160730-30,3,0.7700,0.7800,0.7700
KXBTC15M-26MAY160730-30,4,0.7600,0.7600,0.7500
KXBTC15M-26MAY160730-30,5,0.7500,0.7500,0.7300
KXBTC15M-26MAY160715-15,3,0.8200,0.8300,0.8200
KXBTC15M-26MAY160715-15,4,0.8900,0.8900,0.8800
KXBTC15M-26MAY160715-15,5,0.8700,0.8900,0.8600
KXBTC15M-26MAY160845-45,3,0.9160,0.9230,0.9180
KXBTC15M-26MAY160845-45,4,0.9400,0.9420,0.9360
KXBTC15M-26MAY160845-45,5,0.9320,0.9350,0.9330
KXBTC15M-26MAY160645-45,3,0.9200,0.9240,0.9210
KXBTC15M-26MAY160645-45,4,0.9170,0.9140,0.9110
KXBTC15M-26MAY160645-45,5,0.9620,0.9530,0.9520
KXBTC15M-26MAY160630-30,3,0.3900,0.4100,0.3900
KXBTC15M-26MAY160630-30,4,0.4700,0.4800,0.4700
KXBTC15M-26MAY160630-30,5,0.4200,0.4400,0.4200
KXBTC15M-26MAY160545-45,3,0.7300,0.7400,0.7300
KXBTC15M-26MAY160545-45,4,0.8600,0.8800,0.8700
KXBTC15M-26MAY160545-45,5,0.9340,0.9400,0.9340
KXBTC15M-26MAY160600-00,3,0.5800,0.5800,0.5500
KXBTC15M-26MAY160600-00,4,0.2400,0.2500,0.2400
KXBTC15M-26MAY160600-00,5,0.3100,0.3300,0.3200
KXBTC15M-26MAY160500-00,3,0.1000,0.1100,0.1000
KXBTC15M-26MAY160500-00,4,0.1200,0.1200,0.1100
KXBTC15M-26MAY160500-00,5,0.0620,0.0680,0.0630
KXBTC15M-26MAY160415-15,3,0.5500,0.5500,0.5400
KXBTC15M-26MAY160415-15,4,0.5600,0.5600,0.5500
KXBTC15M-26MAY160415-15,5,0.4500,0.4500,0.4400
KXBTC15M-26MAY160400-00,3,0.1700,0.1700,0.1600
KXBTC15M-26MAY160400-00,4,0.1200,0.1300,0.1200
KXBTC15M-26MAY160400-00,5,0.0770,0.0790,0.0770
KXBTC15M-26MAY160345-45,3,0.5800,0.5800,0.5700
KXBTC15M-26MAY160345-45,4,0.4700,0.4700,0.4600
KXBTC15M-26MAY160345-45,5,0.4200,0.4300,0.4200
KXBTC15M-26MAY160615-15,3,0.1700,0.1700,0.1600
KXBTC15M-26MAY160615-15,4,0.1400,0.1500,0.1400
KXBTC15M-26MAY160615-15,5,0.1300,0.1300,0.1200
KXBTC15M-26MAY160330-30,3,0.7200,0.7300,0.7200
KXBTC15M-26MAY160330-30,4,0.6800,0.6900,0.6800
KXBTC15M-26MAY160330-30,5,0.7600,0.7600,0.7500
KXBTC15M-26MAY160315-15,3,0.3200,0.3200,0.3100
KXBTC15M-26MAY160315-15,4,0.4700,0.4800,0.4600
KXBTC15M-26MAY160315-15,5,0.2200,0.2200,0.2100
KXBTC15M-26MAY160430-30,3,0.5000,0.5000,0.4900
KXBTC15M-26MAY160430-30,4,0.5200,0.5300,0.5200
KXBTC15M-26MAY160430-30,5,0.1600,0.1600,0.1500
KXBTC15M-26MAY160300-00,3,0.4200,0.4200,0.4100
KXBTC15M-26MAY160300-00,4,0.0670,0.0760,0.0720
KXBTC15M-26MAY160300-00,5,0.0810,0.0900,0.0810
KXBTC15M-26MAY160445-45,3,0.7800,0.7800,0.7700
KXBTC15M-26MAY160445-45,4,0.7500,0.7600,0.7500
KXBTC15M-26MAY160445-45,5,0.6900,0.7000,0.6800
KXBTC15M-26MAY160200-00,3,0.2400,0.2400,0.2300
KXBTC15M-26MAY160200-00,4,0.3100,0.3100,0.3000
KXBTC15M-26MAY160200-00,5,0.3400,0.3600,0.3400
KXBTC15M-26MAY160130-30,3,0.5100,0.5200,0.5100
KXBTC15M-26MAY160130-30,4,0.6000,0.6000,0.5900
KXBTC15M-26MAY160130-30,5,0.5500,0.5600,0.5500
KXBTC15M-26MAY160115-15,3,0.3500,0.3600,0.3500
KXBTC15M-26MAY160115-15,4,0.3000,0.3000,0.2800
KXBTC15M-26MAY160115-15,5,0.3600,0.3700,0.3600
KXBTC15M-26MAY160045-45,3,0.1200,0.1200,0.1100
KXBTC15M-26MAY160045-45,4,0.1100,0.1300,0.1100
KXBTC15M-26MAY160045-45,5,0.1800,0.1900,0.1800
KXBTC15M-26MAY160145-45,3,0.3000,0.3100,0.3000
KXBTC15M-26MAY160145-45,4,0.2100,0.2300,0.2100
KXBTC15M-26MAY160145-45,5,0.2400,0.2600,0.2400
KXBTC15M-26MAY160100-00,3,0.5900,0.6000,0.5800
KXBTC15M-26MAY160100-00,4,0.4800,0.4900,0.4700
KXBTC15M-26MAY160100-00,5,0.4600,0.4600,0.4500
KXBTC15M-26MAY160000-00,3,0.5000,0.5000,0.4900
KXBTC15M-26MAY160000-00,4,0.5000,0.5100,0.5000
KXBTC15M-26MAY160000-00,5,0.3000,0.3000,0.2900
KXBTC15M-26MAY160515-15,3,0.2700,0.2700,0.2600
KXBTC15M-26MAY160515-15,4,0.4800,0.4700,0.4600
KXBTC15M-26MAY160515-15,5,0.3600,0.3600,0.3500
KXBTC15M-26MAY152345-45,3,0.2600,0.2600,0.2500
KXBTC15M-26MAY152345-45,4,0.2700,0.2700,0.2600
KXBTC15M-26MAY152345-45,5,0.1200,0.1200,0.1100
KXBTC15M-26MAY160215-15,3,0.6900,0.7000,0.6900
KXBTC15M-26MAY160215-15,4,0.6900,0.6800,0.6700
KXBTC15M-26MAY160215-15,5,0.7300,0.7300,0.7200
KXBTC15M-26MAY152330-30,3,0.4200,0.4300,0.4200
KXBTC15M-26MAY152330-30,4,0.3900,0.4000,0.3900
KXBTC15M-26MAY152330-30,5,0.3300,0.3400,0.3300
KXBTC15M-26MAY152215-15,3,0.2000,0.2000,0.1900
KXBTC15M-26MAY152215-15,4,0.6200,0.6300,0.6200
KXBTC15M-26MAY152215-15,5,0.5000,0.5100,0.5000
KXBTC15M-26MAY152200-00,3,0.8400,0.8500,0.8400
KXBTC15M-26MAY152200-00,4,0.7700,0.7600,0.7500
KXBTC15M-26MAY152200-00,5,0.8600,0.8600,0.8500
KXBTC15M-26MAY152245-45,3,0.3200,0.3300,0.3200
KXBTC15M-26MAY152245-45,4,0.1300,0.1500,0.1300
KXBTC15M-26MAY152245-45,5,0.1500,0.1600,0.1500
KXBTC15M-26MAY160030-30,3,0.5300,0.5300,0.5200
KXBTC15M-26MAY160030-30,4,0.4400,0.4400,0.4300
KXBTC15M-26MAY160030-30,5,0.5200,0.5200,0.5100
KXBTC15M-26MAY152145-45,3,0.3900,0.3900,0.3800
KXBTC15M-26MAY152145-45,4,0.5500,0.5600,0.5400
KXBTC15M-26MAY152145-45,5,0.5200,0.5300,0.5200
KXBTC15M-26MAY152045-45,3,0.5600,0.5700,0.5600
KXBTC15M-26MAY152045-45,4,0.4200,0.4300,0.4200
KXBTC15M-26MAY152045-45,5,0.3200,0.3400,0.3200
KXBTC15M-26MAY152315-15,3,0.6800,0.6800,0.6700
KXBTC15M-26MAY152315-15,4,0.7200,0.7300,0.7200
KXBTC15M-26MAY152315-15,5,0.7900,0.8000,0.7900
KXBTC15M-26MAY152300-00,3,0.4500,0.4600,0.4500
KXBTC15M-26MAY152300-00,4,0.4300,0.4300,0.4200
KXBTC15M-26MAY152300-00,5,0.4900,0.5000,0.4900
KXBTC15M-26MAY152000-00,3,0.3400,0.3500,0.3400
KXBTC15M-26MAY152000-00,4,0.4200,0.4300,0.4200
KXBTC15M-26MAY152000-00,5,0.4200,0.4300,0.4200
KXBTC15M-26MAY152030-30,3,0.3700,0.3700,0.3600
KXBTC15M-26MAY152030-30,4,0.3600,0.3700,0.3600
KXBTC15M-26MAY152030-30,5,0.4900,0.5000,0.4900
KXBTC15M-26MAY151945-45,3,0.5600,0.5600,0.5500
KXBTC15M-26MAY151945-45,4,0.7100,0.7100,0.7000
KXBTC15M-26MAY151945-45,5,0.4700,0.4700,0.4600
KXBTC15M-26MAY151845-45,3,0.6200,0.6300,0.6200
KXBTC15M-26MAY151845-45,4,0.7100,0.7200,0.7100
KXBTC15M-26MAY151845-45,5,0.5600,0.5600,0.5400
KXBTC15M-26MAY151915-15,3,0.7200,0.7300,0.7200
KXBTC15M-26MAY151915-15,4,0.4700,0.4800,0.4700
KXBTC15M-26MAY151915-15,5,0.5500,0.5500,0.5400
KXBTC15M-26MAY151930-30,3,0.5800,0.5900,0.5800
KXBTC15M-26MAY151930-30,4,0.4800,0.4800,0.4600
KXBTC15M-26MAY151930-30,5,0.4300,0.4300,0.4200
KXBTC15M-26MAY160015-15,3,0.5000,0.5100,0.5000
KXBTC15M-26MAY160015-15,4,0.6200,0.6300,0.6200
KXBTC15M-26MAY160015-15,5,0.5300,0.5400,0.5300
KXBTC15M-26MAY151800-00,3,0.3100,0.3100,0.3000
KXBTC15M-26MAY151800-00,4,0.2100,0.2100,0.2000
KXBTC15M-26MAY151800-00,5,0.3100,0.3100,0.3000
KXBTC15M-26MAY151815-15,3,0.8200,0.8200,0.8100
KXBTC15M-26MAY151815-15,4,0.8000,0.8100,0.8000
KXBTC15M-26MAY151815-15,5,0.8200,0.8200,0.8100
KXBTC15M-26MAY151730-30,3,0.5600,0.5700,0.5500
KXBTC15M-26MAY151730-30,4,0.5800,0.5800,0.5500
KXBTC15M-26MAY151730-30,5,0.2200,0.2200,0.2100
KXBTC15M-26MAY151715-15,3,0.6200,0.6300,0.6200
KXBTC15M-26MAY151715-15,4,0.5000,0.5000,0.4900
KXBTC15M-26MAY151715-15,5,0.4900,0.4900,0.4800
KXBTC15M-26MAY151645-45,3,0.5600,0.5800,0.5600
KXBTC15M-26MAY151645-45,4,0.5800,0.5800,0.5700
KXBTC15M-26MAY151645-45,5,0.4200,0.4200,0.4100
KXBTC15M-26MAY151900-00,3,0.4700,0.4800,0.4700
KXBTC15M-26MAY151900-00,4,0.3200,0.3100,0.3000
KXBTC15M-26MAY151900-00,5,0.2400,0.2500,0.2400
KXBTC15M-26MAY151615-15,3,0.7300,0.7400,0.7300
KXBTC15M-26MAY151615-15,4,0.7100,0.7100,0.7000
KXBTC15M-26MAY151615-15,5,0.3400,0.3700,0.3600
KXBTC15M-26MAY151630-30,3,0.5600,0.5700,0.5600
KXBTC15M-26MAY151630-30,4,0.5100,0.5100,0.5000
KXBTC15M-26MAY151630-30,5,0.2600,0.2600,0.2500
KXBTC15M-26MAY152130-30,3,0.4400,0.4500,0.4400
KXBTC15M-26MAY152130-30,4,0.4800,0.4900,0.4700
KXBTC15M-26MAY152130-30,5,0.7400,0.7500,0.7400
KXBTC15M-26MAY152100-00,3,0.6100,0.6100,0.5900
KXBTC15M-26MAY152100-00,4,0.4400,0.4500,0.4300
KXBTC15M-26MAY152100-00,5,0.2500,0.2500,0.2400
KXBTC15M-26MAY151530-30,3,0.5700,0.6000,0.5900
KXBTC15M-26MAY151530-30,4,0.5800,0.6000,0.5800
KXBTC15M-26MAY151530-30,5,0.6000,0.6000,0.5800
KXBTC15M-26MAY152015-15,3,0.3700,0.3800,0.3700
KXBTC15M-26MAY152015-15,4,0.6400,0.6500,0.6400
KXBTC15M-26MAY152015-15,5,0.6500,0.6500,0.6400
KXBTC15M-26MAY151500-00,3,0.3700,0.3700,0.3600
KXBTC15M-26MAY151500-00,4,0.4800,0.4900,0.4800
KXBTC15M-26MAY151500-00,5,0.5000,0.5100,0.5000
KXBTC15M-26MAY151430-30,3,0.0900,0.0900,0.0860
KXBTC15M-26MAY151430-30,4,0.0740,0.0770,0.0710
KXBTC15M-26MAY151430-30,5,0.0690,0.0690,0.0670
KXBTC15M-26MAY151400-00,3,0.3800,0.3800,0.3600
KXBTC15M-26MAY151400-00,4,0.5500,0.5600,0.5500
KXBTC15M-26MAY151400-00,5,0.5700,0.5800,0.5700
KXBTC15M-26MAY151345-45,3,0.7100,0.7200,0.7100
KXBTC15M-26MAY151345-45,4,0.6800,0.7000,0.6900
KXBTC15M-26MAY151345-45,5,0.7000,0.7100,0.7000
KXBTC15M-26MAY151830-30,3,0.4500,0.4500,0.4400
KXBTC15M-26MAY151830-30,4,0.3500,0.3700,0.3600
KXBTC15M-26MAY151830-30,5,0.2500,0.2600,0.2500
KXBTC15M-26MAY151330-30,3,0.5600,0.5700,0.5600
KXBTC15M-26MAY151330-30,4,0.6500,0.6500,0.6400
KXBTC15M-26MAY151330-30,5,0.6400,0.6400,0.6300
KXBTC15M-26MAY151445-45,3,0.2800,0.2900,0.2800
KXBTC15M-26MAY151445-45,4,0.3600,0.3700,0.3600
KXBTC15M-26MAY151445-45,5,0.3400,0.3500,0.3400
KXBTC15M-26MAY151215-15,3,0.4500,0.4600,0.4500
KXBTC15M-26MAY151215-15,4,0.6000,0.6100,0.6000
KXBTC15M-26MAY151215-15,5,0.7000,0.7100,0.7000
KXBTC15M-26MAY151415-15,3,0.8700,0.8800,0.8600
KXBTC15M-26MAY151415-15,4,0.8100,0.8100,0.8000
KXBTC15M-26MAY151415-15,5,0.7100,0.7200,0.7100
KXBTC15M-26MAY151245-45,3,0.5300,0.5400,0.5300
KXBTC15M-26MAY151245-45,4,0.6600,0.6600,0.6500
KXBTC15M-26MAY151245-45,5,0.5900,0.6000,0.5900
KXBTC15M-26MAY151700-00,3,0.1600,0.1600,0.1500
KXBTC15M-26MAY151700-00,4,0.3300,0.3300,0.3200
KXBTC15M-26MAY151700-00,5,0.3300,0.3400,0.3300
KXBTC15M-26MAY151115-15,3,0.3600,0.3600,0.3500
KXBTC15M-26MAY151115-15,4,0.3300,0.3400,0.3300
KXBTC15M-26MAY151115-15,5,0.4100,0.4100,0.4000
KXBTC15M-26MAY151130-30,3,0.4600,0.4700,0.4600
KXBTC15M-26MAY151130-30,4,0.5900,0.6000,0.5900
KXBTC15M-26MAY151130-30,5,0.7200,0.7300,0.7200
KXBTC15M-26MAY151300-00,3,0.5500,0.5600,0.5500
KXBTC15M-26MAY151300-00,4,0.5000,0.5000,0.4900
KXBTC15M-26MAY151300-00,5,0.5300,0.5400,0.5300
KXBTC15M-26MAY151315-15,3,0.3500,0.3600,0.3500
KXBTC15M-26MAY151315-15,4,0.4000,0.4100,0.4000
KXBTC15M-26MAY151315-15,5,0.4200,0.4400,0.4300
KXBTC15M-26MAY151030-30,3,0.6200,0.6200,0.6100
KXBTC15M-26MAY151030-30,4,0.4600,0.4700,0.4600
KXBTC15M-26MAY151030-30,5,0.4800,0.5000,0.4900
KXBTC15M-26MAY151015-15,3,0.6300,0.6400,0.6300
KXBTC15M-26MAY151015-15,4,0.7200,0.7200,0.7100
KXBTC15M-26MAY151015-15,5,0.7200,0.7300,0.7200
KXBTC15M-26MAY151200-00,3,0.6900,0.7000,0.6900
KXBTC15M-26MAY151200-00,4,0.6000,0.6100,0.6000
KXBTC15M-26MAY151200-00,5,0.7600,0.7800,0.7600
KXBTC15M-26MAY150915-15,3,0.0510,0.0510,0.0500
KXBTC15M-26MAY150915-15,4,0.0410,0.0440,0.0430
KXBTC15M-26MAY150915-15,5,0.0510,0.0510,0.0450
KXBTC15M-26MAY151000-00,3,0.3700,0.3800,0.3700
KXBTC15M-26MAY151000-00,4,0.4000,0.3800,0.3700
KXBTC15M-26MAY151000-00,5,0.2200,0.2300,0.2100
KXBTC15M-26MAY150845-45,3,0.4400,0.4500,0.4400
KXBTC15M-26MAY150845-45,4,0.6000,0.6100,0.5700
KXBTC15M-26MAY150845-45,5,0.4700,0.4800,0.4700
KXBTC15M-26MAY151100-00,3,0.1500,0.1500,0.1400
KXBTC15M-26MAY151100-00,4,0.1600,0.1600,0.1500
KXBTC15M-26MAY151100-00,5,0.1300,0.1400,0.1300
KXBTC15M-26MAY151145-45,3,0.7300,0.7300,0.7200
KXBTC15M-26MAY151145-45,4,0.5800,0.5800,0.5700
KXBTC15M-26MAY151145-45,5,0.5900,0.5900,0.5700
KXBTC15M-26MAY150830-30,3,0.6600,0.6600,0.6400
KXBTC15M-26MAY150830-30,4,0.7500,0.7600,0.7500
KXBTC15M-26MAY150830-30,5,0.7800,0.7900,0.7800
KXBTC15M-26MAY150730-30,3,0.3900,0.4000,0.3900
KXBTC15M-26MAY150730-30,4,0.5100,0.5100,0.5000
KXBTC15M-26MAY150730-30,5,0.6200,0.6300,0.6200
KXBTC15M-26MAY150800-00,3,0.8500,0.8500,0.8400
KXBTC15M-26MAY150800-00,4,0.7200,0.7200,0.7000
KXBTC15M-26MAY150800-00,5,0.8500,0.8500,0.8400
KXBTC15M-26MAY150700-00,3,0.9370,0.9430,0.9370
KXBTC15M-26MAY150700-00,4,0.9100,0.9120,0.9100
KXBTC15M-26MAY150700-00,5,0.9500,0.9510,0.9500
KXBTC15M-26MAY151230-30,3,0.3400,0.3500,0.3400
KXBTC15M-26MAY151230-30,4,0.4400,0.4500,0.4400
KXBTC15M-26MAY151230-30,5,0.6600,0.6600,0.6500
KXBTC15M-26MAY150715-15,3,0.3300,0.3300,0.3200
KXBTC15M-26MAY150715-15,4,0.1700,0.1700,0.1600
KXBTC15M-26MAY150715-15,5,0.2000,0.2000,0.1900
KXBTC15M-26MAY150900-00,3,0.4000,0.4200,0.4000
KXBTC15M-26MAY150900-00,4,0.3200,0.3300,0.3200
KXBTC15M-26MAY150900-00,5,0.2800,0.2800,0.2700
KXBTC15M-26MAY150600-00,3,0.4600,0.4600,0.4500
KXBTC15M-26MAY150600-00,4,0.5000,0.5000,0.4900
KXBTC15M-26MAY150600-00,5,0.2400,0.2600,0.2500
KXBTC15M-26MAY150815-15,3,0.2000,0.2100,0.2000
KXBTC15M-26MAY150815-15,4,0.1600,0.1600,0.1500
KXBTC15M-26MAY150815-15,5,0.0860,0.0870,0.0770
KXBTC15M-26MAY150445-45,3,0.5600,0.5700,0.5600
KXBTC15M-26MAY150445-45,4,0.7100,0.7300,0.7200
KXBTC15M-26MAY150445-45,5,0.7000,0.7000,0.6900
KXBTC15M-26MAY150545-45,3,0.8300,0.8300,0.8200
KXBTC15M-26MAY150545-45,4,0.7700,0.7800,0.7700
KXBTC15M-26MAY150545-45,5,0.7500,0.7500,0.7400
KXBTC15M-26MAY150415-15,3,0.2200,0.2300,0.2200
KXBTC15M-26MAY150415-15,4,0.1500,0.1500,0.1400
KXBTC15M-26MAY150415-15,5,0.1800,0.1800,0.1700
KXBTC15M-26MAY150430-30,3,0.3300,0.3300,0.3200
KXBTC15M-26MAY150430-30,4,0.2100,0.2100,0.2000
KXBTC15M-26MAY150430-30,5,0.2700,0.2800,0.2600
KXBTC15M-26MAY150645-45,3,0.8400,0.8400,0.8300
KXBTC15M-26MAY150645-45,4,0.7500,0.7700,0.7600
KXBTC15M-26MAY150645-45,5,0.6700,0.6800,0.6700
KXBTC15M-26MAY150930-30,3,0.4800,0.4800,0.4700
KXBTC15M-26MAY150930-30,4,0.5400,0.5500,0.5400
KXBTC15M-26MAY150930-30,5,0.6000,0.6100,0.6000
KXBTC15M-26MAY150615-15,3,0.4600,0.4800,0.4600
KXBTC15M-26MAY150615-15,4,0.5200,0.5400,0.5200
KXBTC15M-26MAY150615-15,5,0.6500,0.6500,0.6400
KXBTC15M-26MAY150300-00,3,0.3300,0.3300,0.3200
KXBTC15M-26MAY150300-00,4,0.4800,0.4800,0.4600
KXBTC15M-26MAY150300-00,5,0.3600,0.3700,0.3600
KXBTC15M-26MAY150345-45,3,0.1500,0.1500,0.1400
KXBTC15M-26MAY150345-45,4,0.1200,0.1300,0.1200
KXBTC15M-26MAY150345-45,5,0.1300,0.1300,0.1200
KXBTC15M-26MAY150500-00,3,0.2400,0.2400,0.2300
KXBTC15M-26MAY150500-00,4,0.3000,0.3000,0.2900
KXBTC15M-26MAY150500-00,5,0.1100,0.1200,0.1100
KXBTC15M-26MAY150245-45,3,0.6400,0.6500,0.6400
KXBTC15M-26MAY150245-45,4,0.5800,0.5900,0.5800
KXBTC15M-26MAY150245-45,5,0.6200,0.6300,0.6200
KXBTC15M-26MAY150200-00,3,0.2600,0.2900,0.2800
KXBTC15M-26MAY150200-00,4,0.2500,0.2400,0.2300
KXBTC15M-26MAY150200-00,5,0.4100,0.4300,0.4200
KXBTC15M-26MAY150230-30,3,0.5000,0.5000,0.4900
KXBTC15M-26MAY150230-30,4,0.3300,0.3400,0.3300
KXBTC15M-26MAY150230-30,5,0.2500,0.2500,0.2400
KXBTC15M-26MAY150330-30,3,0.3500,0.3600,0.3500
KXBTC15M-26MAY150330-30,4,0.3400,0.3500,0.3400
KXBTC15M-26MAY150330-30,5,0.4800,0.4900,0.4800
KXBTC15M-26MAY150315-15,3,0.5600,0.5700,0.5600
KXBTC15M-26MAY150315-15,4,0.6500,0.6600,0.6500
KXBTC15M-26MAY150315-15,5,0.7500,0.7500,0.7300
KXBTC15M-26MAY150130-30,3,0.6500,0.6500,0.6300
KXBTC15M-26MAY150130-30,4,0.7400,0.7400,0.7300
KXBTC15M-26MAY150130-30,5,0.7500,0.7600,0.7500
KXBTC15M-26MAY150045-45,3,0.5200,0.5200,0.5100
KXBTC15M-26MAY150045-45,4,0.6900,0.7000,0.6900
KXBTC15M-26MAY150045-45,5,0.5400,0.5500,0.5400
KXBTC15M-26MAY150100-00,3,0.1500,0.1500,0.1400
KXBTC15M-26MAY150100-00,4,0.2200,0.2300,0.2200
KXBTC15M-26MAY150100-00,5,0.2500,0.2800,0.2700
KXBTC15M-26MAY150530-30,3,0.3300,0.3500,0.3300
KXBTC15M-26MAY150530-30,4,0.2100,0.2100,0.2000
KXBTC15M-26MAY150530-30,5,0.1500,0.1500,0.1300
KXBTC15M-26MAY150515-15,3,0.2700,0.2800,0.2600
KXBTC15M-26MAY150515-15,4,0.4400,0.4400,0.4300
KXBTC15M-26MAY150515-15,5,0.6900,0.7100,0.6900
KXBTC15M-26MAY142315-15,3,0.3800,0.3800,0.3700
KXBTC15M-26MAY142315-15,4,0.3000,0.3100,0.3000
KXBTC15M-26MAY142315-15,5,0.3400,0.3500,0.3400
KXBTC15M-26MAY142300-00,3,0.5200,0.5200,0.5100
KXBTC15M-26MAY142300-00,4,0.5500,0.5700,0.5500
KXBTC15M-26MAY142300-00,5,0.6100,0.6300,0.6100
KXBTC15M-26MAY150145-45,3,0.1300,0.1300,0.1200
KXBTC15M-26MAY150145-45,4,0.0960,0.1000,0.0960
KXBTC15M-26MAY150145-45,5,0.0400,0.0400,0.0390
KXBTC15M-26MAY150400-00,3,0.3500,0.3500,0.3300
KXBTC15M-26MAY150400-00,4,0.6000,0.6100,0.6000
KXBTC15M-26MAY150400-00,5,0.7200,0.7300,0.7200
KXBTC15M-26MAY142245-45,3,0.2200,0.2200,0.2100
KXBTC15M-26MAY142245-45,4,0.2400,0.2400,0.2300
KXBTC15M-26MAY142245-45,5,0.4200,0.4400,0.4200
KXBTC15M-26MAY142200-00,3,0.3100,0.3100,0.2900
KXBTC15M-26MAY142200-00,4,0.2800,0.3000,0.2800
KXBTC15M-26MAY142200-00,5,0.2700,0.2700,0.2600
KXBTC15M-26MAY150115-15,3,0.7400,0.7500,0.7400
KXBTC15M-26MAY150115-15,4,0.8200,0.8200,0.8100
KXBTC15M-26MAY150115-15,5,0.7900,0.8000,0.7900
KXBTC15M-26MAY142115-15,3,0.8100,0.8100,0.8000
KXBTC15M-26MAY142115-15,4,0.7800,0.7800,0.7700
KXBTC15M-26MAY142115-15,5,0.6900,0.7000,0.6900
KXBTC15M-26MAY142100-00,3,0.9010,0.9010,0.9000
KXBTC15M-26MAY142100-00,4,0.9210,0.9210,0.9200
KXBTC15M-26MAY142100-00,5,0.9400,0.9390,0.9380
KXBTC15M-26MAY142045-45,3,0.9110,0.9170,0.9130
KXBTC15M-26MAY142045-45,4,0.8900,0.9030,0.8900
KXBTC15M-26MAY142045-45,5,0.9330,0.9310,0.9300
KXBTC15M-26MAY150215-15,3,0.6600,0.6700,0.6600
KXBTC15M-26MAY150215-15,4,0.7600,0.7800,0.7700
KXBTC15M-26MAY150215-15,5,0.8400,0.8400,0.8300
KXBTC15M-26MAY142015-15,3,0.7700,0.7700,0.7600
KXBTC15M-26MAY142015-15,4,0.7600,0.7800,0.7600
KXBTC15M-26MAY142015-15,5,0.8400,0.8500,0.8400
KXBTC15M-26MAY142230-30,3,0.5300,0.5300,0.5200
KXBTC15M-26MAY142230-30,4,0.6200,0.6200,0.6100
KXBTC15M-26MAY142230-30,5,0.5400,0.5400,0.5300
KXBTC15M-26MAY141930-30,3,0.4900,0.5000,0.4900
KXBTC15M-26MAY141930-30,4,0.5200,0.5300,0.5200
KXBTC15M-26MAY141930-30,5,0.4700,0.4800,0.4700
KXBTC15M-26MAY142000-00,3,0.1200,0.1300,0.1200
KXBTC15M-26MAY142000-00,4,0.1100,0.1100,0.0980
KXBTC15M-26MAY142000-00,5,0.0550,0.0580,0.0550
KXBTC15M-26MAY141945-45,3,0.4900,0.4900,0.4800
KXBTC15M-26MAY141945-45,4,0.3300,0.3300,0.3200
KXBTC15M-26MAY141945-45,5,0.2600,0.2700,0.2600
KXBTC15M-26MAY142145-45,3,0.1400,0.1600,0.1400
KXBTC15M-26MAY142145-45,4,0.2300,0.2400,0.2300
KXBTC15M-26MAY142145-45,5,0.2400,0.2500,0.2400
KXBTC15M-26MAY141915-15,3,0.1900,0.2000,0.1900
KXBTC15M-26MAY141915-15,4,0.1400,0.1400,0.1300
KXBTC15M-26MAY141915-15,5,0.1300,0.1300,0.1200
KXBTC15M-26MAY141845-45,3,0.7800,0.7900,0.7800
KXBTC15M-26MAY141845-45,4,0.7500,0.7600,0.7500
KXBTC15M-26MAY141845-45,5,0.7800,0.7900,0.7800
KXBTC15M-26MAY141900-00,3,0.6000,0.6000,0.5800
KXBTC15M-26MAY141900-00,4,0.6400,0.6400,0.6200
KXBTC15M-26MAY141900-00,5,0.4200,0.4300,0.4200
KXBTC15M-26MAY142330-30,3,0.4500,0.4600,0.4500
KXBTC15M-26MAY142330-30,4,0.5500,0.5600,0.5500
KXBTC15M-26MAY142330-30,5,0.4500,0.4600,0.4400
KXBTC15M-26MAY141815-15,3,0.5200,0.5300,0.5200
KXBTC15M-26MAY141815-15,4,0.5900,0.6000,0.5900
KXBTC15M-26MAY141815-15,5,0.6500,0.6600,0.6500
KXBTC15M-26MAY141715-15,3,0.5100,0.5100,0.5000
KXBTC15M-26MAY141715-15,4,0.4500,0.4600,0.4500
KXBTC15M-26MAY141715-15,5,0.6100,0.6100,0.6000
KXBTC15M-26MAY141700-00,3,0.8200,0.8300,0.8200
KXBTC15M-26MAY141700-00,4,0.8700,0.8600,0.8500
KXBTC15M-26MAY141700-00,5,0.9230,0.9190,0.9040
KXBTC15M-26MAY141730-30,3,0.2200,0.2300,0.2200
KXBTC15M-26MAY141730-30,4,0.2700,0.2700,0.2600
KXBTC15M-26MAY141730-30,5,0.3000,0.3000,0.2900
KXBTC15M-26MAY141645-45,3,0.4400,0.4400,0.4300
KXBTC15M-26MAY141645-45,4,0.3200,0.3400,0.3200
KXBTC15M-26MAY141645-45,5,0.2900,0.2900,0.2800
KXBTC15M-26MAY141615-15,3,0.8200,0.8300,0.8200
KXBTC15M-26MAY141615-15,4,0.8700,0.8700,0.8600
KXBTC15M-26MAY141615-15,5,0.7600,0.7800,0.7600
KXBTC15M-26MAY141830-30,3,0.3000,0.3000,0.2900
KXBTC15M-26MAY141830-30,4,0.2000,0.2000,0.1900
KXBTC15M-26MAY141830-30,5,0.2700,0.2700,0.2600
KXBTC15M-26MAY141800-00,3,0.2400,0.2500,0.2400
KXBTC15M-26MAY141800-00,4,0.4500,0.3800,0.3700
KXBTC15M-26MAY141800-00,5,0.2600,0.2700,0.2600
KXBTC15M-26MAY141745-45,3,0.6600,0.6600,0.6500
KXBTC15M-26MAY141745-45,4,0.5700,0.5900,0.5700
KXBTC15M-26MAY141745-45,5,0.5900,0.5900,0.5700
KXBTC15M-26MAY141530-30,3,0.6900,0.7000,0.6900
KXBTC15M-26MAY141530-30,4,0.6700,0.6700,0.6500
KXBTC15M-26MAY141530-30,5,0.7000,0.7200,0.7000
KXBTC15M-26MAY142030-30,3,0.3300,0.3400,0.3300
KXBTC15M-26MAY142030-30,4,0.4900,0.4900,0.4800
KXBTC15M-26MAY142030-30,5,0.2900,0.3100,0.2900
KXBTC15M-26MAY141430-30,3,0.4300,0.4300,0.4200
KXBTC15M-26MAY141430-30,4,0.6000,0.6000,0.5900
KXBTC15M-26MAY141430-30,5,0.6300,0.6400,0.6300
KXBTC15M-26MAY141515-15,3,0.7500,0.7600,0.7500
KXBTC15M-26MAY141515-15,4,0.6900,0.7100,0.6900
KXBTC15M-26MAY141515-15,5,0.8100,0.8100,0.8000
KXBTC15M-26MAY141445-45,3,0.0320,0.0320,0.0300
KXBTC15M-26MAY141445-45,4,0.0680,0.0680,0.0620
KXBTC15M-26MAY141445-45,5,0.0600,0.0670,0.0600
KXBTC15M-26MAY141415-15,3,0.1800,0.1700,0.1600
KXBTC15M-26MAY141415-15,4,0.1400,0.1400,0.1300
KXBTC15M-26MAY141415-15,5,0.1600,0.1600,0.1400
KXBTC15M-26MAY141345-45,3,0.5300,0.5700,0.5600
KXBTC15M-26MAY141345-45,4,0.7700,0.7800,0.7700
KXBTC15M-26MAY141345-45,5,0.9020,0.9160,0.9020
KXBTC15M-26MAY141330-30,3,0.1500,0.1500,0.1400
KXBTC15M-26MAY141330-30,4,0.0940,0.0940,0.0930
KXBTC15M-26MAY141330-30,5,0.1600,0.1600,0.1500
KXBTC15M-26MAY141245-45,3,0.3000,0.3000,0.2800
KXBTC15M-26MAY141245-45,4,0.2000,0.2000,0.1900
KXBTC15M-26MAY141245-45,5,0.2200,0.2100,0.1900
KXBTC15M-26MAY141230-30,3,0.3700,0.3700,0.3600
KXBTC15M-26MAY141230-30,4,0.3000,0.3100,0.3000
KXBTC15M-26MAY141230-30,5,0.2300,0.2300,0.2200
KXBTC15M-26MAY141500-00,3,0.5400,0.5500,0.5400
KXBTC15M-26MAY141500-00,4,0.6000,0.6000,0.5900
KXBTC15M-26MAY141500-00,5,0.4100,0.4300,0.4100
KXBTC15M-26MAY141145-45,3,0.3800,0.3800,0.3700
KXBTC15M-26MAY141145-45,4,0.2900,0.3100,0.2900
KXBTC15M-26MAY141145-45,5,0.2900,0.3100,0.2900
KXBTC15M-26MAY141130-30,3,0.3600,0.3600,0.3500
KXBTC15M-26MAY141130-30,4,0.6000,0.6000,0.5900
KXBTC15M-26MAY141130-30,5,0.8000,0.8000,0.7900
KXBTC15M-26MAY141030-30,3,0.8000,0.8200,0.8100
KXBTC15M-26MAY141030-30,4,0.9030,0.9140,0.9030
KXBTC15M-26MAY141030-30,5,0.9090,0.9090,0.9060
KXBTC15M-26MAY141045-45,3,0.4000,0.4100,0.4000
KXBTC15M-26MAY141045-45,4,0.4800,0.4900,0.4800
KXBTC15M-26MAY141045-45,5,0.5100,0.5200,0.5000
KXBTC15M-26MAY141000-00,3,0.7400,0.7500,0.7400
KXBTC15M-26MAY141000-00,4,0.8400,0.8500,0.8400
KXBTC15M-26MAY141000-00,5,0.7900,0.8000,0.7900
KXBTC15M-26MAY141015-15,3,0.6000,0.6200,0.6100
KXBTC15M-26MAY141015-15,4,0.6000,0.6000,0.5900
KXBTC15M-26MAY141015-15,5,0.4400,0.4400,0.4300
KXBTC15M-26MAY141200-00,3,0.6800,0.6700,0.6600
KXBTC15M-26MAY141200-00,4,0.7600,0.7600,0.7500
KXBTC15M-26MAY141200-00,5,0.8700,0.8800,0.8700
KXBTC15M-26MAY140915-15,3,0.6100,0.6100,0.6000
KXBTC15M-26MAY140915-15,4,0.8100,0.8200,0.8100
KXBTC15M-26MAY140915-15,5,0.8500,0.8600,0.8500
KXBTC15M-26MAY140930-30,3,0.2400,0.2600,0.2400
KXBTC15M-26MAY140930-30,4,0.2900,0.2900,0.2700
KXBTC15M-26MAY140930-30,5,0.3500,0.3500,0.3400
KXBTC15M-26MAY141115-15,3,0.6000,0.6100,0.6000
KXBTC15M-26MAY141115-15,4,0.6600,0.6700,0.6600
KXBTC15M-26MAY141115-15,5,0.6600,0.6900,0.6700
KXBTC15M-26MAY140900-00,3,0.7400,0.7500,0.7400
KXBTC15M-26MAY140900-00,4,0.8500,0.8500,0.8400
KXBTC15M-26MAY140900-00,5,0.8400,0.8600,0.8400
KXBTC15M-26MAY140845-45,3,0.6500,0.6600,0.6400
KXBTC15M-26MAY140845-45,4,0.9190,0.9190,0.9170
KXBTC15M-26MAY140845-45,5,0.9440,0.9510,0.9460
KXBTC15M-26MAY140830-30,3,0.2300,0.2300,0.2200
KXBTC15M-26MAY140830-30,4,0.3000,0.3000,0.2900
KXBTC15M-26MAY140830-30,5,0.4600,0.4700,0.4600
KXBTC15M-26MAY140800-00,3,0.6300,0.6200,0.6100
KXBTC15M-26MAY140800-00,4,0.5500,0.5600,0.5500
KXBTC15M-26MAY140800-00,5,0.7300,0.7300,0.7200
KXBTC15M-26MAY140945-45,3,0.4900,0.5000,0.4900
KXBTC15M-26MAY140945-45,4,0.4100,0.4300,0.4100
KXBTC15M-26MAY140945-45,5,0.1400,0.1500,0.1400
KXBTC15M-26MAY140745-45,3,0.3200,0.3200,0.3100
KXBTC15M-26MAY140745-45,4,0.2100,0.2500,0.2400
KXBTC15M-26MAY140745-45,5,0.1300,0.1300,0.1200
KXBTC15M-26MAY140730-30,3,0.5600,0.5700,0.5600
KXBTC15M-26MAY140730-30,4,0.5000,0.5100,0.5000
KXBTC15M-26MAY140730-30,5,0.5900,0.5900,0.5800
KXBTC15M-26MAY140645-45,3,0.1900,0.1900,0.1800
KXBTC15M-26MAY140645-45,4,0.2800,0.2800,0.2700
KXBTC15M-26MAY140645-45,5,0.1700,0.1800,0.1700
KXBTC15M-26MAY140700-00,3,0.7600,0.7600,0.7400
KXBTC15M-26MAY140700-00,4,0.8100,0.8200,0.8100
KXBTC15M-26MAY140700-00,5,0.8900,0.9000,0.8900
KXBTC15M-26MAY140600-00,3,0.1600,0.1600,0.1500
KXBTC15M-26MAY140600-00,4,0.1400,0.1400,0.1200
KXBTC15M-26MAY140600-00,5,0.2200,0.2200,0.2100
KXBTC15M-26MAY141100-00,3,0.9260,0.9300,0.9260
KXBTC15M-26MAY141100-00,4,0.9420,0.9490,0.9420
KXBTC15M-26MAY141100-00,5,0.9720,0.9780,0.9720
KXBTC15M-26MAY140200-00,3,0.8900,0.8800,0.8700
KXBTC15M-26MAY140200-00,4,0.8900,0.8900,0.8800
KXBTC15M-26MAY140200-00,5,0.9300,0.9300,0.9290
KXBTC15M-26MAY140545-45,3,0.2900,0.3100,0.2900
KXBTC15M-26MAY140545-45,4,0.4300,0.4300,0.4200
KXBTC15M-26MAY140545-45,5,0.2500,0.2300,0.2200
KXBTC15M-26MAY140530-30,3,0.2800,0.2800,0.2700
KXBTC15M-26MAY140530-30,4,0.4100,0.4100,0.4000
KXBTC15M-26MAY140530-30,5,0.5100,0.5200,0.5100
KXBTC15M-26MAY140115-15,3,0.5600,0.5900,0.5800
KXBTC15M-26MAY140115-15,4,0.6400,0.6500,0.6400
KXBTC15M-26MAY140115-15,5,0.5700,0.5600,0.5500
KXBTC15M-26MAY140045-45,3,0.7000,0.7200,0.7000
KXBTC15M-26MAY140045-45,4,0.4600,0.4600,0.4500
KXBTC15M-26MAY140045-45,5,0.6400,0.6600,0.6400
KXBTC15M-26MAY140030-30,3,0.8000,0.8100,0.8000
KXBTC15M-26MAY140030-30,4,0.8400,0.8500,0.8400
KXBTC15M-26MAY140030-30,5,0.8100,0.8100,0.8000
KXBTC15M-26MAY140015-15,3,0.6300,0.6100,0.6000
KXBTC15M-26MAY140015-15,4,0.6300,0.6400,0.6300
KXBTC15M-26MAY140015-15,5,0.7900,0.7900,0.7800
KXBTC15M-26MAY132345-45,3,0.6700,0.6700,0.6600
KXBTC15M-26MAY132345-45,4,0.6800,0.6900,0.6800
KXBTC15M-26MAY132345-45,5,0.7700,0.7800,0.7700
KXBTC15M-26MAY132315-15,3,0.8600,0.8600,0.8500
KXBTC15M-26MAY132315-15,4,0.8300,0.8400,0.8300
KXBTC15M-26MAY132315-15,5,0.7500,0.7500,0.7300
KXBTC15M-26MAY140515-15,3,0.7500,0.7600,0.7500
KXBTC15M-26MAY140515-15,4,0.7200,0.7200,0.7000
KXBTC15M-26MAY140515-15,5,0.7800,0.7800,0.7700
KXBTC15M-26MAY132245-45,3,0.3600,0.3700,0.3600
KXBTC15M-26MAY132245-45,4,0.5000,0.5000,0.4900
KXBTC15M-26MAY132245-45,5,0.4200,0.4200,0.4000
KXBTC15M-26MAY140815-15,3,0.5800,0.6000,0.5900
KXBTC15M-26MAY140815-15,4,0.8600,0.8700,0.8600
KXBTC15M-26MAY140815-15,5,0.8500,0.8600,0.8500
KXBTC15M-26MAY140130-30,3,0.6500,0.6700,0.6600
KXBTC15M-26MAY140130-30,4,0.7000,0.7000,0.6900
KXBTC15M-26MAY140130-30,5,0.8300,0.8500,0.8300
KXBTC15M-26MAY132145-45,3,0.1400,0.1400,0.1300
KXBTC15M-26MAY132145-45,4,0.2000,0.2000,0.1900
KXBTC15M-26MAY132145-45,5,0.1200,0.1300,0.1200
KXBTC15M-26MAY132230-30,3,0.3500,0.3500,0.3400
KXBTC15M-26MAY132230-30,4,0.5700,0.5800,0.5700
KXBTC15M-26MAY132230-30,5,0.7900,0.8000,0.7900
KXBTC15M-26MAY140000-00,3,0.1700,0.1700,0.1600
KXBTC15M-26MAY140000-00,4,0.1400,0.1400,0.1300
KXBTC15M-26MAY140000-00,5,0.1700,0.1700,0.1600
KXBTC15M-26MAY132130-30,3,0.6900,0.7000,0.6900
KXBTC15M-26MAY132130-30,4,0.6000,0.6100,0.6000
KXBTC15M-26MAY132130-30,5,0.5100,0.5200,0.5100
KXBTC15M-26MAY132100-00,3,0.6700,0.6900,0.6800
KXBTC15M-26MAY132100-00,4,0.4700,0.4700,0.4600
KXBTC15M-26MAY132100-00,5,0.2700,0.2700,0.2600
KXBTC15M-26MAY132300-00,3,0.0990,0.1000,0.0990
KXBTC15M-26MAY132300-00,4,0.0570,0.0580,0.0540
KXBTC15M-26MAY132300-00,5,0.0310,0.0320,0.0310
KXBTC15M-26MAY132215-15,3,0.6800,0.6900,0.6800
KXBTC15M-26MAY132215-15,4,0.5400,0.5400,0.5300
KXBTC15M-26MAY132215-15,5,0.6600,0.6600,0.6500
KXBTC15M-26MAY132045-45,3,0.8500,0.8600,0.8500
KXBTC15M-26MAY132045-45,4,0.9140,0.9140,0.9040
KXBTC15M-26MAY132045-45,5,0.9020,0.9070,0.9030
KXBTC15M-26MAY132030-30,3,0.6400,0.6500,0.6400
KXBTC15M-26MAY132030-30,4,0.4400,0.4500,0.4400
KXBTC15M-26MAY132030-30,5,0.2200,0.2300,0.2200
KXBTC15M-26MAY132200-00,3,0.7400,0.7500,0.7400
KXBTC15M-26MAY132200-00,4,0.7900,0.7900,0.7800
KXBTC15M-26MAY132200-00,5,0.8600,0.8700,0.8600
KXBTC15M-26MAY140100-00,3,0.7600,0.7600,0.7500
KXBTC15M-26MAY140100-00,4,0.7800,0.7800,0.7700
KXBTC15M-26MAY140100-00,5,0.5900,0.5900,0.5800
KXBTC15M-26MAY132000-00,3,0.6300,0.6300,0.6200
KXBTC15M-26MAY132000-00,4,0.3500,0.3500,0.3400
KXBTC15M-26MAY132000-00,5,0.3300,0.3400,0.3300
KXBTC15M-26MAY131945-45,3,0.3700,0.3800,0.3600
KXBTC15M-26MAY131945-45,4,0.4700,0.4600,0.4500
KXBTC15M-26MAY131945-45,5,0.5700,0.5800,0.5700
KXBTC15M-26MAY131830-30,3,0.2100,0.2200,0.2100
KXBTC15M-26MAY131830-30,4,0.1200,0.1300,0.1200
KXBTC15M-26MAY131830-30,5,0.1300,0.1300,0.1200
KXBTC15M-26MAY131815-15,3,0.3900,0.4000,0.3900
KXBTC15M-26MAY131815-15,4,0.3200,0.3200,0.3100
KXBTC15M-26MAY131815-15,5,0.0600,0.0760,0.0600
KXBTC15M-26MAY132330-30,3,0.5700,0.5800,0.5700
KXBTC15M-26MAY132330-30,4,0.3000,0.3000,0.2900
KXBTC15M-26MAY132330-30,5,0.0570,0.0570,0.0490
KXBTC15M-26MAY131730-30,3,0.3500,0.3400,0.3300
KXBTC15M-26MAY131730-30,4,0.3500,0.3600,0.3500
KXBTC15M-26MAY131730-30,5,0.3800,0.3800,0.3700
KXBTC15M-26MAY131800-00,3,0.6200,0.6400,0.6200
KXBTC15M-26MAY131800-00,4,0.4800,0.4800,0.4600
KXBTC15M-26MAY131800-00,5,0.7100,0.7100,0.7000
KXBTC15M-26MAY131745-45,3,0.6400,0.6400,0.6300
KXBTC15M-26MAY131745-45,4,0.7400,0.7400,0.7300
KXBTC15M-26MAY131745-45,5,0.8100,0.8100,0.7900
KXBTC15M-26MAY131645-45,3,0.8600,0.8700,0.8600
KXBTC15M-26MAY131645-45,4,0.6900,0.7000,0.6900
KXBTC15M-26MAY131645-45,5,0.7800,0.7800,0.7600
KXBTC15M-26MAY131700-00,3,0.4100,0.4200,0.4100
KXBTC15M-26MAY131700-00,4,0.4000,0.4100,0.4000
KXBTC15M-26MAY131700-00,5,0.3000,0.3100,0.3000
KXBTC15M-26MAY131900-00,3,0.6200,0.6100,0.6000
KXBTC15M-26MAY131900-00,4,0.6600,0.6600,0.6500
KXBTC15M-26MAY131900-00,5,0.7500,0.7500,0.7400
KXBTC15M-26MAY131530-30,3,0.3100,0.3200,0.3100
KXBTC15M-26MAY131530-30,4,0.1800,0.1800,0.1700
KXBTC15M-26MAY131530-30,5,0.1400,0.1400,0.1200
KXBTC15M-26MAY131615-15,3,0.5600,0.5600,0.5400
KXBTC15M-26MAY131615-15,4,0.5800,0.5800,0.5700
KXBTC15M-26MAY131615-15,5,0.5700,0.5700,0.5600
KXBTC15M-26MAY131545-45,3,0.6500,0.6600,0.6500
KXBTC15M-26MAY131545-45,4,0.6300,0.6200,0.6100
KXBTC15M-26MAY131545-45,5,0.5500,0.5700,0.5500
KXBTC15M-26MAY131515-15,3,0.1700,0.1700,0.1600
KXBTC15M-26MAY131515-15,4,0.1700,0.1700,0.1600
KXBTC15M-26MAY131515-15,5,0.1800,0.1900,0.1800
KXBTC15M-26MAY131415-15,3,0.5700,0.5800,0.5700
KXBTC15M-26MAY131415-15,4,0.5600,0.5600,0.5500
KXBTC15M-26MAY131415-15,5,0.7000,0.7000,0.6900
KXBTC15M-26MAY132015-15,3,0.8100,0.8200,0.8100
KXBTC15M-26MAY132015-15,4,0.8100,0.8100,0.8000
KXBTC15M-26MAY132015-15,5,0.7800,0.7900,0.7800
KXBTC15M-26MAY131345-45,3,0.5200,0.5500,0.5400
KXBTC15M-26MAY131345-45,4,0.6400,0.6400,0.6300
KXBTC15M-26MAY131345-45,5,0.5000,0.5100,0.5000
KXBTC15M-26MAY131930-30,3,0.3600,0.3600,0.3500
KXBTC15M-26MAY131930-30,4,0.3300,0.3300,0.3200
KXBTC15M-26MAY131930-30,5,0.4800,0.4800,0.4700
KXBTC15M-26MAY131315-15,3,0.9020,0.9090,0.9020
KXBTC15M-26MAY131315-15,4,0.9140,0.9220,0.9140
KXBTC15M-26MAY131315-15,5,0.9040,0.9160,0.9040
KXBTC15M-26MAY131330-30,3,0.6200,0.6300,0.6200
KXBTC15M-26MAY131330-30,4,0.8000,0.8000,0.7900
KXBTC15M-26MAY131330-30,5,0.7600,0.7700,0.7600
KXBTC15M-26MAY131845-45,3,0.2400,0.2400,0.2300
KXBTC15M-26MAY131845-45,4,0.3300,0.3300,0.3200
KXBTC15M-26MAY131845-45,5,0.1800,0.1800,0.1700
KXBTC15M-26MAY131230-30,3,0.5200,0.5200,0.5000
KXBTC15M-26MAY131230-30,4,0.5400,0.5400,0.5300
KXBTC15M-26MAY131230-30,5,0.5400,0.5600,0.5400
KXBTC15M-26MAY131245-45,3,0.7400,0.7400,0.7200
KXBTC15M-26MAY131245-45,4,0.7900,0.8000,0.7900
KXBTC15M-26MAY131245-45,5,0.8500,0.8700,0.8600
KXBTC15M-26MAY131200-00,3,0.1900,0.1900,0.1800
KXBTC15M-26MAY131200-00,4,0.1600,0.1700,0.1600
KXBTC15M-26MAY131200-00,5,0.0900,0.0900,0.0870
KXBTC15M-26MAY131400-00,3,0.4600,0.4600,0.4500
KXBTC15M-26MAY131400-00,4,0.6900,0.7000,0.6900
KXBTC15M-26MAY131400-00,5,0.7900,0.8100,0.7900
KXBTC15M-26MAY131130-30,3,0.3500,0.3500,0.3300
KXBTC15M-26MAY131130-30,4,0.1400,0.1400,0.1300
KXBTC15M-26MAY131130-30,5,0.2400,0.2500,0.2200
KXBTC15M-26MAY131145-45,3,0.4200,0.4200,0.4100
KXBTC15M-26MAY131145-45,4,0.5100,0.5100,0.4900
KXBTC15M-26MAY131145-45,5,0.3700,0.3800,0.3700
KXBTC15M-26MAY131045-45,3,0.4000,0.4100,0.4000
KXBTC15M-26MAY131045-45,4,0.2900,0.2900,0.2800
KXBTC15M-26MAY131045-45,5,0.2000,0.2300,0.2200
KXBTC15M-26MAY131115-15,3,0.6800,0.6800,0.6700
KXBTC15M-26MAY131115-15,4,0.4400,0.4400,0.4300
KXBTC15M-26MAY131115-15,5,0.2100,0.2100,0.2000
KXBTC15M-26MAY131030-30,3,0.3900,0.4000,0.3900
KXBTC15M-26MAY131030-30,4,0.5000,0.5100,0.5000
KXBTC15M-26MAY131030-30,5,0.5100,0.5100,0.5000
KXBTC15M-26MAY131000-00,3,0.1400,0.1400,0.1200
KXBTC15M-26MAY131000-00,4,0.1500,0.1500,0.1400
KXBTC15M-26MAY131000-00,5,0.0880,0.0880,0.0800
KXBTC15M-26MAY131500-00,3,0.2100,0.2100,0.2000
KXBTC15M-26MAY131500-00,4,0.1300,0.1300,0.1200
KXBTC15M-26MAY131500-00,5,0.1800,0.2000,0.1900
KXBTC15M-26MAY131445-45,3,0.3000,0.3000,0.2900
KXBTC15M-26MAY131445-45,4,0.2700,0.2700,0.2600
KXBTC15M-26MAY131445-45,5,0.3600,0.3600,0.3500
KXBTC15M-26MAY130900-00,3,0.8300,0.8300,0.8000
KXBTC15M-26MAY130900-00,4,0.8600,0.8600,0.8500
KXBTC15M-26MAY130900-00,5,0.8800,0.8800,0.8700
KXBTC15M-26MAY130945-45,3,0.5600,0.5600,0.5400
KXBTC15M-26MAY130945-45,4,0.4800,0.4900,0.4800
KXBTC15M-26MAY130945-45,5,0.2300,0.2300,0.2200
KXBTC15M-26MAY130915-15,3,0.7100,0.7100,0.7000
KXBTC15M-26MAY130915-15,4,0.7500,0.7600,0.7500
KXBTC15M-26MAY130915-15,5,0.7300,0.7300,0.7200
KXBTC15M-26MAY130845-45,3,0.0980,0.0970,0.0870
KXBTC15M-26MAY130845-45,4,0.1400,0.1400,0.1300
KXBTC15M-26MAY130845-45,5,0.1400,0.1400,0.1300
KXBTC15M-26MAY130830-30,3,0.4500,0.4600,0.4500
KXBTC15M-26MAY130830-30,4,0.4500,0.4600,0.4500
KXBTC15M-26MAY130830-30,5,0.3700,0.3700,0.3600
KXBTC15M-26MAY130745-45,3,0.9900,0.9900,0.0900
KXBTC15M-26MAY130745-45,4,0.9900,1.0000,0.9900
KXBTC15M-26MAY130745-45,5,0.9910,1.0000,0.9910
KXBTC15M-26MAY130715-15,3,0.2500,0.2600,0.2500
KXBTC15M-26MAY130715-15,4,0.1800,0.1800,0.1700
KXBTC15M-26MAY130715-15,5,0.0740,0.0750,0.0740
KXBTC15M-26MAY130700-00,3,0.5600,0.5600,0.5500
KXBTC15M-26MAY130700-00,4,0.4300,0.4300,0.4200
KXBTC15M-26MAY130700-00,5,0.3400,0.3400,0.3300
KXBTC15M-26MAY130645-45,3,0.5300,0.5300,0.5200
KXBTC15M-26MAY130645-45,4,0.2600,0.2600,0.2500
KXBTC15M-26MAY130645-45,5,0.2600,0.2500,0.2400
KXBTC15M-26MAY130615-15,3,0.2100,0.2000,0.1900
KXBTC15M-26MAY130615-15,4,0.1600,0.1600,0.1500
KXBTC15M-26MAY130615-15,5,0.1500,0.1600,0.1500
KXBTC15M-26MAY130630-30,3,0.6900,0.7100,0.7000
KXBTC15M-26MAY130630-30,4,0.5800,0.5800,0.5700
KXBTC15M-26MAY130630-30,5,0.7500,0.7700,0.7600
KXBTC15M-26MAY130815-15,3,0.7200,0.7500,0.7200
KXBTC15M-26MAY130815-15,4,0.8500,0.8300,0.8100
KXBTC15M-26MAY130815-15,5,0.7400,0.7500,0.7400
KXBTC15M-26MAY131100-00,3,0.2400,0.2500,0.2400
KXBTC15M-26MAY131100-00,4,0.2500,0.2500,0.2400
KXBTC15M-26MAY131100-00,5,0.3700,0.3800,0.3700
KXBTC15M-26MAY130800-00,3,0.3600,0.3600,0.3500
KXBTC15M-26MAY130800-00,4,0.2600,0.2900,0.2600
KXBTC15M-26MAY130800-00,5,0.0800,0.1200,0.0860
KXBTC15M-26MAY130530-30,3,0.3200,0.3300,0.3200
KXBTC15M-26MAY130530-30,4,0.2500,0.2600,0.2500
KXBTC15M-26MAY130530-30,5,0.1200,0.1300,0.1200
KXBTC15M-26MAY130445-45,3,0.2300,0.2300,0.2200
KXBTC15M-26MAY130445-45,4,0.2900,0.2900,0.2800
KXBTC15M-26MAY130445-45,5,0.2400,0.2500,0.2400
KXBTC15M-26MAY130930-30,3,0.6300,0.6300,0.6200
KXBTC15M-26MAY130930-30,4,0.4700,0.4700,0.4600
KXBTC15M-26MAY130930-30,5,0.3800,0.3800,0.3700
KXBTC15M-26MAY130430-30,3,0.7500,0.7600,0.7500
KXBTC15M-26MAY130430-30,4,0.6600,0.6800,0.6700
KXBTC15M-26MAY130430-30,5,0.8900,0.8900,0.8700
KXBTC15M-26MAY130415-15,3,0.6700,0.6800,0.6700
KXBTC15M-26MAY130415-15,4,0.6900,0.7000,0.6900
KXBTC15M-26MAY130415-15,5,0.5900,0.6000,0.5900
KXBTC15M-26MAY130315-15,3,0.7600,0.7600,0.7500
KXBTC15M-26MAY130315-15,4,0.7100,0.7100,0.7000
KXBTC15M-26MAY130315-15,5,0.6300,0.6400,0.6300
KXBTC15M-26MAY130345-45,3,0.5400,0.5400,0.5300
KXBTC15M-26MAY130345-45,4,0.5600,0.5700,0.5600
KXBTC15M-26MAY130345-45,5,0.4200,0.4400,0.4300
KXBTC15M-26MAY130330-30,3,0.5100,0.5100,0.5000
KXBTC15M-26MAY130330-30,4,0.1900,0.1900,0.1800
KXBTC15M-26MAY130330-30,5,0.2300,0.2300,0.2200
KXBTC15M-26MAY130230-30,3,0.6600,0.6500,0.6400
KXBTC15M-26MAY130230-30,4,0.8700,0.8700,0.8600
KXBTC15M-26MAY130230-30,5,0.7100,0.7100,0.7000
KXBTC15M-26MAY130215-15,3,0.4900,0.5000,0.4900
KXBTC15M-26MAY130215-15,4,0.6500,0.6600,0.6500
KXBTC15M-26MAY130215-15,5,0.6900,0.6900,0.6800
KXBTC15M-26MAY130200-00,3,0.5500,0.5600,0.5500
KXBTC15M-26MAY130200-00,4,0.7000,0.7000,0.6900
KXBTC15M-26MAY130200-00,5,0.8200,0.8400,0.8200
KXBTC15M-26MAY130145-45,3,0.3400,0.3400,0.3300
KXBTC15M-26MAY130145-45,4,0.0920,0.0920,0.0900
KXBTC15M-26MAY130145-45,5,0.1000,0.1100,0.1000
KXBTC15M-26MAY130115-15,3,0.2300,0.2300,0.2200
KXBTC15M-26MAY130115-15,4,0.4600,0.4700,0.4500
KXBTC15M-26MAY130115-15,5,0.3000,0.2900,0.2800
KXBTC15M-26MAY130245-45,3,0.5800,0.5900,0.5800
KXBTC15M-26MAY130245-45,4,0.5800,0.5900,0.5800
KXBTC15M-26MAY130245-45,5,0.7200,0.7300,0.7100
KXBTC15M-26MAY130300-00,3,0.5100,0.5300,0.5100
KXBTC15M-26MAY130300-00,4,0.4500,0.4500,0.4400
KXBTC15M-26MAY130300-00,5,0.2000,0.2000,0.1900
KXBTC15M-26MAY130015-15,3,0.5000,0.5100,0.5000
KXBTC15M-26MAY130015-15,4,0.4700,0.4700,0.4600
KXBTC15M-26MAY130015-15,5,0.4400,0.4400,0.4300
KXBTC15M-26MAY130030-30,3,0.4300,0.4500,0.4400
KXBTC15M-26MAY130030-30,4,0.6100,0.6300,0.6100
KXBTC15M-26MAY130030-30,5,0.7700,0.7800,0.7700
KXBTC15M-26MAY130515-15,3,0.8900,0.8900,0.8800
KXBTC15M-26MAY130515-15,4,0.9090,0.9100,0.9090
KXBTC15M-26MAY130515-15,5,0.9050,0.9050,0.9040
KXBTC15M-26MAY130500-00,3,0.4400,0.4500,0.4300
KXBTC15M-26MAY130500-00,4,0.4500,0.4500,0.4400
KXBTC15M-26MAY130500-00,5,0.5300,0.5400,0.5300
KXBTC15M-26MAY122300-00,3,0.3900,0.4000,0.3900
KXBTC15M-26MAY122300-00,4,0.4500,0.4800,0.4700
KXBTC15M-26MAY122300-00,5,0.5200,0.5200,0.5100
KXBTC15M-26MAY122315-15,3,0.5200,0.5400,0.5200
KXBTC15M-26MAY122315-15,4,0.6100,0.6300,0.6200
KXBTC15M-26MAY122315-15,5,0.7800,0.8000,0.7800
KXBTC15M-26MAY130045-45,3,0.7500,0.7600,0.7500
KXBTC15M-26MAY130045-45,4,0.6000,0.6000,0.5800
KXBTC15M-26MAY130045-45,5,0.7200,0.7200,0.7100
KXBTC15M-26MAY130400-00,3,0.6100,0.6000,0.5900
KXBTC15M-26MAY130400-00,4,0.5600,0.5700,0.5600
KXBTC15M-26MAY130400-00,5,0.5600,0.5700,0.5600
KXBTC15M-26MAY122230-30,3,0.2900,0.2900,0.2800
KXBTC15M-26MAY122230-30,4,0.3800,0.3800,0.3700
KXBTC15M-26MAY122230-30,5,0.4900,0.4900,0.4800
KXBTC15M-26MAY122200-00,3,0.4600,0.4700,0.4600
KXBTC15M-26MAY122200-00,4,0.5600,0.5700,0.5600
KXBTC15M-26MAY122200-00,5,0.3900,0.3900,0.3800
KXBTC15M-26MAY122330-30,3,0.6100,0.6100,0.6000
KXBTC15M-26MAY122330-30,4,0.3700,0.3800,0.3700
KXBTC15M-26MAY122330-30,5,0.6100,0.6100,0.6000
KXBTC15M-26MAY122145-45,3,0.7500,0.7300,0.7200
KXBTC15M-26MAY122145-45,4,0.6500,0.6700,0.6500
KXBTC15M-26MAY122145-45,5,0.3800,0.4000,0.3900
KXBTC15M-26MAY122245-45,3,0.2100,0.2100,0.2000
KXBTC15M-26MAY122245-45,4,0.2400,0.2400,0.2300
KXBTC15M-26MAY122245-45,5,0.3900,0.4000,0.3900
KXBTC15M-26MAY122030-30,3,0.8900,0.9000,0.8900
KXBTC15M-26MAY122030-30,4,0.9110,0.9120,0.9110
KXBTC15M-26MAY122030-30,5,0.9230,0.9230,0.9200
KXBTC15M-26MAY122015-15,3,0.2500,0.2700,0.2600
KXBTC15M-26MAY122015-15,4,0.3800,0.3800,0.3700
KXBTC15M-26MAY122015-15,5,0.3500,0.3500,0.3400
KXBTC15M-26MAY130130-30,3,0.1500,0.1600,0.1500
KXBTC15M-26MAY130130-30,4,0.1300,0.1300,0.1200
KXBTC15M-26MAY130130-30,5,0.1900,0.1800,0.1700
KXBTC15M-26MAY130100-00,3,0.6000,0.6100,0.6000
KXBTC15M-26MAY130100-00,4,0.7100,0.7200,0.7100
KXBTC15M-26MAY130100-00,5,0.5600,0.5700,0.5600
KXBTC15M-26MAY122215-15,3,0.3100,0.3100,0.3000
KXBTC15M-26MAY122215-15,4,0.3700,0.3800,0.3700
KXBTC15M-26MAY122215-15,5,0.5500,0.5600,0.5500
KXBTC15M-26MAY121900-00,3,0.4300,0.4400,0.4300
KXBTC15M-26MAY121900-00,4,0.4900,0.4900,0.4800
KXBTC15M-26MAY121900-00,5,0.6600,0.6800,0.6700
KXBTC15M-26MAY121915-15,3,0.6000,0.6000,0.5800
KXBTC15M-26MAY121915-15,4,0.6100,0.6200,0.6100
KXBTC15M-26MAY121915-15,5,0.4600,0.4600,0.4500
KXBTC15M-26MAY122130-30,3,0.2300,0.2300,0.2200
KXBTC15M-26MAY122130-30,4,0.3200,0.3100,0.3000
KXBTC15M-26MAY122130-30,5,0.8800,0.8900,0.8800
KXBTC15M-26MAY121830-30,3,0.5800,0.5800,0.5700
KXBTC15M-26MAY121830-30,4,0.7600,0.7800,0.7700
KXBTC15M-26MAY121830-30,5,0.6900,0.6900,0.6800
KXBTC15M-26MAY121800-00,3,0.4600,0.4700,0.4600
KXBTC15M-26MAY121800-00,4,0.1900,0.1900,0.1800
KXBTC15M-26MAY121800-00,5,0.3800,0.3800,0.3700
KXBTC15M-26MAY121815-15,3,0.8900,0.9040,0.8900
KXBTC15M-26MAY121815-15,4,0.9250,0.9320,0.9250
KXBTC15M-26MAY121815-15,5,0.9420,0.9440,0.9430
KXBTC15M-26MAY121745-45,3,0.1500,0.1600,0.1500
KXBTC15M-26MAY121745-45,4,0.1300,0.1300,0.1200
KXBTC15M-26MAY121745-45,5,0.2200,0.2300,0.2200
KXBTC15M-26MAY121845-45,3,0.8200,0.8200,0.8100
KXBTC15M-26MAY121845-45,4,0.5100,0.5100,0.5000
KXBTC15M-26MAY121845-45,5,0.3600,0.3600,0.3500
KXBTC15M-26MAY121715-15,3,0.5100,0.5300,0.5100
KXBTC15M-26MAY121715-15,4,0.5300,0.5300,0.5200
KXBTC15M-26MAY121715-15,5,0.4900,0.5000,0.4900
KXBTC15M-26MAY121700-00,3,0.3400,0.3400,0.3300
KXBTC15M-26MAY121700-00,4,0.1900,0.2000,0.1900
KXBTC15M-26MAY121700-00,5,0.2000,0.2000,0.1900
KXBTC15M-26MAY121730-30,3,0.6300,0.6400,0.6300
KXBTC15M-26MAY121730-30,4,0.4800,0.4800,0.4700
KXBTC15M-26MAY121730-30,5,0.3600,0.3700,0.3600
KXBTC15M-26MAY121645-45,3,0.2000,0.2000,0.1900
KXBTC15M-26MAY121645-45,4,0.1700,0.1800,0.1700
KXBTC15M-26MAY121645-45,5,0.0910,0.0980,0.0910
KXBTC15M-26MAY122115-15,3,0.5300,0.5300,0.5200
KXBTC15M-26MAY122115-15,4,0.6500,0.6600,0.6500
KXBTC15M-26MAY122115-15,5,0.8600,0.8700,0.8600
KXBTC15M-26MAY122100-00,3,0.3100,0.3200,0.3100
KXBTC15M-26MAY122100-00,4,0.2000,0.2100,0.2000
KXBTC15M-26MAY122100-00,5,0.0780,0.0780,0.0700
KXBTC15M-26MAY122045-45,3,0.4400,0.4500,0.4400
KXBTC15M-26MAY122045-45,4,0.4700,0.4700,0.4500
KXBTC15M-26MAY122045-45,5,0.6100,0.6200,0.6100
KXBTC15M-26MAY121500-00,3,0.3400,0.3400,0.3300
KXBTC15M-26MAY121500-00,4,0.3800,0.3900,0.3700
KXBTC15M-26MAY121500-00,5,0.4400,0.4500,0.4300
KXBTC15M-26MAY121545-45,3,0.6600,0.6800,0.6600
KXBTC15M-26MAY121545-45,4,0.7900,0.8100,0.7900
KXBTC15M-26MAY121545-45,5,0.5300,0.5400,0.5300
KXBTC15M-26MAY121430-30,3,0.4800,0.4800,0.4700
KXBTC15M-26MAY121430-30,4,0.5300,0.5300,0.5200
KXBTC15M-26MAY121430-30,5,0.6400,0.6400,0.6300
KXBTC15M-26MAY121945-45,3,0.2200,0.2200,0.2100
KXBTC15M-26MAY121945-45,4,0.0980,0.0980,0.0920
KXBTC15M-26MAY121945-45,5,0.0490,0.0500,0.0450
KXBTC15M-26MAY121415-15,3,0.4700,0.4600,0.4500
KXBTC15M-26MAY121415-15,4,0.4500,0.4600,0.4500
KXBTC15M-26MAY121415-15,5,0.4900,0.5000,0.4900
KXBTC15M-26MAY121615-15,3,0.6000,0.6000,0.5900
KXBTC15M-26MAY121615-15,4,0.7700,0.7700,0.7600
KXBTC15M-26MAY121615-15,5,0.5800,0.6000,0.5800
KXBTC15M-26MAY121600-00,3,0.7200,0.7300,0.7200
KXBTC15M-26MAY121600-00,4,0.6600,0.6700,0.6600
KXBTC15M-26MAY121600-00,5,0.8000,0.8100,0.8000
KXBTC15M-26MAY121315-15,3,0.7600,0.7700,0.7600
KXBTC15M-26MAY121315-15,4,0.7700,0.7800,0.7700
KXBTC15M-26MAY121315-15,5,0.8100,0.8100,0.8000
KXBTC15M-26MAY121530-30,3,0.3700,0.3800,0.3700
KXBTC15M-26MAY121530-30,4,0.2900,0.2900,0.2800
KXBTC15M-26MAY121530-30,5,0.3000,0.3000,0.2900
KXBTC15M-26MAY121215-15,3,0.5900,0.6100,0.5900
KXBTC15M-26MAY121215-15,4,0.4000,0.4000,0.3900
KXBTC15M-26MAY121215-15,5,0.3400,0.3400,0.3300
KXBTC15M-26MAY121445-45,3,0.7800,0.8000,0.7900
KXBTC15M-26MAY121445-45,4,0.8000,0.8100,0.8000
KXBTC15M-26MAY121445-45,5,0.8500,0.8600,0.8500
KXBTC15M-26MAY121230-30,3,0.3100,0.3200,0.3100
KXBTC15M-26MAY121230-30,4,0.3800,0.3800,0.3600
KXBTC15M-26MAY121230-30,5,0.5100,0.5100,0.5000
KXBTC15M-26MAY121200-00,3,0.3300,0.3300,0.3200
KXBTC15M-26MAY121200-00,4,0.2500,0.2500,0.2400
KXBTC15M-26MAY121200-00,5,0.3900,0.3900,0.3700
KXBTC15M-26MAY121345-45,3,0.5600,0.5500,0.5400
KXBTC15M-26MAY121345-45,4,0.6900,0.6900,0.6800
KXBTC15M-26MAY121345-45,5,0.5000,0.5000,0.4900
KXBTC15M-26MAY121145-45,3,0.9160,0.9090,0.9030
KXBTC15M-26MAY121145-45,4,0.9150,0.9200,0.9130
KXBTC15M-26MAY121145-45,5,0.8600,0.8700,0.8600
KXBTC15M-26MAY121115-15,3,0.4700,0.4900,0.4800
KXBTC15M-26MAY121115-15,4,0.4400,0.4500,0.4400
KXBTC15M-26MAY121115-15,5,0.4600,0.4600,0.4500
KXBTC15M-26MAY121245-45,3,0.2800,0.2900,0.2800
KXBTC15M-26MAY121245-45,4,0.3600,0.3600,0.3500
KXBTC15M-26MAY121245-45,5,0.4100,0.4200,0.4100
KXBTC15M-26MAY121030-30,3,0.4900,0.5000,0.4900
KXBTC15M-26MAY121030-30,4,0.7300,0.7400,0.7300
KXBTC15M-26MAY121030-30,5,0.7300,0.7400,0.7300
KXBTC15M-26MAY121045-45,3,0.1700,0.1800,0.1700
KXBTC15M-26MAY121045-45,4,0.2400,0.2500,0.2300
KXBTC15M-26MAY121045-45,5,0.1800,0.1900,0.1800
KXBTC15M-26MAY121015-15,3,0.6400,0.6400,0.6300
KXBTC15M-26MAY121015-15,4,0.7500,0.7600,0.7500
KXBTC15M-26MAY121015-15,5,0.9020,0.9090,0.9020
KXBTC15M-26MAY120945-45,3,0.5400,0.5400,0.5300
KXBTC15M-26MAY120945-45,4,0.4900,0.5000,0.4900
KXBTC15M-26MAY120945-45,5,0.4600,0.4700,0.4600
KXBTC15M-26MAY120915-15,3,0.6800,0.6700,0.6600
KXBTC15M-26MAY120915-15,4,0.5900,0.5900,0.5800
KXBTC15M-26MAY120915-15,5,0.7200,0.7300,0.7200
KXBTC15M-26MAY120830-30,3,0.4400,0.4400,0.4300
KXBTC15M-26MAY120830-30,4,0.4900,0.4800,0.4700
KXBTC15M-26MAY120830-30,5,0.4000,0.4100,0.4000
KXBTC15M-26MAY120900-00,3,0.6900,0.7100,0.6900
KXBTC15M-26MAY120900-00,4,0.7800,0.7700,0.7600
KXBTC15M-26MAY120900-00,5,0.5100,0.5300,0.5100
KXBTC15M-26MAY120800-00,3,0.6800,0.6900,0.6800
KXBTC15M-26MAY120800-00,4,0.5600,0.5600,0.5500
KXBTC15M-26MAY120800-00,5,0.5300,0.5300,0.5200
KXBTC15M-26MAY121400-00,3,0.4100,0.4100,0.4000
KXBTC15M-26MAY121400-00,4,0.4100,0.4200,0.4100
KXBTC15M-26MAY121400-00,5,0.4200,0.4200,0.4000
KXBTC15M-26MAY121000-00,3,0.2400,0.2700,0.2400
KXBTC15M-26MAY121000-00,4,0.3800,0.3800,0.3700
KXBTC15M-26MAY121000-00,5,0.2600,0.2700,0.2500
KXBTC15M-26MAY120745-45,3,0.6100,0.6200,0.6000
KXBTC15M-26MAY120745-45,4,0.7100,0.7200,0.7100
KXBTC15M-26MAY120745-45,5,0.7500,0.7500,0.7400
KXBTC15M-26MAY120845-45,3,0.1100,0.1300,0.1200
KXBTC15M-26MAY120845-45,4,0.3100,0.3200,0.3100
KXBTC15M-26MAY120845-45,5,0.5900,0.6000,0.5900
KXBTC15M-26MAY120715-15,3,0.5000,0.5100,0.4900
KXBTC15M-26MAY120715-15,4,0.5000,0.5000,0.4800
KXBTC15M-26MAY120715-15,5,0.1300,0.1400,0.1300
KXBTC15M-26MAY120645-45,3,0.2400,0.2400,0.2300
KXBTC15M-26MAY120645-45,4,0.1700,0.1700,0.1600
KXBTC15M-26MAY120645-45,5,0.2300,0.2300,0.2200
KXBTC15M-26MAY120630-30,3,0.5500,0.5600,0.5500
KXBTC15M-26MAY120630-30,4,0.6000,0.6100,0.6000
KXBTC15M-26MAY120630-30,5,0.5000,0.5000,0.4900
KXBTC15M-26MAY121100-00,3,0.2200,0.2200,0.2100
KXBTC15M-26MAY121100-00,4,0.1200,0.1300,0.1200
KXBTC15M-26MAY121100-00,5,0.0670,0.0670,0.0610
KXBTC15M-26MAY120530-30,3,0.5000,0.5100,0.5000
KXBTC15M-26MAY120530-30,4,0.4100,0.4200,0.4100
KXBTC15M-26MAY120530-30,5,0.4400,0.4500,0.4400
KXBTC15M-26MAY120545-45,3,0.9540,0.9580,0.9540
KXBTC15M-26MAY120545-45,4,0.9610,0.9640,0.9570
KXBTC15M-26MAY120545-45,5,0.9640,0.9600,0.9560
KXBTC15M-26MAY120515-15,3,0.4700,0.4800,0.4600
KXBTC15M-26MAY120515-15,4,0.5800,0.5900,0.5800
KXBTC15M-26MAY120515-15,5,0.3300,0.3300,0.3200
KXBTC15M-26MAY120930-30,3,0.2300,0.2400,0.2300
KXBTC15M-26MAY120930-30,4,0.1200,0.1300,0.1100
KXBTC15M-26MAY120930-30,5,0.0770,0.0780,0.0730
KXBTC15M-26MAY120700-00,3,0.5600,0.5700,0.5600
KXBTC15M-26MAY120700-00,4,0.2800,0.2900,0.2800
KXBTC15M-26MAY120700-00,5,0.5400,0.5300,0.5200
KXBTC15M-26MAY120345-45,3,0.6200,0.6200,0.6100
KXBTC15M-26MAY120345-45,4,0.6000,0.5900,0.5700
KXBTC15M-26MAY120345-45,5,0.4500,0.4500,0.4400
KXBTC15M-26MAY120430-30,3,0.6700,0.6800,0.6700
KXBTC15M-26MAY120430-30,4,0.6900,0.7000,0.6900
KXBTC15M-26MAY120430-30,5,0.7800,0.7800,0.7700
KXBTC15M-26MAY120415-15,3,0.6200,0.6300,0.6200
KXBTC15M-26MAY120415-15,4,0.5000,0.5100,0.5000
KXBTC15M-26MAY120415-15,5,0.5600,0.5700,0.5600
KXBTC15M-26MAY120245-45,3,0.1200,0.1200,0.1100
KXBTC15M-26MAY120245-45,4,0.1600,0.1700,0.1600
KXBTC15M-26MAY120245-45,5,0.3100,0.3200,0.3100
KXBTC15M-26MAY120815-15,3,0.5000,0.5100,0.5000
KXBTC15M-26MAY120815-15,4,0.3900,0.3900,0.3800
KXBTC15M-26MAY120815-15,5,0.4500,0.4500,0.4400
KXBTC15M-26MAY120315-15,3,0.1600,0.1600,0.1500
KXBTC15M-26MAY120315-15,4,0.1300,0.1400,0.1300
KXBTC15M-26MAY120315-15,5,0.1200,0.1200,0.1100
KXBTC15M-26MAY120200-00,3,0.4900,0.5100,0.4900
KXBTC15M-26MAY120200-00,4,0.4900,0.5000,0.4900
KXBTC15M-26MAY120200-00,5,0.2500,0.2600,0.2500
KXBTC15M-26MAY120215-15,3,0.4800,0.4900,0.4800
KXBTC15M-26MAY120215-15,4,0.5000,0.5000,0.4900
KXBTC15M-26MAY120215-15,5,0.3500,0.3600,0.3500
KXBTC15M-26MAY120115-15,3,0.6100,0.6100,0.6000
KXBTC15M-26MAY120115-15,4,0.7400,0.7500,0.7400
KXBTC15M-26MAY120115-15,5,0.8100,0.8100,0.8000
KXBTC15M-26MAY120400-00,3,0.1700,0.1700,0.1600
KXBTC15M-26MAY120400-00,4,0.2200,0.2200,0.2100
KXBTC15M-26MAY120400-00,5,0.4400,0.4500,0.4400
KXBTC15M-26MAY120045-45,3,0.4900,0.5000,0.4900
KXBTC15M-26MAY120045-45,4,0.5400,0.5400,0.5300
KXBTC15M-26MAY120045-45,5,0.6100,0.6200,0.6100
KXBTC15M-26MAY120330-30,3,0.2300,0.2300,0.2200
KXBTC15M-26MAY120330-30,4,0.3700,0.3800,0.3700
KXBTC15M-26MAY120330-30,5,0.3600,0.3700,0.3600
KXBTC15M-26MAY120300-00,3,0.7100,0.7200,0.7100
KXBTC15M-26MAY120300-00,4,0.5600,0.5600,0.5500
KXBTC15M-26MAY120300-00,5,0.4100,0.4100,0.4000
KXBTC15M-26MAY120000-00,3,0.1300,0.1200,0.1100
KXBTC15M-26MAY120000-00,4,0.1400,0.1400,0.1300
KXBTC15M-26MAY120000-00,5,0.0660,0.0670,0.0620
KXBTC15M-26MAY120015-15,3,0.3300,0.3500,0.3400
KXBTC15M-26MAY120015-15,4,0.4200,0.4200,0.4100
KXBTC15M-26MAY120015-15,5,0.4200,0.4200,0.4100
KXBTC15M-26MAY112330-30,3,0.4600,0.4600,0.4500
KXBTC15M-26MAY112330-30,4,0.4800,0.4600,0.4500
KXBTC15M-26MAY112330-30,5,0.3700,0.3700,0.3600
KXBTC15M-26MAY120145-45,3,0.4500,0.4500,0.4300
KXBTC15M-26MAY120145-45,4,0.0900,0.0900,0.0890
KXBTC15M-26MAY120145-45,5,0.1600,0.1600,0.1500
KXBTC15M-26MAY112300-00,3,0.5600,0.5700,0.5600
KXBTC15M-26MAY112300-00,4,0.6200,0.6200,0.6000
KXBTC15M-26MAY112300-00,5,0.8300,0.8400,0.8300
KXBTC15M-26MAY112245-45,3,0.2900,0.3100,0.2900
KXBTC15M-26MAY112245-45,4,0.1700,0.1800,0.1700
KXBTC15M-26MAY112245-45,5,0.0880,0.1100,0.0960
KXBTC15M-26MAY120030-30,3,0.8800,0.8900,0.8800
KXBTC15M-26MAY120030-30,4,0.9330,0.9300,0.9230
KXBTC15M-26MAY120030-30,5,0.9580,0.9590,0.9530
KXBTC15M-26MAY112230-30,3,0.0980,0.0980,0.0960
KXBTC15M-26MAY112230-30,4,0.0520,0.0520,0.0500
KXBTC15M-26MAY112230-30,5,0.0380,0.0380,0.0330
KXBTC15M-26MAY112215-15,3,0.6600,0.6700,0.6600
KXBTC15M-26MAY112215-15,4,0.8200,0.8200,0.8000
KXBTC15M-26MAY112215-15,5,0.8700,0.8800,0.8700
KXBTC15M-26MAY112145-45,3,0.1400,0.1400,0.1300
KXBTC15M-26MAY112145-45,4,0.0680,0.0680,0.0610
KXBTC15M-26MAY112145-45,5,0.0280,0.0280,0.0230
KXBTC15M-26MAY112345-45,3,0.5000,0.5100,0.5000
KXBTC15M-26MAY112345-45,4,0.5500,0.5500,0.5400
KXBTC15M-26MAY112345-45,5,0.3400,0.3500,0.3400
KXBTC15M-26MAY120230-30,3,0.7600,0.7600,0.7500
KXBTC15M-26MAY120230-30,4,0.6500,0.6600,0.6400
KXBTC15M-26MAY120230-30,5,0.7100,0.7200,0.7100
KXBTC15M-26MAY112130-30,3,0.3300,0.3500,0.3300
KXBTC15M-26MAY112130-30,4,0.3400,0.3500,0.3400
KXBTC15M-26MAY112130-30,5,0.2800,0.2800,0.2700
KXBTC15M-26MAY112030-30,3,0.6200,0.6200,0.6100
KXBTC15M-26MAY112030-30,4,0.4000,0.4100,0.4000
KXBTC15M-26MAY112030-30,5,0.4300,0.4400,0.4300
KXBTC15M-26MAY112100-00,3,0.7800,0.7900,0.7800
KXBTC15M-26MAY112100-00,4,0.8400,0.8400,0.8300
KXBTC15M-26MAY112100-00,5,0.9020,0.9100,0.9030
KXBTC15M-26MAY111945-45,3,0.8400,0.8600,0.8400
KXBTC15M-26MAY111945-45,4,0.8800,0.9000,0.8900
KXBTC15M-26MAY111945-45,5,0.9330,0.9390,0.9330
KXBTC15M-26MAY120100-00,3,0.8100,0.8100,0.8000
KXBTC15M-26MAY120100-00,4,0.8500,0.8500,0.8400
KXBTC15M-26MAY120100-00,5,0.8600,0.8700,0.8600
KXBTC15M-26MAY111900-00,3,0.7800,0.7800,0.7700
KXBTC15M-26MAY111900-00,4,0.7500,0.7600,0.7500
KXBTC15M-26MAY111900-00,5,0.8400,0.8500,0.8400
KXBTC15M-26MAY111930-30,3,0.3400,0.3400,0.3300
KXBTC15M-26MAY111930-30,4,0.2200,0.2300,0.2200
KXBTC15M-26MAY111930-30,5,0.2300,0.2300,0.2200
KXBTC15M-26MAY111815-15,3,0.8700,0.8900,0.8700
KXBTC15M-26MAY111815-15,4,0.8600,0.8600,0.8500
KXBTC15M-26MAY111815-15,5,0.8500,0.8600,0.8500
KXBTC15M-26MAY111845-45,3,0.5600,0.5800,0.5600
KXBTC15M-26MAY111845-45,4,0.5400,0.5400,0.5300
KXBTC15M-26MAY111845-45,5,0.5900,0.5900,0.5800
KXBTC15M-26MAY111730-30,3,0.3400,0.3400,0.3300
KXBTC15M-26MAY111730-30,4,0.3200,0.3400,0.3200
KXBTC15M-26MAY111730-30,5,0.3300,0.3400,0.3300
KXBTC15M-26MAY111800-00,3,0.3200,0.3200,0.3100
KXBTC15M-26MAY111800-00,4,0.5100,0.5200,0.5000
KXBTC15M-26MAY111800-00,5,0.6900,0.6900,0.6800
KXBTC15M-26MAY112315-15,3,0.5600,0.5800,0.5600
KXBTC15M-26MAY112315-15,4,0.4300,0.4300,0.4200
KXBTC15M-26MAY112315-15,5,0.4300,0.4400,0.4300
KXBTC15M-26MAY111645-45,3,0.4300,0.4300,0.4200
KXBTC15M-26MAY111645-45,4,0.5600,0.5800,0.5600
KXBTC15M-26MAY111645-45,5,0.5000,0.5100,0.5000
KXBTC15M-26MAY112000-00,3,0.3500,0.3500,0.3400
KXBTC15M-26MAY112000-00,4,0.2900,0.2900,0.2800
KXBTC15M-26MAY112000-00,5,0.2100,0.2100,0.2000
KXBTC15M-26MAY111630-30,3,0.5200,0.5300,0.5200
KXBTC15M-26MAY111630-30,4,0.6600,0.6600,0.6500
KXBTC15M-26MAY111630-30,5,0.4900,0.4900,0.4800
KXBTC15M-26MAY111600-00,3,0.3700,0.3900,0.3700
KXBTC15M-26MAY111600-00,4,0.3500,0.3500,0.3400
KXBTC15M-26MAY111600-00,5,0.2900,0.3000,0.2900
KXBTC15M-26MAY111830-30,3,0.7000,0.7100,0.7000
KXBTC15M-26MAY111830-30,4,0.7300,0.7300,0.7200
KXBTC15M-26MAY111830-30,5,0.8000,0.8100,0.7900
KXBTC15M-26MAY111545-45,3,0.5000,0.5100,0.5000
KXBTC15M-26MAY111545-45,4,0.3900,0.4000,0.3900
KXBTC15M-26MAY111545-45,5,0.5300,0.5300,0.5100
KXBTC15M-26MAY112115-15,3,0.6700,0.6900,0.6700
KXBTC15M-26MAY112115-15,4,0.2200,0.2200,0.2100
KXBTC15M-26MAY112115-15,5,0.3300,0.3300,0.3200
KXBTC15M-26MAY111715-15,3,0.6500,0.6600,0.6500
KXBTC15M-26MAY111715-15,4,0.6300,0.6300,0.6200
KXBTC15M-26MAY111715-15,5,0.6200,0.6200,0.6100
KXBTC15M-26MAY111530-30,3,0.4000,0.4000,0.3900
KXBTC15M-26MAY111530-30,4,0.3100,0.3200,0.3100
KXBTC15M-26MAY111530-30,5,0.3300,0.3200,0.3100
KXBTC15M-26MAY111500-00,3,0.7700,0.7800,0.7700
KXBTC15M-26MAY111500-00,4,0.7000,0.7100,0.7000
KXBTC15M-26MAY111500-00,5,0.8200,0.8300,0.8200
KXBTC15M-26MAY111445-45,3,0.6900,0.6900,0.6800
KXBTC15M-26MAY111445-45,4,0.4800,0.4800,0.4700
KXBTC15M-26MAY111445-45,5,0.5700,0.5800,0.5600
KXBTC15M-26MAY111415-15,3,0.6700,0.6600,0.6500
KXBTC15M-26MAY111415-15,4,0.7600,0.7700,0.7600
KXBTC15M-26MAY111415-15,5,0.7400,0.7500,0.7400
KXBTC15M-26MAY111330-30,3,0.7400,0.7500,0.7400
KXBTC15M-26MAY111330-30,4,0.7900,0.8100,0.7900
KXBTC15M-26MAY111330-30,5,0.8500,0.8600,0.8500
KXBTC15M-26MAY111345-45,3,0.5800,0.5800,0.5700
KXBTC15M-26MAY111345-45,4,0.7500,0.7500,0.7400
KXBTC15M-26MAY111345-45,5,0.8400,0.8400,0.8300
KXBTC15M-26MAY111315-15,3,0.2600,0.2600,0.2500
KXBTC15M-26MAY111315-15,4,0.2900,0.2900,0.2700
KXBTC15M-26MAY111315-15,5,0.2300,0.2400,0.2300
KXBTC15M-26MAY111515-15,3,0.2800,0.2800,0.2700
KXBTC15M-26MAY111515-15,4,0.2200,0.2300,0.2200
KXBTC15M-26MAY111515-15,5,0.3500,0.3500,0.3300
KXBTC15M-26MAY111245-45,3,0.8000,0.8200,0.8000
KXBTC15M-26MAY111245-45,4,0.8900,0.8900,0.8800
KXBTC15M-26MAY111245-45,5,0.8500,0.8700,0.8600
KXBTC15M-26MAY111230-30,3,0.5100,0.5100,0.5000
KXBTC15M-26MAY111230-30,4,0.7100,0.7200,0.7100
KXBTC15M-26MAY111230-30,5,0.6600,0.6700,0.6600
KXBTC15M-26MAY111430-30,3,0.1900,0.2000,0.1900
KXBTC15M-26MAY111430-30,4,0.1700,0.1700,0.1600
KXBTC15M-26MAY111430-30,5,0.2500,0.2400,0.2200
KXBTC15M-26MAY111700-00,3,0.8300,0.8400,0.8300
KXBTC15M-26MAY111700-00,4,0.8300,0.8300,0.8200
KXBTC15M-26MAY111700-00,5,0.7100,0.7100,0.7000
KXBTC15M-26MAY111130-30,3,0.4000,0.4100,0.4000
KXBTC15M-26MAY111130-30,4,0.2600,0.2600,0.2500
KXBTC15M-26MAY111130-30,5,0.3900,0.3900,0.3800
KXBTC15M-26MAY111615-15,3,0.6100,0.6100,0.6000
KXBTC15M-26MAY111615-15,4,0.7300,0.7400,0.7300
KXBTC15M-26MAY111615-15,5,0.7400,0.7400,0.7300
KXBTC15M-26MAY111145-45,3,0.3700,0.3700,0.3500
KXBTC15M-26MAY111145-45,4,0.1800,0.1900,0.1800
KXBTC15M-26MAY111145-45,5,0.1500,0.1600,0.1500
KXBTC15M-26MAY111115-15,3,0.2700,0.2900,0.2800
KXBTC15M-26MAY111115-15,4,0.4200,0.4200,0.4000
KXBTC15M-26MAY111115-15,5,0.3000,0.3000,0.2800
KXBTC15M-26MAY111100-00,3,0.3500,0.3500,0.3400
KXBTC15M-26MAY111100-00,4,0.3600,0.3400,0.3300
KXBTC15M-26MAY111100-00,5,0.3400,0.3400,0.3300
KXBTC15M-26MAY110930-30,3,0.5600,0.5600,0.5400
KXBTC15M-26MAY110930-30,4,0.2700,0.2700,0.2600
KXBTC15M-26MAY110930-30,5,0.3700,0.3800,0.3700
KXBTC15M-26MAY111045-45,3,0.1000,0.1300,0.1200
KXBTC15M-26MAY111045-45,4,0.1000,0.1100,0.1000
KXBTC15M-26MAY111045-45,5,0.1800,0.1700,0.1600
KXBTC15M-26MAY111000-00,3,0.2900,0.2900,0.2800
KXBTC15M-26MAY111000-00,4,0.2800,0.2800,0.2700
KXBTC15M-26MAY111000-00,5,0.1800,0.1900,0.1800
KXBTC15M-26MAY110915-15,3,0.9000,0.9010,0.9000
KXBTC15M-26MAY110915-15,4,0.9040,0.9080,0.9030
KXBTC15M-26MAY110915-15,5,0.9230,0.9280,0.9230
KXBTC15M-26MAY111200-00,3,0.5400,0.5500,0.5400
KXBTC15M-26MAY111200-00,4,0.3900,0.4000,0.3900
KXBTC15M-26MAY111200-00,5,0.5400,0.5500,0.5300
KXBTC15M-26MAY110900-00,3,0.3500,0.3500,0.3400
KXBTC15M-26MAY110900-00,4,0.4600,0.4600,0.4500
KXBTC15M-26MAY110900-00,5,0.2100,0.2100,0.2000
KXBTC15M-26MAY110730-30,3,0.9190,0.9240,0.9200
KXBTC15M-26MAY110730-30,4,0.9230,0.9240,0.9190
KXBTC15M-26MAY110730-30,5,0.9320,0.9400,0.9330
KXBTC15M-26MAY110715-15,3,0.7800,0.7800,0.7700
KXBTC15M-26MAY110715-15,4,0.6800,0.6900,0.6800
KXBTC15M-26MAY110715-15,5,0.7800,0.7800,0.7700
KXBTC15M-26MAY110700-00,3,0.3800,0.4000,0.3800
KXBTC15M-26MAY110700-00,4,0.5300,0.5300,0.5200
KXBTC15M-26MAY110700-00,5,0.6400,0.6400,0.6300
KXBTC15M-26MAY111015-15,3,0.8400,0.8400,0.8300
KXBTC15M-26MAY111015-15,4,0.8200,0.8300,0.8200
KXBTC15M-26MAY111015-15,5,0.9090,0.9010,0.9000
KXBTC15M-26MAY111300-00,3,0.8200,0.8300,0.8200
KXBTC15M-26MAY111300-00,4,0.7600,0.7700,0.7600
KXBTC15M-26MAY111300-00,5,0.7500,0.7600,0.7500
KXBTC15M-26MAY110645-45,3,0.3600,0.3500,0.3400
KXBTC15M-26MAY110645-45,4,0.1300,0.1400,0.1300
KXBTC15M-26MAY110645-45,5,0.1300,0.1300,0.1200
KXBTC15M-26MAY110845-45,3,0.5300,0.5400,0.5300
KXBTC15M-26MAY110845-45,4,0.3000,0.3100,0.3000
KXBTC15M-26MAY110845-45,5,0.4800,0.4900,0.4800
KXBTC15M-26MAY110545-45,3,0.2700,0.2700,0.2600
KXBTC15M-26MAY110545-45,4,0.3200,0.3400,0.3300
KXBTC15M-26MAY110545-45,5,0.2600,0.2700,0.2600
KXBTC15M-26MAY110530-30,3,0.5800,0.5900,0.5800
KXBTC15M-26MAY110530-30,4,0.4100,0.4200,0.4100
KXBTC15M-26MAY110530-30,5,0.3300,0.3400,0.3300
KXBTC15M-26MAY110745-45,3,0.6400,0.6600,0.6500
KXBTC15M-26MAY110745-45,4,0.7900,0.7900,0.7800
KXBTC15M-26MAY110745-45,5,0.8500,0.8500,0.8400
KXBTC15M-26MAY110800-00,3,0.5200,0.5300,0.5200
KXBTC15M-26MAY110800-00,4,0.3700,0.3800,0.3600
KXBTC15M-26MAY110800-00,5,0.2700,0.2700,0.2600
KXBTC15M-26MAY110515-15,3,0.6900,0.7000,0.6900
KXBTC15M-26MAY110515-15,4,0.8500,0.8600,0.8500
KXBTC15M-26MAY110515-15,5,0.8600,0.8700,0.8600
KXBTC15M-26MAY110500-00,3,0.5000,0.5000,0.4900
KXBTC15M-26MAY110500-00,4,0.6200,0.6300,0.6200
KXBTC15M-26MAY110500-00,5,0.5500,0.5500,0.5300
KXBTC15M-26MAY110445-45,3,0.7000,0.7100,0.7000
KXBTC15M-26MAY110445-45,4,0.6600,0.6600,0.6500
KXBTC15M-26MAY110445-45,5,0.7700,0.7600,0.7500
KXBTC15M-26MAY110430-30,3,0.5800,0.5900,0.5800
KXBTC15M-26MAY110430-30,4,0.7100,0.7100,0.7000
KXBTC15M-26MAY110430-30,5,0.4800,0.4700,0.4600
KXBTC15M-26MAY110600-00,3,0.7800,0.7900,0.7800
KXBTC15M-26MAY110600-00,4,0.7200,0.7300,0.7200
KXBTC15M-26MAY110600-00,5,0.6600,0.6700,0.6600
KXBTC15M-26MAY110315-15,3,0.1400,0.1400,0.1300
KXBTC15M-26MAY110315-15,4,0.1100,0.1100,0.1000
KXBTC15M-26MAY110315-15,5,0.0770,0.0770,0.0740
KXBTC15M-26MAY110815-15,3,0.3800,0.3800,0.3700
KXBTC15M-26MAY110815-15,4,0.4300,0.4500,0.4400
KXBTC15M-26MAY110815-15,5,0.4500,0.4700,0.4600
KXBTC15M-26MAY110245-45,3,0.5000,0.5000,0.4900
KXBTC15M-26MAY110245-45,4,0.3000,0.3300,0.3000
KXBTC15M-26MAY110245-45,5,0.2400,0.2400,0.2300
KXBTC15M-26MAY110300-00,3,0.4200,0.4200,0.4000
KXBTC15M-26MAY110300-00,4,0.2600,0.2600,0.2500
KXBTC15M-26MAY110300-00,5,0.4000,0.4000,0.3800
KXBTC15M-26MAY110215-15,3,0.3500,0.3600,0.3500
KXBTC15M-26MAY110215-15,4,0.6100,0.6200,0.6100
KXBTC15M-26MAY110215-15,5,0.6400,0.6500,0.6400
KXBTC15M-26MAY110145-45,3,0.5900,0.5800,0.5700
KXBTC15M-26MAY110145-45,4,0.6300,0.6400,0.6300
KXBTC15M-26MAY110145-45,5,0.3500,0.3500,0.3400
KXBTC15M-26MAY110630-30,3,0.8300,0.8400,0.8300
KXBTC15M-26MAY110630-30,4,0.9000,0.9000,0.8800
KXBTC15M-26MAY110630-30,5,0.8700,0.8700,0.8600
KXBTC15M-26MAY110115-15,3,0.7200,0.7100,0.7000
KXBTC15M-26MAY110115-15,4,0.7000,0.7100,0.7000
KXBTC15M-26MAY110115-15,5,0.8000,0.8000,0.7900
KXBTC15M-26MAY110130-30,3,0.6300,0.6500,0.6300
KXBTC15M-26MAY110130-30,4,0.6500,0.6700,0.6600
KXBTC15M-26MAY110130-30,5,0.7400,0.7500,0.7400
KXBTC15M-26MAY110045-45,3,0.7300,0.7300,0.7100
KXBTC15M-26MAY110045-45,4,0.7200,0.7200,0.7100
KXBTC15M-26MAY110045-45,5,0.7900,0.8000,0.7900
KXBTC15M-26MAY110030-30,3,0.6200,0.6300,0.6200
KXBTC15M-26MAY110030-30,4,0.4900,0.5000,0.4900
KXBTC15M-26MAY110030-30,5,0.4500,0.4500,0.4400
KXBTC15M-26MAY102345-45,3,0.4900,0.4900,0.4800
KXBTC15M-26MAY102345-45,4,0.3400,0.3400,0.3300
KXBTC15M-26MAY102345-45,5,0.3900,0.3900,0.3800
KXBTC15M-26MAY102330-30,3,0.4900,0.5000,0.4900
KXBTC15M-26MAY102330-30,4,0.4200,0.4200,0.4100
KXBTC15M-26MAY102330-30,5,0.3100,0.3100,0.3000
KXBTC15M-26MAY102315-15,3,0.3300,0.3300,0.3200
KXBTC15M-26MAY102315-15,4,0.2500,0.2500,0.2400
KXBTC15M-26MAY102315-15,5,0.1900,0.2000,0.1900
KXBTC15M-26MAY102300-00,3,0.5600,0.5700,0.5600
KXBTC15M-26MAY102300-00,4,0.4200,0.4200,0.4100
KXBTC15M-26MAY102300-00,5,0.5600,0.5600,0.5500
KXBTC15M-26MAY102230-30,3,0.2400,0.2400,0.2300
KXBTC15M-26MAY102230-30,4,0.1900,0.2000,0.1900
KXBTC15M-26MAY102230-30,5,0.1000,0.1100,0.1000
KXBTC15M-26MAY110415-15,3,0.4800,0.4800,0.4700
KXBTC15M-26MAY110415-15,4,0.3600,0.3600,0.3500
KXBTC15M-26MAY110415-15,5,0.5500,0.5600,0.5500
KXBTC15M-26MAY102200-00,3,0.3500,0.3500,0.3400
KXBTC15M-26MAY102200-00,4,0.6400,0.6500,0.6400
KXBTC15M-26MAY102200-00,5,0.5400,0.5400,0.5200
KXBTC15M-26MAY110400-00,3,0.5300,0.5300,0.5200
KXBTC15M-26MAY110400-00,4,0.5500,0.5500,0.5400
KXBTC15M-26MAY110400-00,5,0.7500,0.7600,0.7500
KXBTC15M-26MAY110015-15,3,0.4400,0.4500,0.4400
KXBTC15M-26MAY110015-15,4,0.4300,0.4300,0.4200
KXBTC15M-26MAY110015-15,5,0.5900,0.5900,0.5800
KXBTC15M-26MAY102145-45,3,0.5400,0.5200,0.5100
KXBTC15M-26MAY102145-45,4,0.2400,0.2400,0.2300
KXBTC15M-26MAY102145-45,5,0.1600,0.1800,0.1700
KXBTC15M-26MAY102115-15,3,0.2700,0.2800,0.2700
KXBTC15M-26MAY102115-15,4,0.2400,0.2400,0.2100
KXBTC15M-26MAY102115-15,5,0.3300,0.3500,0.3400
KXBTC15M-26MAY102030-30,3,0.1200,0.1200,0.1100
KXBTC15M-26MAY102030-30,4,0.0500,0.0490,0.0420
KXBTC15M-26MAY102030-30,5,0.0310,0.0300,0.0280
KXBTC15M-26MAY102015-15,3,0.4700,0.4800,0.4700
KXBTC15M-26MAY102015-15,4,0.3000,0.3000,0.2900
KXBTC15M-26MAY102015-15,5,0.3000,0.3000,0.2900
KXBTC15M-26MAY102100-00,3,0.5000,0.5000,0.4800
KXBTC15M-26MAY102100-00,4,0.3700,0.3700,0.3600
KXBTC15M-26MAY102100-00,5,0.3100,0.3200,0.3100
KXBTC15M-26MAY110230-30,3,0.2000,0.2000,0.1900
KXBTC15M-26MAY110230-30,4,0.2200,0.2400,0.2300
KXBTC15M-26MAY110230-30,5,0.3000,0.3200,0.3000
KXBTC15M-26MAY102000-00,3,0.3900,0.3900,0.3800
KXBTC15M-26MAY102000-00,4,0.3100,0.3300,0.3200
KXBTC15M-26MAY102000-00,5,0.1800,0.1900,0.1700
KXBTC15M-26MAY101915-15,3,0.8200,0.8200,0.8100
KXBTC15M-26MAY101915-15,4,0.8600,0.8600,0.8500
KXBTC15M-26MAY101915-15,5,0.9220,0.9240,0.9220
KXBTC15M-26MAY102130-30,3,0.7500,0.7700,0.7600
KXBTC15M-26MAY102130-30,4,0.8700,0.8700,0.8600
KXBTC15M-26MAY102130-30,5,0.8600,0.8600,0.8500
KXBTC15M-26MAY101900-00,3,0.6100,0.6000,0.5900
KXBTC15M-26MAY101900-00,4,0.7600,0.7600,0.7500
KXBTC15M-26MAY101900-00,5,0.6700,0.6800,0.6700
KXBTC15M-26MAY101830-30,3,0.5000,0.5000,0.4900
KXBTC15M-26MAY101830-30,4,0.5900,0.5900,0.5800
KXBTC15M-26MAY101830-30,5,0.5200,0.5300,0.5200
KXBTC15M-26MAY102045-45,3,0.7700,0.7700,0.7600
KXBTC15M-26MAY102045-45,4,0.7200,0.7500,0.7300
KXBTC15M-26MAY102045-45,5,0.7800,0.7800,0.7700
KXBTC15M-26MAY110000-00,3,0.6300,0.6400,0.6300
KXBTC15M-26MAY110000-00,4,0.4600,0.4600,0.4500
KXBTC15M-26MAY110000-00,5,0.5700,0.5800,0.5700
KXBTC15M-26MAY101945-45,3,0.4600,0.4600,0.4500
KXBTC15M-26MAY101945-45,4,0.4500,0.4500,0.4400
KXBTC15M-26MAY101945-45,5,0.5900,0.6200,0.6000
KXBTC15M-26MAY101800-00,3,0.5400,0.5500,0.5300
KXBTC15M-26MAY101800-00,4,0.4900,0.5000,0.4900
KXBTC15M-26MAY101800-00,5,0.5900,0.5900,0.5800
KXBTC15M-26MAY101645-45,3,0.0960,0.0990,0.0960
KXBTC15M-26MAY101645-45,4,0.0950,0.1100,0.0950
KXBTC15M-26MAY101645-45,5,0.1300,0.1200,0.1100
KXBTC15M-26MAY101930-30,3,0.3500,0.3700,0.3500
KXBTC15M-26MAY101930-30,4,0.3100,0.3300,0.3100
KXBTC15M-26MAY101930-30,5,0.3200,0.3200,0.3000
KXBTC15M-26MAY101700-00,3,0.0790,0.0800,0.0790
KXBTC15M-26MAY101700-00,4,0.0320,0.0340,0.0280
KXBTC15M-26MAY101700-00,5,0.0600,0.0620,0.0590
KXBTC15M-26MAY101600-00,3,0.3100,0.3100,0.2900
KXBTC15M-26MAY101600-00,4,0.2600,0.2600,0.2500
KXBTC15M-26MAY101600-00,5,0.1500,0.1600,0.1500
KXBTC15M-26MAY101615-15,3,0.5900,0.5900,0.5800
KXBTC15M-26MAY101615-15,4,0.4800,0.4800,0.4700
KXBTC15M-26MAY101615-15,5,0.5900,0.5900,0.5700
KXBTC15M-26MAY101530-30,3,0.8800,0.8900,0.8800
KXBTC15M-26MAY101530-30,4,0.8200,0.8200,0.8100
KXBTC15M-26MAY101530-30,5,0.8700,0.8700,0.8600
KXBTC15M-26MAY101815-15,3,0.8900,0.8900,0.8800
KXBTC15M-26MAY101815-15,4,0.8700,0.8800,0.8700
KXBTC15M-26MAY101815-15,5,0.9300,0.9270,0.9230
KXBTC15M-26MAY101445-45,3,0.5800,0.5700,0.5500
KXBTC15M-26MAY101445-45,4,0.4800,0.4900,0.4800
KXBTC15M-26MAY101445-45,5,0.4100,0.4200,0.4100
KXBTC15M-26MAY101730-30,3,0.8200,0.8300,0.8200
KXBTC15M-26MAY101730-30,4,0.9180,0.9220,0.9180
KXBTC15M-26MAY101730-30,5,0.8400,0.8500,0.8400
KXBTC15M-26MAY101400-00,3,0.8500,0.8600,0.8500
KXBTC15M-26MAY101400-00,4,0.6000,0.6000,0.5900
KXBTC15M-26MAY101400-00,5,0.8200,0.8500,0.8400
KXBTC15M-26MAY101430-30,3,0.1800,0.1800,0.1700
KXBTC15M-26MAY101430-30,4,0.1500,0.1600,0.1500
KXBTC15M-26MAY101430-30,5,0.1700,0.1800,0.1700
KXBTC15M-26MAY101415-15,3,0.4100,0.4200,0.4100
KXBTC15M-26MAY101415-15,4,0.5500,0.5400,0.5300
KXBTC15M-26MAY101415-15,5,0.3900,0.3900,0.3800
KXBTC15M-26MAY101315-15,3,0.5500,0.5600,0.5500
KXBTC15M-26MAY101315-15,4,0.7100,0.7100,0.7000
KXBTC15M-26MAY101315-15,5,0.8500,0.8600,0.8500
KXBTC15M-26MAY101545-45,3,0.2100,0.2300,0.2100
KXBTC15M-26MAY101545-45,4,0.2900,0.3000,0.2900
KXBTC15M-26MAY101545-45,5,0.1800,0.2000,0.1900
KXBTC15M-26MAY101245-45,3,0.1700,0.1800,0.1700
KXBTC15M-26MAY101245-45,4,0.3400,0.3400,0.3300
KXBTC15M-26MAY101245-45,5,0.3500,0.3600,0.3500
KXBTC15M-26MAY101300-00,3,0.6400,0.6500,0.6400
KXBTC15M-26MAY101300-00,4,0.8200,0.8300,0.8200
KXBTC15M-26MAY101300-00,5,0.8400,0.8400,0.8300
KXBTC15M-26MAY101200-00,3,0.9110,0.9090,0.9050
KXBTC15M-26MAY101200-00,4,0.9420,0.9480,0.9420
KXBTC15M-26MAY101200-00,5,0.9620,0.9660,0.9620
KXBTC15M-26MAY101230-30,3,0.1300,0.1400,0.1300
KXBTC15M-26MAY101230-30,4,0.1000,0.1000,0.0960
KXBTC15M-26MAY101230-30,5,0.1100,0.1200,0.1100
KXBTC15M-26MAY101115-15,3,0.8500,0.8600,0.8500
KXBTC15M-26MAY101115-15,4,0.8600,0.8700,0.8500
KXBTC15M-26MAY101115-15,5,0.9130,0.9200,0.9130
KXBTC15M-26MAY101145-45,3,0.4300,0.4400,0.4300
KXBTC15M-26MAY101145-45,4,0.6300,0.6300,0.6200
KXBTC15M-26MAY101145-45,5,0.7500,0.7500,0.7400
KXBTC15M-26MAY101045-45,3,0.8400,0.8500,0.8400
KXBTC15M-26MAY101045-45,4,0.8400,0.8400,0.8300
KXBTC15M-26MAY101045-45,5,0.8600,0.8600,0.8500
KXBTC15M-26MAY101030-30,3,0.2500,0.2500,0.2400
KXBTC15M-26MAY101030-30,4,0.2700,0.2700,0.2600
KXBTC15M-26MAY101030-30,5,0.1500,0.1600,0.1500
KXBTC15M-26MAY101630-30,3,0.1100,0.1100,0.1000
KXBTC15M-26MAY101630-30,4,0.1300,0.1300,0.1200
KXBTC15M-26MAY101630-30,5,0.3900,0.3900,0.3800
KXBTC15M-26MAY101000-00,3,0.6500,0.6500,0.6400
KXBTC15M-26MAY101000-00,4,0.5700,0.5900,0.5800
KXBTC15M-26MAY101000-00,5,0.7300,0.7300,0.7100
KXBTC15M-26MAY101015-15,3,0.3900,0.3900,0.3800
KXBTC15M-26MAY101015-15,4,0.3400,0.3400,0.3300
KXBTC15M-26MAY101015-15,5,0.3300,0.3300,0.3200
KXBTC15M-26MAY101215-15,3,0.4600,0.4700,0.4600
KXBTC15M-26MAY101215-15,4,0.4200,0.4300,0.4200
KXBTC15M-26MAY101215-15,5,0.2800,0.2800,0.2700
KXBTC15M-26MAY100915-15,3,0.5100,0.5200,0.5100
KXBTC15M-26MAY100915-15,4,0.4800,0.5000,0.4800
KXBTC15M-26MAY100915-15,5,0.5400,0.5500,0.5400
KXBTC15M-26MAY100900-00,3,0.6300,0.6300,0.6200
KXBTC15M-26MAY100900-00,4,0.4500,0.4600,0.4500
KXBTC15M-26MAY100900-00,5,0.5700,0.5800,0.5700
KXBTC15M-26MAY101100-00,3,0.2100,0.2100,0.2000
KXBTC15M-26MAY101100-00,4,0.1400,0.1500,0.1400
KXBTC15M-26MAY101100-00,5,0.5600,0.5700,0.5600
KXBTC15M-26MAY100815-15,3,0.1600,0.1600,0.1500
KXBTC15M-26MAY100815-15,4,0.1600,0.1700,0.1600
KXBTC15M-26MAY100815-15,5,0.1100,0.1200,0.1100
KXBTC15M-26MAY101345-45,3,0.3600,0.3800,0.3600
KXBTC15M-26MAY101345-45,4,0.2100,0.2100,0.1900
KXBTC15M-26MAY101345-45,5,0.1800,0.1800,0.1700
KXBTC15M-26MAY100830-30,3,0.6100,0.6100,0.6000
KXBTC15M-26MAY100830-30,4,0.5500,0.5600,0.5500
KXBTC15M-26MAY100830-30,5,0.6200,0.6200,0.6100
KXBTC15M-26MAY101330-30,3,0.5700,0.5800,0.5700
KXBTC15M-26MAY101330-30,4,0.5900,0.6000,0.5900
KXBTC15M-26MAY101330-30,5,0.7000,0.7000,0.6800
KXBTC15M-26MAY100700-00,3,0.7000,0.7100,0.7000
KXBTC15M-26MAY100700-00,4,0.6800,0.7000,0.6800
KXBTC15M-26MAY100700-00,5,0.7900,0.8000,0.7900
KXBTC15M-26MAY100645-45,3,0.6800,0.6500,0.6400
KXBTC15M-26MAY100645-45,4,0.4200,0.4200,0.4100
KXBTC15M-26MAY100645-45,5,0.5300,0.5300,0.5200
KXBTC15M-26MAY100930-30,3,0.4700,0.4800,0.4700
KXBTC15M-26MAY100930-30,4,0.5500,0.5600,0.5500
KXBTC15M-26MAY100930-30,5,0.5800,0.5800,0.5700
KXBTC15M-26MAY100715-15,3,0.9040,0.9060,0.9050
KXBTC15M-26MAY100715-15,4,0.8200,0.8300,0.8200
KXBTC15M-26MAY100715-15,5,0.7900,0.7900,0.7800
KXBTC15M-26MAY100845-45,3,0.5600,0.5600,0.5500
KXBTC15M-26MAY100845-45,4,0.3800,0.3800,0.3700
KXBTC15M-26MAY100845-45,5,0.2700,0.2800,0.2700
KXBTC15M-26MAY100615-15,3,0.3300,0.3400,0.3300
KXBTC15M-26MAY100615-15,4,0.1100,0.1200,0.1100
KXBTC15M-26MAY100615-15,5,0.0780,0.0880,0.0790
KXBTC15M-26MAY100600-00,3,0.8300,0.8500,0.8400
KXBTC15M-26MAY100600-00,4,0.8300,0.8400,0.8300
KXBTC15M-26MAY100600-00,5,0.8000,0.8100,0.8000
KXBTC15M-26MAY100545-45,3,0.4300,0.4300,0.4200
KXBTC15M-26MAY100545-45,4,0.1800,0.1800,0.1700
KXBTC15M-26MAY100545-45,5,0.1100,0.1100,0.1000
KXBTC15M-26MAY100745-45,3,0.2000,0.2100,0.2000
KXBTC15M-26MAY100745-45,4,0.3500,0.3500,0.3400
KXBTC15M-26MAY100745-45,5,0.3700,0.3700,0.3600
KXBTC15M-26MAY100500-00,3,0.6500,0.6600,0.6500
KXBTC15M-26MAY100500-00,4,0.7000,0.7000,0.6900
KXBTC15M-26MAY100500-00,5,0.7500,0.7500,0.7300
KXBTC15M-26MAY100730-30,3,0.2200,0.2300,0.2200
KXBTC15M-26MAY100730-30,4,0.1600,0.1700,0.1600
KXBTC15M-26MAY100730-30,5,0.0610,0.0670,0.0610
KXBTC15M-26MAY100330-30,3,0.7000,0.7100,0.7000
KXBTC15M-26MAY100330-30,4,0.5900,0.6000,0.5900
KXBTC15M-26MAY100330-30,5,0.6300,0.6300,0.6200
KXBTC15M-26MAY100945-45,3,0.5900,0.5900,0.5700
KXBTC15M-26MAY100945-45,4,0.6700,0.6700,0.6600
KXBTC15M-26MAY100945-45,5,0.6200,0.6400,0.6200
KXBTC15M-26MAY100345-45,3,0.4200,0.4300,0.4200
KXBTC15M-26MAY100345-45,4,0.3900,0.3900,0.3800
KXBTC15M-26MAY100345-45,5,0.3500,0.3600,0.3500
KXBTC15M-26MAY100315-15,3,0.7600,0.7700,0.7500
KXBTC15M-26MAY100315-15,4,0.6300,0.6300,0.6200
KXBTC15M-26MAY100315-15,5,0.7100,0.7400,0.7300
KXBTC15M-26MAY100230-30,3,0.6600,0.6600,0.6400
KXBTC15M-26MAY100230-30,4,0.3500,0.3500,0.3400
KXBTC15M-26MAY100230-30,5,0.3900,0.4000,0.3900
KXBTC15M-26MAY100215-15,3,0.6200,0.6300,0.6200
KXBTC15M-26MAY100215-15,4,0.6400,0.6500,0.6400
KXBTC15M-26MAY100215-15,5,0.7200,0.7300,0.7200
KXBTC15M-26MAY100445-45,3,0.3500,0.3500,0.3400
KXBTC15M-26MAY100445-45,4,0.3100,0.3100,0.3000
KXBTC15M-26MAY100445-45,5,0.3800,0.3900,0.3800
KXBTC15M-26MAY100415-15,3,0.4300,0.4400,0.4300
KXBTC15M-26MAY100415-15,4,0.3000,0.3000,0.2900
KXBTC15M-26MAY100415-15,5,0.3700,0.3800,0.3700
KXBTC15M-26MAY100115-15,3,0.2700,0.2700,0.2600
KXBTC15M-26MAY100115-15,4,0.2800,0.3000,0.2800
KXBTC15M-26MAY100115-15,5,0.2200,0.2200,0.2100
KXBTC15M-26MAY100145-45,3,0.2000,0.2000,0.1900
KXBTC15M-26MAY100145-45,4,0.2600,0.2600,0.2500
KXBTC15M-26MAY100145-45,5,0.2300,0.2400,0.2200
KXBTC15M-26MAY100130-30,3,0.6800,0.6900,0.6800
KXBTC15M-26MAY100130-30,4,0.6200,0.6300,0.6200
KXBTC15M-26MAY100130-30,5,0.6300,0.6500,0.6300
KXBTC15M-26MAY100245-45,3,0.4500,0.4600,0.4500
KXBTC15M-26MAY100245-45,4,0.5200,0.5200,0.5100
KXBTC15M-26MAY100245-45,5,0.6800,0.6900,0.6800
KXBTC15M-26MAY100045-45,3,0.8500,0.8500,0.8400
KXBTC15M-26MAY100045-45,4,0.7100,0.7300,0.7200
KXBTC15M-26MAY100045-45,5,0.7900,0.7800,0.7700
KXBTC15M-26MAY100530-30,3,0.5000,0.5100,0.5000
KXBTC15M-26MAY100530-30,4,0.3200,0.3200,0.3100
KXBTC15M-26MAY100530-30,5,0.2000,0.2100,0.2000
KXBTC15M-26MAY100015-15,3,0.2000,0.2100,0.2000
KXBTC15M-26MAY100015-15,4,0.1600,0.1600,0.1500
KXBTC15M-26MAY100015-15,5,0.2900,0.2900,0.2800
KXBTC15M-26MAY100000-00,3,0.5300,0.5300,0.5100
KXBTC15M-26MAY100000-00,4,0.6500,0.6600,0.6400
KXBTC15M-26MAY100000-00,5,0.6500,0.6600,0.6500
KXBTC15M-26MAY092330-30,3,0.3900,0.4000,0.3900
KXBTC15M-26MAY092330-30,4,0.3300,0.3300,0.3200
KXBTC15M-26MAY092330-30,5,0.1800,0.1800,0.1700
KXBTC15M-26MAY100100-00,3,0.2200,0.2300,0.2200
KXBTC15M-26MAY100100-00,4,0.2300,0.2300,0.2200
KXBTC15M-26MAY100100-00,5,0.3800,0.3900,0.3800
KXBTC15M-26MAY092315-15,3,0.7800,0.7800,0.7700
KXBTC15M-26MAY092315-15,4,0.8700,0.8800,0.8700
KXBTC15M-26MAY092315-15,5,0.7700,0.7800,0.7700
KXBTC15M-26MAY100030-30,3,0.7700,0.7700,0.7600
KXBTC15M-26MAY100030-30,4,0.7000,0.7000,0.6800
KXBTC15M-26MAY100030-30,5,0.5100,0.5200,0.5100
KXBTC15M-26MAY092215-15,3,0.3200,0.3300,0.3200
KXBTC15M-26MAY092215-15,4,0.3400,0.3400,0.3200
KXBTC15M-26MAY092215-15,5,0.3300,0.3300,0.3200
KXBTC15M-26MAY092145-45,3,0.6200,0.6300,0.6200
KXBTC15M-26MAY092145-45,4,0.5000,0.5000,0.4900
KXBTC15M-26MAY092145-45,5,0.5500,0.5500,0.5400
KXBTC15M-26MAY092230-30,3,0.7100,0.7000,0.6900
KXBTC15M-26MAY092230-30,4,0.6600,0.6800,0.6600
KXBTC15M-26MAY092230-30,5,0.6900,0.7000,0.6900
KXBTC15M-26MAY092345-45,3,0.5600,0.5900,0.5700
KXBTC15M-26MAY092345-45,4,0.7100,0.7100,0.7000
KXBTC15M-26MAY092345-45,5,0.8000,0.8200,0.8100
KXBTC15M-26MAY092100-00,3,0.1600,0.1600,0.1500
KXBTC15M-26MAY092100-00,4,0.1200,0.1300,0.1200
KXBTC15M-26MAY092100-00,5,0.0510,0.0560,0.0510
KXBTC15M-26MAY092130-30,3,0.6900,0.7000,0.6900
KXBTC15M-26MAY092130-30,4,0.3700,0.3800,0.3700
KXBTC15M-26MAY092130-30,5,0.3500,0.3500,0.3400
KXBTC15M-26MAY092015-15,3,0.3200,0.3200,0.3100
KXBTC15M-26MAY092015-15,4,0.2200,0.2200,0.2100
KXBTC15M-26MAY092015-15,5,0.2400,0.2400,0.2300
KXBTC15M-26MAY092045-45,3,0.4200,0.4300,0.4200
KXBTC15M-26MAY092045-45,4,0.6300,0.6400,0.6200
KXBTC15M-26MAY092045-45,5,0.6300,0.6400,0.6300
KXBTC15M-26MAY091930-30,3,0.2800,0.2800,0.2700
KXBTC15M-26MAY091930-30,4,0.3100,0.3000,0.2900
KXBTC15M-26MAY091930-30,5,0.2700,0.2700,0.2600
KXBTC15M-26MAY091915-15,3,0.9210,0.9210,0.9120
KXBTC15M-26MAY091915-15,4,0.6200,0.6300,0.6200
KXBTC15M-26MAY091915-15,5,0.5700,0.5800,0.5700
KXBTC15M-26MAY092200-00,3,0.4900,0.5000,0.4900
KXBTC15M-26MAY092200-00,4,0.5500,0.5600,0.5500
KXBTC15M-26MAY092200-00,5,0.7000,0.7000,0.6900
KXBTC15M-26MAY091845-45,3,0.0970,0.1000,0.0970
KXBTC15M-26MAY091845-45,4,0.2900,0.3000,0.2900
KXBTC15M-26MAY091845-45,5,0.2100,0.2100,0.2000
KXBTC15M-26MAY092115-15,3,0.3100,0.3100,0.3000
KXBTC15M-26MAY092115-15,4,0.2900,0.3100,0.2900
KXBTC15M-26MAY092115-15,5,0.1100,0.1200,0.1100
KXBTC15M-26MAY091815-15,3,0.3500,0.3600,0.3500
KXBTC15M-26MAY091815-15,4,0.4700,0.4800,0.4700
KXBTC15M-26MAY091815-15,5,0.4300,0.4300,0.4200
KXBTC15M-26MAY091830-30,3,0.7900,0.8000,0.7800
KXBTC15M-26MAY091830-30,4,0.7200,0.7100,0.7000
KXBTC15M-26MAY091830-30,5,0.7200,0.7200,0.7100
KXBTC15M-26MAY091700-00,3,0.4200,0.4200,0.4100
KXBTC15M-26MAY091700-00,4,0.3700,0.3800,0.3700
KXBTC15M-26MAY091700-00,5,0.5400,0.5400,0.5300
KXBTC15M-26MAY091645-45,3,0.2400,0.2500,0.2400
KXBTC15M-26MAY091645-45,4,0.1200,0.1300,0.1200
KXBTC15M-26MAY091645-45,5,0.2300,0.2300,0.2200
KXBTC15M-26MAY092300-00,3,0.6500,0.6600,0.6500
KXBTC15M-26MAY092300-00,4,0.8100,0.8200,0.8100
KXBTC15M-26MAY092300-00,5,0.7200,0.7200,0.7100
KXBTC15M-26MAY092245-45,3,0.3100,0.3100,0.3000
KXBTC15M-26MAY092245-45,4,0.3300,0.3300,0.2700
KXBTC15M-26MAY092245-45,5,0.6000,0.6100,0.6000
KXBTC15M-26MAY091545-45,3,0.4100,0.4100,0.4000
KXBTC15M-26MAY091545-45,4,0.3600,0.3700,0.3600
KXBTC15M-26MAY091545-45,5,0.3300,0.3400,0.3300
KXBTC15M-26MAY091615-15,3,0.3100,0.3100,0.3000
KXBTC15M-26MAY091615-15,4,0.2900,0.3000,0.2900
KXBTC15M-26MAY091615-15,5,0.2100,0.2100,0.2000
KXBTC15M-26MAY091800-00,3,0.5500,0.5600,0.5500
KXBTC15M-26MAY091800-00,4,0.7100,0.7100,0.7000
KXBTC15M-26MAY091800-00,5,0.5900,0.6200,0.6100
KXBTC15M-26MAY091530-30,3,0.1900,0.2000,0.1900
KXBTC15M-26MAY091530-30,4,0.5200,0.5200,0.5100
KXBTC15M-26MAY091530-30,5,0.4000,0.4200,0.4000
KXBTC15M-26MAY091515-15,3,0.3400,0.3500,0.3400
KXBTC15M-26MAY091515-15,4,0.2900,0.3000,0.2900
KXBTC15M-26MAY091515-15,5,0.4900,0.4900,0.4800
KXBTC15M-26MAY091430-30,3,0.7500,0.7500,0.7400
KXBTC15M-26MAY091430-30,4,0.7200,0.7300,0.7200
KXBTC15M-26MAY091430-30,5,0.6600,0.6700,0.6600
KXBTC15M-26MAY092030-30,3,0.4400,0.4500,0.4400
KXBTC15M-26MAY092030-30,4,0.7100,0.7200,0.7100
KXBTC15M-26MAY092030-30,5,0.8700,0.8700,0.8600
KXBTC15M-26MAY091630-30,3,0.3300,0.3400,0.3300
KXBTC15M-26MAY091630-30,4,0.3800,0.3800,0.3700
KXBTC15M-26MAY091630-30,5,0.4000,0.4000,0.3800
KXBTC15M-26MAY092000-00,3,0.6700,0.6800,0.6600
KXBTC15M-26MAY092000-00,4,0.8300,0.8300,0.8200
KXBTC15M-26MAY092000-00,5,0.8100,0.8100,0.8000
KXBTC15M-26MAY091400-00,3,0.3300,0.3400,0.3300
KXBTC15M-26MAY091400-00,4,0.1900,0.2000,0.1900
KXBTC15M-26MAY091400-00,5,0.2700,0.2700,0.2600
KXBTC15M-26MAY091600-00,3,0.6600,0.6700,0.6600
KXBTC15M-26MAY091600-00,4,0.6600,0.6700,0.6600
KXBTC15M-26MAY091600-00,5,0.8500,0.8600,0.8500
KXBTC15M-26MAY091345-45,3,0.6300,0.6300,0.6200
KXBTC15M-26MAY091345-45,4,0.6900,0.7000,0.6900
KXBTC15M-26MAY091345-45,5,0.8500,0.8600,0.8500
KXBTC15M-26MAY091330-30,3,0.3400,0.3500,0.3400
KXBTC15M-26MAY091330-30,4,0.4100,0.4100,0.4000
KXBTC15M-26MAY091330-30,5,0.2100,0.2100,0.2000
KXBTC15M-26MAY091300-00,3,0.5700,0.5700,0.5600
KXBTC15M-26MAY091300-00,4,0.5300,0.5200,0.5100
KXBTC15M-26MAY091300-00,5,0.5200,0.5200,0.5100
KXBTC15M-26MAY091215-15,3,0.5100,0.5100,0.5000
KXBTC15M-26MAY091215-15,4,0.2900,0.3000,0.2900
KXBTC15M-26MAY091215-15,5,0.4700,0.4700,0.4600
KXBTC15M-26MAY091415-15,3,0.6300,0.6500,0.6300
KXBTC15M-26MAY091415-15,4,0.6500,0.6500,0.6400
KXBTC15M-26MAY091415-15,5,0.6500,0.6600,0.6500
KXBTC15M-26MAY091730-30,3,0.4400,0.4400,0.4300
KXBTC15M-26MAY091730-30,4,0.4400,0.4400,0.4300
KXBTC15M-26MAY091730-30,5,0.2000,0.2000,0.1900
KXBTC15M-26MAY091200-00,3,0.7400,0.7500,0.7400
KXBTC15M-26MAY091200-00,4,0.7600,0.7600,0.7500
KXBTC15M-26MAY091200-00,5,0.7500,0.7500,0.7400
KXBTC15M-26MAY091115-15,3,0.6600,0.6700,0.6600
KXBTC15M-26MAY091115-15,4,0.4900,0.5000,0.4900
KXBTC15M-26MAY091115-15,5,0.2600,0.2700,0.2600
KXBTC15M-26MAY091130-30,3,0.8200,0.8300,0.8200
KXBTC15M-26MAY091130-30,4,0.8700,0.8800,0.8700
KXBTC15M-26MAY091130-30,5,0.9330,0.9440,0.9330
KXBTC15M-26MAY091100-00,3,0.7000,0.7100,0.7000
KXBTC15M-26MAY091100-00,4,0.5600,0.5600,0.5400
KXBTC15M-26MAY091100-00,5,0.4400,0.4400,0.4300
KXBTC15M-26MAY091245-45,3,0.3300,0.3400,0.3300
KXBTC15M-26MAY091245-45,4,0.2800,0.3000,0.2900
KXBTC15M-26MAY091245-45,5,0.3000,0.3100,0.2900
KXBTC15M-26MAY091015-15,3,0.3100,0.3100,0.3000
KXBTC15M-26MAY091015-15,4,0.3000,0.3000,0.2900
KXBTC15M-26MAY091015-15,5,0.2300,0.2400,0.2300
KXBTC15M-26MAY091500-00,3,0.3300,0.3300,0.3200
KXBTC15M-26MAY091500-00,4,0.4400,0.4400,0.4300
KXBTC15M-26MAY091500-00,5,0.3700,0.3900,0.3700
KXBTC15M-26MAY090945-45,3,0.4500,0.4700,0.4500
KXBTC15M-26MAY090945-45,4,0.1800,0.1900,0.1800
KXBTC15M-26MAY090945-45,5,0.3300,0.3600,0.3300
KXBTC15M-26MAY091445-45,3,0.4800,0.5000,0.4800
KXBTC15M-26MAY091445-45,4,0.4200,0.4300,0.4200
KXBTC15M-26MAY091445-45,5,0.1500,0.1500,0.1400
KXBTC15M-26MAY090845-45,3,0.1600,0.1600,0.1500
KXBTC15M-26MAY090845-45,4,0.1700,0.1800,0.1700
KXBTC15M-26MAY090845-45,5,0.0980,0.0980,0.0950
KXBTC15M-26MAY090930-30,3,0.5200,0.5200,0.5100
KXBTC15M-26MAY090930-30,4,0.4900,0.5000,0.4900
KXBTC15M-26MAY090930-30,5,0.3300,0.3400,0.3300
KXBTC15M-26MAY090900-00,3,0.7000,0.7100,0.7000
KXBTC15M-26MAY090900-00,4,0.8000,0.8100,0.8000
KXBTC15M-26MAY090900-00,5,0.8800,0.8800,0.8500
KXBTC15M-26MAY090800-00,3,0.7800,0.7800,0.7700
KXBTC15M-26MAY090800-00,4,0.4300,0.4300,0.4200
KXBTC15M-26MAY090800-00,5,0.6200,0.6400,0.6200
KXBTC15M-26MAY091315-15,3,0.5800,0.5800,0.5700
KXBTC15M-26MAY091315-15,4,0.7600,0.7800,0.7600
KXBTC15M-26MAY091315-15,5,0.9220,0.9310,0.9220
KXBTC15M-26MAY090700-00,3,0.1400,0.1400,0.1300
KXBTC15M-26MAY090700-00,4,0.1100,0.1100,0.1000
KXBTC15M-26MAY090700-00,5,0.0780,0.0780,0.0710
KXBTC15M-26MAY090645-45,3,0.5800,0.5800,0.5700
KXBTC15M-26MAY090645-45,4,0.6600,0.6700,0.6600
KXBTC15M-26MAY090645-45,5,0.7300,0.7400,0.7300
KXBTC15M-26MAY091000-00,3,0.7100,0.7100,0.6900
KXBTC15M-26MAY091000-00,4,0.6400,0.6400,0.6300
KXBTC15M-26MAY091000-00,5,0.6300,0.6500,0.6300
KXBTC15M-26MAY090915-15,3,0.2600,0.2600,0.2500
KXBTC15M-26MAY090915-15,4,0.2800,0.2800,0.2700
KXBTC15M-26MAY090915-15,5,0.2500,0.2500,0.2400
KXBTC15M-26MAY090630-30,3,0.7100,0.7200,0.7100
KXBTC15M-26MAY090630-30,4,0.4300,0.4400,0.4300
KXBTC15M-26MAY090630-30,5,0.5600,0.5700,0.5600
KXBTC15M-26MAY090545-45,3,0.5400,0.5500,0.5300
KXBTC15M-26MAY090545-45,4,0.4500,0.4700,0.4500
KXBTC15M-26MAY090545-45,5,0.5200,0.5300,0.5100
KXBTC15M-26MAY090600-00,3,0.6000,0.6000,0.5900
KXBTC15M-26MAY090600-00,4,0.2900,0.2900,0.2800
KXBTC15M-26MAY090600-00,5,0.2800,0.2900,0.2800
KXBTC15M-26MAY090515-15,3,0.5600,0.5600,0.5500
KXBTC15M-26MAY090515-15,4,0.4700,0.4700,0.4600
KXBTC15M-26MAY090515-15,5,0.4800,0.4900,0.4800
KXBTC15M-26MAY090815-15,3,0.3700,0.3900,0.3700
KXBTC15M-26MAY090815-15,4,0.5000,0.5000,0.4800
KXBTC15M-26MAY090815-15,5,0.6300,0.6300,0.6200
KXBTC15M-26MAY091045-45,3,0.4600,0.4600,0.4500
KXBTC15M-26MAY091045-45,4,0.3700,0.3700,0.3600
KXBTC15M-26MAY091045-45,5,0.2200,0.2300,0.2200
KXBTC15M-26MAY090430-30,3,0.5600,0.5700,0.5600
KXBTC15M-26MAY090430-30,4,0.6300,0.6300,0.6200
KXBTC15M-26MAY090430-30,5,0.5700,0.5700,0.5500
KXBTC15M-26MAY090445-45,3,0.6300,0.6200,0.6100
KXBTC15M-26MAY090445-45,4,0.5600,0.5700,0.5600
KXBTC15M-26MAY090445-45,5,0.7200,0.7200,0.7100
KXBTC15M-26MAY090400-00,3,0.4600,0.4600,0.4400
KXBTC15M-26MAY090400-00,4,0.4000,0.4100,0.4000
KXBTC15M-26MAY090400-00,5,0.5500,0.5500,0.5400
KXBTC15M-26MAY090415-15,3,0.9560,0.9500,0.9450
KXBTC15M-26MAY090415-15,4,0.9590,0.9630,0.9590
KXBTC15M-26MAY090415-15,5,0.9500,0.9510,0.9500
KXBTC15M-26MAY090330-30,3,0.8000,0.8100,0.8000
KXBTC15M-26MAY090330-30,4,0.7600,0.7700,0.7600
KXBTC15M-26MAY090330-30,5,0.8400,0.8500,0.8400
KXBTC15M-26MAY090345-45,3,0.6500,0.6600,0.6500
KXBTC15M-26MAY090345-45,4,0.7600,0.7500,0.7300
KXBTC15M-26MAY090345-45,5,0.7300,0.7400,0.7300
KXBTC15M-26MAY090530-30,3,0.0900,0.0900,0.0880
KXBTC15M-26MAY090530-30,4,0.0830,0.0880,0.0830
KXBTC15M-26MAY090530-30,5,0.0600,0.0680,0.0600
KXBTC15M-26MAY090230-30,3,0.1300,0.1400,0.1300
KXBTC15M-26MAY090230-30,4,0.0510,0.0510,0.0500
KXBTC15M-26MAY090230-30,5,0.0680,0.0680,0.0600
KXBTC15M-26MAY090215-15,3,0.6900,0.6700,0.6600
KXBTC15M-26MAY090215-15,4,0.7500,0.7600,0.7400
KXBTC15M-26MAY090215-15,5,0.8500,0.8500,0.8400
KXBTC15M-26MAY090245-45,3,0.7200,0.7200,0.7100
KXBTC15M-26MAY090245-45,4,0.8300,0.8400,0.8200
KXBTC15M-26MAY090245-45,5,0.6900,0.6900,0.6700
KXBTC15M-26MAY090730-30,3,0.6400,0.6700,0.6400
KXBTC15M-26MAY090730-30,4,0.6400,0.6500,0.6400
KXBTC15M-26MAY090730-30,5,0.7900,0.8000,0.7900
KXBTC15M-26MAY090200-00,3,0.1000,0.1100,0.1000
KXBTC15M-26MAY090200-00,4,0.0880,0.0880,0.0800
KXBTC15M-26MAY090200-00,5,0.0680,0.0680,0.0640
KXBTC15M-26MAY090100-00,3,0.8200,0.8200,0.8100
KXBTC15M-26MAY090100-00,4,0.7300,0.7300,0.7100
KXBTC15M-26MAY090100-00,5,0.8400,0.8500,0.8400
KXBTC15M-26MAY090615-15,3,0.3100,0.3100,0.3000
KXBTC15M-26MAY090615-15,4,0.7300,0.7400,0.7300
KXBTC15M-26MAY090615-15,5,0.5800,0.5800,0.5700
KXBTC15M-26MAY090315-15,3,0.3300,0.3400,0.3300
KXBTC15M-26MAY090315-15,4,0.2100,0.2100,0.2000
KXBTC15M-26MAY090315-15,5,0.1800,0.1800,0.1700
KXBTC15M-26MAY090045-45,3,0.4000,0.4100,0.4000
KXBTC15M-26MAY090045-45,4,0.5600,0.5600,0.5400
KXBTC15M-26MAY090045-45,5,0.4400,0.4600,0.4400
KXBTC15M-26MAY090030-30,3,0.1400,0.1400,0.1200
KXBTC15M-26MAY090030-30,4,0.1500,0.1700,0.1600
KXBTC15M-26MAY090030-30,5,0.1200,0.1300,0.1200
KXBTC15M-26MAY090015-15,3,0.8600,0.8600,0.8400
KXBTC15M-26MAY090015-15,4,0.8900,0.9000,0.8900
KXBTC15M-26MAY090015-15,5,0.9500,0.9500,0.9440
KXBTC15M-26MAY090000-00,3,0.6400,0.6500,0.6400
KXBTC15M-26MAY090000-00,4,0.5900,0.5900,0.5800
KXBTC15M-26MAY090000-00,5,0.5500,0.5500,0.5400
KXBTC15M-26MAY090145-45,3,0.7600,0.7700,0.7600
KXBTC15M-26MAY090145-45,4,0.8100,0.8100,0.8000
KXBTC15M-26MAY090145-45,5,0.7000,0.7100,0.7000
KXBTC15M-26MAY082345-45,3,0.2200,0.2200,0.2100
KXBTC15M-26MAY082345-45,4,0.1400,0.1500,0.1400
KXBTC15M-26MAY082345-45,5,0.1600,0.1500,0.1400
KXBTC15M-26MAY082300-00,3,0.4400,0.4700,0.4400
KXBTC15M-26MAY082300-00,4,0.6700,0.6700,0.6600
KXBTC15M-26MAY082300-00,5,0.4700,0.4800,0.4700
KXBTC15M-26MAY082245-45,3,0.5500,0.5500,0.5400
KXBTC15M-26MAY082245-45,4,0.5800,0.5800,0.5700
KXBTC15M-26MAY082245-45,5,0.5900,0.6000,0.5900
KXBTC15M-26MAY082130-30,3,0.3100,0.3200,0.3100
KXBTC15M-26MAY082130-30,4,0.3700,0.3800,0.3700
KXBTC15M-26MAY082130-30,5,0.3200,0.3500,0.3200
KXBTC15M-26MAY082100-00,3,0.7800,0.7800,0.7600
KXBTC15M-26MAY082100-00,4,0.6400,0.6500,0.6400
KXBTC15M-26MAY082100-00,5,0.7100,0.7200,0.7000
KXBTC15M-26MAY090300-00,3,0.8400,0.8500,0.8400
KXBTC15M-26MAY090300-00,4,0.7200,0.7300,0.7200
KXBTC15M-26MAY090300-00,5,0.3900,0.3900,0.3800
KXBTC15M-26MAY082330-30,3,0.4500,0.4600,0.4500
KXBTC15M-26MAY082330-30,4,0.6500,0.6600,0.6500
KXBTC15M-26MAY082330-30,5,0.7000,0.7200,0.6900
KXBTC15M-26MAY082315-15,3,0.2600,0.2600,0.2500
KXBTC15M-26MAY082315-15,4,0.5300,0.5300,0.5200
KXBTC15M-26MAY082315-15,5,0.8500,0.8500,0.8400
KXBTC15M-26MAY082045-45,3,0.8600,0.8600,0.8500
KXBTC15M-26MAY082045-45,4,0.8600,0.8800,0.8600
KXBTC15M-26MAY082045-45,5,0.8700,0.8900,0.8700
KXBTC15M-26MAY082230-30,3,0.5500,0.5500,0.5400
KXBTC15M-26MAY082230-30,4,0.3400,0.3500,0.3400
KXBTC15M-26MAY082230-30,5,0.2500,0.2600,0.2500
KXBTC15M-26MAY081930-30,3,0.4700,0.4900,0.4700
KXBTC15M-26MAY081930-30,4,0.5600,0.5600,0.5500
KXBTC15M-26MAY081930-30,5,0.6500,0.6700,0.6500
KXBTC15M-26MAY082000-00,3,0.5600,0.5700,0.5600
KXBTC15M-26MAY082000-00,4,0.5900,0.6000,0.5900
KXBTC15M-26MAY082000-00,5,0.6300,0.6300,0.6200
KXBTC15M-26MAY081945-45,3,0.1800,0.1900,0.1800
KXBTC15M-26MAY081945-45,4,0.3300,0.3300,0.3200
KXBTC15M-26MAY081945-45,5,0.2400,0.2500,0.2400
KXBTC15M-26MAY082145-45,3,0.9110,0.9130,0.9070
KXBTC15M-26MAY082145-45,4,0.9000,0.9080,0.9020
KXBTC15M-26MAY082145-45,5,0.9420,0.9470,0.9420
KXBTC15M-26MAY081815-15,3,0.6400,0.6600,0.6400
KXBTC15M-26MAY081815-15,4,0.7800,0.7800,0.7600
KXBTC15M-26MAY081815-15,5,0.8000,0.8200,0.8000
KXBTC15M-26MAY081900-00,3,0.6800,0.6800,0.6700
KXBTC15M-26MAY081900-00,4,0.7200,0.7300,0.7200
KXBTC15M-26MAY081900-00,5,0.4400,0.4500,0.4400
KXBTC15M-26MAY082015-15,3,0.2700,0.2700,0.2600
KXBTC15M-26MAY082015-15,4,0.1900,0.1900,0.1800
KXBTC15M-26MAY082015-15,5,0.2200,0.2100,0.2000
KXBTC15M-26MAY081730-30,3,0.8000,0.8100,0.8000
KXBTC15M-26MAY081730-30,4,0.8500,0.8500,0.8400
KXBTC15M-26MAY081730-30,5,0.9100,0.9100,0.9040
KXBTC15M-26MAY081745-45,3,0.5600,0.5600,0.5400
KXBTC15M-26MAY081745-45,4,0.5300,0.5400,0.5300
KXBTC15M-26MAY081745-45,5,0.8200,0.8200,0.8100
KXBTC15M-26MAY081700-00,3,0.7200,0.7200,0.7100
KXBTC15M-26MAY081700-00,4,0.7400,0.7500,0.7400
KXBTC15M-26MAY081700-00,5,0.7100,0.7200,0.7100
KXBTC15M-26MAY081715-15,3,0.7200,0.7200,0.6900
KXBTC15M-26MAY081715-15,4,0.7400,0.7600,0.7400
KXBTC15M-26MAY081715-15,5,0.8200,0.8400,0.8200
KXBTC15M-26MAY082215-15,3,0.7700,0.7800,0.7700
KXBTC15M-26MAY082215-15,4,0.8800,0.8800,0.8700
KXBTC15M-26MAY082215-15,5,0.8300,0.8500,0.8400
KXBTC15M-26MAY081645-45,3,0.4300,0.4200,0.4100
KXBTC15M-26MAY081645-45,4,0.4800,0.4900,0.4800
KXBTC15M-26MAY081645-45,5,0.3800,0.3800,0.3600
KXBTC15M-26MAY081630-30,3,0.3800,0.3800,0.3700
KXBTC15M-26MAY081630-30,4,0.3800,0.3900,0.3800
KXBTC15M-26MAY081630-30,5,0.3400,0.3400,0.3300
KXBTC15M-26MAY081800-00,3,0.4500,0.4700,0.4500
KXBTC15M-26MAY081800-00,4,0.4900,0.5000,0.4900
KXBTC15M-26MAY081800-00,5,0.4000,0.4100,0.4000
KXBTC15M-26MAY081600-00,3,0.5300,0.5400,0.5300
KXBTC15M-26MAY081600-00,4,0.5400,0.5500,0.5400
KXBTC15M-26MAY081600-00,5,0.5700,0.5800,0.5700
KXBTC15M-26MAY081445-45,3,0.6300,0.6400,0.6300
KXBTC15M-26MAY081445-45,4,0.4200,0.4200,0.4100
KXBTC15M-26MAY081445-45,5,0.4000,0.4000,0.3900
KXBTC15M-26MAY081430-30,3,0.6600,0.6600,0.6500
KXBTC15M-26MAY081430-30,4,0.6900,0.6900,0.6800
KXBTC15M-26MAY081430-30,5,0.7400,0.7300,0.7200
KXBTC15M-26MAY081415-15,3,0.9100,0.9250,0.9120
KXBTC15M-26MAY081415-15,4,0.9340,0.9400,0.9340
KXBTC15M-26MAY081415-15,5,0.9480,0.9530,0.9480
KXBTC15M-26MAY081400-00,3,0.6200,0.6200,0.6100
KXBTC15M-26MAY081400-00,4,0.7900,0.7900,0.7300
KXBTC15M-26MAY081400-00,5,0.6500,0.6500,0.6400
KXBTC15M-26MAY081615-15,3,0.7000,0.7000,0.6900
KXBTC15M-26MAY081615-15,4,0.6900,0.7000,0.6900
KXBTC15M-26MAY081615-15,5,0.6600,0.6700,0.6600
KXBTC15M-26MAY081345-45,3,0.8800,0.8800,0.8700
KXBTC15M-26MAY081345-45,4,0.9410,0.9410,0.9340
KXBTC15M-26MAY081345-45,5,0.9430,0.9500,0.9430
KXBTC15M-26MAY081330-30,3,0.8300,0.8400,0.8300
KXBTC15M-26MAY081330-30,4,0.9330,0.9330,0.9280
KXBTC15M-26MAY081330-30,5,0.8900,0.9000,0.8900
KXBTC15M-26MAY081830-30,3,0.3400,0.3500,0.3300
KXBTC15M-26MAY081830-30,4,0.2900,0.2900,0.2800
KXBTC15M-26MAY081830-30,5,0.1500,0.1600,0.1500
KXBTC15M-26MAY081515-15,3,0.2100,0.2100,0.2000
KXBTC15M-26MAY081515-15,4,0.0800,0.0900,0.0800
KXBTC15M-26MAY081515-15,5,0.1300,0.1200,0.1100
KXBTC15M-26MAY081300-00,3,0.5800,0.5900,0.5800
KXBTC15M-26MAY081300-00,4,0.4400,0.4300,0.4200
KXBTC15M-26MAY081300-00,5,0.4300,0.4300,0.4200
KXBTC15M-26MAY081215-15,3,0.1900,0.2000,0.1900
KXBTC15M-26MAY081215-15,4,0.1500,0.1500,0.1400
KXBTC15M-26MAY081215-15,5,0.2900,0.2900,0.2800
KXBTC15M-26MAY081245-45,3,0.1200,0.1200,0.1100
KXBTC15M-26MAY081245-45,4,0.1200,0.1300,0.1200
KXBTC15M-26MAY081245-45,5,0.0740,0.0730,0.0700
KXBTC15M-26MAY081230-30,3,0.4800,0.4900,0.4800
KXBTC15M-26MAY081230-30,4,0.4200,0.4200,0.4100
KXBTC15M-26MAY081230-30,5,0.4200,0.4300,0.4200
KXBTC15M-26MAY081200-00,3,0.8500,0.8500,0.8400
KXBTC15M-26MAY081200-00,4,0.7700,0.7700,0.7600
KXBTC15M-26MAY081200-00,5,0.8300,0.8300,0.8100
KXBTC15M-26MAY081115-15,3,0.2600,0.2600,0.2400
KXBTC15M-26MAY081115-15,4,0.1600,0.1600,0.1500
KXBTC15M-26MAY081115-15,5,0.1200,0.1200,0.1100
KXBTC15M-26MAY081015-15,3,0.8800,0.8800,0.8700
KXBTC15M-26MAY081015-15,4,0.9140,0.9180,0.9130
KXBTC15M-26MAY081015-15,5,0.9620,0.9690,0.9620
KXBTC15M-26MAY081130-30,3,0.3400,0.3500,0.3400
KXBTC15M-26MAY081130-30,4,0.3500,0.3500,0.3400
KXBTC15M-26MAY081130-30,5,0.3200,0.3200,0.2900
KXBTC15M-26MAY081030-30,3,0.9500,0.9580,0.9500
KXBTC15M-26MAY081030-30,4,0.9620,0.9680,0.9620
KXBTC15M-26MAY081030-30,5,0.9740,0.9750,0.9740
KXBTC15M-26MAY081000-00,3,0.5800,0.5800,0.5700
KXBTC15M-26MAY081000-00,4,0.5700,0.5700,0.5600
KXBTC15M-26MAY081000-00,5,0.5400,0.5400,0.5200
KXBTC15M-26MAY080915-15,3,0.7400,0.7400,0.7200
KXBTC15M-26MAY080915-15,4,0.6500,0.6500,0.6400
KXBTC15M-26MAY080915-15,5,0.4800,0.4900,0.4800
KXBTC15M-26MAY080900-00,3,0.1800,0.1800,0.1700
KXBTC15M-26MAY080900-00,4,0.1100,0.1100,0.1000
KXBTC15M-26MAY080900-00,5,0.0480,0.0480,0.0410
KXBTC15M-26MAY080930-30,3,0.4600,0.4600,0.4500
KXBTC15M-26MAY080930-30,4,0.5300,0.5300,0.5200
KXBTC15M-26MAY080930-30,5,0.5700,0.5700,0.5600
KXBTC15M-26MAY080800-00,3,0.7800,0.7900,0.7800
KXBTC15M-26MAY080800-00,4,0.8600,0.8700,0.8600
KXBTC15M-26MAY080800-00,5,0.9420,0.9470,0.9420
KXBTC15M-26MAY081100-00,3,0.5200,0.5300,0.5200
KXBTC15M-26MAY081100-00,4,0.4100,0.4100,0.4000
KXBTC15M-26MAY081100-00,5,0.5100,0.5100,0.5000
KXBTC15M-26MAY080815-15,3,0.7100,0.7300,0.7200
KXBTC15M-26MAY080815-15,4,0.5600,0.5600,0.5400
KXBTC15M-26MAY080815-15,5,0.4900,0.5000,0.4900
KXBTC15M-26MAY080715-15,3,0.5800,0.5900,0.5800
KXBTC15M-26MAY080715-15,4,0.6400,0.6400,0.6300
KXBTC15M-26MAY080715-15,5,0.6500,0.6400,0.6300
KXBTC15M-26MAY080945-45,3,0.8300,0.8400,0.8300
KXBTC15M-26MAY080945-45,4,0.8800,0.8800,0.8700
KXBTC15M-26MAY080945-45,5,0.8800,0.8700,0.8600
KXBTC15M-26MAY080645-45,3,0.8500,0.8500,0.8400
KXBTC15M-26MAY080645-45,4,0.8900,0.9000,0.8900
KXBTC15M-26MAY080645-45,5,0.9130,0.9210,0.9130
KXBTC15M-26MAY080700-00,3,0.5100,0.5100,0.5000
KXBTC15M-26MAY080700-00,4,0.5300,0.5400,0.5300
KXBTC15M-26MAY080700-00,5,0.8300,0.8500,0.8400
KXBTC15M-26MAY080615-15,3,0.8900,0.9000,0.8900
KXBTC15M-26MAY080615-15,4,0.9430,0.9470,0.9430
KXBTC15M-26MAY080615-15,5,0.9160,0.9190,0.9150
KXBTC15M-26MAY080830-30,3,0.7100,0.7200,0.7100
KXBTC15M-26MAY080830-30,4,0.7500,0.7500,0.7300
KXBTC15M-26MAY080830-30,5,0.7400,0.7400,0.7300
KXBTC15M-26MAY080545-45,3,0.1300,0.1300,0.1200
KXBTC15M-26MAY080545-45,4,0.1600,0.1600,0.1500
KXBTC15M-26MAY080545-45,5,0.1800,0.1800,0.1700
KXBTC15M-26MAY080600-00,3,0.1500,0.1600,0.1500
KXBTC15M-26MAY080600-00,4,0.3100,0.3100,0.3000
KXBTC15M-26MAY080600-00,5,0.1500,0.1500,0.1400
KXBTC15M-26MAY080730-30,3,0.5700,0.5800,0.5700
KXBTC15M-26MAY080730-30,4,0.5200,0.5200,0.5000
KXBTC15M-26MAY080730-30,5,0.6400,0.6500,0.6200
KXBTC15M-26MAY080500-00,3,0.8900,0.9000,0.8900
KXBTC15M-26MAY080500-00,4,0.8600,0.8700,0.8600
KXBTC15M-26MAY080500-00,5,0.9020,0.9020,0.8900
KXBTC15M-26MAY080430-30,3,0.5900,0.6100,0.5900
KXBTC15M-26MAY080430-30,4,0.6200,0.6200,0.6100
KXBTC15M-26MAY080430-30,5,0.5400,0.5400,0.5300
KXBTC15M-26MAY080345-45,3,0.9490,0.9490,0.9450
KXBTC15M-26MAY080345-45,4,0.9420,0.9490,0.9420
KXBTC15M-26MAY080345-45,5,0.9690,0.9690,0.9640
KXBTC15M-26MAY080445-45,3,0.4600,0.4700,0.4500
KXBTC15M-26MAY080445-45,4,0.5100,0.5200,0.5100
KXBTC15M-26MAY080445-45,5,0.5800,0.5900,0.5700
KXBTC15M-26MAY080330-30,3,0.3700,0.3700,0.3600
KXBTC15M-26MAY080330-30,4,0.3900,0.3900,0.3800
KXBTC15M-26MAY080330-30,5,0.5800,0.5700,0.5600
KXBTC15M-26MAY080300-00,3,0.2800,0.2800,0.2700
KXBTC15M-26MAY080300-00,4,0.3000,0.2800,0.2700
KXBTC15M-26MAY080300-00,5,0.3500,0.3500,0.3300
KXBTC15M-26MAY080245-45,3,0.2100,0.2100,0.2000
KXBTC15M-26MAY080245-45,4,0.1500,0.1500,0.1400
KXBTC15M-26MAY080245-45,5,0.0500,0.0500,0.0490
KXBTC15M-26MAY080315-15,3,0.2000,0.2100,0.2000
KXBTC15M-26MAY080315-15,4,0.1500,0.1600,0.1500
KXBTC15M-26MAY080315-15,5,0.0630,0.0610,0.0600
KXBTC15M-26MAY080515-15,3,0.2100,0.2100,0.2000
KXBTC15M-26MAY080515-15,4,0.2800,0.2800,0.2600
KXBTC15M-26MAY080515-15,5,0.3700,0.3800,0.3700
KXBTC15M-26MAY080745-45,3,0.3800,0.3900,0.3800
KXBTC15M-26MAY080745-45,4,0.2900,0.2900,0.2800
KXBTC15M-26MAY080745-45,5,0.4400,0.4400,0.4300
KXBTC15M-26MAY080230-30,3,0.7100,0.7200,0.7000
KXBTC15M-26MAY080230-30,4,0.5200,0.5300,0.5200
KXBTC15M-26MAY080230-30,5,0.6500,0.6600,0.6500
KXBTC15M-26MAY080130-30,3,0.5200,0.5200,0.5100
KXBTC15M-26MAY080130-30,4,0.2200,0.2200,0.2100
KXBTC15M-26MAY080130-30,5,0.2100,0.2100,0.2000
KXBTC15M-26MAY080100-00,3,0.7100,0.7100,0.7000
KXBTC15M-26MAY080100-00,4,0.8300,0.8400,0.8300
KXBTC15M-26MAY080100-00,5,0.8400,0.8600,0.8400
KXBTC15M-26MAY080145-45,3,0.7900,0.8000,0.7900
KXBTC15M-26MAY080145-45,4,0.8500,0.8500,0.8400
KXBTC15M-26MAY080145-45,5,0.8100,0.8200,0.8100
KXBTC15M-26MAY080015-15,3,0.8300,0.8300,0.8200
KXBTC15M-26MAY080015-15,4,0.7900,0.8000,0.7800
KXBTC15M-26MAY080015-15,5,0.8100,0.8200,0.8100
KXBTC15M-26MAY080000-00,3,0.2800,0.2800,0.2700
KXBTC15M-26MAY080000-00,4,0.2200,0.2300,0.2100
KXBTC15M-26MAY080000-00,5,0.2800,0.2800,0.2700
KXBTC15M-26MAY080045-45,3,0.3800,0.3800,0.3700
KXBTC15M-26MAY080045-45,4,0.2500,0.2600,0.2500
KXBTC15M-26MAY080045-45,5,0.1900,0.1900,0.1700
KXBTC15M-26MAY072315-15,3,0.0980,0.0980,0.0970
KXBTC15M-26MAY072315-15,4,0.0780,0.0780,0.0720
KXBTC15M-26MAY072315-15,5,0.1200,0.1500,0.1200
KXBTC15M-26MAY072300-00,3,0.5300,0.5300,0.5200
KXBTC15M-26MAY072300-00,4,0.7000,0.7200,0.7000
KXBTC15M-26MAY072300-00,5,0.6700,0.6700,0.6500
KXBTC15M-26MAY080115-15,3,0.2300,0.2300,0.2200
KXBTC15M-26MAY080115-15,4,0.3800,0.3800,0.3700
KXBTC15M-26MAY080115-15,5,0.5000,0.5100,0.5000
KXBTC15M-26MAY072230-30,3,0.0500,0.0550,0.0500
KXBTC15M-26MAY072230-30,4,0.0440,0.0430,0.0400
KXBTC15M-26MAY072230-30,5,0.1100,0.1100,0.0980
KXBTC15M-26MAY080415-15,3,0.5700,0.5800,0.5700
KXBTC15M-26MAY080415-15,4,0.6300,0.6400,0.6300
KXBTC15M-26MAY080415-15,5,0.6700,0.6700,0.6600
KXBTC15M-26MAY072145-45,3,0.6700,0.6700,0.6600
KXBTC15M-26MAY072145-45,4,0.7500,0.7500,0.7400
KXBTC15M-26MAY072145-45,5,0.6100,0.6100,0.6000
KXBTC15M-26MAY080030-30,3,0.5100,0.5000,0.4900
KXBTC15M-26MAY080030-30,4,0.5700,0.5700,0.5500
KXBTC15M-26MAY080030-30,5,0.4300,0.4300,0.4200
KXBTC15M-26MAY072215-15,3,0.1600,0.1800,0.1700
KXBTC15M-26MAY072215-15,4,0.0920,0.0980,0.0920
KXBTC15M-26MAY072215-15,5,0.0650,0.0830,0.0650
KXBTC15M-26MAY072330-30,3,0.7600,0.7600,0.7400
KXBTC15M-26MAY072330-30,4,0.8400,0.8400,0.8200
KXBTC15M-26MAY072330-30,5,0.8600,0.8600,0.8400
KXBTC15M-26MAY072045-45,3,0.5800,0.5800,0.5600
KXBTC15M-26MAY072045-45,4,0.4400,0.4500,0.4400
KXBTC15M-26MAY072045-45,5,0.4700,0.4700,0.4600
KXBTC15M-26MAY072100-00,3,0.2700,0.2600,0.2500
KXBTC15M-26MAY072100-00,4,0.2100,0.2100,0.2000
KXBTC15M-26MAY072100-00,5,0.1100,0.1200,0.1100
KXBTC15M-26MAY080215-15,3,0.1400,0.1400,0.1300
KXBTC15M-26MAY080215-15,4,0.1500,0.1500,0.1400
KXBTC15M-26MAY080215-15,5,0.0510,0.0550,0.0510
KXBTC15M-26MAY072030-30,3,0.2300,0.2300,0.2200
KXBTC15M-26MAY072030-30,4,0.6100,0.6200,0.6100
KXBTC15M-26MAY072030-30,5,0.4800,0.4800,0.4700
KXBTC15M-26MAY072015-15,3,0.5900,0.5900,0.5800
KXBTC15M-26MAY072015-15,4,0.6100,0.6100,0.6000
KXBTC15M-26MAY072015-15,5,0.6500,0.6400,0.6300
KXBTC15M-26MAY072000-00,3,0.6000,0.6100,0.6000
KXBTC15M-26MAY072000-00,4,0.7400,0.7400,0.7300
KXBTC15M-26MAY072000-00,5,0.8500,0.8600,0.8500
KXBTC15M-26MAY072200-00,3,0.4600,0.4700,0.4500
KXBTC15M-26MAY072200-00,4,0.3700,0.3900,0.3700
KXBTC15M-26MAY072200-00,5,0.3200,0.3200,0.3000
KXBTC15M-26MAY072115-15,3,0.7000,0.7100,0.6900
KXBTC15M-26MAY072115-15,4,0.7600,0.7600,0.7500
KXBTC15M-26MAY072115-15,5,0.6600,0.6800,0.6600
KXBTC15M-26MAY071915-15,3,0.6100,0.6100,0.6000
KXBTC15M-26MAY071915-15,4,0.6600,0.6900,0.6600
KXBTC15M-26MAY071915-15,5,0.6500,0.6500,0.6400
KXBTC15M-26MAY071745-45,3,0.3600,0.3600,0.3500
KXBTC15M-26MAY071745-45,4,0.4600,0.4600,0.4500
KXBTC15M-26MAY071745-45,5,0.4900,0.5000,0.4900
KXBTC15M-26MAY071730-30,3,0.7700,0.7800,0.7700
KXBTC15M-26MAY071730-30,4,0.7900,0.8000,0.7900
KXBTC15M-26MAY071730-30,5,0.8200,0.8200,0.8100
KXBTC15M-26MAY071800-00,3,0.5000,0.5000,0.4900
KXBTC15M-26MAY071800-00,4,0.6400,0.6500,0.6400
KXBTC15M-26MAY071800-00,5,0.4600,0.4600,0.4500
KXBTC15M-26MAY071700-00,3,0.6700,0.6800,0.6700
KXBTC15M-26MAY071700-00,4,0.7700,0.7800,0.7700
KXBTC15M-26MAY071700-00,5,0.7900,0.7900,0.7800
KXBTC15M-26MAY071715-15,3,0.4100,0.4100,0.4000
KXBTC15M-26MAY071715-15,4,0.3500,0.3600,0.3500
KXBTC15M-26MAY071715-15,5,0.2800,0.3000,0.2800
KXBTC15M-26MAY071630-30,3,0.3100,0.3200,0.3100
KXBTC15M-26MAY071630-30,4,0.3500,0.3600,0.3500
KXBTC15M-26MAY071630-30,5,0.2200,0.2200,0.2100
KXBTC15M-26MAY071645-45,3,0.1700,0.1700,0.1600
KXBTC15M-26MAY071645-45,4,0.1100,0.1200,0.1100
KXBTC15M-26MAY071645-45,5,0.1300,0.1300,0.1200
KXBTC15M-26MAY071600-00,3,0.3100,0.3200,0.3100
KXBTC15M-26MAY071600-00,4,0.4900,0.4900,0.4700
KXBTC15M-26MAY071600-00,5,0.7100,0.7200,0.7100
KXBTC15M-26MAY072130-30,3,0.7300,0.7300,0.7200
KXBTC15M-26MAY072130-30,4,0.7200,0.7300,0.7200
KXBTC15M-26MAY072130-30,5,0.5200,0.5200,0.5100
KXBTC15M-26MAY071545-45,3,0.7700,0.7800,0.7700
KXBTC15M-26MAY071545-45,4,0.8100,0.8200,0.8100
KXBTC15M-26MAY071545-45,5,0.8200,0.8300,0.8200
KXBTC15M-26MAY071500-00,3,0.2400,0.2600,0.2400
KXBTC15M-26MAY071500-00,4,0.2000,0.2000,0.1900
KXBTC15M-26MAY071500-00,5,0.1400,0.1500,0.1300
KXBTC15M-26MAY071530-30,3,0.1800,0.1900,0.1800
KXBTC15M-26MAY071530-30,4,0.1200,0.1200,0.1100
KXBTC15M-26MAY071530-30,5,0.1300,0.1400,0.1300
KXBTC15M-26MAY071515-15,3,0.2100,0.2100,0.2000
KXBTC15M-26MAY071515-15,4,0.1000,0.1100,0.1000
KXBTC15M-26MAY071515-15,5,0.0810,0.0850,0.0800
KXBTC15M-26MAY071945-45,3,0.3400,0.3400,0.3300
KXBTC15M-26MAY071945-45,4,0.3100,0.3100,0.2800
KXBTC15M-26MAY071945-45,5,0.3300,0.3300,0.3100
KXBTC15M-26MAY071400-00,3,0.4400,0.4500,0.4400
KXBTC15M-26MAY071400-00,4,0.4400,0.4400,0.4300
KXBTC15M-26MAY071400-00,5,0.5500,0.5600,0.5500
KXBTC15M-26MAY071430-30,3,0.6300,0.6400,0.6300
KXBTC15M-26MAY071430-30,4,0.5800,0.5900,0.5800
KXBTC15M-26MAY071430-30,5,0.5800,0.5900,0.5800
KXBTC15M-26MAY071930-30,3,0.1800,0.2000,0.1900
KXBTC15M-26MAY071930-30,4,0.0890,0.0900,0.0890
KXBTC15M-26MAY071930-30,5,0.3300,0.3300,0.3200
KXBTC15M-26MAY071900-00,3,0.6300,0.6200,0.6100
KXBTC15M-26MAY071900-00,4,0.6500,0.6700,0.6500
KXBTC15M-26MAY071900-00,5,0.6900,0.7000,0.6900
KXBTC15M-26MAY071845-45,3,0.6000,0.6000,0.5900
KXBTC15M-26MAY071845-45,4,0.0720,0.0720,0.0640
KXBTC15M-26MAY071845-45,5,0.1300,0.1300,0.1200
KXBTC15M-26MAY071315-15,3,0.7900,0.7700,0.7500
KXBTC15M-26MAY071315-15,4,0.6600,0.6700,0.6600
KXBTC15M-26MAY071315-15,5,0.6400,0.6400,0.6300
KXBTC15M-26MAY071200-00,3,0.6200,0.6100,0.6000
KXBTC15M-26MAY071200-00,4,0.6700,0.6700,0.6600
KXBTC15M-26MAY071200-00,5,0.7200,0.7400,0.7200
KXBTC15M-26MAY071245-45,3,0.4400,0.4500,0.4400
KXBTC15M-26MAY071245-45,4,0.2500,0.2600,0.2500
KXBTC15M-26MAY071245-45,5,0.1100,0.1100,0.1000
KXBTC15M-26MAY071230-30,3,0.2500,0.2500,0.2400
KXBTC15M-26MAY071230-30,4,0.2600,0.3000,0.2900
KXBTC15M-26MAY071230-30,5,0.5400,0.5500,0.5400
KXBTC15M-26MAY071145-45,3,0.7900,0.8000,0.7900
KXBTC15M-26MAY071145-45,4,0.8600,0.8600,0.8500
KXBTC15M-26MAY071145-45,5,0.8600,0.8700,0.8600
KXBTC15M-26MAY071130-30,3,0.1800,0.1800,0.1700
KXBTC15M-26MAY071130-30,4,0.1200,0.1400,0.1300
KXBTC15M-26MAY071130-30,5,0.0650,0.0650,0.0610
KXBTC15M-26MAY071115-15,3,0.5800,0.5800,0.5600
KXBTC15M-26MAY071115-15,4,0.4500,0.4600,0.4500
KXBTC15M-26MAY071115-15,5,0.2700,0.2800,0.2700
KXBTC15M-26MAY071330-30,3,0.0900,0.0900,0.0890
KXBTC15M-26MAY071330-30,4,0.0880,0.0880,0.0800
KXBTC15M-26MAY071330-30,5,0.0680,0.0680,0.0610
KXBTC15M-26MAY071615-15,3,0.8400,0.8600,0.8400
KXBTC15M-26MAY071615-15,4,0.8800,0.8900,0.8800
KXBTC15M-26MAY071615-15,5,0.8800,0.8800,0.8700
KXBTC15M-26MAY071030-30,3,0.1200,0.1200,0.1100
KXBTC15M-26MAY071030-30,4,0.0810,0.0810,0.0800
KXBTC15M-26MAY071030-30,5,0.0810,0.0810,0.0800
KXBTC15M-26MAY071215-15,3,0.6900,0.7100,0.7000
KXBTC15M-26MAY071215-15,4,0.4200,0.4100,0.4000
KXBTC15M-26MAY071215-15,5,0.3100,0.3200,0.3100
KXBTC15M-26MAY070930-30,3,0.8100,0.8100,0.8000
KXBTC15M-26MAY070930-30,4,0.8600,0.8700,0.8600
KXBTC15M-26MAY070930-30,5,0.9000,0.9010,0.9000
KXBTC15M-26MAY070945-45,3,0.2300,0.2400,0.2300
KXBTC15M-26MAY070945-45,4,0.1700,0.1900,0.1700
KXBTC15M-26MAY070945-45,5,0.1600,0.1600,0.1500
KXBTC15M-26MAY070900-00,3,0.3400,0.3400,0.3300
KXBTC15M-26MAY070900-00,4,0.5000,0.5000,0.4900
KXBTC15M-26MAY070900-00,5,0.4800,0.4800,0.4700
KXBTC15M-26MAY071445-45,3,0.6300,0.6400,0.6300
KXBTC15M-26MAY071445-45,4,0.6800,0.6900,0.6800
KXBTC15M-26MAY071445-45,5,0.7400,0.7400,0.7300
KXBTC15M-26MAY071045-45,3,0.1200,0.1300,0.1200
KXBTC15M-26MAY071045-45,4,0.0980,0.0980,0.0950
KXBTC15M-26MAY071045-45,5,0.0570,0.0570,0.0550
KXBTC15M-26MAY070800-00,3,0.2000,0.2000,0.1900
KXBTC15M-26MAY070800-00,4,0.0710,0.0740,0.0700
KXBTC15M-26MAY070800-00,5,0.0370,0.0370,0.0310
KXBTC15M-26MAY070815-15,3,0.8500,0.8600,0.8500
KXBTC15M-26MAY070815-15,4,0.8900,0.8900,0.8800
KXBTC15M-26MAY070815-15,5,0.8900,0.8900,0.8800
KXBTC15M-26MAY071345-45,3,0.4000,0.4000,0.3900
KXBTC15M-26MAY071345-45,4,0.6100,0.6200,0.6100
KXBTC15M-26MAY071345-45,5,0.6600,0.6700,0.6600
KXBTC15M-26MAY070745-45,3,0.6900,0.7000,0.6900
KXBTC15M-26MAY070745-45,4,0.7800,0.7900,0.7800
KXBTC15M-26MAY070745-45,5,0.7800,0.7900,0.7800
KXBTC15M-26MAY070730-30,3,0.3500,0.3500,0.3400
KXBTC15M-26MAY070730-30,4,0.2600,0.2700,0.2600
KXBTC15M-26MAY070730-30,5,0.2500,0.2500,0.2300
KXBTC15M-26MAY070645-45,3,0.9220,0.9260,0.9220
KXBTC15M-26MAY070645-45,4,0.8700,0.8800,0.8700
KXBTC15M-26MAY070645-45,5,0.9390,0.9390,0.9320
KXBTC15M-26MAY070915-15,3,0.3300,0.3300,0.3200
KXBTC15M-26MAY070915-15,4,0.2900,0.2900,0.2800
KXBTC15M-26MAY070915-15,5,0.1300,0.1400,0.1300
KXBTC15M-26MAY070600-00,3,0.6600,0.6900,0.6700
KXBTC15M-26MAY070600-00,4,0.8200,0.8300,0.8200
KXBTC15M-26MAY070600-00,5,0.5900,0.5900,0.5600
KXBTC15M-26MAY070615-15,3,0.7000,0.7100,0.7000
KXBTC15M-26MAY070615-15,4,0.6600,0.6700,0.6600
KXBTC15M-26MAY070615-15,5,0.6200,0.6300,0.6200
KXBTC15M-26MAY070830-30,3,0.3000,0.3100,0.3000
KXBTC15M-26MAY070830-30,4,0.2100,0.2100,0.2000
KXBTC15M-26MAY070830-30,5,0.1900,0.2100,0.2000
KXBTC15M-26MAY070515-15,3,0.1400,0.1400,0.1300
KXBTC15M-26MAY070515-15,4,0.1600,0.1700,0.1600
KXBTC15M-26MAY070515-15,5,0.1000,0.1000,0.0930
KXBTC15M-26MAY070200-00,3,0.4100,0.3900,0.3800
KXBTC15M-26MAY070200-00,4,0.2700,0.2900,0.2700
KXBTC15M-26MAY070200-00,5,0.3200,0.3200,0.3100
KXBTC15M-26MAY070700-00,3,0.3500,0.3600,0.3500
KXBTC15M-26MAY070700-00,4,0.2800,0.2800,0.2700
KXBTC15M-26MAY070700-00,5,0.2500,0.2700,0.2600
KXBTC15M-26MAY071000-00,3,0.1600,0.1700,0.1600
KXBTC15M-26MAY071000-00,4,0.0720,0.0760,0.0720
KXBTC15M-26MAY071000-00,5,0.0520,0.0570,0.0520
KXBTC15M-26MAY070145-45,3,0.3200,0.3200,0.3100
KXBTC15M-26MAY070145-45,4,0.1700,0.1700,0.1600
KXBTC15M-26MAY070145-45,5,0.2700,0.2800,0.2700
KXBTC15M-26MAY070630-30,3,0.5600,0.5800,0.5600
KXBTC15M-26MAY070630-30,4,0.5000,0.5100,0.5000
KXBTC15M-26MAY070630-30,5,0.6000,0.6000,0.5900
KXBTC15M-26MAY070115-15,3,0.8200,0.8300,0.8200
KXBTC15M-26MAY070115-15,4,0.9030,0.9070,0.9020
KXBTC15M-26MAY070115-15,5,0.9020,0.8900,0.8800
KXBTC15M-26MAY070015-15,3,0.6100,0.6200,0.6100
KXBTC15M-26MAY070015-15,4,0.4000,0.4000,0.3900
KXBTC15M-26MAY070015-15,5,0.2500,0.2500,0.2400
KXBTC15M-26MAY070100-00,3,0.7100,0.7100,0.7000
KXBTC15M-26MAY070100-00,4,0.7600,0.7600,0.7500
KXBTC15M-26MAY070100-00,5,0.7800,0.7900,0.7800
KXBTC15M-26MAY070845-45,3,0.6700,0.6700,0.6600
KXBTC15M-26MAY070845-45,4,0.5000,0.5100,0.5000
KXBTC15M-26MAY070845-45,5,0.4500,0.4600,0.4500
KXBTC15M-26MAY070000-00,3,0.2700,0.2700,0.2600
KXBTC15M-26MAY070000-00,4,0.3500,0.3500,0.3400
KXBTC15M-26MAY070000-00,5,0.6800,0.6800,0.6700
KXBTC15M-26MAY062300-00,3,0.7800,0.7800,0.7700
KXBTC15M-26MAY062300-00,4,0.8300,0.8300,0.8200
KXBTC15M-26MAY062300-00,5,0.8000,0.8200,0.8000
KXBTC15M-26MAY070130-30,3,0.5700,0.5900,0.5700
KXBTC15M-26MAY070130-30,4,0.5500,0.5600,0.5500
KXBTC15M-26MAY070130-30,5,0.4000,0.3900,0.3800
KXBTC15M-26MAY062230-30,3,0.6500,0.6500,0.6400
KXBTC15M-26MAY062230-30,4,0.4200,0.4200,0.4100
KXBTC15M-26MAY062230-30,5,0.6200,0.6300,0.6200
KXBTC15M-26MAY062215-15,3,0.4300,0.4300,0.4100
KXBTC15M-26MAY062215-15,4,0.2600,0.2600,0.2500
KXBTC15M-26MAY062215-15,5,0.1700,0.1700,0.1600
KXBTC15M-26MAY070030-30,3,0.6600,0.6600,0.6500
KXBTC15M-26MAY070030-30,4,0.7400,0.7600,0.7400
KXBTC15M-26MAY070030-30,5,0.8500,0.8600,0.8500
KXBTC15M-26MAY070045-45,3,0.7500,0.7600,0.7500
KXBTC15M-26MAY070045-45,4,0.4500,0.4500,0.4300
KXBTC15M-26MAY070045-45,5,0.4600,0.4700,0.4600
KXBTC15M-26MAY062100-00,3,0.8200,0.8400,0.8200
KXBTC15M-26MAY062100-00,4,0.8200,0.8300,0.8200
KXBTC15M-26MAY062100-00,5,0.7600,0.7700,0.7600
KXBTC15M-26MAY070545-45,3,0.4400,0.4300,0.4200
KXBTC15M-26MAY070545-45,4,0.7200,0.7300,0.7100
KXBTC15M-26MAY070545-45,5,0.8500,0.8600,0.8400
KXBTC15M-26MAY062130-30,3,0.2300,0.2300,0.2200
KXBTC15M-26MAY062130-30,4,0.3100,0.3100,0.3000
KXBTC15M-26MAY062130-30,5,0.2100,0.2300,0.2200
KXBTC15M-26MAY062045-45,3,0.1500,0.1600,0.1500
KXBTC15M-26MAY062045-45,4,0.2300,0.2400,0.2300
KXBTC15M-26MAY062045-45,5,0.1800,0.1900,0.1800
KXBTC15M-26MAY062315-15,3,0.3300,0.3300,0.3200
KXBTC15M-26MAY062315-15,4,0.2300,0.2400,0.2300
KXBTC15M-26MAY062315-15,5,0.1300,0.1400,0.1300
KXBTC15M-26MAY062015-15,3,0.5900,0.6100,0.5900
KXBTC15M-26MAY062015-15,4,0.4500,0.4800,0.4600
KXBTC15M-26MAY062015-15,5,0.4200,0.4400,0.4300
KXBTC15M-26MAY061930-30,3,0.6300,0.6300,0.6200
KXBTC15M-26MAY061930-30,4,0.6000,0.6200,0.6000
KXBTC15M-26MAY061930-30,5,0.7700,0.7800,0.7700
KXBTC15M-26MAY062200-00,3,0.4000,0.4100,0.4000
KXBTC15M-26MAY062200-00,4,0.5500,0.5500,0.5400
KXBTC15M-26MAY062200-00,5,0.2800,0.2900,0.2800
KXBTC15M-26MAY062145-45,3,0.4900,0.4900,0.4700
KXBTC15M-26MAY062145-45,4,0.2600,0.2700,0.2600
KXBTC15M-26MAY062145-45,5,0.3800,0.4000,0.3800
KXBTC15M-26MAY062115-15,3,0.5900,0.5900,0.5800
KXBTC15M-26MAY062115-15,4,0.4900,0.4800,0.4700
KXBTC15M-26MAY062115-15,5,0.4100,0.4200,0.4100
KXBTC15M-26MAY061815-15,3,0.2400,0.2400,0.2300
KXBTC15M-26MAY061815-15,4,0.1700,0.1800,0.1700
KXBTC15M-26MAY061815-15,5,0.1600,0.1700,0.1600
KXBTC15M-26MAY061800-00,3,0.3100,0.3200,0.3100
KXBTC15M-26MAY061800-00,4,0.4000,0.4100,0.4000
KXBTC15M-26MAY061800-00,5,0.5500,0.5500,0.5400
KXBTC15M-26MAY062345-45,3,0.4800,0.4800,0.4600
KXBTC15M-26MAY062345-45,4,0.2600,0.2600,0.2500
KXBTC15M-26MAY062345-45,5,0.3800,0.3800,0.3700
KXBTC15M-26MAY061945-45,3,0.5500,0.5500,0.5400
KXBTC15M-26MAY061945-45,4,0.5700,0.5800,0.5700
KXBTC15M-26MAY061945-45,5,0.3900,0.4100,0.4000
KXBTC15M-26MAY062000-00,3,0.4800,0.4900,0.4800
KXBTC15M-26MAY062000-00,4,0.4500,0.4500,0.4400
KXBTC15M-26MAY062000-00,5,0.4600,0.4700,0.4600
KXBTC15M-26MAY061730-30,3,0.6700,0.6700,0.6500
KXBTC15M-26MAY061730-30,4,0.7600,0.7600,0.7500
KXBTC15M-26MAY061730-30,5,0.6900,0.7100,0.6900
KXBTC15M-26MAY061915-15,3,0.0290,0.0290,0.0220
KXBTC15M-26MAY061915-15,4,0.0250,0.0340,0.0260
KXBTC15M-26MAY061915-15,5,0.0330,0.0340,0.0280
KXBTC15M-26MAY061715-15,3,0.6700,0.6800,0.6700
KXBTC15M-26MAY061715-15,4,0.7200,0.7300,0.7200
KXBTC15M-26MAY061715-15,5,0.7200,0.7300,0.7200
KXBTC15M-26MAY061845-45,3,0.8100,0.8200,0.8100
KXBTC15M-26MAY061845-45,4,0.8400,0.8400,0.8300
KXBTC15M-26MAY061845-45,5,0.8900,0.8900,0.8800
KXBTC15M-26MAY061615-15,3,0.7100,0.7200,0.7100
KXBTC15M-26MAY061615-15,4,0.9200,0.9200,0.9130
KXBTC15M-26MAY061615-15,5,0.9000,0.9000,0.8900
KXBTC15M-26MAY061745-45,3,0.8700,0.8700,0.8600
KXBTC15M-26MAY061745-45,4,0.7300,0.7400,0.7300
KXBTC15M-26MAY061745-45,5,0.8300,0.8400,0.8300
KXBTC15M-26MAY061545-45,3,0.3900,0.4000,0.3900
KXBTC15M-26MAY061545-45,4,0.3000,0.3200,0.3000
KXBTC15M-26MAY061545-45,5,0.4000,0.4000,0.3900
KXBTC15M-26MAY061530-30,3,0.6000,0.6000,0.5900
KXBTC15M-26MAY061530-30,4,0.8200,0.8200,0.8100
KXBTC15M-26MAY061530-30,5,0.8000,0.8200,0.8000
KXBTC15M-26MAY061515-15,3,0.7000,0.7200,0.7000
KXBTC15M-26MAY061515-15,4,0.4300,0.4400,0.4300
KXBTC15M-26MAY061515-15,5,0.5200,0.5400,0.5200
KXBTC15M-26MAY061430-30,3,0.8200,0.8300,0.8200
KXBTC15M-26MAY061430-30,4,0.7400,0.7500,0.7400
KXBTC15M-26MAY061430-30,5,0.8100,0.8100,0.8000
KXBTC15M-26MAY061445-45,3,0.1900,0.1900,0.1800
KXBTC15M-26MAY061445-45,4,0.0980,0.1100,0.1000
KXBTC15M-26MAY061445-45,5,0.0500,0.0570,0.0500
KXBTC15M-26MAY061400-00,3,0.1800,0.1700,0.1600
KXBTC15M-26MAY061400-00,4,0.1600,0.1700,0.1600
KXBTC15M-26MAY061400-00,5,0.1600,0.1700,0.1600
KXBTC15M-26MAY061900-00,3,0.3100,0.3100,0.3000
KXBTC15M-26MAY061900-00,4,0.3700,0.3600,0.3500
KXBTC15M-26MAY061900-00,5,0.6400,0.6700,0.6500
KXBTC15M-26MAY061830-30,3,0.3300,0.3300,0.3200
KXBTC15M-26MAY061830-30,4,0.2000,0.2100,0.2000
KXBTC15M-26MAY061830-30,5,0.2000,0.2000,0.1900
KXBTC15M-26MAY061300-00,3,0.3700,0.3700,0.3600
KXBTC15M-26MAY061300-00,4,0.5500,0.5500,0.5400
KXBTC15M-26MAY061300-00,5,0.5600,0.5600,0.5500
KXBTC15M-26MAY061315-15,3,0.5300,0.5300,0.5100
KXBTC15M-26MAY061315-15,4,0.5500,0.5700,0.5600
KXBTC15M-26MAY061315-15,5,0.5100,0.5200,0.5100
KXBTC15M-26MAY061215-15,3,0.2400,0.2500,0.2400
KXBTC15M-26MAY061215-15,4,0.5200,0.5300,0.5200
KXBTC15M-26MAY061215-15,5,0.6500,0.6400,0.6300
KXBTC15M-26MAY061245-45,3,0.4200,0.4400,0.4200
KXBTC15M-26MAY061245-45,4,0.5900,0.5900,0.5800
KXBTC15M-26MAY061245-45,5,0.3800,0.3800,0.3700
KXBTC15M-26MAY061415-15,3,0.5300,0.5200,0.5100
KXBTC15M-26MAY061415-15,4,0.4400,0.4400,0.4300
KXBTC15M-26MAY061415-15,5,0.4800,0.4700,0.4600
KXBTC15M-26MAY061700-00,3,0.3300,0.3300,0.3200
KXBTC15M-26MAY061700-00,4,0.3900,0.3900,0.3800
KXBTC15M-26MAY061700-00,5,0.3000,0.3000,0.2900
KXBTC15M-26MAY061645-45,3,0.0580,0.0580,0.0510
KXBTC15M-26MAY061645-45,4,0.0380,0.0380,0.0320
KXBTC15M-26MAY061645-45,5,0.0540,0.0570,0.0550
KXBTC15M-26MAY061330-30,3,0.0580,0.0650,0.0580
KXBTC15M-26MAY061330-30,4,0.0830,0.0850,0.0780
KXBTC15M-26MAY061330-30,5,0.0870,0.0870,0.0810
KXBTC15M-26MAY061630-30,3,0.6700,0.6900,0.6800
KXBTC15M-26MAY061630-30,4,0.6000,0.6000,0.5900
KXBTC15M-26MAY061630-30,5,0.7100,0.7200,0.7100
KXBTC15M-26MAY061015-15,3,0.2100,0.2100,0.2000
KXBTC15M-26MAY061015-15,4,0.0710,0.0740,0.0700
KXBTC15M-26MAY061015-15,5,0.0350,0.0460,0.0370
KXBTC15M-26MAY061230-30,3,0.4500,0.4600,0.4500
KXBTC15M-26MAY061230-30,4,0.2400,0.2400,0.2300
KXBTC15M-26MAY061230-30,5,0.1400,0.1400,0.1300
KXBTC15M-26MAY061200-00,3,0.9000,0.9000,0.8900
KXBTC15M-26MAY061200-00,4,0.8400,0.8400,0.8300
KXBTC15M-26MAY061200-00,5,0.8200,0.8400,0.8300
KXBTC15M-26MAY061000-00,3,0.2000,0.2100,0.2000
KXBTC15M-26MAY061000-00,4,0.1700,0.1700,0.1600
KXBTC15M-26MAY061000-00,5,0.0840,0.0840,0.0800
KXBTC15M-26MAY060930-30,3,0.4900,0.5000,0.4800
KXBTC15M-26MAY060930-30,4,0.2500,0.2500,0.2400
KXBTC15M-26MAY060930-30,5,0.2800,0.2900,0.2800
KXBTC15M-26MAY061130-30,3,0.9520,0.9580,0.9520
KXBTC15M-26MAY061130-30,4,0.9800,0.9790,0.9760
KXBTC15M-26MAY061130-30,5,0.9820,0.9870,0.9860
KXBTC15M-26MAY060845-45,3,0.5300,0.5300,0.5100
KXBTC15M-26MAY060845-45,4,0.6400,0.6700,0.6600
KXBTC15M-26MAY060845-45,5,0.6700,0.6800,0.6700
KXBTC15M-26MAY061115-15,3,0.5600,0.5600,0.5500
KXBTC15M-26MAY061115-15,4,0.7300,0.7400,0.7300
KXBTC15M-26MAY061115-15,5,0.6300,0.6300,0.6100
KXBTC15M-26MAY060815-15,3,0.1600,0.1600,0.1500
KXBTC15M-26MAY060815-15,4,0.1100,0.1100,0.1000
KXBTC15M-26MAY060815-15,5,0.0830,0.0760,0.0670
KXBTC15M-26MAY061345-45,3,0.4600,0.4600,0.4500
KXBTC15M-26MAY061345-45,4,0.4000,0.4100,0.4000
KXBTC15M-26MAY061345-45,5,0.4700,0.4800,0.4600
KXBTC15M-26MAY060830-30,3,0.4900,0.4900,0.4800
KXBTC15M-26MAY060830-30,4,0.4200,0.4200,0.4100
KXBTC15M-26MAY060830-30,5,0.7700,0.7800,0.7700
KXBTC15M-26MAY060800-00,3,0.5000,0.5200,0.5100
KXBTC15M-26MAY060800-00,4,0.5800,0.6000,0.5800
KXBTC15M-26MAY060800-00,5,0.7400,0.7500,0.7400
KXBTC15M-26MAY060715-15,3,0.7300,0.7500,0.7300
KXBTC15M-26MAY060715-15,4,0.8100,0.8200,0.8100
KXBTC15M-26MAY060715-15,5,0.9120,0.9230,0.9120
KXBTC15M-26MAY060730-30,3,0.8000,0.8100,0.8000
KXBTC15M-26MAY060730-30,4,0.8400,0.8500,0.8300
KXBTC15M-26MAY060730-30,5,0.9700,0.9780,0.9680
KXBTC15M-26MAY060645-45,3,0.7300,0.7300,0.7200
KXBTC15M-26MAY060645-45,4,0.7500,0.7500,0.7400
KXBTC15M-26MAY060645-45,5,0.8800,0.8800,0.8700
KXBTC15M-26MAY060615-15,3,0.6500,0.6600,0.6500
KXBTC15M-26MAY060615-15,4,0.7200,0.7200,0.7000
KXBTC15M-26MAY060615-15,5,0.4800,0.4800,0.4700
KXBTC15M-26MAY060700-00,3,0.3200,0.3200,0.3100
KXBTC15M-26MAY060700-00,4,0.1600,0.1700,0.1600
KXBTC15M-26MAY060700-00,5,0.1500,0.1500,0.1400
KXBTC15M-26MAY060630-30,3,0.7000,0.7000,0.6900
KXBTC15M-26MAY060630-30,4,0.7000,0.7100,0.7000
KXBTC15M-26MAY060630-30,5,0.8000,0.8100,0.8000
KXBTC15M-26MAY060530-30,3,0.4400,0.4600,0.4400
KXBTC15M-26MAY060530-30,4,0.4400,0.4500,0.4400
KXBTC15M-26MAY060530-30,5,0.4100,0.4200,0.4100
KXBTC15M-26MAY060515-15,3,0.0980,0.0980,0.0900
KXBTC15M-26MAY060515-15,4,0.1700,0.1700,0.1500
KXBTC15M-26MAY060515-15,5,0.1200,0.1200,0.1100
KXBTC15M-26MAY060545-45,3,0.9140,0.9140,0.9100
KXBTC15M-26MAY060545-45,4,0.9260,0.9220,0.9210
KXBTC15M-26MAY060545-45,5,0.9230,0.9290,0.9220
KXBTC15M-26MAY060430-30,3,0.3400,0.3600,0.3400
KXBTC15M-26MAY060430-30,4,0.2600,0.2600,0.2500
KXBTC15M-26MAY060430-30,5,0.2500,0.2600,0.2500
KXBTC15M-26MAY060500-00,3,0.2300,0.2300,0.2200
KXBTC15M-26MAY060500-00,4,0.2000,0.2000,0.1900
KXBTC15M-26MAY060500-00,5,0.5600,0.5600,0.5500
KXBTC15M-26MAY060945-45,3,0.4600,0.4700,0.4500
KXBTC15M-26MAY060945-45,4,0.6100,0.6100,0.6000
KXBTC15M-26MAY060945-45,5,0.5400,0.5600,0.5500
KXBTC15M-26MAY060415-15,3,0.9200,0.9060,0.9020
KXBTC15M-26MAY060415-15,4,0.9520,0.9590,0.9520
KXBTC15M-26MAY060415-15,5,0.9790,0.9800,0.9780
KXBTC15M-26MAY060330-30,3,0.3700,0.3700,0.3600
KXBTC15M-26MAY060330-30,4,0.4100,0.4200,0.4100
KXBTC15M-26MAY060330-30,5,0.3100,0.3100,0.3000
KXBTC15M-26MAY060600-00,3,0.0890,0.0900,0.0880
KXBTC15M-26MAY060600-00,4,0.1600,0.1600,0.1500
KXBTC15M-26MAY060600-00,5,0.0780,0.0780,0.0770
KXBTC15M-26MAY060300-00,3,0.7500,0.7500,0.7400
KXBTC15M-26MAY060300-00,4,0.8100,0.8300,0.8000
KXBTC15M-26MAY060300-00,5,0.7800,0.7800,0.7700
KXBTC15M-26MAY060315-15,3,0.6200,0.6200,0.6100
KXBTC15M-26MAY060315-15,4,0.3300,0.3400,0.3300
KXBTC15M-26MAY060315-15,5,0.5400,0.5400,0.5200
KXBTC15M-26MAY060445-45,3,0.9240,0.9240,0.9230
KXBTC15M-26MAY060445-45,4,0.9180,0.9180,0.9140
KXBTC15M-26MAY060445-45,5,0.9590,0.9590,0.9520
KXBTC15M-26MAY060745-45,3,0.4700,0.4700,0.4600
KXBTC15M-26MAY060745-45,4,0.5500,0.5400,0.5300
KXBTC15M-26MAY060745-45,5,0.6500,0.6600,0.6500
KXBTC15M-26MAY060230-30,3,0.2800,0.2900,0.2800
KXBTC15M-26MAY060230-30,4,0.5200,0.5400,0.5200
KXBTC15M-26MAY060230-30,5,0.5100,0.5300,0.5100
KXBTC15M-26MAY060400-00,3,0.4000,0.4000,0.3900
KXBTC15M-26MAY060400-00,4,0.5400,0.5500,0.5400
KXBTC15M-26MAY060400-00,5,0.2500,0.2500,0.2300
KXBTC15M-26MAY060115-15,3,0.3000,0.3100,0.3000
KXBTC15M-26MAY060115-15,4,0.5100,0.5300,0.5100
KXBTC15M-26MAY060115-15,5,0.4800,0.4900,0.4800
KXBTC15M-26MAY060015-15,3,0.3600,0.3600,0.3500
KXBTC15M-26MAY060015-15,4,0.3800,0.3800,0.3700
KXBTC15M-26MAY060015-15,5,0.4600,0.4600,0.4400
KXBTC15M-26MAY060100-00,3,0.7900,0.7900,0.7800
KXBTC15M-26MAY060100-00,4,0.8600,0.8700,0.8500
KXBTC15M-26MAY060100-00,5,0.8700,0.8600,0.8500
KXBTC15M-26MAY060130-30,3,0.5700,0.5800,0.5700
KXBTC15M-26MAY060130-30,4,0.5800,0.5800,0.5700
KXBTC15M-26MAY060130-30,5,0.5100,0.5100,0.5000
KXBTC15M-26MAY052330-30,3,0.3500,0.3600,0.3500
KXBTC15M-26MAY052330-30,4,0.4800,0.4900,0.4800
KXBTC15M-26MAY052330-30,5,0.5100,0.5300,0.5100
KXBTC15M-26MAY060000-00,3,0.5400,0.5600,0.5400
KXBTC15M-26MAY060000-00,4,0.5000,0.5100,0.5000
KXBTC15M-26MAY060000-00,5,0.3000,0.3000,0.2900
KXBTC15M-26MAY052300-00,3,0.8600,0.8700,0.8600
KXBTC15M-26MAY052300-00,4,0.8900,0.8900,0.8800
KXBTC15M-26MAY052300-00,5,0.9320,0.9370,0.9320
KXBTC15M-26MAY060145-45,3,0.3600,0.3700,0.3600
KXBTC15M-26MAY060145-45,4,0.3000,0.3100,0.3000
KXBTC15M-26MAY060145-45,5,0.1200,0.1200,0.1100
KXBTC15M-26MAY052315-15,3,0.7400,0.7500,0.7400
KXBTC15M-26MAY052315-15,4,0.7900,0.7900,0.7800
KXBTC15M-26MAY052315-15,5,0.8900,0.8900,0.8800
KXBTC15M-26MAY052145-45,3,0.7400,0.7500,0.7400
KXBTC15M-26MAY052145-45,4,0.7900,0.8000,0.7900
KXBTC15M-26MAY052145-45,5,0.7500,0.7500,0.7400
KXBTC15M-26MAY052130-30,3,0.9130,0.9200,0.9120
KXBTC15M-26MAY052130-30,4,0.8800,0.8800,0.8700
KXBTC15M-26MAY052130-30,5,0.9130,0.9250,0.9120
KXBTC15M-26MAY052230-30,3,0.3200,0.3200,0.3100
KXBTC15M-26MAY052230-30,4,0.2900,0.2900,0.2800
KXBTC15M-26MAY052230-30,5,0.4400,0.4800,0.4700
KXBTC15M-26MAY052115-15,3,0.7400,0.7400,0.7300
KXBTC15M-26MAY052115-15,4,0.8200,0.8300,0.8200
KXBTC15M-26MAY052115-15,5,0.8100,0.8200,0.8100
KXBTC15M-26MAY052045-45,3,0.5000,0.5100,0.5000
KXBTC15M-26MAY052045-45,4,0.7200,0.7200,0.7000
KXBTC15M-26MAY052045-45,5,0.7700,0.7800,0.7700
KXBTC15M-26MAY052345-45,3,0.4300,0.4400,0.4300
KXBTC15M-26MAY052345-45,4,0.5300,0.5500,0.5300
KXBTC15M-26MAY052345-45,5,0.7100,0.7200,0.7000
KXBTC15M-26MAY060245-45,3,0.4400,0.4400,0.4300
KXBTC15M-26MAY060245-45,4,0.3800,0.3700,0.3600
KXBTC15M-26MAY060245-45,5,0.5500,0.5600,0.5500
KXBTC15M-26MAY052215-15,3,0.2100,0.2200,0.2100
KXBTC15M-26MAY052215-15,4,0.1400,0.1400,0.1300
KXBTC15M-26MAY052215-15,5,0.1000,0.1000,0.0980
KXBTC15M-26MAY052200-00,3,0.7500,0.7700,0.7600
KXBTC15M-26MAY052200-00,4,0.7900,0.8000,0.7900
KXBTC15M-26MAY052200-00,5,0.8900,0.9000,0.8900
KXBTC15M-26MAY051930-30,3,0.3200,0.3200,0.3100
KXBTC15M-26MAY051930-30,4,0.1900,0.1900,0.1800
KXBTC15M-26MAY051930-30,5,0.1600,0.1700,0.1600
KXBTC15M-26MAY052000-00,3,0.3700,0.3800,0.3700
KXBTC15M-26MAY052000-00,4,0.5000,0.5000,0.4900
KXBTC15M-26MAY052000-00,5,0.5200,0.5300,0.5200
KXBTC15M-26MAY051900-00,3,0.7300,0.7300,0.7100
KXBTC15M-26MAY051900-00,4,0.7500,0.7400,0.7300
KXBTC15M-26MAY051900-00,5,0.7500,0.7700,0.7500
KXBTC15M-26MAY060030-30,3,0.4000,0.4100,0.4000
KXBTC15M-26MAY060030-30,4,0.5900,0.6000,0.5800
KXBTC15M-26MAY060030-30,5,0.5800,0.5900,0.5800
KXBTC15M-26MAY051845-45,3,0.0320,0.0380,0.0320
KXBTC15M-26MAY051845-45,4,0.0120,0.0160,0.0120
KXBTC15M-26MAY051845-45,5,0.0180,0.0200,0.0180
KXBTC15M-26MAY051815-15,3,0.9220,0.9270,0.9220
KXBTC15M-26MAY051815-15,4,0.8200,0.8200,0.8100
KXBTC15M-26MAY051815-15,5,0.9300,0.9310,0.9300
KXBTC15M-26MAY052015-15,3,0.8000,0.8000,0.7900
KXBTC15M-26MAY052015-15,4,0.8700,0.8800,0.8700
KXBTC15M-26MAY052015-15,5,0.8300,0.8400,0.8300
KXBTC15M-26MAY051830-30,3,0.2700,0.2800,0.2700
KXBTC15M-26MAY051830-30,4,0.4300,0.4300,0.4100
KXBTC15M-26MAY051830-30,5,0.3300,0.3500,0.3300
KXBTC15M-26MAY051715-15,3,0.8200,0.8200,0.8100
KXBTC15M-26MAY051715-15,4,0.6400,0.6500,0.6400
KXBTC15M-26MAY051715-15,5,0.8100,0.8100,0.7900
KXBTC15M-26MAY051945-45,3,0.4200,0.4200,0.4100
KXBTC15M-26MAY051945-45,4,0.3300,0.3300,0.3200
KXBTC15M-26MAY051945-45,5,0.2200,0.2200,0.2000
KXBTC15M-26MAY052245-45,3,0.2900,0.3000,0.2900
KXBTC15M-26MAY052245-45,4,0.1400,0.1400,0.1300
KXBTC15M-26MAY052245-45,5,0.2000,0.2300,0.2200
KXBTC15M-26MAY051700-00,3,0.1900,0.2000,0.1900
KXBTC15M-26MAY051700-00,4,0.2000,0.2100,0.2000
KXBTC15M-26MAY051700-00,5,0.3900,0.4000,0.3900
KXBTC15M-26MAY051645-45,3,0.8600,0.8700,0.8600
KXBTC15M-26MAY051645-45,4,0.8600,0.8700,0.8600
KXBTC15M-26MAY051645-45,5,0.9000,0.9010,0.9000
KXBTC15M-26MAY052100-00,3,0.2100,0.2100,0.2000
KXBTC15M-26MAY052100-00,4,0.2000,0.1600,0.1500
KXBTC15M-26MAY052100-00,5,0.4500,0.4600,0.4400
KXBTC15M-26MAY051515-15,3,0.3300,0.3200,0.3100
KXBTC15M-26MAY051515-15,4,0.3100,0.3100,0.3000
KXBTC15M-26MAY051515-15,5,0.2300,0.2300,0.2200
KXBTC15M-26MAY051600-00,3,0.6000,0.6000,0.5900
KXBTC15M-26MAY051600-00,4,0.4700,0.4700,0.4600
KXBTC15M-26MAY051600-00,5,0.2400,0.2400,0.2300
KXBTC15M-26MAY051545-45,3,0.8200,0.8400,0.8200
KXBTC15M-26MAY051545-45,4,0.6900,0.6900,0.6800
KXBTC15M-26MAY051545-45,5,0.6500,0.6500,0.6400
KXBTC15M-26MAY051500-00,3,0.5800,0.5900,0.5800
KXBTC15M-26MAY051500-00,4,0.5500,0.5600,0.5500
KXBTC15M-26MAY051500-00,5,0.6500,0.6600,0.6500
KXBTC15M-26MAY051400-00,3,0.6800,0.6800,0.6700
KXBTC15M-26MAY051400-00,4,0.4700,0.4600,0.4500
KXBTC15M-26MAY051400-00,5,0.6200,0.6300,0.6200
KXBTC15M-26MAY051430-30,3,0.3300,0.3300,0.3200
KXBTC15M-26MAY051430-30,4,0.2200,0.2200,0.2100
KXBTC15M-26MAY051430-30,5,0.1700,0.1700,0.1600
KXBTC15M-26MAY051915-15,3,0.3100,0.3100,0.3000
KXBTC15M-26MAY051915-15,4,0.4500,0.4500,0.4300
KXBTC15M-26MAY051915-15,5,0.3500,0.3500,0.3400
KXBTC15M-26MAY051345-45,3,0.1600,0.1600,0.1500
KXBTC15M-26MAY051345-45,4,0.1900,0.1900,0.1800
KXBTC15M-26MAY051345-45,5,0.1000,0.1100,0.0990
KXBTC15M-26MAY051300-00,3,0.8300,0.8400,0.8300
KXBTC15M-26MAY051300-00,4,0.8100,0.8300,0.8100
KXBTC15M-26MAY051300-00,5,0.9230,0.9300,0.9230
KXBTC15M-26MAY051245-45,3,0.1100,0.1100,0.1000
KXBTC15M-26MAY051245-45,4,0.1200,0.1200,0.1100
KXBTC15M-26MAY051245-45,5,0.0520,0.0660,0.0560
KXBTC15M-26MAY051315-15,3,0.8100,0.8200,0.8100
KXBTC15M-26MAY051315-15,4,0.8000,0.8100,0.8000
KXBTC15M-26MAY051315-15,5,0.8200,0.8200,0.8100
KXBTC15M-26MAY051445-45,3,0.3600,0.3700,0.3600
KXBTC15M-26MAY051445-45,4,0.5600,0.5700,0.5600
KXBTC15M-26MAY051445-45,5,0.7300,0.7500,0.7300
KXBTC15M-26MAY051415-15,3,0.6100,0.6100,0.6000
KXBTC15M-26MAY051415-15,4,0.7800,0.7800,0.7700
KXBTC15M-26MAY051415-15,5,0.7700,0.7800,0.7700
KXBTC15M-26MAY051730-30,3,0.2900,0.2900,0.2800
KXBTC15M-26MAY051730-30,4,0.1900,0.1900,0.1800
KXBTC15M-26MAY051730-30,5,0.1400,0.1500,0.1400
KXBTC15M-26MAY051215-15,3,0.4400,0.4400,0.4300
KXBTC15M-26MAY051215-15,4,0.6200,0.6300,0.6100
KXBTC15M-26MAY051215-15,5,0.6400,0.6500,0.6400
KXBTC15M-26MAY051115-15,3,0.4900,0.4900,0.4800
KXBTC15M-26MAY051115-15,4,0.7300,0.7300,0.7200
KXBTC15M-26MAY051115-15,5,0.6500,0.6600,0.6500
KXBTC15M-26MAY051145-45,3,0.6200,0.6200,0.6100
KXBTC15M-26MAY051145-45,4,0.6200,0.6300,0.6200
KXBTC15M-26MAY051145-45,5,0.7700,0.7800,0.7700
KXBTC15M-26MAY051615-15,3,0.8200,0.8200,0.8100
KXBTC15M-26MAY051615-15,4,0.8600,0.8700,0.8600
KXBTC15M-26MAY051615-15,5,0.8400,0.8300,0.8200
KXBTC15M-26MAY051015-15,3,0.4900,0.4800,0.4700
KXBTC15M-26MAY051015-15,4,0.6500,0.6600,0.6500
KXBTC15M-26MAY051015-15,5,0.4900,0.4900,0.4800
KXBTC15M-26MAY051045-45,3,0.4100,0.4100,0.4000
KXBTC15M-26MAY051045-45,4,0.4200,0.4300,0.4200
KXBTC15M-26MAY051045-45,5,0.4400,0.4500,0.4400
KXBTC15M-26MAY050945-45,3,0.5500,0.5400,0.5300
KXBTC15M-26MAY050945-45,4,0.5100,0.5200,0.5100
KXBTC15M-26MAY050945-45,5,0.4500,0.4600,0.4500
KXBTC15M-26MAY051200-00,3,0.6700,0.6800,0.6700
KXBTC15M-26MAY051200-00,4,0.6600,0.6600,0.6500
KXBTC15M-26MAY051200-00,5,0.3800,0.3800,0.3700
KXBTC15M-26MAY050915-15,3,0.9000,0.9000,0.8800
KXBTC15M-26MAY050915-15,4,0.9470,0.9440,0.9400
KXBTC15M-26MAY050915-15,5,0.9620,0.9620,0.9610
KXBTC15M-26MAY050930-30,3,0.2000,0.2100,0.1900
KXBTC15M-26MAY050930-30,4,0.3000,0.3200,0.3000
KXBTC15M-26MAY050930-30,5,0.6100,0.6200,0.6100
KXBTC15M-26MAY051100-00,3,0.5200,0.5300,0.5200
KXBTC15M-26MAY051100-00,4,0.3900,0.4100,0.3900
KXBTC15M-26MAY051100-00,5,0.3000,0.3100,0.3000
KXBTC15M-26MAY050900-00,3,0.1500,0.1600,0.1500
KXBTC15M-26MAY050900-00,4,0.2100,0.2300,0.2100
KXBTC15M-26MAY050900-00,5,0.4800,0.4900,0.4800
KXBTC15M-26MAY050815-15,3,0.4700,0.4800,0.4700
KXBTC15M-26MAY050815-15,4,0.4700,0.4700,0.4500
KXBTC15M-26MAY050815-15,5,0.4100,0.4200,0.4100
KXBTC15M-26MAY050800-00,3,0.3600,0.3600,0.3500
KXBTC15M-26MAY050800-00,4,0.2600,0.2800,0.2600
KXBTC15M-26MAY050800-00,5,0.0570,0.0570,0.0500
KXBTC15M-26MAY051000-00,3,0.8700,0.8700,0.8600
KXBTC15M-26MAY051000-00,4,0.8900,0.9030,0.8800
KXBTC15M-26MAY051000-00,5,0.8600,0.8800,0.8600
KXBTC15M-26MAY050700-00,3,0.4700,0.4700,0.4600
KXBTC15M-26MAY050700-00,4,0.3700,0.3700,0.3500
KXBTC15M-26MAY050700-00,5,0.3700,0.3700,0.3600
KXBTC15M-26MAY050745-45,3,0.4800,0.4800,0.4700
KXBTC15M-26MAY050745-45,4,0.7700,0.7700,0.7600
KXBTC15M-26MAY050745-45,5,0.8000,0.8100,0.7900
KXBTC15M-26MAY051230-30,3,0.4700,0.4800,0.4700
KXBTC15M-26MAY051230-30,4,0.5600,0.5600,0.5400
KXBTC15M-26MAY051230-30,5,0.5900,0.6100,0.6000
KXBTC15M-26MAY050645-45,3,0.6600,0.6600,0.6500
KXBTC15M-26MAY050645-45,4,0.9220,0.9230,0.9160
KXBTC15M-26MAY050645-45,5,0.9220,0.9250,0.9220
KXBTC15M-26MAY050545-45,3,0.3400,0.3400,0.3300
KXBTC15M-26MAY050545-45,4,0.2300,0.2500,0.2300
KXBTC15M-26MAY050545-45,5,0.3800,0.3800,0.3600
KXBTC15M-26MAY050615-15,3,0.5200,0.5300,0.5200
KXBTC15M-26MAY050615-15,4,0.6300,0.6400,0.6200
KXBTC15M-26MAY050615-15,5,0.8800,0.8800,0.8500
KXBTC15M-26MAY050500-00,3,0.8200,0.8300,0.8200
KXBTC15M-26MAY050500-00,4,0.8600,0.8600,0.8500
KXBTC15M-26MAY050500-00,5,0.8500,0.8600,0.8500
KXBTC15M-26MAY050530-30,3,0.2600,0.2700,0.2600
KXBTC15M-26MAY050530-30,4,0.2600,0.2600,0.2500
KXBTC15M-26MAY050530-30,5,0.2200,0.2200,0.2100
KXBTC15M-26MAY050715-15,3,0.5100,0.5100,0.4900
KXBTC15M-26MAY050715-15,4,0.5700,0.5700,0.5500
KXBTC15M-26MAY050715-15,5,0.5800,0.5700,0.5600
KXBTC15M-26MAY050730-30,3,0.3600,0.3700,0.3600
KXBTC15M-26MAY050730-30,4,0.2400,0.2400,0.2300
KXBTC15M-26MAY050730-30,5,0.1300,0.1300,0.1200
KXBTC15M-26MAY050445-45,3,0.2700,0.2600,0.2400
KXBTC15M-26MAY050445-45,4,0.5000,0.5000,0.4900
KXBTC15M-26MAY050445-45,5,0.6000,0.6100,0.6000
KXBTC15M-26MAY050630-30,3,0.6200,0.6300,0.6200
KXBTC15M-26MAY050630-30,4,0.7000,0.7300,0.7200
KXBTC15M-26MAY050630-30,5,0.8200,0.8200,0.8100
KXBTC15M-26MAY050415-15,3,0.5700,0.5800,0.5700
KXBTC15M-26MAY050415-15,4,0.4500,0.4500,0.4400
KXBTC15M-26MAY050415-15,5,0.6100,0.6200,0.6100
KXBTC15M-26MAY050315-15,3,0.3300,0.3400,0.3300
KXBTC15M-26MAY050315-15,4,0.4300,0.4400,0.4300
KXBTC15M-26MAY050315-15,5,0.2500,0.2600,0.2500
KXBTC15M-26MAY050330-30,3,0.4100,0.4100,0.4000
KXBTC15M-26MAY050330-30,4,0.5300,0.5300,0.5200
KXBTC15M-26MAY050330-30,5,0.5300,0.5300,0.5100
KXBTC15M-26MAY050300-00,3,0.6700,0.6900,0.6800
KXBTC15M-26MAY050300-00,4,0.7700,0.7800,0.7700
KXBTC15M-26MAY050300-00,5,0.6500,0.6700,0.6500
KXBTC15M-26MAY050245-45,3,0.6000,0.6100,0.6000
KXBTC15M-26MAY050245-45,4,0.6900,0.7000,0.6900
KXBTC15M-26MAY050245-45,5,0.7400,0.7500,0.7400
KXBTC15M-26MAY050200-00,3,0.1400,0.1500,0.1400
KXBTC15M-26MAY050200-00,4,0.1700,0.1800,0.1700
KXBTC15M-26MAY050200-00,5,0.4200,0.4200,0.4000
KXBTC15M-26MAY050230-30,3,0.2800,0.2800,0.2700
KXBTC15M-26MAY050230-30,4,0.2300,0.2300,0.2100
KXBTC15M-26MAY050230-30,5,0.1100,0.1300,0.1200
KXBTC15M-26MAY050400-00,3,0.2300,0.2300,0.2200
KXBTC15M-26MAY050400-00,4,0.2200,0.2200,0.2100
KXBTC15M-26MAY050400-00,5,0.1400,0.1400,0.1300
KXBTC15M-26MAY050345-45,3,0.5000,0.5100,0.5000
KXBTC15M-26MAY050345-45,4,0.7100,0.7100,0.6900
KXBTC15M-26MAY050345-45,5,0.7400,0.7500,0.7400
KXBTC15M-26MAY050100-00,3,0.8900,0.9000,0.8900
KXBTC15M-26MAY050100-00,4,0.9220,0.9300,0.9270
KXBTC15M-26MAY050100-00,5,0.9640,0.9670,0.9640
KXBTC15M-26MAY050130-30,3,0.5100,0.5000,0.4900
KXBTC15M-26MAY050130-30,4,0.6000,0.6000,0.5900
KXBTC15M-26MAY050130-30,5,0.4000,0.4000,0.3800
KXBTC15M-26MAY050600-00,3,0.4500,0.4600,0.4500
KXBTC15M-26MAY050600-00,4,0.3800,0.3900,0.3700
KXBTC15M-26MAY050600-00,5,0.3600,0.3700,0.3600
KXBTC15M-26MAY050030-30,3,0.8400,0.8500,0.8400
KXBTC15M-26MAY050030-30,4,0.7100,0.7200,0.7100
KXBTC15M-26MAY050030-30,5,0.6400,0.6400,0.6300
KXBTC15M-26MAY042345-45,3,0.5500,0.5500,0.5300
KXBTC15M-26MAY042345-45,4,0.5900,0.5900,0.5800
KXBTC15M-26MAY042345-45,5,0.7100,0.7100,0.7000
KXBTC15M-26MAY050515-15,3,0.1400,0.1400,0.1300
KXBTC15M-26MAY050515-15,4,0.0810,0.0980,0.0970
KXBTC15M-26MAY050515-15,5,0.0940,0.0910,0.0900
KXBTC15M-26MAY042300-00,3,0.0840,0.0880,0.0840
KXBTC15M-26MAY042300-00,4,0.0430,0.0460,0.0450
KXBTC15M-26MAY042300-00,5,0.0580,0.0650,0.0570
KXBTC15M-26MAY042330-30,3,0.5800,0.6000,0.5900
KXBTC15M-26MAY042330-30,4,0.8400,0.8500,0.8400
KXBTC15M-26MAY042330-30,5,0.9450,0.9500,0.9440
KXBTC15M-26MAY050115-15,3,0.2100,0.2200,0.2100
KXBTC15M-26MAY050115-15,4,0.2700,0.2900,0.2700
KXBTC15M-26MAY050115-15,5,0.2900,0.2900,0.2700
KXBTC15M-26MAY042215-15,3,0.7600,0.7600,0.7400
KXBTC15M-26MAY042215-15,4,0.9390,0.9360,0.9320
KXBTC15M-26MAY042215-15,5,0.9420,0.9490,0.9420
KXBTC15M-26MAY042230-30,3,0.5700,0.5900,0.5800
KXBTC15M-26MAY042230-30,4,0.4400,0.4300,0.4200
KXBTC15M-26MAY042230-30,5,0.4000,0.4100,0.4000
KXBTC15M-26MAY042130-30,3,0.4400,0.4400,0.4300
KXBTC15M-26MAY042130-30,4,0.4200,0.4200,0.4100
KXBTC15M-26MAY042130-30,5,0.4200,0.4300,0.4200
KXBTC15M-26MAY042115-15,3,0.2000,0.2000,0.1900
KXBTC15M-26MAY042115-15,4,0.2500,0.2600,0.2500
KXBTC15M-26MAY042115-15,5,0.4600,0.4600,0.4500
KXBTC15M-26MAY050000-00,3,0.3000,0.3200,0.3100
KXBTC15M-26MAY050000-00,4,0.4100,0.4100,0.4000
KXBTC15M-26MAY050000-00,5,0.2700,0.2700,0.2600
KXBTC15M-26MAY042315-15,3,0.2800,0.2700,0.2600
KXBTC15M-26MAY042315-15,4,0.2800,0.2800,0.2700
KXBTC15M-26MAY042315-15,5,0.2200,0.2200,0.2000
KXBTC15M-26MAY050215-15,3,0.4600,0.4700,0.4600
KXBTC15M-26MAY050215-15,4,0.3300,0.3300,0.3100
KXBTC15M-26MAY050215-15,5,0.1800,0.1800,0.1700
KXBTC15M-26MAY042030-30,3,0.3700,0.3700,0.3600
KXBTC15M-26MAY042030-30,4,0.5800,0.5800,0.5700
KXBTC15M-26MAY042030-30,5,0.3900,0.4000,0.3900
KXBTC15M-26MAY050145-45,3,0.6500,0.6500,0.6400
KXBTC15M-26MAY050145-45,4,0.7800,0.8000,0.7800
KXBTC15M-26MAY050145-45,5,0.8500,0.8700,0.8500
KXBTC15M-26MAY042000-00,3,0.4900,0.5000,0.4900
KXBTC15M-26MAY042000-00,4,0.6300,0.6400,0.6200
KXBTC15M-26MAY042000-00,5,0.8400,0.8500,0.8400
KXBTC15M-26MAY042200-00,3,0.7600,0.7700,0.7600
KXBTC15M-26MAY042200-00,4,0.8000,0.8100,0.8000
KXBTC15M-26MAY042200-00,5,0.9050,0.9060,0.8900
KXBTC15M-26MAY041930-30,3,0.3400,0.3400,0.3300
KXBTC15M-26MAY041930-30,4,0.5600,0.5600,0.5500
KXBTC15M-26MAY041930-30,5,0.4300,0.4400,0.4300
KXBTC15M-26MAY041845-45,3,0.1600,0.1600,0.1500
KXBTC15M-26MAY041845-45,4,0.0810,0.0830,0.0810
KXBTC15M-26MAY041845-45,5,0.1100,0.1200,0.1100
KXBTC15M-26MAY041830-30,3,0.1600,0.1600,0.1500
KXBTC15M-26MAY041830-30,4,0.2100,0.2100,0.2000
KXBTC15M-26MAY041830-30,5,0.1900,0.1900,0.1800
KXBTC15M-26MAY042045-45,3,0.9630,0.9670,0.9630
KXBTC15M-26MAY042045-45,4,0.9760,0.9830,0.9760
KXBTC15M-26MAY042045-45,5,0.9730,0.9790,0.9730
KXBTC15M-26MAY041745-45,3,0.7500,0.7600,0.7500
KXBTC15M-26MAY041745-45,4,0.7200,0.7300,0.7100
KXBTC15M-26MAY041745-45,5,0.9100,0.9100,0.9050
KXBTC15M-26MAY041815-15,3,0.8300,0.8300,0.8200
KXBTC15M-26MAY041815-15,4,0.8300,0.8400,0.8200
KXBTC15M-26MAY041815-15,5,0.8200,0.8300,0.8200
KXBTC15M-26MAY041800-00,3,0.6000,0.6200,0.6000
KXBTC15M-26MAY041800-00,4,0.8100,0.8200,0.8100
KXBTC15M-26MAY041800-00,5,0.9250,0.9260,0.9230
KXBTC15M-26MAY042245-45,3,0.4900,0.5000,0.4900
KXBTC15M-26MAY042245-45,4,0.5500,0.5600,0.5500
KXBTC15M-26MAY042245-45,5,0.8100,0.8200,0.8100
KXBTC15M-26MAY041645-45,3,0.1900,0.1900,0.1800
KXBTC15M-26MAY041645-45,4,0.2300,0.2300,0.2200
KXBTC15M-26MAY041645-45,5,0.1300,0.1300,0.1200
KXBTC15M-26MAY041915-15,3,0.1100,0.1100,0.1000
KXBTC15M-26MAY041915-15,4,0.0900,0.0950,0.0900
KXBTC15M-26MAY041915-15,5,0.0710,0.0760,0.0710
KXBTC15M-26MAY042145-45,3,0.3000,0.3000,0.2800
KXBTC15M-26MAY042145-45,4,0.2200,0.2300,0.2200
KXBTC15M-26MAY042145-45,5,0.5000,0.5100,0.5000
KXBTC15M-26MAY041630-30,3,0.3100,0.3200,0.3100
KXBTC15M-26MAY041630-30,4,0.0620,0.0770,0.0700
KXBTC15M-26MAY041630-30,5,0.0580,0.0580,0.0540
KXBTC15M-26MAY041545-45,3,0.6200,0.6200,0.6000
KXBTC15M-26MAY041545-45,4,0.5500,0.5500,0.5400
KXBTC15M-26MAY041545-45,5,0.5900,0.5900,0.5800
KXBTC15M-26MAY041600-00,3,0.6600,0.6600,0.6500
KXBTC15M-26MAY041600-00,4,0.7600,0.7700,0.7500
KXBTC15M-26MAY041600-00,5,0.5700,0.5700,0.5600
KXBTC15M-26MAY041715-15,3,0.9330,0.9370,0.9330
KXBTC15M-26MAY041715-15,4,0.8700,0.8800,0.8700
KXBTC15M-26MAY041715-15,5,0.8800,0.8900,0.8800
KXBTC15M-26MAY041530-30,3,0.1800,0.1900,0.1800
KXBTC15M-26MAY041530-30,4,0.1500,0.1600,0.1500
KXBTC15M-26MAY041530-30,5,0.1100,0.1100,0.1000
KXBTC15M-26MAY041515-15,3,0.3500,0.3500,0.3400
KXBTC15M-26MAY041515-15,4,0.2200,0.2300,0.2200
KXBTC15M-26MAY041515-15,5,0.2800,0.2900,0.2800
KXBTC15M-26MAY041500-00,3,0.3100,0.3200,0.3100
KXBTC15M-26MAY041500-00,4,0.4800,0.4800,0.4700
KXBTC15M-26MAY041500-00,5,0.2800,0.2900,0.2800
KXBTC15M-26MAY041430-30,3,0.1700,0.1800,0.1700
KXBTC15M-26MAY041430-30,4,0.1400,0.1500,0.1400
KXBTC15M-26MAY041430-30,5,0.2000,0.2000,0.1900
KXBTC15M-26MAY041330-30,3,0.6100,0.6200,0.6100
KXBTC15M-26MAY041330-30,4,0.6100,0.6100,0.6000
KXBTC15M-26MAY041330-30,5,0.6000,0.5900,0.5800
KXBTC15M-26MAY041400-00,3,0.6600,0.6600,0.6500
KXBTC15M-26MAY041400-00,4,0.8600,0.8500,0.8400
KXBTC15M-26MAY041400-00,5,0.9580,0.9580,0.9540
KXBTC15M-26MAY041315-15,3,0.8700,0.8700,0.8600
KXBTC15M-26MAY041315-15,4,0.9000,0.9000,0.8900
KXBTC15M-26MAY041315-15,5,0.9300,0.9310,0.9300
KXBTC15M-26MAY041245-45,3,0.4600,0.4500,0.4400
KXBTC15M-26MAY041245-45,4,0.5500,0.5600,0.5500
KXBTC15M-26MAY041245-45,5,0.5500,0.5500,0.5300
KXBTC15M-26MAY041230-30,3,0.8700,0.8800,0.8700
KXBTC15M-26MAY041230-30,4,0.9430,0.9550,0.9470
KXBTC15M-26MAY041230-30,5,0.9740,0.9760,0.9740
KXBTC15M-26MAY041730-30,3,0.3400,0.3400,0.3300
KXBTC15M-26MAY041730-30,4,0.4300,0.4300,0.4100
KXBTC15M-26MAY041730-30,5,0.4700,0.4700,0.4600
KXBTC15M-26MAY041415-15,3,0.4500,0.4500,0.4400
KXBTC15M-26MAY041415-15,4,0.4500,0.4400,0.4200
KXBTC15M-26MAY041415-15,5,0.2800,0.2900,0.2800
KXBTC15M-26MAY041700-00,3,0.7900,0.7900,0.7800
KXBTC15M-26MAY041700-00,4,0.8600,0.8700,0.8600
KXBTC15M-26MAY041700-00,5,0.7400,0.7500,0.7400
KXBTC15M-26MAY041200-00,3,0.3800,0.3800,0.3700
KXBTC15M-26MAY041200-00,4,0.3900,0.3800,0.3700
KXBTC15M-26MAY041200-00,5,0.2600,0.2700,0.2600
KXBTC15M-26MAY041615-15,3,0.2300,0.2300,0.2200
KXBTC15M-26MAY041615-15,4,0.2400,0.2500,0.2400
KXBTC15M-26MAY041615-15,5,0.1300,0.1400,0.1300
KXBTC15M-26MAY041030-30,3,0.6700,0.6800,0.6700
KXBTC15M-26MAY041030-30,4,0.7200,0.7300,0.7200
KXBTC15M-26MAY041030-30,5,0.8200,0.8200,0.8100
KXBTC15M-26MAY041015-15,3,0.1300,0.1400,0.1300
KXBTC15M-26MAY041015-15,4,0.1000,0.1100,0.1000
KXBTC15M-26MAY041015-15,5,0.0900,0.0970,0.0900
KXBTC15M-26MAY040945-45,3,0.6000,0.5900,0.5800
KXBTC15M-26MAY040945-45,4,0.6600,0.6700,0.6600
KXBTC15M-26MAY040945-45,5,0.7600,0.7600,0.7500
KXBTC15M-26MAY040930-30,3,0.5900,0.5900,0.5800
KXBTC15M-26MAY040930-30,4,0.4900,0.4900,0.4800
KXBTC15M-26MAY040930-30,5,0.5800,0.5900,0.5800
KXBTC15M-26MAY041000-00,3,0.5300,0.5200,0.5100
KXBTC15M-26MAY041000-00,4,0.3600,0.3600,0.3500
KXBTC15M-26MAY041000-00,5,0.3500,0.3500,0.3300
KXBTC15M-26MAY040900-00,3,0.5400,0.5400,0.5300
KXBTC15M-26MAY040900-00,4,0.5500,0.5700,0.5600
KXBTC15M-26MAY040900-00,5,0.4100,0.4200,0.4100
KXBTC15M-26MAY040845-45,3,0.3000,0.3000,0.2900
KXBTC15M-26MAY040845-45,4,0.1700,0.1600,0.1500
KXBTC15M-26MAY040845-45,5,0.1900,0.2000,0.1900
KXBTC15M-26MAY040815-15,3,0.4300,0.4500,0.4400
KXBTC15M-26MAY040815-15,4,0.5400,0.5400,0.5300
KXBTC15M-26MAY040815-15,5,0.6200,0.6200,0.6100
KXBTC15M-26MAY041100-00,3,0.9700,0.9710,0.9630
KXBTC15M-26MAY041100-00,4,0.9520,0.9550,0.9520
KXBTC15M-26MAY041100-00,5,0.9800,0.9800,0.9770
KXBTC15M-26MAY041345-45,3,0.2000,0.2000,0.1900
KXBTC15M-26MAY041345-45,4,0.1300,0.1400,0.1300
KXBTC15M-26MAY041345-45,5,0.1200,0.1200,0.1100
KXBTC15M-26MAY040800-00,3,0.6300,0.6400,0.6300
KXBTC15M-26MAY040800-00,4,0.6100,0.6400,0.6200
KXBTC15M-26MAY040800-00,5,0.7300,0.7300,0.7200
KXBTC15M-26MAY040715-15,3,0.5300,0.5200,0.5100
KXBTC15M-26MAY040715-15,4,0.4200,0.4300,0.4200
KXBTC15M-26MAY040715-15,5,0.3900,0.3900,0.3800
KXBTC15M-26MAY041300-00,3,0.3500,0.3500,0.3300
KXBTC15M-26MAY041300-00,4,0.2500,0.2600,0.2500
KXBTC15M-26MAY041300-00,5,0.2200,0.2200,0.2100
KXBTC15M-26MAY040645-45,3,0.9120,0.9180,0.9130
KXBTC15M-26MAY040645-45,4,0.9680,0.9650,0.9640
KXBTC15M-26MAY040645-45,5,0.9720,0.9750,0.9670
KXBTC15M-26MAY040700-00,3,0.6900,0.6900,0.6700
KXBTC15M-26MAY040700-00,4,0.7900,0.8100,0.8000
KXBTC15M-26MAY040700-00,5,0.7600,0.7800,0.7600
KXBTC15M-26MAY040615-15,3,0.0130,0.0160,0.0130
KXBTC15M-26MAY040615-15,4,0.0160,0.0160,0.0080
KXBTC15M-26MAY040615-15,5,0.0100,0.0100,0.0060
KXBTC15M-26MAY040830-30,3,0.7500,0.7600,0.7500
KXBTC15M-26MAY040830-30,4,0.9000,0.8900,0.8800
KXBTC15M-26MAY040830-30,5,0.9320,0.9390,0.9310
KXBTC15M-26MAY040545-45,3,0.5900,0.6000,0.5800
KXBTC15M-26MAY040545-45,4,0.6800,0.6900,0.6700
KXBTC15M-26MAY040545-45,5,0.6300,0.6500,0.6400
KXBTC15M-26MAY041115-15,3,0.4600,0.5200,0.4600
KXBTC15M-26MAY041115-15,4,0.2300,0.2400,0.2300
KXBTC15M-26MAY041115-15,5,0.3400,0.3600,0.3400
KXBTC15M-26MAY040745-45,3,0.3000,0.3100,0.3000
KXBTC15M-26MAY040745-45,4,0.2800,0.2800,0.2700
KXBTC15M-26MAY040745-45,5,0.2900,0.2900,0.2800
KXBTC15M-26MAY041045-45,3,0.6800,0.6800,0.6600
KXBTC15M-26MAY041045-45,4,0.4700,0.4900,0.4800
KXBTC15M-26MAY041045-45,5,0.7500,0.7500,0.7400
KXBTC15M-26MAY040430-30,3,0.3900,0.3900,0.3800
KXBTC15M-26MAY040430-30,4,0.4500,0.4500,0.4400
KXBTC15M-26MAY040430-30,5,0.3200,0.3300,0.3200
KXBTC15M-26MAY040500-00,3,0.2900,0.2900,0.2800
KXBTC15M-26MAY040500-00,4,0.4300,0.4300,0.4100
KXBTC15M-26MAY040500-00,5,0.2400,0.2400,0.2200
KXBTC15M-26MAY040630-30,3,0.1700,0.1700,0.1600
KXBTC15M-26MAY040630-30,4,0.0830,0.0940,0.0860
KXBTC15M-26MAY040630-30,5,0.0710,0.0730,0.0710
KXBTC15M-26MAY040915-15,3,0.0440,0.0440,0.0430
KXBTC15M-26MAY040915-15,4,0.0650,0.0710,0.0660
KXBTC15M-26MAY040915-15,5,0.0400,0.0400,0.0380
KXBTC15M-26MAY040600-00,3,0.3700,0.3800,0.3700
KXBTC15M-26MAY040600-00,4,0.6200,0.6200,0.6100
KXBTC15M-26MAY040600-00,5,0.7100,0.7300,0.7100
KXBTC15M-26MAY040415-15,3,0.5000,0.5200,0.5000
KXBTC15M-26MAY040415-15,4,0.3000,0.3000,0.2800
KXBTC15M-26MAY040415-15,5,0.2200,0.2300,0.2200
KXBTC15M-26MAY040530-30,3,0.4900,0.5100,0.4900
KXBTC15M-26MAY040530-30,4,0.4300,0.4500,0.4400
KXBTC15M-26MAY040530-30,5,0.6300,0.6300,0.6100
KXBTC15M-26MAY040315-15,3,0.5600,0.5600,0.5500
KXBTC15M-26MAY040315-15,4,0.4000,0.4000,0.3900
KXBTC15M-26MAY040315-15,5,0.6500,0.6600,0.6500
KXBTC15M-26MAY040230-30,3,0.1200,0.1300,0.1200
KXBTC15M-26MAY040230-30,4,0.0500,0.0580,0.0500
KXBTC15M-26MAY040230-30,5,0.0270,0.0290,0.0270
KXBTC15M-26MAY040200-00,3,0.3700,0.3700,0.3500
KXBTC15M-26MAY040200-00,4,0.2000,0.2200,0.2000
KXBTC15M-26MAY040200-00,5,0.2500,0.2600,0.2500
KXBTC15M-26MAY040215-15,3,0.3700,0.3900,0.3700
KXBTC15M-26MAY040215-15,4,0.2900,0.3000,0.2900
KXBTC15M-26MAY040215-15,5,0.1100,0.1200,0.1100
KXBTC15M-26MAY040115-15,3,0.4500,0.4500,0.4300
KXBTC15M-26MAY040115-15,4,0.5800,0.5900,0.5800
KXBTC15M-26MAY040115-15,5,0.5600,0.5700,0.5600
KXBTC15M-26MAY040100-00,3,0.5400,0.5400,0.5200
KXBTC15M-26MAY040100-00,4,0.3200,0.3400,0.3200
KXBTC15M-26MAY040100-00,5,0.4500,0.4500,0.4400
KXBTC15M-26MAY040045-45,3,0.4700,0.4700,0.4600
KXBTC15M-26MAY040045-45,4,0.6600,0.6800,0.6700
KXBTC15M-26MAY040045-45,5,0.6900,0.7000,0.6900
KXBTC15M-26MAY040130-30,3,0.3600,0.3600,0.3500
KXBTC15M-26MAY040130-30,4,0.1800,0.1800,0.1700
KXBTC15M-26MAY040130-30,5,0.1400,0.1500,0.1400
KXBTC15M-26MAY040000-00,3,0.9500,0.9550,0.9500
KXBTC15M-26MAY040000-00,4,0.9550,0.9590,0.9550
KXBTC15M-26MAY040000-00,5,0.9530,0.9610,0.9530
KXBTC15M-26MAY040015-15,3,0.8500,0.8600,0.8500
KXBTC15M-26MAY040015-15,4,0.9110,0.9200,0.9110
KXBTC15M-26MAY040015-15,5,0.8700,0.8600,0.8500
KXBTC15M-26MAY032330-30,3,0.3200,0.3300,0.3200
KXBTC15M-26MAY032330-30,4,0.2000,0.2000,0.1900
KXBTC15M-26MAY032330-30,5,0.2400,0.2400,0.2300
KXBTC15M-26MAY040515-15,3,0.7200,0.7200,0.7000
KXBTC15M-26MAY040515-15,4,0.6300,0.6500,0.6300
KXBTC15M-26MAY040515-15,5,0.5300,0.5300,0.5100
KXBTC15M-26MAY040145-45,3,0.4300,0.4500,0.4300
KXBTC15M-26MAY040145-45,4,0.3300,0.3300,0.3100
KXBTC15M-26MAY040145-45,5,0.4200,0.4200,0.4100
KXBTC15M-26MAY032245-45,3,0.6500,0.6700,0.6500
KXBTC15M-26MAY032245-45,4,0.6100,0.6200,0.6100
KXBTC15M-26MAY032245-45,5,0.7500,0.7500,0.7300
KXBTC15M-26MAY032230-30,3,0.3200,0.3300,0.3200
KXBTC15M-26MAY032230-30,4,0.3400,0.3400,0.3300
KXBTC15M-26MAY032230-30,5,0.4600,0.4600,0.4400
KXBTC15M-26MAY032215-15,3,0.4400,0.4600,0.4500
KXBTC15M-26MAY032215-15,4,0.6100,0.6100,0.6000
KXBTC15M-26MAY032215-15,5,0.6000,0.6100,0.6000
KXBTC15M-26MAY040030-30,3,0.7100,0.7200,0.7100
KXBTC15M-26MAY040030-30,4,0.7600,0.7600,0.7500
KXBTC15M-26MAY040030-30,5,0.5800,0.6000,0.5800
KXBTC15M-26MAY040330-30,3,0.4200,0.4300,0.4200
KXBTC15M-26MAY040330-30,4,0.4300,0.4300,0.4200
KXBTC15M-26MAY040330-30,5,0.3600,0.3500,0.3400
KXBTC15M-26MAY032345-45,3,0.5600,0.5900,0.5700
KXBTC15M-26MAY032345-45,4,0.4600,0.4700,0.4500
KXBTC15M-26MAY032345-45,5,0.2700,0.2700,0.2500
KXBTC15M-26MAY040300-00,3,0.8800,0.8800,0.8700
KXBTC15M-26MAY040300-00,4,0.8900,0.9000,0.8900
KXBTC15M-26MAY040300-00,5,0.9690,0.9690,0.9650
KXBTC15M-26MAY032145-45,3,0.9580,0.9590,0.9580
KXBTC15M-26MAY032145-45,4,0.9660,0.9660,0.9630
KXBTC15M-26MAY032145-45,5,0.9700,0.9730,0.9720
KXBTC15M-26MAY032300-00,3,0.2300,0.2500,0.2300
KXBTC15M-26MAY032300-00,4,0.4500,0.4500,0.4400
KXBTC15M-26MAY032300-00,5,0.4000,0.4000,0.3800
KXBTC15M-26MAY032015-15,3,0.2500,0.2600,0.2500
KXBTC15M-26MAY032015-15,4,0.2400,0.2600,0.2400
KXBTC15M-26MAY032015-15,5,0.4100,0.4200,0.4000
KXBTC15M-26MAY032045-45,3,0.6200,0.6200,0.6100
KXBTC15M-26MAY032045-45,4,0.6500,0.6500,0.6400
KXBTC15M-26MAY032045-45,5,0.5700,0.5800,0.5700
KXBTC15M-26MAY031945-45,3,0.4500,0.4500,0.4400
KXBTC15M-26MAY031945-45,4,0.3700,0.3700,0.3500
KXBTC15M-26MAY031945-45,5,0.4500,0.4700,0.4500
KXBTC15M-26MAY032200-00,3,0.7400,0.7500,0.7400
KXBTC15M-26MAY032200-00,4,0.9080,0.9140,0.9030
KXBTC15M-26MAY032200-00,5,0.9640,0.9600,0.9520
KXBTC15M-26MAY031930-30,3,0.2500,0.2700,0.2600
KXBTC15M-26MAY031930-30,4,0.1900,0.1900,0.1700
KXBTC15M-26MAY031930-30,5,0.0900,0.0900,0.0890
KXBTC15M-26MAY032115-15,3,0.1500,0.1500,0.1400
KXBTC15M-26MAY032115-15,4,0.0880,0.0890,0.0880
KXBTC15M-26MAY032115-15,5,0.1400,0.1400,0.1300
KXBTC15M-26MAY032130-30,3,0.6000,0.6000,0.5800
KXBTC15M-26MAY032130-30,4,0.4100,0.4300,0.4200
KXBTC15M-26MAY032130-30,5,0.3000,0.3100,0.3000
KXBTC15M-26MAY032100-00,3,0.8400,0.8400,0.8300
KXBTC15M-26MAY032100-00,4,0.8300,0.8300,0.8100
KXBTC15M-26MAY032100-00,5,0.8600,0.8500,0.8400
KXBTC15M-26MAY031800-00,3,0.5900,0.5900,0.5800
KXBTC15M-26MAY031800-00,4,0.3600,0.3600,0.3500
KXBTC15M-26MAY031800-00,5,0.6000,0.6100,0.6000
KXBTC15M-26MAY031745-45,3,0.5300,0.5600,0.5300
KXBTC15M-26MAY031745-45,4,0.4700,0.4800,0.4600
KXBTC15M-26MAY031745-45,5,0.4100,0.4000,0.3900
KXBTC15M-26MAY031815-15,3,0.9000,0.9000,0.8900
KXBTC15M-26MAY031815-15,4,0.9540,0.9550,0.9460
KXBTC15M-26MAY031815-15,5,0.9160,0.9210,0.9200
KXBTC15M-26MAY031645-45,3,0.6400,0.6600,0.6500
KXBTC15M-26MAY031645-45,4,0.7500,0.7500,0.7400
KXBTC15M-26MAY031645-45,5,0.9600,0.9670,0.9660
KXBTC15M-26MAY031730-30,3,0.2600,0.2600,0.2500
KXBTC15M-26MAY031730-30,4,0.2600,0.2600,0.2500
KXBTC15M-26MAY031730-30,5,0.3000,0.3000,0.2800
KXBTC15M-26MAY031700-00,3,0.0650,0.0650,0.0620
KXBTC15M-26MAY031700-00,4,0.0650,0.0650,0.0600
KXBTC15M-26MAY031700-00,5,0.1000,0.1100,0.0960
KXBTC15M-26MAY031915-15,3,0.8300,0.8400,0.8300
KXBTC15M-26MAY031915-15,4,0.7700,0.7700,0.7600
KXBTC15M-26MAY031915-15,5,0.7200,0.7300,0.7200
KXBTC15M-26MAY031615-15,3,0.4700,0.4900,0.4700
KXBTC15M-26MAY031615-15,4,0.1700,0.1700,0.1600
KXBTC15M-26MAY031615-15,5,0.1700,0.1800,0.1700
KXBTC15M-26MAY031830-30,3,0.2600,0.2500,0.2400
KXBTC15M-26MAY031830-30,4,0.3200,0.3200,0.3000
KXBTC15M-26MAY031830-30,5,0.2300,0.2300,0.2200
KXBTC15M-26MAY031515-15,3,0.2600,0.2800,0.2700
KXBTC15M-26MAY031515-15,4,0.4100,0.4100,0.4000
KXBTC15M-26MAY031515-15,5,0.3500,0.3600,0.3500
KXBTC15M-26MAY031715-15,3,0.3400,0.3400,0.3300
KXBTC15M-26MAY031715-15,4,0.3100,0.3300,0.3100
KXBTC15M-26MAY031715-15,5,0.5400,0.5400,0.5300
KXBTC15M-26MAY031430-30,3,0.5400,0.5600,0.5500
KXBTC15M-26MAY031430-30,4,0.7200,0.7400,0.7200
KXBTC15M-26MAY031430-30,5,0.7200,0.7200,0.7100
KXBTC15M-26MAY032030-30,3,0.3000,0.3100,0.3000
KXBTC15M-26MAY032030-30,4,0.3200,0.3200,0.3000
KXBTC15M-26MAY032030-30,5,0.2400,0.2400,0.2300
KXBTC15M-26MAY031630-30,3,0.8000,0.8000,0.7900
KXBTC15M-26MAY031630-30,4,0.8300,0.8300,0.8200
KXBTC15M-26MAY031630-30,5,0.8900,0.8900,0.8800
KXBTC15M-26MAY031415-15,3,0.3000,0.3000,0.2900
KXBTC15M-26MAY031415-15,4,0.1200,0.1200,0.1100
KXBTC15M-26MAY031415-15,5,0.1200,0.1200,0.1100
KXBTC15M-26MAY031600-00,3,0.2300,0.2400,0.2300
KXBTC15M-26MAY031600-00,4,0.3300,0.3300,0.3200
KXBTC15M-26MAY031600-00,5,0.2300,0.2400,0.2300
KXBTC15M-26MAY031300-00,3,0.3700,0.3800,0.3700
KXBTC15M-26MAY031300-00,4,0.3900,0.4000,0.3900
KXBTC15M-26MAY031300-00,5,0.4900,0.5000,0.4900
KXBTC15M-26MAY031330-30,3,0.7000,0.6800,0.6700
KXBTC15M-26MAY031330-30,4,0.8100,0.8200,0.8100
KXBTC15M-26MAY031330-30,5,0.7700,0.7700,0.7600
KXBTC15M-26MAY031845-45,3,0.6600,0.6600,0.6500
KXBTC15M-26MAY031845-45,4,0.8700,0.8600,0.8500
KXBTC15M-26MAY031845-45,5,0.7700,0.7900,0.7700
KXBTC15M-26MAY031245-45,3,0.8600,0.8700,0.8600
KXBTC15M-26MAY031245-45,4,0.9280,0.9280,0.9220
KXBTC15M-26MAY031245-45,5,0.9570,0.9630,0.9570
KXBTC15M-26MAY031200-00,3,0.5100,0.5200,0.5100
KXBTC15M-26MAY031200-00,4,0.1900,0.2000,0.1900
KXBTC15M-26MAY031200-00,5,0.0710,0.0720,0.0710
KXBTC15M-26MAY031215-15,3,0.6700,0.6900,0.6700
KXBTC15M-26MAY031215-15,4,0.7300,0.7400,0.7300
KXBTC15M-26MAY031215-15,5,0.5700,0.5700,0.5600
KXBTC15M-26MAY031130-30,3,0.6600,0.6600,0.6400
KXBTC15M-26MAY031130-30,4,0.6000,0.6200,0.5900
KXBTC15M-26MAY031130-30,5,0.4600,0.4800,0.4600
KXBTC15M-26MAY031145-45,3,0.2500,0.2600,0.2500
KXBTC15M-26MAY031145-45,4,0.2200,0.2300,0.2200
KXBTC15M-26MAY031145-45,5,0.1200,0.1300,0.1200
KXBTC15M-26MAY031100-00,3,0.1600,0.1600,0.1500
KXBTC15M-26MAY031100-00,4,0.2200,0.2200,0.2100
KXBTC15M-26MAY031100-00,5,0.4500,0.4400,0.4200
KXBTC15M-26MAY031545-45,3,0.9410,0.9440,0.9410
KXBTC15M-26MAY031545-45,4,0.9660,0.9670,0.9660
KXBTC15M-26MAY031545-45,5,0.9730,0.9770,0.9730
KXBTC15M-26MAY031030-30,3,0.1900,0.1900,0.1800
KXBTC15M-26MAY031030-30,4,0.3000,0.3000,0.2800
KXBTC15M-26MAY031030-30,5,0.0720,0.0800,0.0750
KXBTC15M-26MAY031000-00,3,0.8100,0.8200,0.8100
KXBTC15M-26MAY031000-00,4,0.5500,0.5500,0.5400
KXBTC15M-26MAY031000-00,5,0.8000,0.8000,0.7800
KXBTC15M-26MAY031500-00,3,0.7400,0.7500,0.7400
KXBTC15M-26MAY031500-00,4,0.7500,0.7700,0.7500
KXBTC15M-26MAY031500-00,5,0.9170,0.9190,0.9130
KXBTC15M-26MAY030930-30,3,0.1900,0.1800,0.1700
KXBTC15M-26MAY030930-30,4,0.1000,0.1100,0.1000
KXBTC15M-26MAY030930-30,5,0.0720,0.0780,0.0720
KXBTC15M-26MAY030945-45,3,0.6700,0.7000,0.6800
KXBTC15M-26MAY030945-45,4,0.7000,0.7000,0.6800
KXBTC15M-26MAY030945-45,5,0.7100,0.7200,0.7100
KXBTC15M-26MAY030900-00,3,0.7800,0.8000,0.7800
KXBTC15M-26MAY030900-00,4,0.7100,0.7000,0.6900
KXBTC15M-26MAY030900-00,5,0.7000,0.7200,0.7000
KXBTC15M-26MAY031115-15,3,0.5800,0.5800,0.5700
KXBTC15M-26MAY031115-15,4,0.7800,0.7900,0.7800
KXBTC15M-26MAY031115-15,5,0.7600,0.7500,0.7300
KXBTC15M-26MAY030815-15,3,0.8800,0.8800,0.8700
KXBTC15M-26MAY030815-15,4,0.8700,0.8800,0.8700
KXBTC15M-26MAY030815-15,5,0.9430,0.9570,0.9520
KXBTC15M-26MAY030800-00,3,0.8800,0.8800,0.8700
KXBTC15M-26MAY030800-00,4,0.8300,0.8300,0.8200
KXBTC15M-26MAY030800-00,5,0.6800,0.6800,0.6700
KXBTC15M-26MAY031315-15,3,0.0700,0.0850,0.0770
KXBTC15M-26MAY031315-15,4,0.0880,0.0880,0.0810
KXBTC15M-26MAY031315-15,5,0.2100,0.2100,0.2000
KXBTC15M-26MAY031015-15,3,0.8900,0.9000,0.8900
KXBTC15M-26MAY031015-15,4,0.7800,0.7700,0.7600
KXBTC15M-26MAY031015-15,5,0.8400,0.8500,0.8400
KXBTC15M-26MAY030715-15,3,0.6000,0.6000,0.5900
KXBTC15M-26MAY030715-15,4,0.4300,0.4400,0.4300
KXBTC15M-26MAY030715-15,5,0.5600,0.5700,0.5600
KXBTC15M-26MAY031230-30,3,0.7200,0.7200,0.7100
KXBTC15M-26MAY031230-30,4,0.4000,0.4100,0.4000
KXBTC15M-26MAY031230-30,5,0.3100,0.3300,0.3100
KXBTC15M-26MAY030915-15,3,0.2900,0.3000,0.2800
KXBTC15M-26MAY030915-15,4,0.3900,0.3900,0.3800
KXBTC15M-26MAY030915-15,5,0.3600,0.3700,0.3500
KXBTC15M-26MAY030700-00,3,0.2200,0.2200,0.2100
KXBTC15M-26MAY030700-00,4,0.1800,0.1700,0.1600
KXBTC15M-26MAY030700-00,5,0.1300,0.1300,0.1200
KXBTC15M-26MAY030845-45,3,0.1300,0.1300,0.1200
KXBTC15M-26MAY030845-45,4,0.1700,0.1700,0.1600
KXBTC15M-26MAY030845-45,5,0.1900,0.1900,0.1800
KXBTC15M-26MAY030830-30,3,0.1500,0.1500,0.1400
KXBTC15M-26MAY030830-30,4,0.1100,0.1300,0.1100
KXBTC15M-26MAY030830-30,5,0.0850,0.0860,0.0820
KXBTC15M-26MAY030530-30,3,0.5200,0.5500,0.5200
KXBTC15M-26MAY030530-30,4,0.6900,0.6900,0.6800
KXBTC15M-26MAY030530-30,5,0.6800,0.6800,0.6700
KXBTC15M-26MAY030745-45,3,0.7400,0.7400,0.7300
KXBTC15M-26MAY030745-45,4,0.8800,0.8900,0.8800
KXBTC15M-26MAY030745-45,5,0.9220,0.9300,0.9240
KXBTC15M-26MAY031045-45,3,0.6500,0.6500,0.6300
KXBTC15M-26MAY031045-45,4,0.7300,0.7300,0.7200
KXBTC15M-26MAY031045-45,5,0.7700,0.7800,0.7600
KXBTC15M-26MAY030730-30,3,0.4000,0.4100,0.4000
KXBTC15M-26MAY030730-30,4,0.3700,0.3700,0.3600
KXBTC15M-26MAY030730-30,5,0.2500,0.2600,0.2500
KXBTC15M-26MAY030400-00,3,0.1700,0.1800,0.1700
KXBTC15M-26MAY030400-00,4,0.3300,0.3300,0.3100
KXBTC15M-26MAY030400-00,5,0.2200,0.2200,0.2100
KXBTC15M-26MAY030345-45,3,0.2800,0.2900,0.2800
KXBTC15M-26MAY030345-45,4,0.3600,0.3600,0.3500
KXBTC15M-26MAY030345-45,5,0.3100,0.3300,0.3100
KXBTC15M-26MAY030630-30,3,0.3500,0.3600,0.3500
KXBTC15M-26MAY030630-30,4,0.4100,0.4200,0.3900
KXBTC15M-26MAY030630-30,5,0.3500,0.3700,0.3500
KXBTC15M-26MAY030415-15,3,0.7400,0.7400,0.7300
KXBTC15M-26MAY030415-15,4,0.9180,0.9300,0.9210
KXBTC15M-26MAY030415-15,5,0.9530,0.9600,0.9520
KXBTC15M-26MAY030330-30,3,0.4700,0.4900,0.4700
KXBTC15M-26MAY030330-30,4,0.4200,0.4400,0.4200
KXBTC15M-26MAY030330-30,5,0.4500,0.4600,0.4500
KXBTC15M-26MAY030300-00,3,0.6700,0.6700,0.6600
KXBTC15M-26MAY030300-00,4,0.8300,0.8300,0.8200
KXBTC15M-26MAY030300-00,5,0.9420,0.9490,0.9420
KXBTC15M-26MAY030515-15,3,0.3900,0.3900,0.3800
KXBTC15M-26MAY030515-15,4,0.4800,0.4900,0.4800
KXBTC15M-26MAY030515-15,5,0.4100,0.4100,0.4000
KXBTC15M-26MAY030445-45,3,0.3500,0.3500,0.3400
KXBTC15M-26MAY030445-45,4,0.1700,0.1900,0.1800
KXBTC15M-26MAY030445-45,5,0.3500,0.3500,0.3300
KXBTC15M-26MAY030430-30,3,0.6500,0.6700,0.6500
KXBTC15M-26MAY030430-30,4,0.4900,0.5000,0.4900
KXBTC15M-26MAY030430-30,5,0.6500,0.6600,0.6500
KXBTC15M-26MAY030130-30,3,0.4800,0.4800,0.4700
KXBTC15M-26MAY030130-30,4,0.3200,0.3200,0.2900
KXBTC15M-26MAY030130-30,5,0.4200,0.4200,0.4100
KXBTC15M-26MAY030145-45,3,0.6100,0.6200,0.6100
KXBTC15M-26MAY030145-45,4,0.6200,0.6200,0.6000
KXBTC15M-26MAY030145-45,5,0.5000,0.5100,0.5000
KXBTC15M-26MAY030100-00,3,0.2700,0.2800,0.2700
KXBTC15M-26MAY030100-00,4,0.1600,0.1600,0.1500
KXBTC15M-26MAY030100-00,5,0.1200,0.1400,0.1300
KXBTC15M-26MAY030115-15,3,0.8400,0.8400,0.8300
KXBTC15M-26MAY030115-15,4,0.9380,0.9400,0.9390
KXBTC15M-26MAY030115-15,5,0.9420,0.9480,0.9420
KXBTC15M-26MAY030030-30,3,0.7100,0.7100,0.6900
KXBTC15M-26MAY030030-30,4,0.7200,0.7200,0.7100
KXBTC15M-26MAY030030-30,5,0.8500,0.8600,0.8500
KXBTC15M-26MAY030615-15,3,0.2300,0.2300,0.2200
KXBTC15M-26MAY030615-15,4,0.1200,0.1200,0.1100
KXBTC15M-26MAY030615-15,5,0.0580,0.0580,0.0500
KXBTC15M-26MAY030000-00,3,0.7900,0.8000,0.7900
KXBTC15M-26MAY030000-00,4,0.9120,0.9160,0.9120
KXBTC15M-26MAY030000-00,5,0.9300,0.9300,0.9230
KXBTC15M-26MAY030215-15,3,0.0890,0.0890,0.0870
KXBTC15M-26MAY030215-15,4,0.0600,0.0680,0.0600
KXBTC15M-26MAY030215-15,5,0.0480,0.0480,0.0390
KXBTC15M-26MAY030500-00,3,0.5600,0.5900,0.5700
KXBTC15M-26MAY030500-00,4,0.4300,0.4300,0.4200
KXBTC15M-26MAY030500-00,5,0.6000,0.6000,0.5900
KXBTC15M-26MAY022315-15,3,0.2700,0.2800,0.2700
KXBTC15M-26MAY022315-15,4,0.2000,0.2000,0.1900
KXBTC15M-26MAY022315-15,5,0.2400,0.2600,0.2400
KXBTC15M-26MAY022330-30,3,0.5300,0.5400,0.5300
KXBTC15M-26MAY022330-30,4,0.5600,0.5700,0.5600
KXBTC15M-26MAY022330-30,5,0.5400,0.5400,0.5300
KXBTC15M-26MAY022245-45,3,0.8600,0.8700,0.8600
KXBTC15M-26MAY022245-45,4,0.8400,0.8500,0.8400
KXBTC15M-26MAY022245-45,5,0.7900,0.7900,0.7700
KXBTC15M-26MAY022230-30,3,0.2400,0.2400,0.2300
KXBTC15M-26MAY022230-30,4,0.1900,0.1900,0.1800
KXBTC15M-26MAY022230-30,5,0.2100,0.2200,0.2100
KXBTC15M-26MAY030315-15,3,0.9000,0.9030,0.9000
KXBTC15M-26MAY030315-15,4,0.8900,0.9000,0.8900
KXBTC15M-26MAY030315-15,5,0.9580,0.9660,0.9580
KXBTC15M-26MAY022200-00,3,0.7100,0.7200,0.7100
KXBTC15M-26MAY022200-00,4,0.8300,0.8400,0.8300
KXBTC15M-26MAY022200-00,5,0.8100,0.8200,0.8100
KXBTC15M-26MAY030245-45,3,0.9420,0.9430,0.9390
KXBTC15M-26MAY030245-45,4,0.8900,0.9000,0.8900
KXBTC15M-26MAY030245-45,5,0.9390,0.9400,0.9320
KXBTC15M-26MAY022345-45,3,0.8200,0.8300,0.8200
KXBTC15M-26MAY022345-45,4,0.8800,0.8900,0.8800
KXBTC15M-26MAY022345-45,5,0.9440,0.9500,0.9440
KXBTC15M-26MAY022145-45,3,0.3400,0.3400,0.3300
KXBTC15M-26MAY022145-45,4,0.2300,0.2400,0.2300
KXBTC15M-26MAY022145-45,5,0.2500,0.2500,0.2400
KXBTC15M-26MAY022045-45,3,0.5600,0.5900,0.5600
KXBTC15M-26MAY022045-45,4,0.6600,0.6800,0.6600
KXBTC15M-26MAY022045-45,5,0.6700,0.6900,0.6700
KXBTC15M-26MAY022300-00,3,0.7200,0.7300,0.7200
KXBTC15M-26MAY022300-00,4,0.8300,0.8400,0.8300
KXBTC15M-26MAY022300-00,5,0.7600,0.7800,0.7600
KXBTC15M-26MAY022100-00,3,0.0820,0.0950,0.0850
KXBTC15M-26MAY022100-00,4,0.1300,0.1200,0.1100
KXBTC15M-26MAY022100-00,5,0.0880,0.0880,0.0810
KXBTC15M-26MAY021945-45,3,0.4100,0.4100,0.4000
KXBTC15M-26MAY021945-45,4,0.3400,0.3600,0.3400
KXBTC15M-26MAY021945-45,5,0.4300,0.4300,0.4100
KXBTC15M-26MAY022215-15,3,0.4200,0.4200,0.4100
KXBTC15M-26MAY022215-15,4,0.5500,0.5600,0.5500
KXBTC15M-26MAY022215-15,5,0.4700,0.4700,0.4500
KXBTC15M-26MAY030045-45,3,0.4100,0.4100,0.4000
KXBTC15M-26MAY030045-45,4,0.4000,0.4000,0.3900
KXBTC15M-26MAY030045-45,5,0.2300,0.2300,0.2200
KXBTC15M-26MAY021930-30,3,0.5100,0.5100,0.5000
KXBTC15M-26MAY021930-30,4,0.4600,0.4700,0.4600
KXBTC15M-26MAY021930-30,5,0.5000,0.5000,0.4900
KXBTC15M-26MAY030015-15,3,0.3100,0.3200,0.3100
KXBTC15M-26MAY030015-15,4,0.2200,0.2200,0.2100
KXBTC15M-26MAY030015-15,5,0.2100,0.2100,0.2000
KXBTC15M-26MAY021900-00,3,0.7000,0.7000,0.6800
KXBTC15M-26MAY021900-00,4,0.8500,0.8300,0.8200
KXBTC15M-26MAY021900-00,5,0.9300,0.9300,0.9270
KXBTC15M-26MAY021830-30,3,0.2800,0.2900,0.2800
KXBTC15M-26MAY021830-30,4,0.1700,0.1800,0.1700
KXBTC15M-26MAY021830-30,5,0.1100,0.1100,0.1000
KXBTC15M-26MAY022030-30,3,0.6100,0.6100,0.5900
KXBTC15M-26MAY022030-30,4,0.5100,0.5100,0.5000
KXBTC15M-26MAY022030-30,5,0.5800,0.5900,0.5800
KXBTC15M-26MAY021730-30,3,0.7900,0.8100,0.7900
KXBTC15M-26MAY021730-30,4,0.8700,0.8700,0.8500
KXBTC15M-26MAY021730-30,5,0.8200,0.8200,0.8100
KXBTC15M-26MAY021715-15,3,0.8100,0.8100,0.7900
KXBTC15M-26MAY021715-15,4,0.8100,0.8300,0.8200
KXBTC15M-26MAY021715-15,5,0.9140,0.9140,0.9130
KXBTC15M-26MAY021700-00,3,0.3200,0.3200,0.3100
KXBTC15M-26MAY021700-00,4,0.2800,0.2800,0.2700
KXBTC15M-26MAY021700-00,5,0.5700,0.5700,0.5500
KXBTC15M-26MAY021745-45,3,0.8400,0.8500,0.8400
KXBTC15M-26MAY021745-45,4,0.8600,0.8700,0.8600
KXBTC15M-26MAY021745-45,5,0.8800,0.8900,0.8800
KXBTC15M-26MAY021600-00,3,0.5300,0.5300,0.5200
KXBTC15M-26MAY021600-00,4,0.3500,0.3600,0.3500
KXBTC15M-26MAY021600-00,5,0.3600,0.3800,0.3700
KXBTC15M-26MAY021645-45,3,0.7300,0.7300,0.7200
KXBTC15M-26MAY021645-45,4,0.7600,0.7600,0.7500
KXBTC15M-26MAY021645-45,5,0.8300,0.8400,0.8300
KXBTC15M-26MAY021615-15,3,0.4000,0.4000,0.3900
KXBTC15M-26MAY021615-15,4,0.3900,0.4100,0.4000
KXBTC15M-26MAY021615-15,5,0.4800,0.4800,0.4700
KXBTC15M-26MAY021545-45,3,0.5600,0.5700,0.5600
KXBTC15M-26MAY021545-45,4,0.6000,0.6100,0.6000
KXBTC15M-26MAY021545-45,5,0.6200,0.6200,0.6100
KXBTC15M-26MAY021500-00,3,0.8100,0.8200,0.8100
KXBTC15M-26MAY021500-00,4,0.8200,0.8300,0.8200
KXBTC15M-26MAY021500-00,5,0.9100,0.9110,0.9100
KXBTC15M-26MAY021515-15,3,0.5200,0.5200,0.5100
KXBTC15M-26MAY021515-15,4,0.3300,0.3300,0.3200
KXBTC15M-26MAY021515-15,5,0.3400,0.3400,0.3300
KXBTC15M-26MAY021430-30,3,0.8900,0.8900,0.8800
KXBTC15M-26MAY021430-30,4,0.8500,0.8600,0.8500
KXBTC15M-26MAY021430-30,5,0.9330,0.9360,0.9330
KXBTC15M-26MAY022015-15,3,0.8100,0.8100,0.8000
KXBTC15M-26MAY022015-15,4,0.7200,0.7300,0.7200
KXBTC15M-26MAY022015-15,5,0.6900,0.7000,0.6900
KXBTC15M-26MAY021400-00,3,0.4000,0.4100,0.4000
KXBTC15M-26MAY021400-00,4,0.2300,0.2300,0.2200
KXBTC15M-26MAY021400-00,5,0.2200,0.2200,0.2100
KXBTC15M-26MAY021915-15,3,0.1600,0.1600,0.1500
KXBTC15M-26MAY021915-15,4,0.1800,0.1800,0.1700
KXBTC15M-26MAY021915-15,5,0.1000,0.1100,0.0980
KXBTC15M-26MAY021845-45,3,0.8800,0.8700,0.8600
KXBTC15M-26MAY021845-45,4,0.8800,0.8800,0.8700
KXBTC15M-26MAY021845-45,5,0.9340,0.9310,0.9270
KXBTC15M-26MAY021530-30,3,0.1600,0.1700,0.1600
KXBTC15M-26MAY021530-30,4,0.1300,0.1300,0.1200
KXBTC15M-26MAY021530-30,5,0.1100,0.1100,0.1000
KXBTC15M-26MAY021330-30,3,0.4900,0.4900,0.4800
KXBTC15M-26MAY021330-30,4,0.5300,0.5300,0.5200
KXBTC15M-26MAY021330-30,5,0.3900,0.4100,0.3900
KXBTC15M-26MAY021445-45,3,0.9230,0.9290,0.9230
KXBTC15M-26MAY021445-45,4,0.9140,0.9200,0.9140
KXBTC15M-26MAY021445-45,5,0.9320,0.9390,0.9320
KXBTC15M-26MAY021230-30,3,0.6700,0.6800,0.6700
KXBTC15M-26MAY021230-30,4,0.4800,0.4900,0.4800
KXBTC15M-26MAY021230-30,5,0.8300,0.8500,0.8300
KXBTC15M-26MAY021245-45,3,0.2500,0.2500,0.2400
KXBTC15M-26MAY021245-45,4,0.1300,0.1300,0.1200
KXBTC15M-26MAY021245-45,5,0.1700,0.1700,0.1600
KXBTC15M-26MAY021215-15,3,0.4000,0.4000,0.3900
KXBTC15M-26MAY021215-15,4,0.3800,0.3900,0.3700
KXBTC15M-26MAY021215-15,5,0.3000,0.3100,0.3000
KXBTC15M-26MAY021345-45,3,0.5400,0.5500,0.5400
KXBTC15M-26MAY021345-45,4,0.6900,0.7100,0.6900
KXBTC15M-26MAY021345-45,5,0.8400,0.8500,0.8400
KXBTC15M-26MAY021100-00,3,0.7900,0.8000,0.7900
KXBTC15M-26MAY021100-00,4,0.8000,0.8100,0.8000
KXBTC15M-26MAY021100-00,5,0.7800,0.7800,0.7700
KXBTC15M-26MAY021315-15,3,0.4200,0.4200,0.4100
KXBTC15M-26MAY021315-15,4,0.3100,0.3200,0.3000
KXBTC15M-26MAY021315-15,5,0.2100,0.2100,0.2000
KXBTC15M-26MAY021300-00,3,0.4500,0.4600,0.4500
KXBTC15M-26MAY021300-00,4,0.5400,0.5400,0.5300
KXBTC15M-26MAY021300-00,5,0.6900,0.7000,0.6900
KXBTC15M-26MAY021000-00,3,0.2900,0.3000,0.2900
KXBTC15M-26MAY021000-00,4,0.2900,0.2800,0.2700
KXBTC15M-26MAY021000-00,5,0.2600,0.2700,0.2600
KXBTC15M-26MAY020945-45,3,0.5100,0.5200,0.5100
KXBTC15M-26MAY020945-45,4,0.5700,0.5700,0.5500
KXBTC15M-26MAY020945-45,5,0.4700,0.4800,0.4600
KXBTC15M-26MAY021030-30,3,0.6700,0.6700,0.6500
KXBTC15M-26MAY021030-30,4,0.6300,0.6600,0.6300
KXBTC15M-26MAY021030-30,5,0.6200,0.6300,0.6200
KXBTC15M-26MAY021200-00,3,0.3300,0.3400,0.3300
KXBTC15M-26MAY021200-00,4,0.2700,0.2700,0.2600
KXBTC15M-26MAY021200-00,5,0.2700,0.2500,0.2400
KXBTC15M-26MAY020930-30,3,0.1700,0.1700,0.1600
KXBTC15M-26MAY020930-30,4,0.0780,0.0780,0.0750
KXBTC15M-26MAY020930-30,5,0.0800,0.1100,0.1000
KXBTC15M-26MAY021415-15,3,0.2500,0.2500,0.2400
KXBTC15M-26MAY021415-15,4,0.1100,0.1200,0.1100
KXBTC15M-26MAY021415-15,5,0.0980,0.0980,0.0940
KXBTC15M-26MAY021145-45,3,0.7000,0.7100,0.7000
KXBTC15M-26MAY021145-45,4,0.8800,0.8800,0.8700
KXBTC15M-26MAY021145-45,5,0.8600,0.8700,0.8600
KXBTC15M-26MAY020800-00,3,0.1900,0.2000,0.1900
KXBTC15M-26MAY020800-00,4,0.1200,0.1300,0.1200
KXBTC15M-26MAY020800-00,5,0.1100,0.1100,0.1000
KXBTC15M-26MAY020830-30,3,0.4800,0.4700,0.4600
KXBTC15M-26MAY020830-30,4,0.4700,0.4800,0.4700
KXBTC15M-26MAY020830-30,5,0.4600,0.4700,0.4600
KXBTC15M-26MAY020715-15,3,0.1100,0.1200,0.1100
KXBTC15M-26MAY020715-15,4,0.1100,0.1100,0.1000
KXBTC15M-26MAY020715-15,5,0.1100,0.0970,0.0900
KXBTC15M-26MAY020815-15,3,0.2200,0.2200,0.2100
KXBTC15M-26MAY020815-15,4,0.3900,0.3900,0.3700
KXBTC15M-26MAY020815-15,5,0.5000,0.5000,0.4900
KXBTC15M-26MAY020630-30,3,0.4500,0.4500,0.4300
KXBTC15M-26MAY020630-30,4,0.2500,0.2600,0.2500
KXBTC15M-26MAY020630-30,5,0.1700,0.1700,0.1600
KXBTC15M-26MAY020615-15,3,0.4700,0.4800,0.4700
KXBTC15M-26MAY020615-15,4,0.7300,0.7400,0.7300
KXBTC15M-26MAY020615-15,5,0.5400,0.5400,0.5300
KXBTC15M-26MAY020900-00,3,0.4400,0.4400,0.4300
KXBTC15M-26MAY020900-00,4,0.4300,0.4300,0.4200
KXBTC15M-26MAY020900-00,5,0.3500,0.3700,0.3600
KXBTC15M-26MAY020645-45,3,0.6400,0.6700,0.6400
KXBTC15M-26MAY020645-45,4,0.8300,0.8300,0.8200
KXBTC15M-26MAY020645-45,5,0.7900,0.7900,0.7800
KXBTC15M-26MAY020600-00,3,0.4300,0.4300,0.4200
KXBTC15M-26MAY020600-00,4,0.3200,0.3300,0.3200
KXBTC15M-26MAY020600-00,5,0.3000,0.3000,0.2900
KXBTC15M-26MAY020745-45,3,0.3800,0.3900,0.3800
KXBTC15M-26MAY020745-45,4,0.1300,0.1400,0.1300
KXBTC15M-26MAY020745-45,5,0.1000,0.0980,0.0970
KXBTC15M-26MAY021130-30,3,0.1100,0.1200,0.1100
KXBTC15M-26MAY021130-30,4,0.0960,0.0960,0.0930
KXBTC15M-26MAY021130-30,5,0.0870,0.0970,0.0870
KXBTC15M-26MAY021045-45,3,0.5400,0.5400,0.5300
KXBTC15M-26MAY021045-45,4,0.7200,0.7200,0.7100
KXBTC15M-26MAY021045-45,5,0.7000,0.7100,0.7000
KXBTC15M-26MAY020700-00,3,0.5900,0.6000,0.5900
KXBTC15M-26MAY020700-00,4,0.8500,0.8600,0.8500
KXBTC15M-26MAY020700-00,5,0.8100,0.8200,0.8100
KXBTC15M-26MAY021015-15,3,0.6800,0.6800,0.6700
KXBTC15M-26MAY021015-15,4,0.6900,0.6900,0.6800
KXBTC15M-26MAY021015-15,5,0.7400,0.7500,0.7400
KXBTC15M-26MAY020430-30,3,0.4300,0.4400,0.4300
KXBTC15M-26MAY020430-30,4,0.5300,0.5300,0.5000
KXBTC15M-26MAY020430-30,5,0.5900,0.5900,0.5700
KXBTC15M-26MAY020345-45,3,0.2100,0.2100,0.2000
KXBTC15M-26MAY020345-45,4,0.1200,0.1200,0.1100
KXBTC15M-26MAY020345-45,5,0.1300,0.1300,0.1200
KXBTC15M-26MAY020915-15,3,0.8700,0.8800,0.8700
KXBTC15M-26MAY020915-15,4,0.9620,0.9620,0.9560
KXBTC15M-26MAY020915-15,5,0.9740,0.9790,0.9730
KXBTC15M-26MAY020545-45,3,0.2100,0.2100,0.2000
KXBTC15M-26MAY020545-45,4,0.5100,0.5200,0.5100
KXBTC15M-26MAY020545-45,5,0.6500,0.6600,0.6500
KXBTC15M-26MAY020845-45,3,0.3300,0.3500,0.3300
KXBTC15M-26MAY020845-45,4,0.4200,0.4100,0.4000
KXBTC15M-26MAY020845-45,5,0.3100,0.3200,0.3000
KXBTC15M-26MAY020245-45,3,0.5900,0.6000,0.5900
KXBTC15M-26MAY020245-45,4,0.5700,0.5900,0.5800
KXBTC15M-26MAY020245-45,5,0.7600,0.7600,0.7500
KXBTC15M-26MAY020230-30,3,0.5700,0.5700,0.5600
KXBTC15M-26MAY020230-30,4,0.4000,0.4100,0.4000
KXBTC15M-26MAY020230-30,5,0.4500,0.4600,0.4400
KXBTC15M-26MAY020730-30,3,0.6700,0.6700,0.6600
KXBTC15M-26MAY020730-30,4,0.6800,0.6800,0.6700
KXBTC15M-26MAY020730-30,5,0.7200,0.7200,0.7100
KXBTC15M-26MAY020415-15,3,0.3700,0.3900,0.3700
KXBTC15M-26MAY020415-15,4,0.3600,0.3800,0.3600
KXBTC15M-26MAY020415-15,5,0.4100,0.4000,0.3800
KXBTC15M-26MAY020145-45,3,0.9100,0.9100,0.9020
KXBTC15M-26MAY020145-45,4,0.8500,0.8600,0.8500
KXBTC15M-26MAY020145-45,5,0.8500,0.8500,0.8400
KXBTC15M-26MAY020215-15,3,0.8000,0.8200,0.8000
KXBTC15M-26MAY020215-15,4,0.8400,0.8500,0.8400
KXBTC15M-26MAY020215-15,5,0.9160,0.9170,0.9160
KXBTC15M-26MAY020115-15,3,0.2900,0.2900,0.2800
KXBTC15M-26MAY020115-15,4,0.2700,0.2700,0.2600
KXBTC15M-26MAY020115-15,5,0.4500,0.4500,0.4400
KXBTC15M-26MAY020330-30,3,0.5100,0.5100,0.5000
KXBTC15M-26MAY020330-30,4,0.5500,0.5600,0.5500
KXBTC15M-26MAY020330-30,5,0.6200,0.6400,0.6200
KXBTC15M-26MAY020130-30,3,0.7500,0.7600,0.7500
KXBTC15M-26MAY020130-30,4,0.2700,0.2700,0.2600
KXBTC15M-26MAY020130-30,5,0.3600,0.3700,0.3600
KXBTC15M-26MAY020300-00,3,0.8900,0.9000,0.8900
KXBTC15M-26MAY020300-00,4,0.9320,0.9380,0.9320
KXBTC15M-26MAY020300-00,5,0.9390,0.9390,0.9320
KXBTC15M-26MAY020000-00,3,0.3900,0.3900,0.3800
KXBTC15M-26MAY020000-00,4,0.3600,0.3600,0.3500
KXBTC15M-26MAY020000-00,5,0.4700,0.4700,0.4600
KXBTC15M-26MAY020015-15,3,0.3200,0.3200,0.3100
KXBTC15M-26MAY020015-15,4,0.2600,0.2600,0.2500
KXBTC15M-26MAY020015-15,5,0.1900,0.1900,0.1800
KXBTC15M-26MAY012330-30,3,0.5100,0.5200,0.5100
KXBTC15M-26MAY012330-30,4,0.6200,0.6200,0.6100
KXBTC15M-26MAY012330-30,5,0.6400,0.6500,0.6400
KXBTC15M-26MAY020500-00,3,0.5100,0.5200,0.5100
KXBTC15M-26MAY020500-00,4,0.5400,0.5600,0.5400
KXBTC15M-26MAY020500-00,5,0.5300,0.5300,0.5200
KXBTC15M-26MAY012300-00,3,0.4100,0.4100,0.4000
KXBTC15M-26MAY012300-00,4,0.3300,0.3400,0.3300
KXBTC15M-26MAY012300-00,5,0.7700,0.7800,0.7700
KXBTC15M-26MAY020400-00,3,0.5900,0.6000,0.5900
KXBTC15M-26MAY020400-00,4,0.4400,0.4400,0.4300
KXBTC15M-26MAY020400-00,5,0.4200,0.4300,0.4200
KXBTC15M-26MAY012230-30,3,0.5500,0.5600,0.5500
KXBTC15M-26MAY012230-30,4,0.6900,0.7000,0.6900
KXBTC15M-26MAY012230-30,5,0.7000,0.7100,0.7000
KXBTC15M-26MAY020030-30,3,0.6500,0.6500,0.6400
KXBTC15M-26MAY020030-30,4,0.5400,0.5400,0.5300
KXBTC15M-26MAY020030-30,5,0.5600,0.5600,0.5500
KXBTC15M-26MAY012200-00,3,0.5800,0.5900,0.5800
KXBTC15M-26MAY012200-00,4,0.5200,0.5300,0.5200
KXBTC15M-26MAY012200-00,5,0.5500,0.5600,0.5500
KXBTC15M-26MAY012345-45,3,0.5300,0.5400,0.5300
KXBTC15M-26MAY012345-45,4,0.8300,0.8300,0.8200
KXBTC15M-26MAY012345-45,5,0.9150,0.9070,0.9020
KXBTC15M-26MAY012145-45,3,0.8900,0.9160,0.9030
KXBTC15M-26MAY012145-45,4,0.8800,0.8700,0.8600
KXBTC15M-26MAY012145-45,5,0.6300,0.6400,0.6300
KXBTC15M-26MAY012115-15,3,0.4100,0.4200,0.4100
KXBTC15M-26MAY012115-15,4,0.3600,0.3800,0.3700
KXBTC15M-26MAY012115-15,5,0.3700,0.3700,0.3500
KXBTC15M-26MAY012100-00,3,0.4800,0.4900,0.4800
KXBTC15M-26MAY012100-00,4,0.5000,0.5100,0.5000
KXBTC15M-26MAY012100-00,5,0.7800,0.7800,0.7700
KXBTC15M-26MAY012245-45,3,0.7500,0.7500,0.7300
KXBTC15M-26MAY012245-45,4,0.6500,0.6700,0.6500
KXBTC15M-26MAY012245-45,5,0.8100,0.8200,0.8100
KXBTC15M-26MAY012015-15,3,0.8400,0.8500,0.8400
KXBTC15M-26MAY012015-15,4,0.8000,0.7900,0.7800
KXBTC15M-26MAY012015-15,5,0.7600,0.7700,0.7600
KXBTC15M-26MAY011945-45,3,0.5900,0.6000,0.5900
KXBTC15M-26MAY011945-45,4,0.5400,0.5500,0.5400
KXBTC15M-26MAY011945-45,5,0.5400,0.5500,0.5400
KXBTC15M-26MAY012215-15,3,0.7800,0.7900,0.7800
KXBTC15M-26MAY012215-15,4,0.6600,0.6800,0.6600
KXBTC15M-26MAY012215-15,5,0.7800,0.7800,0.7700
KXBTC15M-26MAY020045-45,3,0.4200,0.4200,0.4100
KXBTC15M-26MAY020045-45,4,0.3800,0.3800,0.3700
KXBTC15M-26MAY020045-45,5,0.6400,0.6500,0.6400
KXBTC15M-26MAY011930-30,3,0.2100,0.2100,0.2000
KXBTC15M-26MAY011930-30,4,0.1300,0.1300,0.1200
KXBTC15M-26MAY011930-30,5,0.2000,0.2000,0.1900
KXBTC15M-26MAY012130-30,3,0.2100,0.2100,0.2000
KXBTC15M-26MAY012130-30,4,0.2100,0.2100,0.2000
KXBTC15M-26MAY012130-30,5,0.1700,0.1700,0.1600
KXBTC15M-26MAY011915-15,3,0.5200,0.5200,0.5100
KXBTC15M-26MAY011915-15,4,0.4600,0.4600,0.4500
KXBTC15M-26MAY011915-15,5,0.4300,0.4300,0.4200
KXBTC15M-26MAY012315-15,3,0.4500,0.4500,0.4400
KXBTC15M-26MAY012315-15,4,0.5600,0.5600,0.5500
KXBTC15M-26MAY012315-15,5,0.4000,0.4100,0.4000
KXBTC15M-26MAY011745-45,3,0.9070,0.9080,0.9070
KXBTC15M-26MAY011745-45,4,0.8800,0.8900,0.8800
KXBTC15M-26MAY011745-45,5,0.9000,0.9000,0.8900
KXBTC15M-26MAY011730-30,3,0.6600,0.6700,0.6600
KXBTC15M-26MAY011730-30,4,0.6500,0.6500,0.6400
KXBTC15M-26MAY011730-30,5,0.6300,0.6300,0.6200
KXBTC15M-26MAY012030-30,3,0.4100,0.4100,0.4000
KXBTC15M-26MAY012030-30,4,0.4400,0.4600,0.4400
KXBTC15M-26MAY012030-30,5,0.4300,0.4300,0.4200
KXBTC15M-26MAY011715-15,3,0.8100,0.8300,0.8100
KXBTC15M-26MAY011715-15,4,0.6400,0.6500,0.6400
KXBTC15M-26MAY011715-15,5,0.7000,0.7000,0.6900
KXBTC15M-26MAY011900-00,3,0.2400,0.2400,0.2300
KXBTC15M-26MAY011900-00,4,0.1100,0.1100,0.1000
KXBTC15M-26MAY011900-00,5,0.1100,0.1100,0.1000
KXBTC15M-26MAY011700-00,3,0.6100,0.6200,0.6100
KXBTC15M-26MAY011700-00,4,0.3400,0.3400,0.3300
KXBTC15M-26MAY011700-00,5,0.3600,0.3700,0.3600
KXBTC15M-26MAY011645-45,3,0.4500,0.4600,0.4400
KXBTC15M-26MAY011645-45,4,0.2600,0.2600,0.2500
KXBTC15M-26MAY011645-45,5,0.3700,0.3700,0.3600
KXBTC15M-26MAY011830-30,3,0.5300,0.5300,0.5200
KXBTC15M-26MAY011830-30,4,0.8000,0.8100,0.8000
KXBTC15M-26MAY011830-30,5,0.7800,0.7900,0.7800
KXBTC15M-26MAY011630-30,3,0.1100,0.1200,0.1100
KXBTC15M-26MAY011630-30,4,0.0940,0.0940,0.0930
KXBTC15M-26MAY011630-30,5,0.0560,0.0570,0.0560
KXBTC15M-26MAY011545-45,3,0.2100,0.2100,0.2000
KXBTC15M-26MAY011545-45,4,0.1800,0.1800,0.1700
KXBTC15M-26MAY011545-45,5,0.1500,0.1500,0.1400
KXBTC15M-26MAY011430-30,3,0.5700,0.5800,0.5700
KXBTC15M-26MAY011430-30,4,0.6400,0.6500,0.6400
KXBTC15M-26MAY011430-30,5,0.7400,0.7400,0.7300
KXBTC15M-26MAY011500-00,3,0.5400,0.5400,0.5200
KXBTC15M-26MAY011500-00,4,0.7700,0.7800,0.7700
KXBTC15M-26MAY011500-00,5,0.7600,0.7700,0.7600
KXBTC15M-26MAY011515-15,3,0.6000,0.6100,0.6000
KXBTC15M-26MAY011515-15,4,0.7000,0.7200,0.7000
KXBTC15M-26MAY011515-15,5,0.8400,0.8500,0.8400
KXBTC15M-26MAY011415-15,3,0.4200,0.4200,0.4000
KXBTC15M-26MAY011415-15,4,0.4300,0.4400,0.4300
KXBTC15M-26MAY011415-15,5,0.6200,0.6300,0.6200
KXBTC15M-26MAY011330-30,3,0.6700,0.6700,0.6500
KXBTC15M-26MAY011330-30,4,0.6000,0.6100,0.6000
KXBTC15M-26MAY011330-30,5,0.4300,0.4300,0.4200
KXBTC15M-26MAY011615-15,3,0.2700,0.2700,0.2600
KXBTC15M-26MAY011615-15,4,0.3100,0.3100,0.3000
KXBTC15M-26MAY011615-15,5,0.1200,0.1200,0.1100
KXBTC15M-26MAY011845-45,3,0.3300,0.3400,0.3300
KXBTC15M-26MAY011845-45,4,0.1700,0.1600,0.1500
KXBTC15M-26MAY011845-45,5,0.1000,0.1100,0.1000
KXBTC15M-26MAY011245-45,3,0.1700,0.1700,0.1600
KXBTC15M-26MAY011245-45,4,0.3800,0.3800,0.3700
KXBTC15M-26MAY011245-45,5,0.2800,0.2900,0.2800
KXBTC15M-26MAY011300-00,3,0.2100,0.2100,0.2000
KXBTC15M-26MAY011300-00,4,0.2500,0.2500,0.2400
KXBTC15M-26MAY011300-00,5,0.1800,0.1800,0.1700
KXBTC15M-26MAY011215-15,3,0.8100,0.8200,0.8100
KXBTC15M-26MAY011215-15,4,0.9190,0.9150,0.9140
KXBTC15M-26MAY011215-15,5,0.9490,0.9470,0.9400
KXBTC15M-26MAY011230-30,3,0.2900,0.3000,0.2900
KXBTC15M-26MAY011230-30,4,0.2300,0.2400,0.2300
KXBTC15M-26MAY011230-30,5,0.2400,0.2600,0.2400
KXBTC15M-26MAY011400-00,3,0.4000,0.4000,0.3900
KXBTC15M-26MAY011400-00,4,0.5500,0.5600,0.5400
KXBTC15M-26MAY011400-00,5,0.5100,0.5200,0.5100
KXBTC15M-26MAY011200-00,3,0.4300,0.4400,0.4300
KXBTC15M-26MAY011200-00,4,0.5200,0.5300,0.5200
KXBTC15M-26MAY011200-00,5,0.0770,0.0810,0.0800
KXBTC15M-26MAY011145-45,3,0.5500,0.5600,0.5500
KXBTC15M-26MAY011145-45,4,0.6600,0.6700,0.6600
KXBTC15M-26MAY011145-45,5,0.5100,0.5100,0.4900
KXBTC15M-26MAY011130-30,3,0.4400,0.4400,0.4300
KXBTC15M-26MAY011130-30,4,0.5300,0.5400,0.5200
KXBTC15M-26MAY011130-30,5,0.5600,0.5600,0.5500
KXBTC15M-26MAY011115-15,3,0.3800,0.3900,0.3800
KXBTC15M-26MAY011115-15,4,0.3100,0.3200,0.3100
KXBTC15M-26MAY011115-15,5,0.2900,0.2900,0.2700
KXBTC15M-26MAY011100-00,3,0.8000,0.8100,0.8000
KXBTC15M-26MAY011100-00,4,0.8900,0.8900,0.8800
KXBTC15M-26MAY011100-00,5,0.8600,0.8700,0.8600
KXBTC15M-26MAY011045-45,3,0.5000,0.5000,0.4900
KXBTC15M-26MAY011045-45,4,0.4000,0.4000,0.3900
KXBTC15M-26MAY011045-45,5,0.4500,0.4500,0.4400
KXBTC15M-26MAY010930-30,3,0.3300,0.3400,0.3300
KXBTC15M-26MAY010930-30,4,0.4100,0.4200,0.4100
KXBTC15M-26MAY010930-30,5,0.5200,0.5200,0.5100
KXBTC15M-26MAY011445-45,3,0.4300,0.4400,0.4300
KXBTC15M-26MAY011445-45,4,0.4300,0.4300,0.4200
KXBTC15M-26MAY011445-45,5,0.2700,0.2800,0.2700
KXBTC15M-26MAY010945-45,3,0.8600,0.8600,0.8500
KXBTC15M-26MAY010945-45,4,0.8100,0.8100,0.8000
KXBTC15M-26MAY010945-45,5,0.8500,0.8500,0.8400
KXBTC15M-26MAY010845-45,3,0.9330,0.9400,0.9390
KXBTC15M-26MAY010845-45,4,0.8600,0.8700,0.8600
KXBTC15M-26MAY010845-45,5,0.9160,0.9160,0.9120
KXBTC15M-26MAY010915-15,3,0.9000,0.9010,0.9000
KXBTC15M-26MAY010915-15,4,0.9570,0.9580,0.9570
KXBTC15M-26MAY010915-15,5,0.9330,0.9360,0.9330
KXBTC15M-26MAY010800-00,3,0.3400,0.3400,0.3300
KXBTC15M-26MAY010800-00,4,0.2500,0.2400,0.2300
KXBTC15M-26MAY010800-00,5,0.2200,0.2200,0.2100
KXBTC15M-26MAY010730-30,3,0.8800,0.8800,0.8700
KXBTC15M-26MAY010730-30,4,0.9530,0.9550,0.9540
KXBTC15M-26MAY010730-30,5,0.9700,0.9750,0.9700
KXBTC15M-26MAY010815-15,3,0.6900,0.6900,0.6800
KXBTC15M-26MAY010815-15,4,0.5500,0.5600,0.5500
KXBTC15M-26MAY010815-15,5,0.4600,0.4800,0.4600
KXBTC15M-26MAY011015-15,3,0.4800,0.4800,0.4700
KXBTC15M-26MAY011015-15,4,0.4100,0.4200,0.4100
KXBTC15M-26MAY011015-15,5,0.2800,0.2800,0.2700
KXBTC15M-26MAY010715-15,3,0.5400,0.5500,0.5400
KXBTC15M-26MAY010715-15,4,0.5800,0.5900,0.5800
KXBTC15M-26MAY010715-15,5,0.5600,0.5600,0.5400
KXBTC15M-26MAY010630-30,3,0.9130,0.9190,0.9130
KXBTC15M-26MAY010630-30,4,0.9380,0.9380,0.9340
KXBTC15M-26MAY010630-30,5,0.9720,0.9740,0.9700
KXBTC15M-26MAY010700-00,3,0.6000,0.6000,0.5900
KXBTC15M-26MAY010700-00,4,0.6600,0.6700,0.6600
KXBTC15M-26MAY010700-00,5,0.6000,0.6000,0.5900
KXBTC15M-26MAY010530-30,3,0.4600,0.4700,0.4600
KXBTC15M-26MAY010530-30,4,0.4600,0.4600,0.4500
KXBTC15M-26MAY010530-30,5,0.5200,0.5300,0.5200
KXBTC15M-26MAY010615-15,3,0.2200,0.2200,0.2100
KXBTC15M-26MAY010615-15,4,0.2100,0.2200,0.2100
KXBTC15M-26MAY010615-15,5,0.2200,0.2200,0.2100
KXBTC15M-26MAY010600-00,3,0.1500,0.1500,0.1400
KXBTC15M-26MAY010600-00,4,0.1100,0.1100,0.1000
KXBTC15M-26MAY010600-00,5,0.1100,0.1100,0.1000
KXBTC15M-26MAY010445-45,3,0.4400,0.4500,0.4400
KXBTC15M-26MAY010445-45,4,0.3000,0.2900,0.2800
KXBTC15M-26MAY010445-45,5,0.2100,0.2200,0.2100
KXBTC15M-26MAY010515-15,3,0.1100,0.1200,0.1100
KXBTC15M-26MAY010515-15,4,0.1900,0.1900,0.1800
KXBTC15M-26MAY010515-15,5,0.2600,0.2600,0.2500
KXBTC15M-26MAY010500-00,3,0.4700,0.4700,0.4600
KXBTC15M-26MAY010500-00,4,0.4600,0.4800,0.4600
KXBTC15M-26MAY010500-00,5,0.5000,0.5000,0.4800
KXBTC15M-26MAY010415-15,3,0.2000,0.2000,0.1900
KXBTC15M-26MAY010415-15,4,0.2400,0.2600,0.2500
KXBTC15M-26MAY010415-15,5,0.3200,0.3300,0.3200
KXBTC15M-26MAY010330-30,3,0.5900,0.6000,0.5900
KXBTC15M-26MAY010330-30,4,0.5500,0.5500,0.5400
KXBTC15M-26MAY010330-30,5,0.7800,0.7800,0.7700
KXBTC15M-26MAY010400-00,3,0.6700,0.6800,0.6700
KXBTC15M-26MAY010400-00,4,0.8700,0.8800,0.8700
KXBTC15M-26MAY010400-00,5,0.9360,0.9380,0.9320
KXBTC15M-26MAY010300-00,3,0.4900,0.4600,0.4500
KXBTC15M-26MAY010300-00,4,0.3600,0.3700,0.3600
KXBTC15M-26MAY010300-00,5,0.1700,0.1800,0.1700
KXBTC15M-26MAY010315-15,3,0.2200,0.2200,0.2100
KXBTC15M-26MAY010315-15,4,0.2400,0.2600,0.2500
KXBTC15M-26MAY010315-15,5,0.2800,0.2800,0.2700
KXBTC15M-26MAY010215-15,3,0.4200,0.4200,0.4100
KXBTC15M-26MAY010215-15,4,0.4600,0.4700,0.4600
KXBTC15M-26MAY010215-15,5,0.4900,0.5100,0.5000
KXBTC15M-26MAY010245-45,3,0.3900,0.3900,0.3800
KXBTC15M-26MAY010245-45,4,0.5900,0.6000,0.5900
KXBTC15M-26MAY010245-45,5,0.5500,0.5600,0.5500
KXBTC15M-26MAY010830-30,3,0.7800,0.7900,0.7800
KXBTC15M-26MAY010830-30,4,0.8100,0.8200,0.8100
KXBTC15M-26MAY010830-30,5,0.8400,0.8500,0.8400
KXBTC15M-26MAY010345-45,3,0.5600,0.5500,0.5400
KXBTC15M-26MAY010345-45,4,0.5500,0.5500,0.5400
KXBTC15M-26MAY010345-45,5,0.5700,0.5800,0.5700
KXBTC15M-26MAY010115-15,3,0.6900,0.6800,0.6700
KXBTC15M-26MAY010115-15,4,0.8200,0.8200,0.8100
KXBTC15M-26MAY010115-15,5,0.9010,0.9040,0.9010
KXBTC15M-26MAY010645-45,3,0.2500,0.2600,0.2500
KXBTC15M-26MAY010645-45,4,0.2800,0.2800,0.2700
KXBTC15M-26MAY010645-45,5,0.1900,0.1900,0.1800
KXBTC15M-26MAY010130-30,3,0.1700,0.1700,0.1600
KXBTC15M-26MAY010130-30,4,0.1000,0.1100,0.1000
KXBTC15M-26MAY010130-30,5,0.1300,0.1500,0.1400
KXBTC15M-26MAY010230-30,3,0.6800,0.7000,0.6800
KXBTC15M-26MAY010230-30,4,0.4800,0.4800,0.4600
KXBTC15M-26MAY010230-30,5,0.3400,0.3500,0.3400
KXBTC15M-26MAY010015-15,3,0.4100,0.4100,0.4000
KXBTC15M-26MAY010015-15,4,0.4600,0.4700,0.4600
KXBTC15M-26MAY010015-15,5,0.5200,0.5200,0.5100
KXBTC15M-26MAY010100-00,3,0.4900,0.4900,0.4800
KXBTC15M-26MAY010100-00,4,0.4200,0.4200,0.4100
KXBTC15M-26MAY010100-00,5,0.4900,0.4900,0.4800
KXBTC15M-26APR302330-30,3,0.9430,0.9520,0.9430
KXBTC15M-26APR302330-30,4,0.9860,0.9920,0.9910
KXBTC15M-26APR302330-30,5,0.9940,0.9950,0.9940
KXBTC15M-26MAY010000-00,3,0.6000,0.6000,0.5900
KXBTC15M-26MAY010000-00,4,0.4800,0.4900,0.4800
KXBTC15M-26MAY010000-00,5,0.5700,0.5900,0.5700
KXBTC15M-26APR302245-45,3,0.1900,0.1900,0.1700
KXBTC15M-26APR302245-45,4,0.1900,0.1900,0.1800
KXBTC15M-26APR302245-45,5,0.2300,0.2400,0.2300
KXBTC15M-26APR302345-45,3,0.4300,0.4400,0.4300
KXBTC15M-26APR302345-45,4,0.4400,0.4600,0.4400
KXBTC15M-26APR302345-45,5,0.5000,0.5100,0.5000
KXBTC15M-26APR302300-00,3,0.5400,0.5500,0.5400
KXBTC15M-26APR302300-00,4,0.5300,0.5300,0.5200
KXBTC15M-26APR302300-00,5,0.5500,0.5600,0.5500
KXBTC15M-26APR302230-30,3,0.3800,0.3800,0.3700
KXBTC15M-26APR302230-30,4,0.1800,0.1800,0.1700
KXBTC15M-26APR302230-30,5,0.1400,0.1400,0.1300
KXBTC15M-26APR302130-30,3,0.6900,0.6900,0.6800
KXBTC15M-26APR302130-30,4,0.6600,0.6800,0.6600
KXBTC15M-26APR302130-30,5,0.7400,0.7400,0.7300
KXBTC15M-26MAY010030-30,3,0.7400,0.7300,0.7100
KXBTC15M-26MAY010030-30,4,0.6800,0.6900,0.6800
KXBTC15M-26MAY010030-30,5,0.3400,0.3600,0.3500
KXBTC15M-26APR302045-45,3,0.5900,0.6000,0.5900
KXBTC15M-26APR302045-45,4,0.2900,0.2900,0.2800
KXBTC15M-26APR302045-45,5,0.3600,0.3700,0.3500
KXBTC15M-26APR302115-15,3,0.7400,0.7600,0.7400
KXBTC15M-26APR302115-15,4,0.8300,0.8400,0.8300
KXBTC15M-26APR302115-15,5,0.9230,0.9240,0.9230
KXBTC15M-26APR302015-15,3,0.9500,0.9500,0.9420
KXBTC15M-26APR302015-15,4,0.9600,0.9600,0.9530
KXBTC15M-26APR302015-15,5,0.9600,0.9600,0.9530
KXBTC15M-26APR302030-30,3,0.8700,0.8700,0.8600
KXBTC15M-26APR302030-30,4,0.7900,0.7900,0.7700
KXBTC15M-26APR302030-30,5,0.8400,0.8500,0.8400
KXBTC15M-26APR301945-45,3,0.7500,0.7500,0.7400
KXBTC15M-26APR301945-45,4,0.4800,0.5000,0.4900
KXBTC15M-26APR301945-45,5,0.6600,0.6800,0.6600
KXBTC15M-26APR301930-30,3,0.6400,0.6500,0.6400
KXBTC15M-26APR301930-30,4,0.6000,0.6100,0.6000
KXBTC15M-26APR301930-30,5,0.4800,0.4900,0.4800
KXBTC15M-26APR302000-00,3,0.4800,0.4900,0.4800
KXBTC15M-26APR302000-00,4,0.5200,0.5400,0.5200
KXBTC15M-26APR302000-00,5,0.5400,0.5500,0.5400
KXBTC15M-26APR301845-45,3,0.1200,0.1300,0.1200
KXBTC15M-26APR301845-45,4,0.1400,0.1500,0.1400
KXBTC15M-26APR301845-45,5,0.0800,0.0880,0.0800
KXBTC15M-26MAY010045-45,3,0.6500,0.6700,0.6500
KXBTC15M-26MAY010045-45,4,0.7400,0.7500,0.7400
KXBTC15M-26MAY010045-45,5,0.7800,0.7900,0.7700
KXBTC15M-26APR301815-15,3,0.4600,0.4800,0.4700
KXBTC15M-26APR301815-15,4,0.5900,0.5900,0.5800
KXBTC15M-26APR301815-15,5,0.7300,0.7400,0.7300
KXBTC15M-26APR302100-00,3,0.4800,0.4900,0.4800
KXBTC15M-26APR302100-00,4,0.2800,0.2800,0.2700
KXBTC15M-26APR302100-00,5,0.2500,0.2500,0.2400
KXBTC15M-26APR301830-30,3,0.8200,0.8300,0.8200
KXBTC15M-26APR301830-30,4,0.7100,0.7100,0.7000
KXBTC15M-26APR301830-30,5,0.8500,0.8500,0.8400
KXBTC15M-26APR301800-00,3,0.0880,0.0870,0.0800
KXBTC15M-26APR301800-00,4,0.1400,0.1400,0.1300
KXBTC15M-26APR301800-00,5,0.1700,0.1700,0.1600
KXBTC15M-26APR302315-15,3,0.3000,0.3100,0.3000
KXBTC15M-26APR302315-15,4,0.2700,0.2700,0.2600
KXBTC15M-26APR302315-15,5,0.2900,0.3000,0.2900
KXBTC15M-26APR301715-15,3,0.6800,0.6800,0.6700
KXBTC15M-26APR301715-15,4,0.6600,0.6700,0.6600
KXBTC15M-26APR301715-15,5,0.7100,0.7100,0.7000
KXBTC15M-26APR301630-30,3,0.2000,0.2000,0.1900
KXBTC15M-26APR301630-30,4,0.2200,0.2200,0.2100
KXBTC15M-26APR301630-30,5,0.4200,0.4400,0.4300
KXBTC15M-26APR301900-00,3,0.4600,0.4600,0.4500
KXBTC15M-26APR301900-00,4,0.6100,0.6100,0.6000
KXBTC15M-26APR301900-00,5,0.7300,0.7400,0.7300
KXBTC15M-26APR301600-00,3,0.5700,0.5700,0.5600
KXBTC15M-26APR301600-00,4,0.5300,0.5300,0.5200
KXBTC15M-26APR301600-00,5,0.3700,0.3700,0.3600
KXBTC15M-26APR302145-45,3,0.6500,0.6600,0.6500
KXBTC15M-26APR302145-45,4,0.7400,0.7400,0.7300
KXBTC15M-26APR302145-45,5,0.7900,0.8000,0.7900
KXBTC15M-26APR301745-45,3,0.8600,0.8700,0.8600
KXBTC15M-26APR301745-45,4,0.9030,0.9100,0.9030
KXBTC15M-26APR301745-45,5,0.9420,0.9490,0.9420
KXBTC15M-26APR301500-00,3,0.4500,0.4600,0.4500
KXBTC15M-26APR301500-00,4,0.5800,0.5800,0.5700
KXBTC15M-26APR301500-00,5,0.6500,0.6600,0.6500
KXBTC15M-26APR301515-15,3,0.3200,0.3300,0.3200
KXBTC15M-26APR301515-15,4,0.4200,0.4100,0.4000
KXBTC15M-26APR301515-15,5,0.4000,0.4100,0.4000
KXBTC15M-26APR301415-15,3,0.8200,0.8200,0.8100
KXBTC15M-26APR301415-15,4,0.7400,0.7500,0.7400
KXBTC15M-26APR301415-15,5,0.6500,0.6500,0.6400
KXBTC15M-26APR301445-45,3,0.3000,0.3100,0.3000
KXBTC15M-26APR301445-45,4,0.3500,0.3500,0.3400
KXBTC15M-26APR301445-45,5,0.4700,0.4800,0.4700
KXBTC15M-26APR301345-45,3,0.5800,0.5800,0.5700
KXBTC15M-26APR301345-45,4,0.7400,0.7400,0.7300
KXBTC15M-26APR301345-45,5,0.7200,0.7300,0.7200
KXBTC15M-26APR301615-15,3,0.4900,0.4900,0.4800
KXBTC15M-26APR301615-15,4,0.3500,0.3500,0.3400
KXBTC15M-26APR301615-15,5,0.4200,0.4200,0.4100
KXBTC15M-26APR301315-15,3,0.4100,0.4100,0.4000
KXBTC15M-26APR301315-15,4,0.4900,0.4900,0.4800
KXBTC15M-26APR301315-15,5,0.4100,0.4100,0.4000
KXBTC15M-26APR301545-45,3,0.5900,0.5900,0.5800
KXBTC15M-26APR301545-45,4,0.4800,0.4800,0.4700
KXBTC15M-26APR301545-45,5,0.5600,0.5700,0.5600
KXBTC15M-26APR301300-00,3,0.5200,0.5300,0.5200
KXBTC15M-26APR301300-00,4,0.5300,0.5500,0.5400
KXBTC15M-26APR301300-00,5,0.5200,0.5300,0.5200
KXBTC15M-26APR301230-30,3,0.3300,0.3300,0.3200
KXBTC15M-26APR301230-30,4,0.1600,0.1600,0.1500
KXBTC15M-26APR301230-30,5,0.1800,0.1700,0.1600
KXBTC15M-26APR301245-45,3,0.5600,0.5700,0.5600
KXBTC15M-26APR301245-45,4,0.7500,0.7500,0.7400
KXBTC15M-26APR301245-45,5,0.7900,0.8000,0.7900
KXBTC15M-26APR301200-00,3,0.4800,0.5000,0.4900
KXBTC15M-26APR301200-00,4,0.5300,0.5400,0.5300
KXBTC15M-26APR301200-00,5,0.5800,0.5900,0.5800
KXBTC15M-26APR301400-00,3,0.7600,0.7700,0.7600
KXBTC15M-26APR301400-00,4,0.7400,0.7500,0.7400
KXBTC15M-26APR301400-00,5,0.7500,0.7600,0.7500
KXBTC15M-26APR301700-00,3,0.6500,0.6600,0.6500
KXBTC15M-26APR301700-00,4,0.6900,0.7000,0.6900
KXBTC15M-26APR301700-00,5,0.5600,0.5700,0.5600
KXBTC15M-26APR301045-45,3,0.7200,0.7300,0.7200
KXBTC15M-26APR301045-45,4,0.5500,0.5600,0.5500
KXBTC15M-26APR301045-45,5,0.6900,0.6900,0.6800
KXBTC15M-26APR301645-45,3,0.6900,0.6900,0.6800
KXBTC15M-26APR301645-45,4,0.5400,0.5500,0.5400
KXBTC15M-26APR301645-45,5,0.6700,0.6800,0.6700
KXBTC15M-26APR301100-00,3,0.5800,0.5800,0.5600
KXBTC15M-26APR301100-00,4,0.6400,0.6500,0.6400
KXBTC15M-26APR301100-00,5,0.6600,0.6600,0.6500
KXBTC15M-26APR301000-00,3,0.2700,0.2700,0.2600
KXBTC15M-26APR301000-00,4,0.2300,0.2400,0.2300
KXBTC15M-26APR301000-00,5,0.2600,0.2500,0.2400
KXBTC15M-26APR301015-15,3,0.8400,0.8300,0.8200
KXBTC15M-26APR301015-15,4,0.7600,0.7600,0.7400
KXBTC15M-26APR301015-15,5,0.8400,0.8400,0.8300
KXBTC15M-26APR300945-45,3,0.7900,0.7900,0.7800
KXBTC15M-26APR300945-45,4,0.7900,0.8000,0.7900
KXBTC15M-26APR300945-45,5,0.8300,0.8400,0.8300
KXBTC15M-26APR301215-15,3,0.2600,0.2600,0.2500
KXBTC15M-26APR301215-15,4,0.3800,0.3700,0.3600
KXBTC15M-26APR301215-15,5,0.3700,0.3800,0.3700
KXBTC15M-26APR300930-30,3,0.6100,0.6100,0.6000
KXBTC15M-26APR300930-30,4,0.5200,0.5200,0.5100
KXBTC15M-26APR300930-30,5,0.5700,0.5700,0.5600
KXBTC15M-26APR300830-30,3,0.8200,0.8400,0.8200
KXBTC15M-26APR300830-30,4,0.8800,0.8900,0.8800
KXBTC15M-26APR300830-30,5,0.9100,0.9040,0.9020
KXBTC15M-26APR300845-45,3,0.5200,0.5200,0.5100
KXBTC15M-26APR300845-45,4,0.5200,0.5300,0.5200
KXBTC15M-26APR300845-45,5,0.5200,0.5200,0.5100
KXBTC15M-26APR301330-30,3,0.1800,0.1900,0.1800
KXBTC15M-26APR301330-30,4,0.2200,0.2200,0.2100
KXBTC15M-26APR301330-30,5,0.2300,0.2400,0.2300
KXBTC15M-26APR300730-30,3,0.4200,0.4200,0.4100
KXBTC15M-26APR300730-30,4,0.4100,0.4000,0.3900
KXBTC15M-26APR300730-30,5,0.3900,0.4000,0.3900
KXBTC15M-26APR300800-00,3,0.7800,0.7900,0.7800
KXBTC15M-26APR300800-00,4,0.9250,0.9250,0.9220
KXBTC15M-26APR300800-00,5,0.9200,0.9050,0.9020
KXBTC15M-26APR300700-00,3,0.5400,0.5500,0.5400
KXBTC15M-26APR300700-00,4,0.4100,0.4200,0.4100
KXBTC15M-26APR300700-00,5,0.4000,0.4100,0.4000
KXBTC15M-26APR300645-45,3,0.8600,0.8700,0.8600
KXBTC15M-26APR300645-45,4,0.7900,0.8000,0.7900
KXBTC15M-26APR300645-45,5,0.9150,0.9150,0.9110
KXBTC15M-26APR300630-30,3,0.4700,0.4700,0.4600
KXBTC15M-26APR300630-30,4,0.2800,0.2800,0.2700
KXBTC15M-26APR300630-30,5,0.3400,0.3500,0.3400
KXBTC15M-26APR300900-00,3,0.7700,0.7800,0.7700
KXBTC15M-26APR300900-00,4,0.7700,0.7800,0.7700
KXBTC15M-26APR300900-00,5,0.9010,0.9010,0.8900
KXBTC15M-26APR300545-45,3,0.7200,0.7200,0.7100
KXBTC15M-26APR300545-45,4,0.7500,0.7600,0.7500
KXBTC15M-26APR300545-45,5,0.9020,0.9050,0.9020
KXBTC15M-26APR300600-00,3,0.8100,0.8100,0.8000
KXBTC15M-26APR300600-00,4,0.7300,0.7400,0.7300
KXBTC15M-26APR300600-00,5,0.8600,0.8600,0.8500
KXBTC15M-26APR301030-30,3,0.1300,0.1300,0.1200
KXBTC15M-26APR301030-30,4,0.2200,0.2300,0.2200
KXBTC15M-26APR301030-30,5,0.1700,0.1900,0.1800
KXBTC15M-26APR300745-45,3,0.3300,0.3400,0.3300
KXBTC15M-26APR300745-45,4,0.3900,0.4000,0.3900
KXBTC15M-26APR300745-45,5,0.3600,0.3800,0.3700
KXBTC15M-26APR300715-15,3,0.6400,0.6500,0.6400
KXBTC15M-26APR300715-15,4,0.8000,0.8100,0.8000
KXBTC15M-26APR300715-15,5,0.8100,0.8200,0.8100
KXBTC15M-26APR300115-15,3,0.8400,0.8400,0.8300
KXBTC15M-26APR300115-15,4,0.5900,0.6000,0.5900
KXBTC15M-26APR300115-15,5,0.8400,0.8400,0.8300
KXBTC15M-26APR300100-00,3,0.5800,0.5900,0.5800
KXBTC15M-26APR300100-00,4,0.6200,0.6200,0.6100
KXBTC15M-26APR300100-00,5,0.7400,0.7500,0.7400
KXBTC15M-26APR300130-30,3,0.2700,0.2700,0.2600
KXBTC15M-26APR300130-30,4,0.1900,0.1900,0.1800
KXBTC15M-26APR300130-30,5,0.1300,0.1500,0.1300
KXBTC15M-26APR300045-45,3,0.1000,0.1000,0.0990
KXBTC15M-26APR300045-45,4,0.0670,0.0660,0.0630
KXBTC15M-26APR300045-45,5,0.0600,0.0580,0.0510
KXBTC15M-26APR300915-15,3,0.7200,0.7300,0.7200
KXBTC15M-26APR300915-15,4,0.5800,0.5700,0.5500
KXBTC15M-26APR300915-15,5,0.5100,0.5100,0.5000
KXBTC15M-26APR300530-30,3,0.6400,0.6400,0.6300
KXBTC15M-26APR300530-30,4,0.5200,0.5100,0.5000
KXBTC15M-26APR300530-30,5,0.2200,0.2200,0.2100
KXBTC15M-26APR292345-45,3,0.5700,0.5800,0.5700
KXBTC15M-26APR292345-45,4,0.5100,0.5200,0.5100
KXBTC15M-26APR292345-45,5,0.6700,0.6800,0.6700
KXBTC15M-26APR300000-00,3,0.3100,0.3100,0.3000
KXBTC15M-26APR300000-00,4,0.3200,0.3200,0.3000
KXBTC15M-26APR300000-00,5,0.3900,0.4000,0.3900
KXBTC15M-26APR292315-15,3,0.6200,0.6300,0.6200
KXBTC15M-26APR292315-15,4,0.6300,0.6500,0.6300
KXBTC15M-26APR292315-15,5,0.7200,0.7200,0.7100
KXBTC15M-26APR292245-45,3,0.0200,0.0270,0.0200
KXBTC15M-26APR292245-45,4,0.0290,0.0290,0.0280
KXBTC15M-26APR292245-45,5,0.0200,0.0260,0.0200
KXBTC15M-26APR292330-30,3,0.6700,0.6900,0.6700
KXBTC15M-26APR292330-30,4,0.4200,0.4200,0.4100
KXBTC15M-26APR292330-30,5,0.3400,0.3400,0.3300
KXBTC15M-26APR292300-00,3,0.5200,0.5200,0.5100
KXBTC15M-26APR292300-00,4,0.4100,0.4200,0.4100
KXBTC15M-26APR292300-00,5,0.6100,0.6200,0.6100
KXBTC15M-26APR292130-30,3,0.4200,0.4200,0.4100
KXBTC15M-26APR292130-30,4,0.6000,0.6100,0.6000
KXBTC15M-26APR292130-30,5,0.6800,0.6900,0.6800
KXBTC15M-26APR292200-00,3,0.5500,0.5600,0.5500
KXBTC15M-26APR292200-00,4,0.6500,0.6500,0.6400
KXBTC15M-26APR292200-00,5,0.6000,0.5800,0.5700
KXBTC15M-26APR292115-15,3,0.3800,0.3800,0.3700
KXBTC15M-26APR292115-15,4,0.3900,0.3900,0.3800
KXBTC15M-26APR292115-15,5,0.2100,0.2100,0.1900
KXBTC15M-26APR292100-00,3,0.9240,0.9250,0.9180
KXBTC15M-26APR292100-00,4,0.9020,0.9000,0.8900
KXBTC15M-26APR292100-00,5,0.9430,0.9430,0.9410
KXBTC15M-26APR292030-30,3,0.4100,0.4100,0.4000
KXBTC15M-26APR292030-30,4,0.5900,0.6000,0.5900
KXBTC15M-26APR292030-30,5,0.4400,0.4400,0.4300
KXBTC15M-26APR292045-45,3,0.9250,0.9280,0.9240
KXBTC15M-26APR292045-45,4,0.9230,0.9280,0.9230
KXBTC15M-26APR292045-45,5,0.9740,0.9800,0.9740
KXBTC15M-26APR300200-00,3,0.2900,0.3000,0.2900
KXBTC15M-26APR300200-00,4,0.3000,0.3100,0.3000
KXBTC15M-26APR300200-00,5,0.3500,0.3700,0.3600
KXBTC15M-26APR292230-30,3,0.3300,0.3300,0.3200
KXBTC15M-26APR292230-30,4,0.2700,0.2700,0.2600
KXBTC15M-26APR292230-30,5,0.0750,0.0880,0.0750
KXBTC15M-26APR292015-15,3,0.6400,0.6500,0.6300
KXBTC15M-26APR292015-15,4,0.6300,0.6200,0.6100
KXBTC15M-26APR292015-15,5,0.5000,0.5000,0.4900
KXBTC15M-26APR291915-15,3,0.3900,0.4000,0.3900
KXBTC15M-26APR291915-15,4,0.1700,0.1800,0.1700
KXBTC15M-26APR291915-15,5,0.2100,0.2200,0.2100
KXBTC15M-26APR291930-30,3,0.1600,0.1600,0.1500
KXBTC15M-26APR291930-30,4,0.1100,0.1100,0.1000
KXBTC15M-26APR291930-30,5,0.0870,0.0860,0.0800
KXBTC15M-26APR291830-30,3,0.5600,0.5700,0.5600
KXBTC15M-26APR291830-30,4,0.7100,0.7300,0.7100
KXBTC15M-26APR291830-30,5,0.5500,0.5600,0.5500
KXBTC15M-26APR291815-15,3,0.3500,0.3500,0.3400
KXBTC15M-26APR291815-15,4,0.5500,0.5500,0.5400
KXBTC15M-26APR291815-15,5,0.6100,0.6100,0.6000
KXBTC15M-26APR291800-00,3,0.8100,0.8000,0.7900
KXBTC15M-26APR291800-00,4,0.7700,0.7800,0.7700
KXBTC15M-26APR291800-00,5,0.7500,0.7600,0.7500
KXBTC15M-26APR292000-00,3,0.5000,0.5000,0.4900
KXBTC15M-26APR292000-00,4,0.3100,0.3100,0.3000
KXBTC15M-26APR292000-00,5,0.3900,0.3900,0.3800
KXBTC15M-26APR291730-30,3,0.7000,0.7100,0.7000
KXBTC15M-26APR291730-30,4,0.7500,0.7600,0.7500
KXBTC15M-26APR291730-30,5,0.7200,0.7300,0.7200
KXBTC15M-26APR291700-00,3,0.5100,0.5200,0.5100
KXBTC15M-26APR291700-00,4,0.4500,0.4600,0.4500
KXBTC15M-26APR291700-00,5,0.4100,0.4100,0.4000
KXBTC15M-26APR291745-45,3,0.8500,0.8500,0.8400
KXBTC15M-26APR291745-45,4,0.8500,0.8600,0.8400
KXBTC15M-26APR291745-45,5,0.9110,0.9140,0.9110
KXBTC15M-26APR291630-30,3,0.7400,0.7500,0.7400
KXBTC15M-26APR291630-30,4,0.8500,0.8600,0.8500
KXBTC15M-26APR291630-30,5,0.8800,0.8900,0.8800
KXBTC15M-26APR291900-00,3,0.4400,0.4500,0.4400
KXBTC15M-26APR291900-00,4,0.2500,0.2600,0.2500
KXBTC15M-26APR291900-00,5,0.1900,0.2000,0.1900
KXBTC15M-26APR291715-15,3,0.3600,0.3600,0.3500
KXBTC15M-26APR291715-15,4,0.3400,0.3400,0.3300
KXBTC15M-26APR291715-15,5,0.3300,0.3300,0.3200
KXBTC15M-26APR291645-45,3,0.5300,0.5500,0.5300
KXBTC15M-26APR291645-45,4,0.5900,0.6000,0.5900
KXBTC15M-26APR291645-45,5,0.5200,0.5300,0.5200
KXBTC15M-26APR291600-00,3,0.6900,0.7000,0.6800
KXBTC15M-26APR291600-00,4,0.6200,0.6400,0.6200
KXBTC15M-26APR291600-00,5,0.5300,0.5400,0.5300
KXBTC15M-26APR291500-00,3,0.6500,0.6500,0.6400
KXBTC15M-26APR291500-00,4,0.6000,0.6100,0.6000
KXBTC15M-26APR291500-00,5,0.8200,0.8300,0.8200
KXBTC15M-26APR291515-15,3,0.5500,0.5600,0.5500
KXBTC15M-26APR291515-15,4,0.5900,0.6000,0.5900
KXBTC15M-26APR291515-15,5,0.2900,0.2900,0.2800
KXBTC15M-26APR291445-45,3,0.5400,0.5400,0.5300
KXBTC15M-26APR291445-45,4,0.5400,0.5500,0.5400
KXBTC15M-26APR291445-45,5,0.7400,0.7400,0.7200
KXBTC15M-26APR291400-00,3,0.6100,0.6300,0.6200
KXBTC15M-26APR291400-00,4,0.6200,0.6200,0.6100
KXBTC15M-26APR291400-00,5,0.4800,0.4800,0.4700
KXBTC15M-26APR291330-30,3,0.6000,0.6000,0.5900
KXBTC15M-26APR291330-30,4,0.7100,0.7100,0.6900
KXBTC15M-26APR291330-30,5,0.9180,0.9220,0.9180
KXBTC15M-26APR291945-45,3,0.8400,0.8500,0.8400
KXBTC15M-26APR291945-45,4,0.8400,0.8500,0.8400
KXBTC15M-26APR291945-45,5,0.6700,0.6800,0.6700
KXBTC15M-26APR291245-45,3,0.4200,0.4200,0.4100
KXBTC15M-26APR291245-45,4,0.4900,0.5000,0.4900
KXBTC15M-26APR291245-45,5,0.4000,0.4100,0.4000
KXBTC15M-26APR291545-45,3,0.0830,0.0840,0.0830
KXBTC15M-26APR291545-45,4,0.1000,0.1100,0.1000
KXBTC15M-26APR291545-45,5,0.1100,0.1100,0.1000
KXBTC15M-26APR291230-30,3,0.3300,0.3300,0.3200
KXBTC15M-26APR291230-30,4,0.1400,0.1400,0.1200
KXBTC15M-26APR291230-30,5,0.0680,0.0700,0.0670
KXBTC15M-26APR291200-00,3,0.3800,0.3900,0.3800
KXBTC15M-26APR291200-00,4,0.5400,0.5400,0.5300
KXBTC15M-26APR291200-00,5,0.4900,0.5000,0.4900
KXBTC15M-26APR291130-30,3,0.5700,0.5900,0.5700
KXBTC15M-26APR291130-30,4,0.5100,0.5100,0.4900
KXBTC15M-26APR291130-30,5,0.5800,0.5800,0.5600
KXBTC15M-26APR291145-45,3,0.3900,0.3900,0.3800
KXBTC15M-26APR291145-45,4,0.5500,0.5500,0.5400
KXBTC15M-26APR291145-45,5,0.5300,0.5400,0.5300
KXBTC15M-26APR291115-15,3,0.2500,0.2600,0.2500
KXBTC15M-26APR291115-15,4,0.1700,0.1800,0.1700
KXBTC15M-26APR291115-15,5,0.0910,0.0960,0.0900
KXBTC15M-26APR291300-00,3,0.4300,0.4300,0.4200
KXBTC15M-26APR291300-00,4,0.2600,0.2700,0.2600
KXBTC15M-26APR291300-00,5,0.1600,0.1600,0.1500
KXBTC15M-26APR291030-30,3,0.7400,0.7500,0.7400
KXBTC15M-26APR291030-30,4,0.6900,0.6900,0.6800
KXBTC15M-26APR291030-30,5,0.6600,0.6600,0.6500
KXBTC15M-26APR291000-00,3,0.3900,0.4000,0.3900
KXBTC15M-26APR291000-00,4,0.4800,0.4800,0.4700
KXBTC15M-26APR291000-00,5,0.8100,0.8100,0.8000
KXBTC15M-26APR291615-15,3,0.8900,0.8900,0.8800
KXBTC15M-26APR291615-15,4,0.8200,0.8200,0.8100
KXBTC15M-26APR291615-15,5,0.7700,0.7800,0.7700
KXBTC15M-26APR290930-30,3,0.6600,0.6700,0.6600
KXBTC15M-26APR290930-30,4,0.3200,0.3200,0.3100
KXBTC15M-26APR290930-30,5,0.2200,0.2300,0.2200
KXBTC15M-26APR291530-30,3,0.5700,0.5800,0.5700
KXBTC15M-26APR291530-30,4,0.5000,0.5000,0.4900
KXBTC15M-26APR291530-30,5,0.4200,0.4100,0.4000
KXBTC15M-26APR290900-00,3,0.5600,0.5600,0.5400
KXBTC15M-26APR290900-00,4,0.3800,0.3900,0.3800
KXBTC15M-26APR290900-00,5,0.4900,0.5100,0.4900
KXBTC15M-26APR290845-45,3,0.1900,0.1900,0.1800
KXBTC15M-26APR290845-45,4,0.2300,0.2300,0.2100
KXBTC15M-26APR290845-45,5,0.2600,0.2700,0.2600
KXBTC15M-26APR290830-30,3,0.2800,0.2800,0.2700
KXBTC15M-26APR290830-30,4,0.1700,0.1600,0.1500
KXBTC15M-26APR290830-30,5,0.0400,0.0410,0.0300
KXBTC15M-26APR291100-00,3,0.5400,0.5400,0.5200
KXBTC15M-26APR291100-00,4,0.4900,0.4900,0.4800
KXBTC15M-26APR291100-00,5,0.4300,0.4300,0.4200
KXBTC15M-26APR291415-15,3,0.1700,0.1700,0.1600
KXBTC15M-26APR291415-15,4,0.1000,0.1100,0.1000
KXBTC15M-26APR291415-15,5,0.0570,0.0570,0.0510
KXBTC15M-26APR291015-15,3,0.1800,0.2000,0.1800
KXBTC15M-26APR291015-15,4,0.2700,0.2700,0.2600
KXBTC15M-26APR291015-15,5,0.1300,0.1300,0.1200
KXBTC15M-26APR290715-15,3,0.4200,0.4100,0.4000
KXBTC15M-26APR290715-15,4,0.7400,0.7400,0.7300
KXBTC15M-26APR290715-15,5,0.6500,0.6500,0.6400
KXBTC15M-26APR290945-45,3,0.3300,0.3400,0.3300
KXBTC15M-26APR290945-45,4,0.0900,0.0910,0.0900
KXBTC15M-26APR290945-45,5,0.1300,0.1500,0.1300
KXBTC15M-26APR290915-15,3,0.6200,0.6200,0.6100
KXBTC15M-26APR290915-15,4,0.5100,0.5100,0.5000
KXBTC15M-26APR290915-15,5,0.3400,0.3500,0.3400
KXBTC15M-26APR290630-30,3,0.6400,0.6500,0.6400
KXBTC15M-26APR290630-30,4,0.6000,0.5800,0.5700
KXBTC15M-26APR290630-30,5,0.7000,0.7100,0.7000
KXBTC15M-26APR290700-00,3,0.8200,0.8200,0.8100
KXBTC15M-26APR290700-00,4,0.8400,0.8400,0.8300
KXBTC15M-26APR290700-00,5,0.7900,0.7900,0.7800
KXBTC15M-26APR290615-15,3,0.6500,0.6500,0.6400
KXBTC15M-26APR290615-15,4,0.7000,0.7000,0.6900
KXBTC15M-26APR290615-15,5,0.6400,0.6500,0.6400
KXBTC15M-26APR290800-00,3,0.6100,0.6300,0.6200
KXBTC15M-26APR290800-00,4,0.5700,0.5800,0.5700
KXBTC15M-26APR290800-00,5,0.4100,0.4200,0.4100
KXBTC15M-26APR290600-00,3,0.9450,0.9520,0.9450
KXBTC15M-26APR290600-00,4,0.9830,0.9890,0.9830
KXBTC15M-26APR290600-00,5,0.9820,0.9880,0.9820
KXBTC15M-26APR290530-30,3,0.4700,0.4700,0.4600
KXBTC15M-26APR290530-30,4,0.7800,0.7900,0.7800
KXBTC15M-26APR290530-30,5,0.8000,0.8100,0.8000
KXBTC15M-26APR290545-45,3,0.8400,0.8500,0.8400
KXBTC15M-26APR290545-45,4,0.9220,0.9350,0.9320
KXBTC15M-26APR290545-45,5,0.9670,0.9700,0.9670
KXBTC15M-26APR290515-15,3,0.3200,0.3300,0.3200
KXBTC15M-26APR290515-15,4,0.2500,0.2500,0.2400
KXBTC15M-26APR290515-15,5,0.1500,0.1600,0.1500
KXBTC15M-26APR290430-30,3,0.7000,0.6800,0.6600
KXBTC15M-26APR290430-30,4,0.8300,0.8300,0.8200
KXBTC15M-26APR290430-30,5,0.8900,0.9000,0.8900
KXBTC15M-26APR290445-45,3,0.1100,0.1100,0.1000
KXBTC15M-26APR290445-45,4,0.0770,0.0770,0.0700
KXBTC15M-26APR290445-45,5,0.0670,0.0670,0.0660
KXBTC15M-26APR290415-15,3,0.5400,0.5500,0.5400
KXBTC15M-26APR290415-15,4,0.4700,0.4800,0.4700
KXBTC15M-26APR290415-15,5,0.2000,0.2100,0.2000
KXBTC15M-26APR290400-00,3,0.1900,0.2000,0.1900
KXBTC15M-26APR290400-00,4,0.2800,0.2800,0.2700
KXBTC15M-26APR290400-00,5,0.1800,0.1900,0.1800
KXBTC15M-26APR290315-15,3,0.6600,0.6700,0.6600
KXBTC15M-26APR290315-15,4,0.6800,0.6900,0.6800
KXBTC15M-26APR290315-15,5,0.6700,0.6700,0.6600
KXBTC15M-26APR290230-30,3,0.5000,0.5000,0.4900
KXBTC15M-26APR290230-30,4,0.4400,0.4500,0.4400
KXBTC15M-26APR290230-30,5,0.4300,0.4400,0.4300
KXBTC15M-26APR290215-15,3,0.5400,0.5600,0.5500
KXBTC15M-26APR290215-15,4,0.5300,0.5300,0.5100
KXBTC15M-26APR290215-15,5,0.7700,0.7800,0.7700
KXBTC15M-26APR290500-00,3,0.4100,0.4300,0.4100
KXBTC15M-26APR290500-00,4,0.3900,0.4000,0.3900
KXBTC15M-26APR290500-00,5,0.3600,0.3700,0.3600
KXBTC15M-26APR290300-00,3,0.3000,0.3100,0.3000
KXBTC15M-26APR290300-00,4,0.2400,0.2400,0.2300
KXBTC15M-26APR290300-00,5,0.2000,0.2100,0.2000
KXBTC15M-26APR290115-15,3,0.3300,0.3300,0.3200
KXBTC15M-26APR290115-15,4,0.3600,0.3600,0.3400
KXBTC15M-26APR290115-15,5,0.4300,0.4300,0.4200
KXBTC15M-26APR290145-45,3,0.6900,0.7100,0.7000
KXBTC15M-26APR290145-45,4,0.4400,0.4500,0.4400
KXBTC15M-26APR290145-45,5,0.4200,0.4200,0.4100
KXBTC15M-26APR290130-30,3,0.4800,0.4800,0.4700
KXBTC15M-26APR290130-30,4,0.5300,0.5300,0.5200
KXBTC15M-26APR290130-30,5,0.5800,0.5700,0.5500
KXBTC15M-26APR290100-00,3,0.3500,0.3500,0.3400
KXBTC15M-26APR290100-00,4,0.3000,0.3100,0.3000
KXBTC15M-26APR290100-00,5,0.6000,0.6100,0.6000
KXBTC15M-26APR290000-00,3,0.2000,0.2000,0.1900
KXBTC15M-26APR290000-00,4,0.1700,0.1800,0.1700
KXBTC15M-26APR290000-00,5,0.0920,0.0980,0.0940
KXBTC15M-26APR290045-45,3,0.9220,0.9220,0.9180
KXBTC15M-26APR290045-45,4,0.9180,0.9180,0.9120
KXBTC15M-26APR290045-45,5,0.9450,0.9370,0.9300
KXBTC15M-26APR282330-30,3,0.9630,0.9700,0.9630
KXBTC15M-26APR282330-30,4,0.9520,0.9570,0.9560
KXBTC15M-26APR282330-30,5,0.9780,0.9710,0.9700
KXBTC15M-26APR290200-00,3,0.7100,0.7100,0.7000
KXBTC15M-26APR290200-00,4,0.6200,0.6300,0.6200
KXBTC15M-26APR290200-00,5,0.8100,0.8000,0.7900
KXBTC15M-26APR282315-15,3,0.7400,0.7400,0.7300
KXBTC15M-26APR282315-15,4,0.6000,0.6100,0.6000
KXBTC15M-26APR282315-15,5,0.7200,0.7200,0.7000
KXBTC15M-26APR282245-45,3,0.3400,0.3400,0.3300
KXBTC15M-26APR282245-45,4,0.3600,0.3600,0.3500
KXBTC15M-26APR282245-45,5,0.2400,0.2500,0.2400
KXBTC15M-26APR282230-30,3,0.5300,0.5300,0.5200
KXBTC15M-26APR282230-30,4,0.5800,0.5900,0.5800
KXBTC15M-26APR282230-30,5,0.3700,0.3900,0.3700
KXBTC15M-26APR290030-30,3,0.7700,0.7800,0.7700
KXBTC15M-26APR290030-30,4,0.8600,0.8700,0.8600
KXBTC15M-26APR290030-30,5,0.8500,0.8600,0.8500
KXBTC15M-26APR282145-45,3,0.5900,0.5900,0.5800
KXBTC15M-26APR282145-45,4,0.6300,0.6400,0.6300
KXBTC15M-26APR282145-45,5,0.7000,0.7000,0.6900
KXBTC15M-26APR290015-15,3,0.3300,0.3400,0.3300
KXBTC15M-26APR290015-15,4,0.2800,0.2800,0.2700
KXBTC15M-26APR290015-15,5,0.2700,0.2700,0.2600
KXBTC15M-26APR282215-15,3,0.3300,0.3400,0.3300
KXBTC15M-26APR282215-15,4,0.3700,0.3800,0.3700
KXBTC15M-26APR282215-15,5,0.3500,0.3600,0.3500
KXBTC15M-26APR290330-30,3,0.2600,0.2700,0.2600
KXBTC15M-26APR290330-30,4,0.2400,0.2400,0.2300
KXBTC15M-26APR290330-30,5,0.2300,0.2300,0.2200
KXBTC15M-26APR282130-30,3,0.1700,0.1700,0.1600
KXBTC15M-26APR282130-30,4,0.1900,0.1900,0.1800
KXBTC15M-26APR282130-30,5,0.1700,0.1800,0.1700
KXBTC15M-26APR281945-45,3,0.4900,0.5100,0.4900
KXBTC15M-26APR281945-45,4,0.3800,0.3800,0.3700
KXBTC15M-26APR281945-45,5,0.3600,0.3700,0.3600
KXBTC15M-26APR282015-15,3,0.5400,0.5600,0.5400
KXBTC15M-26APR282015-15,4,0.4700,0.4700,0.4600
KXBTC15M-26APR282015-15,5,0.6600,0.6600,0.6400
KXBTC15M-26APR281915-15,3,0.2600,0.2600,0.2500
KXBTC15M-26APR281915-15,4,0.3800,0.3800,0.3700
KXBTC15M-26APR281915-15,5,0.3800,0.3800,0.3700
KXBTC15M-26APR281900-00,3,0.4900,0.4900,0.4800
KXBTC15M-26APR281900-00,4,0.3600,0.3600,0.3500
KXBTC15M-26APR281900-00,5,0.1900,0.2100,0.2000
KXBTC15M-26APR282115-15,3,0.4500,0.4500,0.4400
KXBTC15M-26APR282115-15,4,0.6000,0.6100,0.6000
KXBTC15M-26APR282115-15,5,0.4700,0.4700,0.4600
KXBTC15M-26APR282200-00,3,0.9180,0.9170,0.9120
KXBTC15M-26APR282200-00,4,0.9420,0.9470,0.9460
KXBTC15M-26APR282200-00,5,0.9550,0.9630,0.9550
KXBTC15M-26APR282100-00,3,0.7300,0.7400,0.7300
KXBTC15M-26APR282100-00,4,0.6500,0.6500,0.6400
KXBTC15M-26APR282100-00,5,0.7400,0.7500,0.7400
KXBTC15M-26APR282030-30,3,0.2700,0.2700,0.2600
KXBTC15M-26APR282030-30,4,0.6200,0.6200,0.6000
KXBTC15M-26APR282030-30,5,0.4200,0.4200,0.4100
KXBTC15M-26APR281745-45,3,0.6800,0.6800,0.6600
KXBTC15M-26APR281745-45,4,0.6400,0.6500,0.6400
KXBTC15M-26APR281745-45,5,0.8900,0.9000,0.8900
KXBTC15M-26APR282000-00,3,0.7100,0.7300,0.7100
KXBTC15M-26APR282000-00,4,0.7300,0.7300,0.7200
KXBTC15M-26APR282000-00,5,0.8100,0.8200,0.8100
KXBTC15M-26APR281715-15,3,0.4600,0.4600,0.4500
KXBTC15M-26APR281715-15,4,0.5500,0.5500,0.5400
KXBTC15M-26APR281715-15,5,0.5300,0.5300,0.5200
KXBTC15M-26APR281700-00,3,0.6900,0.6900,0.6800
KXBTC15M-26APR281700-00,4,0.6900,0.7000,0.6900
KXBTC15M-26APR281700-00,5,0.8200,0.8100,0.8000
KXBTC15M-26APR281845-45,3,0.5600,0.5600,0.5500
KXBTC15M-26APR281845-45,4,0.6900,0.6900,0.6800
KXBTC15M-26APR281845-45,5,0.6400,0.6500,0.6400
KXBTC15M-26APR281615-15,3,0.8100,0.8100,0.8000
KXBTC15M-26APR281615-15,4,0.8900,0.8900,0.8700
KXBTC15M-26APR281615-15,5,0.7500,0.7500,0.7300
KXBTC15M-26APR281645-45,3,0.8000,0.8000,0.7900
KXBTC15M-26APR281645-45,4,0.8100,0.8100,0.8000
KXBTC15M-26APR281645-45,5,0.7300,0.7400,0.7300
KXBTC15M-26APR281530-30,3,0.6500,0.6500,0.6400
KXBTC15M-26APR281530-30,4,0.6700,0.6600,0.6500
KXBTC15M-26APR281530-30,5,0.5100,0.5200,0.5100
KXBTC15M-26APR281830-30,3,0.5000,0.5200,0.5000
KXBTC15M-26APR281830-30,4,0.3800,0.3800,0.3700
KXBTC15M-26APR281830-30,5,0.2500,0.2500,0.2400
KXBTC15M-26APR281815-15,3,0.6700,0.6800,0.6700
KXBTC15M-26APR281815-15,4,0.7100,0.7100,0.7000
KXBTC15M-26APR281815-15,5,0.7800,0.7900,0.7800
KXBTC15M-26APR281515-15,3,0.2000,0.2000,0.1900
KXBTC15M-26APR281515-15,4,0.1400,0.1500,0.1400
KXBTC15M-26APR281515-15,5,0.1400,0.1400,0.1300
KXBTC15M-26APR281500-00,3,0.5300,0.5300,0.5200
KXBTC15M-26APR281500-00,4,0.5500,0.5500,0.5400
KXBTC15M-26APR281500-00,5,0.7000,0.7000,0.6900
KXBTC15M-26APR281445-45,3,0.5400,0.5500,0.5400
KXBTC15M-26APR281445-45,4,0.3200,0.3300,0.3200
KXBTC15M-26APR281445-45,5,0.5200,0.5300,0.5200
KXBTC15M-26APR281630-30,3,0.3500,0.3700,0.3500
KXBTC15M-26APR281630-30,4,0.4300,0.4300,0.4200
KXBTC15M-26APR281630-30,5,0.4500,0.4700,0.4600
KXBTC15M-26APR281345-45,3,0.7000,0.7100,0.7000
KXBTC15M-26APR281345-45,4,0.8600,0.8600,0.8500
KXBTC15M-26APR281345-45,5,0.9200,0.9210,0.9200
KXBTC15M-26APR281600-00,3,0.3200,0.3200,0.3100
KXBTC15M-26APR281600-00,4,0.3600,0.3700,0.3600
KXBTC15M-26APR281600-00,5,0.5200,0.5300,0.5200
KXBTC15M-26APR281545-45,3,0.4000,0.4100,0.4000
KXBTC15M-26APR281545-45,4,0.4400,0.4400,0.4300
KXBTC15M-26APR281545-45,5,0.6000,0.6100,0.6000
KXBTC15M-26APR281330-30,3,0.3400,0.3500,0.3400
KXBTC15M-26APR281330-30,4,0.2100,0.2100,0.1900
KXBTC15M-26APR281330-30,5,0.2700,0.2700,0.2600
KXBTC15M-26APR281215-15,3,0.6000,0.6100,0.6000
KXBTC15M-26APR281215-15,4,0.6200,0.6200,0.6100
KXBTC15M-26APR281215-15,5,0.4500,0.4600,0.4500
KXBTC15M-26APR281300-00,3,0.6000,0.6100,0.6000
KXBTC15M-26APR281300-00,4,0.4800,0.4900,0.4800
KXBTC15M-26APR281300-00,5,0.5500,0.5600,0.5500
KXBTC15M-26APR281800-00,3,0.5500,0.5600,0.5500
KXBTC15M-26APR281800-00,4,0.6900,0.6900,0.6800
KXBTC15M-26APR281800-00,5,0.5500,0.5600,0.5500
KXBTC15M-26APR281130-30,3,0.4200,0.4300,0.4100
KXBTC15M-26APR281130-30,4,0.5400,0.5400,0.5300
KXBTC15M-26APR281130-30,5,0.5700,0.5700,0.5600
KXBTC15M-26APR281145-45,3,0.2800,0.2800,0.2700
KXBTC15M-26APR281145-45,4,0.2400,0.2400,0.2300
KXBTC15M-26APR281145-45,5,0.1900,0.2000,0.1900
KXBTC15M-26APR281415-15,3,0.6500,0.6600,0.6500
KXBTC15M-26APR281415-15,4,0.6800,0.6900,0.6800
KXBTC15M-26APR281415-15,5,0.8200,0.8300,0.8200
KXBTC15M-26APR281100-00,3,0.4100,0.4200,0.4100
KXBTC15M-26APR281100-00,4,0.3200,0.3200,0.3100
KXBTC15M-26APR281100-00,5,0.2400,0.2500,0.2400
KXBTC15M-26APR281245-45,3,0.4300,0.4300,0.4200
KXBTC15M-26APR281245-45,4,0.3400,0.3500,0.3400
KXBTC15M-26APR281245-45,5,0.3000,0.3100,0.3000
KXBTC15M-26APR281045-45,3,0.3700,0.3800,0.3700
KXBTC15M-26APR281045-45,4,0.3300,0.3500,0.3400
KXBTC15M-26APR281045-45,5,0.2300,0.2400,0.2300
KXBTC15M-26APR281000-00,3,0.6800,0.6800,0.6700
KXBTC15M-26APR281000-00,4,0.5100,0.5100,0.5000
KXBTC15M-26APR281000-00,5,0.5200,0.5300,0.5200
KXBTC15M-26APR281230-30,3,0.3500,0.3700,0.3600
KXBTC15M-26APR281230-30,4,0.3700,0.3700,0.3600
KXBTC15M-26APR281230-30,5,0.5000,0.5000,0.4900
KXBTC15M-26APR280945-45,3,0.5500,0.5500,0.5400
KXBTC15M-26APR280945-45,4,0.5000,0.5200,0.5000
KXBTC15M-26APR280945-45,5,0.6700,0.6800,0.6700
KXBTC15M-26APR280915-15,3,0.3100,0.3100,0.3000
KXBTC15M-26APR280915-15,4,0.2100,0.2300,0.2200
KXBTC15M-26APR280915-15,5,0.1400,0.1400,0.1300
KXBTC15M-26APR280845-45,3,0.5400,0.5300,0.5200
KXBTC15M-26APR280845-45,4,0.6700,0.6800,0.6700
KXBTC15M-26APR280845-45,5,0.7400,0.7500,0.7400
KXBTC15M-26APR280830-30,3,0.3600,0.3700,0.3600
KXBTC15M-26APR280830-30,4,0.2200,0.2200,0.2100
KXBTC15M-26APR280830-30,5,0.5300,0.5300,0.5200
KXBTC15M-26APR281400-00,3,0.4800,0.4800,0.4700
KXBTC15M-26APR281400-00,4,0.4200,0.4200,0.4100
KXBTC15M-26APR281400-00,5,0.5300,0.5200,0.5100
KXBTC15M-26APR281030-30,3,0.3600,0.3600,0.3500
KXBTC15M-26APR281030-30,4,0.2600,0.2600,0.2500
KXBTC15M-26APR281030-30,5,0.3600,0.3600,0.3500
KXBTC15M-26APR280800-00,3,0.2400,0.2500,0.2400
KXBTC15M-26APR280800-00,4,0.1300,0.1400,0.1300
KXBTC15M-26APR280800-00,5,0.1300,0.1400,0.1300
KXBTC15M-26APR280730-30,3,0.3300,0.3400,0.3300
KXBTC15M-26APR280730-30,4,0.1600,0.1800,0.1700
KXBTC15M-26APR280730-30,5,0.2300,0.2400,0.2300
KXBTC15M-26APR280930-30,3,0.5500,0.5500,0.5400
KXBTC15M-26APR280930-30,4,0.5000,0.5100,0.5000
KXBTC15M-26APR280930-30,5,0.5900,0.5900,0.5800
KXBTC15M-26APR280900-00,3,0.6800,0.6800,0.6700
KXBTC15M-26APR280900-00,4,0.8200,0.8300,0.8200
KXBTC15M-26APR280900-00,5,0.8600,0.8700,0.8600
KXBTC15M-26APR281200-00,3,0.4100,0.4100,0.4000
KXBTC15M-26APR281200-00,4,0.4700,0.4700,0.4500
KXBTC15M-26APR281200-00,5,0.6800,0.6900,0.6800
KXBTC15M-26APR280815-15,3,0.6200,0.6000,0.5900
KXBTC15M-26APR280815-15,4,0.5200,0.5300,0.5200
KXBTC15M-26APR280815-15,5,0.7300,0.7400,0.7300
KXBTC15M-26APR280630-30,3,0.6500,0.6500,0.6300
KXBTC15M-26APR280630-30,4,0.5500,0.5600,0.5500
KXBTC15M-26APR280630-30,5,0.5900,0.5900,0.5800
KXBTC15M-26APR280530-30,3,0.5000,0.5100,0.5000
KXBTC15M-26APR280530-30,4,0.5300,0.5300,0.5200
KXBTC15M-26APR280530-30,5,0.2900,0.2900,0.2800
KXBTC15M-26APR280600-00,3,0.1100,0.1100,0.1000
KXBTC15M-26APR280600-00,4,0.0980,0.1100,0.1000
KXBTC15M-26APR280600-00,5,0.0580,0.0580,0.0520
KXBTC15M-26APR280545-45,3,0.1800,0.1800,0.1700
KXBTC15M-26APR280545-45,4,0.1100,0.1100,0.1000
KXBTC15M-26APR280545-45,5,0.0460,0.0560,0.0470
KXBTC15M-26APR280745-45,3,0.2900,0.2900,0.2800
KXBTC15M-26APR280745-45,4,0.2900,0.2900,0.2800
KXBTC15M-26APR280745-45,5,0.3400,0.3400,0.3200
KXBTC15M-26APR280645-45,3,0.8100,0.8200,0.8100
KXBTC15M-26APR280645-45,4,0.8800,0.8900,0.8800
KXBTC15M-26APR280645-45,5,0.9000,0.9000,0.8900
KXBTC15M-26APR280500-00,3,0.4000,0.4200,0.4100
KXBTC15M-26APR280500-00,4,0.4300,0.4300,0.4200
KXBTC15M-26APR280500-00,5,0.1900,0.1900,0.1800
KXBTC15M-26APR280445-45,3,0.1600,0.1700,0.1600
KXBTC15M-26APR280445-45,4,0.3400,0.3400,0.3300
KXBTC15M-26APR280445-45,5,0.2100,0.2000,0.1900
KXBTC15M-26APR280615-15,3,0.7200,0.7200,0.7100
KXBTC15M-26APR280615-15,4,0.7100,0.7100,0.7000
KXBTC15M-26APR280615-15,5,0.5000,0.5100,0.5000
KXBTC15M-26APR280300-00,3,0.7200,0.7300,0.7200
KXBTC15M-26APR280300-00,4,0.8100,0.8200,0.7900
KXBTC15M-26APR280300-00,5,0.8700,0.8900,0.8700
KXBTC15M-26APR280345-45,3,0.7600,0.7500,0.7400
KXBTC15M-26APR280345-45,4,0.7900,0.7900,0.7800
KXBTC15M-26APR280345-45,5,0.8600,0.8700,0.8600
KXBTC15M-26APR280230-30,3,0.2700,0.2700,0.2600
KXBTC15M-26APR280230-30,4,0.3300,0.3300,0.3200
KXBTC15M-26APR280230-30,5,0.2200,0.2300,0.2200
KXBTC15M-26APR280215-15,3,0.5500,0.5600,0.5500
KXBTC15M-26APR280215-15,4,0.7300,0.7400,0.7300
KXBTC15M-26APR280215-15,5,0.8500,0.8500,0.8400
KXBTC15M-26APR280430-30,3,0.7700,0.7800,0.7700
KXBTC15M-26APR280430-30,4,0.7000,0.7000,0.6900
KXBTC15M-26APR280430-30,5,0.8700,0.8600,0.8500
KXBTC15M-26APR280415-15,3,0.4100,0.4100,0.4000
KXBTC15M-26APR280415-15,4,0.2100,0.2200,0.2100
KXBTC15M-26APR280415-15,5,0.2600,0.2700,0.2600
KXBTC15M-26APR280130-30,3,0.4000,0.4000,0.3900
KXBTC15M-26APR280130-30,4,0.5900,0.6000,0.5900
KXBTC15M-26APR280130-30,5,0.5900,0.5700,0.5600
KXBTC15M-26APR280715-15,3,0.2500,0.2500,0.2400
KXBTC15M-26APR280715-15,4,0.1800,0.1900,0.1800
KXBTC15M-26APR280715-15,5,0.1400,0.1400,0.1300
KXBTC15M-26APR280400-00,3,0.2900,0.2900,0.2800
KXBTC15M-26APR280400-00,4,0.2200,0.2300,0.2200
KXBTC15M-26APR280400-00,5,0.2100,0.2000,0.1900
KXBTC15M-26APR280315-15,3,0.4400,0.4400,0.4300
KXBTC15M-26APR280315-15,4,0.4000,0.4000,0.3900
KXBTC15M-26APR280315-15,5,0.2900,0.2900,0.2800
KXBTC15M-26APR280330-30,3,0.1800,0.1800,0.1700
KXBTC15M-26APR280330-30,4,0.2000,0.2000,0.1900
KXBTC15M-26APR280330-30,5,0.3200,0.3200,0.3100
KXBTC15M-26APR272345-45,3,0.6500,0.6600,0.6500
KXBTC15M-26APR272345-45,4,0.7800,0.7900,0.7800
KXBTC15M-26APR272345-45,5,0.7900,0.8000,0.7900
KXBTC15M-26APR280000-00,3,0.5000,0.5300,0.5200
KXBTC15M-26APR280000-00,4,0.6500,0.6800,0.6600
KXBTC15M-26APR280000-00,5,0.5800,0.5800,0.5700
KXBTC15M-26APR280200-00,3,0.6400,0.6500,0.6400
KXBTC15M-26APR280200-00,4,0.6600,0.6700,0.6600
KXBTC15M-26APR280200-00,5,0.8100,0.8100,0.8000
KXBTC15M-26APR272330-30,3,0.5900,0.5900,0.5800
KXBTC15M-26APR272330-30,4,0.3100,0.3100,0.3000
KXBTC15M-26APR272330-30,5,0.3800,0.3900,0.3800
KXBTC15M-26APR280145-45,3,0.3100,0.3200,0.3100
KXBTC15M-26APR280145-45,4,0.1400,0.1500,0.1400
KXBTC15M-26APR280145-45,5,0.0720,0.0720,0.0660
KXBTC15M-26APR280115-15,3,0.7500,0.7600,0.7500
KXBTC15M-26APR280115-15,4,0.8600,0.8700,0.8600
KXBTC15M-26APR280115-15,5,0.8300,0.8600,0.8500
KXBTC15M-26APR272315-15,3,0.2400,0.2500,0.2400
KXBTC15M-26APR272315-15,4,0.1800,0.1900,0.1800
KXBTC15M-26APR272315-15,5,0.0910,0.0980,0.0970
KXBTC15M-26APR280030-30,3,0.4600,0.4600,0.4500
KXBTC15M-26APR280030-30,4,0.1700,0.1800,0.1700
KXBTC15M-26APR280030-30,5,0.1900,0.2000,0.1900
KXBTC15M-26APR280015-15,3,0.3100,0.3100,0.3000
KXBTC15M-26APR280015-15,4,0.3500,0.3500,0.3300
KXBTC15M-26APR280015-15,5,0.3100,0.3100,0.3000
KXBTC15M-26APR272215-15,3,0.7600,0.7600,0.7500
KXBTC15M-26APR272215-15,4,0.8500,0.8600,0.8500
KXBTC15M-26APR272215-15,5,0.8300,0.8400,0.8300
KXBTC15M-26APR280245-45,3,0.5500,0.5500,0.5400
KXBTC15M-26APR280245-45,4,0.6400,0.6500,0.6400
KXBTC15M-26APR280245-45,5,0.6600,0.6700,0.6600
KXBTC15M-26APR272045-45,3,0.6400,0.6500,0.6400
KXBTC15M-26APR272045-45,4,0.4500,0.4600,0.4500
KXBTC15M-26APR272045-45,5,0.6500,0.6500,0.6400
KXBTC15M-26APR272030-30,3,0.6400,0.6500,0.6400
KXBTC15M-26APR272030-30,4,0.3800,0.3800,0.3700
KXBTC15M-26APR272030-30,5,0.3400,0.3400,0.3300
KXBTC15M-26APR272300-00,3,0.3600,0.3600,0.3500
KXBTC15M-26APR272300-00,4,0.3700,0.3700,0.3600
KXBTC15M-26APR272300-00,5,0.8700,0.8800,0.8600
KXBTC15M-26APR272000-00,3,0.6500,0.6700,0.6500
KXBTC15M-26APR272000-00,4,0.8300,0.8500,0.8300
KXBTC15M-26APR272000-00,5,0.7900,0.8000,0.7900
KXBTC15M-26APR272130-30,3,0.1800,0.1800,0.1700
KXBTC15M-26APR272130-30,4,0.0850,0.0850,0.0800
KXBTC15M-26APR272130-30,5,0.0780,0.0780,0.0740
KXBTC15M-26APR272200-00,3,0.6200,0.6200,0.6100
KXBTC15M-26APR272200-00,4,0.5500,0.5700,0.5500
KXBTC15M-26APR272200-00,5,0.5500,0.5400,0.5300
KXBTC15M-26APR272145-45,3,0.1600,0.1600,0.1500
KXBTC15M-26APR272145-45,4,0.1200,0.1200,0.1100
KXBTC15M-26APR272145-45,5,0.5400,0.5400,0.5300
KXBTC15M-26APR271900-00,3,0.7000,0.7100,0.7000
KXBTC15M-26APR271900-00,4,0.8000,0.8000,0.7900
KXBTC15M-26APR271900-00,5,0.7300,0.7300,0.7100
KXBTC15M-26APR271915-15,3,0.5600,0.5500,0.5300
KXBTC15M-26APR271915-15,4,0.5000,0.5100,0.5000
KXBTC15M-26APR271915-15,5,0.5300,0.5400,0.5300
KXBTC15M-26APR272100-00,3,0.6100,0.6200,0.6100
KXBTC15M-26APR272100-00,4,0.4700,0.4700,0.4600
KXBTC15M-26APR272100-00,5,0.2600,0.2700,0.2600
KXBTC15M-26APR271845-45,3,0.8000,0.8100,0.8000
KXBTC15M-26APR271845-45,4,0.7500,0.7600,0.7500
KXBTC15M-26APR271845-45,5,0.7900,0.8200,0.8100
KXBTC15M-26APR272015-15,3,0.2600,0.2600,0.2500
KXBTC15M-26APR272015-15,4,0.1900,0.1900,0.1800
KXBTC15M-26APR272015-15,5,0.1900,0.1900,0.1800
KXBTC15M-26APR271815-15,3,0.5400,0.5400,0.5300
KXBTC15M-26APR271815-15,4,0.5500,0.5500,0.5300
KXBTC15M-26APR271815-15,5,0.6600,0.6600,0.6500
KXBTC15M-26APR271800-00,3,0.3700,0.3700,0.3600
KXBTC15M-26APR271800-00,4,0.5100,0.5200,0.5100
KXBTC15M-26APR271800-00,5,0.6900,0.7000,0.6900
KXBTC15M-26APR271930-30,3,0.8800,0.8800,0.8600
KXBTC15M-26APR271930-30,4,0.8900,0.8900,0.8800
KXBTC15M-26APR271930-30,5,0.9120,0.9170,0.9120
KXBTC15M-26APR272230-30,3,0.6200,0.6400,0.6200
KXBTC15M-26APR272230-30,4,0.6900,0.7000,0.6900
KXBTC15M-26APR272230-30,5,0.6200,0.6300,0.6100
KXBTC15M-26APR271715-15,3,0.1500,0.1600,0.1500
KXBTC15M-26APR271715-15,4,0.1500,0.1500,0.1400
KXBTC15M-26APR271715-15,5,0.0570,0.0570,0.0520
KXBTC15M-26APR271615-15,3,0.6700,0.6800,0.6700
KXBTC15M-26APR271615-15,4,0.8300,0.8300,0.8200
KXBTC15M-26APR271615-15,5,0.8800,0.8900,0.8800
KXBTC15M-26APR271630-30,3,0.6800,0.6900,0.6800
KXBTC15M-26APR271630-30,4,0.7000,0.7100,0.7000
KXBTC15M-26APR271630-30,5,0.7700,0.7900,0.7800
KXBTC15M-26APR271545-45,3,0.3200,0.3300,0.3100
KXBTC15M-26APR271545-45,4,0.2700,0.2700,0.2600
KXBTC15M-26APR271545-45,5,0.2300,0.2300,0.2200
KXBTC15M-26APR271530-30,3,0.3600,0.3600,0.3500
KXBTC15M-26APR271530-30,4,0.2000,0.2100,0.2000
KXBTC15M-26APR271530-30,5,0.2400,0.2500,0.2400
KXBTC15M-26APR271730-30,3,0.7200,0.7300,0.7200
KXBTC15M-26APR271730-30,4,0.4500,0.4500,0.4400
KXBTC15M-26APR271730-30,5,0.3500,0.3600,0.3500
KXBTC15M-26APR271430-30,3,0.6600,0.6600,0.6500
KXBTC15M-26APR271430-30,4,0.6200,0.6300,0.6200
KXBTC15M-26APR271430-30,5,0.5300,0.5500,0.5400
KXBTC15M-26APR271700-00,3,0.3400,0.3300,0.3200
KXBTC15M-26APR271700-00,4,0.3700,0.3600,0.3500
KXBTC15M-26APR271700-00,5,0.3500,0.3400,0.3300
KXBTC15M-26APR271945-45,3,0.8000,0.8100,0.8000
KXBTC15M-26APR271945-45,4,0.9220,0.9170,0.9130
KXBTC15M-26APR271945-45,5,0.8900,0.8900,0.8800
KXBTC15M-26APR271345-45,3,0.7400,0.7400,0.7300
KXBTC15M-26APR271345-45,4,0.7500,0.7600,0.7500
KXBTC15M-26APR271345-45,5,0.6100,0.6100,0.6000
KXBTC15M-26APR271330-30,3,0.3100,0.3200,0.3100
KXBTC15M-26APR271330-30,4,0.3700,0.3700,0.3600
KXBTC15M-26APR271330-30,5,0.2400,0.2400,0.2300
KXBTC15M-26APR271315-15,3,0.8400,0.8500,0.8400
KXBTC15M-26APR271315-15,4,0.8900,0.9000,0.8900
KXBTC15M-26APR271315-15,5,0.8800,0.8900,0.8800
KXBTC15M-26APR271245-45,3,0.6100,0.6200,0.6000
KXBTC15M-26APR271245-45,4,0.6100,0.6100,0.6000
KXBTC15M-26APR271245-45,5,0.3800,0.3900,0.3800
KXBTC15M-26APR271230-30,3,0.7600,0.7600,0.7500
KXBTC15M-26APR271230-30,4,0.7100,0.7200,0.7100
KXBTC15M-26APR271230-30,5,0.6100,0.6200,0.6100
KXBTC15M-26APR271515-15,3,0.3400,0.3400,0.3300
KXBTC15M-26APR271515-15,4,0.3100,0.3200,0.3100
KXBTC15M-26APR271515-15,5,0.1300,0.1400,0.1300
KXBTC15M-26APR271745-45,3,0.6000,0.6100,0.6000
KXBTC15M-26APR271745-45,4,0.7200,0.7200,0.7100
KXBTC15M-26APR271745-45,5,0.7800,0.7800,0.7600
KXBTC15M-26APR271415-15,3,0.7300,0.7400,0.7300
KXBTC15M-26APR271415-15,4,0.6600,0.6700,0.6600
KXBTC15M-26APR271415-15,5,0.7700,0.7700,0.7600
KXBTC15M-26APR271130-30,3,0.0920,0.1100,0.0920
KXBTC15M-26APR271130-30,4,0.0400,0.0530,0.0400
KXBTC15M-26APR271130-30,5,0.0600,0.0650,0.0600
KXBTC15M-26APR271145-45,3,0.7500,0.7600,0.7500
KXBTC15M-26APR271145-45,4,0.9200,0.9220,0.9200
KXBTC15M-26APR271145-45,5,0.9350,0.9330,0.9300
KXBTC15M-26APR271100-00,3,0.7100,0.7200,0.7100
KXBTC15M-26APR271100-00,4,0.7100,0.7100,0.7000
KXBTC15M-26APR271100-00,5,0.5000,0.5100,0.5000
KXBTC15M-26APR271115-15,3,0.2100,0.2300,0.2100
KXBTC15M-26APR271115-15,4,0.0480,0.0410,0.0400
KXBTC15M-26APR271115-15,5,0.1100,0.1100,0.1000
KXBTC15M-26APR271015-15,3,0.4700,0.4700,0.4600
KXBTC15M-26APR271015-15,4,0.3400,0.3400,0.3300
KXBTC15M-26APR271015-15,5,0.2900,0.3000,0.2900
KXBTC15M-26APR271045-45,3,0.6500,0.6600,0.6500
KXBTC15M-26APR271045-45,4,0.7300,0.7300,0.7200
KXBTC15M-26APR271045-45,5,0.8800,0.9070,0.8900
KXBTC15M-26APR271215-15,3,0.2900,0.3000,0.2900
KXBTC15M-26APR271215-15,4,0.4600,0.4600,0.4500
KXBTC15M-26APR271215-15,5,0.4700,0.4700,0.4600
KXBTC15M-26APR270930-30,3,0.6700,0.6800,0.6700
KXBTC15M-26APR270930-30,4,0.6400,0.6400,0.6300
KXBTC15M-26APR270930-30,5,0.7200,0.7300,0.7200
KXBTC15M-26APR270945-45,3,0.6900,0.6900,0.6800
KXBTC15M-26APR270945-45,4,0.6000,0.6000,0.5900
KXBTC15M-26APR270945-45,5,0.7100,0.7000,0.6900
KXBTC15M-26APR271500-00,3,0.7800,0.7900,0.7800
KXBTC15M-26APR271500-00,4,0.8300,0.8400,0.8300
KXBTC15M-26APR271500-00,5,0.8400,0.8500,0.8400
KXBTC15M-26APR270830-30,3,0.6300,0.6300,0.6200
KXBTC15M-26APR270830-30,4,0.4400,0.4600,0.4500
KXBTC15M-26APR270830-30,5,0.5600,0.5600,0.5500
KXBTC15M-26APR270815-15,3,0.0880,0.0880,0.0840
KXBTC15M-26APR270815-15,4,0.0930,0.0980,0.0930
KXBTC15M-26APR270815-15,5,0.0980,0.0970,0.0960
KXBTC15M-26APR270900-00,3,0.3600,0.3700,0.3600
KXBTC15M-26APR270900-00,4,0.6400,0.6400,0.6300
KXBTC15M-26APR270900-00,5,0.6200,0.6300,0.6200
KXBTC15M-26APR270745-45,3,0.2300,0.2400,0.2300
KXBTC15M-26APR270745-45,4,0.2700,0.2700,0.2600
KXBTC15M-26APR270745-45,5,0.2900,0.3000,0.2900
KXBTC15M-26APR271000-00,3,0.1600,0.1600,0.1500
KXBTC15M-26APR271000-00,4,0.1000,0.1100,0.1000
KXBTC15M-26APR271000-00,5,0.0630,0.0680,0.0630
KXBTC15M-26APR270715-15,3,0.4200,0.4100,0.4000
KXBTC15M-26APR270715-15,4,0.1600,0.1600,0.1500
KXBTC15M-26APR270715-15,5,0.2200,0.2200,0.2100
KXBTC15M-26APR270730-30,3,0.4800,0.4800,0.4700
KXBTC15M-26APR270730-30,4,0.7000,0.7100,0.7000
KXBTC15M-26APR270730-30,5,0.6900,0.7000,0.6900
KXBTC15M-26APR270645-45,3,0.6500,0.6600,0.6500
KXBTC15M-26APR270645-45,4,0.7600,0.7400,0.7300
KXBTC15M-26APR270645-45,5,0.8100,0.8200,0.8100
KXBTC15M-26APR271200-00,3,0.1700,0.1700,0.1600
KXBTC15M-26APR271200-00,4,0.0680,0.0680,0.0600
KXBTC15M-26APR271200-00,5,0.0650,0.0640,0.0580
KXBTC15M-26APR270845-45,3,0.5600,0.5700,0.5600
KXBTC15M-26APR270845-45,4,0.4500,0.4600,0.4500
KXBTC15M-26APR270845-45,5,0.6700,0.7000,0.6800
KXBTC15M-26APR270630-30,3,0.5400,0.5500,0.5400
KXBTC15M-26APR270630-30,4,0.6000,0.6100,0.6000
KXBTC15M-26APR270630-30,5,0.5400,0.5500,0.5400
KXBTC15M-26APR270800-00,3,0.4900,0.4900,0.4800
KXBTC15M-26APR270800-00,4,0.4900,0.4900,0.4800
KXBTC15M-26APR270800-00,5,0.3300,0.3400,0.3300
KXBTC15M-26APR270530-30,3,0.2600,0.2600,0.2500
KXBTC15M-26APR270530-30,4,0.2200,0.2200,0.2100
KXBTC15M-26APR270530-30,5,0.2100,0.2200,0.2100
KXBTC15M-26APR270545-45,3,0.9400,0.9400,0.9330
KXBTC15M-26APR270545-45,4,0.9120,0.9130,0.9120
KXBTC15M-26APR270545-45,5,0.9080,0.9040,0.9000
KXBTC15M-26APR270500-00,3,0.8100,0.8200,0.8100
KXBTC15M-26APR270500-00,4,0.8600,0.8800,0.8600
KXBTC15M-26APR270500-00,5,0.9170,0.9170,0.9130
KXBTC15M-26APR270700-00,3,0.4600,0.4700,0.4600
KXBTC15M-26APR270700-00,4,0.2700,0.2800,0.2700
KXBTC15M-26APR270700-00,5,0.3800,0.3800,0.3700
KXBTC15M-26APR270330-30,3,0.3000,0.3100,0.3000
KXBTC15M-26APR270330-30,4,0.6800,0.6900,0.6800
KXBTC15M-26APR270330-30,5,0.6200,0.6100,0.6000
KXBTC15M-26APR270315-15,3,0.5100,0.5100,0.5000
KXBTC15M-26APR270315-15,4,0.2800,0.2800,0.2700
KXBTC15M-26APR270315-15,5,0.1200,0.1200,0.1100
KXBTC15M-26APR270600-00,3,0.3500,0.3500,0.3400
KXBTC15M-26APR270600-00,4,0.3000,0.3000,0.2900
KXBTC15M-26APR270600-00,5,0.2800,0.2800,0.2700
KXBTC15M-26APR270245-45,3,0.1600,0.1500,0.1400
KXBTC15M-26APR270245-45,4,0.1300,0.1300,0.1200
KXBTC15M-26APR270245-45,5,0.1500,0.1500,0.1400
KXBTC15M-26APR270230-30,3,0.7400,0.7400,0.7300
KXBTC15M-26APR270230-30,4,0.8500,0.8600,0.8500
KXBTC15M-26APR270230-30,5,0.8300,0.8400,0.8300
KXBTC15M-26APR270200-00,3,0.4800,0.4800,0.4700
KXBTC15M-26APR270200-00,4,0.5300,0.5300,0.5200
KXBTC15M-26APR270200-00,5,0.4700,0.4700,0.4600
KXBTC15M-26APR270145-45,3,0.4500,0.4500,0.4400
KXBTC15M-26APR270145-45,4,0.4500,0.4500,0.4400
KXBTC15M-26APR270145-45,5,0.1800,0.1800,0.1700
KXBTC15M-26APR270445-45,3,0.5400,0.5500,0.5400
KXBTC15M-26APR270445-45,4,0.6100,0.6200,0.6100
KXBTC15M-26APR270445-45,5,0.7000,0.7100,0.7000
KXBTC15M-26APR270415-15,3,0.7000,0.7200,0.7100
KXBTC15M-26APR270415-15,4,0.8100,0.8200,0.8000
KXBTC15M-26APR270415-15,5,0.8200,0.8300,0.8200
KXBTC15M-26APR270400-00,3,0.4000,0.4000,0.3900
KXBTC15M-26APR270400-00,4,0.5100,0.5200,0.5100
KXBTC15M-26APR270400-00,5,0.5200,0.5300,0.5200
KXBTC15M-26APR270045-45,3,0.1700,0.1700,0.1600
KXBTC15M-26APR270045-45,4,0.1500,0.1600,0.1500
KXBTC15M-26APR270045-45,5,0.1600,0.1600,0.1500
KXBTC15M-26APR270115-15,3,0.2100,0.2100,0.2000
KXBTC15M-26APR270115-15,4,0.0780,0.0780,0.0740
KXBTC15M-26APR270115-15,5,0.0510,0.0580,0.0520
KXBTC15M-26APR270100-00,3,0.1700,0.1900,0.1800
KXBTC15M-26APR270100-00,4,0.1300,0.1300,0.1200
KXBTC15M-26APR270100-00,5,0.1000,0.1100,0.1000
KXBTC15M-26APR270215-15,3,0.4000,0.4100,0.4000
KXBTC15M-26APR270215-15,4,0.2700,0.2700,0.2600
KXBTC15M-26APR270215-15,5,0.1400,0.1500,0.1400
KXBTC15M-26APR270030-30,3,0.4200,0.4200,0.4100
KXBTC15M-26APR270030-30,4,0.4100,0.4400,0.4100
KXBTC15M-26APR270030-30,5,0.4100,0.4100,0.4000
KXBTC15M-26APR270515-15,3,0.5800,0.5900,0.5800
KXBTC15M-26APR270515-15,4,0.5600,0.5600,0.5500
KXBTC15M-26APR270515-15,5,0.4800,0.4900,0.4800
KXBTC15M-26APR270130-30,3,0.0500,0.0560,0.0500
KXBTC15M-26APR270130-30,4,0.0150,0.0240,0.0160
KXBTC15M-26APR270130-30,5,0.0200,0.0260,0.0250
KXBTC15M-26APR262330-30,3,0.3700,0.3700,0.3600
KXBTC15M-26APR262330-30,4,0.5500,0.5500,0.5400
KXBTC15M-26APR262330-30,5,0.5800,0.5700,0.5500
KXBTC15M-26APR262315-15,3,0.6100,0.6200,0.6100
KXBTC15M-26APR262315-15,4,0.4900,0.4700,0.4600
KXBTC15M-26APR262315-15,5,0.5000,0.5100,0.5000
KXBTC15M-26APR262230-30,3,0.6300,0.6400,0.6300
KXBTC15M-26APR262230-30,4,0.4600,0.4600,0.4500
KXBTC15M-26APR262230-30,5,0.3500,0.3600,0.3500
KXBTC15M-26APR270345-45,3,0.2000,0.2000,0.1900
KXBTC15M-26APR270345-45,4,0.2000,0.2000,0.1900
KXBTC15M-26APR270345-45,5,0.1500,0.1500,0.1400
KXBTC15M-26APR262245-45,3,0.7100,0.7300,0.7100
KXBTC15M-26APR262245-45,4,0.4600,0.4800,0.4700
KXBTC15M-26APR262245-45,5,0.4800,0.4800,0.4700
KXBTC15M-26APR270300-00,3,0.6900,0.7000,0.6900
KXBTC15M-26APR270300-00,4,0.8600,0.8600,0.8500
KXBTC15M-26APR270300-00,5,0.8700,0.8500,0.8400
KXBTC15M-26APR270000-00,3,0.3600,0.3600,0.3400
KXBTC15M-26APR270000-00,4,0.3900,0.4000,0.3900
KXBTC15M-26APR270000-00,5,0.3100,0.3000,0.2900
KXBTC15M-26APR262045-45,3,0.3600,0.3900,0.3700
KXBTC15M-26APR262045-45,4,0.4700,0.4800,0.4700
KXBTC15M-26APR262045-45,5,0.4700,0.4800,0.4600
KXBTC15M-26APR262100-00,3,0.6300,0.6300,0.6200
KXBTC15M-26APR262100-00,4,0.5600,0.5600,0.5500
KXBTC15M-26APR262100-00,5,0.5500,0.5500,0.5400
KXBTC15M-26APR262030-30,3,0.4900,0.4900,0.4800
KXBTC15M-26APR262030-30,4,0.5600,0.5700,0.5600
KXBTC15M-26APR262030-30,5,0.6000,0.6000,0.5800
KXBTC15M-26APR262000-00,3,0.7700,0.7800,0.7700
KXBTC15M-26APR262000-00,4,0.8700,0.8700,0.8600
KXBTC15M-26APR262000-00,5,0.8200,0.8300,0.8200
KXBTC15M-26APR261930-30,3,0.2000,0.2000,0.1900
KXBTC15M-26APR261930-30,4,0.2100,0.2100,0.2000
KXBTC15M-26APR261930-30,5,0.3400,0.3500,0.3400
KXBTC15M-26APR262015-15,3,0.8600,0.8600,0.8500
KXBTC15M-26APR262015-15,4,0.8300,0.8400,0.8300
KXBTC15M-26APR262015-15,5,0.8500,0.8600,0.8500
KXBTC15M-26APR261915-15,3,0.5200,0.5300,0.5200
KXBTC15M-26APR261915-15,4,0.4100,0.4100,0.4000
KXBTC15M-26APR261915-15,5,0.4300,0.4500,0.4400
KXBTC15M-26APR262115-15,3,0.7100,0.7200,0.7100
KXBTC15M-26APR262115-15,4,0.7700,0.7700,0.7600
KXBTC15M-26APR262115-15,5,0.7800,0.8000,0.7900
KXBTC15M-26APR261900-00,3,0.7600,0.7600,0.7400
KXBTC15M-26APR261900-00,4,0.8600,0.8500,0.8300
KXBTC15M-26APR261900-00,5,0.7600,0.7900,0.7600
KXBTC15M-26APR261800-00,3,0.4700,0.4800,0.4600
KXBTC15M-26APR261800-00,4,0.3800,0.3900,0.3800
KXBTC15M-26APR261800-00,5,0.3900,0.3900,0.3800
KXBTC15M-26APR261745-45,3,0.0610,0.0610,0.0590
KXBTC15M-26APR261745-45,4,0.0770,0.0770,0.0760
KXBTC15M-26APR261745-45,5,0.1300,0.1300,0.1200
KXBTC15M-26APR261815-15,3,0.5000,0.5000,0.4900
KXBTC15M-26APR261815-15,4,0.5200,0.5400,0.5200
KXBTC15M-26APR261815-15,5,0.6800,0.6900,0.6800
KXBTC15M-26APR262300-00,3,0.6000,0.6000,0.5800
KXBTC15M-26APR262300-00,4,0.6300,0.6300,0.6200
KXBTC15M-26APR262300-00,5,0.5400,0.5500,0.5400
KXBTC15M-26APR261730-30,3,0.5000,0.5200,0.5000
KXBTC15M-26APR261730-30,4,0.5200,0.5300,0.5200
KXBTC15M-26APR261730-30,5,0.6000,0.5600,0.5500
KXBTC15M-26APR261645-45,3,0.7600,0.7700,0.7600
KXBTC15M-26APR261645-45,4,0.9130,0.9150,0.9130
KXBTC15M-26APR261645-45,5,0.8900,0.8900,0.8800
KXBTC15M-26APR261700-00,3,0.5100,0.5100,0.5000
KXBTC15M-26APR261700-00,4,0.5000,0.4800,0.4700
KXBTC15M-26APR261700-00,5,0.5000,0.5000,0.4900
KXBTC15M-26APR262200-00,3,0.9250,0.9290,0.9270
KXBTC15M-26APR262200-00,4,0.9330,0.9330,0.9300
KXBTC15M-26APR262200-00,5,0.9060,0.9000,0.8900
KXBTC15M-26APR261630-30,3,0.4000,0.4000,0.3900
KXBTC15M-26APR261630-30,4,0.3400,0.3500,0.3400
KXBTC15M-26APR261630-30,5,0.2500,0.2500,0.2400
KXBTC15M-26APR261615-15,3,0.5200,0.5200,0.5100
KXBTC15M-26APR261615-15,4,0.6100,0.6200,0.6100
KXBTC15M-26APR261615-15,5,0.6100,0.6200,0.6100
KXBTC15M-26APR261600-00,3,0.5900,0.5900,0.5800
KXBTC15M-26APR261600-00,4,0.7000,0.7100,0.7000
KXBTC15M-26APR261600-00,5,0.8200,0.8300,0.8200
KXBTC15M-26APR261515-15,3,0.2800,0.2800,0.2700
KXBTC15M-26APR261515-15,4,0.1300,0.1400,0.1300
KXBTC15M-26APR261515-15,5,0.1300,0.1300,0.1200
KXBTC15M-26APR261530-30,3,0.5100,0.5100,0.5000
KXBTC15M-26APR261530-30,4,0.5100,0.5400,0.5200
KXBTC15M-26APR261530-30,5,0.3500,0.3500,0.3400
KXBTC15M-26APR261715-15,3,0.6300,0.6300,0.6100
KXBTC15M-26APR261715-15,4,0.8600,0.8600,0.8100
KXBTC15M-26APR261715-15,5,0.8700,0.8800,0.8700
KXBTC15M-26APR261415-15,3,0.5700,0.5800,0.5700
KXBTC15M-26APR261415-15,4,0.3200,0.3200,0.3100
KXBTC15M-26APR261415-15,5,0.3600,0.3600,0.3500
KXBTC15M-26APR261945-45,3,0.8100,0.8200,0.8100
KXBTC15M-26APR261945-45,4,0.7400,0.7500,0.7400
KXBTC15M-26APR261945-45,5,0.7500,0.7400,0.7300
KXBTC15M-26APR261345-45,3,0.1900,0.1900,0.1800
KXBTC15M-26APR261345-45,4,0.2500,0.2500,0.2400
KXBTC15M-26APR261345-45,5,0.2500,0.2500,0.2400
KXBTC15M-26APR261400-00,3,0.6800,0.6900,0.6800
KXBTC15M-26APR261400-00,4,0.5100,0.5100,0.5000
KXBTC15M-26APR261400-00,5,0.6500,0.6500,0.6400
KXBTC15M-26APR261300-00,3,0.6400,0.6500,0.6400
KXBTC15M-26APR261300-00,4,0.6100,0.6300,0.6200
KXBTC15M-26APR261300-00,5,0.6000,0.6000,0.5900
KXBTC15M-26APR261830-30,3,0.8000,0.8000,0.7900
KXBTC15M-26APR261830-30,4,0.8800,0.8800,0.8700
KXBTC15M-26APR261830-30,5,0.9100,0.9110,0.9100
KXBTC15M-26APR261215-15,3,0.3800,0.3800,0.3700
KXBTC15M-26APR261215-15,4,0.5600,0.5800,0.5700
KXBTC15M-26APR261215-15,5,0.6900,0.7000,0.6800
KXBTC15M-26APR261245-45,3,0.8100,0.8200,0.8100
KXBTC15M-26APR261245-45,4,0.7700,0.7700,0.7600
KXBTC15M-26APR261245-45,5,0.7400,0.7500,0.7400
KXBTC15M-26APR261145-45,3,0.3100,0.3200,0.3100
KXBTC15M-26APR261145-45,4,0.2500,0.2500,0.2400
KXBTC15M-26APR261145-45,5,0.3400,0.3400,0.3300
KXBTC15M-26APR261200-00,3,0.3400,0.3400,0.3300
KXBTC15M-26APR261200-00,4,0.3100,0.3100,0.3000
KXBTC15M-26APR261200-00,5,0.4700,0.4700,0.4600
KXBTC15M-26APR261045-45,3,0.5500,0.5400,0.5200
KXBTC15M-26APR261045-45,4,0.5800,0.5900,0.5700
KXBTC15M-26APR261045-45,5,0.3500,0.3500,0.3400
KXBTC15M-26APR261130-30,3,0.7500,0.7500,0.7300
KXBTC15M-26APR261130-30,4,0.6700,0.6600,0.6500
KXBTC15M-26APR261130-30,5,0.5500,0.5600,0.5500
KXBTC15M-26APR261015-15,3,0.4000,0.4100,0.4000
KXBTC15M-26APR261015-15,4,0.4400,0.4400,0.4300
KXBTC15M-26APR261015-15,5,0.4000,0.4100,0.4000
KXBTC15M-26APR261030-30,3,0.6300,0.6400,0.6300
KXBTC15M-26APR261030-30,4,0.9000,0.8900,0.8800
KXBTC15M-26APR261030-30,5,0.9610,0.9610,0.9600
KXBTC15M-26APR260945-45,3,0.8900,0.9000,0.8900
KXBTC15M-26APR260945-45,4,0.9270,0.9140,0.9130
KXBTC15M-26APR260945-45,5,0.9000,0.9000,0.8900
KXBTC15M-26APR260930-30,3,0.3200,0.3200,0.3100
KXBTC15M-26APR260930-30,4,0.4000,0.4000,0.3900
KXBTC15M-26APR260930-30,5,0.2700,0.2800,0.2700
KXBTC15M-26APR261500-00,3,0.7500,0.7600,0.7500
KXBTC15M-26APR261500-00,4,0.6700,0.6800,0.6700
KXBTC15M-26APR261500-00,5,0.7400,0.7400,0.7300
KXBTC15M-26APR260915-15,3,0.3100,0.3100,0.3000
KXBTC15M-26APR260915-15,4,0.5700,0.5800,0.5700
KXBTC15M-26APR260915-15,5,0.5400,0.5400,0.5300
KXBTC15M-26APR260830-30,3,0.5400,0.5500,0.5400
KXBTC15M-26APR260830-30,4,0.5300,0.5500,0.5300
KXBTC15M-26APR260830-30,5,0.6100,0.6100,0.6000
KXBTC15M-26APR260900-00,3,0.0780,0.0800,0.0770
KXBTC15M-26APR260900-00,4,0.0770,0.0770,0.0740
KXBTC15M-26APR260900-00,5,0.1100,0.1100,0.1000
KXBTC15M-26APR261430-30,3,0.8200,0.8100,0.8000
KXBTC15M-26APR261430-30,4,0.7800,0.7800,0.7700
KXBTC15M-26APR261430-30,5,0.8300,0.8300,0.8200
KXBTC15M-26APR260745-45,3,0.3100,0.3100,0.3000
KXBTC15M-26APR260745-45,4,0.2500,0.2400,0.2300
KXBTC15M-26APR260745-45,5,0.1200,0.1200,0.1100
KXBTC15M-26APR260845-45,3,0.4900,0.5000,0.4900
KXBTC15M-26APR260845-45,4,0.4600,0.4800,0.4600
KXBTC15M-26APR260845-45,5,0.4600,0.4700,0.4600
KXBTC15M-26APR261330-30,3,0.6000,0.6000,0.5900
KXBTC15M-26APR261330-30,4,0.5200,0.5400,0.5200
KXBTC15M-26APR261330-30,5,0.5800,0.5800,0.5700
KXBTC15M-26APR260700-00,3,0.3400,0.3400,0.3300
KXBTC15M-26APR260700-00,4,0.2400,0.2400,0.2300
KXBTC15M-26APR260700-00,5,0.2800,0.3000,0.2900
KXBTC15M-26APR260715-15,3,0.7800,0.7800,0.7700
KXBTC15M-26APR260715-15,4,0.8100,0.8200,0.8100
KXBTC15M-26APR260715-15,5,0.8500,0.8500,0.8400
KXBTC15M-26APR261230-30,3,0.6300,0.6400,0.6300
KXBTC15M-26APR261230-30,4,0.7000,0.7000,0.6900
KXBTC15M-26APR261230-30,5,0.6500,0.6700,0.6600
KXBTC15M-26APR260615-15,3,0.2300,0.2300,0.2200
KXBTC15M-26APR260615-15,4,0.2000,0.2100,0.2000
KXBTC15M-26APR260615-15,5,0.1700,0.1700,0.1600
KXBTC15M-26APR260600-00,3,0.3100,0.3100,0.3000
KXBTC15M-26APR260600-00,4,0.3700,0.3800,0.3700
KXBTC15M-26APR260600-00,5,0.3800,0.3800,0.3700
KXBTC15M-26APR260545-45,3,0.2000,0.1900,0.1800
KXBTC15M-26APR260545-45,4,0.1600,0.1700,0.1600
KXBTC15M-26APR260545-45,5,0.1800,0.1800,0.1700
KXBTC15M-26APR260800-00,3,0.6200,0.6300,0.6200
KXBTC15M-26APR260800-00,4,0.6600,0.6600,0.6500
KXBTC15M-26APR260800-00,5,0.8000,0.8300,0.8200
KXBTC15M-26APR260500-00,3,0.5300,0.5300,0.5200
KXBTC15M-26APR260500-00,4,0.4400,0.4300,0.4200
KXBTC15M-26APR260500-00,5,0.4400,0.4400,0.4300
KXBTC15M-26APR260530-30,3,0.5200,0.5300,0.5200
KXBTC15M-26APR260530-30,4,0.3200,0.3200,0.3100
KXBTC15M-26APR260530-30,5,0.5600,0.5600,0.5400
KXBTC15M-26APR261000-00,3,0.3100,0.3300,0.3100
KXBTC15M-26APR261000-00,4,0.2800,0.2900,0.2800
KXBTC15M-26APR261000-00,5,0.1600,0.1600,0.1500
KXBTC15M-26APR260645-45,3,0.4300,0.4400,0.4300
KXBTC15M-26APR260645-45,4,0.5000,0.5000,0.4900
KXBTC15M-26APR260645-45,5,0.5300,0.5300,0.5200
KXBTC15M-26APR260445-45,3,0.7100,0.7200,0.7100
KXBTC15M-26APR260445-45,4,0.8200,0.8300,0.8200
KXBTC15M-26APR260445-45,5,0.9020,0.9080,0.9030
KXBTC15M-26APR260345-45,3,0.3900,0.3900,0.3800
KXBTC15M-26APR260345-45,4,0.3800,0.3900,0.3800
KXBTC15M-26APR260345-45,5,0.2800,0.2800,0.2700
KXBTC15M-26APR260630-30,3,0.4200,0.4300,0.4200
KXBTC15M-26APR260630-30,4,0.4300,0.4300,0.4200
KXBTC15M-26APR260630-30,5,0.4800,0.4700,0.4500
KXBTC15M-26APR260245-45,3,0.4600,0.4700,0.4600
KXBTC15M-26APR260245-45,4,0.4100,0.4000,0.3900
KXBTC15M-26APR260245-45,5,0.3600,0.3600,0.3500
KXBTC15M-26APR260230-30,3,0.1700,0.1700,0.1600
KXBTC15M-26APR260230-30,4,0.1100,0.1200,0.1100
KXBTC15M-26APR260230-30,5,0.1600,0.1600,0.1500
KXBTC15M-26APR260215-15,3,0.6400,0.6300,0.6200
KXBTC15M-26APR260215-15,4,0.8200,0.8200,0.8100
KXBTC15M-26APR260215-15,5,0.7100,0.7200,0.7100
KXBTC15M-26APR260300-00,3,0.1500,0.1500,0.1400
KXBTC15M-26APR260300-00,4,0.1300,0.1300,0.1200
KXBTC15M-26APR260300-00,5,0.0980,0.0960,0.0930
KXBTC15M-26APR260730-30,3,0.4700,0.4800,0.4700
KXBTC15M-26APR260730-30,4,0.4500,0.4600,0.4500
KXBTC15M-26APR260730-30,5,0.4000,0.4000,0.3900
KXBTC15M-26APR260200-00,3,0.4300,0.4400,0.4300
KXBTC15M-26APR260200-00,4,0.5300,0.5300,0.5200
KXBTC15M-26APR260200-00,5,0.5200,0.5200,0.5000
KXBTC15M-26APR260115-15,3,0.2000,0.1900,0.1800
KXBTC15M-26APR260115-15,4,0.2000,0.2100,0.2000
KXBTC15M-26APR260115-15,5,0.1800,0.1800,0.1700
KXBTC15M-26APR260400-00,3,0.4700,0.4800,0.4600
KXBTC15M-26APR260400-00,4,0.6400,0.6400,0.6300
KXBTC15M-26APR260400-00,5,0.7100,0.7200,0.7100
KXBTC15M-26APR260315-15,3,0.5100,0.5200,0.5100
KXBTC15M-26APR260315-15,4,0.5000,0.5000,0.4900
KXBTC15M-26APR260315-15,5,0.6400,0.6400,0.6300
KXBTC15M-26APR260000-00,3,0.4700,0.4700,0.4600
KXBTC15M-26APR260000-00,4,0.4600,0.4700,0.4600
KXBTC15M-26APR260000-00,5,0.4600,0.4600,0.4400
KXBTC15M-26APR260030-30,3,0.5300,0.5400,0.5300
KXBTC15M-26APR260030-30,4,0.6200,0.6300,0.6200
KXBTC15M-26APR260030-30,5,0.6000,0.5900,0.5800
KXBTC15M-26APR260015-15,3,0.4100,0.4500,0.4400
KXBTC15M-26APR260015-15,4,0.2600,0.2600,0.2500
KXBTC15M-26APR260015-15,5,0.3700,0.3800,0.3700
KXBTC15M-26APR252345-45,3,0.1300,0.1300,0.1200
KXBTC15M-26APR252345-45,4,0.0570,0.0600,0.0570
KXBTC15M-26APR252345-45,5,0.0480,0.0460,0.0420
KXBTC15M-26APR252300-00,3,0.2800,0.2900,0.2800
KXBTC15M-26APR252300-00,4,0.1600,0.1600,0.1500
KXBTC15M-26APR252300-00,5,0.2100,0.2100,0.2000
KXBTC15M-26APR252330-30,3,0.7000,0.7000,0.6900
KXBTC15M-26APR252330-30,4,0.4900,0.4700,0.4600
KXBTC15M-26APR252330-30,5,0.6900,0.6900,0.6800
KXBTC15M-26APR252230-30,3,0.4900,0.4900,0.4700
KXBTC15M-26APR252230-30,4,0.3400,0.3400,0.3300
KXBTC15M-26APR252230-30,5,0.6700,0.6800,0.6700
KXBTC15M-26APR260130-30,3,0.3400,0.3500,0.3400
KXBTC15M-26APR260130-30,4,0.5700,0.5800,0.5700
KXBTC15M-26APR260130-30,5,0.6400,0.6400,0.6300
KXBTC15M-26APR252145-45,3,0.4300,0.4400,0.4300
KXBTC15M-26APR252145-45,4,0.5700,0.5700,0.5600
KXBTC15M-26APR252145-45,5,0.7100,0.7200,0.7100
KXBTC15M-26APR252130-30,3,0.7200,0.7300,0.7200
KXBTC15M-26APR252130-30,4,0.3100,0.3200,0.3100
KXBTC15M-26APR252130-30,5,0.4300,0.4300,0.4200
KXBTC15M-26APR260330-30,3,0.4500,0.4500,0.4400
KXBTC15M-26APR260330-30,4,0.4400,0.4500,0.4400
KXBTC15M-26APR260330-30,5,0.5100,0.5200,0.5100
KXBTC15M-26APR252315-15,3,0.4600,0.4600,0.4400
KXBTC15M-26APR252315-15,4,0.4200,0.4300,0.4200
KXBTC15M-26APR252315-15,5,0.3200,0.3400,0.3300
KXBTC15M-26APR252115-15,3,0.4700,0.4800,0.4700
KXBTC15M-26APR252115-15,4,0.5400,0.5500,0.5400
KXBTC15M-26APR252115-15,5,0.3900,0.4000,0.3900
KXBTC15M-26APR252030-30,3,0.2300,0.2300,0.2200
KXBTC15M-26APR252030-30,4,0.1400,0.1400,0.1300
KXBTC15M-26APR252030-30,5,0.1100,0.1100,0.1000
KXBTC15M-26APR252245-45,3,0.5800,0.5800,0.5700
KXBTC15M-26APR252245-45,4,0.5300,0.5300,0.5200
KXBTC15M-26APR252245-45,5,0.5200,0.5300,0.5200
KXBTC15M-26APR252000-00,3,0.2600,0.2700,0.2600
KXBTC15M-26APR252000-00,4,0.3900,0.4200,0.4000
KXBTC15M-26APR252000-00,5,0.2900,0.3000,0.2900
KXBTC15M-26APR252215-15,3,0.8200,0.8200,0.8000
KXBTC15M-26APR252215-15,4,0.8600,0.8600,0.8500
KXBTC15M-26APR252215-15,5,0.8700,0.8800,0.8700
KXBTC15M-26APR252200-00,3,0.2300,0.2300,0.2200
KXBTC15M-26APR252200-00,4,0.1200,0.1300,0.1200
KXBTC15M-26APR252200-00,5,0.2600,0.2700,0.2600
KXBTC15M-26APR260100-00,3,0.9780,0.9730,0.9720
KXBTC15M-26APR260100-00,4,0.9650,0.9660,0.9650
KXBTC15M-26APR260100-00,5,0.9510,0.9510,0.9490
KXBTC15M-26APR251930-30,3,0.3000,0.3000,0.2900
KXBTC15M-26APR251930-30,4,0.6500,0.6600,0.6200
KXBTC15M-26APR251930-30,5,0.4100,0.4100,0.4000
KXBTC15M-26APR251830-30,3,0.5200,0.5200,0.4900
KXBTC15M-26APR251830-30,4,0.5200,0.5200,0.5100
KXBTC15M-26APR251830-30,5,0.5900,0.5900,0.5800
KXBTC15M-26APR251815-15,3,0.5500,0.5500,0.5400
KXBTC15M-26APR251815-15,4,0.6700,0.6800,0.6600
KXBTC15M-26APR251815-15,5,0.8200,0.8300,0.8200
KXBTC15M-26APR251800-00,3,0.8400,0.8500,0.8400
KXBTC15M-26APR251800-00,4,0.7600,0.7700,0.7600
KXBTC15M-26APR251800-00,5,0.5900,0.6000,0.5900
KXBTC15M-26APR251900-00,3,0.4700,0.4700,0.4600
KXBTC15M-26APR251900-00,4,0.3100,0.3100,0.2900
KXBTC15M-26APR251900-00,5,0.2200,0.2000,0.1900
KXBTC15M-26APR251700-00,3,0.6200,0.6200,0.6000
KXBTC15M-26APR251700-00,4,0.4800,0.4900,0.4800
KXBTC15M-26APR251700-00,5,0.4900,0.5000,0.4900
KXBTC15M-26APR251745-45,3,0.4300,0.4300,0.4200
KXBTC15M-26APR251745-45,4,0.2400,0.2500,0.2400
KXBTC15M-26APR251745-45,5,0.3100,0.3200,0.3100
KXBTC15M-26APR251645-45,3,0.3300,0.3300,0.3200
KXBTC15M-26APR251645-45,4,0.4200,0.4200,0.4100
KXBTC15M-26APR251645-45,5,0.4300,0.4300,0.4200
KXBTC15M-26APR251915-15,3,0.3000,0.3100,0.3000
KXBTC15M-26APR251915-15,4,0.6800,0.6900,0.6800
KXBTC15M-26APR251915-15,5,0.6400,0.6300,0.6200
KXBTC15M-26APR251600-00,3,0.7000,0.7000,0.6900
KXBTC15M-26APR251600-00,4,0.6900,0.7000,0.6900
KXBTC15M-26APR251600-00,5,0.7400,0.7500,0.7400
KXBTC15M-26APR251845-45,3,0.8900,0.9060,0.9020
KXBTC15M-26APR251845-45,4,0.9220,0.9230,0.9200
KXBTC15M-26APR251845-45,5,0.9320,0.9370,0.9320
KXBTC15M-26APR251615-15,3,0.5800,0.5900,0.5800
KXBTC15M-26APR251615-15,4,0.3600,0.3700,0.3600
KXBTC15M-26APR251615-15,5,0.3700,0.3600,0.3500
KXBTC15M-26APR251515-15,3,0.4100,0.4100,0.4000
KXBTC15M-26APR251515-15,4,0.3600,0.3600,0.3500
KXBTC15M-26APR251515-15,5,0.1300,0.1400,0.1300
KXBTC15M-26APR252100-00,3,0.6100,0.6000,0.5800
KXBTC15M-26APR252100-00,4,0.5100,0.5200,0.5100
KXBTC15M-26APR252100-00,5,0.6100,0.6000,0.5900
KXBTC15M-26APR251715-15,3,0.6900,0.6900,0.6800
KXBTC15M-26APR251715-15,4,0.7300,0.7500,0.7400
KXBTC15M-26APR251715-15,5,0.7500,0.7600,0.7500
KXBTC15M-26APR252015-15,3,0.5700,0.5700,0.5600
KXBTC15M-26APR252015-15,4,0.6300,0.6400,0.6300
KXBTC15M-26APR252015-15,5,0.0800,0.0740,0.0730
KXBTC15M-26APR251630-30,3,0.5300,0.5500,0.5400
KXBTC15M-26APR251630-30,4,0.7200,0.7300,0.7200
KXBTC15M-26APR251630-30,5,0.8000,0.8100,0.8000
KXBTC15M-26APR251945-45,3,0.5500,0.5500,0.5300
KXBTC15M-26APR251945-45,4,0.7600,0.7700,0.7600
KXBTC15M-26APR251945-45,5,0.6900,0.6900,0.6800
KXBTC15M-26APR251345-45,3,0.1500,0.1600,0.1500
KXBTC15M-26APR251345-45,4,0.2100,0.2100,0.2000
KXBTC15M-26APR251345-45,5,0.2600,0.2600,0.2500
KXBTC15M-26APR251315-15,3,0.3900,0.3900,0.3800
KXBTC15M-26APR251315-15,4,0.3500,0.3500,0.3400
KXBTC15M-26APR251315-15,5,0.2600,0.2700,0.2600
KXBTC15M-26APR251330-30,3,0.2500,0.2600,0.2500
KXBTC15M-26APR251330-30,4,0.2300,0.2400,0.2300
KXBTC15M-26APR251330-30,5,0.1800,0.1800,0.1600
KXBTC15M-26APR251300-00,3,0.6000,0.6000,0.5900
KXBTC15M-26APR251300-00,4,0.6600,0.6600,0.6400
KXBTC15M-26APR251300-00,5,0.7200,0.7400,0.7300
KXBTC15M-26APR251500-00,3,0.6700,0.6700,0.6600
KXBTC15M-26APR251500-00,4,0.3500,0.3500,0.3400
KXBTC15M-26APR251500-00,5,0.4600,0.4600,0.4500
KXBTC15M-26APR251430-30,3,0.5200,0.5200,0.5100
KXBTC15M-26APR251430-30,4,0.5300,0.5400,0.5300
KXBTC15M-26APR251430-30,5,0.5300,0.5300,0.5200
KXBTC15M-26APR251415-15,3,0.8200,0.8300,0.8200
KXBTC15M-26APR251415-15,4,0.8100,0.8000,0.7900
KXBTC15M-26APR251415-15,5,0.6100,0.6100,0.6000
KXBTC15M-26APR251730-30,3,0.4800,0.4900,0.4800
KXBTC15M-26APR251730-30,4,0.5600,0.5500,0.5400
KXBTC15M-26APR251730-30,5,0.6900,0.6800,0.6700
KXBTC15M-26APR251145-45,3,0.5000,0.5000,0.4900
KXBTC15M-26APR251145-45,4,0.5600,0.5600,0.5500
KXBTC15M-26APR251145-45,5,0.5600,0.5600,0.5500
KXBTC15M-26APR251100-00,3,0.4900,0.4900,0.4800
KXBTC15M-26APR251100-00,4,0.5000,0.5000,0.4900
KXBTC15M-26APR251100-00,5,0.4700,0.4600,0.4500
KXBTC15M-26APR251115-15,3,0.5600,0.5700,0.5600
KXBTC15M-26APR251115-15,4,0.6000,0.6000,0.5900
KXBTC15M-26APR251115-15,5,0.6400,0.6400,0.6300
KXBTC15M-26APR251245-45,3,0.1800,0.1800,0.1700
KXBTC15M-26APR251245-45,4,0.3800,0.4100,0.4000
KXBTC15M-26APR251245-45,5,0.4400,0.4400,0.4300
KXBTC15M-26APR251015-15,3,0.5600,0.5600,0.5500
KXBTC15M-26APR251015-15,4,0.1500,0.1500,0.1400
KXBTC15M-26APR251015-15,5,0.1200,0.1300,0.1200
KXBTC15M-26APR251545-45,3,0.2600,0.2700,0.2600
KXBTC15M-26APR251545-45,4,0.3000,0.3000,0.2900
KXBTC15M-26APR251545-45,5,0.3200,0.3200,0.3100
KXBTC15M-26APR251215-15,3,0.8300,0.8300,0.8200
KXBTC15M-26APR251215-15,4,0.8100,0.8200,0.8100
KXBTC15M-26APR251215-15,5,0.7800,0.7800,0.7700
KXBTC15M-26APR251000-00,3,0.8200,0.8200,0.8100
KXBTC15M-26APR251000-00,4,0.4900,0.4900,0.4800
KXBTC15M-26APR251000-00,5,0.5000,0.4900,0.4800
KXBTC15M-26APR251130-30,3,0.5300,0.5300,0.5200
KXBTC15M-26APR251130-30,4,0.5900,0.5900,0.5700
KXBTC15M-26APR251130-30,5,0.7500,0.7600,0.7500
KXBTC15M-26APR250845-45,3,0.2700,0.2800,0.2700
KXBTC15M-26APR250845-45,4,0.2200,0.2200,0.2100
KXBTC15M-26APR250845-45,5,0.1100,0.1100,0.1000
KXBTC15M-26APR250830-30,3,0.5600,0.5600,0.5500
KXBTC15M-26APR250830-30,4,0.3600,0.3800,0.3700
KXBTC15M-26APR250830-30,5,0.3600,0.3700,0.3600
KXBTC15M-26APR250815-15,3,0.2200,0.2300,0.2200
KXBTC15M-26APR250815-15,4,0.2300,0.2400,0.2300
KXBTC15M-26APR250815-15,5,0.2600,0.2600,0.2500
KXBTC15M-26APR251030-30,3,0.7800,0.7800,0.7700
KXBTC15M-26APR251030-30,4,0.6000,0.6000,0.5800
KXBTC15M-26APR251030-30,5,0.5800,0.5800,0.5700
KXBTC15M-26APR250745-45,3,0.3500,0.3400,0.3300
KXBTC15M-26APR250745-45,4,0.3000,0.3000,0.2900
KXBTC15M-26APR250745-45,5,0.1400,0.1300,0.1200
KXBTC15M-26APR250730-30,3,0.6100,0.6100,0.6000
KXBTC15M-26APR250730-30,4,0.4600,0.4600,0.4500
KXBTC15M-26APR250730-30,5,0.1700,0.1700,0.1600
KXBTC15M-26APR250715-15,3,0.2700,0.2700,0.2600
KXBTC15M-26APR250715-15,4,0.3300,0.3300,0.3200
KXBTC15M-26APR250715-15,5,0.2000,0.2000,0.1900
KXBTC15M-26APR250915-15,3,0.6400,0.6400,0.6300
KXBTC15M-26APR250915-15,4,0.6900,0.7000,0.6900
KXBTC15M-26APR250915-15,5,0.7900,0.7900,0.7800
KXBTC15M-26APR250900-00,3,0.5000,0.5100,0.5000
KXBTC15M-26APR250900-00,4,0.3600,0.3700,0.3600
KXBTC15M-26APR250900-00,5,0.5000,0.5000,0.4900
KXBTC15M-26APR250700-00,3,0.3200,0.3200,0.3100
KXBTC15M-26APR250700-00,4,0.3500,0.3500,0.3400
KXBTC15M-26APR250700-00,5,0.3300,0.3400,0.3300
KXBTC15M-26APR250615-15,3,0.6700,0.6900,0.6800
KXBTC15M-26APR250615-15,4,0.8100,0.8200,0.8100
KXBTC15M-26APR250615-15,5,0.8000,0.8000,0.7900
KXBTC15M-26APR250645-45,3,0.8800,0.8800,0.8700
KXBTC15M-26APR250645-45,4,0.8300,0.8400,0.8300
KXBTC15M-26APR250645-45,5,0.6500,0.6500,0.6400
KXBTC15M-26APR250530-30,3,0.4200,0.4200,0.4100
KXBTC15M-26APR250530-30,4,0.3600,0.3600,0.3500
KXBTC15M-26APR250530-30,5,0.5200,0.5200,0.5100
KXBTC15M-26APR250500-00,3,0.3300,0.3400,0.3300
KXBTC15M-26APR250500-00,4,0.2800,0.2800,0.2700
KXBTC15M-26APR250500-00,5,0.3000,0.3200,0.3100
KXBTC15M-26APR250545-45,3,0.5500,0.5600,0.5500
KXBTC15M-26APR250545-45,4,0.6600,0.6700,0.6600
KXBTC15M-26APR250545-45,5,0.6800,0.6900,0.6800
KXBTC15M-26APR250415-15,3,0.6100,0.6100,0.6000
KXBTC15M-26APR250415-15,4,0.4800,0.4800,0.4700
KXBTC15M-26APR250415-15,5,0.6800,0.6900,0.6800
KXBTC15M-26APR250445-45,3,0.8400,0.8500,0.8400
KXBTC15M-26APR250445-45,4,0.9120,0.9220,0.9160
KXBTC15M-26APR250445-45,5,0.9230,0.9260,0.9230
KXBTC15M-26APR250345-45,3,0.6100,0.6200,0.6100
KXBTC15M-26APR250345-45,4,0.8200,0.8200,0.8100
KXBTC15M-26APR250345-45,5,0.8300,0.8300,0.8200
KXBTC15M-26APR250630-30,3,0.6000,0.6100,0.6000
KXBTC15M-26APR250630-30,4,0.4300,0.4300,0.4200
KXBTC15M-26APR250630-30,5,0.6000,0.6000,0.5900
KXBTC15M-26APR250315-15,3,0.1600,0.1600,0.1500
KXBTC15M-26APR250315-15,4,0.0950,0.1100,0.1000
KXBTC15M-26APR250315-15,5,0.0980,0.1000,0.0970
KXBTC15M-26APR250330-30,3,0.7100,0.7200,0.7100
KXBTC15M-26APR250330-30,4,0.7500,0.7600,0.7500
KXBTC15M-26APR250330-30,5,0.7600,0.7700,0.7600
KXBTC15M-26APR250600-00,3,0.6000,0.6100,0.6000
KXBTC15M-26APR250600-00,4,0.6700,0.6800,0.6700
KXBTC15M-26APR250600-00,5,0.5300,0.5400,0.5300
KXBTC15M-26APR250515-15,3,0.3000,0.3000,0.2900
KXBTC15M-26APR250515-15,4,0.3000,0.3100,0.3000
KXBTC15M-26APR250515-15,5,0.2500,0.2600,0.2500
KXBTC15M-26APR250800-00,3,0.3100,0.3100,0.3000
KXBTC15M-26APR250800-00,4,0.4200,0.4300,0.4200
KXBTC15M-26APR250800-00,5,0.5000,0.5100,0.5000
KXBTC15M-26APR250230-30,3,0.4600,0.4600,0.4500
KXBTC15M-26APR250230-30,4,0.2500,0.2500,0.2400
KXBTC15M-26APR250230-30,5,0.1100,0.1100,0.1000
KXBTC15M-26APR250245-45,3,0.8100,0.8000,0.7900
KXBTC15M-26APR250245-45,4,0.9000,0.9000,0.8900
KXBTC15M-26APR250245-45,5,0.8000,0.8200,0.8100
KXBTC15M-26APR250130-30,3,0.5000,0.5000,0.4900
KXBTC15M-26APR250130-30,4,0.5900,0.5900,0.5800
KXBTC15M-26APR250130-30,5,0.6800,0.6800,0.6700
KXBTC15M-26APR250115-15,3,0.0880,0.0880,0.0870
KXBTC15M-26APR250115-15,4,0.0400,0.0400,0.0390
KXBTC15M-26APR250115-15,5,0.0740,0.0770,0.0760
KXBTC15M-26APR250100-00,3,0.4600,0.4700,0.4600
KXBTC15M-26APR250100-00,4,0.5000,0.4900,0.4800
KXBTC15M-26APR250100-00,5,0.5600,0.5700,0.5600
KXBTC15M-26APR250300-00,3,0.4400,0.4500,0.4400
KXBTC15M-26APR250300-00,4,0.4700,0.4900,0.4700
KXBTC15M-26APR250300-00,5,0.5400,0.5400,0.5300
KXBTC15M-26APR242345-45,3,0.6000,0.6100,0.6000
KXBTC15M-26APR242345-45,4,0.8100,0.8200,0.8100
KXBTC15M-26APR242345-45,5,0.9020,0.9100,0.9090
KXBTC15M-26APR250015-15,3,0.5500,0.5400,0.5300
KXBTC15M-26APR250015-15,4,0.5000,0.5100,0.5000
KXBTC15M-26APR250015-15,5,0.5700,0.5800,0.5700
KXBTC15M-26APR242245-45,3,0.5500,0.5500,0.5400
KXBTC15M-26APR242245-45,4,0.4900,0.5000,0.4900
KXBTC15M-26APR242245-45,5,0.5500,0.5600,0.5500
KXBTC15M-26APR242330-30,3,0.6000,0.6100,0.6000
KXBTC15M-26APR242330-30,4,0.7400,0.7500,0.7400
KXBTC15M-26APR242330-30,5,0.7800,0.7900,0.7800
KXBTC15M-26APR242215-15,3,0.3600,0.3600,0.3500
KXBTC15M-26APR242215-15,4,0.2300,0.2300,0.2200
KXBTC15M-26APR242215-15,5,0.3300,0.3300,0.3200
KXBTC15M-26APR250430-30,3,0.5700,0.5800,0.5700
KXBTC15M-26APR250430-30,4,0.3300,0.3300,0.3200
KXBTC15M-26APR250430-30,5,0.4400,0.4300,0.4200
KXBTC15M-26APR250400-00,3,0.3700,0.3800,0.3700
KXBTC15M-26APR250400-00,4,0.3100,0.3200,0.3100
KXBTC15M-26APR250400-00,5,0.4600,0.4500,0.4400
KXBTC15M-26APR242130-30,3,0.6000,0.6100,0.6000
KXBTC15M-26APR242130-30,4,0.6300,0.6400,0.6300
KXBTC15M-26APR242130-30,5,0.4900,0.5000,0.4900
KXBTC15M-26APR242200-00,3,0.8100,0.8100,0.8000
KXBTC15M-26APR242200-00,4,0.7800,0.7900,0.7800
KXBTC15M-26APR242200-00,5,0.5700,0.5900,0.5800
KXBTC15M-26APR242145-45,3,0.8100,0.8200,0.8100
KXBTC15M-26APR242145-45,4,0.8900,0.9000,0.8900
KXBTC15M-26APR242145-45,5,0.9100,0.9100,0.9080
KXBTC15M-26APR242045-45,3,0.7900,0.8000,0.7900
KXBTC15M-26APR242045-45,4,0.7500,0.7500,0.7400
KXBTC15M-26APR242045-45,5,0.8200,0.8300,0.8200
KXBTC15M-26APR242315-15,3,0.7000,0.7100,0.7000
KXBTC15M-26APR242315-15,4,0.8400,0.8500,0.8400
KXBTC15M-26APR242315-15,5,0.8500,0.8500,0.8400
KXBTC15M-26APR242015-15,3,0.8300,0.8200,0.8100
KXBTC15M-26APR242015-15,4,0.5200,0.5200,0.5100
KXBTC15M-26APR242015-15,5,0.6800,0.6800,0.6700
KXBTC15M-26APR242000-00,3,0.3100,0.3200,0.3100
KXBTC15M-26APR242000-00,4,0.3700,0.3700,0.3600
KXBTC15M-26APR242000-00,5,0.4800,0.4800,0.4700
KXBTC15M-26APR241945-45,3,0.6400,0.6500,0.6300
KXBTC15M-26APR241945-45,4,0.7600,0.7600,0.7500
KXBTC15M-26APR241945-45,5,0.6400,0.6400,0.6300
KXBTC15M-26APR250045-45,3,0.3900,0.4000,0.3900
KXBTC15M-26APR250045-45,4,0.3700,0.3800,0.3700
KXBTC15M-26APR250045-45,5,0.2500,0.2500,0.2400
KXBTC15M-26APR242115-15,3,0.7200,0.7200,0.7100
KXBTC15M-26APR242115-15,4,0.5500,0.5500,0.5400
KXBTC15M-26APR242115-15,5,0.5100,0.5200,0.5100
KXBTC15M-26APR241930-30,3,0.4200,0.4300,0.4200
KXBTC15M-26APR241930-30,4,0.5300,0.5400,0.5300
KXBTC15M-26APR241930-30,5,0.2100,0.2200,0.2100
KXBTC15M-26APR241845-45,3,0.1100,0.1100,0.1000
KXBTC15M-26APR241845-45,4,0.0840,0.0890,0.0870
KXBTC15M-26APR241845-45,5,0.0910,0.0910,0.0900
KXBTC15M-26APR250000-00,3,0.7500,0.7500,0.7400
KXBTC15M-26APR250000-00,4,0.5500,0.5700,0.5600
KXBTC15M-26APR250000-00,5,0.5700,0.5700,0.5600
KXBTC15M-26APR241815-15,3,0.7000,0.7100,0.7000
KXBTC15M-26APR241815-15,4,0.5200,0.5300,0.5200
KXBTC15M-26APR241815-15,5,0.5600,0.5700,0.5600
KXBTC15M-26APR241900-00,3,0.7200,0.7200,0.7100
KXBTC15M-26APR241900-00,4,0.6700,0.6700,0.6600
KXBTC15M-26APR241900-00,5,0.7100,0.7100,0.7000
KXBTC15M-26APR242300-00,3,0.4300,0.4400,0.4300
KXBTC15M-26APR242300-00,4,0.4900,0.5000,0.4900
KXBTC15M-26APR242300-00,5,0.4700,0.4800,0.4700
KXBTC15M-26APR241730-30,3,0.3500,0.3600,0.3500
KXBTC15M-26APR241730-30,4,0.4500,0.4600,0.4500
KXBTC15M-26APR241730-30,5,0.1900,0.1800,0.1700
KXBTC15M-26APR241745-45,3,0.4100,0.4200,0.4100
KXBTC15M-26APR241745-45,4,0.4000,0.4000,0.3800
KXBTC15M-26APR241745-45,5,0.2100,0.2100,0.2000
KXBTC15M-26APR241700-00,3,0.5900,0.6000,0.5900
KXBTC15M-26APR241700-00,4,0.6600,0.6700,0.6600
KXBTC15M-26APR241700-00,5,0.5900,0.6000,0.5900
KXBTC15M-26APR241715-15,3,0.4100,0.4200,0.4100
KXBTC15M-26APR241715-15,4,0.5900,0.6000,0.5900
KXBTC15M-26APR241715-15,5,0.5100,0.5100,0.5000
KXBTC15M-26APR241630-30,3,0.1700,0.1700,0.1600
KXBTC15M-26APR241630-30,4,0.1900,0.1900,0.1800
KXBTC15M-26APR241630-30,5,0.2100,0.2100,0.2000
KXBTC15M-26APR241830-30,3,0.4900,0.5000,0.4900
KXBTC15M-26APR241830-30,4,0.6300,0.6400,0.6300
KXBTC15M-26APR241830-30,5,0.4300,0.4200,0.4100
KXBTC15M-26APR242100-00,3,0.4700,0.4700,0.4500
KXBTC15M-26APR242100-00,4,0.4600,0.4600,0.4500
KXBTC15M-26APR242100-00,5,0.4000,0.4100,0.4000
KXBTC15M-26APR241500-00,3,0.6300,0.6300,0.6200
KXBTC15M-26APR241500-00,4,0.4800,0.4800,0.4700
KXBTC15M-26APR241500-00,5,0.5200,0.5300,0.5200
KXBTC15M-26APR242030-30,3,0.1200,0.1200,0.1100
KXBTC15M-26APR242030-30,4,0.1400,0.1600,0.1500
KXBTC15M-26APR242030-30,5,0.1700,0.1700,0.1600
KXBTC15M-26APR241530-30,3,0.6800,0.6900,0.6800
KXBTC15M-26APR241530-30,4,0.7000,0.7100,0.7000
KXBTC15M-26APR241530-30,5,0.8100,0.8200,0.8100
KXBTC15M-26APR241400-00,3,0.6700,0.6700,0.6500
KXBTC15M-26APR241400-00,4,0.5600,0.5700,0.5600
KXBTC15M-26APR241400-00,5,0.6200,0.6800,0.6100
KXBTC15M-26APR241345-45,3,0.3300,0.3400,0.3300
KXBTC15M-26APR241345-45,4,0.2600,0.2600,0.2500
KXBTC15M-26APR241345-45,5,0.3100,0.3100,0.3000
KXBTC15M-26APR241430-30,3,0.1100,0.1100,0.1000
KXBTC15M-26APR241430-30,4,0.1200,0.1200,0.1100
KXBTC15M-26APR241430-30,5,0.0900,0.0910,0.0900
KXBTC15M-26APR241315-15,3,0.2800,0.3100,0.3000
KXBTC15M-26APR241315-15,4,0.2000,0.2000,0.1900
KXBTC15M-26APR241315-15,5,0.1100,0.1100,0.1000
KXBTC15M-26APR241615-15,3,0.2500,0.2500,0.2400
KXBTC15M-26APR241615-15,4,0.2700,0.2700,0.2600
KXBTC15M-26APR241615-15,5,0.3200,0.3300,0.3200
KXBTC15M-26APR241915-15,3,0.5600,0.5700,0.5600
KXBTC15M-26APR241915-15,4,0.6400,0.6400,0.6300
KXBTC15M-26APR241915-15,5,0.6600,0.6700,0.6600
KXBTC15M-26APR241300-00,3,0.3500,0.3600,0.3500
KXBTC15M-26APR241300-00,4,0.2700,0.2600,0.2500
KXBTC15M-26APR241300-00,5,0.3500,0.3400,0.3300
KXBTC15M-26APR241445-45,3,0.6700,0.6900,0.6700
KXBTC15M-26APR241445-45,4,0.7700,0.7800,0.7700
KXBTC15M-26APR241445-45,5,0.8100,0.8200,0.8100
KXBTC15M-26APR241800-00,3,0.3500,0.3600,0.3500
KXBTC15M-26APR241800-00,4,0.4200,0.4300,0.4200
KXBTC15M-26APR241800-00,5,0.3100,0.3200,0.3100
KXBTC15M-26APR241215-15,3,0.2700,0.2800,0.2700
KXBTC15M-26APR241215-15,4,0.2800,0.2900,0.2800
KXBTC15M-26APR241215-15,5,0.2900,0.3000,0.2900
KXBTC15M-26APR241145-45,3,0.6600,0.6600,0.6500
KXBTC15M-26APR241145-45,4,0.5100,0.5200,0.5100
KXBTC15M-26APR241145-45,5,0.4300,0.4300,0.4200
KXBTC15M-26APR241100-00,3,0.2300,0.2400,0.2300
KXBTC15M-26APR241100-00,4,0.3400,0.3500,0.3400
KXBTC15M-26APR241100-00,5,0.3800,0.3800,0.3700
KXBTC15M-26APR241130-30,3,0.4900,0.5100,0.5000
KXBTC15M-26APR241130-30,4,0.4300,0.4300,0.4200
KXBTC15M-26APR241130-30,5,0.4900,0.4900,0.4800
KXBTC15M-26APR241645-45,3,0.6500,0.6500,0.6400
KXBTC15M-26APR241645-45,4,0.6400,0.6500,0.6400
KXBTC15M-26APR241645-45,5,0.7200,0.7400,0.7300
KXBTC15M-26APR241245-45,3,0.9040,0.9090,0.9030
KXBTC15M-26APR241245-45,4,0.9230,0.9230,0.9170
KXBTC15M-26APR241245-45,5,0.9330,0.9330,0.9310
KXBTC15M-26APR241600-00,3,0.2200,0.2300,0.2200
KXBTC15M-26APR241600-00,4,0.2200,0.2200,0.2100
KXBTC15M-26APR241600-00,5,0.2200,0.2200,0.2100
KXBTC15M-26APR241230-30,3,0.1600,0.1700,0.1600
KXBTC15M-26APR241230-30,4,0.1300,0.1500,0.1300
KXBTC15M-26APR241230-30,5,0.0980,0.1000,0.0950
KXBTC15M-26APR241015-15,3,0.1500,0.1600,0.1500
KXBTC15M-26APR241015-15,4,0.1300,0.1300,0.1200
KXBTC15M-26APR241015-15,5,0.0840,0.0850,0.0840
KXBTC15M-26APR241000-00,3,0.4200,0.4200,0.4100
KXBTC15M-26APR241000-00,4,0.3500,0.3600,0.3500
KXBTC15M-26APR241000-00,5,0.2600,0.2600,0.2500
KXBTC15M-26APR240945-45,3,0.4300,0.4300,0.4200
KXBTC15M-26APR240945-45,4,0.6200,0.6300,0.6200
KXBTC15M-26APR240945-45,5,0.5300,0.5300,0.5200
KXBTC15M-26APR241415-15,3,0.4900,0.5100,0.4800
KXBTC15M-26APR241415-15,4,0.5000,0.5000,0.4900
KXBTC15M-26APR241415-15,5,0.3000,0.3000,0.2900
KXBTC15M-26APR240900-00,3,0.6900,0.6900,0.6800
KXBTC15M-26APR240900-00,4,0.2700,0.2800,0.2700
KXBTC15M-26APR240900-00,5,0.1900,0.2000,0.1800
KXBTC15M-26APR240815-15,3,0.6300,0.6500,0.6300
KXBTC15M-26APR240815-15,4,0.4100,0.4200,0.4100
KXBTC15M-26APR240815-15,5,0.5100,0.5100,0.5000
KXBTC15M-26APR241330-30,3,0.2300,0.2400,0.2300
KXBTC15M-26APR241330-30,4,0.1800,0.1800,0.1700
KXBTC15M-26APR241330-30,5,0.1500,0.1500,0.1400
KXBTC15M-26APR240745-45,3,0.6900,0.7000,0.6900
KXBTC15M-26APR240745-45,4,0.7200,0.7300,0.7200
KXBTC15M-26APR240745-45,5,0.4600,0.4600,0.4500
KXBTC15M-26APR240730-30,3,0.3100,0.3200,0.3100
KXBTC15M-26APR240730-30,4,0.2500,0.2500,0.2400
KXBTC15M-26APR240730-30,5,0.2100,0.2100,0.2000
KXBTC15M-26APR240800-00,3,0.3400,0.3300,0.3200
KXBTC15M-26APR240800-00,4,0.2200,0.2300,0.2200
KXBTC15M-26APR240800-00,5,0.1900,0.1900,0.1800
KXBTC15M-26APR240930-30,3,0.4600,0.4700,0.4600
KXBTC15M-26APR240930-30,4,0.6700,0.6700,0.6600
KXBTC15M-26APR240930-30,5,0.6000,0.6000,0.5900
KXBTC15M-26APR240715-15,3,0.9100,0.9050,0.9030
KXBTC15M-26APR240715-15,4,0.9400,0.9470,0.9430
KXBTC15M-26APR240715-15,5,0.9800,0.9880,0.9870
KXBTC15M-26APR240700-00,3,0.7300,0.7300,0.7200
KXBTC15M-26APR240700-00,4,0.6400,0.6300,0.6200
KXBTC15M-26APR240700-00,5,0.7200,0.7200,0.7100
KXBTC15M-26APR240830-30,3,0.5900,0.6000,0.5900
KXBTC15M-26APR240830-30,4,0.4200,0.4200,0.4100
KXBTC15M-26APR240830-30,5,0.2900,0.3000,0.2900
KXBTC15M-26APR240530-30,3,0.5500,0.5600,0.5500
KXBTC15M-26APR240530-30,4,0.7900,0.8000,0.7900
KXBTC15M-26APR240530-30,5,0.6800,0.6800,0.6700
KXBTC15M-26APR240515-15,3,0.0970,0.0920,0.0910
KXBTC15M-26APR240515-15,4,0.1000,0.0990,0.0980
KXBTC15M-26APR240515-15,5,0.0560,0.0570,0.0560
KXBTC15M-26APR240615-15,3,0.4600,0.4800,0.4700
KXBTC15M-26APR240615-15,4,0.3700,0.3700,0.3600
KXBTC15M-26APR240615-15,5,0.1700,0.1700,0.1600
KXBTC15M-26APR240545-45,3,0.2600,0.2800,0.2700
KXBTC15M-26APR240545-45,4,0.4000,0.4100,0.4000
KXBTC15M-26APR240545-45,5,0.4300,0.4400,0.4300
KXBTC15M-26APR240500-00,3,0.8300,0.8300,0.8200
KXBTC15M-26APR240500-00,4,0.8900,0.9030,0.8900
KXBTC15M-26APR240500-00,5,0.8400,0.8400,0.8300
KXBTC15M-26APR240415-15,3,0.4800,0.4700,0.4600
KXBTC15M-26APR240415-15,4,0.2800,0.2900,0.2800
KXBTC15M-26APR240415-15,5,0.3800,0.3900,0.3800
KXBTC15M-26APR240645-45,3,0.4000,0.3900,0.3800
KXBTC15M-26APR240645-45,4,0.2800,0.2900,0.2800
KXBTC15M-26APR240645-45,5,0.5500,0.5500,0.5400
KXBTC15M-26APR240915-15,3,0.8500,0.8500,0.8400
KXBTC15M-26APR240915-15,4,0.8500,0.8600,0.8500
KXBTC15M-26APR240915-15,5,0.9220,0.9280,0.9230
KXBTC15M-26APR240330-30,3,0.2400,0.2400,0.2300
KXBTC15M-26APR240330-30,4,0.2000,0.2000,0.1900
KXBTC15M-26APR240330-30,5,0.1700,0.1700,0.1600
KXBTC15M-26APR240845-45,3,0.3700,0.3800,0.3700
KXBTC15M-26APR240845-45,4,0.2600,0.2700,0.2600
KXBTC15M-26APR240845-45,5,0.4200,0.4200,0.4100
KXBTC15M-26APR240300-00,3,0.4700,0.4800,0.4700
KXBTC15M-26APR240300-00,4,0.5800,0.5800,0.5700
KXBTC15M-26APR240300-00,5,0.7700,0.7800,0.7700
KXBTC15M-26APR240230-30,3,0.5700,0.5800,0.5700
KXBTC15M-26APR240230-30,4,0.7400,0.7500,0.7400
KXBTC15M-26APR240230-30,5,0.6200,0.6300,0.6200
KXBTC15M-26APR240445-45,3,0.2900,0.3000,0.2900
KXBTC15M-26APR240445-45,4,0.1800,0.1800,0.1700
KXBTC15M-26APR240445-45,5,0.1400,0.1400,0.1300
KXBTC15M-26APR240200-00,3,0.7500,0.7600,0.7500
KXBTC15M-26APR240200-00,4,0.7700,0.7800,0.7700
KXBTC15M-26APR240200-00,5,0.9360,0.9360,0.9340
KXBTC15M-26APR240215-15,3,0.4100,0.4200,0.4100
KXBTC15M-26APR240215-15,4,0.3600,0.3700,0.3600
KXBTC15M-26APR240215-15,5,0.3400,0.3500,0.3400
KXBTC15M-26APR240400-00,3,0.8200,0.8300,0.8200
KXBTC15M-26APR240400-00,4,0.8300,0.8300,0.8200
KXBTC15M-26APR240400-00,5,0.9050,0.9060,0.9040
KXBTC15M-26APR240100-00,3,0.8700,0.8800,0.8700
KXBTC15M-26APR240100-00,4,0.8700,0.8800,0.8700
KXBTC15M-26APR240100-00,5,0.9140,0.9120,0.9050
KXBTC15M-26APR240015-15,3,0.2900,0.3000,0.2900
KXBTC15M-26APR240015-15,4,0.2500,0.2500,0.2400
KXBTC15M-26APR240015-15,5,0.3800,0.4000,0.3800
KXBTC15M-26APR240315-15,3,0.4600,0.4600,0.4400
KXBTC15M-26APR240315-15,4,0.5100,0.5100,0.5000
KXBTC15M-26APR240315-15,5,0.6000,0.6100,0.6000
KXBTC15M-26APR240045-45,3,0.4400,0.4400,0.4300
KXBTC15M-26APR240045-45,4,0.3100,0.3100,0.3000
KXBTC15M-26APR240045-45,5,0.4500,0.4600,0.4500
KXBTC15M-26APR240245-45,3,0.2600,0.2500,0.2400
KXBTC15M-26APR240245-45,4,0.5500,0.5600,0.5500
KXBTC15M-26APR240245-45,5,0.2900,0.3000,0.2900
KXBTC15M-26APR240600-00,3,0.3600,0.3600,0.3500
KXBTC15M-26APR240600-00,4,0.2100,0.2100,0.2000
KXBTC15M-26APR240600-00,5,0.1700,0.1700,0.1600
KXBTC15M-26APR232330-30,3,0.1200,0.1200,0.1100
KXBTC15M-26APR232330-30,4,0.1400,0.1400,0.1300
KXBTC15M-26APR232330-30,5,0.0780,0.0760,0.0690
KXBTC15M-26APR240145-45,3,0.8300,0.8400,0.8300
KXBTC15M-26APR240145-45,4,0.8000,0.8000,0.7900
KXBTC15M-26APR240145-45,5,0.8600,0.8600,0.8500
KXBTC15M-26APR240430-30,3,0.8700,0.8800,0.8700
KXBTC15M-26APR240430-30,4,0.8800,0.8800,0.8700
KXBTC15M-26APR240430-30,5,0.9590,0.9600,0.9590
KXBTC15M-26APR232300-00,3,0.2000,0.2000,0.1900
KXBTC15M-26APR232300-00,4,0.3200,0.3300,0.3200
KXBTC15M-26APR232300-00,5,0.3500,0.3400,0.3300
KXBTC15M-26APR232245-45,3,0.7200,0.7200,0.7100
KXBTC15M-26APR232245-45,4,0.7300,0.7300,0.7200
KXBTC15M-26APR232245-45,5,0.8200,0.8300,0.8200
KXBTC15M-26APR240345-45,3,0.2600,0.2600,0.2500
KXBTC15M-26APR240345-45,4,0.2700,0.2700,0.2600
KXBTC15M-26APR240345-45,5,0.2000,0.2100,0.2000
KXBTC15M-26APR232215-15,3,0.8100,0.8200,0.8100
KXBTC15M-26APR232215-15,4,0.4700,0.4800,0.4700
KXBTC15M-26APR232215-15,5,0.3000,0.2900,0.2800
KXBTC15M-26APR232145-45,3,0.3100,0.3200,0.3100
KXBTC15M-26APR232145-45,4,0.3900,0.3900,0.3700
KXBTC15M-26APR232145-45,5,0.3400,0.3600,0.3500
KXBTC15M-26APR232100-00,3,0.7800,0.7900,0.7800
KXBTC15M-26APR232100-00,4,0.8300,0.8300,0.8200
KXBTC15M-26APR232100-00,5,0.7900,0.7900,0.7800
KXBTC15M-26APR232115-15,3,0.1700,0.1700,0.1600
KXBTC15M-26APR232115-15,4,0.1100,0.1200,0.1100
KXBTC15M-26APR232115-15,5,0.0730,0.0730,0.0720
KXBTC15M-26APR232030-30,3,0.6800,0.6900,0.6800
KXBTC15M-26APR232030-30,4,0.8100,0.8100,0.8000
KXBTC15M-26APR232030-30,5,0.8500,0.8600,0.8500
KXBTC15M-26APR232015-15,3,0.5200,0.5300,0.5200
KXBTC15M-26APR232015-15,4,0.1600,0.1600,0.1500
KXBTC15M-26APR232015-15,5,0.4700,0.4800,0.4700
KXBTC15M-26APR232045-45,3,0.5700,0.5700,0.5600
KXBTC15M-26APR232045-45,4,0.7000,0.7500,0.7400
KXBTC15M-26APR232045-45,5,0.8300,0.8300,0.8200
KXBTC15M-26APR231930-30,3,0.2500,0.2600,0.2500
KXBTC15M-26APR231930-30,4,0.3700,0.3700,0.3600
KXBTC15M-26APR231930-30,5,0.5000,0.5000,0.4900
KXBTC15M-26APR232000-00,3,0.5000,0.5100,0.5000
KXBTC15M-26APR232000-00,4,0.5300,0.5400,0.5300
KXBTC15M-26APR232000-00,5,0.6500,0.6500,0.6400
KXBTC15M-26APR231900-00,3,0.5700,0.5900,0.5800
KXBTC15M-26APR231900-00,4,0.4900,0.5000,0.4900
KXBTC15M-26APR231900-00,5,0.3500,0.3500,0.3400
KXBTC15M-26APR240000-00,3,0.8300,0.8400,0.8300
KXBTC15M-26APR240000-00,4,0.7100,0.7200,0.7100
KXBTC15M-26APR240000-00,5,0.8300,0.8400,0.8300
KXBTC15M-26APR232345-45,3,0.1000,0.1000,0.0960
KXBTC15M-26APR232345-45,4,0.0910,0.0980,0.0940
KXBTC15M-26APR232345-45,5,0.0930,0.1100,0.1000
KXBTC15M-26APR231845-45,3,0.6400,0.6500,0.6300
KXBTC15M-26APR231845-45,4,0.5600,0.5700,0.5600
KXBTC15M-26APR231845-45,5,0.8200,0.8200,0.8100
KXBTC15M-26APR231800-00,3,0.3000,0.3000,0.2900
KXBTC15M-26APR231800-00,4,0.3400,0.3500,0.3400
KXBTC15M-26APR231800-00,5,0.2800,0.2800,0.2700
KXBTC15M-26APR232315-15,3,0.3700,0.3800,0.3700
KXBTC15M-26APR232315-15,4,0.5300,0.5300,0.5100
KXBTC15M-26APR232315-15,5,0.3300,0.3300,0.3200
KXBTC15M-26APR231815-15,3,0.8200,0.8300,0.8200
KXBTC15M-26APR231815-15,4,0.8200,0.8300,0.8200
KXBTC15M-26APR231815-15,5,0.8800,0.8900,0.8800
KXBTC15M-26APR232230-30,3,0.3800,0.3900,0.3800
KXBTC15M-26APR232230-30,4,0.2400,0.2400,0.2300
KXBTC15M-26APR232230-30,5,0.2500,0.2500,0.2400
KXBTC15M-26APR231730-30,3,0.3200,0.3200,0.3100
KXBTC15M-26APR231730-30,4,0.3700,0.3800,0.3700
KXBTC15M-26APR231730-30,5,0.0650,0.0650,0.0640
KXBTC15M-26APR231645-45,3,0.9240,0.9210,0.9200
KXBTC15M-26APR231645-45,4,0.9030,0.9100,0.9030
KXBTC15M-26APR231645-45,5,0.9020,0.9050,0.9020
KXBTC15M-26APR231715-15,3,0.3600,0.3700,0.3600
KXBTC15M-26APR231715-15,4,0.2900,0.3000,0.2900
KXBTC15M-26APR231715-15,5,0.3600,0.3700,0.3600
KXBTC15M-26APR231700-00,3,0.3200,0.3200,0.3100
KXBTC15M-26APR231700-00,4,0.2200,0.2200,0.2100
KXBTC15M-26APR231700-00,5,0.3300,0.3400,0.3200
KXBTC15M-26APR232130-30,3,0.2600,0.2700,0.2600
KXBTC15M-26APR232130-30,4,0.1600,0.1600,0.1500
KXBTC15M-26APR232130-30,5,0.1200,0.1200,0.1100
KXBTC15M-26APR231545-45,3,0.1100,0.1200,0.1100
KXBTC15M-26APR231545-45,4,0.1100,0.1100,0.1000
KXBTC15M-26APR231545-45,5,0.0700,0.0710,0.0700
KXBTC15M-26APR231500-00,3,0.2300,0.2400,0.2300
KXBTC15M-26APR231500-00,4,0.1100,0.1100,0.1000
KXBTC15M-26APR231500-00,5,0.0480,0.0480,0.0430
KXBTC15M-26APR231530-30,3,0.7800,0.7900,0.7800
KXBTC15M-26APR231530-30,4,0.8100,0.8100,0.7900
KXBTC15M-26APR231530-30,5,0.8800,0.8900,0.8800
KXBTC15M-26APR231430-30,3,0.2800,0.3000,0.2900
KXBTC15M-26APR231430-30,4,0.2800,0.2800,0.2700
KXBTC15M-26APR231430-30,5,0.2800,0.2800,0.2700
KXBTC15M-26APR231445-45,3,0.7900,0.7900,0.7800
KXBTC15M-26APR231445-45,4,0.7100,0.7100,0.7000
KXBTC15M-26APR231445-45,5,0.7600,0.7700,0.7500
KXBTC15M-26APR231415-15,3,0.6800,0.6800,0.6700
KXBTC15M-26APR231415-15,4,0.5700,0.5700,0.5600
KXBTC15M-26APR231415-15,5,0.7400,0.7600,0.7500
KXBTC15M-26APR231630-30,3,0.3100,0.3200,0.3000
KXBTC15M-26APR231630-30,4,0.3600,0.3800,0.3600
KXBTC15M-26APR231630-30,5,0.3000,0.3000,0.2800
KXBTC15M-26APR231400-00,3,0.6900,0.7000,0.6900
KXBTC15M-26APR231400-00,4,0.7000,0.7100,0.7000
KXBTC15M-26APR231400-00,5,0.8400,0.8400,0.8300
KXBTC15M-26APR231600-00,3,0.7300,0.7300,0.7200
KXBTC15M-26APR231600-00,4,0.8200,0.8200,0.8100
KXBTC15M-26APR231600-00,5,0.6400,0.6500,0.6400
KXBTC15M-26APR231830-30,3,0.7500,0.7600,0.7500
KXBTC15M-26APR231830-30,4,0.9220,0.9230,0.9150
KXBTC15M-26APR231830-30,5,0.9370,0.9460,0.9370
KXBTC15M-26APR231330-30,3,0.1700,0.1800,0.1700
KXBTC15M-26APR231330-30,4,0.1300,0.1400,0.1300
KXBTC15M-26APR231330-30,5,0.0900,0.0910,0.0900
KXBTC15M-26APR231300-00,3,0.4500,0.4500,0.4400
KXBTC15M-26APR231300-00,4,0.4100,0.4200,0.4100
KXBTC15M-26APR231300-00,5,0.4800,0.4900,0.4800
KXBTC15M-26APR231745-45,3,0.9130,0.9130,0.9090
KXBTC15M-26APR231745-45,4,0.9030,0.9040,0.9030
KXBTC15M-26APR231745-45,5,0.9040,0.9050,0.9030
KXBTC15M-26APR231230-30,3,0.6400,0.6500,0.6400
KXBTC15M-26APR231230-30,4,0.7500,0.7600,0.7500
KXBTC15M-26APR231230-30,5,0.5500,0.5500,0.5300
KXBTC15M-26APR231200-00,3,0.1200,0.1200,0.1100
KXBTC15M-26APR231200-00,4,0.1500,0.1600,0.1500
KXBTC15M-26APR231200-00,5,0.0710,0.0730,0.0710
KXBTC15M-26APR231130-30,3,0.9400,0.9410,0.9400
KXBTC15M-26APR231130-30,4,0.9420,0.9510,0.9490
KXBTC15M-26APR231130-30,5,0.9720,0.9730,0.9720
KXBTC15M-26APR231045-45,3,0.5900,0.5900,0.5800
KXBTC15M-26APR231045-45,4,0.5300,0.5300,0.5100
KXBTC15M-26APR231045-45,5,0.6400,0.6500,0.6400
KXBTC15M-26APR231115-15,3,0.2200,0.2200,0.2100
KXBTC15M-26APR231115-15,4,0.1300,0.1300,0.1200
KXBTC15M-26APR231115-15,5,0.1900,0.2000,0.1900
KXBTC15M-26APR231245-45,3,0.7100,0.7200,0.7100
KXBTC15M-26APR231245-45,4,0.7700,0.7700,0.7600
KXBTC15M-26APR231245-45,5,0.8200,0.8300,0.8200
KXBTC15M-26APR231030-30,3,0.5100,0.5100,0.5000
KXBTC15M-26APR231030-30,4,0.4800,0.4800,0.4700
KXBTC15M-26APR231030-30,5,0.5700,0.5900,0.5700
KXBTC15M-26APR231015-15,3,0.6000,0.6100,0.6000
KXBTC15M-26APR231015-15,4,0.6800,0.6800,0.6700
KXBTC15M-26APR231015-15,5,0.7800,0.7800,0.7700
KXBTC15M-26APR230915-15,3,0.6300,0.6300,0.6200
KXBTC15M-26APR230915-15,4,0.4600,0.4600,0.4500
KXBTC15M-26APR230915-15,5,0.3000,0.3100,0.2900
KXBTC15M-26APR231515-15,3,0.3100,0.3300,0.3200
KXBTC15M-26APR231515-15,4,0.2200,0.2000,0.1900
KXBTC15M-26APR231515-15,5,0.3700,0.3900,0.3700
KXBTC15M-26APR231000-00,3,0.7200,0.7200,0.7100
KXBTC15M-26APR231000-00,4,0.6900,0.6900,0.6800
KXBTC15M-26APR231000-00,5,0.4600,0.4700,0.4600
KXBTC15M-26APR231100-00,3,0.6700,0.6700,0.6600
KXBTC15M-26APR231100-00,4,0.4300,0.4300,0.4000
KXBTC15M-26APR231100-00,5,0.5800,0.5900,0.5800
KXBTC15M-26APR231345-45,3,0.3700,0.3800,0.3700
KXBTC15M-26APR231345-45,4,0.5800,0.5900,0.5800
KXBTC15M-26APR231345-45,5,0.5300,0.5400,0.5300
KXBTC15M-26APR230845-45,3,0.5300,0.5200,0.5100
KXBTC15M-26APR230845-45,4,0.5500,0.5500,0.5400
KXBTC15M-26APR230845-45,5,0.6800,0.6900,0.6800
KXBTC15M-26APR230800-00,3,0.7500,0.7600,0.7500
KXBTC15M-26APR230800-00,4,0.6300,0.6400,0.6300
KXBTC15M-26APR230800-00,5,0.6300,0.6400,0.6300
KXBTC15M-26APR230715-15,3,0.7600,0.7600,0.7500
KXBTC15M-26APR230715-15,4,0.8200,0.8300,0.8200
KXBTC15M-26APR230715-15,5,0.6300,0.6400,0.6300
KXBTC15M-26APR230700-00,3,0.5700,0.5700,0.5600
KXBTC15M-26APR230700-00,4,0.4300,0.4400,0.4300
KXBTC15M-26APR230700-00,5,0.5000,0.5200,0.5000
KXBTC15M-26APR230945-45,3,0.5300,0.5300,0.5100
KXBTC15M-26APR230945-45,4,0.5500,0.5500,0.5400
KXBTC15M-26APR230945-45,5,0.5900,0.5800,0.5700
KXBTC15M-26APR230615-15,3,0.6500,0.6500,0.6400
KXBTC15M-26APR230615-15,4,0.4100,0.4100,0.4000
KXBTC15M-26APR230615-15,5,0.0700,0.0700,0.0570
KXBTC15M-26APR230900-00,3,0.1900,0.2000,0.1900
KXBTC15M-26APR230900-00,4,0.1800,0.1800,0.1700
KXBTC15M-26APR230900-00,5,0.1000,0.1100,0.1000
KXBTC15M-26APR230645-45,3,0.4000,0.4100,0.4000
KXBTC15M-26APR230645-45,4,0.6100,0.6200,0.6100
KXBTC15M-26APR230645-45,5,0.6700,0.6700,0.6600
KXBTC15M-26APR230745-45,3,0.3300,0.3300,0.3200
KXBTC15M-26APR230745-45,4,0.1800,0.1900,0.1800
KXBTC15M-26APR230745-45,5,0.5800,0.5800,0.5700
KXBTC15M-26APR230600-00,3,0.1300,0.1400,0.1300
KXBTC15M-26APR230600-00,4,0.0980,0.0980,0.0930
KXBTC15M-26APR230600-00,5,0.0620,0.0630,0.0590
KXBTC15M-26APR230515-15,3,0.0880,0.0880,0.0800
KXBTC15M-26APR230515-15,4,0.0280,0.0280,0.0240
KXBTC15M-26APR230515-15,5,0.0560,0.0560,0.0520
KXBTC15M-26APR230145-45,3,0.1200,0.1300,0.1200
KXBTC15M-26APR230145-45,4,0.2200,0.2300,0.2200
KXBTC15M-26APR230145-45,5,0.1500,0.1600,0.1500
KXBTC15M-26APR230130-30,3,0.2500,0.2600,0.2500
KXBTC15M-26APR230130-30,4,0.5200,0.5300,0.5200
KXBTC15M-26APR230130-30,5,0.4500,0.4500,0.4300
KXBTC15M-26APR230200-00,3,0.8800,0.8800,0.8700
KXBTC15M-26APR230200-00,4,0.9320,0.9350,0.9320
KXBTC15M-26APR230200-00,5,0.9550,0.9550,0.9540
KXBTC15M-26APR230100-00,3,0.3900,0.3900,0.3700
KXBTC15M-26APR230100-00,4,0.4500,0.4600,0.4500
KXBTC15M-26APR230100-00,5,0.2900,0.3000,0.2900
KXBTC15M-26APR230930-30,3,0.2700,0.2900,0.2800
KXBTC15M-26APR230930-30,4,0.4200,0.4300,0.4200
KXBTC15M-26APR230930-30,5,0.4000,0.4000,0.3900
KXBTC15M-26APR230545-45,3,0.8300,0.8300,0.8200
KXBTC15M-26APR230545-45,4,0.8200,0.8200,0.8100
KXBTC15M-26APR230545-45,5,0.7600,0.7700,0.7600
KXBTC15M-26APR230530-30,3,0.7700,0.7700,0.7600
KXBTC15M-26APR230530-30,4,0.8200,0.8200,0.8100
KXBTC15M-26APR230530-30,5,0.7400,0.7400,0.7300
KXBTC15M-26APR230830-30,3,0.2200,0.2400,0.2300
KXBTC15M-26APR230830-30,4,0.2300,0.2300,0.2200
KXBTC15M-26APR230830-30,5,0.2100,0.2100,0.2000
KXBTC15M-26APR230015-15,3,0.4000,0.4100,0.4000
KXBTC15M-26APR230015-15,4,0.6000,0.6100,0.6000
KXBTC15M-26APR230015-15,5,0.4200,0.4200,0.4100
KXBTC15M-26APR230000-00,3,0.4500,0.4600,0.4500
KXBTC15M-26APR230000-00,4,0.5300,0.5300,0.5200
KXBTC15M-26APR230000-00,5,0.7100,0.7300,0.7100
KXBTC15M-26APR230730-30,3,0.7100,0.7300,0.7200
KXBTC15M-26APR230730-30,4,0.6500,0.6700,0.6600
KXBTC15M-26APR230730-30,5,0.8400,0.8500,0.8400
KXBTC15M-26APR222230-30,3,0.4300,0.4300,0.4200
KXBTC15M-26APR222230-30,4,0.2100,0.2000,0.1900
KXBTC15M-26APR222230-30,5,0.3800,0.4100,0.3900
KXBTC15M-26APR222200-00,3,0.4700,0.4800,0.4700
KXBTC15M-26APR222200-00,4,0.7800,0.7900,0.7700
KXBTC15M-26APR222200-00,5,0.6700,0.6800,0.6700
KXBTC15M-26APR222315-15,3,0.6200,0.6200,0.6100
KXBTC15M-26APR222315-15,4,0.5500,0.5600,0.5500
KXBTC15M-26APR222315-15,5,0.3100,0.3100,0.3000
KXBTC15M-26APR230630-30,3,0.7300,0.7400,0.7300
KXBTC15M-26APR230630-30,4,0.8200,0.8100,0.8000
KXBTC15M-26APR230630-30,5,0.9200,0.9190,0.9180
KXBTC15M-26APR222145-45,3,0.3900,0.3900,0.3800
KXBTC15M-26APR222145-45,4,0.4900,0.4900,0.4800
KXBTC15M-26APR222145-45,5,0.6100,0.6100,0.6000
KXBTC15M-26APR222100-00,3,0.2600,0.2700,0.2600
KXBTC15M-26APR222100-00,4,0.4000,0.4100,0.4000
KXBTC15M-26APR222100-00,5,0.2900,0.3000,0.2900
KXBTC15M-26APR222130-30,3,0.2600,0.2600,0.2500
KXBTC15M-26APR222130-30,4,0.2100,0.2200,0.2100
KXBTC15M-26APR222130-30,5,0.1800,0.1900,0.1800
KXBTC15M-26APR222115-15,3,0.2900,0.3000,0.2900
KXBTC15M-26APR222115-15,4,0.2800,0.2800,0.2700
KXBTC15M-26APR222115-15,5,0.3200,0.3200,0.3100
KXBTC15M-26APR222015-15,3,0.9540,0.9540,0.9530
KXBTC15M-26APR222015-15,4,0.9250,0.9230,0.9220
KXBTC15M-26APR222015-15,5,0.8900,0.9050,0.8900
KXBTC15M-26APR222245-45,3,0.3900,0.3800,0.3700
KXBTC15M-26APR222245-45,4,0.4100,0.4100,0.4000
KXBTC15M-26APR222245-45,5,0.6300,0.6300,0.6100
KXBTC15M-26APR221945-45,3,0.2800,0.2800,0.2700
KXBTC15M-26APR221945-45,4,0.1900,0.2000,0.1900
KXBTC15M-26APR221945-45,5,0.3100,0.3200,0.3100
KXBTC15M-26APR230115-15,3,0.7300,0.7400,0.7300
KXBTC15M-26APR230115-15,4,0.8300,0.8300,0.8200
KXBTC15M-26APR230115-15,5,0.7200,0.7400,0.7200
KXBTC15M-26APR222000-00,3,0.7400,0.7400,0.7300
KXBTC15M-26APR222000-00,4,0.5600,0.5600,0.5500
KXBTC15M-26APR222000-00,5,0.6600,0.6700,0.6600
KXBTC15M-26APR221930-30,3,0.3900,0.4000,0.3700
KXBTC15M-26APR221930-30,4,0.3700,0.3700,0.3600
KXBTC15M-26APR221930-30,5,0.1900,0.2000,0.1900
KXBTC15M-26APR221900-00,3,0.2600,0.2600,0.2500
KXBTC15M-26APR221900-00,4,0.4300,0.4300,0.4200
KXBTC15M-26APR221900-00,5,0.4200,0.4400,0.4200
KXBTC15M-26APR221815-15,3,0.2400,0.2300,0.2200
KXBTC15M-26APR221815-15,4,0.4300,0.4300,0.4200
KXBTC15M-26APR221815-15,5,0.3400,0.3400,0.3300
KXBTC15M-26APR221830-30,3,0.1100,0.1200,0.1100
KXBTC15M-26APR221830-30,4,0.0600,0.0600,0.0590
KXBTC15M-26APR221830-30,5,0.0250,0.0260,0.0250
KXBTC15M-26APR222030-30,3,0.6600,0.6600,0.6400
KXBTC15M-26APR222030-30,4,0.9230,0.9350,0.9230
KXBTC15M-26APR222030-30,5,0.8500,0.8500,0.8400
KXBTC15M-26APR221800-00,3,0.8000,0.8100,0.8000
KXBTC15M-26APR221800-00,4,0.7700,0.7700,0.7600
KXBTC15M-26APR221800-00,5,0.7200,0.7300,0.7200
KXBTC15M-26APR221715-15,3,0.8400,0.8500,0.8400
KXBTC15M-26APR221715-15,4,0.9100,0.9220,0.9100
KXBTC15M-26APR221715-15,5,0.9210,0.9380,0.9330
KXBTC15M-26APR221730-30,3,0.5400,0.5500,0.5400
KXBTC15M-26APR221730-30,4,0.4900,0.5000,0.4900
KXBTC15M-26APR221730-30,5,0.6500,0.6600,0.6500
KXBTC15M-26APR222215-15,3,0.2100,0.2100,0.2000
KXBTC15M-26APR222215-15,4,0.1900,0.1900,0.1800
KXBTC15M-26APR222215-15,5,0.1300,0.1300,0.1200
KXBTC15M-26APR221845-45,3,0.5200,0.5200,0.5100
KXBTC15M-26APR221845-45,4,0.2800,0.2800,0.2700
KXBTC15M-26APR221845-45,5,0.4900,0.4900,0.4800
KXBTC15M-26APR221700-00,3,0.3500,0.3700,0.3600
KXBTC15M-26APR221700-00,4,0.3500,0.3500,0.3400
KXBTC15M-26APR221700-00,5,0.3100,0.3100,0.3000
KXBTC15M-26APR221645-45,3,0.4000,0.4000,0.3900
KXBTC15M-26APR221645-45,4,0.2800,0.2800,0.2700
KXBTC15M-26APR221645-45,5,0.2100,0.2100,0.2000
KXBTC15M-26APR222045-45,3,0.3800,0.3800,0.3700
KXBTC15M-26APR222045-45,4,0.5600,0.5700,0.5600
KXBTC15M-26APR222045-45,5,0.5300,0.5400,0.5300
KXBTC15M-26APR221530-30,3,0.6500,0.6600,0.6500
KXBTC15M-26APR221530-30,4,0.7800,0.7900,0.7800
KXBTC15M-26APR221530-30,5,0.8400,0.8400,0.8200
KXBTC15M-26APR221515-15,3,0.0970,0.0930,0.0880
KXBTC15M-26APR221515-15,4,0.0970,0.0910,0.0900
KXBTC15M-26APR221515-15,5,0.1100,0.1100,0.1000
KXBTC15M-26APR221745-45,3,0.8600,0.8600,0.8500
KXBTC15M-26APR221745-45,4,0.9390,0.9400,0.9350
KXBTC15M-26APR221745-45,5,0.9370,0.9380,0.9370
KXBTC15M-26APR221500-00,3,0.7200,0.7200,0.7100
KXBTC15M-26APR221500-00,4,0.8900,0.8900,0.8800
KXBTC15M-26APR221500-00,5,0.8900,0.9000,0.8900
KXBTC15M-26APR221630-30,3,0.4000,0.4100,0.4000
KXBTC15M-26APR221630-30,4,0.1700,0.1700,0.1600
KXBTC15M-26APR221630-30,5,0.0680,0.0680,0.0600
KXBTC15M-26APR221915-15,3,0.1200,0.1200,0.1100
KXBTC15M-26APR221915-15,4,0.1400,0.1400,0.1300
KXBTC15M-26APR221915-15,5,0.0950,0.0950,0.0900
KXBTC15M-26APR221345-45,3,0.5600,0.5800,0.5700
KXBTC15M-26APR221345-45,4,0.3400,0.3400,0.3300
KXBTC15M-26APR221345-45,5,0.3200,0.3100,0.3000
KXBTC15M-26APR221245-45,3,0.6100,0.6200,0.6100
KXBTC15M-26APR221245-45,4,0.6100,0.6200,0.6100
KXBTC15M-26APR221245-45,5,0.5300,0.5400,0.5300
KXBTC15M-26APR221230-30,3,0.3200,0.3200,0.3100
KXBTC15M-26APR221230-30,4,0.3000,0.3000,0.2900
KXBTC15M-26APR221230-30,5,0.3500,0.3500,0.3300
KXBTC15M-26APR221315-15,3,0.8500,0.8500,0.8400
KXBTC15M-26APR221315-15,4,0.8600,0.8600,0.8500
KXBTC15M-26APR221315-15,5,0.9110,0.9030,0.9020
KXBTC15M-26APR221215-15,3,0.7300,0.7400,0.7300
KXBTC15M-26APR221215-15,4,0.8400,0.8500,0.8400
KXBTC15M-26APR221215-15,5,0.7600,0.7700,0.7600
KXBTC15M-26APR221445-45,3,0.4600,0.4600,0.4500
KXBTC15M-26APR221445-45,4,0.3400,0.3500,0.3400
KXBTC15M-26APR221445-45,5,0.4300,0.4500,0.4400
KXBTC15M-26APR221130-30,3,0.5200,0.5200,0.5100
KXBTC15M-26APR221130-30,4,0.5700,0.5800,0.5700
KXBTC15M-26APR221130-30,5,0.6100,0.6300,0.6000
KXBTC15M-26APR221330-30,3,0.1400,0.1400,0.1300
KXBTC15M-26APR221330-30,4,0.1600,0.1600,0.1500
KXBTC15M-26APR221330-30,5,0.1200,0.1200,0.1100
KXBTC15M-26APR221400-00,3,0.5100,0.5100,0.5000
KXBTC15M-26APR221400-00,4,0.6100,0.6200,0.6100
KXBTC15M-26APR221400-00,5,0.5600,0.5700,0.5600
KXBTC15M-26APR221115-15,3,0.3600,0.3600,0.3500
KXBTC15M-26APR221115-15,4,0.2500,0.2500,0.2400
KXBTC15M-26APR221115-15,5,0.1800,0.1900,0.1800
KXBTC15M-26APR221030-30,3,0.2300,0.2400,0.2300
KXBTC15M-26APR221030-30,4,0.1600,0.1600,0.1500
KXBTC15M-26APR221030-30,5,0.2000,0.2000,0.1900
KXBTC15M-26APR221045-45,3,0.1300,0.1400,0.1300
KXBTC15M-26APR221045-45,4,0.1000,0.1100,0.1000
KXBTC15M-26APR221045-45,5,0.0670,0.0650,0.0600
KXBTC15M-26APR221015-15,3,0.6200,0.6300,0.6200
KXBTC15M-26APR221015-15,4,0.6600,0.6500,0.6300
KXBTC15M-26APR221015-15,5,0.2900,0.3100,0.2900
KXBTC15M-26APR221615-15,3,0.5100,0.5200,0.5100
KXBTC15M-26APR221615-15,4,0.5600,0.5600,0.5500
KXBTC15M-26APR221615-15,5,0.4100,0.4200,0.4100
KXBTC15M-26APR220915-15,3,0.6700,0.6800,0.6700
KXBTC15M-26APR220915-15,4,0.6900,0.6900,0.6800
KXBTC15M-26APR220915-15,5,0.7700,0.7700,0.7600
KXBTC15M-26APR220900-00,3,0.5300,0.5300,0.5200
KXBTC15M-26APR220900-00,4,0.4500,0.4600,0.4500
KXBTC15M-26APR220900-00,5,0.5500,0.5500,0.5400
KXBTC15M-26APR221100-00,3,0.7400,0.7400,0.7300
KXBTC15M-26APR221100-00,4,0.8500,0.8500,0.8400
KXBTC15M-26APR221100-00,5,0.9020,0.9090,0.9050
KXBTC15M-26APR220830-30,3,0.4300,0.4400,0.4300
KXBTC15M-26APR220830-30,4,0.3200,0.3200,0.3100
KXBTC15M-26APR220830-30,5,0.2800,0.2900,0.2800
KXBTC15M-26APR221430-30,3,0.5300,0.5400,0.5300
KXBTC15M-26APR221430-30,4,0.4700,0.4700,0.4500
KXBTC15M-26APR221430-30,5,0.3500,0.3500,0.3400
KXBTC15M-26APR221000-00,3,0.5200,0.5200,0.5100
KXBTC15M-26APR221000-00,4,0.6200,0.6200,0.6100
KXBTC15M-26APR221000-00,5,0.6100,0.6300,0.6100
KXBTC15M-26APR220815-15,3,0.7700,0.7900,0.7700
KXBTC15M-26APR220815-15,4,0.6300,0.6300,0.6200
KXBTC15M-26APR220815-15,5,0.3300,0.3300,0.3200
KXBTC15M-26APR220745-45,3,0.4700,0.4700,0.4600
KXBTC15M-26APR220745-45,4,0.6700,0.6800,0.6700
KXBTC15M-26APR220745-45,5,0.4000,0.4000,0.3900
KXBTC15M-26APR220945-45,3,0.6000,0.6200,0.6100
KXBTC15M-26APR220945-45,4,0.5100,0.5000,0.4900
KXBTC15M-26APR220945-45,5,0.2900,0.2900,0.2800
KXBTC15M-26APR220930-30,3,0.6000,0.5900,0.5800
KXBTC15M-26APR220930-30,4,0.6900,0.6900,0.6800
KXBTC15M-26APR220930-30,5,0.6500,0.6500,0.6400
KXBTC15M-26APR220700-00,3,0.4400,0.4400,0.4300
KXBTC15M-26APR220700-00,4,0.4700,0.4700,0.4600
KXBTC15M-26APR220700-00,5,0.4100,0.4000,0.3900
KXBTC15M-26APR220845-45,3,0.5700,0.5800,0.5700
KXBTC15M-26APR220845-45,4,0.5900,0.6000,0.5900
KXBTC15M-26APR220845-45,5,0.5100,0.5100,0.5000
KXBTC15M-26APR220615-15,3,0.2900,0.2900,0.2800
KXBTC15M-26APR220615-15,4,0.3100,0.3100,0.3000
KXBTC15M-26APR220615-15,5,0.3000,0.3200,0.3100
KXBTC15M-26APR220630-30,3,0.4600,0.4700,0.4600
KXBTC15M-26APR220630-30,4,0.4600,0.4700,0.4600
KXBTC15M-26APR220630-30,5,0.4600,0.4700,0.4600
KXBTC15M-26APR220800-00,3,0.6600,0.6800,0.6600
KXBTC15M-26APR220800-00,4,0.8500,0.8500,0.8400
KXBTC15M-26APR220800-00,5,0.7100,0.7100,0.7000
KXBTC15M-26APR220600-00,3,0.3200,0.3300,0.3200
KXBTC15M-26APR220600-00,4,0.3400,0.3400,0.3300
KXBTC15M-26APR220600-00,5,0.3900,0.3900,0.3800
KXBTC15M-26APR220730-30,3,0.7700,0.7700,0.7600
KXBTC15M-26APR220730-30,4,0.6700,0.6700,0.6600
KXBTC15M-26APR220730-30,5,0.7600,0.7600,0.7500
KXBTC15M-26APR220500-00,3,0.5100,0.5100,0.5000
KXBTC15M-26APR220500-00,4,0.5100,0.5300,0.5000
KXBTC15M-26APR220500-00,5,0.6000,0.6000,0.5900
KXBTC15M-26APR220645-45,3,0.7900,0.8000,0.7900
KXBTC15M-26APR220645-45,4,0.8700,0.8700,0.8600
KXBTC15M-26APR220645-45,5,0.8700,0.8600,0.8500
KXBTC15M-26APR220430-30,3,0.5000,0.5100,0.5000
KXBTC15M-26APR220430-30,4,0.4900,0.4900,0.4800
KXBTC15M-26APR220430-30,5,0.5800,0.5900,0.5800
KXBTC15M-26APR220315-15,3,0.5300,0.5300,0.5200
KXBTC15M-26APR220315-15,4,0.5200,0.5200,0.5100
KXBTC15M-26APR220315-15,5,0.6100,0.6300,0.6200
KXBTC15M-26APR220400-00,3,0.4800,0.4900,0.4800
KXBTC15M-26APR220400-00,4,0.3300,0.3300,0.3200
KXBTC15M-26APR220400-00,5,0.4600,0.4600,0.4500
KXBTC15M-26APR220245-45,3,0.5800,0.5900,0.5800
KXBTC15M-26APR220245-45,4,0.5100,0.5100,0.5000
KXBTC15M-26APR220245-45,5,0.5500,0.5700,0.5600
KXBTC15M-26APR220515-15,3,0.2200,0.2300,0.2200
KXBTC15M-26APR220515-15,4,0.2700,0.2600,0.2500
KXBTC15M-26APR220515-15,5,0.2400,0.2500,0.2400
KXBTC15M-26APR220200-00,3,0.3700,0.3700,0.3600
KXBTC15M-26APR220200-00,4,0.3700,0.3700,0.3600
KXBTC15M-26APR220200-00,5,0.2500,0.2500,0.2400
KXBTC15M-26APR220445-45,3,0.3600,0.3600,0.3500
KXBTC15M-26APR220445-45,4,0.4000,0.3900,0.3800
KXBTC15M-26APR220445-45,5,0.4200,0.4200,0.4100
KXBTC15M-26APR220215-15,3,0.3600,0.3600,0.3500
KXBTC15M-26APR220215-15,4,0.3600,0.3700,0.3500
KXBTC15M-26APR220215-15,5,0.3800,0.3900,0.3800
KXBTC15M-26APR220715-15,3,0.9000,0.9000,0.8900
KXBTC15M-26APR220715-15,4,0.7600,0.7800,0.7700
KXBTC15M-26APR220715-15,5,0.8700,0.8800,0.8700
KXBTC15M-26APR220415-15,3,0.4800,0.4900,0.4800
KXBTC15M-26APR220415-15,4,0.5400,0.5500,0.5400
KXBTC15M-26APR220415-15,5,0.6500,0.6600,0.6500
KXBTC15M-26APR220330-30,3,0.1400,0.1400,0.1300
KXBTC15M-26APR220330-30,4,0.1200,0.1400,0.1300
KXBTC15M-26APR220330-30,5,0.0530,0.0530,0.0510
KXBTC15M-26APR220100-00,3,0.5500,0.5600,0.5500
KXBTC15M-26APR220100-00,4,0.3200,0.3200,0.3100
KXBTC15M-26APR220100-00,5,0.3100,0.3100,0.3000
KXBTC15M-26APR220300-00,3,0.5100,0.5100,0.5000
KXBTC15M-26APR220300-00,4,0.4800,0.4800,0.4700
KXBTC15M-26APR220300-00,5,0.6600,0.6700,0.6600
KXBTC15M-26APR220230-30,3,0.4600,0.4600,0.4500
KXBTC15M-26APR220230-30,4,0.4600,0.4700,0.4600
KXBTC15M-26APR220230-30,5,0.5800,0.5800,0.5700
KXBTC15M-26APR212330-30,3,0.1800,0.1800,0.1700
KXBTC15M-26APR212330-30,4,0.1200,0.1200,0.1100
KXBTC15M-26APR212330-30,5,0.1400,0.1400,0.1300
KXBTC15M-26APR220145-45,3,0.5400,0.5400,0.5200
KXBTC15M-26APR220145-45,4,0.3500,0.3500,0.3400
KXBTC15M-26APR220145-45,5,0.4600,0.4600,0.4500
KXBTC15M-26APR212345-45,3,0.2500,0.2500,0.2400
KXBTC15M-26APR212345-45,4,0.2000,0.2000,0.1900
KXBTC15M-26APR212345-45,5,0.1800,0.1800,0.1700
KXBTC15M-26APR212245-45,3,0.2300,0.2400,0.2300
KXBTC15M-26APR212245-45,4,0.3400,0.3400,0.3200
KXBTC15M-26APR212245-45,5,0.4700,0.4800,0.4700
KXBTC15M-26APR220045-45,3,0.4900,0.5100,0.4900
KXBTC15M-26APR220045-45,4,0.5000,0.5000,0.4900
KXBTC15M-26APR220045-45,5,0.4700,0.4900,0.4800
KXBTC15M-26APR212215-15,3,0.2700,0.2800,0.2700
KXBTC15M-26APR212215-15,4,0.4500,0.4600,0.4400
KXBTC15M-26APR212215-15,5,0.3500,0.3500,0.3400
KXBTC15M-26APR220030-30,3,0.3200,0.3200,0.3100
KXBTC15M-26APR220030-30,4,0.2800,0.2900,0.2700
KXBTC15M-26APR220030-30,5,0.0980,0.0980,0.0950
KXBTC15M-26APR220015-15,3,0.4200,0.4300,0.4200
KXBTC15M-26APR220015-15,4,0.6700,0.6700,0.6600
KXBTC15M-26APR220015-15,5,0.6900,0.7100,0.7000
KXBTC15M-26APR212200-00,3,0.5300,0.5300,0.5100
KXBTC15M-26APR212200-00,4,0.6800,0.6800,0.6700
KXBTC15M-26APR212200-00,5,0.7400,0.7500,0.7400
KXBTC15M-26APR212115-15,3,0.8200,0.8200,0.8100
KXBTC15M-26APR212115-15,4,0.7200,0.7200,0.7100
KXBTC15M-26APR212115-15,5,0.7900,0.8000,0.7900
KXBTC15M-26APR212100-00,3,0.3900,0.4000,0.3900
KXBTC15M-26APR212100-00,4,0.2800,0.2800,0.2700
KXBTC15M-26APR212100-00,5,0.2000,0.2000,0.1900
KXBTC15M-26APR212300-00,3,0.3200,0.3200,0.3100
KXBTC15M-26APR212300-00,4,0.3200,0.3300,0.3200
KXBTC15M-26APR212300-00,5,0.4000,0.4100,0.3900
KXBTC15M-26APR212030-30,3,0.4500,0.4700,0.4500
KXBTC15M-26APR212030-30,4,0.3500,0.3500,0.3400
KXBTC15M-26APR212030-30,5,0.5600,0.5600,0.5500
KXBTC15M-26APR212230-30,3,0.9470,0.9470,0.9450
KXBTC15M-26APR212230-30,4,0.9070,0.9110,0.9090
KXBTC15M-26APR212230-30,5,0.8400,0.8400,0.8300
KXBTC15M-26APR212045-45,3,0.5700,0.5800,0.5700
KXBTC15M-26APR212045-45,4,0.3900,0.4000,0.3900
KXBTC15M-26APR212045-45,5,0.3900,0.4000,0.3900
KXBTC15M-26APR212015-15,3,0.7400,0.7500,0.7400
KXBTC15M-26APR212015-15,4,0.4300,0.4300,0.4200
KXBTC15M-26APR212015-15,5,0.6400,0.6500,0.6300
KXBTC15M-26APR211915-15,3,0.8600,0.8600,0.8500
KXBTC15M-26APR211915-15,4,0.8900,0.8900,0.8800
KXBTC15M-26APR211915-15,5,0.9500,0.9520,0.9430
KXBTC15M-26APR211945-45,3,0.7100,0.7100,0.7000
KXBTC15M-26APR211945-45,4,0.7800,0.7800,0.7700
KXBTC15M-26APR211945-45,5,0.7900,0.8000,0.7900
KXBTC15M-26APR211830-30,3,0.1600,0.1600,0.1500
KXBTC15M-26APR211830-30,4,0.0500,0.0510,0.0500
KXBTC15M-26APR211830-30,5,0.0800,0.0790,0.0740
KXBTC15M-26APR211900-00,3,0.4400,0.4400,0.4300
KXBTC15M-26APR211900-00,4,0.2800,0.2800,0.2700
KXBTC15M-26APR211900-00,5,0.4500,0.4500,0.4400
KXBTC15M-26APR211800-00,3,0.7200,0.7300,0.7200
KXBTC15M-26APR211800-00,4,0.6200,0.6300,0.6200
KXBTC15M-26APR211800-00,5,0.7700,0.7800,0.7700
KXBTC15M-26APR212315-15,3,0.4400,0.4200,0.4100
KXBTC15M-26APR212315-15,4,0.5200,0.5400,0.5200
KXBTC15M-26APR212315-15,5,0.5400,0.5300,0.5200
KXBTC15M-26APR211715-15,3,0.3000,0.3000,0.2900
KXBTC15M-26APR211715-15,4,0.4100,0.4100,0.3900
KXBTC15M-26APR211715-15,5,0.2700,0.2800,0.2700
KXBTC15M-26APR212000-00,3,0.9300,0.9370,0.9360
KXBTC15M-26APR212000-00,4,0.9500,0.9500,0.9390
KXBTC15M-26APR212000-00,5,0.9520,0.9520,0.9510
KXBTC15M-26APR211645-45,3,0.7800,0.7900,0.7800
KXBTC15M-26APR211645-45,4,0.8400,0.8400,0.8300
KXBTC15M-26APR211645-45,5,0.8700,0.8700,0.8600
KXBTC15M-26APR211630-30,3,0.4200,0.4400,0.4300
KXBTC15M-26APR211630-30,4,0.4000,0.4000,0.3900
KXBTC15M-26APR211630-30,5,0.6300,0.6400,0.6200
KXBTC15M-26APR211845-45,3,0.4600,0.4500,0.4400
KXBTC15M-26APR211845-45,4,0.5600,0.5800,0.5700
KXBTC15M-26APR211845-45,5,0.5900,0.6100,0.6000
KXBTC15M-26APR211600-00,3,0.7500,0.7400,0.7300
KXBTC15M-26APR211600-00,4,0.8000,0.8100,0.8000
KXBTC15M-26APR211600-00,5,0.7900,0.7900,0.7700
KXBTC15M-26APR212130-30,3,0.0900,0.0930,0.0860
KXBTC15M-26APR212130-30,4,0.0530,0.0580,0.0560
KXBTC15M-26APR212130-30,5,0.0460,0.0530,0.0470
KXBTC15M-26APR211815-15,3,0.4700,0.4600,0.4500
KXBTC15M-26APR211815-15,4,0.4500,0.4500,0.4400
KXBTC15M-26APR211815-15,5,0.4500,0.4600,0.4500
KXBTC15M-26APR211545-45,3,0.1600,0.1600,0.1500
KXBTC15M-26APR211545-45,4,0.0700,0.0700,0.0660
KXBTC15M-26APR211545-45,5,0.0380,0.0330,0.0320
KXBTC15M-26APR211730-30,3,0.4800,0.4800,0.4700
KXBTC15M-26APR211730-30,4,0.5600,0.5800,0.5700
KXBTC15M-26APR211730-30,5,0.8200,0.8300,0.8100
KXBTC15M-26APR211415-15,3,0.6600,0.6700,0.6600
KXBTC15M-26APR211415-15,4,0.5900,0.6000,0.5900
KXBTC15M-26APR211415-15,5,0.6500,0.6600,0.6500
KXBTC15M-26APR211430-30,3,0.3900,0.4000,0.3900
KXBTC15M-26APR211430-30,4,0.2300,0.2400,0.2300
KXBTC15M-26APR211430-30,5,0.1400,0.1500,0.1400
KXBTC15M-26APR211330-30,3,0.0830,0.0830,0.0820
KXBTC15M-26APR211330-30,4,0.0410,0.0480,0.0430
KXBTC15M-26APR211330-30,5,0.1100,0.1100,0.1000
KXBTC15M-26APR211615-15,3,0.8300,0.8300,0.8200
KXBTC15M-26APR211615-15,4,0.7900,0.7900,0.7800
KXBTC15M-26APR211615-15,5,0.6900,0.6900,0.6800
KXBTC15M-26APR211300-00,3,0.8300,0.8400,0.8300
KXBTC15M-26APR211300-00,4,0.8400,0.8500,0.8400
KXBTC15M-26APR211300-00,5,0.7900,0.7900,0.7800
KXBTC15M-26APR211245-45,3,0.7600,0.7700,0.7600
KXBTC15M-26APR211245-45,4,0.9220,0.9290,0.9280
KXBTC15M-26APR211245-45,5,0.9500,0.9500,0.9460
KXBTC15M-26APR211515-15,3,0.7900,0.8000,0.7900
KXBTC15M-26APR211515-15,4,0.8600,0.8700,0.8600
KXBTC15M-26APR211515-15,5,0.9130,0.9170,0.9100
KXBTC15M-26APR211445-45,3,0.8400,0.8500,0.8400
KXBTC15M-26APR211445-45,4,0.8900,0.9000,0.8900
KXBTC15M-26APR211445-45,5,0.8800,0.8800,0.8700
KXBTC15M-26APR211230-30,3,0.5400,0.5400,0.5300
KXBTC15M-26APR211230-30,4,0.6200,0.6300,0.6200
KXBTC15M-26APR211230-30,5,0.3700,0.4000,0.3900
KXBTC15M-26APR211145-45,3,0.4900,0.4900,0.4800
KXBTC15M-26APR211145-45,4,0.5000,0.5000,0.4900
KXBTC15M-26APR211145-45,5,0.3600,0.3600,0.3500
KXBTC15M-26APR211745-45,3,0.6400,0.6400,0.6300
KXBTC15M-26APR211745-45,4,0.6600,0.6700,0.6600
KXBTC15M-26APR211745-45,5,0.8400,0.8400,0.8300
KXBTC15M-26APR211400-00,3,0.2300,0.2300,0.2200
KXBTC15M-26APR211400-00,4,0.3100,0.3200,0.3100
KXBTC15M-26APR211400-00,5,0.2600,0.2800,0.2700
KXBTC15M-26APR211315-15,3,0.3800,0.3800,0.3700
KXBTC15M-26APR211315-15,4,0.3900,0.4000,0.3900
KXBTC15M-26APR211315-15,5,0.2300,0.2300,0.2200
KXBTC15M-26APR211130-30,3,0.8400,0.8500,0.8400
KXBTC15M-26APR211130-30,4,0.9020,0.9030,0.9020
KXBTC15M-26APR211130-30,5,0.7900,0.7800,0.7700
KXBTC15M-26APR211115-15,3,0.2500,0.2600,0.2500
KXBTC15M-26APR211115-15,4,0.4500,0.4600,0.4500
KXBTC15M-26APR211115-15,5,0.2400,0.2600,0.2400
KXBTC15M-26APR211030-30,3,0.9320,0.9380,0.9330
KXBTC15M-26APR211030-30,4,0.9270,0.9250,0.9220
KXBTC15M-26APR211030-30,5,0.9600,0.9600,0.9560
KXBTC15M-26APR210945-45,3,0.2700,0.2700,0.2600
KXBTC15M-26APR210945-45,4,0.2800,0.2800,0.2700
KXBTC15M-26APR210945-45,5,0.1900,0.1900,0.1800
KXBTC15M-26APR211500-00,3,0.2200,0.2200,0.2100
KXBTC15M-26APR211500-00,4,0.1300,0.1500,0.1400
KXBTC15M-26APR211500-00,5,0.1800,0.1800,0.1700
KXBTC15M-26APR211000-00,3,0.2000,0.2000,0.1900
KXBTC15M-26APR211000-00,4,0.1400,0.1600,0.1500
KXBTC15M-26APR211000-00,5,0.0820,0.0970,0.0890
KXBTC15M-26APR210900-00,3,0.5300,0.5400,0.5300
KXBTC15M-26APR210900-00,4,0.4200,0.4200,0.4100
KXBTC15M-26APR210900-00,5,0.6400,0.6400,0.6300
KXBTC15M-26APR210915-15,3,0.5500,0.5500,0.5400
KXBTC15M-26APR210915-15,4,0.2200,0.2300,0.2200
KXBTC15M-26APR210915-15,5,0.3500,0.3500,0.3300
KXBTC15M-26APR211045-45,3,0.6400,0.6400,0.6300
KXBTC15M-26APR211045-45,4,0.7600,0.7500,0.7400
KXBTC15M-26APR211045-45,5,0.8900,0.9000,0.8900
KXBTC15M-26APR210830-30,3,0.5900,0.5900,0.5800
KXBTC15M-26APR210830-30,4,0.6000,0.6100,0.6000
KXBTC15M-26APR210830-30,5,0.6100,0.6200,0.6100
KXBTC15M-26APR211345-45,3,0.6400,0.6400,0.6300
KXBTC15M-26APR211345-45,4,0.6100,0.6100,0.6000
KXBTC15M-26APR211345-45,5,0.4800,0.4900,0.4800
KXBTC15M-26APR210815-15,3,0.4000,0.4000,0.3900
KXBTC15M-26APR210815-15,4,0.2500,0.2600,0.2500
KXBTC15M-26APR210815-15,5,0.3100,0.3200,0.3100
KXBTC15M-26APR210715-15,3,0.2400,0.2300,0.2200
KXBTC15M-26APR210715-15,4,0.2500,0.2500,0.2400
KXBTC15M-26APR210715-15,5,0.1900,0.2000,0.1900
KXBTC15M-26APR210930-30,3,0.6400,0.6700,0.6600
KXBTC15M-26APR210930-30,4,0.5700,0.5700,0.5600
KXBTC15M-26APR210930-30,5,0.5600,0.5800,0.5600
KXBTC15M-26APR211215-15,3,0.7100,0.7100,0.7000
KXBTC15M-26APR211215-15,4,0.6100,0.6100,0.6000
KXBTC15M-26APR211215-15,5,0.6300,0.6300,0.6200
KXBTC15M-26APR210700-00,3,0.9280,0.9290,0.9280
KXBTC15M-26APR210700-00,4,0.9310,0.9310,0.9240
KXBTC15M-26APR210700-00,5,0.9650,0.9700,0.9680
KXBTC15M-26APR210645-45,3,0.4800,0.4900,0.4800
KXBTC15M-26APR210645-45,4,0.5600,0.5600,0.5500
KXBTC15M-26APR210645-45,5,0.6200,0.6200,0.6100
KXBTC15M-26APR210615-15,3,0.7500,0.7400,0.7300
KXBTC15M-26APR210615-15,4,0.7600,0.7600,0.7500
KXBTC15M-26APR210615-15,5,0.8800,0.8900,0.8800
KXBTC15M-26APR210515-15,3,0.2000,0.2100,0.2000
KXBTC15M-26APR210515-15,4,0.1900,0.1900,0.1800
KXBTC15M-26APR210515-15,5,0.1900,0.1900,0.1800
KXBTC15M-26APR210745-45,3,0.4800,0.4800,0.4700
KXBTC15M-26APR210745-45,4,0.2000,0.2000,0.1900
KXBTC15M-26APR210745-45,5,0.1500,0.1600,0.1500
KXBTC15M-26APR210730-30,3,0.7500,0.7600,0.7500
KXBTC15M-26APR210730-30,4,0.8200,0.8200,0.8100
KXBTC15M-26APR210730-30,5,0.8900,0.8900,0.8800
KXBTC15M-26APR210500-00,3,0.8800,0.8900,0.8800
KXBTC15M-26APR210500-00,4,0.8600,0.8700,0.8600
KXBTC15M-26APR210500-00,5,0.8200,0.8200,0.8100
KXBTC15M-26APR210445-45,3,0.2500,0.2600,0.2500
KXBTC15M-26APR210445-45,4,0.3600,0.3600,0.3500
KXBTC15M-26APR210445-45,5,0.1500,0.1500,0.1400
KXBTC15M-26APR210415-15,3,0.6900,0.6900,0.6800
KXBTC15M-26APR210415-15,4,0.6900,0.7000,0.6900
KXBTC15M-26APR210415-15,5,0.7900,0.7900,0.7800
KXBTC15M-26APR210600-00,3,0.3700,0.3700,0.3600
KXBTC15M-26APR210600-00,4,0.5100,0.5300,0.5200
KXBTC15M-26APR210600-00,5,0.5400,0.5500,0.5400
KXBTC15M-26APR210545-45,3,0.3600,0.3700,0.3600
KXBTC15M-26APR210545-45,4,0.3200,0.3200,0.3100
KXBTC15M-26APR210545-45,5,0.2900,0.2800,0.2700
KXBTC15M-26APR210530-30,3,0.7000,0.7200,0.7000
KXBTC15M-26APR210530-30,4,0.6700,0.6700,0.6600
KXBTC15M-26APR210530-30,5,0.7000,0.7000,0.6900
KXBTC15M-26APR210345-45,3,0.1100,0.1200,0.1100
KXBTC15M-26APR210345-45,4,0.2400,0.2500,0.2400
KXBTC15M-26APR210345-45,5,0.3800,0.4000,0.3800
KXBTC15M-26APR210800-00,3,0.4800,0.4900,0.4800
KXBTC15M-26APR210800-00,4,0.4000,0.4000,0.3900
KXBTC15M-26APR210800-00,5,0.5200,0.5300,0.5200
KXBTC15M-26APR210215-15,3,0.2700,0.2700,0.2600
KXBTC15M-26APR210215-15,4,0.2300,0.2300,0.2200
KXBTC15M-26APR210215-15,5,0.1900,0.1900,0.1800
KXBTC15M-26APR210245-45,3,0.9670,0.9670,0.9660
KXBTC15M-26APR210245-45,4,0.9800,0.9810,0.9800
KXBTC15M-26APR210245-45,5,0.9840,0.9880,0.9870
KXBTC15M-26APR210145-45,3,0.4000,0.4000,0.3900
KXBTC15M-26APR210145-45,4,0.2800,0.2900,0.2800
KXBTC15M-26APR210145-45,5,0.3300,0.3400,0.3300
KXBTC15M-26APR210400-00,3,0.3500,0.3500,0.3400
KXBTC15M-26APR210400-00,4,0.5300,0.5300,0.5200
KXBTC15M-26APR210400-00,5,0.5700,0.5800,0.5700
KXBTC15M-26APR210630-30,3,0.7900,0.8000,0.7900
KXBTC15M-26APR210630-30,4,0.7100,0.7100,0.7000
KXBTC15M-26APR210630-30,5,0.6900,0.7100,0.6900
KXBTC15M-26APR210045-45,3,0.4600,0.4700,0.4600
KXBTC15M-26APR210045-45,4,0.2700,0.2800,0.2600
KXBTC15M-26APR210045-45,5,0.7500,0.7600,0.7500
KXBTC15M-26APR210015-15,3,0.5300,0.5500,0.5300
KXBTC15M-26APR210015-15,4,0.5500,0.5600,0.5500
KXBTC15M-26APR210015-15,5,0.2700,0.2700,0.2600
KXBTC15M-26APR210000-00,3,0.7300,0.7300,0.7200
KXBTC15M-26APR210000-00,4,0.8500,0.8500,0.8400
KXBTC15M-26APR210000-00,5,0.9100,0.9110,0.9100
KXBTC15M-26APR210030-30,3,0.4300,0.4500,0.4300
KXBTC15M-26APR210030-30,4,0.2700,0.2700,0.2600
KXBTC15M-26APR210030-30,5,0.4100,0.4100,0.4000
KXBTC15M-26APR202330-30,3,0.4000,0.4000,0.3900
KXBTC15M-26APR202330-30,4,0.2400,0.2400,0.2300
KXBTC15M-26APR202330-30,5,0.3600,0.3600,0.3500
KXBTC15M-26APR210200-00,3,0.2900,0.3000,0.2900
KXBTC15M-26APR210200-00,4,0.2500,0.2700,0.2600
KXBTC15M-26APR210200-00,5,0.1900,0.1900,0.1800
KXBTC15M-26APR202245-45,3,0.5100,0.5200,0.5100
KXBTC15M-26APR202245-45,4,0.3800,0.3800,0.3700
KXBTC15M-26APR202245-45,5,0.2100,0.2200,0.2100
KXBTC15M-26APR202315-15,3,0.3400,0.3400,0.3300
KXBTC15M-26APR202315-15,4,0.5500,0.6000,0.5700
KXBTC15M-26APR202315-15,5,0.3100,0.3100,0.3000
KXBTC15M-26APR210115-15,3,0.7100,0.7100,0.7000
KXBTC15M-26APR210115-15,4,0.7500,0.7500,0.7400
KXBTC15M-26APR210115-15,5,0.7700,0.7900,0.7600
KXBTC15M-26APR202200-00,3,0.4600,0.4600,0.4500
KXBTC15M-26APR202200-00,4,0.3900,0.3900,0.3800
KXBTC15M-26APR202200-00,5,0.3600,0.3700,0.3600
KXBTC15M-26APR210330-30,3,0.7800,0.7900,0.7800
KXBTC15M-26APR210330-30,4,0.8600,0.8700,0.8600
KXBTC15M-26APR210330-30,5,0.9000,0.9000,0.8900
KXBTC15M-26APR202215-15,3,0.1500,0.1500,0.1400
KXBTC15M-26APR202215-15,4,0.1100,0.1200,0.1100
KXBTC15M-26APR202215-15,5,0.1300,0.1300,0.1200
KXBTC15M-26APR202145-45,3,0.8500,0.8600,0.8500
KXBTC15M-26APR202145-45,4,0.7500,0.7500,0.7400
KXBTC15M-26APR202145-45,5,0.8100,0.8200,0.8100
KXBTC15M-26APR210300-00,3,0.6400,0.6400,0.6300
KXBTC15M-26APR210300-00,4,0.6500,0.6400,0.6300
KXBTC15M-26APR210300-00,5,0.7100,0.7200,0.7100
KXBTC15M-26APR202045-45,3,0.6200,0.6300,0.6100
KXBTC15M-26APR202045-45,4,0.7200,0.7100,0.7000
KXBTC15M-26APR202045-45,5,0.7800,0.8000,0.7800
KXBTC15M-26APR210230-30,3,0.3900,0.4000,0.3900
KXBTC15M-26APR210230-30,4,0.2600,0.2800,0.2700
KXBTC15M-26APR210230-30,5,0.1000,0.1100,0.1000
KXBTC15M-26APR202230-30,3,0.7000,0.7100,0.7000
KXBTC15M-26APR202230-30,4,0.5500,0.5500,0.5400
KXBTC15M-26APR202230-30,5,0.6400,0.6600,0.6500
KXBTC15M-26APR202000-00,3,0.7500,0.7600,0.7500
KXBTC15M-26APR202000-00,4,0.8200,0.8300,0.8200
KXBTC15M-26APR202000-00,5,0.8000,0.8000,0.7900
KXBTC15M-26APR202015-15,3,0.4400,0.4400,0.4300
KXBTC15M-26APR202015-15,4,0.3800,0.3800,0.3700
KXBTC15M-26APR202015-15,5,0.3800,0.3900,0.3800
KXBTC15M-26APR210130-30,3,0.4500,0.4600,0.4500
KXBTC15M-26APR210130-30,4,0.4800,0.4800,0.4700
KXBTC15M-26APR210130-30,5,0.7700,0.7700,0.7600
KXBTC15M-26APR201945-45,3,0.7200,0.7200,0.7000
KXBTC15M-26APR201945-45,4,0.7300,0.7400,0.7300
KXBTC15M-26APR201945-45,5,0.8400,0.8400,0.8300
KXBTC15M-26APR201900-00,3,0.4900,0.5000,0.4900
KXBTC15M-26APR201900-00,4,0.3000,0.3000,0.2900
KXBTC15M-26APR201900-00,5,0.4700,0.4700,0.4500
KXBTC15M-26APR201930-30,3,0.2000,0.2100,0.2000
KXBTC15M-26APR201930-30,4,0.3000,0.3000,0.2900
KXBTC15M-26APR201930-30,5,0.3900,0.3900,0.3800
KXBTC15M-26APR201915-15,3,0.1400,0.1400,0.1300
KXBTC15M-26APR201915-15,4,0.0910,0.0960,0.0910
KXBTC15M-26APR201915-15,5,0.0490,0.0480,0.0430
KXBTC15M-26APR201800-00,3,0.4600,0.4600,0.4500
KXBTC15M-26APR201800-00,4,0.5700,0.5700,0.5600
KXBTC15M-26APR201800-00,5,0.6100,0.6200,0.6100
KXBTC15M-26APR201815-15,3,0.7800,0.7800,0.7700
KXBTC15M-26APR201815-15,4,0.8900,0.8900,0.8800
KXBTC15M-26APR201815-15,5,0.9120,0.9160,0.9120
KXBTC15M-26APR202300-00,3,0.4500,0.4700,0.4500
KXBTC15M-26APR202300-00,4,0.2600,0.2600,0.2500
KXBTC15M-26APR202300-00,5,0.4200,0.4200,0.4100
KXBTC15M-26APR201715-15,3,0.3400,0.3400,0.3300
KXBTC15M-26APR201715-15,4,0.3600,0.3600,0.3500
KXBTC15M-26APR201715-15,5,0.4500,0.4600,0.4500
KXBTC15M-26APR201730-30,3,0.2800,0.2700,0.2600
KXBTC15M-26APR201730-30,4,0.2500,0.2500,0.2400
KXBTC15M-26APR201730-30,5,0.4200,0.4300,0.4200
KXBTC15M-26APR201700-00,3,0.5900,0.6000,0.5900
KXBTC15M-26APR201700-00,4,0.6100,0.6200,0.6100
KXBTC15M-26APR201700-00,5,0.6800,0.6800,0.6600
KXBTC15M-26APR201630-30,3,0.5200,0.5300,0.5200
KXBTC15M-26APR201630-30,4,0.6900,0.7000,0.6900
KXBTC15M-26APR201630-30,5,0.6700,0.6700,0.6600
KXBTC15M-26APR201615-15,3,0.3900,0.4100,0.4000
KXBTC15M-26APR201615-15,4,0.4000,0.4100,0.4000
KXBTC15M-26APR201615-15,5,0.1200,0.1300,0.1200
KXBTC15M-26APR202115-15,3,0.5400,0.5500,0.5400
KXBTC15M-26APR202115-15,4,0.5400,0.5500,0.5400
KXBTC15M-26APR202115-15,5,0.6900,0.6900,0.6800
KXBTC15M-26APR202100-00,3,0.8800,0.8900,0.8700
KXBTC15M-26APR202100-00,4,0.8000,0.8000,0.7900
KXBTC15M-26APR202100-00,5,0.6800,0.6700,0.6600
KXBTC15M-26APR201515-15,3,0.2600,0.2600,0.2500
KXBTC15M-26APR201515-15,4,0.5200,0.5300,0.5200
KXBTC15M-26APR201515-15,5,0.4500,0.4500,0.4400
KXBTC15M-26APR202030-30,3,0.4200,0.4200,0.4100
KXBTC15M-26APR202030-30,4,0.4400,0.4300,0.4200
KXBTC15M-26APR202030-30,5,0.2700,0.2800,0.2700
KXBTC15M-26APR201530-30,3,0.2000,0.2100,0.2000
KXBTC15M-26APR201530-30,4,0.2100,0.2100,0.2000
KXBTC15M-26APR201530-30,5,0.1800,0.1800,0.1700
KXBTC15M-26APR201500-00,3,0.3600,0.3700,0.3600
KXBTC15M-26APR201500-00,4,0.5500,0.5500,0.5400
KXBTC15M-26APR201500-00,5,0.8800,0.8900,0.8800
KXBTC15M-26APR201430-30,3,0.5200,0.5200,0.5100
KXBTC15M-26APR201430-30,4,0.4700,0.4600,0.4500
KXBTC15M-26APR201430-30,5,0.2100,0.2200,0.2100
KXBTC15M-26APR201330-30,3,0.8500,0.8500,0.8400
KXBTC15M-26APR201330-30,4,0.8900,0.9000,0.8900
KXBTC15M-26APR201330-30,5,0.7500,0.7700,0.7500
KXBTC15M-26APR201415-15,3,0.8300,0.8400,0.8300
KXBTC15M-26APR201415-15,4,0.7600,0.7700,0.7600
KXBTC15M-26APR201415-15,5,0.9070,0.9070,0.9000
KXBTC15M-26APR201545-45,3,0.4400,0.4400,0.4300
KXBTC15M-26APR201545-45,4,0.6000,0.6000,0.5900
KXBTC15M-26APR201545-45,5,0.6400,0.6500,0.6400
KXBTC15M-26APR201830-30,3,0.2200,0.2200,0.2100
KXBTC15M-26APR201830-30,4,0.1000,0.1100,0.1000
KXBTC15M-26APR201830-30,5,0.1200,0.1200,0.1100
KXBTC15M-26APR201300-00,3,0.3800,0.3800,0.3700
KXBTC15M-26APR201300-00,4,0.1400,0.1500,0.1400
KXBTC15M-26APR201300-00,5,0.1100,0.1100,0.1000
KXBTC15M-26APR201215-15,3,0.2300,0.2300,0.2200
KXBTC15M-26APR201215-15,4,0.1300,0.1200,0.1100
KXBTC15M-26APR201215-15,5,0.1200,0.1200,0.1100
KXBTC15M-26APR201745-45,3,0.1800,0.1900,0.1800
KXBTC15M-26APR201745-45,4,0.2300,0.2400,0.2300
KXBTC15M-26APR201745-45,5,0.2600,0.2600,0.2500
KXBTC15M-26APR201130-30,3,0.8100,0.8200,0.8100
KXBTC15M-26APR201130-30,4,0.8500,0.8500,0.8400
KXBTC15M-26APR201130-30,5,0.8400,0.8400,0.8300
KXBTC15M-26APR201400-00,3,0.6600,0.6700,0.6600
KXBTC15M-26APR201400-00,4,0.8400,0.8500,0.8400
KXBTC15M-26APR201400-00,5,0.9140,0.9130,0.9100
KXBTC15M-26APR201645-45,3,0.2700,0.2700,0.2600
KXBTC15M-26APR201645-45,4,0.2800,0.2800,0.2700
KXBTC15M-26APR201645-45,5,0.2400,0.2500,0.2400
KXBTC15M-26APR201315-15,3,0.7200,0.7300,0.7100
KXBTC15M-26APR201315-15,4,0.8700,0.8700,0.8600
KXBTC15M-26APR201315-15,5,0.8700,0.8900,0.8700
KXBTC15M-26APR201115-15,3,0.2000,0.2100,0.2000
KXBTC15M-26APR201115-15,4,0.1900,0.2000,0.1900
KXBTC15M-26APR201115-15,5,0.1900,0.1900,0.1800
KXBTC15M-26APR201030-30,3,0.8100,0.8200,0.8100
KXBTC15M-26APR201030-30,4,0.8600,0.8700,0.8600
KXBTC15M-26APR201030-30,5,0.9700,0.9710,0.9660
KXBTC15M-26APR201600-00,3,0.5200,0.5300,0.5200
KXBTC15M-26APR201600-00,4,0.5600,0.5600,0.5500
KXBTC15M-26APR201600-00,5,0.4500,0.4600,0.4500
KXBTC15M-26APR201015-15,3,0.3300,0.3400,0.3300
KXBTC15M-26APR201015-15,4,0.3400,0.3500,0.3400
KXBTC15M-26APR201015-15,5,0.4400,0.4600,0.4500
KXBTC15M-26APR201000-00,3,0.3400,0.3500,0.3400
KXBTC15M-26APR201000-00,4,0.2700,0.2700,0.2600
KXBTC15M-26APR201000-00,5,0.1800,0.1900,0.1800
KXBTC15M-26APR201445-45,3,0.4100,0.4000,0.3900
KXBTC15M-26APR201445-45,4,0.5500,0.5600,0.5500
KXBTC15M-26APR201445-45,5,0.3900,0.4000,0.3900
KXBTC15M-26APR200900-00,3,0.6700,0.6700,0.6600
KXBTC15M-26APR200900-00,4,0.7500,0.7500,0.7300
KXBTC15M-26APR200900-00,5,0.8900,0.8900,0.8800
KXBTC15M-26APR200930-30,3,0.1800,0.1900,0.1800
KXBTC15M-26APR200930-30,4,0.2500,0.2500,0.2400
KXBTC15M-26APR200930-30,5,0.1900,0.2000,0.1900
KXBTC15M-26APR201045-45,3,0.5100,0.5200,0.5000
KXBTC15M-26APR201045-45,4,0.4900,0.4900,0.4800
KXBTC15M-26APR201045-45,5,0.3300,0.3300,0.3200
KXBTC15M-26APR201345-45,3,0.3100,0.3100,0.3000
KXBTC15M-26APR201345-45,4,0.2700,0.2800,0.2700
KXBTC15M-26APR201345-45,5,0.2700,0.2700,0.2600
KXBTC15M-26APR200830-30,3,0.7300,0.7400,0.7300
KXBTC15M-26APR200830-30,4,0.7700,0.7700,0.7600
KXBTC15M-26APR200830-30,5,0.9400,0.9470,0.9400
KXBTC15M-26APR200800-00,3,0.5200,0.5200,0.5100
KXBTC15M-26APR200800-00,4,0.5100,0.5100,0.5000
KXBTC15M-26APR200800-00,5,0.5800,0.5900,0.5800
KXBTC15M-26APR201245-45,3,0.6000,0.6100,0.6000
KXBTC15M-26APR201245-45,4,0.5600,0.5700,0.5600
KXBTC15M-26APR201245-45,5,0.3200,0.3200,0.3100
KXBTC15M-26APR201230-30,3,0.5100,0.5300,0.5100
KXBTC15M-26APR201230-30,4,0.4900,0.5100,0.4900
KXBTC15M-26APR201230-30,5,0.5800,0.5800,0.5600
KXBTC15M-26APR201200-00,3,0.6600,0.6700,0.6600
KXBTC15M-26APR201200-00,4,0.3900,0.3900,0.3800
KXBTC15M-26APR201200-00,5,0.4800,0.5000,0.4900
KXBTC15M-26APR200715-15,3,0.6300,0.6400,0.6300
KXBTC15M-26APR200715-15,4,0.6000,0.6100,0.6000
KXBTC15M-26APR200715-15,5,0.8000,0.8100,0.8000
KXBTC15M-26APR200845-45,3,0.3700,0.3700,0.3600
KXBTC15M-26APR200845-45,4,0.4200,0.4300,0.4200
KXBTC15M-26APR200845-45,5,0.5200,0.5300,0.5200
KXBTC15M-26APR200600-00,3,0.4700,0.4700,0.4600
KXBTC15M-26APR200600-00,4,0.2600,0.2600,0.2500
KXBTC15M-26APR200600-00,5,0.2600,0.2600,0.2500
KXBTC15M-26APR201100-00,3,0.4200,0.4300,0.4200
KXBTC15M-26APR201100-00,4,0.6600,0.6700,0.6600
KXBTC15M-26APR201100-00,5,0.5200,0.5400,0.5200
KXBTC15M-26APR200530-30,3,0.6800,0.6900,0.6800
KXBTC15M-26APR200530-30,4,0.5100,0.5200,0.5100
KXBTC15M-26APR200530-30,5,0.5900,0.6000,0.5900
KXBTC15M-26APR200730-30,3,0.5800,0.5900,0.5800
KXBTC15M-26APR200730-30,4,0.6700,0.6800,0.6600
KXBTC15M-26APR200730-30,5,0.2300,0.2300,0.2200
KXBTC15M-26APR200515-15,3,0.4800,0.4700,0.4600
KXBTC15M-26APR200515-15,4,0.4400,0.4500,0.4400
KXBTC15M-26APR200515-15,5,0.5100,0.5200,0.5100
KXBTC15M-26APR200700-00,3,0.3900,0.4000,0.3900
KXBTC15M-26APR200700-00,4,0.2300,0.2400,0.2300
KXBTC15M-26APR200700-00,5,0.3200,0.3200,0.3100
KXBTC15M-26APR200445-45,3,0.7200,0.7300,0.7200
KXBTC15M-26APR200445-45,4,0.7500,0.7500,0.7400
KXBTC15M-26APR200445-45,5,0.8000,0.8000,0.7900
KXBTC15M-26APR200615-15,3,0.8600,0.8600,0.8500
KXBTC15M-26APR200615-15,4,0.8800,0.8900,0.8800
KXBTC15M-26APR200615-15,5,0.9520,0.9580,0.9520
KXBTC15M-26APR200915-15,3,0.2600,0.2700,0.2600
KXBTC15M-26APR200915-15,4,0.2700,0.2800,0.2600
KXBTC15M-26APR200915-15,5,0.2600,0.2700,0.2600
KXBTC15M-26APR200400-00,3,0.6100,0.6200,0.6100
KXBTC15M-26APR200400-00,4,0.1800,0.1900,0.1800
KXBTC15M-26APR200400-00,5,0.0900,0.0840,0.0770
KXBTC15M-26APR200815-15,3,0.2200,0.2300,0.2200
KXBTC15M-26APR200815-15,4,0.5500,0.5500,0.5400
KXBTC15M-26APR200815-15,5,0.7600,0.7600,0.7500
KXBTC15M-26APR200345-45,3,0.2800,0.2900,0.2800
KXBTC15M-26APR200345-45,4,0.2500,0.2600,0.2500
KXBTC15M-26APR200345-45,5,0.1700,0.1600,0.1500
KXBTC15M-26APR200500-00,3,0.3800,0.3900,0.3800
KXBTC15M-26APR200500-00,4,0.2200,0.2200,0.2100
KXBTC15M-26APR200500-00,5,0.1600,0.1600,0.1500
KXBTC15M-26APR200230-30,3,0.8500,0.8300,0.8200
KXBTC15M-26APR200230-30,4,0.8900,0.8900,0.8800
KXBTC15M-26APR200230-30,5,0.9000,0.9000,0.8900
KXBTC15M-26APR200300-00,3,0.6600,0.6600,0.6500
KXBTC15M-26APR200300-00,4,0.5300,0.5300,0.5200
KXBTC15M-26APR200300-00,5,0.2900,0.2900,0.2800
KXBTC15M-26APR200430-30,3,0.7500,0.7500,0.7400
KXBTC15M-26APR200430-30,4,0.8400,0.8400,0.8300
KXBTC15M-26APR200430-30,5,0.8000,0.8000,0.7900
KXBTC15M-26APR200245-45,3,0.8900,0.9000,0.8900
KXBTC15M-26APR200245-45,4,0.9490,0.9490,0.9450
KXBTC15M-26APR200245-45,5,0.9650,0.9670,0.9660
KXBTC15M-26APR200200-00,3,0.6700,0.6800,0.6700
KXBTC15M-26APR200200-00,4,0.6300,0.6300,0.6200
KXBTC15M-26APR200200-00,5,0.8300,0.8400,0.8300
KXBTC15M-26APR200330-30,3,0.5500,0.5600,0.5400
KXBTC15M-26APR200330-30,4,0.8600,0.8700,0.8600
KXBTC15M-26APR200330-30,5,0.9590,0.9600,0.9590
KXBTC15M-26APR200630-30,3,0.6300,0.6300,0.6200
KXBTC15M-26APR200630-30,4,0.6500,0.6500,0.6400
KXBTC15M-26APR200630-30,5,0.3600,0.3700,0.3600
KXBTC15M-26APR200315-15,3,0.4500,0.4500,0.4400
KXBTC15M-26APR200315-15,4,0.4300,0.4400,0.4300
KXBTC15M-26APR200315-15,5,0.3500,0.3500,0.3400
KXBTC15M-26APR200115-15,3,0.0770,0.0770,0.0710
KXBTC15M-26APR200115-15,4,0.0980,0.1000,0.0980
KXBTC15M-26APR200115-15,5,0.0370,0.0360,0.0350
KXBTC15M-26APR200100-00,3,0.8500,0.8600,0.8400
KXBTC15M-26APR200100-00,4,0.9260,0.9260,0.9250
KXBTC15M-26APR200100-00,5,0.9560,0.9580,0.9560
KXBTC15M-26APR200215-15,3,0.9410,0.9420,0.9410
KXBTC15M-26APR200215-15,4,0.8800,0.8900,0.8800
KXBTC15M-26APR200215-15,5,0.9300,0.9290,0.9280
KXBTC15M-26APR192330-30,3,0.2100,0.2200,0.2100
KXBTC15M-26APR192330-30,4,0.2400,0.2500,0.2400
KXBTC15M-26APR192330-30,5,0.7300,0.7400,0.7300
KXBTC15M-26APR200000-00,3,0.6800,0.6800,0.6700
KXBTC15M-26APR200000-00,4,0.5900,0.6000,0.5900
KXBTC15M-26APR200000-00,5,0.5400,0.5400,0.5200
KXBTC15M-26APR192300-00,3,0.5500,0.5600,0.5500
KXBTC15M-26APR192300-00,4,0.6100,0.6200,0.6100
KXBTC15M-26APR192300-00,5,0.5600,0.5800,0.5600
KXBTC15M-26APR200415-15,3,0.2800,0.2800,0.2700
KXBTC15M-26APR200415-15,4,0.1800,0.1900,0.1800
KXBTC15M-26APR200415-15,5,0.2000,0.2100,0.2000
KXBTC15M-26APR192230-30,3,0.7600,0.7500,0.7400
KXBTC15M-26APR192230-30,4,0.5000,0.5000,0.4900
KXBTC15M-26APR192230-30,5,0.6600,0.6700,0.6600
KXBTC15M-26APR200045-45,3,0.3300,0.3400,0.3300
KXBTC15M-26APR200045-45,4,0.5700,0.5900,0.5700
KXBTC15M-26APR200045-45,5,0.3800,0.3800,0.3700
KXBTC15M-26APR200015-15,3,0.4700,0.4700,0.4600
KXBTC15M-26APR200015-15,4,0.2500,0.2400,0.2300
KXBTC15M-26APR200015-15,5,0.1300,0.1400,0.1300
KXBTC15M-26APR192345-45,3,0.4800,0.4800,0.4600
KXBTC15M-26APR192345-45,4,0.5100,0.5200,0.5100
KXBTC15M-26APR192345-45,5,0.4300,0.4300,0.4200
KXBTC15M-26APR192200-00,3,0.6200,0.6300,0.6200
KXBTC15M-26APR192200-00,4,0.6900,0.6900,0.6800
KXBTC15M-26APR192200-00,5,0.4900,0.5100,0.5000
KXBTC15M-26APR192045-45,3,0.5500,0.5400,0.5300
KXBTC15M-26APR192045-45,4,0.4100,0.4200,0.4100
KXBTC15M-26APR192045-45,5,0.4200,0.4300,0.4200
KXBTC15M-26APR192315-15,3,0.4300,0.4300,0.4200
KXBTC15M-26APR192315-15,4,0.3100,0.3100,0.3000
KXBTC15M-26APR192315-15,5,0.3000,0.3000,0.2900
KXBTC15M-26APR192100-00,3,0.6600,0.6600,0.6500
KXBTC15M-26APR192100-00,4,0.7800,0.7800,0.7700
KXBTC15M-26APR192100-00,5,0.9220,0.9260,0.9230
KXBTC15M-26APR191945-45,3,0.4800,0.4900,0.4800
KXBTC15M-26APR191945-45,4,0.4600,0.4600,0.4500
KXBTC15M-26APR191945-45,5,0.4400,0.4600,0.4400
KXBTC15M-26APR192215-15,3,0.2700,0.2800,0.2700
KXBTC15M-26APR192215-15,4,0.2000,0.2100,0.2000
KXBTC15M-26APR192215-15,5,0.1900,0.1900,0.1800
KXBTC15M-26APR192145-45,3,0.9170,0.9200,0.9190
KXBTC15M-26APR192145-45,4,0.9620,0.9640,0.9610
KXBTC15M-26APR192145-45,5,0.9600,0.9630,0.9600
KXBTC15M-26APR191900-00,3,0.2900,0.2900,0.2800
KXBTC15M-26APR191900-00,4,0.2700,0.2700,0.2600
KXBTC15M-26APR191900-00,5,0.3800,0.3900,0.3800
KXBTC15M-26APR192130-30,3,0.3700,0.3700,0.3600
KXBTC15M-26APR192130-30,4,0.2800,0.2900,0.2800
KXBTC15M-26APR192130-30,5,0.1700,0.1700,0.1600
KXBTC15M-26APR192030-30,3,0.7000,0.7000,0.6900
KXBTC15M-26APR192030-30,4,0.6600,0.6600,0.6400
KXBTC15M-26APR192030-30,5,0.6500,0.6500,0.6400
KXBTC15M-26APR191845-45,3,0.5800,0.6000,0.5900
KXBTC15M-26APR191845-45,4,0.6700,0.6700,0.6600
KXBTC15M-26APR191845-45,5,0.7400,0.7500,0.7400
KXBTC15M-26APR191830-30,3,0.5000,0.5100,0.5000
KXBTC15M-26APR191830-30,4,0.5600,0.5700,0.5600
KXBTC15M-26APR191830-30,5,0.2100,0.2100,0.2000
KXBTC15M-26APR192015-15,3,0.8000,0.8100,0.8000
KXBTC15M-26APR192015-15,4,0.9030,0.9040,0.9030
KXBTC15M-26APR192015-15,5,0.8100,0.8100,0.8000
KXBTC15M-26APR191815-15,3,0.1000,0.0960,0.0920
KXBTC15M-26APR191815-15,4,0.0590,0.0500,0.0490
KXBTC15M-26APR191815-15,5,0.0400,0.0400,0.0380
KXBTC15M-26APR191930-30,3,0.2900,0.3000,0.2900
KXBTC15M-26APR191930-30,4,0.2800,0.2900,0.2800
KXBTC15M-26APR191930-30,5,0.1700,0.1900,0.1700
KXBTC15M-26APR191745-45,3,0.5300,0.5200,0.5100
KXBTC15M-26APR191745-45,4,0.4300,0.4400,0.4300
KXBTC15M-26APR191745-45,5,0.5400,0.5500,0.5400
KXBTC15M-26APR191715-15,3,0.5200,0.5200,0.5100
KXBTC15M-26APR191715-15,4,0.6700,0.6800,0.6600
KXBTC15M-26APR191715-15,5,0.8000,0.8100,0.8000
KXBTC15M-26APR191700-00,3,0.1800,0.1800,0.1700
KXBTC15M-26APR191700-00,4,0.2000,0.2000,0.1900
KXBTC15M-26APR191700-00,5,0.3800,0.3800,0.3600
KXBTC15M-26APR191645-45,3,0.8300,0.8400,0.8300
KXBTC15M-26APR191645-45,4,0.8800,0.8900,0.8800
KXBTC15M-26APR191645-45,5,0.9000,0.9000,0.8900
KXBTC15M-26APR191615-15,3,0.0760,0.0740,0.0700
KXBTC15M-26APR191615-15,4,0.0570,0.0510,0.0500
KXBTC15M-26APR191615-15,5,0.0380,0.0370,0.0340
KXBTC15M-26APR191630-30,3,0.1300,0.1400,0.1300
KXBTC15M-26APR191630-30,4,0.1600,0.1700,0.1600
KXBTC15M-26APR191630-30,5,0.1600,0.1500,0.1400
KXBTC15M-26APR191600-00,3,0.6100,0.6100,0.6000
KXBTC15M-26APR191600-00,4,0.5000,0.5000,0.4800
KXBTC15M-26APR191600-00,5,0.6100,0.6000,0.5800
KXBTC15M-26APR191800-00,3,0.2400,0.2400,0.2300
KXBTC15M-26APR191800-00,4,0.1500,0.1500,0.1300
KXBTC15M-26APR191800-00,5,0.1600,0.1600,0.1500
KXBTC15M-26APR192000-00,3,0.5900,0.6000,0.5900
KXBTC15M-26APR192000-00,4,0.5700,0.5800,0.5600
KXBTC15M-26APR192000-00,5,0.7100,0.7100,0.7000
KXBTC15M-26APR191430-30,3,0.5200,0.5200,0.5100
KXBTC15M-26APR191430-30,4,0.3700,0.3700,0.3600
KXBTC15M-26APR191430-30,5,0.3200,0.3200,0.3100
KXBTC15M-26APR191500-00,3,0.4200,0.4300,0.4100
KXBTC15M-26APR191500-00,4,0.6300,0.6500,0.6400
KXBTC15M-26APR191500-00,5,0.8000,0.8000,0.7900
KXBTC15M-26APR191915-15,3,0.1200,0.1300,0.1200
KXBTC15M-26APR191915-15,4,0.1500,0.1500,0.1400
KXBTC15M-26APR191915-15,5,0.1100,0.1100,0.1000
KXBTC15M-26APR191315-15,3,0.3600,0.3600,0.3500
KXBTC15M-26APR191315-15,4,0.0860,0.0900,0.0890
KXBTC15M-26APR191315-15,5,0.0590,0.0590,0.0580
KXBTC15M-26APR191545-45,3,0.6500,0.6600,0.6500
KXBTC15M-26APR191545-45,4,0.4600,0.4700,0.4600
KXBTC15M-26APR191545-45,5,0.5000,0.5000,0.4900
KXBTC15M-26APR191530-30,3,0.5500,0.5600,0.5400
KXBTC15M-26APR191530-30,4,0.6900,0.7000,0.6900
KXBTC15M-26APR191530-30,5,0.7500,0.7700,0.7600
KXBTC15M-26APR191215-15,3,0.3000,0.3000,0.2900
KXBTC15M-26APR191215-15,4,0.6000,0.6100,0.6000
KXBTC15M-26APR191215-15,5,0.4500,0.4300,0.4200
KXBTC15M-26APR191300-00,3,0.7800,0.7900,0.7800
KXBTC15M-26APR191300-00,4,0.7500,0.7600,0.7500
KXBTC15M-26APR191300-00,5,0.6600,0.6800,0.6600
KXBTC15M-26APR191245-45,3,0.7500,0.7500,0.7400
KXBTC15M-26APR191245-45,4,0.8100,0.8200,0.8100
KXBTC15M-26APR191245-45,5,0.7700,0.7700,0.7500
KXBTC15M-26APR191730-30,3,0.2300,0.2300,0.2200
KXBTC15M-26APR191730-30,4,0.3200,0.3200,0.3100
KXBTC15M-26APR191730-30,5,0.2800,0.2900,0.2800
KXBTC15M-26APR191100-00,3,0.8600,0.8700,0.8600
KXBTC15M-26APR191100-00,4,0.8500,0.8600,0.8500
KXBTC15M-26APR191100-00,5,0.9290,0.9300,0.9230
KXBTC15M-26APR191345-45,3,0.3500,0.3500,0.3400
KXBTC15M-26APR191345-45,4,0.1800,0.1800,0.1600
KXBTC15M-26APR191345-45,5,0.2200,0.2200,0.2100
KXBTC15M-26APR191330-30,3,0.6700,0.6800,0.6700
KXBTC15M-26APR191330-30,4,0.6700,0.6700,0.6600
KXBTC15M-26APR191330-30,5,0.7600,0.7600,0.7500
KXBTC15M-26APR191045-45,3,0.1600,0.1700,0.1600
KXBTC15M-26APR191045-45,4,0.1800,0.1900,0.1800
KXBTC15M-26APR191045-45,5,0.1000,0.1000,0.0970
KXBTC15M-26APR191015-15,3,0.3100,0.3000,0.2900
KXBTC15M-26APR191015-15,4,0.2300,0.2400,0.2300
KXBTC15M-26APR191015-15,5,0.0850,0.0970,0.0830
KXBTC15M-26APR191230-30,3,0.3000,0.3100,0.3000
KXBTC15M-26APR191230-30,4,0.2900,0.3000,0.2800
KXBTC15M-26APR191230-30,5,0.3000,0.3000,0.2800
KXBTC15M-26APR190945-45,3,0.3800,0.3800,0.3700
KXBTC15M-26APR190945-45,4,0.4500,0.4500,0.4400
KXBTC15M-26APR190945-45,5,0.4300,0.4500,0.4300
KXBTC15M-26APR191145-45,3,0.1100,0.1100,0.1000
KXBTC15M-26APR191145-45,4,0.0700,0.0700,0.0670
KXBTC15M-26APR191145-45,5,0.0200,0.0200,0.0130
KXBTC15M-26APR190900-00,3,0.4600,0.4600,0.4500
KXBTC15M-26APR190900-00,4,0.4000,0.4000,0.3800
KXBTC15M-26APR190900-00,5,0.5000,0.5000,0.4900
KXBTC15M-26APR190930-30,3,0.9080,0.9080,0.8900
KXBTC15M-26APR190930-30,4,0.9560,0.9620,0.9610
KXBTC15M-26APR190930-30,5,0.9500,0.9500,0.9480
KXBTC15M-26APR191415-15,3,0.6500,0.6500,0.6300
KXBTC15M-26APR191415-15,4,0.2900,0.3000,0.2900
KXBTC15M-26APR191415-15,5,0.3800,0.3700,0.3600
KXBTC15M-26APR190845-45,3,0.3700,0.3700,0.3600
KXBTC15M-26APR190845-45,4,0.6100,0.6100,0.6000
KXBTC15M-26APR190845-45,5,0.5000,0.4900,0.4800
KXBTC15M-26APR190800-00,3,0.6500,0.6700,0.6600
KXBTC15M-26APR190800-00,4,0.6400,0.6500,0.6400
KXBTC15M-26APR190800-00,5,0.8300,0.8300,0.8200
KXBTC15M-26APR190815-15,3,0.4200,0.4200,0.4100
KXBTC15M-26APR190815-15,4,0.6500,0.6600,0.6500
KXBTC15M-26APR190815-15,5,0.6300,0.6200,0.6100
KXBTC15M-26APR190730-30,3,0.7900,0.8000,0.7900
KXBTC15M-26APR190730-30,4,0.6000,0.6000,0.5900
KXBTC15M-26APR190730-30,5,0.5600,0.5500,0.5400
KXBTC15M-26APR190745-45,3,0.7000,0.7100,0.7000
KXBTC15M-26APR190745-45,4,0.6700,0.6700,0.6600
KXBTC15M-26APR190745-45,5,0.7500,0.7500,0.7400
KXBTC15M-26APR190915-15,3,0.8000,0.8100,0.8000
KXBTC15M-26APR190915-15,4,0.8700,0.8800,0.8700
KXBTC15M-26APR190915-15,5,0.8700,0.8800,0.8700
KXBTC15M-26APR191200-00,3,0.7300,0.7500,0.7400
KXBTC15M-26APR191200-00,4,0.8100,0.8100,0.8000
KXBTC15M-26APR191200-00,5,0.5500,0.5400,0.5300
KXBTC15M-26APR190630-30,3,0.3300,0.3400,0.3300
KXBTC15M-26APR190630-30,4,0.3900,0.3900,0.3800
KXBTC15M-26APR190630-30,5,0.4500,0.4500,0.4400
KXBTC15M-26APR190830-30,3,0.5900,0.5800,0.5700
KXBTC15M-26APR190830-30,4,0.6800,0.7000,0.6900
KXBTC15M-26APR190830-30,5,0.6100,0.6300,0.6100
KXBTC15M-26APR191115-15,3,0.2600,0.2700,0.2600
KXBTC15M-26APR191115-15,4,0.4700,0.4800,0.4700
KXBTC15M-26APR191115-15,5,0.2500,0.2600,0.2500
KXBTC15M-26APR190530-30,3,0.1800,0.1800,0.1700
KXBTC15M-26APR190530-30,4,0.2200,0.2200,0.2100
KXBTC15M-26APR190530-30,5,0.1300,0.1300,0.1200
KXBTC15M-26APR190600-00,3,0.1100,0.1100,0.1000
KXBTC15M-26APR190600-00,4,0.1900,0.2000,0.1900
KXBTC15M-26APR190600-00,5,0.0980,0.0880,0.0840
KXBTC15M-26APR190615-15,3,0.7300,0.7500,0.7400
KXBTC15M-26APR190615-15,4,0.7100,0.7200,0.7100
KXBTC15M-26APR190615-15,5,0.5700,0.5800,0.5700
KXBTC15M-26APR190545-45,3,0.7400,0.7400,0.7300
KXBTC15M-26APR190545-45,4,0.5600,0.5700,0.5600
KXBTC15M-26APR190545-45,5,0.6400,0.6200,0.6100
KXBTC15M-26APR190700-00,3,0.4800,0.5000,0.4900
KXBTC15M-26APR190700-00,4,0.7500,0.7500,0.7400
KXBTC15M-26APR190700-00,5,0.9300,0.9380,0.9300
KXBTC15M-26APR190445-45,3,0.2600,0.2700,0.2600
KXBTC15M-26APR190445-45,4,0.3900,0.4000,0.3900
KXBTC15M-26APR190445-45,5,0.5900,0.6000,0.5900
KXBTC15M-26APR190645-45,3,0.5500,0.5700,0.5600
KXBTC15M-26APR190645-45,4,0.5600,0.5600,0.5500
KXBTC15M-26APR190645-45,5,0.4700,0.4700,0.4600
KXBTC15M-26APR190345-45,3,0.8300,0.8300,0.8200
KXBTC15M-26APR190345-45,4,0.7800,0.7800,0.7600
KXBTC15M-26APR190345-45,5,0.5800,0.5800,0.5700
KXBTC15M-26APR190330-30,3,0.0750,0.0900,0.0750
KXBTC15M-26APR190330-30,4,0.0780,0.0840,0.0810
KXBTC15M-26APR190330-30,5,0.0810,0.0740,0.0730
KXBTC15M-26APR190515-15,3,0.4800,0.4900,0.4800
KXBTC15M-26APR190515-15,4,0.4100,0.4200,0.4100
KXBTC15M-26APR190515-15,5,0.4200,0.4300,0.4200
KXBTC15M-26APR190300-00,3,0.3400,0.3400,0.3300
KXBTC15M-26APR190300-00,4,0.4200,0.4300,0.4200
KXBTC15M-26APR190300-00,5,0.5400,0.5500,0.5400
KXBTC15M-26APR190245-45,3,0.7600,0.7600,0.7400
KXBTC15M-26APR190245-45,4,0.8000,0.8100,0.8000
KXBTC15M-26APR190245-45,5,0.8600,0.8700,0.8600
KXBTC15M-26APR190200-00,3,0.4200,0.4300,0.4200
KXBTC15M-26APR190200-00,4,0.4500,0.4500,0.4400
KXBTC15M-26APR190200-00,5,0.4300,0.4300,0.4200
KXBTC15M-26APR190715-15,3,0.5300,0.5300,0.5200
KXBTC15M-26APR190715-15,4,0.5400,0.5400,0.5300
KXBTC15M-26APR190715-15,5,0.5900,0.6000,0.5900
KXBTC15M-26APR190115-15,3,0.1300,0.1300,0.1200
KXBTC15M-26APR190115-15,4,0.0680,0.0680,0.0650
KXBTC15M-26APR190115-15,5,0.0520,0.0530,0.0490
KXBTC15M-26APR190100-00,3,0.8300,0.8400,0.8300
KXBTC15M-26APR190100-00,4,0.8900,0.9010,0.9000
KXBTC15M-26APR190100-00,5,0.9320,0.9320,0.9220
KXBTC15M-26APR190030-30,3,0.5200,0.5200,0.5100
KXBTC15M-26APR190030-30,4,0.4700,0.4800,0.4700
KXBTC15M-26APR190030-30,5,0.5600,0.5700,0.5600
KXBTC15M-26APR190015-15,3,0.8400,0.8500,0.8400
KXBTC15M-26APR190015-15,4,0.8900,0.9000,0.8900
KXBTC15M-26APR190015-15,5,0.9330,0.9350,0.9340
KXBTC15M-26APR190045-45,3,0.1400,0.1400,0.1300
KXBTC15M-26APR190045-45,4,0.1600,0.1700,0.1600
KXBTC15M-26APR190045-45,5,0.0980,0.0980,0.0970
KXBTC15M-26APR182330-30,3,0.3700,0.3800,0.3500
KXBTC15M-26APR182330-30,4,0.3200,0.3100,0.3000
KXBTC15M-26APR182330-30,5,0.2400,0.2500,0.2400
KXBTC15M-26APR190215-15,3,0.1600,0.1700,0.1600
KXBTC15M-26APR190215-15,4,0.1000,0.1100,0.0990
KXBTC15M-26APR190215-15,5,0.1300,0.1400,0.1300
KXBTC15M-26APR190500-00,3,0.5300,0.5400,0.5300
KXBTC15M-26APR190500-00,4,0.5900,0.6000,0.5900
KXBTC15M-26APR190500-00,5,0.4200,0.4300,0.4200
KXBTC15M-26APR190130-30,3,0.4700,0.4700,0.4600
KXBTC15M-26APR190130-30,4,0.4800,0.4900,0.4800
KXBTC15M-26APR190130-30,5,0.4800,0.4800,0.4700
KXBTC15M-26APR190415-15,3,0.2700,0.2800,0.2700
KXBTC15M-26APR190415-15,4,0.2000,0.2000,0.1900
KXBTC15M-26APR190415-15,5,0.1700,0.1700,0.1600
KXBTC15M-26APR182245-45,3,0.5000,0.5000,0.4900
KXBTC15M-26APR182245-45,4,0.5200,0.5300,0.5200
KXBTC15M-26APR182245-45,5,0.3700,0.3700,0.3600
KXBTC15M-26APR182200-00,3,0.6900,0.7000,0.6900
KXBTC15M-26APR182200-00,4,0.6700,0.6900,0.6800
KXBTC15M-26APR182200-00,5,0.7000,0.7100,0.7000
KXBTC15M-26APR190315-15,3,0.2700,0.2800,0.2700
KXBTC15M-26APR190315-15,4,0.2900,0.3000,0.2900
KXBTC15M-26APR190315-15,5,0.2900,0.2900,0.2800
KXBTC15M-26APR190000-00,3,0.5900,0.5900,0.5800
KXBTC15M-26APR190000-00,4,0.7200,0.7300,0.7200
KXBTC15M-26APR190000-00,5,0.7600,0.7700,0.7600
KXBTC15M-26APR182145-45,3,0.4100,0.4200,0.4100
KXBTC15M-26APR182145-45,4,0.3300,0.3300,0.3200
KXBTC15M-26APR182145-45,5,0.2100,0.2100,0.2000
KXBTC15M-26APR182100-00,3,0.8900,0.9000,0.8900
KXBTC15M-26APR182100-00,4,0.9100,0.9110,0.9100
KXBTC15M-26APR182100-00,5,0.9100,0.9150,0.9100
KXBTC15M-26APR190230-30,3,0.2700,0.2500,0.2400
KXBTC15M-26APR190230-30,4,0.3400,0.3500,0.3400
KXBTC15M-26APR190230-30,5,0.3500,0.3700,0.3500
KXBTC15M-26APR182230-30,3,0.7400,0.7500,0.7400
KXBTC15M-26APR182230-30,4,0.7700,0.7900,0.7800
KXBTC15M-26APR182230-30,5,0.9140,0.9110,0.9050
KXBTC15M-26APR190145-45,3,0.8800,0.8900,0.8800
KXBTC15M-26APR190145-45,4,0.8800,0.8900,0.8800
KXBTC15M-26APR190145-45,5,0.9220,0.9270,0.9220
KXBTC15M-26APR182015-15,3,0.7700,0.7800,0.7700
KXBTC15M-26APR182015-15,4,0.8600,0.8700,0.8600
KXBTC15M-26APR182015-15,5,0.9120,0.9230,0.9120
KXBTC15M-26APR182030-30,3,0.1800,0.1900,0.1800
KXBTC15M-26APR182030-30,4,0.1700,0.1700,0.1600
KXBTC15M-26APR182030-30,5,0.1400,0.1400,0.1300
KXBTC15M-26APR182000-00,3,0.5100,0.5100,0.5000
KXBTC15M-26APR182000-00,4,0.4800,0.5000,0.4800
KXBTC15M-26APR182000-00,5,0.3300,0.3400,0.3300
KXBTC15M-26APR182130-30,3,0.4300,0.4300,0.4200
KXBTC15M-26APR182130-30,4,0.3500,0.3600,0.3500
KXBTC15M-26APR182130-30,5,0.3300,0.3300,0.3200
KXBTC15M-26APR181900-00,3,0.8100,0.8200,0.8000
KXBTC15M-26APR181900-00,4,0.8300,0.8300,0.8200
KXBTC15M-26APR181900-00,5,0.8900,0.9000,0.8900
KXBTC15M-26APR182345-45,3,0.6500,0.6600,0.6500
KXBTC15M-26APR182345-45,4,0.7300,0.7400,0.7300
KXBTC15M-26APR182345-45,5,0.8100,0.8200,0.8100
KXBTC15M-26APR182045-45,3,0.4700,0.4700,0.4600
KXBTC15M-26APR182045-45,4,0.3200,0.3300,0.3200
KXBTC15M-26APR182045-45,5,0.2600,0.2700,0.2600
KXBTC15M-26APR181845-45,3,0.9030,0.9100,0.9040
KXBTC15M-26APR181845-45,4,0.9210,0.9220,0.9130
KXBTC15M-26APR181845-45,5,0.9320,0.9370,0.9320
KXBTC15M-26APR182300-00,3,0.3100,0.3100,0.3000
KXBTC15M-26APR182300-00,4,0.2000,0.2000,0.1900
KXBTC15M-26APR182300-00,5,0.1100,0.1100,0.1000
KXBTC15M-26APR181745-45,3,0.4800,0.4900,0.4800
KXBTC15M-26APR181745-45,4,0.5000,0.5000,0.4800
KXBTC15M-26APR181745-45,5,0.4300,0.4500,0.4300
KXBTC15M-26APR181945-45,3,0.1000,0.0980,0.0970
KXBTC15M-26APR181945-45,4,0.1600,0.1700,0.1600
KXBTC15M-26APR181945-45,5,0.0580,0.0600,0.0580
KXBTC15M-26APR181930-30,3,0.4200,0.4300,0.4200
KXBTC15M-26APR181930-30,4,0.3700,0.3900,0.3700
KXBTC15M-26APR181930-30,5,0.4100,0.4100,0.4000
KXBTC15M-26APR181630-30,3,0.7000,0.7100,0.7000
KXBTC15M-26APR181630-30,4,0.3900,0.4000,0.3900
KXBTC15M-26APR181630-30,5,0.5100,0.5100,0.5000
KXBTC15M-26APR181700-00,3,0.4900,0.4900,0.4800
KXBTC15M-26APR181700-00,4,0.7300,0.7400,0.7300
KXBTC15M-26APR181700-00,5,0.7100,0.7300,0.7200
KXBTC15M-26APR181830-30,3,0.4800,0.4900,0.4800
KXBTC15M-26APR181830-30,4,0.4500,0.4500,0.4400
KXBTC15M-26APR181830-30,5,0.5200,0.5300,0.5200
KXBTC15M-26APR181815-15,3,0.0880,0.0900,0.0870
KXBTC15M-26APR181815-15,4,0.0660,0.0660,0.0590
KXBTC15M-26APR181815-15,5,0.0700,0.0750,0.0700
KXBTC15M-26APR181600-00,3,0.7600,0.7700,0.7500
KXBTC15M-26APR181600-00,4,0.7200,0.7300,0.7200
KXBTC15M-26APR181600-00,5,0.7800,0.8000,0.7900
KXBTC15M-26APR181515-15,3,0.7400,0.7500,0.7400
KXBTC15M-26APR181515-15,4,0.7700,0.7800,0.7700
KXBTC15M-26APR181515-15,5,0.7600,0.7600,0.7500
KXBTC15M-26APR181545-45,3,0.1800,0.1800,0.1700
KXBTC15M-26APR181545-45,4,0.1300,0.1300,0.1200
KXBTC15M-26APR181545-45,5,0.0980,0.0980,0.0920
KXBTC15M-26APR181645-45,3,0.5700,0.5800,0.5700
KXBTC15M-26APR181645-45,4,0.6300,0.6400,0.6300
KXBTC15M-26APR181645-45,5,0.7500,0.7600,0.7500
KXBTC15M-26APR181500-00,3,0.9020,0.9010,0.9000
KXBTC15M-26APR181500-00,4,0.8600,0.8700,0.8600
KXBTC15M-26APR181500-00,5,0.8600,0.8600,0.8500
KXBTC15M-26APR181430-30,3,0.0910,0.1000,0.0990
KXBTC15M-26APR181430-30,4,0.0460,0.0560,0.0520
KXBTC15M-26APR181430-30,5,0.0440,0.0420,0.0390
KXBTC15M-26APR181615-15,3,0.2000,0.2000,0.1900
KXBTC15M-26APR181615-15,4,0.2100,0.2100,0.2000
KXBTC15M-26APR181615-15,5,0.2700,0.2700,0.2500
KXBTC15M-26APR181915-15,3,0.7100,0.7200,0.7100
KXBTC15M-26APR181915-15,4,0.7300,0.7300,0.7200
KXBTC15M-26APR181915-15,5,0.6400,0.6400,0.6200
KXBTC15M-26APR181400-00,3,0.5200,0.5300,0.5200
KXBTC15M-26APR181400-00,4,0.5400,0.5500,0.5400
KXBTC15M-26APR181400-00,5,0.5400,0.5500,0.5400
KXBTC15M-26APR181415-15,3,0.1600,0.1700,0.1600
KXBTC15M-26APR181415-15,4,0.1800,0.1800,0.1700
KXBTC15M-26APR181415-15,5,0.1400,0.1500,0.1400
KXBTC15M-26APR181800-00,3,0.8400,0.8500,0.8400
KXBTC15M-26APR181800-00,4,0.7800,0.7900,0.7800
KXBTC15M-26APR181800-00,5,0.6500,0.6600,0.6500
KXBTC15M-26APR181315-15,3,0.3200,0.3200,0.3100
KXBTC15M-26APR181315-15,4,0.3100,0.3100,0.3000
KXBTC15M-26APR181315-15,5,0.1400,0.1400,0.1300
KXBTC15M-26APR181300-00,3,0.1900,0.1900,0.1800
KXBTC15M-26APR181300-00,4,0.2000,0.2000,0.1900
KXBTC15M-26APR181300-00,5,0.0980,0.0940,0.0900
KXBTC15M-26APR181715-15,3,0.7400,0.7600,0.7400
KXBTC15M-26APR181715-15,4,0.7600,0.7700,0.7500
KXBTC15M-26APR181715-15,5,0.7600,0.7700,0.7600
KXBTC15M-26APR181200-00,3,0.4600,0.4600,0.4500
KXBTC15M-26APR181200-00,4,0.4600,0.4800,0.4700
KXBTC15M-26APR181200-00,5,0.4500,0.4500,0.4400
KXBTC15M-26APR181100-00,3,0.3500,0.3700,0.3600
KXBTC15M-26APR181100-00,4,0.3100,0.3200,0.3100
KXBTC15M-26APR181100-00,5,0.4600,0.4700,0.4600
KXBTC15M-26APR181345-45,3,0.5700,0.5800,0.5700
KXBTC15M-26APR181345-45,4,0.5900,0.5900,0.5800
KXBTC15M-26APR181345-45,5,0.5800,0.5800,0.5700
KXBTC15M-26APR181045-45,3,0.7100,0.7100,0.7000
KXBTC15M-26APR181045-45,4,0.8400,0.8500,0.8400
KXBTC15M-26APR181045-45,5,0.9030,0.9080,0.9030
KXBTC15M-26APR181245-45,3,0.2100,0.2100,0.2000
KXBTC15M-26APR181245-45,4,0.3000,0.3000,0.2900
KXBTC15M-26APR181245-45,5,0.4400,0.4400,0.4300
KXBTC15M-26APR181230-30,3,0.0300,0.0300,0.0290
KXBTC15M-26APR181230-30,4,0.0940,0.1000,0.0970
KXBTC15M-26APR181230-30,5,0.0900,0.0910,0.0900
KXBTC15M-26APR180945-45,3,0.3100,0.3300,0.3100
KXBTC15M-26APR180945-45,4,0.1800,0.1800,0.1600
KXBTC15M-26APR180945-45,5,0.0770,0.0880,0.0720
KXBTC15M-26APR181015-15,3,0.4800,0.4800,0.4700
KXBTC15M-26APR181015-15,4,0.3900,0.4000,0.3900
KXBTC15M-26APR181015-15,5,0.2400,0.2400,0.2300
KXBTC15M-26APR181145-45,3,0.5400,0.5500,0.5400
KXBTC15M-26APR181145-45,4,0.5800,0.5900,0.5800
KXBTC15M-26APR181145-45,5,0.4500,0.4600,0.4400
KXBTC15M-26APR180915-15,3,0.4200,0.4100,0.4000
KXBTC15M-26APR180915-15,4,0.2600,0.2600,0.2500
KXBTC15M-26APR180915-15,5,0.2600,0.2600,0.2500
KXBTC15M-26APR181030-30,3,0.5800,0.5800,0.5700
KXBTC15M-26APR181030-30,4,0.5000,0.5000,0.4900
KXBTC15M-26APR181030-30,5,0.4200,0.4400,0.4200
KXBTC15M-26APR180845-45,3,0.6600,0.6800,0.6700
KXBTC15M-26APR180845-45,4,0.5300,0.5300,0.5200
KXBTC15M-26APR180845-45,5,0.3400,0.3500,0.3400
KXBTC15M-26APR180900-00,3,0.6800,0.6900,0.6800
KXBTC15M-26APR180900-00,4,0.7800,0.7800,0.7700
KXBTC15M-26APR180900-00,5,0.8200,0.8300,0.8200
KXBTC15M-26APR180800-00,3,0.5500,0.5500,0.5300
KXBTC15M-26APR180800-00,4,0.5500,0.5400,0.5300
KXBTC15M-26APR180800-00,5,0.5500,0.5600,0.5500
KXBTC15M-26APR181000-00,3,0.6800,0.6800,0.6600
KXBTC15M-26APR181000-00,4,0.8100,0.8200,0.8000
KXBTC15M-26APR181000-00,5,0.9380,0.9380,0.9300
KXBTC15M-26APR180830-30,3,0.7400,0.7700,0.7600
KXBTC15M-26APR180830-30,4,0.5900,0.5900,0.5800
KXBTC15M-26APR180830-30,5,0.3200,0.3200,0.3100
KXBTC15M-26APR180745-45,3,0.6600,0.6700,0.6600
KXBTC15M-26APR180745-45,4,0.7900,0.7900,0.7800
KXBTC15M-26APR180745-45,5,0.4100,0.4200,0.4100
KXBTC15M-26APR181215-15,3,0.1000,0.1100,0.1000
KXBTC15M-26APR181215-15,4,0.0880,0.0880,0.0820
KXBTC15M-26APR181215-15,5,0.1400,0.1400,0.1300
KXBTC15M-26APR180715-15,3,0.2000,0.2000,0.1900
KXBTC15M-26APR180715-15,4,0.3100,0.3100,0.3000
KXBTC15M-26APR180715-15,5,0.2500,0.2600,0.2500
KXBTC15M-26APR180700-00,3,0.7000,0.7100,0.7000
KXBTC15M-26APR180700-00,4,0.4400,0.4600,0.4400
KXBTC15M-26APR180700-00,5,0.4100,0.4200,0.4100
KXBTC15M-26APR181115-15,3,0.6400,0.6400,0.6300
KXBTC15M-26APR181115-15,4,0.8000,0.8000,0.7900
KXBTC15M-26APR181115-15,5,0.6400,0.6200,0.6100
KXBTC15M-26APR180600-00,3,0.8400,0.8400,0.8300
KXBTC15M-26APR180600-00,4,0.7500,0.7600,0.7500
KXBTC15M-26APR180600-00,5,0.7400,0.7300,0.7200
KXBTC15M-26APR180615-15,3,0.0740,0.0740,0.0720
KXBTC15M-26APR180615-15,4,0.0500,0.0530,0.0510
KXBTC15M-26APR180615-15,5,0.0230,0.0260,0.0240
KXBTC15M-26APR180515-15,3,0.0970,0.1000,0.0960
KXBTC15M-26APR180515-15,4,0.1800,0.2000,0.1800
KXBTC15M-26APR180515-15,5,0.1500,0.1500,0.1400
KXBTC15M-26APR180500-00,3,0.9290,0.9300,0.9290
KXBTC15M-26APR180500-00,4,0.9220,0.9300,0.9220
KXBTC15M-26APR180500-00,5,0.9360,0.9350,0.9320
KXBTC15M-26APR180645-45,3,0.1500,0.1500,0.1400
KXBTC15M-26APR180645-45,4,0.2400,0.2400,0.2300
KXBTC15M-26APR180645-45,5,0.1100,0.1200,0.1100
KXBTC15M-26APR180430-30,3,0.1600,0.1700,0.1600
KXBTC15M-26APR180430-30,4,0.4300,0.4200,0.4100
KXBTC15M-26APR180430-30,5,0.3900,0.4000,0.3900
KXBTC15M-26APR180400-00,3,0.4600,0.4700,0.4600
KXBTC15M-26APR180400-00,4,0.3100,0.3200,0.3100
KXBTC15M-26APR180400-00,5,0.1600,0.1700,0.1600
KXBTC15M-26APR180345-45,3,0.3700,0.3700,0.3600
KXBTC15M-26APR180345-45,4,0.3300,0.3500,0.3300
KXBTC15M-26APR180345-45,5,0.2600,0.2900,0.2600
KXBTC15M-26APR180530-30,3,0.3400,0.3400,0.3200
KXBTC15M-26APR180530-30,4,0.2900,0.2800,0.2700
KXBTC15M-26APR180530-30,5,0.2800,0.2800,0.2700
KXBTC15M-26APR180545-45,3,0.8300,0.8300,0.8200
KXBTC15M-26APR180545-45,4,0.8800,0.8900,0.8800
KXBTC15M-26APR180545-45,5,0.8500,0.8600,0.8500
KXBTC15M-26APR180815-15,3,0.8800,0.8900,0.8800
KXBTC15M-26APR180815-15,4,0.9100,0.9230,0.9220
KXBTC15M-26APR180815-15,5,0.9230,0.9220,0.9150
KXBTC15M-26APR180300-00,3,0.3900,0.4000,0.3900
KXBTC15M-26APR180300-00,4,0.3300,0.3400,0.3300
KXBTC15M-26APR180300-00,5,0.5000,0.5200,0.5100
KXBTC15M-26APR180215-15,3,0.8300,0.8400,0.8200
KXBTC15M-26APR180215-15,4,0.4100,0.4100,0.4000
KXBTC15M-26APR180215-15,5,0.4300,0.4400,0.4300
KXBTC15M-26APR180145-45,3,0.3700,0.3800,0.3700
KXBTC15M-26APR180145-45,4,0.5400,0.5500,0.5400
KXBTC15M-26APR180145-45,5,0.3100,0.3000,0.2900
KXBTC15M-26APR180315-15,3,0.5700,0.5800,0.5700
KXBTC15M-26APR180315-15,4,0.6100,0.6300,0.6200
KXBTC15M-26APR180315-15,5,0.4600,0.4600,0.4500
KXBTC15M-26APR180200-00,3,0.3000,0.3000,0.2900
KXBTC15M-26APR180200-00,4,0.4000,0.4100,0.3800
KXBTC15M-26APR180200-00,5,0.3400,0.3600,0.3500
KXBTC15M-26APR180130-30,3,0.4000,0.4200,0.4100
KXBTC15M-26APR180130-30,4,0.3700,0.3700,0.3600
KXBTC15M-26APR180130-30,5,0.4200,0.4200,0.4100
KXBTC15M-26APR180230-30,3,0.3000,0.3300,0.3100
KXBTC15M-26APR180230-30,4,0.3100,0.3200,0.3100
KXBTC15M-26APR180230-30,5,0.1800,0.1800,0.1700
KXBTC15M-26APR180245-45,3,0.6000,0.6100,0.6000
KXBTC15M-26APR180245-45,4,0.6000,0.6000,0.5800
KXBTC15M-26APR180245-45,5,0.8400,0.8400,0.8100
KXBTC15M-26APR180045-45,3,0.1900,0.1900,0.1800
KXBTC15M-26APR180045-45,4,0.2500,0.2500,0.2200
KXBTC15M-26APR180045-45,5,0.3100,0.3400,0.3200
KXBTC15M-26APR172330-30,3,0.4100,0.4300,0.4100
KXBTC15M-26APR172330-30,4,0.3500,0.3600,0.3500
KXBTC15M-26APR172330-30,5,0.2800,0.2800,0.2700
KXBTC15M-26APR180015-15,3,0.7100,0.7300,0.7200
KXBTC15M-26APR180015-15,4,0.8200,0.8300,0.8000
KXBTC15M-26APR180015-15,5,0.8700,0.8900,0.8700
KXBTC15M-26APR180000-00,3,0.3500,0.3500,0.3400
KXBTC15M-26APR180000-00,4,0.6300,0.6400,0.6300
KXBTC15M-26APR180000-00,5,0.6700,0.6700,0.6600
KXBTC15M-26APR172315-15,3,0.3400,0.3400,0.3300
KXBTC15M-26APR172315-15,4,0.4900,0.4900,0.4800
KXBTC15M-26APR172315-15,5,0.2700,0.2700,0.2600
KXBTC15M-26APR172230-30,3,0.8900,0.9000,0.8900
KXBTC15M-26APR172230-30,4,0.9000,0.9000,0.8900
KXBTC15M-26APR172230-30,5,0.9000,0.9000,0.8900
KXBTC15M-26APR172215-15,3,0.1600,0.1700,0.1600
KXBTC15M-26APR172215-15,4,0.2200,0.2200,0.2100
KXBTC15M-26APR172215-15,5,0.3500,0.3500,0.3400
KXBTC15M-26APR172200-00,3,0.4600,0.4600,0.4500
KXBTC15M-26APR172200-00,4,0.1300,0.1300,0.1200
KXBTC15M-26APR172200-00,5,0.2500,0.2500,0.2400
KXBTC15M-26APR172130-30,3,0.4800,0.4900,0.4800
KXBTC15M-26APR172130-30,4,0.6200,0.6200,0.6100
KXBTC15M-26APR172130-30,5,0.4700,0.4700,0.4600
KXBTC15M-26APR172345-45,3,0.5400,0.5400,0.5300
KXBTC15M-26APR172345-45,4,0.4000,0.3900,0.3800
KXBTC15M-26APR172345-45,5,0.3700,0.3700,0.3600
KXBTC15M-26APR172145-45,3,0.4100,0.4200,0.4100
KXBTC15M-26APR172145-45,4,0.2600,0.2600,0.2500
KXBTC15M-26APR172145-45,5,0.3800,0.3900,0.3800
KXBTC15M-26APR172100-00,3,0.6900,0.7000,0.6900
KXBTC15M-26APR172100-00,4,0.8300,0.8500,0.8400
KXBTC15M-26APR172100-00,5,0.7900,0.8000,0.7900
KXBTC15M-26APR172245-45,3,0.3000,0.3000,0.2900
KXBTC15M-26APR172245-45,4,0.2500,0.2600,0.2500
KXBTC15M-26APR172245-45,5,0.1700,0.1800,0.1700
KXBTC15M-26APR172300-00,3,0.4600,0.4700,0.4600
KXBTC15M-26APR172300-00,4,0.4500,0.4500,0.4400
KXBTC15M-26APR172300-00,5,0.3100,0.3200,0.3100
KXBTC15M-26APR172030-30,3,0.8700,0.8800,0.8700
KXBTC15M-26APR172030-30,4,0.9000,0.9000,0.8900
KXBTC15M-26APR172030-30,5,0.8500,0.8600,0.8500
KXBTC15M-26APR172000-00,3,0.8100,0.8200,0.8100
KXBTC15M-26APR172000-00,4,0.8800,0.8900,0.8800
KXBTC15M-26APR172000-00,5,0.8300,0.8300,0.8200
KXBTC15M-26APR180030-30,3,0.2400,0.2400,0.2300
KXBTC15M-26APR180030-30,4,0.2000,0.2200,0.2100
KXBTC15M-26APR180030-30,5,0.0900,0.0900,0.0890
KXBTC15M-26APR180100-00,3,0.5100,0.5100,0.4900
KXBTC15M-26APR180100-00,4,0.3700,0.3900,0.3700
KXBTC15M-26APR180100-00,5,0.7000,0.6900,0.6800
KXBTC15M-26APR180115-15,3,0.7700,0.7800,0.7700
KXBTC15M-26APR180115-15,4,0.8400,0.8500,0.8400
KXBTC15M-26APR180115-15,5,0.8400,0.8400,0.8300
KXBTC15M-26APR172045-45,3,0.2400,0.2500,0.2300
KXBTC15M-26APR172045-45,4,0.0680,0.0660,0.0630
KXBTC15M-26APR172045-45,5,0.0970,0.0970,0.0910
KXBTC15M-26APR172015-15,3,0.7700,0.7800,0.7700
KXBTC15M-26APR172015-15,4,0.7400,0.7500,0.7400
KXBTC15M-26APR172015-15,5,0.8000,0.8000,0.7900
KXBTC15M-26APR172115-15,3,0.4600,0.4700,0.4600
KXBTC15M-26APR172115-15,4,0.6800,0.6800,0.6700
KXBTC15M-26APR172115-15,5,0.7200,0.7200,0.7100
