session_id,resolved_ts,pnl
s_third,2026-05-07T11:22:13.672987+00:00,18.6
s_third,2026-05-07T11:27:31.163707+00:00,10.91
s_third,2026-05-07T11:32:58.170727+00:00,8.56
s_third,2026-05-07T11:37:51.412436+00:00,13.36
s_third,2026-05-07T11:42:36.692137+00:00,-100.0
s_third,2026-05-07T11:53:13.454973+00:00,14.62
s_third,2026-05-07T11:58:03.715249+00:00,18.6
s_third,2026-05-07T12:07:46.934919+00:00,12.12
s_third,2026-05-07T12:13:22.927803+00:00,8.56
s_third,2026-05-07T12:26:33.674388+00:00,5.21
s_third,2026-05-07T12:36:53.947818+00:00,18.6
s_third,2026-05-07T12:38:42.664941+00:00,-100.0
s_third,2026-05-07T12:43:33.415210+00:00,-100.0
s_third,2026-05-07T12:49:05.170537+00:00,-100.0
s_third,2026-05-07T12:53:55.949014+00:00,17.24
s_third,2026-05-07T12:58:55.933547+00:00,6.3
s_third,2026-05-07T13:03:46.912598+00:00,-100.0
s_third,2026-05-07T13:08:56.928531+00:00,25.89
s_third,2026-05-07T13:20:01.165467+00:00,36.02
s_third,2026-05-07T13:23:52.931597+00:00,13.36
s_third,2026-05-07T13:28:47.710156+00:00,8.56
s_third,2026-05-07T13:38:49.449089+00:00,5.21
s_third,2026-05-07T13:44:48.705727+00:00,19.98
s_third,2026-05-07T13:48:33.175428+00:00,21.41
s_third,2026-05-07T13:54:05.457248+00:00,6.3
s_third,2026-05-07T13:59:44.664423+00:00,5.21
s_third,2026-05-07T14:10:01.417700+00:00,-100.0
s_third,2026-05-07T14:14:57.666019+00:00,70.93
s_third,2026-05-07T14:30:09.439110+00:00,41.75
s_third,2026-05-07T14:35:01.165563+00:00,39.79
s_third,2026-05-07T14:40:23.209341+00:00,13.36
s_third,2026-05-07T14:45:16.182519+00:00,45.88
s_third,2026-05-07T14:50:19.440289+00:00,12.12
s_third,2026-05-07T14:55:17.969571+00:00,22.86
s_third,2026-05-07T15:00:45.927463+00:00,15.92
s_third,2026-05-07T15:05:40.168969+00:00,6.3
s_third,2026-05-07T15:10:30.676382+00:00,50.26
s_third,2026-05-07T15:15:34.961163+00:00,19.98
s_third,2026-05-07T15:20:52.210351+00:00,25.89
s_third,2026-05-07T15:25:50.464185+00:00,29.09
s_third,2026-05-07T15:30:49.682168+00:00,9.72
s_third,2026-05-07T15:36:01.915645+00:00,-100.0
s_third,2026-05-07T15:40:42.924457+00:00,5.21
s_third,2026-05-07T15:45:33.171419+00:00,54.92
s_third,2026-05-07T15:50:34.450279+00:00,9.72
s_third,2026-05-07T15:55:45.919626+00:00,9.72
s_third,2026-05-07T16:00:54.429433+00:00,12.12
s_third,2026-05-07T16:11:09.424411+00:00,-100.0
s_third,2026-05-07T16:16:50.666653+00:00,14.62
s_third,2026-05-07T16:19:49.959866+00:00,32.45
s_third,2026-05-07T16:21:42.169373+00:00,27.47
s_third,2026-05-07T16:36:50.220314+00:00,10.91
s_third,2026-05-07T16:37:35.708507+00:00,25.89
s_third,2026-05-07T16:42:38.942432+00:00,8.56
s_third,2026-05-07T16:51:30.697962+00:00,54.92
s_third,2026-05-07T16:57:24.706692+00:00,41.75
s_third,2026-05-07T16:57:47.919813+00:00,10.91
s_third,2026-05-07T17:02:05.213957+00:00,5.21
s_third,2026-05-07T17:07:17.661981+00:00,15.92
s_third,2026-05-07T17:13:33.418076+00:00,13.36
s_third,2026-05-07T17:17:07.161622+00:00,32.45
s_third,2026-05-07T17:37:56.963307+00:00,5.21
s_third,2026-05-07T17:42:31.937630+00:00,7.42
s_third,2026-05-07T17:48:26.683338+00:00,9.72
s_third,2026-05-07T17:54:57.703041+00:00,5.21
s_third,2026-05-07T18:10:58.951591+00:00,13.36
s_third,2026-05-07T18:16:19.965104+00:00,-100.0
s_third,2026-05-07T18:21:20.957388+00:00,45.88
s_third,2026-05-07T18:24:29.702446+00:00,27.47
s_third,2026-05-07T18:27:39.161755+00:00,13.36
s_third,2026-05-07T18:33:24.914495+00:00,8.56
s_third,2026-05-07T18:44:22.661920+00:00,-100.0
s_third,2026-05-07T18:49:32.438854+00:00,48.03
s_third,2026-05-07T18:54:42.463903+00:00,21.41
s_third,2026-05-07T18:59:36.455618+00:00,70.93
s_third,2026-05-07T19:09:55.951298+00:00,5.21
s_third,2026-05-07T19:15:08.683846+00:00,22.86
s_third,2026-05-07T19:21:49.451041+00:00,59.9
s_third,2026-05-07T19:28:59.197433+00:00,18.6
s_third,2026-05-07T19:43:44.433748+00:00,5.21
s_third,2026-05-07T19:49:34.665641+00:00,10.91
s_third,2026-05-07T19:56:19.678800+00:00,-100.0
s_third,2026-05-07T19:57:03.185420+00:00,18.6
s_third,2026-05-07T20:03:37.436417+00:00,6.3
s_third,2026-05-07T20:15:18.439300+00:00,13.36
s_third,2026-05-07T20:25:47.196080+00:00,17.24
s_third,2026-05-07T20:30:46.698436+00:00,5.21
s_third,2026-05-07T20:35:28.216784+00:00,5.21
s_third,2026-05-07T20:41:02.443979+00:00,15.92
s_third,2026-05-07T20:45:50.194357+00:00,5.21
s_third,2026-05-07T20:48:46.918440+00:00,-100.0
s_third,2026-05-07T20:53:43.415003+00:00,6.3
s_third,2026-05-07T20:58:49.416037+00:00,12.12
s_third,2026-05-07T21:05:03.461193+00:00,5.21
s_third,2026-05-07T21:10:04.175373+00:00,13.36
s_third,2026-05-07T21:26:02.202137+00:00,15.92
s_third,2026-05-07T21:31:13.687566+00:00,-100.0
s_third,2026-05-07T21:33:40.470430+00:00,17.24
s_third,2026-05-07T21:40:19.203551+00:00,29.09
s_third,2026-05-07T21:45:07.693965+00:00,5.21
s_third,2026-05-07T21:50:20.453136+00:00,12.12
s_third,2026-05-07T21:55:23.940512+00:00,5.21
s_third,2026-05-07T22:00:31.711632+00:00,5.21
s_third,2026-05-07T22:05:24.175812+00:00,6.3
s_third,2026-05-07T22:11:44.185945+00:00,8.56
s_third,2026-05-07T22:16:22.418681+00:00,13.36
s_third,2026-05-07T22:22:33.698764+00:00,5.21
s_third,2026-05-07T22:29:16.204278+00:00,32.45
s_third,2026-05-07T22:34:45.436282+00:00,24.36
s_third,2026-05-07T22:39:31.459105+00:00,-100.0
s_third,2026-05-07T22:44:29.667133+00:00,8.56
s_third,2026-05-07T22:49:25.662871+00:00,-100.0
s_third,2026-05-07T22:55:44.915640+00:00,8.56
s_third,2026-05-07T23:06:07.186814+00:00,6.3
s_third,2026-05-07T23:11:08.414722+00:00,62.52
s_third,2026-05-07T23:15:48.699217+00:00,25.89
s_third,2026-05-07T23:21:00.219856+00:00,21.41
s_third,2026-05-07T23:24:38.210831+00:00,6.3
s_third,2026-05-07T23:35:07.695281+00:00,9.72
s_third,2026-05-07T23:39:07.464634+00:00,22.86
s_third,2026-05-07T23:49:05.934517+00:00,12.12
s_third,2026-05-07T23:54:04.956849+00:00,15.92
s_third,2026-05-07T23:58:47.692722+00:00,5.21
s_third,2026-05-08T00:02:39.195167+00:00,-100.0
s_third,2026-05-08T00:09:13.461943+00:00,7.42
s_third,2026-05-08T00:15:36.447174+00:00,5.21
s_third,2026-05-08T00:21:34.426021+00:00,-100.0
s_third,2026-05-08T00:24:08.469081+00:00,-100.0
s_third,2026-05-08T00:30:08.441811+00:00,54.92
s_third,2026-05-08T01:04:18.412136+00:00,5.21
s_third,2026-05-08T01:09:16.713921+00:00,14.62
s_third,2026-05-08T01:15:11.938856+00:00,5.21
s_third,2026-05-08T01:19:13.720937+00:00,54.92
s_third,2026-05-08T01:23:27.448318+00:00,15.92
s_third,2026-05-08T08:23:54.920426+00:00,39.79
s_third,2026-05-08T09:05:00.690063+00:00,12.12
s_third,2026-05-08T09:10:04.912423+00:00,24.36
s_third,2026-05-08T09:25:07.165416+00:00,12.12
s_third,2026-05-08T09:30:03.469159+00:00,6.3
s_third,2026-05-08T09:40:07.415795+00:00,6.3
s_third,2026-05-08T09:55:22.936168+00:00,5.21
s_third,2026-05-08T10:00:16.913503+00:00,29.09
s_third,2026-05-08T10:20:07.436773+00:00,18.6
s_third,2026-05-08T10:30:18.172205+00:00,10.91
s_third,2026-05-08T10:35:21.418613+00:00,15.92
s_third,2026-05-08T10:40:16.663349+00:00,12.12
s_third,2026-05-08T10:50:26.189490+00:00,22.86
s_third,2026-05-08T10:55:15.418862+00:00,-100.0
s_third,2026-05-08T11:00:54.915294+00:00,18.6
s_third,2026-05-08T11:10:59.438041+00:00,10.91
s_third,2026-05-08T11:15:40.939712+00:00,25.89
s_third,2026-05-08T11:41:41.953902+00:00,6.3
s_third,2026-05-08T11:41:42.436137+00:00,24.36
s_third,2026-05-08T11:45:24.664355+00:00,25.89
s_third,2026-05-08T11:50:29.442377+00:00,6.3
s_third,2026-05-08T12:00:25.461490+00:00,8.56
s_third,2026-05-08T12:10:27.440978+00:00,14.62
s_third,2026-05-08T12:10:28.191165+00:00,5.21
s_third,2026-05-08T12:15:39.430658+00:00,22.86
s_third,2026-05-08T12:20:39.447640+00:00,32.45
s_third,2026-05-08T12:25:57.720000+00:00,10.91
s_third,2026-05-08T12:35:52.707844+00:00,8.56
s_third,2026-05-08T12:41:29.927098+00:00,6.3
s_third,2026-05-08T12:46:18.695522+00:00,8.56
s_third,2026-05-08T12:51:21.165074+00:00,6.3
s_third,2026-05-08T13:01:14.164471+00:00,6.3
s_third,2026-05-08T13:11:32.437822+00:00,10.91
s_third,2026-05-08T13:21:22.682383+00:00,7.42
s_third,2026-05-08T13:26:25.966411+00:00,7.42
s_third,2026-05-08T13:31:23.425078+00:00,17.24
s_third,2026-05-08T13:36:35.430822+00:00,6.3
s_third,2026-05-08T13:41:22.163542+00:00,6.3
s_third,2026-05-08T13:46:38.193012+00:00,17.24
s_third,2026-05-08T13:51:28.936314+00:00,5.21
s_third,2026-05-08T13:56:57.413534+00:00,24.36
s_third,2026-05-08T13:56:58.160765+00:00,-100.0
s_third,2026-05-08T14:06:42.663167+00:00,8.56
s_third,2026-05-08T14:11:58.713117+00:00,34.21
s_third,2026-05-08T14:16:57.411004+00:00,13.36
s_third,2026-05-08T14:26:28.707780+00:00,5.21
s_third,2026-05-08T14:31:45.436749+00:00,5.21
s_third,2026-05-08T14:37:07.706035+00:00,36.02
s_third,2026-05-08T14:46:49.940516+00:00,7.42
s_third,2026-05-08T14:52:10.709445+00:00,36.02
s_third,2026-05-08T14:57:15.912996+00:00,6.3
s_third,2026-05-08T15:02:18.684334+00:00,9.72
s_third,2026-05-08T15:07:25.186808+00:00,25.89
s_third,2026-05-08T15:12:27.422611+00:00,-100.0
s_third,2026-05-08T15:17:36.467184+00:00,24.36
s_third,2026-05-08T15:22:43.178612+00:00,37.87
s_third,2026-05-08T15:27:30.669389+00:00,32.45
s_third,2026-05-08T15:32:40.214460+00:00,94.52
s_third,2026-05-08T15:37:36.667414+00:00,5.21
s_third,2026-05-08T15:47:47.215938+00:00,10.91
s_third,2026-05-08T15:52:43.962401+00:00,34.21
s_third,2026-05-08T15:57:54.664206+00:00,-100.0
s_third,2026-05-08T16:06:01.943554+00:00,-100.0
s_third,2026-05-08T16:08:36.940067+00:00,8.56
s_third,2026-05-08T16:24:50.214862+00:00,-100.0
s_third,2026-05-08T16:34:43.454976+00:00,19.98
s_third,2026-05-08T16:45:05.963474+00:00,12.12
s_third,2026-05-08T16:49:43.215850+00:00,12.12
s_third,2026-05-08T16:55:05.435727+00:00,-100.0
s_third,2026-05-08T17:00:07.930170+00:00,15.92
s_third,2026-05-08T17:05:06.911075+00:00,22.86
s_third,2026-05-08T17:10:11.671294+00:00,13.36
s_third,2026-05-08T17:15:05.443349+00:00,73.94
s_third,2026-05-08T17:20:16.699256+00:00,-100.0
s_third,2026-05-08T17:25:21.465130+00:00,10.91
s_third,2026-05-08T17:30:08.455042+00:00,14.62
s_third,2026-05-08T17:35:04.194759+00:00,24.36
s_third,2026-05-08T17:50:34.715046+00:00,15.92
s_third,2026-05-08T17:55:17.169809+00:00,8.56
s_third,2026-05-08T18:00:45.159931+00:00,5.21
s_third,2026-05-08T18:15:35.917301+00:00,14.62
s_third,2026-05-08T18:20:38.716312+00:00,13.36
s_third,2026-05-08T18:26:01.171753+00:00,24.36
s_third,2026-05-08T18:31:15.432909+00:00,29.09
s_third,2026-05-08T18:36:10.436776+00:00,15.92
s_third,2026-05-08T18:41:06.666538+00:00,25.89
s_third,2026-05-08T18:50:30.208157+00:00,21.41
s_third,2026-05-08T18:53:06.184447+00:00,-100.0
s_third,2026-05-08T18:58:44.684810+00:00,13.36
s_third,2026-05-08T19:03:54.961440+00:00,13.36
s_third,2026-05-08T19:09:20.943272+00:00,10.91
s_third,2026-05-08T19:19:53.471062+00:00,12.12
s_third,2026-05-08T19:24:59.664826+00:00,15.92
s_third,2026-05-08T19:31:13.185023+00:00,34.21
s_third,2026-05-08T19:36:17.929238+00:00,27.47
s_third,2026-05-08T19:41:40.927856+00:00,13.36
s_third,2026-05-08T19:46:40.419725+00:00,-100.0
s_third,2026-05-08T19:51:11.913883+00:00,9.72
s_third,2026-05-08T20:05:54.686528+00:00,-100.0
s_third,2026-05-08T20:09:31.946696+00:00,-100.0
s_third,2026-05-08T20:20:42.697086+00:00,8.56
s_third,2026-05-08T20:25:25.682165+00:00,5.21
s_third,2026-05-08T20:30:46.912111+00:00,7.42
s_third,2026-05-08T20:36:21.187827+00:00,8.56
s_third,2026-05-08T20:41:35.173055+00:00,-100.0
s_third,2026-05-08T20:45:59.948673+00:00,19.98
s_third,2026-05-08T20:51:02.423050+00:00,-100.0
s_third,2026-05-08T21:01:44.674005+00:00,12.12
s_third,2026-05-08T21:12:05.928693+00:00,10.91
s_third,2026-05-08T21:21:30.683892+00:00,21.41
s_third,2026-05-08T21:22:14.447961+00:00,5.21
s_third,2026-05-08T21:42:33.949459+00:00,8.56
s_third,2026-05-08T21:47:56.484623+00:00,-100.0
s_third,2026-05-08T21:53:56.684541+00:00,5.21
s_third,2026-05-08T21:58:36.181434+00:00,-100.0
s_third,2026-05-08T22:03:54.662572+00:00,6.3
s_third,2026-05-08T22:09:05.697574+00:00,27.47
s_third,2026-05-08T22:14:32.663849+00:00,21.41
s_third,2026-05-08T22:19:10.949209+00:00,19.98
s_third,2026-05-08T22:25:03.708604+00:00,30.75
s_third,2026-05-08T22:29:45.936774+00:00,-100.0
s_third,2026-05-08T22:40:12.703284+00:00,-100.0
s_third,2026-05-08T22:45:15.480673+00:00,8.56
s_third,2026-05-08T22:55:44.217574+00:00,37.87
s_third,2026-05-08T23:00:27.166212+00:00,13.36
s_third,2026-05-08T23:11:47.918876+00:00,12.12
s_third,2026-05-08T23:21:42.666422+00:00,25.89
s_third,2026-05-08T23:26:58.209934+00:00,30.75
s_third,2026-05-08T23:41:47.215486+00:00,70.93
s_third,2026-05-08T23:41:47.666458+00:00,9.72
s_third,2026-05-08T23:47:18.953593+00:00,-100.0
s_third,2026-05-08T23:57:01.414182+00:00,5.21
s_third,2026-05-09T00:06:33.666021+00:00,29.09
s_third,2026-05-09T00:08:00.181262+00:00,15.92
s_third,2026-05-09T00:13:01.424959+00:00,37.87
s_third,2026-05-09T00:18:13.435792+00:00,15.92
s_third,2026-05-09T00:23:15.665487+00:00,54.92
s_third,2026-05-09T00:39:37.720477+00:00,17.24
s_third,2026-05-09T00:54:46.915163+00:00,7.42
s_third,2026-05-09T01:00:03.413150+00:00,22.86
s_third,2026-05-09T01:25:13.418804+00:00,8.56
s_third,2026-05-09T01:30:39.188761+00:00,5.21
s_third,2026-05-09T01:35:31.449181+00:00,6.3
s_third,2026-05-09T01:46:59.478652+00:00,-100.0
s_third,2026-05-09T01:51:33.204711+00:00,7.42
s_third,2026-05-09T01:57:26.410396+00:00,14.62
s_third,2026-05-09T02:17:10.422832+00:00,25.89
s_third,2026-05-09T02:17:10.932007+00:00,27.47
s_third,2026-05-09T02:27:40.433796+00:00,8.56
s_third,2026-05-09T02:32:52.415518+00:00,10.91
s_third,2026-05-09T02:37:48.675471+00:00,21.41
s_third,2026-05-09T02:42:54.914020+00:00,12.12
s_third,2026-05-09T02:47:57.970215+00:00,6.3
s_third,2026-05-09T02:53:01.234209+00:00,-100.0
s_third,2026-05-09T02:57:54.693889+00:00,14.62
s_third,2026-05-09T03:02:56.698994+00:00,19.98
s_third,2026-05-09T03:07:59.435637+00:00,45.88
s_third,2026-05-09T03:18:18.180770+00:00,-100.0
s_third,2026-05-09T03:32:31.911804+00:00,-100.0
s_third,2026-05-09T04:10:53.713767+00:00,5.21
s_third,2026-05-09T04:26:12.208736+00:00,5.21
s_third,2026-05-09T04:34:22.666282+00:00,9.72
s_third,2026-05-09T04:44:31.470907+00:00,18.6
s_third,2026-05-09T04:49:37.437293+00:00,48.03
s_third,2026-05-09T04:54:36.663779+00:00,8.56
s_third,2026-05-09T04:59:17.412099+00:00,9.72
s_third,2026-05-09T05:09:49.717687+00:00,19.98
s_third,2026-05-09T05:24:34.165115+00:00,17.24
s_third,2026-05-09T05:35:52.437293+00:00,-100.0
s_third,2026-05-09T05:59:56.445632+00:00,24.36
s_third,2026-05-09T06:10:16.961086+00:00,5.21
s_third,2026-05-09T06:20:17.967688+00:00,19.98
s_third,2026-05-09T06:24:59.415778+00:00,6.3
s_third,2026-05-09T06:37:16.688209+00:00,14.62
s_third,2026-05-09T06:42:56.212336+00:00,8.56
s_third,2026-05-09T06:48:09.446094+00:00,-100.0
s_third,2026-05-09T06:53:23.942601+00:00,5.21
s_third,2026-05-09T06:58:27.214409+00:00,17.24
s_third,2026-05-09T07:03:25.194054+00:00,5.21
s_third,2026-05-09T07:08:55.460077+00:00,5.21
s_third,2026-05-09T07:14:24.441875+00:00,6.3
s_third,2026-05-09T07:20:21.216604+00:00,13.36
s_third,2026-05-09T07:25:19.445337+00:00,5.21
s_third,2026-05-09T07:30:31.186509+00:00,5.21
s_third,2026-05-09T07:37:01.918966+00:00,8.56
s_third,2026-05-09T07:42:45.430566+00:00,29.09
s_third,2026-05-09T07:48:05.685537+00:00,-100.0
s_third,2026-05-09T08:13:20.446172+00:00,6.3
s_third,2026-05-09T08:18:32.457345+00:00,6.3
s_third,2026-05-09T08:39:16.960298+00:00,-100.0
s_third,2026-05-09T09:05:28.688388+00:00,6.3
s_third,2026-05-09T09:20:26.917401+00:00,5.21
s_third,2026-05-09T09:31:12.454503+00:00,5.21
s_third,2026-05-09T09:46:11.705317+00:00,18.6
s_third,2026-05-09T09:51:15.432276+00:00,14.62
s_third,2026-05-09T10:02:39.945811+00:00,17.24
s_third,2026-05-09T10:06:56.676148+00:00,-100.0
s_third,2026-05-09T10:19:16.177570+00:00,14.62
s_third,2026-05-09T10:24:10.437335+00:00,-100.0
s_third,2026-05-09T10:35:15.412868+00:00,-100.0
s_third,2026-05-09T10:41:53.662196+00:00,7.42
s_third,2026-05-09T10:51:55.425253+00:00,29.09
s_third,2026-05-09T11:12:06.981114+00:00,5.21
s_third,2026-05-09T11:27:05.708585+00:00,22.86
s_third,2026-05-09T11:54:33.200980+00:00,-100.0
s_third,2026-05-09T12:03:28.450107+00:00,-100.0
s_third,2026-05-09T12:15:03.675379+00:00,48.03
s_third,2026-05-09T12:26:08.468891+00:00,-100.0
s_third,2026-05-09T12:31:45.912898+00:00,10.91
s_third,2026-05-09T12:48:03.185880+00:00,10.91
s_third,2026-05-09T12:52:56.972046+00:00,62.52
s_third,2026-05-09T12:57:49.461613+00:00,57.37
s_third,2026-05-09T13:13:06.412196+00:00,10.91
s_third,2026-05-09T13:18:09.423789+00:00,-100.0
s_third,2026-05-09T13:23:09.714976+00:00,32.45
s_third,2026-05-09T13:28:12.718189+00:00,5.21
s_third,2026-05-09T13:33:06.163674+00:00,-100.0
s_third,2026-05-09T13:38:23.662641+00:00,-100.0
s_third,2026-05-09T13:43:19.690798+00:00,10.91
s_third,2026-05-09T13:48:28.213129+00:00,24.36
s_third,2026-05-09T13:53:40.696051+00:00,17.24
s_third,2026-05-09T14:02:12.958778+00:00,90.75
s_third,2026-05-09T14:18:31.412168+00:00,5.21
s_third,2026-05-09T14:29:08.949727+00:00,17.24
s_third,2026-05-09T14:34:12.687897+00:00,-100.0
s_third,2026-05-09T14:39:00.708719+00:00,7.42
s_third,2026-05-09T14:44:06.414113+00:00,-100.0
s_third,2026-05-09T14:49:00.937797+00:00,48.03
s_third,2026-05-09T14:54:00.412312+00:00,5.21
s_third,2026-05-09T14:59:03.964344+00:00,6.3
s_third,2026-05-09T15:03:57.180177+00:00,12.12
s_third,2026-05-09T15:14:16.201492+00:00,9.72
s_third,2026-05-09T15:19:23.212398+00:00,-100.0
s_third,2026-05-09T15:24:18.666871+00:00,5.21
s_third,2026-05-09T15:29:14.959189+00:00,15.92
s_third,2026-05-09T15:34:31.918950+00:00,10.91
s_third,2026-05-09T15:39:29.933932+00:00,7.42
s_third,2026-05-09T15:44:29.214890+00:00,7.42
s_third,2026-05-09T15:49:57.699870+00:00,52.55
s_third,2026-05-09T16:09:22.468547+00:00,52.55
s_third,2026-05-09T16:15:02.180432+00:00,15.92
s_third,2026-05-09T16:25:03.681520+00:00,7.42
s_third,2026-05-09T16:30:07.415785+00:00,7.42
s_third,2026-05-09T16:35:32.928235+00:00,15.92
s_third,2026-05-09T16:45:20.948857+00:00,-100.0
s_third,2026-05-09T16:55:35.705088+00:00,39.79
s_third,2026-05-09T17:00:25.464324+00:00,19.98
s_third,2026-05-09T17:05:44.201715+00:00,-100.0
s_third,2026-05-09T17:10:37.943183+00:00,6.3
s_third,2026-05-09T17:25:42.423878+00:00,6.3
s_third,2026-05-09T17:30:44.413538+00:00,12.12
s_third,2026-05-09T17:36:07.706109+00:00,9.72
s_third,2026-05-09T17:41:08.942846+00:00,22.86
s_third,2026-05-09T17:46:12.701522+00:00,8.56
s_third,2026-05-09T17:51:15.718048+00:00,57.37
s_third,2026-05-09T18:06:07.189720+00:00,-100.0
s_third,2026-05-09T18:11:23.939426+00:00,22.86
s_third,2026-05-09T18:21:48.459176+00:00,-100.0
s_third,2026-05-09T18:21:49.204624+00:00,-100.0
s_third,2026-05-09T18:47:11.167962+00:00,6.3
s_third,2026-05-09T18:47:11.454901+00:00,7.42
s_third,2026-05-09T18:52:28.414406+00:00,6.3
s_third,2026-05-09T19:09:50.687932+00:00,15.92
s_third,2026-05-09T19:26:40.702305+00:00,-100.0
s_third,2026-05-09T19:51:13.205058+00:00,34.21
s_third,2026-05-09T20:01:08.967152+00:00,18.6
s_third,2026-05-09T20:04:49.413400+00:00,-100.0
s_third,2026-05-09T20:11:06.662387+00:00,9.72
s_third,2026-05-09T20:16:17.913039+00:00,17.24
s_third,2026-05-09T20:20:40.462252+00:00,15.92
s_third,2026-05-09T20:27:01.212941+00:00,6.3
s_third,2026-05-09T20:31:51.665147+00:00,10.91
s_third,2026-05-09T20:36:50.178666+00:00,15.92
s_third,2026-05-09T20:42:23.447805+00:00,5.21
s_third,2026-05-09T20:47:11.451947+00:00,5.21
s_third,2026-05-09T20:58:08.199911+00:00,-100.0
s_third,2026-05-09T21:02:41.435151+00:00,68.03
s_third,2026-05-09T21:08:42.165100+00:00,62.52
s_third,2026-05-09T21:14:20.690000+00:00,10.91
s_third,2026-05-09T21:19:55.690461+00:00,48.03
s_third,2026-05-09T21:30:09.216803+00:00,12.12
s_third,2026-05-09T21:45:54.719430+00:00,10.91
s_third,2026-05-09T21:56:23.483108+00:00,94.52
s_third,2026-05-09T21:57:07.170970+00:00,-100.0
s_third,2026-05-09T22:24:43.914924+00:00,5.21
s_third,2026-05-09T22:40:03.935887+00:00,-100.0
s_third,2026-05-09T22:50:05.665769+00:00,5.21
s_third,2026-05-09T22:55:10.165259+00:00,8.56
s_third,2026-05-09T23:10:45.220131+00:00,-100.0
s_third,2026-05-09T23:15:46.965098+00:00,22.86
s_third,2026-05-09T23:26:27.173398+00:00,8.56
s_third,2026-05-09T23:52:05.467809+00:00,24.36
s_third,2026-05-09T23:57:08.211604+00:00,32.45
s_third,2026-05-10T00:07:57.447149+00:00,-100.0
s_third,2026-05-10T00:11:51.454300+00:00,22.86
s_third,2026-05-10T00:17:25.666981+00:00,9.72
s_third,2026-05-10T00:29:45.467072+00:00,-100.0
s_third,2026-05-10T00:35:28.188777+00:00,17.24
s_third,2026-05-10T00:40:35.960267+00:00,-100.0
s_third,2026-05-10T00:45:45.189768+00:00,43.78
s_third,2026-05-10T00:50:40.165770+00:00,8.56
s_third,2026-05-10T01:01:30.181651+00:00,15.92
s_third,2026-05-10T01:02:12.917842+00:00,-100.0
s_third,2026-05-10T01:12:06.414827+00:00,7.42
s_third,2026-05-10T01:22:01.966786+00:00,-100.0
s_third,2026-05-10T01:27:22.695007+00:00,10.91
s_third,2026-05-10T01:32:14.926270+00:00,24.36
s_third,2026-05-10T01:37:47.718308+00:00,70.93
s_third,2026-05-10T01:47:43.666829+00:00,8.56
s_third,2026-05-10T01:58:01.950156+00:00,5.21
s_third,2026-05-10T02:08:38.964483+00:00,5.21
s_third,2026-05-10T02:23:43.716299+00:00,12.12
s_third,2026-05-10T02:28:16.411629+00:00,6.3
s_third,2026-05-10T02:45:03.666444+00:00,5.21
s_third,2026-05-10T03:00:14.665654+00:00,9.72
s_third,2026-05-10T03:05:22.711643+00:00,-100.0
s_third,2026-05-10T03:10:50.470105+00:00,18.6
s_third,2026-05-10T03:15:31.166031+00:00,5.21
s_third,2026-05-10T03:46:52.183893+00:00,6.3
s_third,2026-05-10T04:06:57.220632+00:00,12.12
s_third,2026-05-10T04:12:14.663462+00:00,50.26
s_third,2026-05-10T04:22:32.442871+00:00,90.75
s_third,2026-05-10T04:32:27.424654+00:00,5.21
s_third,2026-05-10T04:37:39.668452+00:00,5.21
s_third,2026-05-10T04:42:30.940878+00:00,45.88
s_third,2026-05-10T04:48:43.442995+00:00,10.91
s_third,2026-05-10T04:53:28.454751+00:00,5.21
s_third,2026-05-10T04:58:41.181404+00:00,5.21
s_third,2026-05-10T05:08:58.697683+00:00,10.91
s_third,2026-05-10T05:40:58.164394+00:00,39.79
s_third,2026-05-10T05:51:00.438489+00:00,30.75
s_third,2026-05-10T06:01:24.441317+00:00,5.21
s_third,2026-05-10T06:18:16.466752+00:00,7.42
s_third,2026-05-10T06:34:13.665464+00:00,70.93
s_third,2026-05-10T06:44:36.687672+00:00,6.3
s_third,2026-05-10T07:05:05.931043+00:00,12.12
s_third,2026-05-10T07:10:21.956816+00:00,8.56
s_third,2026-05-10T07:15:15.966800+00:00,34.21
s_third,2026-05-10T07:26:10.165190+00:00,13.36
s_third,2026-05-10T07:26:53.688158+00:00,9.72
s_third,2026-05-10T07:57:19.674405+00:00,5.21
s_third,2026-05-10T08:16:02.432249+00:00,6.3
s_third,2026-05-10T08:20:25.194577+00:00,15.92
s_third,2026-05-10T08:26:30.417469+00:00,22.86
s_third,2026-05-10T08:29:44.162158+00:00,5.21
s_third,2026-05-10T08:35:27.443315+00:00,7.42
s_third,2026-05-10T08:40:08.217271+00:00,7.42
s_third,2026-05-10T08:47:56.205363+00:00,18.6
s_third,2026-05-10T09:41:48.938115+00:00,5.21
s_third,2026-05-10T09:51:52.213890+00:00,10.91
s_third,2026-05-10T09:57:01.190165+00:00,34.21
s_third,2026-05-10T09:57:01.709163+00:00,-100.0
s_third,2026-05-10T10:08:12.431765+00:00,9.72
s_third,2026-05-10T10:14:03.210991+00:00,-100.0
s_third,2026-05-10T10:19:47.947535+00:00,7.42
s_third,2026-05-10T10:30:09.957187+00:00,17.24
s_third,2026-05-10T10:50:55.470461+00:00,-100.0
s_third,2026-05-10T11:01:21.199333+00:00,73.94
s_third,2026-05-10T11:11:55.701006+00:00,19.98
s_third,2026-05-10T11:16:21.676786+00:00,6.3
s_third,2026-05-10T11:17:04.197998+00:00,90.75
s_third,2026-05-10T11:33:26.933626+00:00,-100.0
s_third,2026-05-10T11:48:48.963086+00:00,18.6
s_third,2026-05-10T11:59:13.966798+00:00,9.72
s_third,2026-05-10T12:09:49.193749+00:00,10.91
s_third,2026-05-10T12:19:50.203664+00:00,10.91
s_third,2026-05-10T12:29:51.694860+00:00,52.55
s_third,2026-05-10T12:40:21.684456+00:00,5.21
s_third,2026-05-10T12:55:05.411869+00:00,-100.0
s_third,2026-05-10T13:11:20.459490+00:00,30.75
s_third,2026-05-10T13:12:47.678845+00:00,-100.0
s_third,2026-05-10T13:17:38.432121+00:00,62.52
s_third,2026-05-10T13:22:41.947260+00:00,-100.0
s_third,2026-05-10T13:27:57.663848+00:00,15.92
s_third,2026-05-10T13:38:26.672973+00:00,-100.0
s_third,2026-05-10T13:43:32.219158+00:00,7.42
s_third,2026-05-10T13:48:37.961882+00:00,-100.0
s_third,2026-05-10T13:53:20.709894+00:00,5.21
s_third,2026-05-10T14:03:51.450096+00:00,-100.0
s_third,2026-05-10T14:13:41.200637+00:00,9.72
s_third,2026-05-10T14:18:36.959556+00:00,41.75
s_third,2026-05-10T14:23:47.948976+00:00,18.6
s_third,2026-05-10T14:28:52.220437+00:00,-100.0
s_third,2026-05-10T14:39:35.695176+00:00,5.21
s_third,2026-05-10T14:49:08.173762+00:00,8.56
s_third,2026-05-10T15:05:34.919167+00:00,-100.0
s_third,2026-05-10T15:10:37.692015+00:00,9.72
s_third,2026-05-10T15:15:43.461547+00:00,50.26
s_third,2026-05-10T15:20:46.218385+00:00,9.72
s_third,2026-05-10T15:25:46.925132+00:00,17.24
s_third,2026-05-10T15:41:38.466159+00:00,59.9
s_third,2026-05-10T15:47:30.916183+00:00,94.52
s_third,2026-05-10T15:58:21.943925+00:00,-100.0
s_third,2026-05-10T16:04:01.662157+00:00,12.12
s_third,2026-05-10T16:09:09.439382+00:00,-100.0
s_third,2026-05-10T16:13:52.690819+00:00,6.3
s_third,2026-05-10T16:18:54.173353+00:00,-100.0
s_third,2026-05-10T16:30:09.216924+00:00,32.45
s_third,2026-05-10T16:35:10.947962+00:00,-100.0
s_third,2026-05-10T16:40:15.943144+00:00,6.3
s_third,2026-05-10T16:45:15.456984+00:00,21.41
s_third,2026-05-10T16:50:05.206643+00:00,54.92
s_third,2026-05-10T16:54:45.452445+00:00,6.3
s_third,2026-05-10T17:00:11.935714+00:00,22.86
s_third,2026-05-10T17:05:21.216888+00:00,-100.0
s_third,2026-05-10T17:10:26.443853+00:00,-100.0
s_third,2026-05-10T17:20:33.452660+00:00,6.3
s_third,2026-05-10T17:25:40.463069+00:00,-100.0
s_third,2026-05-10T17:30:46.930867+00:00,5.21
s_third,2026-05-10T17:36:27.186895+00:00,13.36
s_third,2026-05-10T17:37:10.931363+00:00,17.24
s_third,2026-05-10T17:42:34.463154+00:00,50.26
s_third,2026-05-10T17:47:47.178167+00:00,5.21
s_third,2026-05-10T17:52:19.937909+00:00,-100.0
s_third,2026-05-10T18:02:48.206189+00:00,12.12
s_third,2026-05-10T18:07:51.706649+00:00,39.79
s_third,2026-05-10T18:12:55.957423+00:00,5.21
s_third,2026-05-10T18:17:46.913397+00:00,7.42
s_third,2026-05-10T18:23:55.218865+00:00,5.21
s_third,2026-05-10T18:27:48.187802+00:00,9.72
s_third,2026-05-10T18:32:51.422431+00:00,19.98
s_third,2026-05-10T18:42:59.964448+00:00,30.75
s_third,2026-05-10T18:54:00.420538+00:00,6.3
s_third,2026-05-10T19:03:53.679234+00:00,17.24
s_third,2026-05-10T19:13:54.914691+00:00,15.92
s_third,2026-05-10T19:24:38.449576+00:00,5.21
s_third,2026-05-10T19:29:33.193348+00:00,19.98
s_third,2026-05-10T19:39:29.416813+00:00,7.42
s_third,2026-05-10T19:44:13.212556+00:00,12.12
s_third,2026-05-10T19:49:10.215943+00:00,14.62
s_third,2026-05-10T19:54:36.464197+00:00,14.62
s_third,2026-05-10T19:59:36.920427+00:00,5.21
s_third,2026-05-10T20:14:38.955309+00:00,5.21
s_third,2026-05-10T20:29:45.710653+00:00,19.98
s_third,2026-05-10T20:35:23.683841+00:00,15.92
s_third,2026-05-10T20:45:54.165539+00:00,6.3
s_third,2026-05-10T20:51:03.167583+00:00,32.45
s_third,2026-05-10T21:41:36.915286+00:00,5.21
s_third,2026-05-10T21:41:59.453675+00:00,5.21
s_third,2026-05-10T21:47:34.666076+00:00,6.3
s_third,2026-05-10T21:52:48.684197+00:00,21.41
s_third,2026-05-10T21:57:51.970806+00:00,9.72
s_third,2026-05-10T22:02:32.190586+00:00,8.56
s_third,2026-05-10T22:07:43.936612+00:00,7.42
s_third,2026-05-10T22:12:58.424834+00:00,5.21
s_third,2026-05-10T22:18:15.681479+00:00,7.42
s_third,2026-05-10T22:23:21.179208+00:00,7.42
s_third,2026-05-10T22:28:27.949202+00:00,6.41
s_third,2026-05-10T22:43:19.162674+00:00,6.3
s_third,2026-05-10T22:48:28.716884+00:00,6.3
s_third,2026-05-10T22:59:03.220061+00:00,5.21
s_third,2026-05-10T23:20:03.428885+00:00,-100.0
s_third,2026-05-10T23:25:43.194321+00:00,14.62
s_third,2026-05-10T23:30:56.166713+00:00,-100.0
s_third,2026-05-10T23:36:33.187650+00:00,6.3
s_third,2026-05-10T23:36:55.915478+00:00,-100.0
s_third,2026-05-10T23:51:54.463934+00:00,17.24
s_third,2026-05-10T23:51:55.180615+00:00,25.89
s_third,2026-05-10T23:56:58.699545+00:00,7.42
s_third,2026-05-11T00:04:40.940780+00:00,-100.0
s_third,2026-05-11T00:11:29.205553+00:00,15.92
s_third,2026-05-11T00:12:13.669921+00:00,6.3
s_third,2026-05-11T00:17:35.459144+00:00,6.3
s_third,2026-05-11T00:27:12.716646+00:00,21.41
s_third,2026-05-11T00:42:46.917754+00:00,12.12
s_third,2026-05-11T00:48:15.171674+00:00,5.21
s_third,2026-05-11T00:53:33.440600+00:00,-100.0
s_third,2026-05-11T01:04:21.690277+00:00,21.41
s_third,2026-05-11T01:09:06.660263+00:00,8.56
s_third,2026-05-11T01:14:22.422357+00:00,6.3
s_third,2026-05-11T01:25:08.949522+00:00,5.21
s_third,2026-05-11T01:30:01.722911+00:00,12.12
s_third,2026-05-11T01:34:54.683339+00:00,7.42
s_third,2026-05-11T01:40:07.939055+00:00,-100.0
s_third,2026-05-11T01:44:54.209102+00:00,9.72
s_third,2026-05-11T01:49:56.943855+00:00,-100.0
s_third,2026-05-11T01:55:10.417500+00:00,-100.0
s_third,2026-05-11T02:00:02.199155+00:00,10.91
s_third,2026-05-11T02:05:12.197087+00:00,-100.0
s_third,2026-05-11T02:10:12.960328+00:00,15.92
s_third,2026-05-11T02:15:00.469948+00:00,7.42
s_third,2026-05-11T02:20:13.433872+00:00,-100.0
s_third,2026-05-11T02:30:17.674821+00:00,6.3
s_third,2026-05-11T02:40:10.413840+00:00,6.3
s_third,2026-05-11T02:46:29.955617+00:00,-100.0
s_third,2026-05-11T02:51:33.962520+00:00,12.12
s_third,2026-05-11T02:56:15.941974+00:00,-100.0
s_third,2026-05-11T03:01:23.716179+00:00,19.98
s_third,2026-05-11T03:06:44.439457+00:00,25.89
s_third,2026-05-11T03:11:31.166433+00:00,18.6
s_third,2026-05-11T03:26:34.700204+00:00,8.56
s_third,2026-05-11T03:27:42.184554+00:00,50.26
s_third,2026-05-11T03:32:50.674467+00:00,6.3
s_third,2026-05-11T03:37:26.440614+00:00,-100.0
s_third,2026-05-11T03:43:28.456753+00:00,7.42
s_third,2026-05-11T03:48:45.952778+00:00,5.21
s_third,2026-05-11T03:53:54.937990+00:00,13.36
s_third,2026-05-11T03:58:29.915581+00:00,10.91
s_third,2026-05-11T04:06:37.433044+00:00,19.98
s_third,2026-05-11T04:14:09.970104+00:00,-100.0
s_third,2026-05-11T04:19:08.220694+00:00,8.56
s_third,2026-05-11T04:24:24.163072+00:00,14.62
s_third,2026-05-11T04:29:45.418368+00:00,5.21
s_third,2026-05-11T04:35:36.927519+00:00,73.94
s_third,2026-05-11T04:40:12.703043+00:00,34.21
s_third,2026-05-11T04:50:39.182887+00:00,17.24
s_third,2026-05-11T04:55:20.696326+00:00,41.75
s_third,2026-05-11T05:05:26.467535+00:00,30.75
s_third,2026-05-11T05:10:32.953147+00:00,8.56
s_third,2026-05-11T05:15:40.952374+00:00,21.41
s_third,2026-05-11T05:25:29.964655+00:00,5.21
s_third,2026-05-11T05:30:29.696819+00:00,25.89
s_third,2026-05-11T05:35:25.411950+00:00,17.24
s_third,2026-05-11T05:50:32.167550+00:00,14.62
s_third,2026-05-11T05:55:59.697925+00:00,25.89
s_third,2026-05-11T06:00:51.162135+00:00,-100.0
s_third,2026-05-11T06:02:40.934781+00:00,52.55
s_third,2026-05-11T06:10:49.939407+00:00,-100.0
s_third,2026-05-11T06:12:56.163676+00:00,14.62
s_third,2026-05-11T06:21:11.933101+00:00,-100.0
s_third,2026-05-11T06:23:22.166331+00:00,14.62
s_third,2026-05-11T06:43:41.428864+00:00,-100.0
s_third,2026-05-11T06:53:41.212823+00:00,12.12
s_third,2026-05-11T06:59:23.706017+00:00,18.6
s_third,2026-05-11T07:05:10.174730+00:00,-100.0
s_third,2026-05-11T07:10:22.953658+00:00,77.05
s_third,2026-05-11T07:15:10.210822+00:00,-100.0
s_third,2026-05-11T07:26:02.975195+00:00,17.24
s_third,2026-05-11T07:35:34.952304+00:00,62.52
s_third,2026-05-11T07:40:20.430077+00:00,27.47
s_third,2026-05-11T08:00:44.167062+00:00,8.56
s_third,2026-05-11T08:03:41.459398+00:00,19.98
s_third,2026-05-11T08:10:25.664747+00:00,17.24
s_third,2026-05-11T08:16:04.937733+00:00,-100.0
s_third,2026-05-11T08:20:53.450751+00:00,8.56
s_third,2026-05-11T08:25:50.677805+00:00,19.98
s_third,2026-05-11T08:30:43.434843+00:00,14.62
s_third,2026-05-11T08:36:03.917569+00:00,5.21
s_third,2026-05-11T08:40:50.701749+00:00,7.42
s_third,2026-05-11T09:16:22.933060+00:00,8.56
s_third,2026-05-11T09:21:30.959139+00:00,45.88
s_third,2026-05-11T09:26:36.170968+00:00,-100.0
s_third,2026-05-11T09:31:33.912569+00:00,50.26
s_third,2026-05-11T09:41:41.220815+00:00,25.89
s_third,2026-05-11T09:47:17.164789+00:00,5.21
s_third,2026-05-11T09:52:33.230477+00:00,6.3
s_third,2026-05-11T10:01:54.177099+00:00,17.24
s_third,2026-05-11T10:02:59.205145+00:00,25.89
s_third,2026-05-11T10:07:59.939860+00:00,62.52
s_third,2026-05-11T10:12:55.445421+00:00,32.45
s_third,2026-05-11T10:18:04.944152+00:00,14.62
s_third,2026-05-11T10:23:00.182660+00:00,17.24
s_third,2026-05-11T10:28:29.676172+00:00,13.36
s_third,2026-05-11T10:33:46.705983+00:00,15.92
s_third,2026-05-11T10:39:00.696424+00:00,10.91
s_third,2026-05-11T10:43:48.944241+00:00,34.21
s_third,2026-05-11T10:48:26.932828+00:00,6.3
s_third,2026-05-11T10:54:08.172964+00:00,13.36
s_third,2026-05-11T11:00:33.165771+00:00,29.09
s_third,2026-05-11T11:38:27.162541+00:00,9.72
s_third,2026-05-11T11:46:04.689426+00:00,-100.0
s_third,2026-05-11T12:11:09.470993+00:00,24.36
s_third,2026-05-11T12:16:03.918510+00:00,13.36
s_third,2026-05-11T12:21:14.213776+00:00,12.12
s_third,2026-05-11T12:26:13.932572+00:00,17.24
s_third,2026-05-11T12:31:02.670777+00:00,43.78
s_third,2026-05-11T12:36:15.948061+00:00,10.91
s_third,2026-05-11T12:41:29.457339+00:00,8.56
s_third,2026-05-11T12:46:26.436111+00:00,-100.0
s_third,2026-05-11T12:47:31.418757+00:00,18.6
s_third,2026-05-11T12:56:15.208413+00:00,62.52
s_third,2026-05-11T13:11:56.452707+00:00,15.92
s_third,2026-05-11T13:16:50.682427+00:00,13.36
s_third,2026-05-11T13:22:09.452834+00:00,-100.0
s_third,2026-05-11T13:31:35.661877+00:00,17.24
s_third,2026-05-11T13:37:43.423751+00:00,14.62
s_third,2026-05-11T13:43:09.917508+00:00,6.3
s_third,2026-05-11T13:53:25.162480+00:00,6.3
s_third,2026-05-11T13:58:28.460793+00:00,70.93
s_third,2026-05-11T14:04:11.421525+00:00,6.3
s_third,2026-05-11T14:08:49.465106+00:00,8.56
s_third,2026-05-11T14:14:16.441273+00:00,9.72
s_third,2026-05-11T14:19:32.685806+00:00,5.21
s_third,2026-05-11T14:24:22.705677+00:00,15.92
s_third,2026-05-11T14:39:48.169032+00:00,6.3
s_third,2026-05-11T14:55:27.922786+00:00,7.42
s_third,2026-05-11T15:04:34.716778+00:00,6.3
s_third,2026-05-11T15:10:25.445361+00:00,5.21
s_third,2026-05-11T15:20:17.449736+00:00,10.91
s_third,2026-05-11T15:27:48.448953+00:00,34.21
s_third,2026-05-11T16:05:14.427142+00:00,7.42
s_third,2026-05-11T16:06:43.220091+00:00,6.3
s_third,2026-05-11T16:17:03.449571+00:00,6.3
s_third,2026-05-11T16:21:42.441102+00:00,36.02
s_third,2026-05-11T16:31:59.688679+00:00,70.93
s_third,2026-05-11T16:32:00.182384+00:00,15.92
s_third,2026-05-11T16:36:52.205544+00:00,15.92
s_third,2026-05-11T16:41:58.206310+00:00,5.21
s_third,2026-05-11T16:57:10.168953+00:00,5.21
s_third,2026-05-11T17:03:25.167058+00:00,14.62
s_third,2026-05-11T17:07:26.205804+00:00,5.21
s_third,2026-05-11T17:17:40.449799+00:00,21.41
s_third,2026-05-11T17:27:55.411882+00:00,-100.0
s_third,2026-05-11T17:34:10.164128+00:00,5.21
s_third,2026-05-11T17:38:24.209796+00:00,13.36
s_third,2026-05-11T17:42:38.966538+00:00,6.3
s_third,2026-05-11T17:53:33.719796+00:00,15.92
s_third,2026-05-11T17:58:09.918030+00:00,-100.0
s_third,2026-05-11T18:04:02.670748+00:00,8.56
s_third,2026-05-11T18:09:02.915357+00:00,25.89
s_third,2026-05-11T18:14:23.455175+00:00,7.42
s_third,2026-05-11T18:19:53.469654+00:00,18.6
s_third,2026-05-11T18:23:56.937680+00:00,8.56
s_third,2026-05-11T18:29:57.933506+00:00,9.72
s_third,2026-05-11T18:35:45.920233+00:00,7.42
s_third,2026-05-11T18:40:13.917481+00:00,-100.0
s_third,2026-05-11T18:45:27.164211+00:00,29.09
s_third,2026-05-11T18:50:53.692880+00:00,5.21
s_third,2026-05-11T19:01:18.920037+00:00,9.72
s_third,2026-05-11T19:06:49.159916+00:00,-100.0
s_third,2026-05-11T19:06:49.458170+00:00,6.3
s_third,2026-05-11T19:21:45.710612+00:00,48.03
s_third,2026-05-11T19:22:07.669025+00:00,5.21
s_third,2026-05-11T19:27:11.213793+00:00,30.75
s_third,2026-05-11T19:47:42.415375+00:00,5.21
s_third,2026-05-11T19:52:46.204604+00:00,19.98
s_third,2026-05-11T19:57:32.666522+00:00,9.72
s_third,2026-05-11T20:05:45.455606+00:00,13.36
s_third,2026-05-11T20:07:57.931585+00:00,50.26
s_third,2026-05-11T20:12:49.920357+00:00,21.41
s_third,2026-05-11T20:17:12.183650+00:00,6.3
s_third,2026-05-11T20:23:08.219770+00:00,15.92
s_third,2026-05-11T20:28:16.940625+00:00,5.21
s_third,2026-05-11T20:54:22.969057+00:00,13.36
s_third,2026-05-11T20:59:32.710593+00:00,10.91
s_third,2026-05-11T21:03:39.420009+00:00,24.36
s_third,2026-05-11T21:09:37.912084+00:00,29.09
s_third,2026-05-11T21:17:32.415412+00:00,25.89
s_third,2026-05-11T21:25:08.688673+00:00,24.36
s_third,2026-05-11T21:30:00.446036+00:00,22.86
s_third,2026-05-11T21:35:13.166714+00:00,24.36
s_third,2026-05-11T21:44:07.714183+00:00,10.91
s_third,2026-05-11T22:18:03.212316+00:00,9.72
s_third,2026-05-11T22:26:39.677836+00:00,32.45
s_third,2026-05-11T22:31:44.928211+00:00,5.21
s_third,2026-05-11T22:37:01.239525+00:00,15.92
s_third,2026-05-11T22:42:21.184087+00:00,25.89
s_third,2026-05-11T22:52:36.679462+00:00,6.3
s_third,2026-05-11T22:57:53.453369+00:00,8.56
s_third,2026-05-11T23:13:04.218070+00:00,12.12
s_third,2026-05-11T23:23:20.425499+00:00,7.42
s_third,2026-05-11T23:28:49.910108+00:00,-100.0
s_third,2026-05-11T23:36:02.934482+00:00,12.12
s_third,2026-05-11T23:49:14.192583+00:00,7.42
s_third,2026-05-11T23:55:45.719046+00:00,7.42
s_third,2026-05-12T00:09:14.464914+00:00,-100.0
s_third,2026-05-12T00:14:33.194112+00:00,5.21
s_third,2026-05-12T00:18:56.679207+00:00,6.3
s_third,2026-05-12T00:25:23.170982+00:00,-100.0
s_third,2026-05-12T00:30:11.669104+00:00,14.62
s_third,2026-05-12T00:35:30.665507+00:00,90.75
s_third,2026-05-12T00:39:48.169390+00:00,17.24
s_third,2026-05-12T00:42:43.200247+00:00,15.92
s_third,2026-05-12T00:50:21.943060+00:00,29.09
s_third,2026-05-12T00:55:36.967046+00:00,12.12
s_third,2026-05-12T01:10:46.710464+00:00,-100.0
s_third,2026-05-12T01:16:43.166931+00:00,19.98
s_third,2026-05-12T01:21:36.165087+00:00,12.12
s_third,2026-05-12T01:21:58.208431+00:00,18.6
s_third,2026-05-12T01:26:54.190617+00:00,-100.0
s_third,2026-05-12T01:31:53.947485+00:00,6.3
s_third,2026-05-12T01:46:58.969681+00:00,65.23
s_third,2026-05-12T01:57:20.970662+00:00,8.56
s_third,2026-05-12T01:57:21.688185+00:00,15.92
s_third,2026-05-12T02:02:21.701955+00:00,14.62
s_third,2026-05-12T02:06:56.196186+00:00,13.36
s_third,2026-05-12T02:13:12.933861+00:00,-100.0
s_third,2026-05-12T02:17:05.205195+00:00,50.26
s_third,2026-05-12T02:27:19.183344+00:00,12.12
s_third,2026-05-12T02:32:32.221442+00:00,83.64
s_third,2026-05-12T02:39:28.934905+00:00,24.36
s_third,2026-05-12T02:45:23.434872+00:00,5.21
s_third,2026-05-12T02:48:14.708563+00:00,-100.0
s_third,2026-05-12T02:53:10.463824+00:00,21.41
s_third,2026-05-12T02:57:24.464483+00:00,8.56
s_third,2026-05-12T03:03:11.169259+00:00,15.92
s_third,2026-05-12T03:11:52.191872+00:00,57.37
s_third,2026-05-12T03:18:01.694436+00:00,5.21
s_third,2026-05-12T03:28:10.417290+00:00,21.41
s_third,2026-05-12T03:33:20.695043+00:00,13.36
s_third,2026-05-12T03:38:10.435658+00:00,5.21
s_third,2026-05-12T03:44:32.195906+00:00,10.91
s_third,2026-05-12T04:00:26.669715+00:00,14.62
s_third,2026-05-12T04:03:48.165483+00:00,7.42
s_third,2026-05-12T04:10:22.454011+00:00,24.36
s_third,2026-05-12T04:15:06.415241+00:00,17.24
s_third,2026-05-12T04:20:57.464850+00:00,21.41
s_third,2026-05-12T04:31:06.447277+00:00,54.92
s_third,2026-05-12T04:36:02.688692+00:00,5.21
s_third,2026-05-12T04:46:18.679952+00:00,6.3
s_third,2026-05-12T04:51:08.165556+00:00,5.21
s_third,2026-05-12T04:56:05.197871+00:00,5.21
s_third,2026-05-12T05:12:14.664523+00:00,25.89
s_third,2026-05-12T05:22:29.697558+00:00,54.92
s_third,2026-05-12T05:27:42.413369+00:00,27.47
s_third,2026-05-12T05:32:36.208028+00:00,9.72
s_third,2026-05-12T05:38:01.468127+00:00,13.36
s_third,2026-05-12T05:47:42.481401+00:00,13.36
s_third,2026-05-12T05:58:04.968178+00:00,6.3
s_third,2026-05-12T06:03:24.448804+00:00,-100.0
s_third,2026-05-12T06:08:20.715039+00:00,7.42
s_third,2026-05-12T06:23:23.922346+00:00,5.21
s_third,2026-05-12T06:28:31.914664+00:00,39.79
s_third,2026-05-12T06:35:33.686416+00:00,21.41
s_third,2026-05-12T06:37:24.455606+00:00,6.3
s_third,2026-05-12T06:43:31.917866+00:00,-100.0
s_third,2026-05-12T06:47:49.193502+00:00,24.36
s_third,2026-05-12T06:53:52.160560+00:00,30.75
s_third,2026-05-12T06:58:40.219033+00:00,10.91
s_third,2026-05-12T07:08:46.912532+00:00,5.21
s_third,2026-05-12T07:14:00.448900+00:00,12.12
s_third,2026-05-12T07:54:04.165015+00:00,5.21
s_third,2026-05-12T08:08:16.467572+00:00,9.72
s_third,2026-05-12T08:14:14.215463+00:00,14.62
s_third,2026-05-12T08:24:55.913302+00:00,15.92
s_third,2026-05-12T08:30:43.166308+00:00,5.21
s_third,2026-05-12T08:51:24.712140+00:00,-100.0
s_third,2026-05-12T08:56:25.183291+00:00,14.62
s_third,2026-05-12T09:01:20.165567+00:00,41.75
s_third,2026-05-12T09:04:36.217003+00:00,-100.0
s_third,2026-05-12T09:11:18.928520+00:00,17.24
s_third,2026-05-12T09:21:02.199940+00:00,14.62
s_third,2026-05-12T09:28:02.170748+00:00,65.23
s_third,2026-05-12T09:32:58.189465+00:00,24.36
s_third,2026-05-12T09:43:21.937011+00:00,10.91
s_third,2026-05-12T09:53:20.720748+00:00,7.42
s_third,2026-05-12T10:09:05.433000+00:00,5.21
s_third,2026-05-12T10:13:39.964639+00:00,6.3
s_third,2026-05-12T10:24:00.690379+00:00,-100.0
s_third,2026-05-12T10:34:03.191801+00:00,7.42
s_third,2026-05-12T10:39:02.175987+00:00,5.21
s_third,2026-05-12T10:48:58.956274+00:00,9.72
s_third,2026-05-12T10:54:15.216578+00:00,15.92
s_third,2026-05-12T10:59:13.966087+00:00,5.21
s_third,2026-05-12T11:09:23.952793+00:00,13.36
s_third,2026-05-12T11:13:59.206699+00:00,6.3
s_third,2026-05-12T11:19:17.969766+00:00,18.6
s_third,2026-05-12T11:26:07.712682+00:00,5.21
s_third,2026-05-12T12:11:15.712580+00:00,10.91
s_third,2026-05-12T12:21:49.963204+00:00,9.72
s_third,2026-05-12T12:33:06.915705+00:00,5.21
s_third,2026-05-12T12:37:48.187474+00:00,10.91
s_third,2026-05-12T12:48:10.191128+00:00,6.3
s_third,2026-05-12T12:58:33.911943+00:00,5.21
s_third,2026-05-12T13:03:56.676207+00:00,7.42
s_third,2026-05-12T13:08:35.967933+00:00,7.42
s_third,2026-05-12T13:13:35.667047+00:00,-100.0
s_third,2026-05-12T13:19:08.190553+00:00,9.72
s_third,2026-05-12T13:24:19.957308+00:00,94.52
s_third,2026-05-12T13:29:17.920730+00:00,25.89
s_third,2026-05-12T13:34:22.710492+00:00,8.56
s_third,2026-05-12T14:10:07.676764+00:00,14.62
s_third,2026-05-12T14:15:11.058263+00:00,5.21
s_third,2026-05-12T14:19:54.460490+00:00,52.55
s_third,2026-05-12T14:24:59.433950+00:00,-100.0
s_third,2026-05-12T14:35:05.557026+00:00,14.62
s_third,2026-05-12T14:50:11.404706+00:00,18.6
s_third,2026-05-12T14:55:17.301050+00:00,6.3
s_third,2026-05-12T14:59:21.070187+00:00,37.87
s_third,2026-05-12T15:05:28.640200+00:00,14.62
s_third,2026-05-12T15:10:33.951592+00:00,7.42
s_third,2026-05-12T15:14:16.146841+00:00,5.21
s_third,2026-05-12T15:21:45.746684+00:00,22.86
s_third,2026-05-12T15:25:08.516232+00:00,27.47
s_third,2026-05-12T15:33:53.149513+00:00,-100.0
s_third,2026-05-12T15:42:58.655141+00:00,10.91
s_third,2026-05-12T15:47:42.665158+00:00,17.24
s_third,2026-05-12T15:52:47.822195+00:00,9.72
s_third,2026-05-12T16:06:37.184229+00:00,22.86
s_third,2026-05-12T16:09:19.268771+00:00,13.36
s_third,2026-05-12T16:14:02.938432+00:00,-100.0
s_third,2026-05-12T16:19:47.199725+00:00,6.3
s_third,2026-05-12T16:23:30.965266+00:00,7.42
s_third,2026-05-12T16:28:56.789098+00:00,25.89
s_third,2026-05-12T16:33:00.791849+00:00,-100.0
s_third,2026-05-12T16:39:07.087909+00:00,19.98
s_third,2026-05-12T16:44:10.835551+00:00,15.92
s_third,2026-05-12T16:48:55.475147+00:00,15.92
s_third,2026-05-12T17:00:23.967721+00:00,8.56
s_third,2026-05-12T17:04:26.574702+00:00,10.91
s_third,2026-05-12T17:09:49.912263+00:00,8.56
s_third,2026-05-12T17:24:59.455745+00:00,6.3
s_third,2026-05-12T17:30:43.807071+00:00,5.21
s_third,2026-05-12T17:35:47.984082+00:00,9.72
s_third,2026-05-12T17:39:09.832056+00:00,17.24
s_third,2026-05-12T17:45:56.657806+00:00,5.21
s_third,2026-05-12T17:49:19.706072+00:00,22.86
s_third,2026-05-12T17:56:07.153367+00:00,13.36
s_third,2026-05-12T18:01:13.278169+00:00,7.42
s_third,2026-05-12T18:06:20.182204+00:00,9.72
s_third,2026-05-12T18:11:25.083376+00:00,5.21
s_third,2026-05-12T18:13:26.140043+00:00,5.21
s_third,2026-05-12T18:17:09.662274+00:00,-100.0
s_third,2026-05-12T18:27:18.583110+00:00,65.23
s_third,2026-05-12T18:27:18.670952+00:00,12.12
s_third,2026-05-12T18:37:07.910040+00:00,15.92
s_third,2026-05-12T18:37:28.081747+00:00,6.3
s_third,2026-05-12T18:42:31.930140+00:00,6.3
s_third,2026-05-12T18:47:55.274223+00:00,17.24
s_third,2026-05-12T18:53:00.544922+00:00,25.89
s_third,2026-05-12T18:57:44.294025+00:00,5.21
s_third,2026-05-12T19:02:49.809275+00:00,10.91
s_third,2026-05-12T19:10:34.702513+00:00,7.42
s_third,2026-05-12T19:12:56.320065+00:00,13.36
s_third,2026-05-12T19:17:59.581136+00:00,27.47
s_third,2026-05-12T19:23:03.499278+00:00,10.91
s_third,2026-05-12T19:28:47.242922+00:00,21.41
s_third,2026-05-12T19:38:52.462047+00:00,5.21
s_third,2026-05-12T19:43:35.872921+00:00,6.3
s_third,2026-05-12T19:48:59.729785+00:00,17.24
s_third,2026-05-12T19:54:02.514903+00:00,15.92
s_third,2026-05-12T19:59:26.756909+00:00,8.56
s_third,2026-05-12T20:09:31.323989+00:00,12.12
s_third,2026-05-12T20:14:35.788372+00:00,7.42
s_third,2026-05-12T20:20:01.056101+00:00,17.24
s_third,2026-05-12T20:25:03.775096+00:00,18.6
s_third,2026-05-12T20:40:12.548318+00:00,5.21
s_third,2026-05-12T20:45:16.029689+00:00,7.42
s_third,2026-05-12T20:54:42.146160+00:00,6.3
s_third,2026-05-12T21:00:05.725104+00:00,8.56
s_third,2026-05-12T21:05:09.598670+00:00,9.72
s_third,2026-05-12T21:15:54.963157+00:00,9.72
s_third,2026-05-12T21:21:39.933427+00:00,19.98
s_third,2026-05-12T21:26:02.929745+00:00,-100.0
s_third,2026-05-12T21:31:08.785320+00:00,5.21
s_third,2026-05-12T21:36:33.915052+00:00,15.92
s_third,2026-05-12T21:41:18.812031+00:00,9.72
s_third,2026-05-12T21:46:43.748387+00:00,5.21
s_third,2026-05-12T21:46:43.828462+00:00,9.72
s_third,2026-05-12T21:51:47.091949+00:00,21.41
s_third,2026-05-12T21:59:52.323236+00:00,10.91
s_third,2026-05-12T22:02:13.640829+00:00,19.98
s_third,2026-05-12T22:12:18.520690+00:00,7.42
s_third,2026-05-12T22:17:01.994714+00:00,15.92
s_third,2026-05-12T22:22:04.022321+00:00,7.42
s_third,2026-05-12T22:27:06.780539+00:00,9.72
s_third,2026-05-12T22:37:29.977827+00:00,6.3
s_third,2026-05-12T22:42:32.795094+00:00,-100.0
s_third,2026-05-12T23:02:40.498421+00:00,18.6
s_third,2026-05-12T23:08:03.941973+00:00,15.92
s_third,2026-05-12T23:13:06.536167+00:00,15.92
s_third,2026-05-12T23:17:50.405003+00:00,-100.0
s_third,2026-05-12T23:34:37.237823+00:00,8.56
s_third,2026-05-12T23:40:01.020111+00:00,5.21
s_third,2026-05-12T23:45:04.638289+00:00,9.72
s_third,2026-05-12T23:50:08.961779+00:00,17.24
s_third,2026-05-12T23:55:12.320659+00:00,5.21
s_third,2026-05-13T00:03:17.591019+00:00,14.62
s_third,2026-05-13T00:10:24.631459+00:00,7.42
s_third,2026-05-13T00:15:47.982889+00:00,-100.0
s_third,2026-05-13T00:21:21.970078+00:00,52.55
s_third,2026-05-13T00:31:27.876307+00:00,17.24
s_third,2026-05-13T00:36:36.811475+00:00,43.78
s_third,2026-05-13T00:36:57.150356+00:00,12.12
s_third,2026-05-13T00:45:05.504907+00:00,6.3
s_third,2026-05-13T00:45:05.505105+00:00,30.75
s_third,2026-05-13T01:02:14.577910+00:00,5.21
s_third,2026-05-13T01:11:57.208654+00:00,18.6
s_third,2026-05-13T01:22:01.275845+00:00,5.21
s_third,2026-05-13T01:32:04.034172+00:00,8.56
s_third,2026-05-13T01:37:05.576436+00:00,7.42
s_third,2026-05-13T01:42:09.472004+00:00,5.21
s_third,2026-05-13T01:51:55.565962+00:00,6.3
s_third,2026-05-13T02:02:03.558648+00:00,12.12
s_third,2026-05-13T02:06:28.136777+00:00,9.72
s_third,2026-05-13T02:07:08.567952+00:00,25.89
s_third,2026-05-13T02:12:10.799838+00:00,12.12
s_third,2026-05-13T02:17:13.062809+00:00,17.24
s_third,2026-05-13T02:22:16.502781+00:00,41.75
s_third,2026-05-13T02:27:18.903411+00:00,6.3
s_third,2026-05-13T02:41:26.559162+00:00,8.56
s_third,2026-05-13T02:52:11.357832+00:00,27.47
s_third,2026-05-13T02:57:13.594007+00:00,36.02
s_third,2026-05-13T03:03:36.552677+00:00,37.87
s_third,2026-05-13T03:12:41.779279+00:00,6.3
s_third,2026-05-13T03:17:04.407081+00:00,17.24
s_third,2026-05-13T03:27:11.845428+00:00,34.21
s_third,2026-05-13T03:32:15.048598+00:00,19.98
s_third,2026-05-13T03:42:21.686233+00:00,22.86
s_third,2026-05-13T03:47:24.914681+00:00,5.21
s_third,2026-05-13T03:52:27.578537+00:00,34.21
s_third,2026-05-13T03:57:31.263235+00:00,6.3
s_third,2026-05-13T04:02:15.291407+00:00,-100.0
s_third,2026-05-13T04:07:38.648620+00:00,59.9
s_third,2026-05-13T04:12:21.783749+00:00,54.92
s_third,2026-05-13T04:22:26.110183+00:00,-100.0
s_third,2026-05-13T04:27:30.405818+00:00,22.86
s_third,2026-05-13T04:32:33.366170+00:00,-100.0
s_third,2026-05-13T04:37:58.012107+00:00,-100.0
s_third,2026-05-13T04:42:41.489070+00:00,25.89
s_third,2026-05-13T04:49:45.960837+00:00,-100.0
s_third,2026-05-13T04:52:47.852784+00:00,7.42
s_third,2026-05-13T04:59:54.797628+00:00,7.42
s_third,2026-05-13T05:07:38.575238+00:00,13.36
s_third,2026-05-13T05:13:03.084255+00:00,68.03
s_third,2026-05-13T05:21:29.178012+00:00,-100.0
s_third,2026-05-13T05:23:11.058545+00:00,14.62
s_third,2026-05-13T05:26:52.649709+00:00,6.3
s_third,2026-05-13T05:33:17.103325+00:00,13.36
s_third,2026-05-13T05:38:21.442503+00:00,5.21
s_third,2026-05-13T05:48:26.583444+00:00,7.42
s_third,2026-05-13T05:55:10.591257+00:00,57.37
s_third,2026-05-13T06:05:15.491056+00:00,5.21
s_third,2026-05-13T06:13:19.016914+00:00,30.75
s_third,2026-05-13T06:23:22.123480+00:00,21.41
s_third,2026-05-13T06:33:25.594000+00:00,-100.0
s_third,2026-05-13T06:41:12.011057+00:00,14.62
s_third,2026-05-13T06:43:34.179179+00:00,18.6
s_third,2026-05-13T06:46:56.895507+00:00,13.36
s_third,2026-05-13T07:09:05.833602+00:00,7.42
s_third,2026-05-13T07:14:08.729396+00:00,-100.0
s_third,2026-05-13T07:26:37.182551+00:00,6.3
s_third,2026-05-13T07:31:00.552226+00:00,5.21
s_third,2026-05-13T07:34:22.160195+00:00,8.56
s_third,2026-05-13T07:44:04.929805+00:00,-100.0
s_third,2026-05-13T08:03:10.018534+00:00,13.36
s_third,2026-05-13T08:09:34.530383+00:00,15.92
s_third,2026-05-13T08:14:40.119203+00:00,6.3
s_third,2026-05-13T08:18:43.002637+00:00,-100.0
s_third,2026-05-13T08:24:46.040957+00:00,34.21
s_third,2026-05-13T08:30:31.389654+00:00,21.41
s_third,2026-05-13T08:34:54.069028+00:00,-100.0
s_third,2026-05-13T08:44:40.685195+00:00,8.56
s_third,2026-05-13T08:54:48.110765+00:00,15.92
s_third,2026-05-13T08:58:10.778314+00:00,8.56
s_third,2026-05-13T09:04:53.673170+00:00,52.55
s_third,2026-05-13T09:10:17.400143+00:00,8.56
s_third,2026-05-13T09:15:01.024276+00:00,43.78
s_third,2026-05-13T09:18:43.186873+00:00,9.72
s_third,2026-05-13T09:25:50.037471+00:00,41.75
s_third,2026-05-13T09:30:53.461648+00:00,6.3
s_third,2026-05-13T09:35:35.726098+00:00,8.56
s_third,2026-05-13T09:45:41.658615+00:00,5.21
s_third,2026-05-13T09:50:46.382871+00:00,5.21
s_third,2026-05-13T09:52:47.781929+00:00,-100.0
s_third,2026-05-13T10:05:33.108122+00:00,5.21
s_third,2026-05-13T10:10:36.615857+00:00,5.21
s_third,2026-05-13T10:25:41.794917+00:00,12.12
s_third,2026-05-13T10:41:30.863344+00:00,-100.0
s_third,2026-05-13T10:50:57.147919+00:00,13.36
s_third,2026-05-13T11:11:49.553917+00:00,10.91
s_third,2026-05-13T11:16:56.769904+00:00,13.36
s_third,2026-05-13T11:16:56.848844+00:00,7.42
s_third,2026-05-13T11:27:00.272968+00:00,22.86
s_third,2026-05-13T11:36:47.356799+00:00,9.72
s_third,2026-05-13T11:51:51.492422+00:00,15.92
s_third,2026-05-13T11:57:18.897967+00:00,5.21
s_third,2026-05-13T12:05:45.481042+00:00,9.72
s_third,2026-05-13T12:07:05.985844+00:00,5.21
s_third,2026-05-13T12:17:28.812381+00:00,12.12
s_third,2026-05-13T12:25:13.815171+00:00,45.88
s_third,2026-05-13T12:48:19.807349+00:00,7.42
s_third,2026-05-13T12:52:02.440534+00:00,7.42
s_third,2026-05-13T12:57:45.000878+00:00,8.56
s_third,2026-05-13T13:04:28.186656+00:00,7.42
s_third,2026-05-13T13:07:49.374719+00:00,5.21
s_third,2026-05-13T13:15:31.884048+00:00,6.3
s_third,2026-05-13T13:22:54.274015+00:00,-100.0
s_third,2026-05-13T13:27:58.473996+00:00,13.36
s_third,2026-05-13T13:32:43.063530+00:00,29.09
s_third,2026-05-13T13:36:45.622444+00:00,-100.0
s_third,2026-05-13T13:48:31.103033+00:00,-100.0
s_third,2026-05-13T13:58:54.398967+00:00,13.36
s_third,2026-05-13T14:03:59.392349+00:00,5.21
s_third,2026-05-13T14:08:23.689292+00:00,-100.0
s_third,2026-05-13T14:14:26.625430+00:00,7.42
s_third,2026-05-13T14:16:48.230998+00:00,22.86
s_third,2026-05-13T14:24:56.092271+00:00,59.9
s_third,2026-05-13T14:29:38.898487+00:00,15.92
s_third,2026-05-13T14:35:03.850257+00:00,5.21
s_third,2026-05-13T14:40:08.533266+00:00,8.56
s_third,2026-05-13T14:51:18.564640+00:00,13.36
s_third,2026-05-13T14:54:42.514076+00:00,21.41
s_third,2026-05-13T15:10:06.797270+00:00,-100.0
s_third,2026-05-13T15:25:33.972992+00:00,59.9
s_third,2026-05-13T15:30:38.073119+00:00,34.21
s_third,2026-05-13T15:34:21.258767+00:00,65.23
s_third,2026-05-13T15:40:44.756122+00:00,94.52
s_third,2026-05-13T15:45:49.800642+00:00,30.75
s_third,2026-05-13T15:46:50.704222+00:00,-100.0
s_third,2026-05-13T15:54:57.236770+00:00,59.9
s_third,2026-05-13T16:01:42.366288+00:00,10.91
s_third,2026-05-13T16:10:49.476759+00:00,18.6
s_third,2026-05-13T16:14:32.815422+00:00,14.62
s_third,2026-05-13T16:27:37.359071+00:00,6.3
s_third,2026-05-13T16:32:39.683912+00:00,6.3
s_third,2026-05-13T16:38:22.269856+00:00,9.72
s_third,2026-05-13T16:49:48.077056+00:00,21.41
s_third,2026-05-13T16:53:30.219608+00:00,7.42
s_third,2026-05-13T17:00:16.730114+00:00,5.21
s_third,2026-05-13T17:04:38.536892+00:00,18.6
s_third,2026-05-13T17:13:44.782317+00:00,12.12
s_third,2026-05-13T17:18:46.931825+00:00,6.3
s_third,2026-05-13T17:23:11.252508+00:00,-100.0
s_third,2026-05-13T17:31:15.750509+00:00,-100.0
s_third,2026-05-13T17:33:57.570950+00:00,5.21
s_third,2026-05-13T17:38:38.870627+00:00,7.42
s_third,2026-05-13T17:53:24.379965+00:00,-100.0
s_third,2026-05-13T17:59:27.611795+00:00,34.21
s_third,2026-05-13T18:04:30.378162+00:00,36.02
s_third,2026-05-13T18:07:32.477869+00:00,5.21
s_third,2026-05-13T18:15:16.372880+00:00,21.41
s_third,2026-05-13T18:24:41.978500+00:00,-100.0
s_third,2026-05-13T18:30:26.650131+00:00,32.45
s_third,2026-05-13T18:35:14.467322+00:00,5.21
s_third,2026-05-13T18:41:20.302144+00:00,10.91
s_third,2026-05-13T18:46:04.509940+00:00,7.42
s_third,2026-05-13T18:47:06.330642+00:00,18.6
s_third,2026-05-13T18:56:14.504015+00:00,6.3
s_third,2026-05-13T19:00:38.174722+00:00,17.24
s_third,2026-05-13T19:06:24.565775+00:00,-100.0
s_third,2026-05-13T19:11:11.659888+00:00,5.21
s_third,2026-05-13T19:16:36.270704+00:00,8.56
s_third,2026-05-13T19:20:19.180381+00:00,-100.0
s_third,2026-05-13T19:26:26.957073+00:00,9.72
s_third,2026-05-13T19:31:32.415933+00:00,-100.0
s_third,2026-05-13T19:36:36.524810+00:00,5.21
s_third,2026-05-13T19:41:20.874792+00:00,8.56
s_third,2026-05-13T19:46:24.109417+00:00,83.64
s_third,2026-05-13T19:57:48.123719+00:00,9.72
s_third,2026-05-13T20:05:12.163409+00:00,6.3
s_third,2026-05-13T20:15:16.584696+00:00,17.24
s_third,2026-05-13T20:23:59.211306+00:00,12.12
s_third,2026-05-13T20:50:25.830210+00:00,7.42
s_third,2026-05-13T21:05:52.014222+00:00,10.91
s_third,2026-05-13T21:10:35.910801+00:00,9.72
s_third,2026-05-13T21:21:04.739166+00:00,22.86
s_third,2026-05-13T21:23:26.415890+00:00,7.42
s_third,2026-05-13T21:41:33.258309+00:00,5.21
s_third,2026-05-13T21:46:37.384203+00:00,18.6
s_third,2026-05-13T21:56:43.159055+00:00,-100.0
s_third,2026-05-13T21:56:43.249289+00:00,6.3
s_third,2026-05-13T22:08:09.048285+00:00,18.6
s_third,2026-05-13T22:54:22.649715+00:00,5.21
s_third,2026-05-13T22:57:03.492283+00:00,7.42
s_third,2026-05-13T23:02:06.510802+00:00,5.21
s_third,2026-05-13T23:11:34.279491+00:00,27.47
s_third,2026-05-13T23:12:14.564686+00:00,54.92
s_third,2026-05-13T23:17:18.118384+00:00,21.41
s_third,2026-05-13T23:22:00.857323+00:00,12.12
s_third,2026-05-13T23:27:03.869164+00:00,21.41
s_third,2026-05-13T23:33:48.262285+00:00,90.75
s_third,2026-05-13T23:40:14.141477+00:00,15.92
s_third,2026-05-13T23:43:16.271913+00:00,94.52
s_third,2026-05-13T23:48:58.645544+00:00,15.92
s_third,2026-05-13T23:59:24.568165+00:00,-100.0
s_third,2026-05-14T00:10:30.061094+00:00,9.72
s_third,2026-05-14T00:16:34.498991+00:00,5.21
s_third,2026-05-14T00:17:35.388604+00:00,21.41
s_third,2026-05-14T00:22:17.409291+00:00,8.56
s_third,2026-05-14T00:30:45.541317+00:00,12.12
s_third,2026-05-14T00:35:50.220914+00:00,6.3
s_third,2026-05-14T00:44:15.929704+00:00,25.89
s_third,2026-05-14T00:50:18.530516+00:00,37.87
s_third,2026-05-14T00:56:04.305282+00:00,10.91
s_third,2026-05-14T00:59:47.783370+00:00,48.03
s_third,2026-05-14T01:06:11.768606+00:00,36.02
s_third,2026-05-14T01:10:55.922032+00:00,5.21
s_third,2026-05-14T01:15:20.795307+00:00,39.79
s_third,2026-05-14T01:20:26.435547+00:00,12.12
s_third,2026-05-14T01:25:51.591023+00:00,9.72
s_third,2026-05-14T01:30:16.500292+00:00,5.21
s_third,2026-05-14T01:32:38.256511+00:00,57.37
s_third,2026-05-14T01:41:25.699687+00:00,12.12
s_third,2026-05-14T01:46:30.931831+00:00,5.21
s_third,2026-05-14T01:47:31.977100+00:00,5.21
s_third,2026-05-14T01:52:34.351030+00:00,36.02
s_third,2026-05-14T02:01:57.467827+00:00,21.41
s_third,2026-05-14T02:07:39.363692+00:00,5.21
s_third,2026-05-14T02:12:41.580941+00:00,30.75
s_third,2026-05-14T02:17:44.894065+00:00,5.21
s_third,2026-05-14T02:27:07.703249+00:00,18.6
s_third,2026-05-14T02:37:52.047202+00:00,50.26
s_third,2026-05-14T02:46:40.095963+00:00,27.47
s_third,2026-05-14T02:48:01.805322+00:00,5.21
s_third,2026-05-14T03:02:45.512156+00:00,5.21
s_third,2026-05-14T03:19:30.166631+00:00,5.21
s_third,2026-05-14T03:24:14.151710+00:00,-100.0
s_third,2026-05-14T03:37:17.077586+00:00,8.56
s_third,2026-05-14T03:43:00.671176+00:00,5.21
s_third,2026-05-14T03:50:26.337308+00:00,52.55
s_third,2026-05-14T03:54:50.097964+00:00,6.3
s_third,2026-05-14T04:10:58.668285+00:00,-100.0
s_third,2026-05-14T04:19:43.067325+00:00,10.91
s_third,2026-05-14T04:26:29.168899+00:00,15.92
s_third,2026-05-14T04:31:14.069526+00:00,10.91
s_third,2026-05-14T04:36:17.490126+00:00,34.21
s_third,2026-05-14T04:41:21.499426+00:00,-100.0
s_third,2026-05-14T04:42:02.023120+00:00,21.41
s_third,2026-05-14T04:54:05.796905+00:00,10.91
s_third,2026-05-14T04:59:52.809088+00:00,-100.0
s_third,2026-05-14T05:02:15.220424+00:00,-100.0
s_third,2026-05-14T05:07:39.118355+00:00,30.75
s_third,2026-05-14T05:12:20.795848+00:00,6.3
s_third,2026-05-14T05:17:45.882785+00:00,48.03
s_third,2026-05-14T05:22:48.346621+00:00,8.56
s_third,2026-05-14T05:32:32.642806+00:00,-100.0
s_third,2026-05-14T05:38:14.951414+00:00,7.42
s_third,2026-05-14T05:42:37.555164+00:00,19.98
s_third,2026-05-14T05:58:41.230652+00:00,5.21
s_third,2026-05-14T06:03:25.178882+00:00,7.42
s_third,2026-05-14T06:11:51.125338+00:00,15.92
s_third,2026-05-14T06:13:32.651300+00:00,65.23
s_third,2026-05-14T06:18:35.252912+00:00,6.3
s_third,2026-05-14T06:23:39.638098+00:00,7.42
s_third,2026-05-14T06:28:21.561581+00:00,8.56
s_third,2026-05-14T06:38:27.432012+00:00,21.41
s_third,2026-05-14T06:43:30.207431+00:00,5.21
s_third,2026-05-14T06:48:33.226158+00:00,7.42
s_third,2026-05-14T06:54:58.906211+00:00,24.36
s_third,2026-05-14T07:05:07.111223+00:00,8.56
s_third,2026-05-14T07:11:32.515662+00:00,-100.0
s_third,2026-05-14T07:16:36.904733+00:00,5.21
s_third,2026-05-14T07:18:38.516013+00:00,10.91
s_third,2026-05-14T07:25:24.951635+00:00,5.21
s_third,2026-05-14T07:30:07.818501+00:00,5.21
s_third,2026-05-14T07:56:38.141773+00:00,5.21
s_third,2026-05-14T08:01:44.605041+00:00,24.36
s_third,2026-05-14T08:03:06.069697+00:00,48.03
s_third,2026-05-14T08:10:53.720494+00:00,5.21
s_third,2026-05-14T08:12:14.183640+00:00,5.21
s_third,2026-05-14T08:19:17.548508+00:00,5.21
s_third,2026-05-14T08:33:41.223772+00:00,8.56
s_third,2026-05-14T08:38:24.269806+00:00,5.21
s_third,2026-05-14T08:43:06.570086+00:00,12.12
s_third,2026-05-14T08:47:49.010515+00:00,5.53
s_third,2026-05-14T08:53:54.122769+00:00,8.56
s_third,2026-05-14T08:58:56.675760+00:00,43.78
s_third,2026-05-14T09:08:18.858778+00:00,5.21
s_third,2026-05-14T09:14:00.827473+00:00,6.3
s_third,2026-05-14T09:18:45.963352+00:00,24.36
s_third,2026-05-14T09:24:11.046693+00:00,12.12
s_third,2026-05-14T09:28:55.617856+00:00,7.42
s_third,2026-05-14T09:34:00.723332+00:00,5.21
s_third,2026-05-14T09:39:05.194476+00:00,5.21
s_third,2026-05-14T09:48:29.238121+00:00,13.36
s_third,2026-05-14T10:04:14.131979+00:00,18.6
s_third,2026-05-14T10:09:17.312177+00:00,5.21
s_third,2026-05-14T10:19:21.038953+00:00,5.21
s_third,2026-05-14T10:29:08.484596+00:00,13.36
s_third,2026-05-14T10:55:18.878646+00:00,5.21
s_third,2026-05-14T10:59:42.039846+00:00,37.87
s_third,2026-05-14T11:05:49.043819+00:00,13.36
s_third,2026-05-14T11:10:33.896838+00:00,13.36
s_third,2026-05-14T11:15:36.721332+00:00,18.6
s_third,2026-05-14T11:36:28.199001+00:00,5.21
s_third,2026-05-14T11:41:32.842915+00:00,8.56
s_third,2026-05-14T11:46:55.697055+00:00,9.72
s_third,2026-05-14T11:52:19.579531+00:00,-100.0
s_third,2026-05-14T11:57:41.666844+00:00,7.42
s_third,2026-05-14T12:03:47.295022+00:00,13.36
s_third,2026-05-14T12:07:29.241882+00:00,9.72
s_third,2026-05-14T12:12:53.886124+00:00,8.56
s_third,2026-05-14T12:17:36.025212+00:00,13.36
s_third,2026-05-14T12:22:40.142591+00:00,13.36
s_third,2026-05-14T12:35:24.698751+00:00,5.21
s_third,2026-05-14T12:38:46.300914+00:00,12.12
s_third,2026-05-14T12:43:28.251142+00:00,5.21
s_third,2026-05-14T12:48:50.577963+00:00,8.56
s_third,2026-05-14T12:53:33.496841+00:00,5.21
s_third,2026-05-14T12:58:37.787497+00:00,7.42
s_third,2026-05-14T13:04:00.692600+00:00,9.72
s_third,2026-05-14T13:14:07.039859+00:00,6.3
s_third,2026-05-14T13:18:50.674762+00:00,6.3
s_third,2026-05-14T13:24:35.102796+00:00,24.36
s_third,2026-05-14T13:39:22.166178+00:00,52.55
s_third,2026-05-14T13:44:47.802839+00:00,7.42
s_third,2026-05-14T13:49:52.677398+00:00,10.91
s_third,2026-05-14T13:54:56.107153+00:00,17.24
s_third,2026-05-14T14:00:01.459103+00:00,17.24
s_third,2026-05-14T14:05:06.565506+00:00,8.56
s_third,2026-05-14T14:10:09.935427+00:00,5.21
s_third,2026-05-14T14:14:54.259060+00:00,6.19
s_third,2026-05-14T14:24:58.559662+00:00,9.72
s_third,2026-05-14T14:35:07.217242+00:00,5.21
s_third,2026-05-14T14:40:51.769260+00:00,83.64
s_third,2026-05-14T14:50:35.900230+00:00,5.21
s_third,2026-05-14T15:01:02.031450+00:00,5.21
s_third,2026-05-14T15:05:04.812465+00:00,10.91
s_third,2026-05-14T15:07:05.965186+00:00,62.52
s_third,2026-05-14T15:16:14.286291+00:00,5.21
s_third,2026-05-14T15:21:18.374616+00:00,17.24
s_third,2026-05-14T15:26:26.115984+00:00,-100.0
s_third,2026-05-14T15:27:47.764384+00:00,-100.0
s_third,2026-05-14T15:32:51.878200+00:00,13.36
s_third,2026-05-14T15:41:19.243656+00:00,10.91
s_third,2026-05-14T15:43:41.306069+00:00,18.6
s_third,2026-05-14T15:53:45.105660+00:00,10.91
s_third,2026-05-14T16:04:48.828787+00:00,17.24
s_third,2026-05-14T16:11:33.374534+00:00,30.75
s_third,2026-05-14T16:14:15.130536+00:00,15.92
s_third,2026-05-14T16:16:56.330409+00:00,22.86
s_third,2026-05-14T16:21:59.639027+00:00,6.3
s_third,2026-05-14T16:29:22.882997+00:00,9.72
s_third,2026-05-14T16:32:04.437967+00:00,12.12
s_third,2026-05-14T16:36:47.433418+00:00,45.88
s_third,2026-05-14T16:46:55.576662+00:00,7.42
s_third,2026-05-14T16:52:19.474831+00:00,22.86
s_third,2026-05-14T17:07:43.763142+00:00,17.24
s_third,2026-05-14T17:12:47.091663+00:00,12.12
s_third,2026-05-14T17:18:31.358537+00:00,12.12
s_third,2026-05-14T17:24:17.290906+00:00,6.3
s_third,2026-05-14T17:27:40.076744+00:00,37.87
s_third,2026-05-14T17:33:44.368897+00:00,21.41
s_third,2026-05-14T17:38:47.345827+00:00,18.6
s_third,2026-05-14T17:44:30.105352+00:00,30.75
s_third,2026-05-14T17:48:52.283791+00:00,10.91
s_third,2026-05-14T17:59:59.263047+00:00,13.36
s_third,2026-05-14T18:05:24.736335+00:00,21.41
s_third,2026-05-14T18:19:08.973680+00:00,7.42
s_third,2026-05-14T18:24:13.131039+00:00,-100.0
s_third,2026-05-14T18:30:40.809832+00:00,39.79
s_third,2026-05-14T18:34:25.034324+00:00,27.47
s_third,2026-05-14T18:40:51.228516+00:00,13.36
s_third,2026-05-14T18:45:55.581743+00:00,29.09
s_third,2026-05-14T18:50:20.778054+00:00,5.21
s_third,2026-05-14T18:55:27.457976+00:00,7.42
s_third,2026-05-14T19:00:32.481698+00:00,45.88
s_third,2026-05-14T19:15:40.961308+00:00,22.86
s_third,2026-05-14T19:21:48.611454+00:00,37.87
s_third,2026-05-14T19:26:34.156240+00:00,87.13
s_third,2026-05-14T19:27:35.160035+00:00,32.45
s_third,2026-05-14T19:32:59.525162+00:00,18.6
s_third,2026-05-14T19:48:43.948511+00:00,8.56
s_third,2026-05-14T19:55:51.411977+00:00,17.24
s_third,2026-05-14T20:00:15.265065+00:00,6.3
s_third,2026-05-14T20:06:42.362781+00:00,5.21
s_third,2026-05-14T20:15:48.696536+00:00,-100.0
s_third,2026-05-14T20:30:56.612840+00:00,34.21
s_third,2026-05-14T20:36:02.402073+00:00,8.56
s_third,2026-05-14T20:41:07.844487+00:00,21.41
s_third,2026-05-14T20:46:14.073073+00:00,9.72
s_third,2026-05-14T20:50:57.717904+00:00,12.12
s_third,2026-05-14T20:56:01.086980+00:00,8.56
s_third,2026-05-14T21:11:08.683807+00:00,14.62
s_third,2026-05-14T21:13:09.989007+00:00,10.91
s_third,2026-05-14T21:21:00.209978+00:00,9.72
s_third,2026-05-14T21:26:05.973934+00:00,5.21
s_third,2026-05-14T21:31:10.258746+00:00,6.3
s_third,2026-05-14T21:36:15.161615+00:00,5.21
s_third,2026-05-14T21:41:18.856148+00:00,7.42
s_third,2026-05-14T21:46:23.754055+00:00,5.21
s_third,2026-05-14T21:51:10.297946+00:00,30.75
s_third,2026-05-14T21:56:15.159007+00:00,17.24
s_third,2026-05-14T22:11:23.799960+00:00,-100.0
s_third,2026-05-14T22:16:27.768438+00:00,7.42
s_third,2026-05-14T22:21:30.335722+00:00,5.21
s_third,2026-05-14T22:48:35.848188+00:00,17.24
s_third,2026-05-14T22:53:18.703524+00:00,41.75
s_third,2026-05-14T22:59:05.223757+00:00,12.12
s_third,2026-05-14T23:05:10.141827+00:00,8.56
s_third,2026-05-14T23:13:37.342122+00:00,5.21
s_third,2026-05-14T23:18:20.455684+00:00,7.42
s_third,2026-05-14T23:30:50.144461+00:00,-100.0
s_third,2026-05-14T23:44:39.139805+00:00,10.91
s_third,2026-05-15T00:00:07.899145+00:00,6.3
s_third,2026-05-15T00:10:32.973928+00:00,6.3
s_third,2026-05-15T00:18:36.829194+00:00,5.21
s_third,2026-05-15T00:26:25.295969+00:00,5.21
s_third,2026-05-15T00:31:31.720682+00:00,-100.0
s_third,2026-05-15T00:36:16.064025+00:00,-100.0
s_third,2026-05-15T00:44:21.277085+00:00,17.24
s_third,2026-05-15T00:59:28.159020+00:00,7.42
s_third,2026-05-15T01:04:32.269447+00:00,10.91
s_third,2026-05-15T01:10:17.299498+00:00,6.3
s_third,2026-05-15T01:15:02.332843+00:00,10.91
s_third,2026-05-15T01:20:05.632911+00:00,24.36
s_third,2026-05-15T01:25:11.415841+00:00,34.21
s_third,2026-05-15T01:29:36.471452+00:00,6.3
s_third,2026-05-15T01:35:22.009106+00:00,15.92
s_third,2026-05-15T02:11:32.442544+00:00,-100.0
s_third,2026-05-15T02:26:40.347727+00:00,7.42
s_third,2026-05-15T02:31:45.434518+00:00,22.86
s_third,2026-05-15T02:36:29.913845+00:00,17.24
s_third,2026-05-15T02:50:55.140057+00:00,6.3
s_third,2026-05-15T02:51:35.658175+00:00,9.72
s_third,2026-05-15T03:06:39.625260+00:00,10.91
s_third,2026-05-15T03:16:47.392263+00:00,5.21
s_third,2026-05-15T03:21:51.366109+00:00,10.91
s_third,2026-05-15T03:27:15.723472+00:00,-100.0
s_third,2026-05-15T03:36:43.302041+00:00,-100.0
s_third,2026-05-15T03:42:05.526414+00:00,-100.0
s_third,2026-05-15T03:52:11.484111+00:00,12.12
s_third,2026-05-15T04:02:18.406156+00:00,34.21
s_third,2026-05-15T04:05:40.399787+00:00,15.92
s_third,2026-05-15T04:12:23.195109+00:00,5.21
s_third,2026-05-15T04:17:27.805133+00:00,12.12
s_third,2026-05-15T04:22:31.568344+00:00,13.36
s_third,2026-05-15T04:27:15.409736+00:00,6.3
s_third,2026-05-15T04:32:19.785348+00:00,14.62
s_third,2026-05-15T04:37:24.336460+00:00,41.75
s_third,2026-05-15T04:42:28.808433+00:00,-100.0
s_third,2026-05-15T04:50:14.224467+00:00,-100.0
s_third,2026-05-15T04:54:58.663977+00:00,10.91
s_third,2026-05-15T05:00:24.733048+00:00,10.91
s_third,2026-05-15T05:05:08.945783+00:00,7.42
s_third,2026-05-15T05:10:11.451751+00:00,7.42
s_third,2026-05-15T05:19:16.317849+00:00,-100.0
s_third,2026-05-15T05:31:07.486872+00:00,-100.0
s_third,2026-05-15T05:35:52.688198+00:00,5.21
s_third,2026-05-15T05:51:39.736947+00:00,30.75
s_third,2026-05-15T05:56:45.249900+00:00,13.36
s_third,2026-05-15T06:00:46.919954+00:00,21.41
s_third,2026-05-15T06:11:13.024748+00:00,32.45
s_third,2026-05-15T06:16:18.455934+00:00,29.09
s_third,2026-05-15T06:16:58.888185+00:00,8.56
s_third,2026-05-15T06:27:02.100241+00:00,7.42
s_third,2026-05-15T06:32:04.092860+00:00,5.21
s_third,2026-05-15T06:37:06.406020+00:00,10.91
s_third,2026-05-15T06:42:08.503510+00:00,5.21
s_third,2026-05-15T06:47:31.128074+00:00,7.42
s_third,2026-05-15T06:52:34.836692+00:00,10.91
s_third,2026-05-15T06:57:38.986990+00:00,17.24
s_third,2026-05-15T07:02:43.145168+00:00,-100.0
s_third,2026-05-15T07:11:49.884024+00:00,9.72
s_third,2026-05-15T07:12:50.551999+00:00,25.89
s_third,2026-05-15T07:22:55.650235+00:00,34.21
s_third,2026-05-15T07:32:58.622699+00:00,5.21
s_third,2026-05-15T07:43:02.872750+00:00,70.93
s_third,2026-05-15T07:47:45.055089+00:00,36.02
s_third,2026-05-15T07:52:49.189487+00:00,-100.0
s_third,2026-05-15T07:57:51.018447+00:00,-100.0
s_third,2026-05-15T08:07:56.447909+00:00,5.21
s_third,2026-05-15T08:12:58.793686+00:00,13.36
s_third,2026-05-15T08:19:44.677287+00:00,-100.0
s_third,2026-05-15T08:29:48.020915+00:00,-100.0
s_third,2026-05-15T08:40:36.014237+00:00,-100.0
s_third,2026-05-15T08:45:59.534202+00:00,10.91
s_third,2026-05-15T08:50:44.069183+00:00,14.62
s_third,2026-05-15T08:56:09.913999+00:00,7.42
s_third,2026-05-15T09:01:15.204111+00:00,9.72
s_third,2026-05-15T09:05:38.510278+00:00,7.42
s_third,2026-05-15T09:11:05.563863+00:00,5.21
s_third,2026-05-15T09:14:09.304120+00:00,21.41
s_third,2026-05-15T09:20:57.044344+00:00,14.62
s_third,2026-05-15T09:24:00.203586+00:00,37.87
s_third,2026-05-15T09:31:49.150376+00:00,14.62
s_third,2026-05-15T09:36:32.852476+00:00,7.42
s_third,2026-05-15T09:41:35.712858+00:00,17.24
s_third,2026-05-15T09:51:23.801702+00:00,5.21
s_third,2026-05-15T10:01:52.725825+00:00,14.62
s_third,2026-05-15T10:02:33.347402+00:00,5.21
s_third,2026-05-15T10:07:37.167586+00:00,18.6
s_third,2026-05-15T10:12:38.965007+00:00,6.3
s_third,2026-05-15T10:17:21.750610+00:00,24.36
s_third,2026-05-15T10:27:45.316328+00:00,15.92
s_third,2026-05-15T10:32:49.429316+00:00,13.36
s_third,2026-05-15T10:42:54.795732+00:00,5.21
s_third,2026-05-15T10:47:59.857265+00:00,-100.0
s_third,2026-05-15T11:08:27.894819+00:00,12.12
s_third,2026-05-15T11:18:31.022915+00:00,9.72
s_third,2026-05-15T11:22:13.725899+00:00,-100.0
s_third,2026-05-15T11:27:58.223645+00:00,5.21
s_third,2026-05-15T11:33:41.285382+00:00,9.72
s_third,2026-05-15T11:38:04.848884+00:00,7.42
s_third,2026-05-15T11:44:29.117040+00:00,-100.0
s_third,2026-05-15T11:48:52.523777+00:00,13.36
s_third,2026-05-15T12:02:17.028006+00:00,5.21
s_third,2026-05-15T12:14:22.033324+00:00,-100.0
s_third,2026-05-15T12:24:45.427324+00:00,10.91
s_third,2026-05-15T12:29:49.029799+00:00,90.75
s_third,2026-05-15T12:32:50.251910+00:00,94.52
s_third,2026-05-15T12:49:57.583022+00:00,5.21
s_third,2026-05-15T12:55:21.808102+00:00,-100.0
s_third,2026-05-15T13:00:26.507185+00:00,-100.0
s_third,2026-05-15T13:15:55.941132+00:00,18.6
s_third,2026-05-15T13:21:02.666077+00:00,34.21
s_third,2026-05-15T13:25:47.691507+00:00,-100.0
s_third,2026-05-15T13:31:09.728513+00:00,8.56
s_third,2026-05-15T13:51:39.977433+00:00,6.3
s_third,2026-05-15T13:56:46.293245+00:00,-100.0
s_third,2026-05-15T13:56:46.384394+00:00,5.21
s_third,2026-05-15T14:07:09.021744+00:00,6.3
s_third,2026-05-15T14:12:32.220017+00:00,8.56
s_third,2026-05-15T14:16:54.432092+00:00,8.56
s_third,2026-05-15T14:22:36.897837+00:00,-100.0
s_third,2026-05-15T14:28:00.551257+00:00,30.75
s_third,2026-05-15T14:32:24.291165+00:00,8.56
s_third,2026-05-15T14:37:48.330263+00:00,-100.0
s_third,2026-05-15T14:42:30.030799+00:00,19.98
s_third,2026-05-15T14:47:52.503235+00:00,14.62
s_third,2026-05-15T14:58:16.228775+00:00,8.56
s_third,2026-05-15T15:04:00.967165+00:00,-100.0
s_third,2026-05-15T15:08:03.973945+00:00,32.45
s_third,2026-05-15T15:14:09.410688+00:00,22.86
s_third,2026-05-15T15:19:13.098408+00:00,54.92
s_third,2026-05-15T15:24:15.277372+00:00,39.79
s_third,2026-05-15T15:29:18.654041+00:00,-100.0
s_third,2026-05-15T15:34:03.128706+00:00,6.3
s_third,2026-05-15T15:44:49.786332+00:00,19.98
s_third,2026-05-15T15:49:34.652893+00:00,17.24
s_third,2026-05-15T15:54:57.590988+00:00,39.79
s_third,2026-05-15T16:00:01.391935+00:00,12.12
s_third,2026-05-15T16:02:44.025466+00:00,6.3
s_third,2026-05-15T16:09:27.727251+00:00,17.24
s_third,2026-05-15T16:19:58.612672+00:00,21.41
s_third,2026-05-15T16:24:43.123432+00:00,24.36
s_third,2026-05-15T16:30:07.606253+00:00,7.42
s_third,2026-05-15T16:35:53.378034+00:00,-100.0
s_third,2026-05-15T16:41:38.912141+00:00,-5.5
s_third,2026-05-15T16:46:04.513428+00:00,94.52
s_third,2026-05-15T16:51:10.066542+00:00,94.52
s_third,2026-05-15T16:56:14.119517+00:00,-100.0
s_third,2026-05-15T17:00:58.040632+00:00,27.47
s_third,2026-05-15T17:06:42.590181+00:00,13.36
s_third,2026-05-15T17:11:46.864845+00:00,10.91
s_third,2026-05-15T17:16:30.394166+00:00,15.92
s_third,2026-05-15T17:20:54.727537+00:00,14.62
s_third,2026-05-15T17:23:16.071872+00:00,-100.0
s_third,2026-05-15T17:26:58.109010+00:00,27.47
s_third,2026-05-15T17:32:00.006693+00:00,6.3
s_third,2026-05-15T17:37:01.859020+00:00,17.24
s_third,2026-05-15T17:42:06.578432+00:00,-100.0
s_third,2026-05-15T17:51:54.812854+00:00,-100.0
s_third,2026-05-15T17:52:15.274477+00:00,5.21
s_third,2026-05-15T17:56:59.194371+00:00,-100.0
s_third,2026-05-15T18:02:01.344140+00:00,13.36
s_third,2026-05-15T18:07:23.356489+00:00,7.42
s_third,2026-05-15T18:12:25.777444+00:00,14.62
s_third,2026-05-15T18:17:27.025733+00:00,6.3
s_third,2026-05-15T18:28:28.827847+00:00,5.21
s_third,2026-05-15T18:32:51.270693+00:00,12.12
s_third,2026-05-15T18:38:55.176532+00:00,5.21
s_third,2026-05-15T18:43:36.625234+00:00,9.72
s_third,2026-05-15T18:53:21.492115+00:00,9.72
s_third,2026-05-15T18:59:24.869115+00:00,-100.0
s_third,2026-05-15T19:09:29.508339+00:00,8.56
s_third,2026-05-15T19:11:50.469826+00:00,17.24
s_third,2026-05-15T19:19:34.903447+00:00,25.89
s_third,2026-05-15T19:24:36.746166+00:00,19.98
s_third,2026-05-15T19:32:01.399107+00:00,12.12
s_third,2026-05-15T19:32:21.485421+00:00,9.72
s_third,2026-05-15T19:47:45.417489+00:00,6.3
s_third,2026-05-15T19:52:47.767040+00:00,24.36
s_third,2026-05-15T19:58:31.291657+00:00,-100.0
s_third,2026-05-15T20:04:13.830615+00:00,14.62
s_third,2026-05-15T20:08:36.432963+00:00,13.36
s_third,2026-05-15T20:13:39.153362+00:00,12.12
s_third,2026-05-15T20:23:01.860680+00:00,-100.0
s_third,2026-05-15T20:43:28.981322+00:00,13.36
s_third,2026-05-15T20:48:54.069953+00:00,25.89
s_third,2026-05-15T20:53:58.498630+00:00,-100.0
s_third,2026-05-15T20:59:21.153694+00:00,9.72
s_third,2026-05-15T21:06:44.257860+00:00,-100.0
s_third,2026-05-15T21:14:07.745320+00:00,12.12
s_third,2026-05-15T21:19:50.066511+00:00,6.3
s_third,2026-05-15T21:29:58.278137+00:00,17.24
s_third,2026-05-15T21:35:01.228020+00:00,10.91
s_third,2026-05-15T21:39:46.002902+00:00,-100.0
s_third,2026-05-15T21:45:11.854485+00:00,14.62
s_third,2026-05-15T21:51:17.802756+00:00,-100.0
s_third,2026-05-15T21:56:02.885141+00:00,6.3
s_third,2026-05-15T22:00:47.602589+00:00,-100.0
s_third,2026-05-15T22:06:13.146078+00:00,9.72
s_third,2026-05-15T22:11:35.856340+00:00,10.91
s_third,2026-05-15T22:21:19.261841+00:00,14.62
s_third,2026-05-15T22:31:28.066378+00:00,54.92
s_third,2026-05-15T22:31:48.673384+00:00,83.64
s_third,2026-05-15T22:38:32.554380+00:00,-100.0
s_third,2026-05-15T22:43:56.053297+00:00,70.93
s_third,2026-05-15T22:50:00.664097+00:00,27.47
s_third,2026-05-15T22:54:02.673978+00:00,-100.0
s_third,2026-05-15T23:00:06.576438+00:00,30.75
s_third,2026-05-15T23:05:31.040504+00:00,54.92
s_third,2026-05-15T23:08:53.594542+00:00,-100.0
s_third,2026-05-15T23:18:57.926952+00:00,50.26
s_third,2026-05-15T23:26:03.257093+00:00,-100.0
s_third,2026-05-15T23:45:52.261572+00:00,15.92
s_third,2026-05-15T23:49:35.236432+00:00,50.26
s_third,2026-05-15T23:53:59.459710+00:00,62.52
s_third,2026-05-16T00:03:43.979059+00:00,14.62
s_third,2026-05-16T00:06:46.433874+00:00,-100.0
s_third,2026-05-16T00:15:09.710480+00:00,22.86
s_third,2026-05-16T00:27:52.860202+00:00,80.29
s_third,2026-05-16T00:37:35.402979+00:00,-100.0
s_third,2026-05-16T00:42:37.427289+00:00,7.42
s_third,2026-05-16T00:50:44.416197+00:00,14.62
s_third,2026-05-16T00:58:50.336019+00:00,18.6
s_third,2026-05-16T01:04:15.386655+00:00,-100.0
s_third,2026-05-16T01:07:58.340928+00:00,-100.0
s_third,2026-05-16T01:14:02.573585+00:00,15.92
s_third,2026-05-16T01:26:11.155747+00:00,65.23
s_third,2026-05-16T01:29:53.407511+00:00,-100.0
s_third,2026-05-16T01:37:19.637552+00:00,27.47
s_third,2026-05-16T01:45:05.759158+00:00,14.62
s_third,2026-05-16T01:55:10.053533+00:00,15.92
s_third,2026-05-16T01:57:31.501324+00:00,8.56
s_third,2026-05-16T02:05:16.965292+00:00,15.92
s_third,2026-05-16T02:10:21.465347+00:00,-100.0
s_third,2026-05-16T02:23:07.268175+00:00,-100.0
s_third,2026-05-16T02:27:51.198402+00:00,24.36
s_third,2026-05-16T02:33:14.793161+00:00,7.42
s_third,2026-05-16T02:38:19.971601+00:00,39.79
s_third,2026-05-16T02:46:03.841035+00:00,-100.0
s_third,2026-05-16T02:49:26.388337+00:00,70.93
s_third,2026-05-16T02:54:30.511570+00:00,25.89
s_third,2026-05-16T03:04:34.561651+00:00,6.3
s_third,2026-05-16T03:19:19.270232+00:00,52.55
s_third,2026-05-16T03:31:03.610228+00:00,43.78
s_third,2026-05-16T03:41:31.262536+00:00,5.21
s_third,2026-05-16T03:46:15.639868+00:00,29.09
s_third,2026-05-16T03:51:20.129734+00:00,7.42
s_third,2026-05-16T04:07:07.051938+00:00,-100.0
s_third,2026-05-16T04:11:32.811787+00:00,25.89
s_third,2026-05-16T04:16:39.170815+00:00,-100.0
s_third,2026-05-16T04:18:00.205041+00:00,18.6
s_third,2026-05-16T04:36:32.562116+00:00,9.72
s_third,2026-05-16T04:37:54.119355+00:00,19.98
s_third,2026-05-16T04:42:57.590056+00:00,5.21
s_third,2026-05-16T04:48:00.340058+00:00,6.3
s_third,2026-05-16T04:58:25.214493+00:00,65.23
s_third,2026-05-16T05:09:11.920241+00:00,9.72
s_third,2026-05-16T05:39:21.053542+00:00,37.87
s_third,2026-05-16T05:44:26.585450+00:00,-100.0
s_third,2026-05-16T05:49:30.767415+00:00,-100.0
s_third,2026-05-16T06:04:37.918577+00:00,-100.0
s_third,2026-05-16T06:10:44.579897+00:00,14.62
s_third,2026-05-16T06:15:50.105677+00:00,5.21
s_third,2026-05-16T06:20:55.271107+00:00,6.3
s_third,2026-05-16T06:25:42.163343+00:00,37.87
s_third,2026-05-16T06:30:47.682866+00:00,5.21
s_third,2026-05-16T06:35:51.985123+00:00,-100.0
s_third,2026-05-16T06:40:54.916175+00:00,54.92
s_third,2026-05-16T06:46:01.941438+00:00,6.3
s_third,2026-05-16T06:50:46.514624+00:00,5.21
s_third,2026-05-16T06:55:51.226713+00:00,13.36
s_third,2026-05-16T07:00:54.199937+00:00,9.72
s_third,2026-05-16T07:11:42.886986+00:00,-100.0
s_third,2026-05-16T07:26:27.992919+00:00,19.98
s_third,2026-05-16T07:31:31.408205+00:00,10.91
s_third,2026-05-16T07:36:36.320688+00:00,7.42
s_third,2026-05-16T07:42:18.369906+00:00,5.21
s_third,2026-05-16T07:53:03.335461+00:00,50.26
s_third,2026-05-16T07:58:07.556742+00:00,29.09
s_third,2026-05-16T08:04:32.025920+00:00,10.91
s_third,2026-05-16T08:08:56.320797+00:00,-100.0
s_third,2026-05-16T08:13:59.042721+00:00,22.86
s_third,2026-05-16T08:19:03.178837+00:00,-100.0
s_third,2026-05-16T08:29:28.779682+00:00,17.24
s_third,2026-05-16T08:39:11.958902+00:00,8.56
s_third,2026-05-16T08:44:14.280627+00:00,80.29
s_third,2026-05-16T08:49:37.648470+00:00,-100.0
s_third,2026-05-16T08:55:02.075907+00:00,90.75
s_third,2026-05-16T09:04:48.431898+00:00,5.21
s_third,2026-05-16T09:15:01.322882+00:00,-100.0
s_third,2026-05-16T09:15:21.819027+00:00,52.55
s_third,2026-05-16T09:20:26.717979+00:00,54.92
s_third,2026-05-16T09:30:11.259059+00:00,7.42
s_third,2026-05-16T09:40:38.215034+00:00,5.21
s_third,2026-05-16T09:55:30.843339+00:00,-100.0
s_third,2026-05-16T10:00:54.655928+00:00,8.56
s_third,2026-05-16T10:05:18.756458+00:00,14.62
s_third,2026-05-16T10:15:46.517912+00:00,24.36
s_third,2026-05-16T10:20:52.391015+00:00,43.78
s_third,2026-05-16T10:25:59.109726+00:00,8.56
s_third,2026-05-16T10:31:05.935359+00:00,9.72
s_third,2026-05-16T10:35:09.316395+00:00,10.91
s_third,2026-05-16T10:41:53.433336+00:00,36.02
s_third,2026-05-16T10:56:18.524662+00:00,8.56
s_third,2026-05-16T11:02:20.728963+00:00,5.21
s_third,2026-05-16T11:10:25.099723+00:00,7.42
s_third,2026-05-16T11:21:31.094725+00:00,10.91
s_third,2026-05-16T11:26:16.234133+00:00,12.12
s_third,2026-05-16T11:27:57.642160+00:00,6.3
s_third,2026-05-16T11:32:00.420003+00:00,5.21
s_third,2026-05-16T11:41:43.383287+00:00,8.56
s_third,2026-05-16T11:52:07.435411+00:00,22.86
s_third,2026-05-16T11:57:31.204629+00:00,29.09
s_third,2026-05-16T12:08:54.613132+00:00,13.36
s_third,2026-05-16T12:12:17.762847+00:00,34.21
s_third,2026-05-16T12:18:22.631624+00:00,62.52
s_third,2026-05-16T12:23:26.519134+00:00,9.72
s_third,2026-05-16T12:28:50.098230+00:00,-100.0
s_third,2026-05-16T12:34:13.977720+00:00,-100.0
s_third,2026-05-16T12:39:17.257660+00:00,65.23
s_third,2026-05-16T12:54:03.276628+00:00,-100.0
s_third,2026-05-16T13:00:09.395149+00:00,-100.0
s_third,2026-05-16T13:04:14.019339+00:00,94.52
s_third,2026-05-16T13:09:17.844167+00:00,6.3
s_third,2026-05-16T13:15:23.946598+00:00,39.79
s_third,2026-05-16T13:20:09.482974+00:00,7.42
s_third,2026-05-16T13:25:35.065783+00:00,-100.0
s_third,2026-05-16T13:30:41.145096+00:00,6.3
s_third,2026-05-16T13:36:06.419063+00:00,45.88
s_third,2026-05-16T13:40:51.665001+00:00,21.41
s_third,2026-05-16T13:46:17.090872+00:00,7.42
s_third,2026-05-16T13:57:00.001783+00:00,17.24
s_third,2026-05-16T14:02:01.786878+00:00,7.42
s_third,2026-05-16T14:07:05.933761+00:00,34.21
s_third,2026-05-16T14:12:07.926849+00:00,12.12
s_third,2026-05-16T14:17:10.426202+00:00,6.3
s_third,2026-05-16T14:27:18.147737+00:00,68.03
s_third,2026-05-16T14:27:18.239135+00:00,8.56
s_third,2026-05-16T14:37:21.670244+00:00,36.02
s_third,2026-05-16T14:45:45.446226+00:00,10.91
s_third,2026-05-16T14:54:12.624252+00:00,17.24
s_third,2026-05-16T14:59:37.583985+00:00,62.52
s_third,2026-05-16T15:10:02.195460+00:00,12.12
s_third,2026-05-16T15:30:14.678633+00:00,-100.0
s_third,2026-05-16T15:35:18.475452+00:00,-100.0
s_third,2026-05-16T15:40:22.134058+00:00,9.72
s_third,2026-05-16T15:45:26.163798+00:00,94.52
s_third,2026-05-16T15:50:51.978399+00:00,59.9
s_third,2026-05-16T15:55:34.404183+00:00,5.21
s_third,2026-05-16T16:10:19.218678+00:00,43.78
s_third,2026-05-16T16:15:24.651192+00:00,15.92
s_third,2026-05-16T16:20:30.739960+00:00,13.36
s_third,2026-05-16T16:25:34.646839+00:00,12.12
s_third,2026-05-16T16:29:38.092406+00:00,5.21
s_third,2026-05-16T16:41:26.488040+00:00,-100.0
s_third,2026-05-16T16:46:12.301700+00:00,30.75
s_third,2026-05-16T16:51:37.517525+00:00,5.21
s_third,2026-05-16T16:56:02.246143+00:00,9.72
s_third,2026-05-16T17:01:29.596846+00:00,25.89
s_third,2026-05-16T17:05:53.608080+00:00,-100.0
s_third,2026-05-16T17:11:36.762678+00:00,54.92
s_third,2026-05-16T17:17:19.808130+00:00,-100.0
s_third,2026-05-16T17:22:04.013707+00:00,-100.0
s_third,2026-05-16T17:27:48.822959+00:00,-100.0
s_third,2026-05-16T17:32:32.846920+00:00,9.72
s_third,2026-05-16T17:41:21.756851+00:00,-100.0
s_third,2026-05-16T17:42:43.117698+00:00,21.41
s_third,2026-05-16T17:57:48.494785+00:00,10.91
s_third,2026-05-16T18:07:51.271788+00:00,-100.0
s_third,2026-05-16T18:23:57.756170+00:00,6.3
s_third,2026-05-16T18:34:01.397316+00:00,9.72
s_third,2026-05-16T18:39:05.116043+00:00,45.88
s_third,2026-05-16T18:43:29.415730+00:00,5.21
s_third,2026-05-16T18:48:32.007610+00:00,14.62
s_third,2026-05-16T18:53:34.569962+00:00,-100.0
s_third,2026-05-16T18:58:56.839371+00:00,-100.0
s_third,2026-05-16T19:09:03.121794+00:00,-100.0
s_third,2026-05-16T19:30:31.082145+00:00,59.9
s_third,2026-05-16T19:35:34.787496+00:00,12.12
s_third,2026-05-16T19:40:59.023925+00:00,-100.0
s_third,2026-05-16T19:50:26.389987+00:00,21.41
s_third,2026-05-16T19:55:31.120000+00:00,10.91
s_third,2026-05-16T20:01:19.690518+00:00,12.12
s_third,2026-05-16T20:02:40.852788+00:00,87.13
s_third,2026-05-16T20:11:07.778374+00:00,8.56
s_third,2026-05-16T20:32:14.030952+00:00,-100.0
s_third,2026-05-16T20:37:18.117764+00:00,70.93
s_third,2026-05-16T20:42:21.042674+00:00,-100.0
s_third,2026-05-16T21:07:28.369487+00:00,24.36
s_third,2026-05-16T21:17:33.629229+00:00,-100.0
s_third,2026-05-16T21:22:37.344220+00:00,21.41
s_third,2026-05-16T21:27:39.479731+00:00,-100.0
s_third,2026-05-16T21:33:01.700124+00:00,12.12
s_third,2026-05-16T21:48:08.760155+00:00,-100.0
s_third,2026-05-16T21:53:12.882710+00:00,14.62
s_third,2026-05-16T21:58:55.001018+00:00,25.89
s_third,2026-05-16T22:02:36.664206+00:00,-100.0
s_third,2026-05-16T22:08:19.757712+00:00,8.56
s_third,2026-05-16T22:13:43.276527+00:00,18.6
s_third,2026-05-16T22:18:25.785308+00:00,14.62
s_third,2026-05-16T22:23:49.272952+00:00,73.94
s_third,2026-05-16T22:44:37.838424+00:00,5.21
s_third,2026-05-16T23:12:24.133811+00:00,21.41
s_third,2026-05-16T23:26:10.962200+00:00,5.21
s_third,2026-05-16T23:31:15.268761+00:00,7.42
s_third,2026-05-16T23:51:43.944479+00:00,80.29
s_third,2026-05-16T23:56:48.807007+00:00,34.21
s_third,2026-05-17T00:06:53.993880+00:00,-100.0
s_third,2026-05-17T00:21:21.587337+00:00,21.41
s_third,2026-05-17T00:26:25.735881+00:00,48.03
s_third,2026-05-17T00:32:11.059491+00:00,13.36
s_third,2026-05-17T00:36:33.695078+00:00,-100.0
s_third,2026-05-17T00:43:16.518293+00:00,27.47
s_third,2026-05-17T00:46:59.587848+00:00,7.42
s_third,2026-05-17T00:53:04.105647+00:00,9.72
s_third,2026-05-17T00:57:06.654002+00:00,-100.0
s_third,2026-05-17T01:08:53.243008+00:00,-100.0
s_third,2026-05-17T01:12:16.009132+00:00,5.21
s_third,2026-05-17T01:18:19.183346+00:00,7.42
s_third,2026-05-17T01:23:22.656341+00:00,17.24
s_third,2026-05-17T01:28:27.111359+00:00,18.6
s_third,2026-05-17T01:33:11.249160+00:00,10.91
s_third,2026-05-17T01:37:14.966642+00:00,14.62
s_third,2026-05-17T01:45:20.721402+00:00,12.12
s_third,2026-05-17T01:55:45.747042+00:00,10.91
s_third,2026-05-17T02:00:09.741999+00:00,17.24
s_third,2026-05-17T02:05:15.589184+00:00,19.98
s_third,2026-05-17T02:10:59.801165+00:00,37.87
s_third,2026-05-17T02:16:02.769902+00:00,24.36
s_third,2026-05-17T02:26:07.693071+00:00,5.21
s_third,2026-05-17T02:30:11.326287+00:00,8.56
s_third,2026-05-17T02:36:14.823521+00:00,8.56
s_third,2026-05-17T02:41:40.466966+00:00,22.86
s_third,2026-05-17T02:46:43.153432+00:00,6.3
s_third,2026-05-17T03:01:11.708865+00:00,-100.0
s_third,2026-05-17T03:07:13.803023+00:00,5.21
s_third,2026-05-17T03:22:17.608160+00:00,39.79
s_third,2026-05-17T03:27:19.113107+00:00,37.87
s_third,2026-05-17T03:32:42.700029+00:00,-100.0
s_third,2026-05-17T03:42:08.048345+00:00,15.92
s_third,2026-05-17T03:47:52.774814+00:00,14.62
s_third,2026-05-17T03:57:37.441535+00:00,6.3
s_third,2026-05-17T04:08:21.296656+00:00,12.12
s_third,2026-05-17T04:23:07.017298+00:00,34.21
s_third,2026-05-17T04:28:51.013700+00:00,10.91
s_third,2026-05-17T04:38:36.260193+00:00,24.36
s_third,2026-05-17T04:43:59.985035+00:00,5.21
s_third,2026-05-17T04:48:43.032068+00:00,29.09
s_third,2026-05-17T05:03:48.721964+00:00,68.03
s_third,2026-05-17T05:08:51.921660+00:00,21.41
s_third,2026-05-17T05:13:53.957091+00:00,14.62
s_third,2026-05-17T05:18:58.086869+00:00,8.56
s_third,2026-05-17T05:24:03.324727+00:00,12.12
s_third,2026-05-17T05:34:08.984105+00:00,21.41
s_third,2026-05-17T05:38:52.072823+00:00,12.12
s_third,2026-05-17T05:43:54.493124+00:00,17.24
s_third,2026-05-17T05:53:59.111658+00:00,30.75
s_third,2026-05-17T06:11:24.947697+00:00,5.21
s_third,2026-05-17T06:26:12.605272+00:00,5.21
s_third,2026-05-17T06:36:41.554029+00:00,-100.0
s_third,2026-05-17T07:22:15.326384+00:00,12.12
s_third,2026-05-17T07:27:57.598235+00:00,5.21
s_third,2026-05-17T07:31:59.734843+00:00,7.42
s_third,2026-05-17T07:43:26.484304+00:00,5.21
s_third,2026-05-17T07:48:09.461044+00:00,6.3
s_third,2026-05-17T08:08:16.800224+00:00,19.98
s_third,2026-05-17T08:23:43.158995+00:00,21.41
s_third,2026-05-17T08:28:45.836514+00:00,9.72
s_third,2026-05-17T08:34:10.450595+00:00,5.21
s_third,2026-05-17T08:44:14.657519+00:00,-100.0
s_third,2026-05-17T09:09:02.324669+00:00,-100.0
s_third,2026-05-17T09:14:04.520161+00:00,65.23
s_third,2026-05-17T09:19:27.030868+00:00,8.56
s_third,2026-05-17T09:29:11.298513+00:00,52.55
s_third,2026-05-17T09:39:16.802001+00:00,10.91
s_third,2026-05-17T09:54:22.137811+00:00,5.21
s_third,2026-05-17T09:59:25.681934+00:00,6.3
s_third,2026-05-17T10:04:29.106664+00:00,5.21
s_third,2026-05-17T10:09:31.658913+00:00,62.52
s_third,2026-05-17T10:14:35.012769+00:00,14.62
s_third,2026-05-17T10:24:40.852338+00:00,9.72
s_third,2026-05-17T10:29:43.836153+00:00,6.3
s_third,2026-05-17T10:35:48.611178+00:00,6.3
s_third,2026-05-17T10:39:52.020771+00:00,5.21
s_third,2026-05-17T10:44:56.415890+00:00,-100.0
s_third,2026-05-17T10:49:41.306512+00:00,-100.0
s_third,2026-05-17T10:54:45.689331+00:00,12.12
s_third,2026-05-17T11:19:54.298970+00:00,7.42
s_third,2026-05-17T11:24:58.693941+00:00,6.3
s_third,2026-05-17T11:31:24.540496+00:00,6.3
s_third,2026-05-17T11:36:30.491995+00:00,87.13
s_third,2026-05-17T11:38:32.183945+00:00,-100.0
s_third,2026-05-17T11:43:36.477639+00:00,15.92
s_third,2026-05-17T11:50:01.012187+00:00,6.3
s_third,2026-05-17T11:56:47.853336+00:00,18.6
s_third,2026-05-17T12:05:33.126174+00:00,7.42
s_third,2026-05-17T12:17:57.501847+00:00,-100.0
s_third,2026-05-17T12:23:41.917588+00:00,-100.0
s_third,2026-05-17T12:28:45.745153+00:00,6.3
s_third,2026-05-17T12:43:30.476398+00:00,6.3
s_third,2026-05-17T12:52:54.278128+00:00,5.21
s_third,2026-05-17T13:04:21.804761+00:00,5.21
s_third,2026-05-17T13:11:50.312964+00:00,6.3
s_third,2026-05-17T13:14:33.058219+00:00,24.36
s_third,2026-05-17T13:19:38.166582+00:00,15.92
s_third,2026-05-17T13:24:43.206403+00:00,9.72
s_third,2026-05-17T13:35:10.156294+00:00,7.42
s_third,2026-05-17T13:40:16.427660+00:00,6.3
s_third,2026-05-17T13:45:20.355541+00:00,7.42
s_third,2026-05-17T13:50:24.946627+00:00,5.21
s_third,2026-05-17T13:55:27.685114+00:00,9.72
s_third,2026-05-17T14:00:31.665678+00:00,19.98
s_third,2026-05-17T14:10:19.948162+00:00,19.98
s_third,2026-05-17T14:15:25.540977+00:00,24.36
s_third,2026-05-17T14:21:48.703779+00:00,50.26
s_third,2026-05-17T14:30:32.317762+00:00,12.12
s_third,2026-05-17T14:36:57.024077+00:00,12.12
s_third,2026-05-17T14:47:01.366413+00:00,8.56
s_third,2026-05-17T14:52:05.510455+00:00,5.21
s_third,2026-05-17T14:57:09.018255+00:00,-100.0
s_third,2026-05-17T15:02:33.764379+00:00,54.92
s_third,2026-05-17T15:07:36.349118+00:00,83.64
s_third,2026-05-17T15:11:58.634159+00:00,27.47
s_third,2026-05-17T15:28:04.314216+00:00,43.78
s_third,2026-05-17T15:32:48.638649+00:00,7.42
s_third,2026-05-17T15:38:32.602326+00:00,6.3
s_third,2026-05-17T15:48:37.981918+00:00,-100.0
s_third,2026-05-17T15:53:41.461177+00:00,5.21
s_third,2026-05-17T16:09:05.206237+00:00,9.72
s_third,2026-05-17T16:18:51.844833+00:00,13.36
s_third,2026-05-17T16:23:54.515235+00:00,13.36
s_third,2026-05-17T16:34:17.887134+00:00,22.86
s_third,2026-05-17T16:39:21.928805+00:00,25.89
s_third,2026-05-17T16:45:06.347659+00:00,32.45
s_third,2026-05-17T16:49:50.187312+00:00,8.56
s_third,2026-05-17T16:55:15.693118+00:00,12.12
s_third,2026-05-17T17:00:20.037915+00:00,-100.0
s_third,2026-05-17T17:10:47.169891+00:00,12.12
s_third,2026-05-17T17:15:31.843845+00:00,-100.0
s_third,2026-05-17T17:25:58.872134+00:00,-100.0
s_third,2026-05-17T17:30:42.630316+00:00,17.24
s_third,2026-05-17T17:36:09.010393+00:00,-100.0
s_third,2026-05-17T17:40:55.412535+00:00,-100.0
s_third,2026-05-17T17:46:00.147053+00:00,-100.0
s_third,2026-05-17T17:51:03.004920+00:00,29.09
s_third,2026-05-17T18:06:52.755672+00:00,12.12
s_third,2026-05-17T18:16:59.612185+00:00,80.29
s_third,2026-05-17T18:16:59.699667+00:00,-100.0
s_third,2026-05-17T18:27:28.798990+00:00,24.36
s_third,2026-05-17T18:32:52.177412+00:00,7.42
s_third,2026-05-17T18:37:55.519966+00:00,-100.0
s_third,2026-05-17T18:58:22.616849+00:00,8.56
s_third,2026-05-17T19:03:25.377421+00:00,10.91
s_third,2026-05-17T19:08:08.647879+00:00,-100.0
s_third,2026-05-17T19:13:12.413259+00:00,-100.0
s_third,2026-05-17T19:18:37.481171+00:00,-100.0
s_third,2026-05-17T19:29:02.560444+00:00,-100.0
s_third,2026-05-17T19:44:30.221006+00:00,90.75
s_third,2026-05-17T19:49:53.667056+00:00,5.21
s_third,2026-05-17T19:54:56.261652+00:00,39.79
s_third,2026-05-17T19:59:59.963087+00:00,-100.0
s_third,2026-05-17T20:06:47.044978+00:00,59.9
s_third,2026-05-17T20:09:49.791793+00:00,5.21
s_third,2026-05-17T20:14:53.542045+00:00,7.42
s_third,2026-05-17T20:20:17.311173+00:00,-100.0
s_third,2026-05-17T20:25:41.314605+00:00,12.12
s_third,2026-05-17T20:41:07.901907+00:00,-100.0
s_third,2026-05-17T20:46:11.190316+00:00,-100.0
s_third,2026-05-17T21:21:43.407732+00:00,10.91
s_third,2026-05-17T21:22:03.702199+00:00,-100.0
s_third,2026-05-17T21:27:06.348514+00:00,6.3
s_third,2026-05-17T21:32:10.527053+00:00,-100.0
s_third,2026-05-17T21:36:53.641161+00:00,-100.0
s_third,2026-05-17T21:41:57.325394+00:00,14.62
s_third,2026-05-17T21:46:59.400713+00:00,37.87
s_third,2026-05-17T21:52:41.644414+00:00,-100.0
s_third,2026-05-17T21:58:05.589333+00:00,14.62
s_third,2026-05-17T22:03:08.640990+00:00,80.29
s_third,2026-05-17T22:13:12.997190+00:00,10.91
s_third,2026-05-17T22:23:41.478134+00:00,9.72
s_third,2026-05-17T22:29:07.551185+00:00,13.36
s_third,2026-05-17T22:34:32.664400+00:00,80.29
s_third,2026-05-17T22:39:15.851385+00:00,65.23
s_third,2026-05-17T22:44:20.246526+00:00,8.56
s_third,2026-05-17T22:54:26.751709+00:00,14.62
s_third,2026-05-17T22:59:32.179268+00:00,5.21
s_third,2026-05-17T23:04:36.189093+00:00,5.21
s_third,2026-05-17T23:07:18.800345+00:00,25.89
s_third,2026-05-17T23:12:43.300752+00:00,12.12
s_third,2026-05-17T23:21:30.842743+00:00,24.36
s_third,2026-05-17T23:21:51.177026+00:00,-100.0
s_third,2026-05-17T23:28:34.217154+00:00,18.6
s_third,2026-05-17T23:33:38.645728+00:00,14.62
s_third,2026-05-17T23:38:42.043356+00:00,34.21
s_third,2026-05-17T23:45:27.909706+00:00,5.21
s_third,2026-05-17T23:55:33.590406+00:00,29.09
s_third,2026-05-18T00:17:03.738646+00:00,52.55
s_third,2026-05-18T00:22:27.059529+00:00,-100.0
s_third,2026-05-18T00:27:30.233058+00:00,19.98
s_third,2026-05-18T00:32:34.478982+00:00,94.52
s_third,2026-05-18T00:37:17.159654+00:00,48.03
s_third,2026-05-18T00:42:59.684125+00:00,6.3
s_third,2026-05-18T00:53:02.520501+00:00,9.72
s_third,2026-05-18T00:58:27.036204+00:00,5.21
s_third,2026-05-18T01:08:12.527933+00:00,6.3
s_third,2026-05-18T01:13:16.572422+00:00,-100.0
s_third,2026-05-18T01:18:39.831811+00:00,57.37
s_third,2026-05-18T01:23:24.158279+00:00,8.56
s_third,2026-05-18T01:28:08.508385+00:00,54.92
s_third,2026-05-18T01:33:12.998118+00:00,22.86
s_third,2026-05-18T01:38:37.392500+00:00,41.75
s_third,2026-05-18T01:43:39.787008+00:00,90.75
s_third,2026-05-18T01:48:23.565182+00:00,15.92
s_third,2026-05-18T01:53:27.164700+00:00,15.92
s_third,2026-05-18T01:58:49.897890+00:00,8.56
s_third,2026-05-18T02:09:13.764408+00:00,7.42
s_third,2026-05-18T02:14:36.059286+00:00,43.78
s_third,2026-05-18T02:19:40.763169+00:00,8.56
s_third,2026-05-18T02:30:08.495928+00:00,27.47
s_third,2026-05-18T02:35:11.845299+00:00,41.75
s_third,2026-05-18T02:40:17.564201+00:00,8.56
s_third,2026-05-18T02:44:41.562144+00:00,17.24
s_third,2026-05-18T02:50:06.833679+00:00,34.21
s_third,2026-05-18T02:55:12.276951+00:00,-100.0
s_third,2026-05-18T03:00:58.278672+00:00,10.91
s_third,2026-05-18T03:05:40.735472+00:00,12.12
s_third,2026-05-18T03:15:46.437634+00:00,22.86
s_third,2026-05-18T03:21:31.997462+00:00,13.36
s_third,2026-05-18T03:26:15.573527+00:00,27.47
s_third,2026-05-18T03:31:39.714237+00:00,8.56
s_third,2026-05-18T03:36:42.524808+00:00,29.09
s_third,2026-05-18T03:42:05.327887+00:00,-100.0
s_third,2026-05-18T03:47:07.906238+00:00,8.56
s_third,2026-05-18T03:51:51.361350+00:00,10.91
s_third,2026-05-18T03:57:14.877468+00:00,10.91
s_third,2026-05-18T04:04:17.544223+00:00,8.56
s_third,2026-05-18T04:07:18.585475+00:00,-100.0
s_third,2026-05-18T04:14:02.006675+00:00,9.72
s_third,2026-05-18T04:17:43.651641+00:00,8.56
s_third,2026-05-18T04:23:28.951332+00:00,9.72
s_third,2026-05-18T04:28:32.452036+00:00,6.3
s_third,2026-05-18T04:33:57.719155+00:00,-100.0
s_third,2026-05-18T04:44:00.965733+00:00,9.72
s_third,2026-05-18T04:53:26.015304+00:00,18.6
s_third,2026-05-18T04:59:09.482914+00:00,34.21
s_third,2026-05-18T05:04:12.996678+00:00,12.12
s_third,2026-05-18T05:09:18.857949+00:00,-100.0
s_third,2026-05-18T05:14:44.730975+00:00,14.62
s_third,2026-05-18T05:19:27.949847+00:00,-100.0
s_third,2026-05-18T05:25:33.629115+00:00,12.12
s_third,2026-05-18T05:30:35.922412+00:00,17.24
s_third,2026-05-18T05:50:44.081082+00:00,13.36
s_third,2026-05-18T05:55:48.378526+00:00,5.21
s_third,2026-05-18T06:00:54.651910+00:00,27.47
s_third,2026-05-18T06:05:39.829727+00:00,18.6
s_third,2026-05-18T06:10:42.336358+00:00,-100.0
s_third,2026-05-18T06:20:47.736500+00:00,5.21
s_third,2026-05-18T06:25:32.271050+00:00,15.92
s_third,2026-05-18T06:41:03.957482+00:00,43.78
s_third,2026-05-18T06:46:28.203231+00:00,8.56
s_third,2026-05-18T06:56:14.581255+00:00,13.36
s_third,2026-05-18T07:01:21.422885+00:00,8.56
s_third,2026-05-18T07:06:24.996923+00:00,8.56
s_third,2026-05-18T07:11:50.719451+00:00,18.6
s_third,2026-05-18T07:16:37.693218+00:00,70.93
s_third,2026-05-18T07:17:38.626340+00:00,15.92
s_third,2026-05-18T07:22:22.330194+00:00,24.36
s_third,2026-05-18T07:28:04.294036+00:00,-100.0
s_third,2026-05-18T07:38:26.863221+00:00,34.21
s_third,2026-05-18T07:43:11.141179+00:00,7.42
s_third,2026-05-18T07:48:36.251822+00:00,8.56
s_third,2026-05-18T07:55:19.845984+00:00,12.12
s_third,2026-05-18T07:59:22.471547+00:00,10.91
s_third,2026-05-18T08:06:06.604794+00:00,22.86
s_third,2026-05-18T08:09:08.122006+00:00,27.47
s_third,2026-05-18T08:14:12.732950+00:00,13.36
s_third,2026-05-18T08:19:36.967509+00:00,5.21
s_third,2026-05-18T08:29:03.443759+00:00,21.41
s_third,2026-05-18T08:34:26.456139+00:00,-100.0
s_third,2026-05-18T08:44:55.754779+00:00,5.21
s_third,2026-05-18T08:50:19.170540+00:00,19.98
s_third,2026-05-18T08:55:23.265355+00:00,18.6
s_third,2026-05-18T08:59:25.449321+00:00,24.36
s_third,2026-05-18T09:05:51.385421+00:00,8.56
s_third,2026-05-18T09:10:55.891502+00:00,8.56
s_third,2026-05-18T09:21:03.722791+00:00,27.47
s_third,2026-05-18T09:26:07.393372+00:00,6.3
s_third,2026-05-18T09:30:53.130129+00:00,8.56
s_third,2026-05-18T09:35:59.332695+00:00,17.24
s_third,2026-05-18T09:41:04.754992+00:00,-100.0
s_third,2026-05-18T09:45:29.268121+00:00,7.42
s_third,2026-05-18T09:51:14.556684+00:00,6.3
s_third,2026-05-18T09:56:20.134778+00:00,12.12
s_third,2026-05-18T10:01:04.308997+00:00,12.12
s_third,2026-05-18T10:16:33.298335+00:00,5.21
s_third,2026-05-18T10:21:19.646512+00:00,7.42
s_third,2026-05-18T10:26:26.907250+00:00,12.12
s_third,2026-05-18T10:31:32.278791+00:00,8.56
s_third,2026-05-18T10:32:12.723206+00:00,7.42
s_third,2026-05-18T10:38:15.167783+00:00,-100.0
s_third,2026-05-18T10:42:57.392344+00:00,10.91
s_third,2026-05-18T10:48:01.415703+00:00,27.47
s_third,2026-05-18T11:03:27.852988+00:00,10.91
s_third,2026-05-18T11:09:33.215107+00:00,5.21
s_third,2026-05-18T11:12:35.455718+00:00,39.79
s_third,2026-05-18T11:18:58.774515+00:00,5.21
s_third,2026-05-18T11:24:22.119187+00:00,12.12
s_third,2026-05-18T11:29:26.348696+00:00,-100.0
s_third,2026-05-18T11:40:13.942304+00:00,-100.0
s_third,2026-05-18T11:44:37.958767+00:00,-100.0
s_third,2026-05-18T11:49:42.383072+00:00,5.21
s_third,2026-05-18T11:55:08.385411+00:00,5.21
s_third,2026-05-18T12:00:12.955840+00:00,-100.0
s_third,2026-05-18T12:10:38.492696+00:00,-100.0
s_third,2026-05-18T12:20:46.604811+00:00,10.91
s_third,2026-05-18T12:25:29.836928+00:00,34.21
s_third,2026-05-18T12:31:12.731208+00:00,25.89
s_third,2026-05-18T12:40:57.889107+00:00,65.23
s_third,2026-05-18T12:45:43.033225+00:00,18.6
s_third,2026-05-18T12:47:03.947684+00:00,24.36
s_third,2026-05-18T12:56:13.143861+00:00,10.91
s_third,2026-05-18T13:01:38.666197+00:00,12.12
s_third,2026-05-18T13:02:19.066684+00:00,24.36
s_third,2026-05-18T13:12:02.501880+00:00,22.86
s_third,2026-05-18T13:21:28.808053+00:00,30.75
s_third,2026-05-18T13:21:49.286437+00:00,5.21
s_third,2026-05-18T13:31:38.604815+00:00,22.86
s_third,2026-05-18T13:34:42.299923+00:00,6.3
s_third,2026-05-18T13:37:03.920591+00:00,7.42
s_third,2026-05-18T13:43:49.271083+00:00,8.56
s_third,2026-05-18T13:47:12.149649+00:00,5.21
s_third,2026-05-18T13:52:13.956533+00:00,13.36
s_third,2026-05-18T13:57:16.149573+00:00,14.62
s_third,2026-05-18T14:04:02.256951+00:00,5.21
s_third,2026-05-18T14:12:09.100038+00:00,-100.0
s_third,2026-05-18T14:17:12.812012+00:00,8.56
s_third,2026-05-18T14:22:16.610747+00:00,83.64
s_third,2026-05-18T14:27:39.007756+00:00,9.72
s_third,2026-05-18T14:36:04.407789+00:00,13.36
s_third,2026-05-18T14:48:32.157322+00:00,12.12
s_third,2026-05-18T14:48:32.335685+00:00,14.62
s_third,2026-05-18T14:51:55.134192+00:00,17.24
s_third,2026-05-18T14:56:57.204662+00:00,-100.0
s_third,2026-05-18T15:06:47.216871+00:00,9.72
s_third,2026-05-18T15:11:33.081782+00:00,7.42
s_third,2026-05-18T15:11:53.543888+00:00,-100.0
s_third,2026-05-18T15:16:55.685155+00:00,5.21
s_third,2026-05-18T15:21:59.126186+00:00,17.24
s_third,2026-05-18T15:27:02.083517+00:00,-100.0
s_third,2026-05-18T15:33:06.846046+00:00,27.47
s_third,2026-05-18T15:38:30.207233+00:00,13.36
s_third,2026-05-18T15:42:11.885498+00:00,12.12
s_third,2026-05-18T15:47:14.168252+00:00,5.21
s_third,2026-05-18T15:53:36.277116+00:00,-100.0
s_third,2026-05-18T16:00:20.205261+00:00,17.24
s_third,2026-05-18T16:01:40.678860+00:00,14.62
s_third,2026-05-18T16:07:24.842479+00:00,54.92
s_third,2026-05-18T16:14:29.811821+00:00,-100.0
s_third,2026-05-18T16:24:53.203681+00:00,24.36
s_third,2026-05-18T16:28:35.707227+00:00,7.42
s_third,2026-05-18T16:39:59.041134+00:00,5.21
s_third,2026-05-18T16:44:42.615817+00:00,5.21
s_third,2026-05-18T16:50:29.197710+00:00,-100.0
s_third,2026-05-18T16:55:14.031939+00:00,-100.0
s_third,2026-05-18T16:59:58.105820+00:00,34.21
s_third,2026-05-18T17:10:03.038411+00:00,14.62
s_third,2026-05-18T17:15:26.243785+00:00,29.09
s_third,2026-05-18T17:20:31.594965+00:00,-100.0
s_third,2026-05-18T17:25:35.737232+00:00,8.56
s_third,2026-05-18T17:30:19.510920+00:00,18.6
s_third,2026-05-18T17:37:03.483736+00:00,19.98
s_third,2026-05-18T17:42:06.119185+00:00,27.47
s_third,2026-05-18T17:46:48.537291+00:00,18.6
s_third,2026-05-18T17:51:50.943191+00:00,25.89
s_third,2026-05-18T18:01:57.640201+00:00,5.21
s_third,2026-05-18T18:02:17.986311+00:00,8.56
s_third,2026-05-18T18:17:50.320849+00:00,10.91
s_third,2026-05-18T18:18:10.742996+00:00,19.98
s_third,2026-05-18T18:28:01.649499+00:00,25.89
s_third,2026-05-18T18:28:22.217897+00:00,29.09
s_third,2026-05-18T18:37:50.142069+00:00,-100.0
s_third,2026-05-18T18:43:34.983255+00:00,8.56
s_third,2026-05-18T18:53:00.426592+00:00,13.36
s_third,2026-05-18T18:59:05.470318+00:00,-100.0
s_third,2026-05-18T19:03:49.795477+00:00,19.98
s_third,2026-05-18T19:13:55.214392+00:00,5.21
s_third,2026-05-18T19:17:17.553778+00:00,10.91
s_third,2026-05-18T19:30:03.136203+00:00,-100.0
s_third,2026-05-18T19:35:27.041271+00:00,7.42
s_third,2026-05-18T19:38:28.732058+00:00,10.91
s_third,2026-05-18T19:42:11.047326+00:00,18.6
s_third,2026-05-18T19:50:15.617045+00:00,10.91
s_third,2026-05-18T19:55:41.046630+00:00,24.36
s_third,2026-05-18T20:00:45.315418+00:00,7.42
s_third,2026-05-18T20:05:51.332983+00:00,-100.0
s_third,2026-05-18T20:10:55.080962+00:00,5.21
s_third,2026-05-18T20:15:38.253922+00:00,29.09
s_third,2026-05-18T20:21:01.572645+00:00,7.42
s_third,2026-05-18T20:24:03.135464+00:00,24.36
s_third,2026-05-18T20:30:26.647161+00:00,12.12
s_third,2026-05-18T20:32:07.633749+00:00,10.91
s_third,2026-05-18T20:48:54.581693+00:00,8.56
s_third,2026-05-18T20:56:21.475361+00:00,6.3
s_third,2026-05-18T21:01:47.939015+00:00,7.42
s_third,2026-05-18T21:06:35.132251+00:00,62.52
s_third,2026-05-18T21:11:41.930004+00:00,12.12
s_third,2026-05-18T21:16:47.082290+00:00,6.3
s_third,2026-05-18T21:21:31.273516+00:00,10.91
s_third,2026-05-18T21:26:34.541185+00:00,9.72
s_third,2026-05-18T21:26:54.932928+00:00,6.3
s_third,2026-05-18T21:36:39.060671+00:00,7.42
s_third,2026-05-18T21:42:23.013533+00:00,6.3
s_third,2026-05-18T21:49:08.163002+00:00,5.21
s_third,2026-05-18T21:58:38.300026+00:00,27.47
s_third,2026-05-18T21:58:38.379544+00:00,14.62
s_third,2026-05-18T22:03:41.574461+00:00,8.56
s_third,2026-05-18T22:08:25.888312+00:00,-100.0
s_third,2026-05-18T22:16:10.182407+00:00,18.6
s_third,2026-05-18T22:23:55.900290+00:00,-100.0
s_third,2026-05-18T22:38:22.926055+00:00,43.78
s_third,2026-05-18T22:48:28.325373+00:00,17.24
s_third,2026-05-18T22:54:13.959811+00:00,9.72
s_third,2026-05-18T22:59:18.648714+00:00,-100.0
s_third,2026-05-18T23:04:01.644320+00:00,25.89
s_third,2026-05-18T23:10:49.679570+00:00,12.12
s_third,2026-05-18T23:18:55.524297+00:00,21.41
s_third,2026-05-18T23:26:01.611183+00:00,8.56
s_third,2026-05-18T23:41:30.168461+00:00,8.56
s_third,2026-05-18T23:46:13.148681+00:00,12.12
s_third,2026-05-18T23:47:13.853466+00:00,6.3
s_third,2026-05-18T23:59:59.602126+00:00,7.42
s_third,2026-05-19T00:05:23.591082+00:00,8.56
s_third,2026-05-19T00:10:48.319701+00:00,19.98
s_third,2026-05-19T00:15:10.948889+00:00,5.21
s_third,2026-05-19T00:26:16.438177+00:00,15.92
s_third,2026-05-19T00:27:36.949537+00:00,5.21
s_third,2026-05-19T00:35:42.321876+00:00,17.24
s_third,2026-05-19T00:42:05.217122+00:00,15.92
s_third,2026-05-19T00:52:07.485056+00:00,6.3
s_third,2026-05-19T00:57:51.505107+00:00,9.72
s_third,2026-05-19T01:05:17.834632+00:00,10.91
s_third,2026-05-19T01:08:00.605661+00:00,54.92
s_third,2026-05-19T01:15:26.219790+00:00,17.24
s_third,2026-05-19T01:20:31.617361+00:00,-100.0
s_third,2026-05-19T01:30:18.408196+00:00,5.21
s_third,2026-05-19T01:38:20.992131+00:00,5.21
s_third,2026-05-19T01:43:24.462724+00:00,83.64
s_third,2026-05-19T01:48:27.278610+00:00,5.21
s_third,2026-05-19T01:56:48.896822+00:00,12.12
s_third,2026-05-19T02:06:38.102874+00:00,13.36
s_third,2026-05-19T02:07:18.881106+00:00,-100.0
s_third,2026-05-19T02:17:00.940091+00:00,10.91
s_third,2026-05-19T02:22:43.462533+00:00,8.56
s_third,2026-05-19T02:28:05.953794+00:00,7.42
s_third,2026-05-19T02:48:31.684408+00:00,6.3
s_third,2026-05-19T02:52:55.738389+00:00,-100.0
s_third,2026-05-19T03:08:42.313695+00:00,-100.0
s_third,2026-05-19T03:14:25.586923+00:00,13.36
s_third,2026-05-19T03:18:47.566278+00:00,7.42
s_third,2026-05-19T03:26:13.132617+00:00,-100.0
s_third,2026-05-19T03:29:35.757212+00:00,10.91
s_third,2026-05-19T03:34:58.675746+00:00,12.12
s_third,2026-05-19T03:40:01.936495+00:00,8.56
s_third,2026-05-19T03:45:46.338220+00:00,7.42
s_third,2026-05-19T03:50:50.136294+00:00,5.21
s_third,2026-05-19T03:55:34.732232+00:00,17.24
s_third,2026-05-19T04:00:41.069784+00:00,7.42
s_third,2026-05-19T04:03:03.148191+00:00,14.62
s_third,2026-05-19T04:10:50.142245+00:00,-100.0
s_third,2026-05-19T04:15:53.093154+00:00,19.98
s_third,2026-05-19T04:20:58.519622+00:00,14.62
s_third,2026-05-19T04:22:40.506101+00:00,27.47
s_third,2026-05-19T04:27:24.975432+00:00,12.12
s_third,2026-05-19T04:37:48.612380+00:00,5.21
s_third,2026-05-19T04:46:33.870515+00:00,13.36
s_third,2026-05-19T04:48:34.978879+00:00,17.24
s_third,2026-05-19T04:58:18.320994+00:00,21.41
s_third,2026-05-19T05:07:42.011702+00:00,17.24
s_third,2026-05-19T05:16:30.781891+00:00,-100.0
s_third,2026-05-19T05:17:52.115588+00:00,8.56
s_third,2026-05-19T05:22:16.394014+00:00,5.21
s_third,2026-05-19T05:29:02.137716+00:00,21.41
s_third,2026-05-19T05:32:03.707019+00:00,7.42
s_third,2026-05-19T05:39:07.558831+00:00,24.36
s_third,2026-05-19T05:48:54.897146+00:00,25.89
s_third,2026-05-19T05:49:15.396274+00:00,-100.0
s_third,2026-05-19T05:54:17.990529+00:00,36.02
s_third,2026-05-19T05:59:22.446965+00:00,24.36
s_third,2026-05-19T06:10:28.463442+00:00,73.94
s_third,2026-05-19T06:14:11.524121+00:00,-100.0
s_third,2026-05-19T06:19:15.537100+00:00,39.79
s_third,2026-05-19T06:24:20.654313+00:00,14.62
s_third,2026-05-19T06:29:23.933050+00:00,-100.0
s_third,2026-05-19T06:34:26.686075+00:00,6.3
s_third,2026-05-19T06:39:30.251502+00:00,50.26
s_third,2026-05-19T06:44:34.813933+00:00,-100.0
s_third,2026-05-19T07:02:19.556132+00:00,7.42
s_third,2026-05-19T07:09:26.536398+00:00,10.91
s_third,2026-05-19T07:21:12.409893+00:00,7.42
s_third,2026-05-19T07:27:18.152519+00:00,27.47
s_third,2026-05-19T07:31:43.254871+00:00,14.62
s_third,2026-05-19T07:32:44.420342+00:00,14.62
s_third,2026-05-19T07:37:47.295413+00:00,13.36
s_third,2026-05-19T07:42:09.085401+00:00,8.56
s_third,2026-05-19T07:50:53.562476+00:00,14.62
s_third,2026-05-19T07:58:17.405272+00:00,5.21
s_third,2026-05-19T08:08:22.844258+00:00,10.91
s_third,2026-05-19T08:18:28.057648+00:00,-100.0
s_third,2026-05-19T08:23:31.544520+00:00,8.56
s_third,2026-05-19T08:28:35.977680+00:00,8.56
s_third,2026-05-19T08:33:41.194840+00:00,-100.0
s_third,2026-05-19T08:38:45.223816+00:00,-100.0
s_third,2026-05-19T08:43:47.597011+00:00,10.91
s_third,2026-05-19T08:48:50.062929+00:00,5.21
s_third,2026-05-19T08:58:36.868492+00:00,5.21
s_third,2026-05-19T09:03:42.075183+00:00,6.3
s_third,2026-05-19T09:08:45.534689+00:00,-100.0
s_third,2026-05-19T09:13:51.025688+00:00,6.3
s_third,2026-05-19T09:18:55.742413+00:00,73.94
s_third,2026-05-19T09:24:41.638371+00:00,5.21
s_third,2026-05-19T09:39:09.191937+00:00,30.75
s_third,2026-05-19T09:44:53.024245+00:00,77.05
s_third,2026-05-19T09:55:00.743669+00:00,5.21
s_third,2026-05-19T10:01:48.140487+00:00,24.36
s_third,2026-05-19T10:04:49.918012+00:00,43.78
s_third,2026-05-19T10:14:54.118815+00:00,7.42
s_third,2026-05-19T10:22:18.200740+00:00,43.78
s_third,2026-05-19T10:31:07.796710+00:00,-100.0
s_third,2026-05-19T10:36:10.286550+00:00,22.86
s_third,2026-05-19T10:46:18.428885+00:00,-100.0
s_third,2026-05-19T10:46:59.056331+00:00,7.42
s_third,2026-05-19T10:52:01.599920+00:00,5.21
s_third,2026-05-19T11:01:25.451161+00:00,8.56
s_third,2026-05-19T11:06:47.274243+00:00,7.42
s_third,2026-05-19T11:17:13.370339+00:00,27.47
s_third,2026-05-19T11:18:34.768031+00:00,18.6
s_third,2026-05-19T11:23:39.504270+00:00,-100.0
s_third,2026-05-19T11:28:43.624795+00:00,5.21
s_third,2026-05-19T11:43:51.715986+00:00,10.91
s_third,2026-05-19T11:48:56.487203+00:00,10.91
s_third,2026-05-19T11:54:19.148358+00:00,10.91
s_third,2026-05-19T12:09:23.158366+00:00,18.6
s_third,2026-05-19T12:14:26.237828+00:00,10.91
s_third,2026-05-19T12:24:31.869494+00:00,-100.0
s_third,2026-05-19T12:29:34.364494+00:00,15.92
s_third,2026-05-19T12:39:38.799309+00:00,22.86
s_third,2026-05-19T12:45:03.231079+00:00,24.36
s_third,2026-05-19T12:50:27.003389+00:00,43.78
s_third,2026-05-19T12:55:29.329694+00:00,24.36
s_third,2026-05-19T13:10:14.404862+00:00,-100.0
s_third,2026-05-19T13:15:40.195812+00:00,8.56
s_third,2026-05-19T13:20:24.417818+00:00,-100.0
s_third,2026-05-19T13:25:29.796156+00:00,87.13
s_third,2026-05-19T13:30:32.840156+00:00,94.52
s_third,2026-05-19T13:40:37.720223+00:00,17.24
s_third,2026-05-19T13:42:18.619031+00:00,19.98
s_third,2026-05-19T13:50:45.879871+00:00,6.3
s_third,2026-05-19T13:57:31.006911+00:00,5.21
s_third,2026-05-19T13:57:51.402097+00:00,13.36
s_third,2026-05-19T14:02:14.883927+00:00,8.56
s_third,2026-05-19T14:07:18.935196+00:00,-100.0
s_third,2026-05-19T14:21:28.504669+00:00,30.75
s_third,2026-05-19T14:23:09.904961+00:00,24.36
s_third,2026-05-19T14:27:33.099313+00:00,13.36
s_third,2026-05-19T14:38:01.978298+00:00,10.91
s_third,2026-05-19T14:38:22.200942+00:00,27.47
s_third,2026-05-19T14:43:24.813357+00:00,18.6
s_third,2026-05-19T14:48:07.246816+00:00,-100.0
s_third,2026-05-19T14:58:32.394614+00:00,-100.0
s_third,2026-05-19T15:03:35.070818+00:00,22.86
s_third,2026-05-19T15:08:57.682039+00:00,21.41
s_third,2026-05-19T15:14:01.949044+00:00,24.36
s_third,2026-05-19T15:24:06.401209+00:00,-100.0
s_third,2026-05-19T15:29:11.157363+00:00,15.92
s_third,2026-05-19T15:33:53.885082+00:00,27.47
s_third,2026-05-19T15:39:17.030257+00:00,5.21
s_third,2026-05-19T15:44:19.991984+00:00,32.45
s_third,2026-05-19T15:49:05.379293+00:00,5.21
s_third,2026-05-19T15:54:10.129057+00:00,18.6
s_third,2026-05-19T15:59:12.731947+00:00,15.92
s_third,2026-05-19T16:09:15.976801+00:00,7.42
s_third,2026-05-19T16:14:40.438916+00:00,8.56
s_third,2026-05-19T16:19:43.236789+00:00,22.86
s_third,2026-05-19T16:24:45.993075+00:00,77.05
s_third,2026-05-19T16:29:49.363722+00:00,6.3
s_third,2026-05-19T16:34:53.578803+00:00,12.12
s_third,2026-05-19T16:40:00.110091+00:00,12.12
s_third,2026-05-19T16:44:44.296657+00:00,5.21
s_third,2026-05-19T16:48:06.298176+00:00,8.56
s_third,2026-05-19T16:55:13.766106+00:00,12.12
s_third,2026-05-19T17:00:17.349946+00:00,6.3
s_third,2026-05-19T17:05:00.843120+00:00,19.98
s_third,2026-05-19T17:10:05.116833+00:00,34.21
s_third,2026-05-19T17:15:10.151298+00:00,13.36
s_third,2026-05-19T17:20:13.568925+00:00,24.36
s_third,2026-05-19T17:24:57.012512+00:00,41.75
s_third,2026-05-19T17:30:21.665846+00:00,24.36
s_third,2026-05-19T17:40:29.290535+00:00,10.91
s_third,2026-05-19T17:50:16.808037+00:00,25.89
s_third,2026-05-19T17:55:21.746646+00:00,5.21
s_third,2026-05-19T18:00:26.845335+00:00,13.36
s_third,2026-05-19T18:09:33.994979+00:00,21.41
s_third,2026-05-19T18:20:17.539519+00:00,14.62
s_third,2026-05-19T18:25:20.764377+00:00,5.21
s_third,2026-05-19T18:35:30.041328+00:00,17.24
s_third,2026-05-19T18:40:33.081949+00:00,10.91
s_third,2026-05-19T18:45:38.158373+00:00,6.3
s_third,2026-05-19T18:50:43.098499+00:00,14.62
s_third,2026-05-19T18:54:25.587330+00:00,7.42
s_third,2026-05-19T19:00:50.118431+00:00,-100.0
s_third,2026-05-19T19:05:55.220190+00:00,5.21
s_third,2026-05-19T19:10:58.433012+00:00,5.21
s_third,2026-05-19T19:16:02.235993+00:00,15.92
s_third,2026-05-19T19:18:23.879812+00:00,50.26
s_third,2026-05-19T19:31:35.877519+00:00,9.72
s_third,2026-05-19T19:36:41.908507+00:00,10.91
s_third,2026-05-19T19:46:10.224822+00:00,5.21
s_third,2026-05-19T19:47:11.156186+00:00,5.21
s_third,2026-05-19T19:49:54.990138+00:00,24.36
s_third,2026-05-19T19:56:21.818154+00:00,15.92
s_third,2026-05-19T20:00:04.176574+00:00,-100.0
s_third,2026-05-19T20:07:29.716525+00:00,6.3
s_third,2026-05-19T20:11:11.986859+00:00,45.88
s_third,2026-05-19T20:12:53.177282+00:00,8.56
s_third,2026-05-19T20:17:35.465625+00:00,15.92
s_third,2026-05-19T20:47:02.809209+00:00,6.3
s_third,2026-05-19T20:47:02.898297+00:00,6.3
s_third,2026-05-19T20:58:46.885657+00:00,14.62
s_third,2026-05-19T21:13:52.967765+00:00,14.62
s_third,2026-05-19T21:19:16.249387+00:00,27.47
s_third,2026-05-19T21:27:40.193839+00:00,15.92
s_third,2026-05-19T21:36:07.545058+00:00,7.42
s_third,2026-05-19T21:37:49.086132+00:00,7.42
s_third,2026-05-19T21:49:54.680690+00:00,21.41
s_third,2026-05-19T21:57:17.243986+00:00,8.56
s_third,2026-05-19T22:03:21.545485+00:00,7.42
s_third,2026-05-19T22:13:25.541333+00:00,17.24
s_third,2026-05-19T22:18:49.721147+00:00,43.78
s_third,2026-05-19T22:23:34.103707+00:00,14.62
s_third,2026-05-19T22:28:37.369789+00:00,10.91
s_third,2026-05-19T22:33:01.424654+00:00,13.36
s_third,2026-05-19T22:47:25.068297+00:00,5.21
s_third,2026-05-19T22:54:31.470803+00:00,-100.0
s_third,2026-05-19T23:02:16.377461+00:00,9.72
s_third,2026-05-19T23:09:40.165805+00:00,39.79
s_third,2026-05-19T23:15:23.210370+00:00,7.42
s_third,2026-05-19T23:17:45.074196+00:00,32.45
s_third,2026-05-19T23:26:29.323885+00:00,7.42
s_third,2026-05-19T23:28:31.254088+00:00,12.12
s_third,2026-05-19T23:37:36.254802+00:00,24.36
s_third,2026-05-19T23:42:41.353001+00:00,8.56
s_third,2026-05-19T23:49:09.099992+00:00,6.3
s_third,2026-05-19T23:52:53.267401+00:00,5.21
s_third,2026-05-20T00:07:57.021047+00:00,5.21
s_third,2026-05-20T00:24:42.947014+00:00,-100.0
s_third,2026-05-20T00:28:46.411507+00:00,24.36
s_third,2026-05-20T00:40:55.913913+00:00,-100.0
s_third,2026-05-20T00:45:40.687929+00:00,29.09
s_third,2026-05-20T00:47:01.142203+00:00,18.6
s_third,2026-05-20T01:01:32.376138+00:00,-100.0
s_third,2026-05-20T01:01:52.553290+00:00,14.62
s_third,2026-05-20T01:11:01.635741+00:00,-100.0
s_third,2026-05-20T01:14:24.471508+00:00,-100.0
s_third,2026-05-20T01:18:06.149946+00:00,24.36
s_third,2026-05-20T01:26:54.906919+00:00,-100.0
s_third,2026-05-20T01:27:15.278183+00:00,21.41
s_third,2026-05-20T01:32:18.845251+00:00,17.24
s_third,2026-05-20T01:37:01.310176+00:00,5.21
s_third,2026-05-20T01:42:26.391937+00:00,9.72
s_third,2026-05-20T01:47:09.840486+00:00,14.62
s_third,2026-05-20T01:52:12.189697+00:00,10.91
s_third,2026-05-20T02:24:43.045019+00:00,50.26
s_third,2026-05-20T02:29:45.715947+00:00,14.62
s_third,2026-05-20T02:44:54.561310+00:00,5.21
s_third,2026-05-20T02:50:19.165253+00:00,24.36
s_third,2026-05-20T03:00:04.506033+00:00,15.92
s_third,2026-05-20T03:05:49.838478+00:00,18.6
s_third,2026-05-20T03:10:13.924532+00:00,24.36
s_third,2026-05-20T03:22:37.078598+00:00,5.21
s_third,2026-05-20T03:28:19.632619+00:00,-100.0
s_third,2026-05-20T03:37:44.316894+00:00,17.24
s_third,2026-05-20T03:47:49.839382+00:00,32.45
s_third,2026-05-20T03:56:16.058775+00:00,8.56
s_third,2026-05-20T04:03:59.431326+00:00,-100.0
s_third,2026-05-20T04:09:02.103816+00:00,5.21
s_third,2026-05-20T04:19:49.159248+00:00,-100.0
s_third,2026-05-20T04:24:53.242261+00:00,45.88
s_third,2026-05-20T04:33:36.840148+00:00,17.24
s_third,2026-05-20T04:55:22.273538+00:00,10.91
s_third,2026-05-20T05:15:46.288970+00:00,5.21
s_third,2026-05-20T05:27:52.340385+00:00,9.72
s_third,2026-05-20T05:46:57.392076+00:00,5.21
s_third,2026-05-20T05:56:59.340873+00:00,21.41
s_third,2026-05-20T06:08:43.134800+00:00,-100.0
s_third,2026-05-20T06:17:28.188234+00:00,9.72
s_third,2026-05-20T06:17:28.349781+00:00,6.3
s_third,2026-05-20T06:22:30.566201+00:00,6.3
s_third,2026-05-20T06:31:15.983969+00:00,10.91
s_third,2026-05-20T06:33:58.480239+00:00,5.21
s_third,2026-05-20T06:50:06.108942+00:00,-100.0
s_third,2026-05-20T06:53:07.785977+00:00,8.56
s_third,2026-05-20T06:57:09.918989+00:00,21.41
s_third,2026-05-20T07:03:12.493958+00:00,62.52
s_third,2026-05-20T07:09:37.356391+00:00,14.62
s_third,2026-05-20T07:16:22.229746+00:00,48.03
s_third,2026-05-20T07:19:45.514282+00:00,-100.0
s_third,2026-05-20T07:26:11.452086+00:00,9.72
s_third,2026-05-20T07:28:12.514460+00:00,9.72
s_third,2026-05-20T07:38:58.032678+00:00,14.62
s_third,2026-05-20T08:15:06.835301+00:00,12.12
s_third,2026-05-20T08:45:55.928339+00:00,5.21
s_third,2026-05-20T08:47:58.007239+00:00,17.24
s_third,2026-05-20T08:56:03.904946+00:00,68.03
s_third,2026-05-20T09:05:09.745101+00:00,29.09
s_third,2026-05-20T09:16:17.333505+00:00,15.92
s_third,2026-05-20T09:22:01.717630+00:00,-100.0
s_third,2026-05-20T09:37:28.342414+00:00,7.42
s_third,2026-05-20T09:37:28.439401+00:00,9.72
s_third,2026-05-20T09:42:30.593651+00:00,7.42
s_third,2026-05-20T09:48:55.731029+00:00,21.41
s_third,2026-05-20T10:04:21.817788+00:00,21.41
s_third,2026-05-20T10:14:46.395509+00:00,19.98
s_third,2026-05-20T10:19:51.320988+00:00,9.72
s_third,2026-05-20T10:22:13.958750+00:00,34.21
s_third,2026-05-20T10:27:56.498142+00:00,22.86
s_third,2026-05-20T10:35:22.820176+00:00,36.02
s_third,2026-05-20T10:42:47.271245+00:00,30.75
s_third,2026-05-20T10:56:12.599986+00:00,22.86
s_third,2026-05-20T11:06:21.999503+00:00,83.64
s_third,2026-05-20T11:11:47.219701+00:00,-100.0
s_third,2026-05-20T11:21:36.080000+00:00,5.21
s_third,2026-05-20T11:23:37.099116+00:00,94.52
s_third,2026-05-20T11:26:38.253865+00:00,7.42
s_third,2026-05-20T11:36:45.687267+00:00,5.21
s_third,2026-05-20T11:41:48.966374+00:00,5.21
s_third,2026-05-20T11:51:53.310483+00:00,-100.0
s_third,2026-05-20T12:05:58.861370+00:00,90.75
s_third,2026-05-20T12:08:20.474050+00:00,6.3
s_third,2026-05-20T12:13:04.856773+00:00,19.98
s_third,2026-05-20T12:38:27.067931+00:00,94.52
s_third,2026-05-20T12:43:12.593951+00:00,5.21
s_third,2026-05-20T12:53:20.117124+00:00,17.24
s_third,2026-05-20T12:53:40.458702+00:00,9.72
s_third,2026-05-20T12:58:45.444590+00:00,-100.0
s_third,2026-05-20T13:03:08.930174+00:00,18.6
s_third,2026-05-20T13:10:57.884725+00:00,5.21
s_third,2026-05-20T13:16:22.822176+00:00,5.21
s_third,2026-05-20T13:21:47.827991+00:00,5.21
s_third,2026-05-20T13:26:31.396883+00:00,19.98
s_third,2026-05-20T13:29:12.970516+00:00,12.12
s_third,2026-05-20T13:37:17.027286+00:00,34.21
s_third,2026-05-20T13:49:42.857311+00:00,-100.0
s_third,2026-05-20T13:54:25.543571+00:00,5.21
s_third,2026-05-20T13:59:30.416174+00:00,-100.0
s_third,2026-05-20T14:04:34.109134+00:00,5.21
s_third,2026-05-20T14:09:59.924602+00:00,30.75
s_third,2026-05-20T14:13:02.414142+00:00,-100.0
s_third,2026-05-20T14:18:05.989473+00:00,12.12
s_third,2026-05-20T14:25:30.253661+00:00,5.21
s_third,2026-05-20T14:27:52.381019+00:00,36.02
s_third,2026-05-20T14:35:56.905784+00:00,8.56
s_third,2026-05-20T14:38:19.318036+00:00,52.55
s_third,2026-05-20T14:43:23.653632+00:00,10.91
s_third,2026-05-20T14:51:48.769192+00:00,9.72
s_third,2026-05-20T14:57:11.344137+00:00,5.21
s_third,2026-05-20T15:02:17.277490+00:00,25.89
s_third,2026-05-20T15:08:40.754052+00:00,83.64
s_third,2026-05-20T15:12:44.537040+00:00,87.13
s_third,2026-05-20T15:17:28.227130+00:00,13.36
s_third,2026-05-20T15:27:51.411419+00:00,14.62
s_third,2026-05-20T15:37:55.669271+00:00,7.42
s_third,2026-05-20T15:58:47.108419+00:00,21.41
s_third,2026-05-20T16:01:50.053911+00:00,10.91
s_third,2026-05-20T16:09:56.545737+00:00,-100.0
s_third,2026-05-20T16:15:00.649329+00:00,15.92
s_third,2026-05-20T16:30:10.987406+00:00,5.21
s_third,2026-05-20T16:35:16.730927+00:00,14.62
s_third,2026-05-20T16:40:40.272390+00:00,30.75
s_third,2026-05-20T16:45:43.626715+00:00,14.62
s_third,2026-05-20T16:50:47.501237+00:00,9.72
s_third,2026-05-20T16:55:54.181891+00:00,36.02
s_third,2026-05-20T17:00:59.364747+00:00,17.24
s_third,2026-05-20T17:04:21.601993+00:00,21.41
s_third,2026-05-20T17:11:08.925810+00:00,45.88
s_third,2026-05-20T17:11:49.283335+00:00,8.56
s_third,2026-05-20T17:21:56.435949+00:00,65.23
s_third,2026-05-20T17:22:16.867016+00:00,7.42
s_third,2026-05-20T17:32:03.522229+00:00,21.41
s_third,2026-05-20T17:36:29.686212+00:00,5.21
s_third,2026-05-20T17:40:54.667097+00:00,22.86
s_third,2026-05-20T17:42:35.853103+00:00,17.24
s_third,2026-05-20T17:47:38.710727+00:00,15.92
s_third,2026-05-20T17:53:24.056353+00:00,17.24
s_third,2026-05-20T17:57:48.797049+00:00,7.42
s_third,2026-05-20T18:07:53.236575+00:00,24.36
s_third,2026-05-20T18:12:57.239589+00:00,29.09
s_third,2026-05-20T18:17:41.794342+00:00,19.98
s_third,2026-05-20T18:38:29.608037+00:00,-100.0
s_third,2026-05-20T18:43:32.252760+00:00,14.62
s_third,2026-05-20T18:48:17.066126+00:00,15.92
s_third,2026-05-20T18:53:21.283214+00:00,7.42
s_third,2026-05-20T18:58:46.372042+00:00,21.41
s_third,2026-05-20T19:04:32.798830+00:00,73.94
s_third,2026-05-20T19:09:38.090443+00:00,45.88
s_third,2026-05-20T19:14:41.138495+00:00,21.41
s_third,2026-05-20T19:24:45.721281+00:00,68.03
s_third,2026-05-20T19:29:49.118146+00:00,18.6
s_third,2026-05-20T19:34:52.737631+00:00,24.36
s_third,2026-05-20T19:39:57.738745+00:00,-100.0
s_third,2026-05-20T19:45:02.603922+00:00,-100.0
s_third,2026-05-20T19:50:05.424308+00:00,30.75
s_third,2026-05-20T19:55:09.066827+00:00,25.89
s_third,2026-05-20T20:03:32.671821+00:00,7.42
s_third,2026-05-20T20:10:18.274570+00:00,5.21
s_third,2026-05-20T20:21:02.362010+00:00,9.72
s_third,2026-05-20T20:31:11.132369+00:00,5.21
s_third,2026-05-20T20:36:16.433152+00:00,7.42
s_third,2026-05-20T20:41:00.381821+00:00,14.62
s_third,2026-05-20T20:46:03.877260+00:00,12.12
s_third,2026-05-20T20:56:10.376866+00:00,14.62
s_third,2026-05-20T21:01:16.199711+00:00,17.24
s_third,2026-05-20T21:06:20.023840+00:00,18.6
s_third,2026-05-20T21:11:22.719298+00:00,83.64
s_third,2026-05-20T21:17:05.364349+00:00,17.24
s_third,2026-05-20T21:22:09.973170+00:00,21.41
s_third,2026-05-20T21:27:54.726932+00:00,36.02
s_third,2026-05-20T21:32:58.606161+00:00,10.91
s_third,2026-05-20T21:38:00.882331+00:00,36.02
s_third,2026-05-20T21:48:05.276886+00:00,24.36
s_third,2026-05-20T21:53:49.251851+00:00,18.6
s_third,2026-05-20T21:58:13.085717+00:00,12.12
s_third,2026-05-20T22:02:57.027064+00:00,70.93
s_third,2026-05-20T22:09:02.642826+00:00,5.21
s_third,2026-05-20T22:14:07.967938+00:00,10.91
s_third,2026-05-20T22:21:34.193241+00:00,8.56
s_third,2026-05-20T22:24:58.122597+00:00,18.6
s_third,2026-05-20T22:26:58.697998+00:00,18.6
s_third,2026-05-20T22:32:00.554358+00:00,13.36
s_third,2026-05-20T22:36:42.994843+00:00,29.09
s_third,2026-05-20T22:42:06.885639+00:00,6.3
s_third,2026-05-20T22:47:08.830380+00:00,9.72
s_third,2026-05-20T22:52:52.419162+00:00,7.42
s_third,2026-05-20T22:56:56.125938+00:00,22.86
s_third,2026-05-20T23:02:18.098406+00:00,24.36
s_third,2026-05-20T23:10:24.403167+00:00,8.56
s_third,2026-05-20T23:15:29.998039+00:00,-100.0
s_third,2026-05-20T23:18:13.116661+00:00,-100.0
s_third,2026-05-20T23:23:18.237038+00:00,5.21
s_third,2026-05-20T23:29:22.956227+00:00,7.42
s_third,2026-05-20T23:39:27.395457+00:00,8.56
s_third,2026-05-20T23:41:48.443526+00:00,80.29
s_third,2026-05-20T23:46:50.368364+00:00,13.36
s_third,2026-05-20T23:51:52.977309+00:00,5.21
s_third,2026-05-21T00:05:40.245029+00:00,-100.0
s_third,2026-05-21T00:08:03.037573+00:00,-100.0
s_third,2026-05-21T00:14:48.805517+00:00,7.42
s_third,2026-05-21T00:19:53.324229+00:00,43.78
s_third,2026-05-21T00:24:38.850022+00:00,-100.0
s_third,2026-05-21T00:30:43.324821+00:00,14.62
s_third,2026-05-21T00:35:45.381843+00:00,6.3
s_third,2026-05-21T00:46:13.536515+00:00,21.41
s_third,2026-05-21T00:56:18.315294+00:00,13.36
s_third,2026-05-21T01:01:22.663493+00:00,59.9
s_third,2026-05-21T01:06:27.093095+00:00,21.41
s_third,2026-05-21T01:16:13.540359+00:00,8.56
s_third,2026-05-21T01:21:16.208388+00:00,18.6
s_third,2026-05-21T01:27:18.933516+00:00,21.41
s_third,2026-05-21T01:32:22.135702+00:00,19.98
s_third,2026-05-21T01:37:24.331768+00:00,13.36
s_third,2026-05-21T01:42:47.294650+00:00,24.36
s_third,2026-05-21T01:47:49.732385+00:00,6.3
s_third,2026-05-21T01:53:53.141774+00:00,9.72
s_third,2026-05-21T02:04:38.794634+00:00,19.98
s_third,2026-05-21T02:10:03.089651+00:00,24.36
s_third,2026-05-21T02:12:45.229841+00:00,34.21
s_third,2026-05-21T02:20:09.864055+00:00,9.72
s_third,2026-05-21T02:25:13.716676+00:00,12.12
s_third,2026-05-21T02:30:16.950522+00:00,39.79
s_third,2026-05-21T02:35:20.379819+00:00,5.21
s_third,2026-05-21T02:45:27.347625+00:00,70.93
s_third,2026-05-21T02:50:31.627299+00:00,45.88
s_third,2026-05-21T02:55:16.979887+00:00,9.72
s_third,2026-05-21T02:56:58.461533+00:00,-100.0
s_third,2026-05-21T03:05:23.240488+00:00,-100.0
s_third,2026-05-21T03:07:24.813540+00:00,-100.0
s_third,2026-05-21T03:20:51.051815+00:00,-100.0
s_third,2026-05-21T03:25:55.288356+00:00,10.91
s_third,2026-05-21T03:32:38.102764+00:00,17.24
s_third,2026-05-21T03:37:42.172724+00:00,37.87
s_third,2026-05-21T03:58:06.776788+00:00,30.75
s_third,2026-05-21T04:05:11.421377+00:00,8.56
s_third,2026-05-21T04:08:12.680081+00:00,6.3
s_third,2026-05-21T04:13:16.488465+00:00,30.75
s_third,2026-05-21T04:23:19.584522+00:00,-100.0
s_third,2026-05-21T04:31:04.545703+00:00,15.92
s_third,2026-05-21T04:34:07.347933+00:00,10.91
s_third,2026-05-21T04:39:12.712254+00:00,6.3
s_third,2026-05-21T04:54:17.469275+00:00,13.36
s_third,2026-05-21T05:04:42.576009+00:00,5.21
s_third,2026-05-21T05:09:45.613975+00:00,13.36
s_third,2026-05-21T05:13:29.135996+00:00,9.72
s_third,2026-05-21T05:29:57.168288+00:00,8.56
s_third,2026-05-21T05:35:01.364659+00:00,34.21
s_third,2026-05-21T05:40:44.904068+00:00,34.21
s_third,2026-05-21T05:50:32.616695+00:00,8.56
s_third,2026-05-21T05:55:38.267260+00:00,6.3
s_third,2026-05-21T06:00:40.732743+00:00,8.56
s_third,2026-05-21T06:10:46.681598+00:00,6.3
s_third,2026-05-21T06:15:52.949239+00:00,12.12
s_third,2026-05-21T06:20:57.034636+00:00,6.3
s_third,2026-05-21T06:21:58.172945+00:00,8.56
s_third,2026-05-21T06:32:21.758248+00:00,18.6
s_third,2026-05-21T06:37:24.754352+00:00,6.3
s_third,2026-05-21T06:42:29.249959+00:00,10.91
s_third,2026-05-21T06:47:33.980017+00:00,10.91
s_third,2026-05-21T06:53:18.082601+00:00,6.3
s_third,2026-05-21T06:58:40.811744+00:00,-100.0
s_third,2026-05-21T07:03:23.824725+00:00,18.6
s_third,2026-05-21T07:13:26.650666+00:00,5.21
s_third,2026-05-21T07:18:32.037245+00:00,36.02
s_third,2026-05-21T07:23:36.988996+00:00,8.56
s_third,2026-05-21T07:28:39.997745+00:00,22.86
s_third,2026-05-21T07:33:43.689108+00:00,5.21
s_third,2026-05-21T07:38:46.451275+00:00,5.21
s_third,2026-05-21T07:48:50.635967+00:00,13.36
s_third,2026-05-21T07:53:54.216383+00:00,8.56
s_third,2026-05-21T07:58:57.720337+00:00,8.56
s_third,2026-05-21T08:10:23.086591+00:00,8.56
s_third,2026-05-21T08:15:25.883986+00:00,65.23
s_third,2026-05-21T08:20:31.309916+00:00,-100.0
s_third,2026-05-21T08:25:15.292733+00:00,5.21
s_third,2026-05-21T08:35:40.384015+00:00,14.62
s_third,2026-05-21T08:45:49.337936+00:00,13.36
s_third,2026-05-21T08:50:33.842282+00:00,8.56
s_third,2026-05-21T08:55:58.723996+00:00,18.6
s_third,2026-05-21T09:06:44.407496+00:00,10.91
s_third,2026-05-21T09:16:30.395927+00:00,27.47
s_third,2026-05-21T09:21:33.933665+00:00,-100.0
s_third,2026-05-21T09:31:18.372734+00:00,8.56
s_third,2026-05-21T09:41:42.318971+00:00,22.86
s_third,2026-05-21T09:51:47.677723+00:00,6.3
s_third,2026-05-21T10:01:55.588750+00:00,9.72
s_third,2026-05-21T10:02:15.874468+00:00,-100.0
s_third,2026-05-21T10:12:19.755905+00:00,-100.0
s_third,2026-05-21T10:18:04.163906+00:00,10.91
s_third,2026-05-21T10:23:07.006048+00:00,6.3
s_third,2026-05-21T10:28:31.594713+00:00,22.86
s_third,2026-05-21T10:38:57.217764+00:00,37.87
s_third,2026-05-21T10:44:01.542248+00:00,8.56
s_third,2026-05-21T10:54:07.222823+00:00,29.09
s_third,2026-05-21T10:59:12.621059+00:00,5.21
s_third,2026-05-21T11:03:56.981770+00:00,14.62
s_third,2026-05-21T11:09:20.026331+00:00,15.92
s_third,2026-05-21T11:14:23.507835+00:00,36.02
s_third,2026-05-21T11:24:07.878938+00:00,5.21
s_third,2026-05-21T11:29:12.121256+00:00,48.03
s_third,2026-05-21T11:34:15.716529+00:00,29.09
s_third,2026-05-21T11:38:40.664122+00:00,-100.0
s_third,2026-05-21T11:44:25.750634+00:00,6.3
s_third,2026-05-21T12:02:51.682824+00:00,9.72
s_third,2026-05-21T12:09:35.238538+00:00,17.24
s_third,2026-05-21T12:15:01.406852+00:00,6.3
s_third,2026-05-21T12:19:46.472209+00:00,34.21
s_third,2026-05-21T12:34:52.743487+00:00,25.89
s_third,2026-05-21T12:40:16.268263+00:00,41.75
s_third,2026-05-21T12:45:20.854803+00:00,15.92
s_third,2026-05-21T12:50:06.182901+00:00,12.12
s_third,2026-05-21T12:56:31.557143+00:00,9.72
s_third,2026-05-21T13:00:14.946387+00:00,18.6
s_third,2026-05-21T13:05:20.276296+00:00,6.3
s_third,2026-05-21T13:10:22.870201+00:00,5.21
s_third,2026-05-21T13:15:27.598265+00:00,27.47
s_third,2026-05-21T13:20:12.945301+00:00,13.36
s_third,2026-05-21T13:24:37.758955+00:00,34.21
s_third,2026-05-21T13:31:44.666619+00:00,5.21
s_third,2026-05-21T13:36:48.352818+00:00,-100.0
s_third,2026-05-21T13:46:38.049036+00:00,19.98
s_third,2026-05-21T13:47:39.077531+00:00,25.89
s_third,2026-05-21T13:52:41.026001+00:00,8.56
s_third,2026-05-21T14:07:46.893840+00:00,7.42
s_third,2026-05-21T14:12:50.470762+00:00,6.3
s_third,2026-05-21T14:17:54.887750+00:00,17.24
s_third,2026-05-21T14:23:19.018463+00:00,6.3
s_third,2026-05-21T14:28:41.901609+00:00,70.93
s_third,2026-05-21T14:33:44.380358+00:00,5.21
s_third,2026-05-21T14:38:06.450189+00:00,12.12
s_third,2026-05-21T14:43:08.727077+00:00,5.21
s_third,2026-05-21T14:53:53.833008+00:00,29.09
s_third,2026-05-21T14:58:57.281538+00:00,36.02
s_third,2026-05-21T15:04:02.399287+00:00,-100.0
s_third,2026-05-21T15:09:05.041762+00:00,8.56
s_third,2026-05-21T15:19:08.680884+00:00,12.12
s_third,2026-05-21T15:24:11.474286+00:00,18.6
s_third,2026-05-21T15:29:54.239144+00:00,5.21
s_third,2026-05-21T15:34:58.268364+00:00,30.75
s_third,2026-05-21T15:40:02.392614+00:00,7.42
s_third,2026-05-21T15:45:26.067017+00:00,6.3
s_third,2026-05-21T15:50:28.987162+00:00,8.56
s_third,2026-05-21T16:15:59.631204+00:00,10.91
s_third,2026-05-21T16:20:25.657031+00:00,7.42
s_third,2026-05-21T16:25:31.266131+00:00,15.92
s_third,2026-05-21T16:30:16.377806+00:00,25.89
s_third,2026-05-21T16:35:19.245797+00:00,21.41
s_third,2026-05-21T16:40:21.113110+00:00,5.21
s_third,2026-05-21T16:51:30.916032+00:00,57.37
s_third,2026-05-21T17:01:19.315268+00:00,12.12
s_third,2026-05-21T17:01:59.586514+00:00,6.3
s_third,2026-05-21T17:11:25.643185+00:00,5.21
s_third,2026-05-21T17:16:29.954039+00:00,39.79
s_third,2026-05-21T17:28:14.445091+00:00,8.56
s_third,2026-05-21T17:33:16.990681+00:00,12.12
s_third,2026-05-21T17:38:20.978832+00:00,25.89
s_third,2026-05-21T17:43:23.770240+00:00,5.21
s_third,2026-05-21T17:48:28.221108+00:00,32.45
s_third,2026-05-21T17:53:32.384924+00:00,-100.0
s_third,2026-05-21T17:58:55.322734+00:00,6.3
s_third,2026-05-21T18:03:39.977163+00:00,10.91
s_third,2026-05-21T18:08:44.827527+00:00,12.12
s_third,2026-05-21T18:14:08.092283+00:00,57.37
s_third,2026-05-21T18:19:12.547726+00:00,22.86
s_third,2026-05-21T18:24:36.152804+00:00,52.55
s_third,2026-05-21T18:29:40.921477+00:00,14.62
s_third,2026-05-21T18:34:45.847135+00:00,7.42
s_third,2026-05-21T18:39:30.133133+00:00,15.92
s_third,2026-05-21T18:45:16.536967+00:00,5.21
s_third,2026-05-21T18:51:19.263843+00:00,12.12
s_third,2026-05-21T19:01:47.311045+00:00,5.21
s_third,2026-05-21T19:06:51.392829+00:00,5.21
s_third,2026-05-21T19:10:13.801828+00:00,29.09
s_third,2026-05-21T19:24:38.351652+00:00,5.21
s_third,2026-05-21T19:27:00.210160+00:00,24.36
s_third,2026-05-21T19:35:26.516830+00:00,83.64
s_third,2026-05-21T19:40:30.222785+00:00,50.26
s_third,2026-05-21T19:42:11.044053+00:00,5.21
s_third,2026-05-21T19:47:14.412036+00:00,21.41
s_third,2026-05-21T19:52:17.290101+00:00,14.62
s_third,2026-05-21T20:06:44.488867+00:00,-100.0
s_third,2026-05-21T20:11:08.856368+00:00,68.03
s_third,2026-05-21T20:14:11.203182+00:00,15.92
s_third,2026-05-21T20:18:56.119811+00:00,8.56
s_third,2026-05-21T20:44:26.562982+00:00,45.88
s_third,2026-05-21T20:49:30.969481+00:00,-100.0
s_third,2026-05-21T20:54:54.054423+00:00,5.21
s_third,2026-05-21T21:04:38.524858+00:00,10.91
s_third,2026-05-21T21:11:23.994396+00:00,5.21
s_third,2026-05-21T21:15:06.867042+00:00,13.36
s_third,2026-05-21T21:20:12.068126+00:00,7.42
s_third,2026-05-21T21:29:55.988030+00:00,41.75
s_third,2026-05-21T21:40:43.637135+00:00,9.72
s_third,2026-05-21T21:46:47.104717+00:00,5.21
s_third,2026-05-21T21:53:52.340741+00:00,18.6
s_third,2026-05-21T22:10:37.952697+00:00,45.88
s_third,2026-05-21T22:21:45.731511+00:00,6.3
s_third,2026-05-21T22:22:05.971988+00:00,6.3
s_third,2026-05-21T22:32:28.799290+00:00,17.24
s_third,2026-05-21T22:37:31.678171+00:00,15.92
s_third,2026-05-21T22:42:56.307802+00:00,37.87
s_third,2026-05-21T22:58:22.528982+00:00,15.92
s_third,2026-05-21T23:10:08.884825+00:00,48.03
s_third,2026-05-21T23:25:13.943147+00:00,7.42
s_third,2026-05-21T23:27:35.757316+00:00,10.91
s_third,2026-05-21T23:33:58.487627+00:00,7.42
s_third,2026-05-21T23:58:26.718535+00:00,-100.0
s_third,2026-05-22T00:09:53.280546+00:00,25.89
s_third,2026-05-22T00:23:56.676153+00:00,12.12
s_third,2026-05-22T00:34:07.702542+00:00,25.89
s_third,2026-05-22T00:39:13.564757+00:00,7.42
s_third,2026-05-22T00:43:18.160332+00:00,27.47
s_third,2026-05-22T00:43:58.665663+00:00,59.9
s_third,2026-05-22T00:53:44.531595+00:00,62.52
s_third,2026-05-22T00:58:48.332460+00:00,15.92
s_third,2026-05-22T01:09:20.585854+00:00,5.21
s_third,2026-05-22T01:16:08.604921+00:00,15.92
s_third,2026-05-22T01:17:09.481970+00:00,10.91
s_third,2026-05-22T01:18:50.960334+00:00,8.56
s_third,2026-05-22T01:24:15.033543+00:00,-100.0
s_third,2026-05-22T01:29:00.316816+00:00,5.21
s_third,2026-05-22T01:40:07.415603+00:00,24.36
s_third,2026-05-22T01:45:52.623454+00:00,14.62
s_third,2026-05-22T01:50:55.808157+00:00,5.21
s_third,2026-05-22T02:00:44.588188+00:00,18.6
s_third,2026-05-22T02:05:49.374353+00:00,-100.0
s_third,2026-05-22T02:15:58.003666+00:00,5.21
s_third,2026-05-22T02:21:02.978834+00:00,19.98
s_third,2026-05-22T02:26:07.537163+00:00,9.72
s_third,2026-05-22T02:26:48.186729+00:00,34.21
s_third,2026-05-22T02:37:10.757931+00:00,-100.0
s_third,2026-05-22T02:42:14.530187+00:00,50.26
s_third,2026-05-22T02:52:19.826744+00:00,43.78
s_third,2026-05-22T02:57:03.237540+00:00,-100.0
s_third,2026-05-22T03:02:05.082264+00:00,8.56
s_third,2026-05-22T03:07:07.168652+00:00,9.72
s_third,2026-05-22T03:13:11.301108+00:00,12.12
s_third,2026-05-22T03:22:36.448514+00:00,14.62
s_third,2026-05-22T03:27:38.947115+00:00,5.21
s_third,2026-05-22T03:38:44.935548+00:00,-100.0
s_third,2026-05-22T03:43:49.775489+00:00,19.98
s_third,2026-05-22T04:08:55.753285+00:00,10.91
s_third,2026-05-22T04:13:58.982259+00:00,6.3
s_third,2026-05-22T04:24:04.957246+00:00,8.56
s_third,2026-05-22T04:44:34.004907+00:00,6.3
s_third,2026-05-22T04:54:40.970527+00:00,12.12
s_third,2026-05-22T04:59:44.584844+00:00,-100.0
s_third,2026-05-22T05:10:52.279632+00:00,18.6
s_third,2026-05-22T05:14:56.151758+00:00,5.21
s_third,2026-05-22T05:31:26.277627+00:00,6.3
s_third,2026-05-22T05:46:51.626031+00:00,-100.0
s_third,2026-05-22T05:52:13.424686+00:00,6.3
s_third,2026-05-22T05:57:16.314289+00:00,-100.0
s_third,2026-05-22T06:07:20.533401+00:00,29.09
s_third,2026-05-22T06:17:25.482397+00:00,8.56
s_third,2026-05-22T06:22:49.408728+00:00,36.02
s_third,2026-05-22T06:32:51.694838+00:00,27.47
s_third,2026-05-22T06:37:35.257779+00:00,12.12
s_third,2026-05-22T06:42:39.381939+00:00,43.78
s_third,2026-05-22T06:53:02.609305+00:00,29.09
s_third,2026-05-22T06:58:06.647532+00:00,18.6
s_third,2026-05-22T07:02:51.199801+00:00,32.45
s_third,2026-05-22T07:12:56.781041+00:00,10.91
s_third,2026-05-22T07:28:02.714963+00:00,25.89
s_third,2026-05-22T07:33:45.720997+00:00,5.21
s_third,2026-05-22T07:39:10.074775+00:00,12.12
s_third,2026-05-22T07:49:35.840241+00:00,22.86
s_third,2026-05-22T07:54:40.955849+00:00,7.42
s_third,2026-05-22T08:01:08.006888+00:00,24.36
s_third,2026-05-22T08:02:49.288021+00:00,6.3
s_third,2026-05-22T08:10:16.004228+00:00,5.21
s_third,2026-05-22T08:15:20.210836+00:00,9.72
s_third,2026-05-22T08:20:23.165695+00:00,24.36
s_third,2026-05-22T08:30:30.466969+00:00,6.3
s_third,2026-05-22T08:31:51.900027+00:00,10.91
s_third,2026-05-22T08:36:55.010354+00:00,29.09
s_third,2026-05-22T08:41:56.861629+00:00,5.21
s_third,2026-05-22T08:46:58.126604+00:00,7.42
s_third,2026-05-22T09:12:27.391079+00:00,5.21
s_third,2026-05-22T09:17:30.487959+00:00,10.91
s_third,2026-05-22T09:22:32.039610+00:00,13.36
s_third,2026-05-22T09:27:34.977445+00:00,5.21
s_third,2026-05-22T09:32:18.430350+00:00,27.47
s_third,2026-05-22T09:37:22.847477+00:00,10.91
s_third,2026-05-22T09:42:24.929239+00:00,21.41
s_third,2026-05-22T09:47:27.079216+00:00,8.56
s_third,2026-05-22T09:53:11.937163+00:00,18.6
s_third,2026-05-22T09:58:34.838843+00:00,5.21
s_third,2026-05-22T10:03:38.910141+00:00,22.86
s_third,2026-05-22T10:08:43.828532+00:00,-100.0
s_third,2026-05-22T10:13:46.232784+00:00,5.21
s_third,2026-05-22T10:23:52.821551+00:00,13.36
s_third,2026-05-22T10:29:15.296408+00:00,9.72
s_third,2026-05-22T10:33:38.228747+00:00,5.21
s_third,2026-05-22T10:42:43.023539+00:00,18.6
s_third,2026-05-22T10:54:07.897951+00:00,6.3
s_third,2026-05-22T11:09:14.077643+00:00,5.21
s_third,2026-05-22T11:14:18.664504+00:00,5.21
s_third,2026-05-22T11:24:25.736244+00:00,8.56
s_third,2026-05-22T11:30:09.370097+00:00,9.72
s_third,2026-05-22T11:44:56.242996+00:00,10.91
s_third,2026-05-22T11:55:00.899361+00:00,15.92
s_third,2026-05-22T12:20:28.589741+00:00,5.21
s_third,2026-05-22T12:26:33.019448+00:00,-100.0
s_third,2026-05-22T12:37:02.222652+00:00,5.21
s_third,2026-05-22T12:41:44.842892+00:00,5.21
s_third,2026-05-22T12:47:09.039474+00:00,8.56
s_third,2026-05-22T12:51:51.366650+00:00,5.21
s_third,2026-05-22T12:56:53.291919+00:00,7.42
s_third,2026-05-22T13:01:56.500840+00:00,-100.0
s_third,2026-05-22T13:07:00.468506+00:00,5.21
s_third,2026-05-22T13:12:42.402526+00:00,13.36
s_third,2026-05-22T13:17:46.416257+00:00,5.21
s_third,2026-05-22T13:22:50.499793+00:00,-100.0
s_third,2026-05-22T13:32:55.109907+00:00,15.92
s_third,2026-05-22T13:37:59.761625+00:00,25.89
s_third,2026-05-22T13:43:01.517052+00:00,9.72
s_third,2026-05-22T13:47:45.543137+00:00,30.75
s_third,2026-05-22T13:52:48.603573+00:00,-100.0
s_third,2026-05-22T14:02:32.332019+00:00,17.24
s_third,2026-05-22T14:13:20.351636+00:00,14.62
s_third,2026-05-22T14:18:04.784516+00:00,9.72
s_third,2026-05-22T14:23:29.674193+00:00,19.98
s_third,2026-05-22T14:28:34.015716+00:00,5.21
s_third,2026-05-22T14:33:37.020865+00:00,5.21
s_third,2026-05-22T14:38:41.880765+00:00,22.86
s_third,2026-05-22T14:43:46.741334+00:00,13.36
s_third,2026-05-22T14:53:51.955155+00:00,-100.0
s_third,2026-05-22T14:58:54.938784+00:00,-100.0
s_third,2026-05-22T15:03:59.560902+00:00,27.47
s_third,2026-05-22T15:09:02.661682+00:00,10.91
s_third,2026-05-22T15:14:06.422314+00:00,7.42
s_third,2026-05-22T15:19:10.713624+00:00,8.56
s_third,2026-05-22T15:24:13.008157+00:00,5.21
s_third,2026-05-22T15:39:17.505664+00:00,5.21
s_third,2026-05-22T15:44:22.582152+00:00,5.21
s_third,2026-05-22T15:49:26.748429+00:00,-100.0
s_third,2026-05-22T15:59:11.625028+00:00,13.36
s_third,2026-05-22T16:03:13.610161+00:00,-100.0
s_third,2026-05-22T16:14:40.576520+00:00,6.3
s_third,2026-05-22T16:19:44.437368+00:00,10.91
s_third,2026-05-22T16:24:29.559191+00:00,22.86
s_third,2026-05-22T16:30:13.619619+00:00,6.3
s_third,2026-05-22T16:34:57.020688+00:00,9.72
s_third,2026-05-22T16:40:01.327429+00:00,12.12
s_third,2026-05-22T16:45:03.820423+00:00,-100.0
s_third,2026-05-22T16:50:08.107880+00:00,-100.0
s_third,2026-05-22T16:55:11.411343+00:00,9.72
s_third,2026-05-22T17:00:14.802680+00:00,25.89
s_third,2026-05-22T17:05:19.629916+00:00,24.36
s_third,2026-05-22T17:10:03.157768+00:00,37.87
s_third,2026-05-22T17:15:08.318139+00:00,9.72
s_third,2026-05-22T17:25:14.053229+00:00,25.89
s_third,2026-05-22T18:00:22.776388+00:00,5.21
s_third,2026-05-22T18:05:29.374276+00:00,5.21
s_third,2026-05-22T18:10:35.497105+00:00,-100.0
s_third,2026-05-22T18:15:59.365434+00:00,21.41
s_third,2026-05-22T18:21:02.422047+00:00,9.72
s_third,2026-05-22T18:25:25.879638+00:00,9.72
s_third,2026-05-22T18:31:10.901294+00:00,9.72
s_third,2026-05-22T18:36:16.144864+00:00,14.62
s_third,2026-05-22T18:40:41.012136+00:00,21.41
s_third,2026-05-22T18:42:22.326110+00:00,22.86
s_third,2026-05-22T18:51:49.616540+00:00,13.36
s_third,2026-05-22T19:02:13.727782+00:00,12.12
s_third,2026-05-22T19:22:21.786197+00:00,9.72
s_third,2026-05-22T19:27:23.799703+00:00,8.56
s_third,2026-05-22T19:32:28.001688+00:00,14.62
s_third,2026-05-22T19:42:31.251718+00:00,6.3
s_third,2026-05-22T19:52:36.856154+00:00,5.21
s_third,2026-05-22T20:02:40.341667+00:00,8.56
s_third,2026-05-22T20:09:05.347531+00:00,9.72
s_third,2026-05-22T20:18:50.503878+00:00,5.21
s_third,2026-05-22T20:24:14.773918+00:00,13.36
s_third,2026-05-22T20:28:58.495858+00:00,-100.0
s_third,2026-05-22T20:34:42.322140+00:00,14.62
s_third,2026-05-22T20:39:06.258021+00:00,10.91
s_third,2026-05-22T20:54:53.264465+00:00,8.56
s_third,2026-05-22T20:59:56.212947+00:00,5.21
s_third,2026-05-22T21:10:19.561675+00:00,14.62
s_third,2026-05-22T21:20:07.780707+00:00,18.6
s_third,2026-05-22T21:25:10.602297+00:00,15.92
s_third,2026-05-22T21:35:15.891308+00:00,39.79
s_third,2026-05-22T21:39:38.166632+00:00,8.56
s_third,2026-05-22T21:45:42.948774+00:00,-100.0
s_third,2026-05-22T21:50:48.170735+00:00,13.36
s_third,2026-05-22T21:56:12.218932+00:00,5.21
s_third,2026-05-22T22:01:37.997065+00:00,14.62
s_third,2026-05-22T22:06:03.908638+00:00,6.3
s_third,2026-05-22T22:11:30.363996+00:00,18.6
s_third,2026-05-22T22:12:31.689283+00:00,-100.0
s_third,2026-05-22T22:17:15.958478+00:00,15.92
s_third,2026-05-22T22:22:40.264767+00:00,27.47
s_third,2026-05-22T22:27:44.120474+00:00,24.36
s_third,2026-05-22T22:37:48.880302+00:00,37.87
s_third,2026-05-22T22:42:54.743540+00:00,34.21
s_third,2026-05-22T22:48:00.274264+00:00,12.12
s_third,2026-05-22T22:53:02.741754+00:00,12.12
s_third,2026-05-22T23:01:09.199395+00:00,7.42
s_third,2026-05-22T23:16:13.949063+00:00,7.42
s_third,2026-05-22T23:24:19.055081+00:00,6.3
s_third,2026-05-22T23:34:25.451402+00:00,13.36
s_third,2026-05-22T23:44:28.982848+00:00,7.42
s_third,2026-05-22T23:49:31.877524+00:00,8.56
s_third,2026-05-23T00:02:55.420797+00:00,5.21
s_third,2026-05-23T00:25:08.283464+00:00,-100.0
s_third,2026-05-23T00:28:31.475218+00:00,-100.0
s_third,2026-05-23T00:34:38.256114+00:00,-100.0
s_third,2026-05-23T00:39:42.775614+00:00,7.42
s_third,2026-05-23T00:56:29.168262+00:00,32.45
s_third,2026-05-23T00:57:49.776704+00:00,14.62
s_third,2026-05-23T01:02:52.246746+00:00,-100.0
s_third,2026-05-23T01:12:55.516083+00:00,12.12
s_third,2026-05-23T01:19:01.171573+00:00,7.42
s_third,2026-05-23T01:24:05.772969+00:00,-100.0
s_third,2026-05-23T01:38:49.866160+00:00,-100.0
s_third,2026-05-23T01:44:54.197499+00:00,27.47
s_third,2026-05-23T01:50:00.006939+00:00,77.05
s_third,2026-05-23T01:55:25.252859+00:00,5.21
s_third,2026-05-23T02:00:07.557493+00:00,30.75
s_third,2026-05-23T02:10:33.944921+00:00,43.78
s_third,2026-05-23T02:21:40.726230+00:00,-100.0
s_third,2026-05-23T02:22:41.092412+00:00,6.3
s_third,2026-05-23T02:33:27.979946+00:00,14.62
s_third,2026-05-23T02:38:30.050858+00:00,41.75
s_third,2026-05-23T02:48:33.774215+00:00,-100.0
s_third,2026-05-23T02:53:56.575114+00:00,10.91
s_third,2026-05-23T03:04:20.149393+00:00,25.89
s_third,2026-05-23T03:09:42.831873+00:00,17.24
s_third,2026-05-23T03:40:48.678836+00:00,5.21
s_third,2026-05-23T03:56:16.838576+00:00,24.36
s_third,2026-05-23T04:05:04.495636+00:00,17.24
s_third,2026-05-23T04:22:29.182718+00:00,73.94
s_third,2026-05-23T04:32:33.592970+00:00,-100.0
s_third,2026-05-23T04:43:39.609044+00:00,6.3
s_third,2026-05-23T05:08:49.623391+00:00,-100.0
s_third,2026-05-23T05:14:14.438772+00:00,-100.0
s_third,2026-05-23T05:18:57.911575+00:00,10.91
s_third,2026-05-23T05:23:41.532987+00:00,43.78
s_third,2026-05-23T05:29:07.212203+00:00,8.56
s_third,2026-05-23T05:34:10.853791+00:00,-100.0
s_third,2026-05-23T05:44:55.094412+00:00,17.24
s_third,2026-05-23T05:54:41.393306+00:00,12.12
s_third,2026-05-23T06:15:28.511780+00:00,9.72
s_third,2026-05-23T06:26:53.135359+00:00,10.91
s_third,2026-05-23T06:32:37.469124+00:00,65.23
s_third,2026-05-23T06:37:40.225426+00:00,5.21
s_third,2026-05-23T06:42:44.481157+00:00,7.42
s_third,2026-05-23T07:08:11.028086+00:00,24.36
s_third,2026-05-23T07:12:54.965311+00:00,5.21
s_third,2026-05-23T07:24:21.096422+00:00,83.64
s_third,2026-05-23T07:30:08.304919+00:00,62.52
s_third,2026-05-23T07:33:52.811524+00:00,-100.0
s_third,2026-05-23T07:40:19.232393+00:00,8.56
s_third,2026-05-23T07:44:42.338009+00:00,10.91
s_third,2026-05-23T07:50:06.755270+00:00,5.21
s_third,2026-05-23T08:30:19.941214+00:00,-100.0
s_third,2026-05-23T08:40:08.800325+00:00,7.42
s_third,2026-05-23T08:46:15.198661+00:00,5.21
s_third,2026-05-23T08:51:38.910962+00:00,6.3
s_third,2026-05-23T08:55:21.633421+00:00,5.21
s_third,2026-05-23T09:01:24.885678+00:00,8.56
s_third,2026-05-23T09:10:52.155044+00:00,8.56
s_third,2026-05-23T09:11:52.918505+00:00,7.42
s_third,2026-05-23T09:16:55.500676+00:00,15.92
s_third,2026-05-23T09:37:38.587848+00:00,17.24
s_third,2026-05-23T09:47:06.043140+00:00,17.24
s_third,2026-05-23T10:16:13.362367+00:00,6.3
s_third,2026-05-23T10:18:54.614784+00:00,5.21
s_third,2026-05-23T10:46:45.140737+00:00,50.26
s_third,2026-05-23T10:51:29.733375+00:00,24.36
s_third,2026-05-23T10:52:10.349126+00:00,7.42
s_third,2026-05-23T11:10:57.486160+00:00,21.41
s_third,2026-05-23T11:16:40.547979+00:00,5.21
s_third,2026-05-23T11:28:03.619833+00:00,7.42
s_third,2026-05-23T11:41:32.453076+00:00,27.47
s_third,2026-05-23T11:46:16.951904+00:00,8.56
s_third,2026-05-23T12:09:26.582150+00:00,5.21
s_third,2026-05-23T12:13:30.188985+00:00,94.52
s_third,2026-05-23T12:19:35.709102+00:00,7.42
s_third,2026-05-23T12:22:17.601462+00:00,-100.0
s_third,2026-05-23T12:27:21.320612+00:00,13.36
s_third,2026-05-23T12:34:45.146497+00:00,10.91
s_third,2026-05-23T12:49:52.814118+00:00,19.98
s_third,2026-05-23T13:15:39.556911+00:00,22.86
s_third,2026-05-23T13:20:24.685307+00:00,6.3
s_third,2026-05-23T13:25:47.952692+00:00,9.72
s_third,2026-05-23T13:30:51.295013+00:00,5.21
s_third,2026-05-23T13:41:21.043743+00:00,8.56
s_third,2026-05-23T13:57:46.466108+00:00,-100.0
s_third,2026-05-23T14:02:50.488120+00:00,15.92
s_third,2026-05-23T14:19:57.814993+00:00,-100.0
s_third,2026-05-23T14:25:01.545863+00:00,9.72
s_third,2026-05-23T14:29:24.453028+00:00,6.3
s_third,2026-05-23T14:40:30.599500+00:00,7.42
s_third,2026-05-23T14:44:13.165625+00:00,10.91
s_third,2026-05-23T14:48:35.126107+00:00,6.3
s_third,2026-05-23T14:51:57.509526+00:00,19.98
s_third,2026-05-23T15:00:40.916318+00:00,5.21
s_third,2026-05-23T15:11:06.792546+00:00,5.21
s_third,2026-05-23T15:26:16.226419+00:00,5.21
s_third,2026-05-23T15:31:01.376955+00:00,62.52
s_third,2026-05-23T15:35:47.142844+00:00,5.21
s_third,2026-05-23T15:41:13.496625+00:00,5.21
s_third,2026-05-23T15:45:37.914376+00:00,7.42
s_third,2026-05-23T15:51:21.917291+00:00,5.21
s_third,2026-05-23T15:56:44.812783+00:00,-100.0
s_third,2026-05-23T16:06:09.442818+00:00,21.41
s_third,2026-05-23T16:06:50.038424+00:00,8.56
s_third,2026-05-23T16:11:53.064047+00:00,5.21
s_third,2026-05-23T16:17:55.225372+00:00,-100.0
s_third,2026-05-23T16:27:40.232216+00:00,19.98
s_third,2026-05-23T16:32:22.612900+00:00,13.36
s_third,2026-05-23T16:38:05.361178+00:00,-100.0
s_third,2026-05-23T16:43:07.937550+00:00,27.47
s_third,2026-05-23T16:48:12.522849+00:00,30.75
s_third,2026-05-23T16:53:16.711317+00:00,18.6
s_third,2026-05-23T16:58:21.563888+00:00,8.56
s_third,2026-05-23T17:03:23.818227+00:00,-100.0
s_third,2026-05-23T17:08:26.265217+00:00,-100.0
s_third,2026-05-23T17:13:50.336235+00:00,15.92
s_third,2026-05-23T17:18:34.032851+00:00,8.56
s_third,2026-05-23T17:28:40.076389+00:00,14.62
s_third,2026-05-23T17:34:02.589828+00:00,18.6
s_third,2026-05-23T17:38:44.919982+00:00,-100.0
s_third,2026-05-23T17:44:31.582486+00:00,-100.0
s_third,2026-05-23T17:50:57.436361+00:00,8.56
s_third,2026-05-23T18:00:21.369810+00:00,19.98
s_third,2026-05-23T18:10:49.510930+00:00,-100.0
s_third,2026-05-23T18:15:51.334785+00:00,10.91
s_third,2026-05-23T18:26:16.294548+00:00,21.41
s_third,2026-05-23T18:31:19.220019+00:00,7.42
s_third,2026-05-23T18:36:23.561622+00:00,6.3
s_third,2026-05-23T18:41:28.439523+00:00,34.21
s_third,2026-05-23T18:46:34.526744+00:00,7.42
s_third,2026-05-23T18:51:39.051518+00:00,32.45
s_third,2026-05-23T18:56:24.816154+00:00,14.62
s_third,2026-05-23T19:01:47.615924+00:00,39.79
s_third,2026-05-23T19:11:36.887194+00:00,12.12
s_third,2026-05-23T19:12:17.756266+00:00,37.87
s_third,2026-05-23T19:16:59.653717+00:00,-100.0
s_third,2026-05-23T19:27:24.575840+00:00,57.37
s_third,2026-05-23T19:33:07.682438+00:00,7.42
s_third,2026-05-23T19:37:51.710688+00:00,34.21
s_third,2026-05-23T19:47:55.545887+00:00,-100.0
s_third,2026-05-23T19:57:40.905342+00:00,6.3
s_third,2026-05-23T20:07:07.469456+00:00,45.88
s_third,2026-05-23T20:09:10.202904+00:00,54.92
s_third,2026-05-23T20:25:16.224458+00:00,8.56
s_third,2026-05-23T20:55:05.574423+00:00,-100.0
s_third,2026-05-23T21:00:09.763587+00:00,-100.0
s_third,2026-05-23T21:11:51.905428+00:00,6.3
s_third,2026-05-23T21:21:41.457060+00:00,12.12
s_third,2026-05-23T21:26:47.255134+00:00,8.56
s_third,2026-05-23T21:31:32.360071+00:00,-100.0
s_third,2026-05-23T21:37:34.992328+00:00,68.03
s_third,2026-05-23T21:42:38.352162+00:00,9.72
s_third,2026-05-23T21:47:41.896910+00:00,6.3
s_third,2026-05-23T21:52:46.394394+00:00,8.56
s_third,2026-05-23T22:02:48.119787+00:00,5.21
s_third,2026-05-23T22:08:10.782745+00:00,14.62
s_third,2026-05-23T22:13:14.844352+00:00,6.3
s_third,2026-05-23T22:18:19.364498+00:00,17.24
s_third,2026-05-23T22:23:22.249200+00:00,9.72
s_third,2026-05-23T22:29:27.399054+00:00,14.62
s_third,2026-05-23T22:35:13.097913+00:00,-100.0
s_third,2026-05-23T22:40:36.089251+00:00,24.36
s_third,2026-05-23T22:49:41.055992+00:00,7.42
s_third,2026-05-23T22:54:43.547633+00:00,15.92
s_third,2026-05-23T23:18:32.429328+00:00,7.42
s_third,2026-05-23T23:23:55.743382+00:00,5.21
s_third,2026-05-23T23:29:20.525910+00:00,6.3
s_third,2026-05-23T23:44:27.385583+00:00,-100.0
s_third,2026-05-23T23:49:52.955266+00:00,-100.0
s_third,2026-05-23T23:55:15.475190+00:00,32.45
s_third,2026-05-24T00:02:18.142579+00:00,7.42
s_third,2026-05-24T00:07:42.512433+00:00,19.98
s_third,2026-05-24T00:13:47.087153+00:00,5.21
s_third,2026-05-24T00:17:49.486317+00:00,25.89
s_third,2026-05-24T00:28:55.815460+00:00,10.91
s_third,2026-05-24T00:33:58.561882+00:00,8.56
s_third,2026-05-24T00:39:02.053771+00:00,10.91
s_third,2026-05-24T00:44:45.176592+00:00,6.3
s_third,2026-05-24T00:49:29.958655+00:00,13.36
s_third,2026-05-24T01:00:17.482979+00:00,8.56
s_third,2026-05-24T01:10:41.847700+00:00,6.3
s_third,2026-05-24T01:16:07.300590+00:00,8.56
s_third,2026-05-24T01:34:55.901585+00:00,-100.0
s_third,2026-05-24T01:45:04.840974+00:00,22.86
s_third,2026-05-24T01:55:47.571816+00:00,19.98
s_third,2026-05-24T02:11:14.029428+00:00,10.91
s_third,2026-05-24T02:16:18.499103+00:00,-100.0
s_third,2026-05-24T02:38:04.207802+00:00,6.3
s_third,2026-05-24T02:49:07.658071+00:00,18.6
s_third,2026-05-24T03:00:11.213201+00:00,9.72
s_third,2026-05-24T03:20:17.952264+00:00,6.3
s_third,2026-05-24T03:26:23.144886+00:00,9.72
s_third,2026-05-24T03:42:28.023378+00:00,17.24
s_third,2026-05-24T03:47:32.194307+00:00,5.21
s_third,2026-05-24T03:52:54.521814+00:00,10.91
s_third,2026-05-24T03:57:38.728041+00:00,14.62
s_third,2026-05-24T04:15:27.955495+00:00,6.3
s_third,2026-05-24T04:20:52.781398+00:00,18.6
s_third,2026-05-24T04:26:39.477102+00:00,18.6
s_third,2026-05-24T04:29:02.455582+00:00,9.72
s_third,2026-05-24T04:34:07.942367+00:00,5.21
s_third,2026-05-24T04:37:11.761151+00:00,12.12
s_third,2026-05-24T04:42:35.917183+00:00,13.36
s_third,2026-05-24T04:47:19.073935+00:00,10.91
s_third,2026-05-24T04:53:04.530121+00:00,-100.0
s_third,2026-05-24T05:11:56.185326+00:00,24.36
s_third,2026-05-24T05:15:19.453786+00:00,8.56
s_third,2026-05-24T05:25:25.869944+00:00,19.98
s_third,2026-05-24T05:40:11.826395+00:00,12.12
s_third,2026-05-24T05:45:37.364757+00:00,15.92
s_third,2026-05-24T05:51:02.159778+00:00,9.72
s_third,2026-05-24T06:22:28.273493+00:00,7.42
s_third,2026-05-24T06:27:31.557298+00:00,6.3
s_third,2026-05-24T06:33:16.197729+00:00,12.12
s_third,2026-05-24T06:38:59.487031+00:00,73.94
s_third,2026-05-24T06:44:02.566471+00:00,90.75
s_third,2026-05-24T06:54:05.819202+00:00,7.42
s_third,2026-05-24T07:04:12.637178+00:00,8.56
s_third,2026-05-24T07:09:37.430316+00:00,-100.0
s_third,2026-05-24T07:20:24.043358+00:00,10.91
s_third,2026-05-24T07:29:50.189401+00:00,7.42
s_third,2026-05-24T07:40:40.304226+00:00,-100.0
s_third,2026-05-24T07:45:46.059312+00:00,5.21
s_third,2026-05-24T07:50:30.721501+00:00,-100.0
s_third,2026-05-24T07:56:15.972305+00:00,5.21
s_third,2026-05-24T08:01:59.693811+00:00,80.29
s_third,2026-05-24T08:12:04.580402+00:00,5.21
s_third,2026-05-24T08:23:48.400485+00:00,14.62
s_third,2026-05-24T08:37:32.804694+00:00,6.3
s_third,2026-05-24T08:42:35.900014+00:00,19.98
s_third,2026-05-24T08:53:19.050243+00:00,-100.0
s_third,2026-05-24T08:58:22.451117+00:00,83.64
s_third,2026-05-24T09:03:25.797891+00:00,10.91
s_third,2026-05-24T09:08:28.575298+00:00,10.91
s_third,2026-05-24T09:13:32.016751+00:00,5.21
s_third,2026-05-24T09:17:54.524195+00:00,7.42
s_third,2026-05-24T09:28:58.118227+00:00,5.21
s_third,2026-05-24T09:33:42.629198+00:00,77.05
s_third,2026-05-24T09:40:09.104275+00:00,5.21
s_third,2026-05-24T10:00:14.297426+00:00,77.05
s_third,2026-05-24T10:05:16.865813+00:00,10.91
s_third,2026-05-24T10:15:21.587161+00:00,9.72
s_third,2026-05-24T10:25:26.646284+00:00,17.24
s_third,2026-05-24T11:01:28.829725+00:00,-100.0
s_third,2026-05-24T11:06:31.059825+00:00,17.24
s_third,2026-05-24T11:12:13.934079+00:00,41.75
s_third,2026-05-24T11:17:36.637741+00:00,-100.0
s_third,2026-05-24T11:23:01.169415+00:00,21.41
s_third,2026-05-24T11:28:04.639054+00:00,37.87
s_third,2026-05-24T11:36:53.009347+00:00,9.72
s_third,2026-05-24T11:38:34.068854+00:00,30.75
s_third,2026-05-24T11:43:38.623910+00:00,6.3
s_third,2026-05-24T11:48:43.319822+00:00,-100.0
s_third,2026-05-24T11:54:26.170635+00:00,-100.0
s_third,2026-05-24T11:59:28.642457+00:00,14.62
s_third,2026-05-24T12:20:16.004796+00:00,9.72
s_third,2026-05-24T12:30:25.160489+00:00,24.36
s_third,2026-05-24T12:35:10.291545+00:00,13.36
s_third,2026-05-24T12:40:14.259770+00:00,6.3
s_third,2026-05-24T12:45:58.489640+00:00,9.72
s_third,2026-05-24T12:51:23.307126+00:00,14.62
s_third,2026-05-24T12:52:03.824915+00:00,37.87
s_third,2026-05-24T13:06:51.281982+00:00,36.02
s_third,2026-05-24T13:07:11.801064+00:00,30.75
s_third,2026-05-24T13:17:36.033074+00:00,37.87
s_third,2026-05-24T13:22:59.197034+00:00,6.3
s_third,2026-05-24T13:33:25.072462+00:00,19.98
s_third,2026-05-24T13:37:28.339164+00:00,-100.0
s_third,2026-05-24T13:43:13.172320+00:00,7.42
s_third,2026-05-24T13:53:38.078502+00:00,36.02
s_third,2026-05-24T13:58:43.250404+00:00,27.47
s_third,2026-05-24T14:03:48.281853+00:00,-100.0
s_third,2026-05-24T14:08:52.324737+00:00,10.91
s_third,2026-05-24T14:14:15.338229+00:00,70.93
s_third,2026-05-24T14:24:20.394388+00:00,6.3
s_third,2026-05-24T14:34:06.324989+00:00,10.91
s_third,2026-05-24T14:39:08.509456+00:00,5.21
s_third,2026-05-24T14:44:11.184813+00:00,21.41
s_third,2026-05-24T14:49:56.381348+00:00,6.3
s_third,2026-05-24T14:54:20.182840+00:00,7.42
s_third,2026-05-24T14:59:23.613042+00:00,12.12
s_third,2026-05-24T15:04:28.494619+00:00,19.98
s_third,2026-05-24T15:09:32.414296+00:00,9.72
s_third,2026-05-24T15:15:17.081017+00:00,6.3
s_third,2026-05-24T15:25:25.182180+00:00,9.72
s_third,2026-05-24T15:30:09.640001+00:00,17.24
s_third,2026-05-24T15:35:15.133964+00:00,21.41
s_third,2026-05-24T15:40:37.929696+00:00,-100.0
s_third,2026-05-24T16:06:27.478477+00:00,14.62
s_third,2026-05-24T16:11:50.508468+00:00,10.91
s_third,2026-05-24T16:26:16.837208+00:00,6.3
s_third,2026-05-24T16:31:01.511154+00:00,6.3
s_third,2026-05-24T16:36:44.765855+00:00,10.91
s_third,2026-05-24T16:57:48.110800+00:00,18.6
s_third,2026-05-24T17:02:50.489290+00:00,9.72
s_third,2026-05-24T17:18:15.139287+00:00,18.6
s_third,2026-05-24T17:23:39.385017+00:00,6.3
s_third,2026-05-24T17:28:42.472456+00:00,15.92
s_third,2026-05-24T17:33:46.726471+00:00,15.92
s_third,2026-05-24T17:38:48.933058+00:00,8.56
s_third,2026-05-24T17:44:11.788334+00:00,12.12
s_third,2026-05-24T17:49:16.137681+00:00,12.12
s_third,2026-05-24T17:59:41.640206+00:00,18.6
s_third,2026-05-24T18:04:26.130482+00:00,6.3
s_third,2026-05-24T18:19:29.563435+00:00,8.56
s_third,2026-05-24T18:24:11.460227+00:00,21.41
s_third,2026-05-24T18:34:17.522918+00:00,14.62
s_third,2026-05-24T18:40:02.492861+00:00,5.21
s_third,2026-05-24T18:55:10.298002+00:00,-100.0
s_third,2026-05-24T19:10:15.442453+00:00,6.3
s_third,2026-05-24T19:15:18.434316+00:00,10.91
s_third,2026-05-24T19:21:23.256131+00:00,15.92
s_third,2026-05-24T19:36:11.665844+00:00,10.91
s_third,2026-05-24T19:47:34.671125+00:00,17.24
s_third,2026-05-24T19:52:16.397894+00:00,10.91
s_third,2026-05-24T20:07:00.117442+00:00,17.24
s_third,2026-05-24T20:12:43.199676+00:00,-100.0
s_third,2026-05-24T20:23:07.765067+00:00,21.41
s_third,2026-05-24T20:28:10.094148+00:00,-100.0
s_third,2026-05-24T20:33:55.547938+00:00,-100.0
s_third,2026-05-24T20:38:40.016397+00:00,30.75
s_third,2026-05-24T20:43:22.208764+00:00,10.91
s_third,2026-05-24T20:49:05.367210+00:00,14.62
s_third,2026-05-24T20:54:10.298388+00:00,-100.0
s_third,2026-05-24T20:59:15.426541+00:00,14.62
s_third,2026-05-24T21:04:40.099509+00:00,-100.0
s_third,2026-05-24T21:09:22.579946+00:00,5.21
s_third,2026-05-24T21:19:08.432350+00:00,6.3
s_third,2026-05-24T21:24:34.187939+00:00,-100.0
s_third,2026-05-24T21:29:40.293119+00:00,25.89
s_third,2026-05-24T21:35:26.244519+00:00,7.42
s_third,2026-05-24T21:40:50.398004+00:00,10.91
s_third,2026-05-24T21:50:58.063212+00:00,12.12
s_third,2026-05-24T21:55:21.110896+00:00,50.26
s_third,2026-05-24T22:00:45.182855+00:00,10.91
s_third,2026-05-24T22:06:50.494109+00:00,27.47
s_third,2026-05-24T22:15:55.512162+00:00,8.56
s_third,2026-05-24T22:17:16.285074+00:00,5.21
s_third,2026-05-24T22:22:00.444441+00:00,5.21
s_third,2026-05-24T22:31:05.622806+00:00,6.3
s_third,2026-05-24T22:32:46.934019+00:00,8.56
s_third,2026-05-24T22:37:49.156755+00:00,5.21
s_third,2026-05-24T22:42:53.140004+00:00,5.21
s_third,2026-05-24T22:47:57.170966+00:00,-100.0
s_third,2026-05-24T22:57:42.008425+00:00,17.24
s_third,2026-05-24T23:20:09.544405+00:00,29.09
s_third,2026-05-24T23:25:55.244186+00:00,8.56
s_third,2026-05-24T23:30:20.918253+00:00,17.24
s_third,2026-05-24T23:32:23.364796+00:00,10.91
s_third,2026-05-24T23:38:05.585651+00:00,7.42
s_third,2026-05-24T23:43:08.040744+00:00,13.36
s_third,2026-05-24T23:48:10.523413+00:00,10.91
s_third,2026-05-24T23:53:14.485905+00:00,7.42
s_third,2026-05-24T23:58:18.203795+00:00,19.98
s_third,2026-05-25T00:03:22.437086+00:00,8.56
s_third,2026-05-25T00:08:25.056330+00:00,8.56
s_third,2026-05-25T00:13:47.636149+00:00,7.42
s_third,2026-05-25T00:23:52.683812+00:00,24.36
s_third,2026-05-25T00:30:40.302044+00:00,-100.0
s_third,2026-05-25T00:32:01.807919+00:00,7.42
s_third,2026-05-25T00:40:08.373680+00:00,27.47
s_third,2026-05-25T00:42:09.591015+00:00,24.36
s_third,2026-05-25T00:50:57.295236+00:00,17.24
s_third,2026-05-25T00:57:03.034084+00:00,24.36
s_third,2026-05-25T01:02:09.351814+00:00,14.62
s_third,2026-05-25T01:02:09.435950+00:00,17.24
s_third,2026-05-25T01:07:12.970795+00:00,14.62
s_third,2026-05-25T01:12:15.033888+00:00,22.86
s_third,2026-05-25T01:17:37.264273+00:00,5.21
s_third,2026-05-25T01:26:22.973403+00:00,7.42
s_third,2026-05-25T01:29:24.353866+00:00,13.36
s_third,2026-05-25T01:37:28.511631+00:00,-100.0
s_third,2026-05-25T01:42:32.075828+00:00,8.56
s_third,2026-05-25T01:49:58.051177+00:00,-100.0
s_third,2026-05-25T01:54:41.124024+00:00,13.36
s_third,2026-05-25T01:58:04.224230+00:00,30.75
s_third,2026-05-25T02:02:48.326551+00:00,14.62
s_third,2026-05-25T02:28:14.795467+00:00,5.21
s_third,2026-05-25T02:39:19.996495+00:00,7.42
s_third,2026-05-25T02:44:22.751432+00:00,5.21
s_third,2026-05-25T03:03:29.415388+00:00,12.12
s_third,2026-05-25T03:10:14.998596+00:00,8.56
s_third,2026-05-25T03:13:56.563824+00:00,21.41
s_third,2026-05-25T03:25:41.157333+00:00,10.91
s_third,2026-05-25T03:29:02.632083+00:00,-100.0
s_third,2026-05-25T03:36:31.420433+00:00,14.62
s_third,2026-05-25T03:40:34.673081+00:00,5.21
s_third,2026-05-25T03:50:22.111654+00:00,48.03
s_third,2026-05-25T03:56:47.524433+00:00,5.21
s_third,2026-05-25T04:10:11.475750+00:00,12.12
s_third,2026-05-25T04:15:55.909259+00:00,5.21
s_third,2026-05-25T04:21:00.743020+00:00,30.75
s_third,2026-05-25T04:30:04.523885+00:00,7.42
s_third,2026-05-25T04:36:10.379994+00:00,8.56
s_third,2026-05-25T04:41:15.706099+00:00,25.89
s_third,2026-05-25T04:44:57.198136+00:00,32.45
s_third,2026-05-25T04:56:00.506591+00:00,8.56
s_third,2026-05-25T05:06:05.812519+00:00,22.86
s_third,2026-05-25T05:11:11.939972+00:00,7.42
s_third,2026-05-25T05:13:12.929148+00:00,9.72
s_third,2026-05-25T05:18:14.652931+00:00,17.24
s_third,2026-05-25T05:26:20.489202+00:00,-100.0
s_third,2026-05-25T05:28:22.103623+00:00,8.56
s_third,2026-05-25T05:33:23.635669+00:00,5.21
s_third,2026-05-25T05:38:45.988717+00:00,5.21
s_third,2026-05-25T05:43:28.911187+00:00,5.21
s_third,2026-05-25T05:48:13.053242+00:00,-100.0
s_third,2026-05-25T05:53:37.735799+00:00,25.89
s_third,2026-05-25T06:01:45.006274+00:00,17.24
s_third,2026-05-25T06:11:34.439314+00:00,14.62
s_third,2026-05-25T06:13:35.679241+00:00,5.21
s_third,2026-05-25T06:25:02.147409+00:00,9.72
s_third,2026-05-25T06:29:05.753722+00:00,5.21
s_third,2026-05-25T06:34:07.957766+00:00,8.56
s_third,2026-05-25T07:10:33.154871+00:00,8.56
s_third,2026-05-25T07:26:20.372699+00:00,7.42
s_third,2026-05-25T07:36:47.549394+00:00,10.91
s_third,2026-05-25T07:42:11.415247+00:00,-100.0
s_third,2026-05-25T07:47:14.781471+00:00,8.56
s_third,2026-05-25T08:07:02.891444+00:00,9.72
s_third,2026-05-25T08:11:49.885998+00:00,-100.0
s_third,2026-05-25T08:12:30.520207+00:00,5.21
s_third,2026-05-25T08:54:59.585324+00:00,-100.0
s_third,2026-05-25T09:00:21.985834+00:00,12.12
s_third,2026-05-25T09:10:49.135229+00:00,7.42
s_third,2026-05-25T09:16:14.266056+00:00,7.42
s_third,2026-05-25T09:20:39.325636+00:00,24.36
s_third,2026-05-25T09:26:05.996515+00:00,5.21
s_third,2026-05-25T09:31:11.051794+00:00,-100.0
s_third,2026-05-25T09:35:53.289026+00:00,15.92
s_third,2026-05-25T09:42:16.718002+00:00,-100.0
s_third,2026-05-25T09:58:02.332236+00:00,7.42
s_third,2026-05-25T10:03:06.588088+00:00,8.56
s_third,2026-05-25T10:07:50.594854+00:00,24.36
s_third,2026-05-25T10:22:54.106095+00:00,6.3
s_third,2026-05-25T10:32:58.962881+00:00,8.56
s_third,2026-05-25T10:43:02.487335+00:00,10.91
s_third,2026-05-25T10:59:49.210859+00:00,21.41
s_third,2026-05-25T11:25:16.257115+00:00,5.21
s_third,2026-05-25T11:51:47.437713+00:00,5.21
s_third,2026-05-25T11:52:27.956290+00:00,18.6
s_third,2026-05-25T12:01:57.955051+00:00,5.21
s_third,2026-05-25T12:05:42.378875+00:00,12.12
s_third,2026-05-25T12:11:07.403904+00:00,5.21
s_third,2026-05-25T12:17:49.902954+00:00,5.21
s_third,2026-05-25T12:26:18.457870+00:00,10.91
s_third,2026-05-25T12:32:04.951747+00:00,8.56
s_third,2026-05-25T12:32:25.185671+00:00,-100.0
s_third,2026-05-25T12:37:08.257454+00:00,7.42
s_third,2026-05-25T12:41:51.388132+00:00,27.47
s_third,2026-05-25T12:52:55.257167+00:00,6.3
s_third,2026-05-25T12:57:38.139228+00:00,18.6
s_third,2026-05-25T13:08:00.983415+00:00,22.86
s_third,2026-05-25T13:13:02.660856+00:00,-100.0
s_third,2026-05-25T13:23:05.608300+00:00,-100.0
s_third,2026-05-25T13:28:27.738548+00:00,10.91
s_third,2026-05-25T13:38:31.289134+00:00,-100.0
s_third,2026-05-25T13:43:35.710123+00:00,-100.0
s_third,2026-05-25T13:48:39.916248+00:00,-100.0
s_third,2026-05-25T13:53:45.487908+00:00,29.09
s_third,2026-05-25T13:58:49.546668+00:00,-100.0
s_third,2026-05-25T14:07:13.595115+00:00,-100.0
s_third,2026-05-25T14:12:15.704987+00:00,37.87
s_third,2026-05-25T14:26:43.227488+00:00,39.79
s_third,2026-05-25T14:28:04.606082+00:00,-100.0
s_third,2026-05-25T14:35:56.986342+00:00,27.47
s_third,2026-05-25T14:37:18.106708+00:00,5.21
s_third,2026-05-25T15:50:04.577084+00:00,-100.0
s_third,2026-05-25T15:54:52.507957+00:00,9.72
s_third,2026-05-25T16:04:44.195503+00:00,37.87
s_third,2026-05-25T16:06:47.756504+00:00,14.62
s_third,2026-05-25T16:16:59.038013+00:00,32.45
s_third,2026-05-25T16:30:14.576993+00:00,22.86
s_third,2026-05-25T16:36:58.084062+00:00,-100.0
s_third,2026-05-25T17:47:14.392393+00:00,-100.0
s_third,2026-05-25T17:58:19.321463+00:00,10.91
s_third,2026-05-25T18:11:17.294006+00:00,43.78
s_third,2026-05-25T18:19:11.984220+00:00,-100.0
s_third,2026-05-25T18:33:43.347243+00:00,13.36
s_third,2026-05-25T18:38:29.433648+00:00,5.21
s_third,2026-05-25T18:43:39.021318+00:00,-100.0
s_third,2026-05-25T18:48:48.077753+00:00,39.79
s_third,2026-05-25T18:55:46.992879+00:00,15.92
s_third,2026-05-25T19:00:57.266874+00:00,15.92
s_third,2026-05-25T19:03:54.685865+00:00,87.13
s_third,2026-05-25T19:10:52.165373+00:00,5.21
s_third,2026-05-25T19:14:33.190074+00:00,-100.0
s_third,2026-05-25T19:21:53.998262+00:00,7.42
s_third,2026-05-25T19:26:39.433973+00:00,-100.0
s_third,2026-05-25T19:39:49.994945+00:00,19.98
s_third,2026-05-25T19:45:21.075304+00:00,25.89
s_third,2026-05-25T19:50:48.993774+00:00,57.37
s_third,2026-05-25T19:58:49.300837+00:00,-100.0
s_third,2026-05-25T20:04:19.354170+00:00,13.36
s_third,2026-05-25T20:09:04.929310+00:00,8.56
s_third,2026-05-25T20:24:22.428705+00:00,25.89
s_third,2026-05-25T20:29:30.809995+00:00,39.79
s_third,2026-05-25T20:34:40.143188+00:00,5.21
s_third,2026-05-25T20:39:26.754723+00:00,-100.0
s_third,2026-05-25T20:44:58.605729+00:00,5.21
s_third,2026-05-25T20:48:18.159964+00:00,7.42
s_third,2026-05-25T20:49:01.826358+00:00,5.21
s_third,2026-05-25T20:50:10.414290+00:00,6.3
s_third,2026-05-25T20:56:39.086169+00:00,68.03
s_third,2026-05-25T21:02:29.032451+00:00,68.03
s_third,2026-05-25T21:02:29.115168+00:00,83.64
s_third,2026-05-25T21:07:32.000637+00:00,5.21
s_third,2026-05-25T21:13:38.770020+00:00,9.72
s_third,2026-05-25T21:13:38.952049+00:00,8.56
s_third,2026-05-25T21:13:39.155696+00:00,10.91
s_third,2026-05-25T21:13:39.346420+00:00,8.56
s_third,2026-05-25T21:13:39.443328+00:00,8.56
s_third,2026-05-25T21:13:39.533742+00:00,7.42
s_third,2026-05-25T21:18:23.892788+00:00,13.36
s_third,2026-05-25T21:24:38.150170+00:00,9.72
s_third,2026-05-25T21:28:25.019759+00:00,12.12
s_third,2026-05-25T21:45:27.383430+00:00,6.3
s_third,2026-05-25T21:50:18.491433+00:00,-100.0
s_third,2026-05-25T21:54:45.051335+00:00,10.91
s_third,2026-05-25T22:05:19.239239+00:00,24.36
s_third,2026-05-25T22:10:10.235195+00:00,5.21
s_third,2026-05-25T22:16:37.185924+00:00,5.21
s_third,2026-05-25T22:25:32.710515+00:00,7.42
s_third,2026-05-25T22:30:22.755371+00:00,9.72
s_third,2026-05-25T22:35:30.633356+00:00,5.21
s_third,2026-05-25T22:45:42.681956+00:00,43.78
s_third,2026-05-25T22:50:31.993989+00:00,-100.0
s_third,2026-05-25T22:57:01.059858+00:00,5.21
s_third,2026-05-25T23:05:17.468473+00:00,7.42
s_third,2026-05-25T23:08:01.817942+00:00,8.56
s_third,2026-05-25T23:28:13.037409+00:00,5.21
s_third,2026-05-25T23:40:22.900210+00:00,5.21
s_third,2026-05-25T23:55:20.345972+00:00,7.42
s_third,2026-05-26T00:05:34.899854+00:00,-100.0
s_third,2026-05-26T00:08:38.321431+00:00,12.12
s_third,2026-05-26T00:15:08.364209+00:00,14.62
s_third,2026-05-26T00:25:45.521144+00:00,7.42
s_third,2026-05-26T00:31:38.395439+00:00,6.3
s_third,2026-05-26T00:31:59.184724+00:00,-100.0
s_third,2026-05-26T00:44:35.602144+00:00,6.3
s_third,2026-05-26T00:49:26.375959+00:00,5.21
s_third,2026-05-26T00:53:53.714154+00:00,-100.0
s_third,2026-05-26T01:04:03.532149+00:00,8.56
s_third,2026-05-26T01:15:32.521449+00:00,7.42
s_third,2026-05-26T01:25:45.076647+00:00,29.09
s_third,2026-05-26T01:30:38.091984+00:00,7.42
s_third,2026-05-26T01:33:23.782709+00:00,7.42
s_third,2026-05-26T01:38:34.744181+00:00,6.3
s_third,2026-05-26T01:43:39.739464+00:00,41.75
s_third,2026-05-26T01:59:33.896175+00:00,10.91
s_third,2026-05-26T02:08:07.867690+00:00,5.21
s_third,2026-05-26T02:15:15.149169+00:00,18.6
s_third,2026-05-26T02:23:26.017666+00:00,-100.0
s_third,2026-05-26T02:28:33.516257+00:00,5.21
s_third,2026-05-26T02:34:01.445751+00:00,37.87
s_third,2026-05-26T02:46:36.326254+00:00,-100.0
s_third,2026-05-26T02:46:56.587505+00:00,73.94
s_third,2026-05-26T02:52:00.504442+00:00,13.36
s_third,2026-05-26T02:57:04.907353+00:00,6.3
s_third,2026-05-26T03:02:12.139692+00:00,-100.0
s_third,2026-05-26T03:06:59.126885+00:00,39.79
s_third,2026-05-26T03:13:47.035794+00:00,-100.0
s_third,2026-05-26T03:18:15.362062+00:00,-100.0
s_third,2026-05-26T03:28:43.403201+00:00,24.36
s_third,2026-05-26T03:34:15.060208+00:00,-100.0
s_third,2026-05-26T03:38:39.885003+00:00,25.89
s_third,2026-05-26T03:44:08.032261+00:00,29.09
s_third,2026-05-26T03:49:16.020157+00:00,17.24
s_third,2026-05-26T04:09:13.697299+00:00,80.29
s_third,2026-05-26T04:19:47.149278+00:00,6.3
s_third,2026-05-26T04:24:15.769635+00:00,14.62
s_third,2026-05-26T04:30:46.447282+00:00,-100.0
s_third,2026-05-26T04:36:12.748277+00:00,17.24
s_third,2026-05-26T04:41:00.082734+00:00,94.52
s_third,2026-05-26T05:05:24.776010+00:00,-100.0
s_third,2026-05-26T05:09:54.295708+00:00,-100.0
s_third,2026-05-26T05:15:21.666317+00:00,25.89
s_third,2026-05-26T05:18:47.239106+00:00,54.92
s_third,2026-05-26T05:24:52.999387+00:00,14.62
s_third,2026-05-26T05:34:42.293335+00:00,12.12
s_third,2026-05-26T05:40:30.478595+00:00,37.87
s_third,2026-05-26T05:46:21.139060+00:00,6.3
s_third,2026-05-26T05:50:52.880746+00:00,15.92
s_third,2026-05-26T05:55:25.000882+00:00,5.21
s_third,2026-05-26T05:57:08.834320+00:00,7.42
s_third,2026-05-26T06:05:39.493977+00:00,7.42
s_third,2026-05-26T06:16:14.573800+00:00,5.21
s_third,2026-05-26T06:22:18.545162+00:00,-100.0
s_third,2026-05-26T06:29:50.699399+00:00,-100.0
s_third,2026-05-26T06:35:03.039994+00:00,15.92
s_third,2026-05-26T06:37:27.846390+00:00,-100.0
s_third,2026-05-26T06:50:04.693339+00:00,25.89
s_third,2026-05-26T06:55:32.596519+00:00,14.62
s_third,2026-05-26T07:10:31.123013+00:00,21.41
s_third,2026-05-26T07:15:46.643752+00:00,6.3
s_third,2026-05-26T07:20:39.485417+00:00,5.21
s_third,2026-05-26T07:22:23.465970+00:00,-100.0
s_third,2026-05-26T07:27:52.812651+00:00,9.72
s_third,2026-05-26T07:32:58.318706+00:00,39.79
s_third,2026-05-26T07:38:06.250178+00:00,8.56
s_third,2026-05-26T07:42:54.790347+00:00,22.86
s_third,2026-05-26T07:48:00.108173+00:00,9.72
s_third,2026-05-26T07:52:23.812752+00:00,5.21
s_third,2026-05-26T07:58:11.164260+00:00,17.24
s_third,2026-05-26T08:02:58.998488+00:00,6.3
s_third,2026-05-26T08:07:25.320028+00:00,-100.0
s_third,2026-05-26T08:13:11.529927+00:00,6.3
s_third,2026-05-26T08:18:38.276797+00:00,5.21
s_third,2026-05-26T08:23:27.738752+00:00,-100.0
s_third,2026-05-26T08:33:16.635772+00:00,17.24
s_third,2026-05-26T08:43:05.343007+00:00,7.42
s_third,2026-05-26T08:48:14.131912+00:00,22.86
s_third,2026-05-26T08:53:02.060084+00:00,5.21
s_third,2026-05-26T09:03:36.594674+00:00,17.24
s_third,2026-05-26T09:09:28.208465+00:00,36.02
s_third,2026-05-26T09:14:16.332452+00:00,9.72
s_third,2026-05-26T09:19:42.665003+00:00,5.21
s_third,2026-05-26T09:30:17.390934+00:00,5.21
s_third,2026-05-26T09:44:54.155149+00:00,7.42
s_third,2026-05-26T09:54:11.087130+00:00,15.92
s_third,2026-05-26T10:00:18.447358+00:00,21.41
s_third,2026-05-26T10:10:12.664380+00:00,5.21
s_third,2026-05-26T10:12:15.210864+00:00,15.92
s_third,2026-05-26T10:17:00.507390+00:00,6.3
s_third,2026-05-26T10:26:29.827647+00:00,5.21
s_third,2026-05-26T10:41:51.933462+00:00,-100.0
s_third,2026-05-26T10:42:53.371191+00:00,14.62
s_third,2026-05-26T10:47:59.691778+00:00,8.56
s_third,2026-05-26T10:51:43.789587+00:00,22.86
s_third,2026-05-26T10:57:53.085815+00:00,13.36
s_third,2026-05-26T11:02:58.522138+00:00,12.12
s_third,2026-05-26T11:07:43.057803+00:00,7.42
s_third,2026-05-26T11:13:33.323533+00:00,15.92
s_third,2026-05-26T11:17:40.846172+00:00,14.62
s_third,2026-05-26T11:22:24.707815+00:00,19.98
s_third,2026-05-26T11:28:12.969590+00:00,5.21
s_third,2026-05-26T11:39:24.870504+00:00,5.21
s_third,2026-05-26T11:43:32.510361+00:00,8.56
s_third,2026-05-26T11:53:41.627864+00:00,18.6
s_third,2026-05-26T12:04:58.526269+00:00,7.42
s_third,2026-05-26T12:10:26.598478+00:00,8.56
s_third,2026-05-26T12:20:18.982974+00:00,8.56
s_third,2026-05-26T12:25:30.985376+00:00,-100.0
s_third,2026-05-26T12:30:23.587969+00:00,5.21
s_third,2026-05-26T12:35:35.809994+00:00,-100.0
s_third,2026-05-26T12:40:22.358012+00:00,8.56
s_third,2026-05-26T12:50:37.231616+00:00,9.72
s_third,2026-05-26T12:55:29.225607+00:00,-100.0
s_third,2026-05-26T12:59:38.417763+00:00,-100.0
s_third,2026-05-26T13:05:50.156285+00:00,24.36
s_third,2026-05-26T13:09:56.797269+00:00,22.86
s_third,2026-05-26T13:25:35.994838+00:00,5.21
s_third,2026-05-26T13:31:30.095396+00:00,8.56
s_third,2026-05-26T13:41:09.844081+00:00,18.6
s_third,2026-05-26T13:46:39.101424+00:00,8.56
s_third,2026-05-26T13:51:24.127084+00:00,13.36
s_third,2026-05-26T14:00:42.325505+00:00,12.12
s_third,2026-05-26T14:03:06.064911+00:00,8.56
s_third,2026-05-26T14:07:37.498236+00:00,70.93
s_third,2026-05-26T14:13:04.050211+00:00,10.91
s_third,2026-05-26T14:21:17.403430+00:00,5.21
s_third,2026-05-26T14:25:43.166871+00:00,6.3
s_third,2026-05-26T14:50:29.777626+00:00,12.12
s_third,2026-05-26T14:52:12.286202+00:00,10.91
s_third,2026-05-26T15:01:15.393677+00:00,8.56
s_third,2026-05-26T15:07:02.027437+00:00,25.89
s_third,2026-05-26T15:14:32.971513+00:00,18.6
s_third,2026-05-26T15:19:40.023190+00:00,8.56
s_third,2026-05-26T15:24:28.477112+00:00,7.42
s_third,2026-05-26T15:35:05.404403+00:00,-100.0
s_third,2026-05-26T15:45:04.442428+00:00,65.23
s_third,2026-05-26T15:50:15.188041+00:00,6.3
s_third,2026-05-26T15:55:05.712675+00:00,8.56
s_third,2026-05-26T15:58:11.553145+00:00,7.42
s_third,2026-05-26T16:07:24.025894+00:00,21.41
s_third,2026-05-26T16:12:54.278185+00:00,15.92
s_third,2026-05-26T16:28:51.234066+00:00,19.98
s_third,2026-05-26T16:34:43.353046+00:00,-100.0
s_third,2026-05-26T16:38:27.346607+00:00,27.47
s_third,2026-05-26T16:45:17.883242+00:00,12.12
s_third,2026-05-26T16:46:42.333715+00:00,25.89
s_third,2026-05-26T16:52:10.693148+00:00,7.42
s_third,2026-05-26T16:58:42.093298+00:00,-100.0
s_third,2026-05-26T17:04:10.199549+00:00,21.41
s_third,2026-05-26T17:08:55.125008+00:00,24.36
s_third,2026-05-26T17:18:48.103369+00:00,7.42
s_third,2026-05-26T17:23:35.745481+00:00,8.56
s_third,2026-05-26T17:33:30.415430+00:00,14.62
s_third,2026-05-26T17:40:25.423055+00:00,9.72
s_third,2026-05-26T17:45:37.861217+00:00,5.21
s_third,2026-05-26T17:51:32.288404+00:00,22.86
s_third,2026-05-26T17:55:40.753948+00:00,25.89
s_third,2026-05-26T18:00:53.864786+00:00,6.3
s_third,2026-05-26T18:05:46.388851+00:00,9.72
s_third,2026-05-26T18:10:37.961035+00:00,37.87
s_third,2026-05-26T18:11:39.791674+00:00,10.91
s_third,2026-05-26T18:22:31.479990+00:00,6.3
s_third,2026-05-26T18:37:04.576279+00:00,21.41
s_third,2026-05-26T18:43:56.755334+00:00,13.36
s_third,2026-05-26T18:53:47.405598+00:00,9.72
s_third,2026-05-26T18:57:10.577172+00:00,-100.0
s_third,2026-05-26T19:04:04.639585+00:00,8.56
s_third,2026-05-26T19:08:09.439717+00:00,15.92
s_third,2026-05-26T19:12:34.240481+00:00,14.62
s_third,2026-05-26T19:22:45.904593+00:00,10.91
s_third,2026-05-26T19:32:54.384034+00:00,8.56
s_third,2026-05-26T19:37:59.140945+00:00,6.3
s_third,2026-05-26T19:44:05.761034+00:00,19.98
s_third,2026-05-26T19:53:58.794423+00:00,18.6
s_third,2026-05-26T20:04:32.549054+00:00,19.98
s_third,2026-05-26T20:15:30.640120+00:00,24.36
s_third,2026-05-26T20:20:38.888064+00:00,18.6
s_third,2026-05-26T20:25:52.531048+00:00,8.56
s_third,2026-05-26T20:30:42.816627+00:00,14.62
s_third,2026-05-26T20:36:13.582123+00:00,7.42
s_third,2026-05-26T20:41:48.461019+00:00,18.6
s_third,2026-05-26T20:46:19.249352+00:00,-100.0
s_third,2026-05-26T20:51:27.708197+00:00,8.56
s_third,2026-05-26T20:56:18.386438+00:00,12.12
s_third,2026-05-26T21:01:29.326296+00:00,68.03
s_third,2026-05-26T21:05:57.999955+00:00,18.6
s_third,2026-05-26T21:09:45.479841+00:00,15.92
s_third,2026-05-26T21:33:26.899782+00:00,6.3
s_third,2026-05-26T21:44:58.098599+00:00,90.75
s_third,2026-05-26T21:50:08.251440+00:00,-100.0
s_third,2026-05-26T21:55:18.297634+00:00,30.75
s_third,2026-05-26T22:00:32.129754+00:00,6.3
s_third,2026-05-26T22:05:22.182503+00:00,9.72
s_third,2026-05-26T22:10:28.270013+00:00,5.21
s_third,2026-05-26T22:21:05.688685+00:00,6.3
s_third,2026-05-26T22:26:13.459501+00:00,-100.0
s_third,2026-05-26T22:30:59.617365+00:00,9.72
s_third,2026-05-26T22:41:13.549315+00:00,8.56
s_third,2026-05-26T22:46:25.418721+00:00,19.98
s_third,2026-05-26T22:48:28.295070+00:00,14.62
s_third,2026-05-26T23:05:26.384908+00:00,29.09
s_third,2026-05-26T23:13:59.437678+00:00,-100.0
s_third,2026-05-26T23:19:04.455111+00:00,6.3
s_third,2026-05-26T23:26:37.806843+00:00,10.91
s_third,2026-05-26T23:27:39.922819+00:00,10.91
s_third,2026-05-26T23:44:50.835300+00:00,8.56
s_third,2026-05-27T00:10:10.282997+00:00,-100.0
s_third,2026-05-27T00:16:37.985251+00:00,13.36
s_third,2026-05-27T00:25:09.613096+00:00,14.62
s_third,2026-05-27T00:35:39.039967+00:00,22.86
s_third,2026-05-27T00:40:30.141630+00:00,5.21
s_third,2026-05-27T00:46:01.777527+00:00,25.89
s_third,2026-05-27T00:51:49.314727+00:00,5.21
s_third,2026-05-27T00:54:53.353877+00:00,-100.0
s_third,2026-05-27T01:05:26.883400+00:00,14.62
s_third,2026-05-27T01:11:02.684641+00:00,7.42
s_third,2026-05-27T01:16:12.284807+00:00,-100.0
s_third,2026-05-27T01:31:10.292197+00:00,22.86
s_third,2026-05-27T01:35:58.700385+00:00,15.92
s_third,2026-05-27T01:40:05.108276+00:00,52.55
s_third,2026-05-27T01:47:12.513397+00:00,-100.0
s_third,2026-05-27T02:02:45.587622+00:00,8.56
s_third,2026-05-27T02:09:15.983256+00:00,6.3
s_third,2026-05-27T02:18:01.098172+00:00,18.6
s_third,2026-05-27T02:22:48.303324+00:00,15.92
s_third,2026-05-27T02:27:52.590684+00:00,10.91
s_third,2026-05-27T02:33:38.224710+00:00,5.21
s_third,2026-05-27T02:38:03.294636+00:00,5.21
s_third,2026-05-27T02:43:53.109273+00:00,10.91
s_third,2026-05-27T02:48:59.025407+00:00,17.24
s_third,2026-05-27T02:59:07.982679+00:00,7.42
s_third,2026-05-27T03:02:52.978699+00:00,12.12
s_third,2026-05-27T03:09:01.272139+00:00,90.75
s_third,2026-05-27T03:14:07.329355+00:00,5.21
s_third,2026-05-27T03:20:43.528448+00:00,37.87
s_third,2026-05-27T03:23:51.010270+00:00,13.36
s_third,2026-05-27T03:30:42.184174+00:00,6.3
s_third,2026-05-27T03:41:38.776079+00:00,8.56
s_third,2026-05-27T03:47:02.913627+00:00,12.12
s_third,2026-05-27T03:52:30.625766+00:00,21.41
s_third,2026-05-27T03:58:18.485348+00:00,37.87
s_third,2026-05-27T04:05:08.408287+00:00,22.86
s_third,2026-05-27T04:12:15.745877+00:00,25.89
s_third,2026-05-27T04:18:04.145060+00:00,10.91
s_third,2026-05-27T04:28:17.586081+00:00,27.47
s_third,2026-05-27T04:43:11.149820+00:00,6.3
s_third,2026-05-27T04:49:01.043927+00:00,10.91
s_third,2026-05-27T04:58:09.598548+00:00,8.56
s_third,2026-05-27T05:08:39.647397+00:00,19.98
s_third,2026-05-27T05:19:10.977773+00:00,5.21
s_third,2026-05-27T05:30:40.437530+00:00,21.41
s_third,2026-05-27T05:40:53.882411+00:00,25.89
s_third,2026-05-27T05:49:05.580094+00:00,6.3
s_third,2026-05-27T05:51:49.661855+00:00,18.6
s_third,2026-05-27T05:59:56.718003+00:00,73.94
s_third,2026-05-27T06:02:39.721783+00:00,-100.0
s_third,2026-05-27T06:07:46.325729+00:00,8.56
s_third,2026-05-27T06:12:09.294911+00:00,17.24
s_third,2026-05-27T06:28:48.550184+00:00,17.24
s_third,2026-05-27T06:37:57.235853+00:00,-100.0
s_third,2026-05-27T06:44:05.884782+00:00,5.21
s_third,2026-05-27T06:50:33.714602+00:00,6.3
s_third,2026-05-27T06:51:54.873182+00:00,8.56
s_third,2026-05-27T07:00:31.257104+00:00,7.42
s_third,2026-05-27T07:05:44.136288+00:00,6.3
s_third,2026-05-27T07:11:25.545421+00:00,8.56
s_third,2026-05-27T07:16:35.083846+00:00,36.02
s_third,2026-05-27T07:27:42.048530+00:00,6.3
s_third,2026-05-27T07:28:23.611374+00:00,13.36
s_third,2026-05-27T07:44:45.905257+00:00,10.91
s_third,2026-05-27T07:57:10.655706+00:00,10.91
s_third,2026-05-27T08:01:22.199663+00:00,5.21
s_third,2026-05-27T08:07:14.104288+00:00,6.3
s_third,2026-05-27T08:21:04.516046+00:00,13.36
s_third,2026-05-27T08:24:08.294525+00:00,25.89
s_third,2026-05-27T08:39:02.064571+00:00,13.36
s_third,2026-05-27T08:46:18.621487+00:00,17.24
s_third,2026-05-27T08:50:53.622606+00:00,5.21
s_third,2026-05-27T09:02:04.435646+00:00,10.91
s_third,2026-05-27T09:14:51.375478+00:00,50.26
s_third,2026-05-27T09:21:35.436494+00:00,6.3
s_third,2026-05-27T09:23:39.568941+00:00,14.62
s_third,2026-05-27T09:33:44.636891+00:00,17.24
s_third,2026-05-27T09:43:39.936406+00:00,5.21
s_third,2026-05-27T09:45:06.345734+00:00,5.21
s_third,2026-05-27T09:52:34.904360+00:00,6.3
s_third,2026-05-27T10:23:17.203174+00:00,12.12
s_third,2026-05-27T10:27:21.229295+00:00,6.3
s_third,2026-05-27T10:33:14.089379+00:00,-100.0
s_third,2026-05-27T10:37:21.833124+00:00,27.47
s_third,2026-05-27T10:42:30.325335+00:00,-100.0
s_third,2026-05-27T10:48:15.914294+00:00,5.21
s_third,2026-05-27T11:04:48.831257+00:00,9.72
s_third,2026-05-27T11:10:08.112306+00:00,8.56
s_third,2026-05-27T11:24:35.425023+00:00,21.41
s_third,2026-05-27T11:30:04.525746+00:00,43.78
s_third,2026-05-27T11:35:11.045336+00:00,5.21
s_third,2026-05-27T11:45:40.545213+00:00,5.21
s_third,2026-05-27T11:56:55.377132+00:00,12.12
s_third,2026-05-27T12:06:44.158392+00:00,18.6
s_third,2026-05-27T12:20:24.626601+00:00,7.42
s_third,2026-05-27T12:25:15.840442+00:00,-100.0
s_third,2026-05-27T12:30:22.697433+00:00,7.42
s_third,2026-05-27T12:35:12.639243+00:00,7.42
s_third,2026-05-27T12:40:25.006531+00:00,9.72
s_third,2026-05-27T12:42:06.888791+00:00,5.21
s_third,2026-05-27T12:50:18.230245+00:00,5.21
s_third,2026-05-27T12:59:50.234935+00:00,15.92
s_third,2026-05-27T13:10:27.293152+00:00,-100.0
s_third,2026-05-27T13:16:24.318324+00:00,27.47
s_third,2026-05-27T13:20:33.234359+00:00,15.92
s_third,2026-05-27T13:21:55.087898+00:00,21.41
s_third,2026-05-27T13:37:09.201020+00:00,27.47
s_third,2026-05-27T13:45:57.248099+00:00,5.21
s_third,2026-05-27T13:52:13.772386+00:00,9.72
s_third,2026-05-27T13:56:20.867428+00:00,-100.0
s_third,2026-05-27T14:01:13.996344+00:00,5.21
s_third,2026-05-27T14:02:35.854040+00:00,12.12
s_third,2026-05-27T14:20:16.871010+00:00,73.94
s_third,2026-05-27T14:25:02.564538+00:00,17.24
s_third,2026-05-27T14:33:35.239209+00:00,15.92
s_third,2026-05-27T14:41:32.510442+00:00,15.92
s_third,2026-05-27T14:46:45.830187+00:00,18.6
s_third,2026-05-27T14:51:18.755271+00:00,5.21
s_third,2026-05-27T14:55:29.607248+00:00,-100.0
s_third,2026-05-27T15:01:42.565676+00:00,5.21
s_third,2026-05-27T15:02:24.527611+00:00,7.42
s_third,2026-05-27T15:11:36.922000+00:00,7.42
s_third,2026-05-27T15:16:23.437999+00:00,15.92
s_third,2026-05-27T15:21:53.428146+00:00,8.56
s_third,2026-05-27T15:23:56.916374+00:00,10.91
s_third,2026-05-27T15:27:01.379726+00:00,18.6
s_third,2026-05-27T15:33:11.578338+00:00,-100.0
s_third,2026-05-27T15:39:02.875497+00:00,7.42
s_third,2026-05-27T15:47:01.387779+00:00,5.21
s_third,2026-05-27T15:52:06.652908+00:00,5.21
s_third,2026-05-27T15:57:10.753641+00:00,5.21
s_third,2026-05-27T16:02:15.668768+00:00,17.24
s_third,2026-05-27T16:11:56.074500+00:00,-100.0
s_third,2026-05-27T16:12:17.146465+00:00,17.24
s_third,2026-05-27T16:30:46.499729+00:00,14.62
s_third,2026-05-27T16:37:10.374478+00:00,-100.0
s_third,2026-05-27T16:42:15.112544+00:00,34.21
s_third,2026-05-27T16:53:27.235487+00:00,13.36
s_third,2026-05-27T16:57:51.068048+00:00,8.56
s_third,2026-05-27T17:02:35.553225+00:00,32.45
s_third,2026-05-27T17:07:41.832768+00:00,43.78
s_third,2026-05-27T17:27:58.347137+00:00,5.21
s_third,2026-05-27T17:32:48.548630+00:00,5.21
s_third,2026-05-27T17:37:59.014706+00:00,6.3
s_third,2026-05-27T17:43:25.579455+00:00,41.75
s_third,2026-05-27T17:54:58.525771+00:00,34.21
s_third,2026-05-27T17:58:08.803641+00:00,7.42
s_third,2026-05-27T18:03:18.410350+00:00,6.3
s_third,2026-05-27T18:08:25.159715+00:00,7.42
s_third,2026-05-27T18:13:12.839214+00:00,-100.0
s_third,2026-05-27T18:18:23.227149+00:00,9.72
s_third,2026-05-27T18:23:32.287255+00:00,12.12
s_third,2026-05-27T18:30:19.291912+00:00,22.86
s_third,2026-05-27T18:38:23.629809+00:00,68.03
s_third,2026-05-27T18:44:34.217709+00:00,15.92
s_third,2026-05-27T18:48:38.694107+00:00,6.3
s_third,2026-05-27T18:58:48.781957+00:00,-100.0
s_third,2026-05-27T19:03:54.699267+00:00,14.62
s_third,2026-05-27T19:14:48.908641+00:00,30.75
s_third,2026-05-27T19:18:54.698059+00:00,22.86
s_third,2026-05-27T19:29:25.039443+00:00,17.24
s_third,2026-05-27T19:34:17.276574+00:00,24.36
s_third,2026-05-27T19:39:27.203604+00:00,10.91
s_third,2026-05-27T19:49:04.395210+00:00,6.3
s_third,2026-05-27T19:54:36.453062+00:00,-100.0
s_third,2026-05-27T19:59:44.295314+00:00,6.3
s_third,2026-05-27T20:14:38.890412+00:00,10.91
s_third,2026-05-27T20:19:04.757241+00:00,21.41
s_third,2026-05-27T20:24:32.955620+00:00,36.02
s_third,2026-05-27T20:29:46.021162+00:00,6.3
s_third,2026-05-27T20:35:20.509432+00:00,18.6
s_third,2026-05-27T20:39:50.980630+00:00,17.24
s_third,2026-05-27T20:45:17.941975+00:00,14.62
s_third,2026-05-27T20:55:10.492663+00:00,13.36
s_third,2026-05-27T21:00:00.639858+00:00,12.12
s_third,2026-05-27T21:05:30.171030+00:00,10.91
s_third,2026-05-27T21:10:23.243325+00:00,13.36
s_third,2026-05-27T21:15:07.046199+00:00,-100.0
s_third,2026-05-27T21:20:30.764690+00:00,-100.0
s_third,2026-05-27T21:35:45.137238+00:00,10.91
s_third,2026-05-27T21:40:54.111634+00:00,5.21
s_third,2026-05-27T21:46:03.584824+00:00,13.36
s_third,2026-05-27T21:52:29.522104+00:00,7.42
s_third,2026-05-27T22:00:44.317530+00:00,6.3
s_third,2026-05-27T22:05:50.627144+00:00,5.21
s_third,2026-05-27T22:11:00.900101+00:00,5.21
s_third,2026-05-27T22:16:08.680839+00:00,8.56
s_third,2026-05-27T22:26:21.673301+00:00,18.6
s_third,2026-05-27T22:31:47.707137+00:00,6.3
s_third,2026-05-27T22:36:36.796393+00:00,6.3
s_third,2026-05-27T22:41:45.081786+00:00,-100.0
s_third,2026-05-27T22:46:47.665752+00:00,9.72
s_third,2026-05-27T22:53:37.397717+00:00,6.3
s_third,2026-05-27T22:57:01.494627+00:00,6.3
s_third,2026-05-27T23:05:38.119863+00:00,22.86
s_third,2026-05-27T23:09:26.109243+00:00,15.92
s_third,2026-05-27T23:15:53.723293+00:00,21.41
s_third,2026-05-27T23:32:09.175449+00:00,13.36
s_third,2026-05-27T23:37:13.913427+00:00,12.12
s_third,2026-05-27T23:42:19.518265+00:00,54.92
s_third,2026-05-27T23:51:07.132959+00:00,87.13
s_third,2026-05-28T00:05:41.214239+00:00,7.42
s_third,2026-05-28T00:12:51.046764+00:00,10.91
s_third,2026-05-28T00:28:03.660417+00:00,-100.0
s_third,2026-05-28T00:33:10.953692+00:00,-100.0
s_third,2026-05-28T00:38:56.899354+00:00,21.41
s_third,2026-05-28T00:48:24.777490+00:00,50.26
s_third,2026-05-28T00:54:16.140313+00:00,15.92
s_third,2026-05-28T00:59:47.080795+00:00,-100.0
s_third,2026-05-28T01:04:33.727532+00:00,48.03
s_third,2026-05-28T01:09:20.225366+00:00,-100.0
s_third,2026-05-28T01:14:28.779432+00:00,25.89
s_third,2026-05-28T01:19:37.738092+00:00,25.89
s_third,2026-05-28T01:30:28.199388+00:00,10.91
s_third,2026-05-28T01:40:40.159798+00:00,8.56
s_third,2026-05-28T01:45:31.591284+00:00,18.6
s_third,2026-05-28T01:50:20.948584+00:00,13.36
s_third,2026-05-28T01:55:28.297615+00:00,5.21
s_third,2026-05-28T02:00:40.449408+00:00,19.98
s_third,2026-05-28T02:04:47.292435+00:00,15.92
s_third,2026-05-28T02:09:55.164892+00:00,37.87
s_third,2026-05-28T02:15:01.313011+00:00,22.86
s_third,2026-05-28T02:20:32.075938+00:00,14.62
s_third,2026-05-28T02:26:03.588678+00:00,10.91
s_third,2026-05-28T02:31:16.851660+00:00,5.21
s_third,2026-05-28T02:36:30.179908+00:00,21.41
s_third,2026-05-28T02:41:23.641220+00:00,-100.0
s_third,2026-05-28T02:46:58.420876+00:00,-100.0
s_third,2026-05-28T02:47:40.411962+00:00,57.37
s_third,2026-05-28T02:52:45.130154+00:00,17.24
s_third,2026-05-28T02:57:55.246256+00:00,12.12
s_third,2026-05-28T03:03:02.986154+00:00,24.36
s_third,2026-05-28T03:08:10.535855+00:00,-100.0
s_third,2026-05-28T03:13:18.870364+00:00,-100.0
s_third,2026-05-28T03:18:47.308983+00:00,13.36
s_third,2026-05-28T03:49:21.030496+00:00,9.72
s_third,2026-05-28T03:54:31.542252+00:00,-100.0
s_third,2026-05-28T04:02:05.321330+00:00,25.89
s_third,2026-05-28T04:14:54.200081+00:00,5.21
s_third,2026-05-28T04:25:12.887614+00:00,5.21
s_third,2026-05-28T04:30:00.791244+00:00,6.3
s_third,2026-05-28T04:40:14.475477+00:00,7.42
s_third,2026-05-28T04:45:22.681641+00:00,6.3
s_third,2026-05-28T04:50:48.303399+00:00,6.3
s_third,2026-05-28T05:01:09.948113+00:00,15.92
s_third,2026-05-28T05:02:10.849374+00:00,29.09
s_third,2026-05-28T05:07:17.788327+00:00,14.62
s_third,2026-05-28T05:12:05.716776+00:00,8.56
s_third,2026-05-28T05:17:13.826415+00:00,-100.0
s_third,2026-05-28T05:22:20.319225+00:00,36.02
s_third,2026-05-28T05:27:13.905300+00:00,22.86
s_third,2026-05-28T05:32:36.183324+00:00,-100.0
s_third,2026-05-28T05:37:41.327823+00:00,25.89
s_third,2026-05-28T05:47:51.411246+00:00,27.47
s_third,2026-05-28T05:52:39.330699+00:00,7.42
s_third,2026-05-28T05:58:46.152686+00:00,17.24
s_third,2026-05-28T06:03:14.157172+00:00,29.09
s_third,2026-05-28T06:09:23.268992+00:00,19.98
s_third,2026-05-28T06:14:13.616990+00:00,52.55
s_third,2026-05-28T06:16:57.991724+00:00,-100.0
s_third,2026-05-28T06:25:28.711433+00:00,-100.0
s_third,2026-05-28T06:30:20.513417+00:00,27.47
s_third,2026-05-28T06:35:34.235805+00:00,50.26
s_third,2026-05-28T06:41:08.039937+00:00,50.26
s_third,2026-05-28T06:45:58.401373+00:00,25.89
s_third,2026-05-28T06:51:06.340032+00:00,25.89
s_third,2026-05-28T07:11:30.301540+00:00,6.3
s_third,2026-05-28T07:30:31.130622+00:00,14.62
s_third,2026-05-28T07:35:38.615294+00:00,21.41
s_third,2026-05-28T07:46:35.524046+00:00,6.3
s_third,2026-05-28T07:47:56.845824+00:00,30.75
s_third,2026-05-28T07:51:44.068474+00:00,5.21
s_third,2026-05-28T07:58:14.931492+00:00,13.36
s_third,2026-05-28T08:03:21.911097+00:00,17.24
s_third,2026-05-28T08:14:34.384648+00:00,6.3
s_third,2026-05-28T08:20:03.328206+00:00,22.86
s_third,2026-05-28T08:25:32.971333+00:00,21.41
s_third,2026-05-28T08:35:47.710981+00:00,6.3
s_third,2026-05-28T08:40:33.484497+00:00,10.91
s_third,2026-05-28T08:46:03.825762+00:00,8.56
s_third,2026-05-28T08:51:15.321626+00:00,5.21
s_third,2026-05-28T08:56:01.949421+00:00,5.21
s_third,2026-05-28T09:05:36.010140+00:00,14.62
s_third,2026-05-28T09:11:26.403943+00:00,15.92
s_third,2026-05-28T09:12:47.887399+00:00,10.91
s_third,2026-05-28T09:17:36.538067+00:00,12.12
s_third,2026-05-28T09:22:40.945818+00:00,6.3
s_third,2026-05-28T09:28:28.877792+00:00,83.64
s_third,2026-05-28T09:43:58.136368+00:00,8.56
s_third,2026-05-28T09:49:03.955879+00:00,29.09
s_third,2026-05-28T09:54:08.321894+00:00,22.86
s_third,2026-05-28T10:09:01.396271+00:00,14.62
s_third,2026-05-28T10:14:29.237570+00:00,17.24
s_third,2026-05-28T10:19:37.395077+00:00,9.72
s_third,2026-05-28T10:24:46.296910+00:00,6.3
s_third,2026-05-28T10:51:25.373095+00:00,5.21
s_third,2026-05-28T10:56:08.018213+00:00,6.3
s_third,2026-05-28T11:06:19.797976+00:00,-100.0
s_third,2026-05-28T11:07:00.142728+00:00,7.42
s_third,2026-05-28T11:11:47.273333+00:00,9.72
s_third,2026-05-28T11:17:12.406382+00:00,8.56
s_third,2026-05-28T11:25:29.749434+00:00,-100.0
s_third,2026-05-28T11:27:33.316202+00:00,21.41
s_third,2026-05-28T11:38:21.237117+00:00,6.3
s_third,2026-05-28T11:48:50.367299+00:00,83.64
s_third,2026-05-28T11:52:55.669578+00:00,9.72
s_third,2026-05-28T11:58:42.385590+00:00,6.3
s_third,2026-05-28T12:03:49.566419+00:00,19.98
s_third,2026-05-28T12:13:56.699580+00:00,24.36
s_third,2026-05-28T12:24:07.027267+00:00,5.21
s_third,2026-05-28T12:28:52.519632+00:00,5.21
s_third,2026-05-28T12:44:49.339364+00:00,-100.0
s_third,2026-05-28T12:49:56.474220+00:00,10.91
s_third,2026-05-28T12:55:03.360743+00:00,15.92
s_third,2026-05-28T12:59:51.653172+00:00,9.72
s_third,2026-05-28T13:07:58.876170+00:00,5.21
s_third,2026-05-28T13:31:02.209288+00:00,7.42
s_third,2026-05-28T13:35:50.403677+00:00,10.91
s_third,2026-05-28T13:46:06.691473+00:00,5.21
s_third,2026-05-28T13:51:59.124259+00:00,21.41
s_third,2026-05-28T13:56:26.647981+00:00,5.21
s_third,2026-05-28T14:01:12.064139+00:00,6.3
s_third,2026-05-28T14:06:18.244775+00:00,12.12
s_third,2026-05-28T14:16:35.902542+00:00,5.21
s_third,2026-05-28T14:18:38.477988+00:00,36.02
s_third,2026-05-28T14:31:49.114666+00:00,6.3
s_third,2026-05-28T14:36:54.090147+00:00,-100.0
s_third,2026-05-28T14:52:02.015878+00:00,36.02
s_third,2026-05-28T14:52:23.211119+00:00,14.62
s_third,2026-05-28T15:02:53.240312+00:00,13.36
s_third,2026-05-28T15:08:42.005618+00:00,41.75
s_third,2026-05-28T15:13:08.273265+00:00,83.64
s_third,2026-05-28T15:19:18.874455+00:00,13.36
s_third,2026-05-28T15:25:09.891223+00:00,12.12
s_third,2026-05-28T15:28:34.954660+00:00,15.92
s_third,2026-05-28T15:33:39.961138+00:00,8.56
s_third,2026-05-28T15:45:09.090737+00:00,12.12
s_third,2026-05-28T15:49:13.055085+00:00,13.36
s_third,2026-05-28T15:54:19.950452+00:00,45.88
s_third,2026-05-28T16:13:56.281471+00:00,24.36
s_third,2026-05-28T16:13:56.476231+00:00,10.91
s_third,2026-05-28T16:25:44.245281+00:00,30.75
s_third,2026-05-28T16:30:51.129856+00:00,27.47
s_third,2026-05-28T16:35:39.600110+00:00,12.12
s_third,2026-05-28T16:40:50.353896+00:00,18.6
s_third,2026-05-28T16:46:25.144837+00:00,-100.0
s_third,2026-05-28T16:51:17.025316+00:00,7.42
s_third,2026-05-28T16:56:27.738232+00:00,41.75
s_third,2026-05-28T17:01:14.358270+00:00,5.21
s_third,2026-05-28T17:06:19.425099+00:00,22.86
s_third,2026-05-28T17:21:35.306888+00:00,-100.0
s_third,2026-05-28T17:22:57.424891+00:00,10.91
s_third,2026-05-28T17:28:03.510650+00:00,17.24
s_third,2026-05-28T17:33:10.160520+00:00,17.24
s_third,2026-05-28T17:38:15.680006+00:00,5.21
s_third,2026-05-28T17:43:23.340926+00:00,-100.0
s_third,2026-05-28T17:48:51.312883+00:00,21.41
s_third,2026-05-28T18:04:06.991965+00:00,8.56
s_third,2026-05-28T18:09:12.892871+00:00,5.21
s_third,2026-05-28T18:24:43.988358+00:00,-100.0
s_third,2026-05-28T18:34:56.694164+00:00,21.41
s_third,2026-05-28T18:39:44.702116+00:00,24.36
s_third,2026-05-28T18:44:52.118738+00:00,10.91
s_third,2026-05-28T18:55:01.067175+00:00,18.6
s_third,2026-05-28T19:00:09.147742+00:00,6.3
s_third,2026-05-28T19:05:16.741339+00:00,-100.0
s_third,2026-05-28T19:20:35.977620+00:00,13.36
s_third,2026-05-28T19:26:04.708297+00:00,-100.0
s_third,2026-05-28T19:31:31.871295+00:00,15.92
s_third,2026-05-28T19:36:21.301512+00:00,18.6
s_third,2026-05-28T19:41:27.120472+00:00,21.41
s_third,2026-05-28T19:56:41.901342+00:00,5.21
s_third,2026-05-28T19:57:02.737550+00:00,-100.0
s_third,2026-05-28T20:11:10.277154+00:00,15.92
s_third,2026-05-28T20:12:11.275373+00:00,10.91
s_third,2026-05-28T20:27:39.807149+00:00,6.3
s_third,2026-05-28T20:47:52.385208+00:00,18.6
s_third,2026-05-28T20:53:01.260875+00:00,13.36
s_third,2026-05-28T20:58:51.417676+00:00,22.86
s_third,2026-05-28T21:08:20.440379+00:00,70.93
s_third,2026-05-28T21:14:06.341156+00:00,8.56
s_third,2026-05-28T21:18:51.722850+00:00,37.87
s_third,2026-05-28T21:24:59.312990+00:00,-100.0
s_third,2026-05-28T21:30:05.257174+00:00,5.21
s_third,2026-05-28T21:40:15.273573+00:00,5.21
s_third,2026-05-28T21:46:01.189159+00:00,17.24
s_third,2026-05-28T21:55:36.723067+00:00,7.42
s_third,2026-05-28T22:01:23.527220+00:00,6.3
s_third,2026-05-28T22:11:41.855153+00:00,17.24
s_third,2026-05-28T22:16:13.357637+00:00,7.42
s_third,2026-05-28T22:16:54.511338+00:00,14.62
s_third,2026-05-28T22:22:20.235119+00:00,18.6
s_third,2026-05-28T22:37:12.483882+00:00,7.42
s_third,2026-05-28T22:47:00.738588+00:00,5.21
s_third,2026-05-28T22:55:54.846137+00:00,12.12
s_third,2026-05-28T22:57:16.408592+00:00,6.3
s_third,2026-05-28T23:05:29.027480+00:00,7.42
s_third,2026-05-28T23:10:15.601117+00:00,5.21
s_third,2026-05-28T23:12:38.882719+00:00,5.21
s_third,2026-05-28T23:31:23.116666+00:00,12.12
s_third,2026-05-28T23:36:49.863825+00:00,7.42
s_third,2026-05-28T23:39:35.549442+00:00,-100.0
s_third,2026-05-28T23:46:32.522686+00:00,6.3
s_third,2026-05-28T23:50:17.379390+00:00,-100.0
s_third,2026-05-29T00:11:34.280614+00:00,14.62
s_third,2026-05-29T00:15:39.356722+00:00,5.21
s_third,2026-05-29T00:19:43.641426+00:00,37.87
s_third,2026-05-29T00:26:32.685945+00:00,21.41
s_third,2026-05-29T00:31:44.147335+00:00,13.36
s_third,2026-05-29T00:36:13.904247+00:00,5.21
s_third,2026-05-29T00:41:24.245628+00:00,7.42
s_third,2026-05-29T00:46:12.905886+00:00,59.9
s_third,2026-05-29T00:51:22.391486+00:00,-100.0
s_third,2026-05-29T01:00:55.267120+00:00,7.42
s_third,2026-05-29T01:05:40.248189+00:00,17.24
s_third,2026-05-29T01:11:29.626788+00:00,8.56
s_third,2026-05-29T01:16:39.528227+00:00,25.89
s_third,2026-05-29T01:21:51.368339+00:00,7.42
s_third,2026-05-29T01:26:37.242521+00:00,-100.0
s_third,2026-05-29T01:36:59.115248+00:00,18.6
s_third,2026-05-29T01:36:59.278368+00:00,12.12
s_third,2026-05-29T01:42:26.496844+00:00,5.21
s_third,2026-05-29T01:47:29.208587+00:00,87.13
s_third,2026-05-29T01:52:56.625206+00:00,-100.0
s_third,2026-05-29T01:58:01.305029+00:00,6.3
s_third,2026-05-29T02:08:12.281201+00:00,62.52
s_third,2026-05-29T02:13:20.586587+00:00,-100.0
s_third,2026-05-29T02:34:21.375103+00:00,15.92
s_third,2026-05-29T02:39:27.902183+00:00,27.47
s_third,2026-05-29T02:45:17.406272+00:00,37.87
s_third,2026-05-29T02:55:51.168229+00:00,15.92
s_third,2026-05-29T03:01:02.152612+00:00,8.56
s_third,2026-05-29T03:10:09.789886+00:00,9.72
s_third,2026-05-29T03:22:41.651757+00:00,14.62
s_third,2026-05-29T03:28:10.506468+00:00,10.91
s_third,2026-05-29T03:38:20.775606+00:00,18.6
s_third,2026-05-29T03:48:49.622665+00:00,6.3
s_third,2026-05-29T03:58:58.441478+00:00,7.42
s_third,2026-05-29T04:08:48.109097+00:00,6.3
s_third,2026-05-29T04:19:16.176387+00:00,-100.0
s_third,2026-05-29T04:24:42.972759+00:00,13.36
s_third,2026-05-29T04:28:28.236366+00:00,8.56
s_third,2026-05-29T04:33:54.834284+00:00,12.12
s_third,2026-05-29T04:43:24.395112+00:00,7.42
s_third,2026-05-29T05:00:23.592251+00:00,-100.0
s_third,2026-05-29T05:05:09.979829+00:00,73.94
s_third,2026-05-29T05:10:56.667349+00:00,7.42
s_third,2026-05-29T05:16:04.337642+00:00,21.41
s_third,2026-05-29T05:20:54.001518+00:00,-100.0
s_third,2026-05-29T05:26:02.643430+00:00,-100.0
s_third,2026-05-29T05:36:12.341872+00:00,17.24
s_third,2026-05-29T06:12:34.472500+00:00,5.21
s_third,2026-05-29T06:17:39.413522+00:00,14.62
s_third,2026-05-29T06:32:30.616286+00:00,5.21
s_third,2026-05-29T06:37:58.971695+00:00,5.21
s_third,2026-05-29T06:43:25.930838+00:00,5.21
s_third,2026-05-29T06:58:37.879185+00:00,12.12
s_third,2026-05-29T07:08:49.898416+00:00,8.56
s_third,2026-05-29T07:13:55.550702+00:00,-100.0
s_third,2026-05-29T07:25:48.888073+00:00,-100.0
s_third,2026-05-29T07:28:54.909003+00:00,5.21
s_third,2026-05-29T07:34:44.036304+00:00,5.21
s_third,2026-05-29T07:44:59.135137+00:00,6.3
s_third,2026-05-29T07:50:06.595139+00:00,5.21
s_third,2026-05-29T07:59:55.998449+00:00,-100.0
s_third,2026-05-29T08:15:32.948901+00:00,15.92
s_third,2026-05-29T08:20:18.832469+00:00,-100.0
s_third,2026-05-29T08:35:32.740154+00:00,6.3
s_third,2026-05-29T08:40:39.997081+00:00,-100.0
s_third,2026-05-29T08:51:39.484229+00:00,-100.0
s_third,2026-05-29T08:56:10.168266+00:00,8.56
s_third,2026-05-29T09:01:45.401453+00:00,12.12
s_third,2026-05-29T09:02:05.963616+00:00,39.79
s_third,2026-05-29T09:07:10.751010+00:00,8.56
s_third,2026-05-29T09:13:17.046175+00:00,10.91
s_third,2026-05-29T09:23:46.480761+00:00,9.72
s_third,2026-05-29T09:28:35.740318+00:00,-100.0
s_third,2026-05-29T09:33:44.032155+00:00,-100.0
s_third,2026-05-29T09:39:12.580982+00:00,6.3
s_third,2026-05-29T09:49:05.043261+00:00,10.91
s_third,2026-05-29T09:54:53.616085+00:00,24.36
s_third,2026-05-29T10:04:09.117251+00:00,17.24
s_third,2026-05-29T10:10:22.002294+00:00,13.36
s_third,2026-05-29T10:16:09.886979+00:00,-100.0
s_third,2026-05-29T10:21:17.949378+00:00,9.72
s_third,2026-05-29T10:26:09.078206+00:00,9.72
s_third,2026-05-29T10:26:50.005799+00:00,34.21
s_third,2026-05-29T10:31:56.284164+00:00,9.72
s_third,2026-05-29T10:37:02.627900+00:00,12.12
s_third,2026-05-29T10:46:53.277000+00:00,6.3
s_third,2026-05-29T11:02:45.564122+00:00,-100.0
s_third,2026-05-29T11:08:31.941033+00:00,12.12
s_third,2026-05-29T11:13:18.516366+00:00,-100.0
s_third,2026-05-29T11:19:03.811931+00:00,7.42
s_third,2026-05-29T11:28:53.818989+00:00,17.24
s_third,2026-05-29T11:38:45.525075+00:00,-100.0
s_third,2026-05-29T11:49:34.377905+00:00,-100.0
s_third,2026-05-29T11:54:43.420416+00:00,-100.0
s_third,2026-05-29T11:59:10.050583+00:00,6.3
s_third,2026-05-29T12:04:56.837195+00:00,18.6
s_third,2026-05-29T13:47:55.653091+00:00,32.45
s_third,2026-05-29T13:53:37.732544+00:00,45.88
s_third,2026-05-29T14:04:23.706479+00:00,6.3
s_third,2026-05-29T14:09:10.139815+00:00,6.3
s_third,2026-05-29T14:20:05.465526+00:00,17.24
s_third,2026-05-29T14:25:17.345254+00:00,5.21
s_third,2026-05-29T14:30:10.855054+00:00,24.36
s_third,2026-05-29T14:35:21.822983+00:00,-100.0
s_third,2026-05-29T14:40:28.590893+00:00,30.75
s_third,2026-05-29T14:45:20.543390+00:00,5.21
s_third,2026-05-29T14:50:31.675168+00:00,30.75
s_third,2026-05-29T14:55:38.145153+00:00,6.3
s_third,2026-05-29T15:10:29.646757+00:00,5.21
s_third,2026-05-29T15:17:15.227962+00:00,9.72
s_third,2026-05-29T15:22:42.475098+00:00,5.21
s_third,2026-05-29T15:27:30.891520+00:00,17.24
s_third,2026-05-29T15:32:58.761650+00:00,70.93
s_third,2026-05-29T15:42:29.623053+00:00,34.21
s_third,2026-05-29T15:53:20.058523+00:00,30.75
s_third,2026-05-29T15:58:26.659152+00:00,5.21
s_third,2026-05-29T16:03:32.054145+00:00,14.62
s_third,2026-05-29T16:08:37.421750+00:00,18.6
s_third,2026-05-29T16:13:45.817473+00:00,13.36
s_third,2026-05-29T16:18:51.400470+00:00,8.56
s_third,2026-05-29T16:29:03.943687+00:00,21.41
s_third,2026-05-29T16:34:13.689089+00:00,24.36
s_third,2026-05-29T16:44:06.380932+00:00,17.24
s_third,2026-05-29T16:49:13.266125+00:00,5.21
s_third,2026-05-29T16:54:24.105458+00:00,21.41
s_third,2026-05-29T16:59:34.288276+00:00,-100.0
s_third,2026-05-29T17:04:24.267629+00:00,14.62
s_third,2026-05-29T17:09:33.364976+00:00,27.47
s_third,2026-05-29T17:14:19.636287+00:00,36.02
s_third,2026-05-29T17:20:09.039260+00:00,6.3
s_third,2026-05-29T17:25:20.189379+00:00,-100.0
s_third,2026-05-29T17:30:11.851689+00:00,34.21
s_third,2026-05-29T17:35:02.007849+00:00,18.6
s_third,2026-05-29T17:41:10.291551+00:00,15.92
s_third,2026-05-29T17:46:19.476178+00:00,18.6
s_third,2026-05-29T17:51:12.429475+00:00,9.72
s_third,2026-05-29T17:56:26.031717+00:00,6.3
s_third,2026-05-29T18:01:13.792163+00:00,27.47
s_third,2026-05-29T18:06:40.025405+00:00,-100.0
s_third,2026-05-29T18:08:42.172414+00:00,29.09
s_third,2026-05-29T18:12:26.374882+00:00,12.12
s_third,2026-05-29T18:17:11.069018+00:00,19.98
s_third,2026-05-29T18:27:20.715222+00:00,13.36
s_third,2026-05-29T18:32:47.905797+00:00,21.41
s_third,2026-05-29T18:42:20.945730+00:00,18.6
s_third,2026-05-29T18:42:41.689998+00:00,-100.0
s_third,2026-05-29T18:47:49.499378+00:00,17.24
s_third,2026-05-29T19:03:39.829876+00:00,17.24
s_third,2026-05-29T19:13:49.080979+00:00,7.42
s_third,2026-05-29T19:29:27.381133+00:00,30.75
s_third,2026-05-29T19:49:49.305706+00:00,19.98
s_third,2026-05-29T19:55:43.358683+00:00,21.41
s_third,2026-05-29T19:59:54.115361+00:00,9.72
s_third,2026-05-29T20:05:46.860652+00:00,5.21
s_third,2026-05-29T20:10:30.989235+00:00,30.75
s_third,2026-05-29T20:15:37.907904+00:00,25.89
s_third,2026-05-29T20:25:33.395044+00:00,10.91
s_third,2026-05-29T20:31:23.089306+00:00,5.21
s_third,2026-05-29T20:36:33.249201+00:00,9.72
s_third,2026-05-29T20:41:01.716142+00:00,10.91
s_third,2026-05-29T20:46:30.896010+00:00,9.72
s_third,2026-05-29T20:56:46.167118+00:00,19.98
s_third,2026-05-29T21:01:53.476637+00:00,6.3
s_third,2026-05-29T21:07:38.591405+00:00,24.36
s_third,2026-05-29T21:12:02.971682+00:00,5.21
s_third,2026-05-29T21:17:48.360865+00:00,12.12
s_third,2026-05-29T21:22:56.855960+00:00,9.72
s_third,2026-05-29T21:33:28.167537+00:00,5.21
s_third,2026-05-29T21:38:33.287019+00:00,6.3
s_third,2026-05-29T21:43:40.685219+00:00,18.6
s_third,2026-05-29T21:59:15.955782+00:00,19.98
s_third,2026-05-29T22:04:22.284819+00:00,-100.0
s_third,2026-05-29T22:09:27.634720+00:00,-100.0
s_third,2026-05-29T22:14:34.406352+00:00,14.62
s_third,2026-05-29T22:24:23.937486+00:00,12.12
s_third,2026-05-29T22:41:00.701859+00:00,-100.0
s_third,2026-05-29T22:46:07.951814+00:00,15.92
s_third,2026-05-29T22:56:01.304606+00:00,6.3
s_third,2026-05-29T23:01:11.352958+00:00,6.3
s_third,2026-05-29T23:06:21.536619+00:00,5.21
s_third,2026-05-29T23:10:48.853338+00:00,5.21
s_third,2026-05-29T23:15:37.638498+00:00,-100.0
s_third,2026-05-29T23:20:47.213532+00:00,32.45
s_third,2026-05-29T23:26:13.952345+00:00,19.98
s_third,2026-05-29T23:36:04.202116+00:00,13.36
s_third,2026-05-29T23:41:32.709691+00:00,70.93
s_third,2026-05-29T23:51:20.675879+00:00,21.41
s_third,2026-05-30T00:01:31.119738+00:00,36.02
s_third,2026-05-30T00:07:18.867481+00:00,9.72
s_third,2026-05-30T00:17:14.214271+00:00,39.79
s_third,2026-05-30T00:17:35.170816+00:00,27.47
s_third,2026-05-30T00:22:39.678602+00:00,-100.0
s_third,2026-05-30T00:37:31.411848+00:00,18.6
s_third,2026-05-30T00:43:36.576199+00:00,7.42
s_third,2026-05-30T00:59:32.025358+00:00,-100.0
s_third,2026-05-30T01:05:38.322760+00:00,-100.0
s_third,2026-05-30T01:10:44.153978+00:00,13.36
s_third,2026-05-30T01:15:47.734821+00:00,14.62
s_third,2026-05-30T01:22:14.202900+00:00,10.91
s_third,2026-05-30T01:31:04.453106+00:00,9.72
s_third,2026-05-30T01:43:55.577889+00:00,9.72
s_third,2026-05-30T01:48:42.213788+00:00,24.36
s_third,2026-05-30T01:53:47.669282+00:00,21.41
s_third,2026-05-30T02:00:01.301232+00:00,-100.0
s_third,2026-05-30T02:09:31.411443+00:00,5.21
s_third,2026-05-30T02:19:05.093724+00:00,15.92
s_third,2026-05-30T02:30:58.655146+00:00,39.79
s_third,2026-05-30T02:40:48.204025+00:00,24.36
s_third,2026-05-30T02:51:17.183850+00:00,13.36
s_third,2026-05-30T03:00:04.574970+00:00,15.92
s_third,2026-05-30T03:11:44.807270+00:00,-100.0
s_third,2026-05-30T03:12:05.210901+00:00,62.52
s_third,2026-05-30T03:17:12.746270+00:00,12.12
s_third,2026-05-30T03:25:04.598339+00:00,8.56
s_third,2026-05-30T03:27:48.790501+00:00,5.21
s_third,2026-05-30T03:32:56.400247+00:00,22.86
s_third,2026-05-30T03:37:44.666644+00:00,5.21
s_third,2026-05-30T03:43:14.268880+00:00,17.24
s_third,2026-05-30T03:53:21.396200+00:00,73.94
s_third,2026-05-30T03:58:29.781160+00:00,19.98
s_third,2026-05-30T04:03:19.403430+00:00,8.56
s_third,2026-05-30T04:08:24.532222+00:00,-100.0
s_third,2026-05-30T04:34:05.452696+00:00,5.21
s_third,2026-05-30T04:39:33.514967+00:00,14.62
s_third,2026-05-30T04:44:58.804508+00:00,94.52
s_third,2026-05-30T04:49:44.167956+00:00,62.52
s_third,2026-05-30T04:54:50.953023+00:00,54.92
s_third,2026-05-30T05:10:03.106880+00:00,70.93
s_third,2026-05-30T05:20:34.005988+00:00,48.03
s_third,2026-05-30T05:36:29.360301+00:00,-100.0
s_third,2026-05-30T05:46:37.085033+00:00,6.3
s_third,2026-05-30T05:57:09.607231+00:00,5.21
s_third,2026-05-30T05:57:09.752437+00:00,8.56
s_third,2026-05-30T06:12:23.070081+00:00,70.93
s_third,2026-05-30T06:27:34.201944+00:00,14.62
s_third,2026-05-30T06:49:33.568987+00:00,18.6
s_third,2026-05-30T06:54:43.378844+00:00,43.78
s_third,2026-05-30T06:59:12.214633+00:00,-100.0
s_third,2026-05-30T07:04:42.304833+00:00,9.72
s_third,2026-05-30T07:09:50.739300+00:00,8.56
s_third,2026-05-30T07:25:04.814774+00:00,57.37
s_third,2026-05-30T07:35:14.853307+00:00,9.72
s_third,2026-05-30T07:45:04.417443+00:00,5.21
s_third,2026-05-30T07:55:14.557652+00:00,25.89
s_third,2026-05-30T08:21:35.358901+00:00,-100.0
s_third,2026-05-30T08:27:18.599382+00:00,57.37
s_third,2026-05-30T09:04:22.579619+00:00,17.24
s_third,2026-05-30T09:09:30.517347+00:00,-100.0
s_third,2026-05-30T09:25:45.079921+00:00,-100.0
s_third,2026-05-30T09:35:34.708486+00:00,27.47
s_third,2026-05-30T10:01:14.341635+00:00,19.98
s_third,2026-05-30T10:11:26.848412+00:00,-100.0
s_third,2026-05-30T10:16:31.854991+00:00,52.55
s_third,2026-05-30T10:22:57.647239+00:00,80.29
s_third,2026-05-30T10:28:07.780600+00:00,-100.0
s_third,2026-05-30T10:33:15.591176+00:00,6.3
s_third,2026-05-30T10:48:06.618724+00:00,70.93
s_third,2026-05-30T11:04:43.121094+00:00,-100.0
s_third,2026-05-30T11:14:54.443349+00:00,7.42
s_third,2026-05-30T11:25:11.761885+00:00,80.29
s_third,2026-05-30T11:29:57.786983+00:00,-100.0
s_third,2026-05-30T11:34:42.925235+00:00,-100.0
s_third,2026-05-30T11:44:32.438263+00:00,6.3
s_third,2026-05-30T12:00:47.341496+00:00,-100.0
s_third,2026-05-30T12:31:28.600857+00:00,41.75
s_third,2026-05-30T12:32:29.599342+00:00,13.36
s_third,2026-05-30T12:37:33.281740+00:00,7.42
s_third,2026-05-30T12:52:46.934427+00:00,32.45
s_third,2026-05-30T13:03:13.169059+00:00,6.3
s_third,2026-05-30T13:08:18.276740+00:00,8.56
s_third,2026-05-30T13:13:03.927242+00:00,7.42
s_third,2026-05-30T13:28:32.260652+00:00,8.56
s_third,2026-05-30T13:49:26.043174+00:00,25.89
s_third,2026-05-30T13:54:32.596716+00:00,-100.0
s_third,2026-05-30T13:59:37.111350+00:00,5.21
s_third,2026-05-30T14:09:44.735674+00:00,19.98
s_third,2026-05-30T14:14:29.623620+00:00,14.62
s_third,2026-05-30T14:19:57.048406+00:00,-100.0
s_third,2026-05-30T14:25:03.267449+00:00,24.36
s_third,2026-05-30T14:30:12.154119+00:00,39.79
s_third,2026-05-30T14:34:59.086743+00:00,18.6
s_third,2026-05-30T14:40:09.002370+00:00,-100.0
s_third,2026-05-30T14:45:15.080923+00:00,-100.0
s_third,2026-05-30T14:55:33.523506+00:00,22.86
s_third,2026-05-30T15:01:42.207962+00:00,10.91
s_third,2026-05-30T15:11:12.699199+00:00,8.56
s_third,2026-05-30T15:16:58.221546+00:00,5.21
s_third,2026-05-30T15:27:08.293321+00:00,15.92
s_third,2026-05-30T15:32:33.032288+00:00,7.42
s_third,2026-05-30T15:37:39.607427+00:00,5.21
s_third,2026-05-30T15:42:47.034001+00:00,15.92
s_third,2026-05-30T15:52:56.112916+00:00,5.21
s_third,2026-05-30T15:58:02.004241+00:00,7.42
s_third,2026-05-30T16:02:50.163768+00:00,7.42
s_third,2026-05-30T16:07:58.706601+00:00,9.72
s_third,2026-05-30T16:13:03.826445+00:00,18.6
s_third,2026-05-30T16:23:03.174793+00:00,5.21
s_third,2026-05-30T16:23:03.341857+00:00,8.56
s_third,2026-05-30T16:38:55.167397+00:00,18.6
s_third,2026-05-30T16:44:22.216544+00:00,13.36
s_third,2026-05-30T16:49:32.902753+00:00,25.89
s_third,2026-05-30T16:54:00.583098+00:00,8.56
s_third,2026-05-30T17:29:44.623973+00:00,5.21
s_third,2026-05-30T17:34:52.059640+00:00,70.93
s_third,2026-05-30T17:45:41.211386+00:00,59.9
s_third,2026-05-30T17:50:26.995549+00:00,6.3
s_third,2026-05-30T17:55:11.512792+00:00,10.91
s_third,2026-05-30T18:15:48.175076+00:00,-100.0
s_third,2026-05-30T18:26:16.948948+00:00,5.21
s_third,2026-05-30T18:52:12.202490+00:00,10.91
s_third,2026-05-30T19:02:19.770939+00:00,12.12
s_third,2026-05-30T19:07:46.287518+00:00,14.62
s_third,2026-05-30T19:17:21.804129+00:00,8.56
s_third,2026-05-30T19:17:42.035140+00:00,5.21
s_third,2026-05-30T19:22:45.580260+00:00,7.42
s_third,2026-05-30T19:27:53.981846+00:00,6.3
s_third,2026-05-30T19:38:26.529171+00:00,30.75
s_third,2026-05-30T19:49:16.074275+00:00,8.56
s_third,2026-05-30T19:59:27.479509+00:00,6.3
s_third,2026-05-30T20:09:37.698854+00:00,15.92
s_third,2026-05-30T20:57:20.498712+00:00,5.21
s_third,2026-05-30T21:48:33.316948+00:00,-100.0
s_third,2026-05-30T21:53:40.370714+00:00,15.92
s_third,2026-05-30T22:09:55.562823+00:00,5.21
s_third,2026-05-30T22:14:00.052115+00:00,5.21
s_third,2026-05-30T22:26:33.207930+00:00,-100.0
s_third,2026-05-30T22:31:40.760618+00:00,-100.0
s_third,2026-05-30T22:43:32.919688+00:00,13.36
s_third,2026-05-30T22:49:00.574987+00:00,27.47
s_third,2026-05-30T22:53:04.165771+00:00,7.42
s_third,2026-05-30T23:01:50.178714+00:00,7.42
s_third,2026-05-30T23:16:11.098090+00:00,57.37
s_third,2026-05-30T23:20:59.713014+00:00,12.12
s_third,2026-05-30T23:22:20.946156+00:00,7.42
s_third,2026-05-30T23:26:48.027400+00:00,83.64
s_third,2026-05-30T23:32:14.280538+00:00,18.6
s_third,2026-05-30T23:37:01.177391+00:00,41.75
s_third,2026-05-30T23:42:05.741431+00:00,5.21
s_third,2026-05-30T23:57:34.961113+00:00,7.42
s_third,2026-05-31T00:07:43.881731+00:00,32.45
s_third,2026-05-31T00:18:53.925045+00:00,-100.0
s_third,2026-05-31T00:29:23.141888+00:00,13.36
s_third,2026-05-31T00:33:28.273777+00:00,-100.0
s_third,2026-05-31T00:41:18.903791+00:00,15.92
s_third,2026-05-31T00:42:40.533943+00:00,5.21
s_third,2026-05-31T00:52:49.511238+00:00,8.56
s_third,2026-05-31T00:58:13.531431+00:00,17.24
s_third,2026-05-31T01:07:21.595196+00:00,5.21
s_third,2026-05-31T01:18:10.366189+00:00,5.21
s_third,2026-05-31T01:28:58.827515+00:00,9.72
s_third,2026-05-31T01:48:16.537087+00:00,9.72
s_third,2026-05-31T01:58:46.416099+00:00,7.42
s_third,2026-05-31T02:09:14.578453+00:00,8.56
s_third,2026-05-31T02:12:36.880861+00:00,22.86
s_third,2026-05-31T02:22:23.418620+00:00,24.36
s_third,2026-05-31T02:28:51.745796+00:00,25.89
s_third,2026-05-31T02:39:01.552317+00:00,24.36
s_third,2026-05-31T02:58:55.169005+00:00,5.21
s_third,2026-05-31T03:09:45.101766+00:00,9.72
s_third,2026-05-31T03:19:35.919186+00:00,18.6
s_third,2026-05-31T03:24:44.758591+00:00,15.92
s_third,2026-05-31T03:30:10.988202+00:00,6.3
s_third,2026-05-31T03:40:03.528449+00:00,-100.0
s_third,2026-05-31T04:24:01.989983+00:00,94.52
s_third,2026-05-31T04:40:38.233507+00:00,29.09
s_third,2026-05-31T04:46:23.900896+00:00,14.62
s_third,2026-05-31T04:56:35.570242+00:00,-100.0
s_third,2026-05-31T05:08:46.130439+00:00,-100.0
s_third,2026-05-31T05:32:26.926962+00:00,77.05
s_third,2026-05-31T05:42:04.399644+00:00,36.02
s_third,2026-05-31T05:44:51.025759+00:00,10.91
s_third,2026-05-31T05:50:02.691815+00:00,8.56
s_third,2026-05-31T05:54:53.593992+00:00,30.75
s_third,2026-05-31T06:00:22.389179+00:00,32.45
s_third,2026-05-31T06:10:35.309037+00:00,21.41
s_third,2026-05-31T06:41:39.277792+00:00,6.3
s_third,2026-05-31T07:20:47.472790+00:00,7.42
s_third,2026-05-31T07:31:25.532149+00:00,9.72
s_third,2026-05-31T07:36:35.868734+00:00,-100.0
s_third,2026-05-31T07:36:56.432328+00:00,32.45
s_third,2026-05-31T07:46:48.759029+00:00,27.47
s_third,2026-05-31T07:51:55.652369+00:00,21.41
s_third,2026-05-31T07:52:16.546596+00:00,7.42
s_third,2026-05-31T07:57:20.179406+00:00,10.91
s_third,2026-05-31T08:02:47.557317+00:00,9.72
s_third,2026-05-31T08:07:52.011269+00:00,5.21
s_third,2026-05-31T08:14:02.645814+00:00,10.91
s_third,2026-05-31T08:23:51.334223+00:00,5.21
s_third,2026-05-31T08:28:35.381602+00:00,13.36
s_third,2026-05-31T08:39:06.374354+00:00,15.92
s_third,2026-05-31T08:48:39.016669+00:00,25.89
s_third,2026-05-31T08:54:06.975471+00:00,19.98
s_third,2026-05-31T09:10:07.291218+00:00,6.3
s_third,2026-05-31T09:14:52.380284+00:00,6.3
s_third,2026-05-31T09:30:05.015079+00:00,12.12
s_third,2026-05-31T09:50:59.612966+00:00,83.64
s_third,2026-05-31T09:56:24.206765+00:00,8.56
s_third,2026-05-31T10:11:39.708365+00:00,-100.0
s_third,2026-05-31T10:21:48.864628+00:00,59.9
s_third,2026-05-31T10:31:46.374137+00:00,22.86
s_third,2026-05-31T10:32:27.545965+00:00,27.47
s_third,2026-05-31T10:37:11.507467+00:00,37.87
s_third,2026-05-31T10:47:43.424382+00:00,-100.0
s_third,2026-05-31T10:52:50.663020+00:00,12.12
s_third,2026-05-31T10:57:56.212325+00:00,9.72
s_third,2026-05-31T11:03:01.152224+00:00,9.72
s_third,2026-05-31T11:07:47.202528+00:00,5.21
s_third,2026-05-31T11:38:52.878977+00:00,22.86
s_third,2026-05-31T11:43:59.053097+00:00,5.21
s_third,2026-05-31T11:54:31.472090+00:00,34.21
s_third,2026-05-31T12:04:42.708940+00:00,-100.0
s_third,2026-05-31T12:10:11.318112+00:00,6.3
s_third,2026-05-31T12:15:16.142209+00:00,12.12
s_third,2026-05-31T12:25:47.902527+00:00,5.21
s_third,2026-05-31T12:30:34.716753+00:00,5.21
s_third,2026-05-31T12:45:48.487361+00:00,6.3
s_third,2026-05-31T12:50:35.088346+00:00,6.3
s_third,2026-05-31T12:56:01.941017+00:00,5.21
s_third,2026-05-31T13:01:47.266798+00:00,8.56
s_third,2026-05-31T13:12:53.862341+00:00,5.21
s_third,2026-05-31T13:16:57.878890+00:00,7.42
s_third,2026-05-31T13:32:33.224698+00:00,12.12
s_third,2026-05-31T13:43:23.810234+00:00,8.56
s_third,2026-05-31T13:58:57.054014+00:00,-100.0
s_third,2026-05-31T14:14:07.369937+00:00,8.56
s_third,2026-05-31T14:17:52.867304+00:00,5.21
s_third,2026-05-31T14:23:21.302349+00:00,30.75
s_third,2026-05-31T14:29:09.704261+00:00,7.42
s_third,2026-05-31T14:32:54.517100+00:00,9.72
s_third,2026-05-31T14:39:20.627730+00:00,7.42
s_third,2026-05-31T14:44:30.326040+00:00,-100.0
s_third,2026-05-31T14:49:16.747287+00:00,13.36
s_third,2026-05-31T14:59:26.251745+00:00,13.36
s_third,2026-05-31T15:04:13.277406+00:00,5.21
s_third,2026-05-31T15:09:19.271135+00:00,18.6
s_third,2026-05-31T15:14:25.300491+00:00,12.12
s_third,2026-05-31T15:19:10.547065+00:00,8.56
s_third,2026-05-31T15:29:38.606825+00:00,52.55
s_third,2026-05-31T15:40:14.924650+00:00,68.03
s_third,2026-05-31T15:45:25.961080+00:00,8.56
s_third,2026-05-31T15:50:36.057391+00:00,18.6
s_third,2026-05-31T15:56:01.155987+00:00,5.21
s_third,2026-05-31T16:01:05.397103+00:00,37.87
s_third,2026-05-31T16:10:34.625872+00:00,9.72
s_third,2026-05-31T16:11:55.313625+00:00,5.21
s_third,2026-05-31T16:21:09.032722+00:00,7.42
s_third,2026-05-31T16:26:56.380268+00:00,27.47
s_third,2026-05-31T16:37:09.345913+00:00,5.21
s_third,2026-05-31T16:42:14.463773+00:00,6.3
s_third,2026-05-31T16:51:33.500537+00:00,9.72
s_third,2026-05-31T16:52:15.497758+00:00,13.36
s_third,2026-05-31T16:57:21.174379+00:00,5.21
s_third,2026-05-31T17:07:50.239923+00:00,5.21
s_third,2026-05-31T17:12:54.878753+00:00,7.42
s_third,2026-05-31T17:23:02.883729+00:00,13.36
s_third,2026-05-31T17:28:50.556929+00:00,13.36
s_third,2026-05-31T17:33:57.272889+00:00,8.56
s_third,2026-05-31T17:44:07.858930+00:00,7.42
s_third,2026-05-31T17:49:16.669234+00:00,-100.0
s_third,2026-05-31T17:54:25.351092+00:00,5.21
s_third,2026-05-31T18:10:03.283016+00:00,15.92
s_third,2026-05-31T18:15:09.252115+00:00,-100.0
s_third,2026-05-31T18:20:37.667145+00:00,45.88
s_third,2026-05-31T18:25:24.886502+00:00,-100.0
s_third,2026-05-31T18:35:34.573109+00:00,-100.0
s_third,2026-05-31T18:40:39.595809+00:00,5.21
s_third,2026-05-31T18:50:31.198027+00:00,43.78
s_third,2026-05-31T19:05:44.053549+00:00,-100.0
s_third,2026-05-31T19:10:28.082996+00:00,-100.0
s_third,2026-05-31T19:25:42.079954+00:00,7.42
s_third,2026-05-31T19:30:49.463902+00:00,65.23
s_third,2026-05-31T19:40:44.178964+00:00,24.36
s_third,2026-05-31T19:42:05.699544+00:00,24.36
s_third,2026-05-31T20:02:18.562929+00:00,9.72
s_third,2026-05-31T20:12:04.731283+00:00,5.21
s_third,2026-05-31T20:17:13.196039+00:00,-100.0
s_third,2026-05-31T20:22:17.705983+00:00,6.3
s_third,2026-05-31T20:27:24.601070+00:00,-100.0
s_third,2026-05-31T20:38:12.653347+00:00,-100.0
s_third,2026-05-31T20:43:17.357211+00:00,-100.0
s_third,2026-05-31T20:58:49.861070+00:00,30.75
s_third,2026-05-31T21:04:15.652426+00:00,29.09
s_third,2026-05-31T21:09:04.963036+00:00,-100.0
s_third,2026-05-31T21:14:12.283346+00:00,29.09
s_third,2026-05-31T21:19:21.920703+00:00,6.3
s_third,2026-05-31T21:24:06.504891+00:00,-100.0
s_third,2026-05-31T21:34:58.746640+00:00,5.21
s_third,2026-05-31T21:50:11.180109+00:00,30.75
s_third,2026-05-31T22:00:03.639073+00:00,-100.0
s_third,2026-05-31T22:05:10.746348+00:00,12.12
s_third,2026-05-31T22:16:01.097395+00:00,12.12
s_third,2026-05-31T22:21:10.017609+00:00,5.21
s_third,2026-05-31T22:26:01.725031+00:00,19.98
s_third,2026-05-31T22:31:11.691131+00:00,5.21
s_third,2026-05-31T22:36:18.214461+00:00,6.3
s_third,2026-05-31T22:41:43.935862+00:00,7.42
s_third,2026-05-31T23:02:22.551953+00:00,-100.0
s_third,2026-05-31T23:13:55.274735+00:00,10.91
s_third,2026-05-31T23:18:42.291290+00:00,8.56
s_third,2026-05-31T23:33:13.631520+00:00,5.21
s_third,2026-05-31T23:48:07.317010+00:00,17.24
s_third,2026-05-31T23:53:33.418748+00:00,6.3
s_third,2026-05-31T23:58:18.116176+00:00,8.56
s_third,2026-06-01T00:03:44.917001+00:00,-100.0
s_third,2026-06-01T00:14:17.293017+00:00,6.3
s_third,2026-06-01T00:19:27.104475+00:00,-100.0
s_third,2026-06-01T00:24:14.868470+00:00,10.91
s_third,2026-06-01T00:29:00.859282+00:00,12.12
s_third,2026-06-01T00:39:13.355464+00:00,7.42
s_third,2026-06-01T00:44:42.989822+00:00,10.91
s_third,2026-06-01T00:50:09.921024+00:00,7.42
s_third,2026-06-01T00:55:16.218159+00:00,8.56
s_third,2026-06-01T01:00:04.812402+00:00,-100.0
s_third,2026-06-01T01:05:16.812701+00:00,6.3
s_third,2026-06-01T01:10:26.952170+00:00,8.56
s_third,2026-06-01T01:16:19.207887+00:00,8.56
s_third,2026-06-01T01:21:26.466684+00:00,-100.0
s_third,2026-06-01T01:26:14.009779+00:00,9.72
s_third,2026-06-01T01:31:20.643944+00:00,27.47
s_third,2026-06-01T01:36:06.431957+00:00,-100.0
s_third,2026-06-01T01:52:10.119394+00:00,6.3
s_third,2026-06-01T01:52:31.448639+00:00,18.6
s_third,2026-06-01T02:02:22.310598+00:00,15.92
s_third,2026-06-01T02:07:26.144989+00:00,22.86
s_third,2026-06-01T02:18:13.997080+00:00,6.3
s_third,2026-06-01T02:23:22.173466+00:00,13.36
s_third,2026-06-01T02:28:08.467497+00:00,7.42
s_third,2026-06-01T02:39:40.091350+00:00,19.98
s_third,2026-06-01T02:44:45.024850+00:00,18.6
s_third,2026-06-01T02:55:37.356692+00:00,7.42
s_third,2026-06-01T03:05:26.458600+00:00,-100.0
s_third,2026-06-01T03:21:27.942140+00:00,5.21
s_third,2026-06-01T03:26:38.839980+00:00,-100.0
s_third,2026-06-01T03:26:59.083943+00:00,9.72
s_third,2026-06-01T03:36:33.103300+00:00,8.56
s_third,2026-06-01T03:36:53.781425+00:00,10.91
s_third,2026-06-01T03:42:00.560983+00:00,12.12
s_third,2026-06-01T03:51:57.146290+00:00,5.21
s_third,2026-06-01T03:52:17.895020+00:00,6.3
s_third,2026-06-01T04:01:51.246888+00:00,6.3
s_third,2026-06-01T04:07:15.185946+00:00,5.21
s_third,2026-06-01T04:23:54.073832+00:00,34.21
s_third,2026-06-01T04:28:42.365239+00:00,10.91
s_third,2026-06-01T04:33:50.464461+00:00,34.21
s_third,2026-06-01T04:38:16.222829+00:00,8.56
s_third,2026-06-01T04:43:20.928658+00:00,27.47
s_third,2026-06-01T04:50:31.896804+00:00,24.36
s_third,2026-06-01T04:55:20.012096+00:00,10.91
s_third,2026-06-01T05:00:26.727911+00:00,5.21
s_third,2026-06-01T05:05:11.796069+00:00,7.42
s_third,2026-06-01T05:11:01.205606+00:00,12.12
s_third,2026-06-01T05:16:49.165815+00:00,7.42
s_third,2026-06-01T05:26:45.834767+00:00,8.56
s_third,2026-06-01T05:27:47.797686+00:00,-100.0
s_third,2026-06-01T05:37:36.233266+00:00,5.21
s_third,2026-06-01T05:42:42.277812+00:00,17.24
s_third,2026-06-01T05:48:08.113641+00:00,5.21
s_third,2026-06-01T05:53:13.015656+00:00,-100.0
s_third,2026-06-01T06:03:44.919636+00:00,7.42
s_third,2026-06-01T06:08:53.264269+00:00,15.92
s_third,2026-06-01T06:14:01.166025+00:00,25.89
s_third,2026-06-01T06:19:26.398302+00:00,5.21
s_third,2026-06-01T06:24:15.768699+00:00,48.03
s_third,2026-06-01T06:29:26.321183+00:00,14.62
s_third,2026-06-01T06:34:14.482850+00:00,37.87
s_third,2026-06-01T06:39:04.172678+00:00,7.42
s_third,2026-06-01T06:44:32.909671+00:00,8.56
s_third,2026-06-01T06:54:21.753623+00:00,10.91
s_third,2026-06-01T06:59:52.165786+00:00,5.21
s_third,2026-06-01T07:09:21.377548+00:00,5.21
s_third,2026-06-01T07:20:35.408017+00:00,6.3
s_third,2026-06-01T07:25:07.777076+00:00,-100.0
s_third,2026-06-01T07:29:57.018733+00:00,6.3
s_third,2026-06-01T07:40:31.716353+00:00,14.62
s_third,2026-06-01T07:45:16.413842+00:00,6.3
s_third,2026-06-01T08:00:30.147791+00:00,5.21
s_third,2026-06-01T08:02:35.067672+00:00,21.41
s_third,2026-06-01T08:11:27.519234+00:00,10.91
s_third,2026-06-01T08:11:48.626359+00:00,18.6
s_third,2026-06-01T08:21:43.219324+00:00,5.21
s_third,2026-06-01T08:22:24.093685+00:00,-100.0
s_third,2026-06-01T08:26:48.627642+00:00,18.6
s_third,2026-06-01T08:32:16.272223+00:00,45.88
s_third,2026-06-01T08:38:05.778736+00:00,-100.0
s_third,2026-06-01T08:43:10.165333+00:00,9.72
s_third,2026-06-01T08:55:02.068902+00:00,6.3
s_third,2026-06-01T09:15:18.318362+00:00,8.56
s_third,2026-06-01T09:19:44.642293+00:00,14.62
s_third,2026-06-01T09:34:57.718735+00:00,5.21
s_third,2026-06-01T09:45:56.274854+00:00,12.12
s_third,2026-06-01T09:50:42.364774+00:00,7.42
s_third,2026-06-01T10:00:55.353322+00:00,5.21
s_third,2026-06-01T10:11:11.203688+00:00,5.21
s_third,2026-06-01T10:16:20.804950+00:00,6.3
s_third,2026-06-01T10:17:22.679091+00:00,5.21
s_third,2026-06-01T10:22:10.701162+00:00,13.36
s_third,2026-06-01T10:27:18.200945+00:00,18.6
s_third,2026-06-01T10:37:49.799160+00:00,24.36
s_third,2026-06-01T10:43:38.593651+00:00,-100.0
s_third,2026-06-01T10:48:42.975809+00:00,6.3
s_third,2026-06-01T10:54:08.468344+00:00,10.91
s_third,2026-06-01T10:58:54.072359+00:00,12.12
s_third,2026-06-01T11:04:45.295765+00:00,22.86
s_third,2026-06-01T11:09:56.077457+00:00,36.02
s_third,2026-06-01T11:15:06.784753+00:00,-100.0
s_third,2026-06-01T11:18:52.440114+00:00,5.21
s_third,2026-06-01T11:24:00.661827+00:00,9.72
s_third,2026-06-01T11:30:29.016940+00:00,45.88
s_third,2026-06-01T11:40:04.427050+00:00,9.72
s_third,2026-06-01T11:46:09.773263+00:00,24.36
s_third,2026-06-01T11:56:18.339333+00:00,7.42
s_third,2026-06-01T12:21:33.559361+00:00,13.36
s_third,2026-06-01T12:22:56.297346+00:00,10.91
s_third,2026-06-01T12:27:41.505695+00:00,6.3
s_third,2026-06-01T12:33:28.562020+00:00,5.21
s_third,2026-06-01T12:37:32.661629+00:00,15.92
s_third,2026-06-01T12:42:56.812054+00:00,7.42
s_third,2026-06-01T12:48:06.897019+00:00,7.42
s_third,2026-06-01T12:59:17.093822+00:00,-100.0
s_third,2026-06-01T13:14:35.926251+00:00,14.62
s_third,2026-06-01T13:20:07.728379+00:00,5.21
s_third,2026-06-01T13:24:56.396751+00:00,6.3
s_third,2026-06-01T13:30:06.468039+00:00,48.03
s_third,2026-06-01T13:35:12.933346+00:00,32.45
s_third,2026-06-01T13:40:01.540817+00:00,12.12
s_third,2026-06-01T13:45:12.166852+00:00,27.47
s_third,2026-06-01T13:50:21.826497+00:00,10.91
s_third,2026-06-01T13:55:28.088115+00:00,6.3
s_third,2026-06-01T14:00:39.234076+00:00,41.75
s_third,2026-06-01T14:05:23.387855+00:00,37.87
s_third,2026-06-01T14:10:50.726422+00:00,5.21
s_third,2026-06-01T14:21:05.960656+00:00,7.42
s_third,2026-06-01T14:25:54.547457+00:00,10.91
s_third,2026-06-01T14:31:42.513491+00:00,8.56
s_third,2026-06-01T14:36:35.143028+00:00,9.72
s_third,2026-06-01T14:36:56.214418+00:00,70.93
s_third,2026-06-01T14:46:34.291984+00:00,17.24
s_third,2026-06-01T14:51:46.449916+00:00,-100.0
s_third,2026-06-01T14:51:46.541659+00:00,29.09
s_third,2026-06-01T14:56:53.271664+00:00,12.12
s_third,2026-06-01T15:01:57.327360+00:00,10.91
s_third,2026-06-01T15:07:04.207968+00:00,6.3
s_third,2026-06-01T15:12:30.672509+00:00,-100.0
s_third,2026-06-01T15:17:16.725572+00:00,18.6
s_third,2026-06-01T15:27:26.940021+00:00,21.41
s_third,2026-06-01T15:31:52.437038+00:00,24.36
s_third,2026-06-01T15:43:23.230792+00:00,5.21
s_third,2026-06-01T15:48:31.306056+00:00,24.36
s_third,2026-06-01T16:00:27.724207+00:00,5.21
s_third,2026-06-01T16:03:50.436407+00:00,21.41
s_third,2026-06-01T16:19:08.590411+00:00,7.42
s_third,2026-06-01T16:24:53.974402+00:00,29.09
s_third,2026-06-01T16:30:00.625573+00:00,36.02
s_third,2026-06-01T16:39:53.715424+00:00,10.91
s_third,2026-06-01T16:45:00.199965+00:00,37.87
s_third,2026-06-01T16:55:11.335576+00:00,6.3
s_third,2026-06-01T16:59:56.835316+00:00,17.24
s_third,2026-06-01T17:11:13.429588+00:00,-100.0
s_third,2026-06-01T17:16:03.808289+00:00,24.36
s_third,2026-06-01T17:21:13.190987+00:00,9.72
s_third,2026-06-01T17:26:02.581726+00:00,9.72
s_third,2026-06-01T17:31:08.248054+00:00,36.02
s_third,2026-06-01T17:36:14.193705+00:00,6.3
s_third,2026-06-01T17:46:04.069252+00:00,6.3
s_third,2026-06-01T17:51:11.089982+00:00,83.64
s_third,2026-06-01T18:01:09.270689+00:00,10.91
s_third,2026-06-01T18:11:08.838212+00:00,5.21
s_third,2026-06-01T18:16:17.067685+00:00,6.3
s_third,2026-06-01T18:26:14.107249+00:00,5.21
s_third,2026-06-01T18:31:17.749942+00:00,24.36
s_third,2026-06-01T18:47:51.736995+00:00,36.02
s_third,2026-06-01T18:58:40.638176+00:00,9.72
s_third,2026-06-01T19:03:29.331545+00:00,6.3
s_third,2026-06-01T19:08:37.445945+00:00,34.21
s_third,2026-06-01T19:14:28.423866+00:00,8.56
s_third,2026-06-01T19:19:17.976882+00:00,24.36
s_third,2026-06-01T19:24:46.124200+00:00,21.41
s_third,2026-06-01T19:30:12.814778+00:00,12.12
s_third,2026-06-01T19:35:20.084760+00:00,9.72
s_third,2026-06-01T19:39:25.785748+00:00,14.62
s_third,2026-06-01T19:45:34.766948+00:00,5.21
s_third,2026-06-01T20:05:30.365969+00:00,10.91
s_third,2026-06-01T20:10:19.470676+00:00,9.72
s_third,2026-06-01T20:15:46.828021+00:00,22.86
s_third,2026-06-01T20:20:51.182855+00:00,17.24
s_third,2026-06-01T20:30:44.916033+00:00,-100.0
s_third,2026-06-01T20:35:59.138010+00:00,12.12
s_third,2026-06-01T20:41:07.161995+00:00,-100.0
s_third,2026-06-01T20:46:36.169245+00:00,30.75
s_third,2026-06-01T20:51:27.144459+00:00,7.42
s_third,2026-06-01T20:52:08.582344+00:00,-100.0
s_third,2026-06-01T20:57:14.760691+00:00,14.62
s_third,2026-06-01T21:07:24.119853+00:00,13.36
s_third,2026-06-01T21:17:32.285602+00:00,15.92
s_third,2026-06-01T21:27:39.068544+00:00,6.3
s_third,2026-06-01T21:32:25.233848+00:00,5.21
s_third,2026-06-01T21:37:35.093415+00:00,12.12
s_third,2026-06-01T21:49:50.211388+00:00,5.21
s_third,2026-06-01T21:55:38.879198+00:00,7.42
s_third,2026-06-01T21:57:43.239576+00:00,8.56
s_third,2026-06-01T22:05:59.293082+00:00,-100.0
s_third,2026-06-01T22:11:14.029952+00:00,5.21
s_third,2026-06-01T22:16:24.618309+00:00,-100.0
s_third,2026-06-01T22:21:11.572221+00:00,6.3
s_third,2026-06-01T22:25:58.176314+00:00,13.36
s_third,2026-06-01T22:27:00.533639+00:00,39.79
s_third,2026-06-01T22:37:52.166763+00:00,-100.0
s_third,2026-06-01T22:46:48.012866+00:00,6.3
s_third,2026-06-01T22:47:09.232832+00:00,9.72
s_third,2026-06-01T22:57:39.146410+00:00,19.98
s_third,2026-06-01T23:03:25.147981+00:00,10.91
s_third,2026-06-01T23:08:54.425890+00:00,7.42
s_third,2026-06-01T23:21:48.889183+00:00,-100.0
s_third,2026-06-01T23:23:31.784097+00:00,10.91
s_third,2026-06-01T23:31:51.303254+00:00,19.98
s_third,2026-06-01T23:32:52.717245+00:00,6.3
s_third,2026-06-01T23:40:19.001618+00:00,14.62
s_third,2026-06-01T23:56:00.166438+00:00,6.3
s_third,2026-06-02T00:00:51.247119+00:00,5.21
s_third,2026-06-02T00:05:00.854384+00:00,7.42
s_third,2026-06-02T00:10:10.094672+00:00,9.72
s_third,2026-06-02T00:14:59.827397+00:00,30.75
s_third,2026-06-02T00:20:12.327814+00:00,32.45
s_third,2026-06-02T00:21:55.658264+00:00,27.47
s_third,2026-06-02T00:31:07.966317+00:00,6.3
s_third,2026-06-02T00:35:35.641664+00:00,9.72
s_third,2026-06-02T00:37:38.975376+00:00,-100.0
s_third,2026-06-02T00:42:26.874203+00:00,17.24
s_third,2026-06-02T00:47:33.060637+00:00,5.21
s_third,2026-06-02T00:57:41.526533+00:00,7.42
s_third,2026-06-02T01:02:46.452450+00:00,24.36
s_third,2026-06-02T01:07:33.465615+00:00,-100.0
s_third,2026-06-02T01:14:01.408838+00:00,-100.0
s_third,2026-06-02T01:23:52.303259+00:00,29.09
s_third,2026-06-02T01:28:59.419832+00:00,-100.0
s_third,2026-06-02T01:33:46.155650+00:00,6.3
s_third,2026-06-02T01:44:37.876747+00:00,14.62
s_third,2026-06-02T01:50:05.434775+00:00,13.36
s_third,2026-06-02T01:55:14.434066+00:00,12.12
s_third,2026-06-02T02:00:26.728319+00:00,37.87
s_third,2026-06-02T02:05:15.325920+00:00,19.98
s_third,2026-06-02T02:19:52.934723+00:00,41.75
s_third,2026-06-02T02:25:42.580269+00:00,6.3
s_third,2026-06-02T02:41:04.318549+00:00,8.56
s_third,2026-06-02T02:46:10.288688+00:00,-100.0
s_third,2026-06-02T03:11:11.855867+00:00,24.36
s_third,2026-06-02T03:16:37.175112+00:00,12.12
s_third,2026-06-02T03:22:19.493933+00:00,5.21
s_third,2026-06-02T03:27:44.026095+00:00,14.62
s_third,2026-06-02T03:37:51.550983+00:00,-100.0
s_third,2026-06-02T03:47:59.581000+00:00,9.72
s_third,2026-06-02T03:58:50.643261+00:00,13.36
s_third,2026-06-02T04:03:58.559994+00:00,7.42
s_third,2026-06-02T04:10:33.548816+00:00,45.88
s_third,2026-06-02T04:15:24.803756+00:00,14.62
s_third,2026-06-02T04:20:33.391152+00:00,9.72
s_third,2026-06-02T04:25:02.388147+00:00,-100.0
s_third,2026-06-02T04:35:00.909603+00:00,-100.0
s_third,2026-06-02T04:43:37.234973+00:00,-100.0
s_third,2026-06-02T04:51:13.644769+00:00,8.56
s_third,2026-06-02T04:56:47.560870+00:00,8.56
s_third,2026-06-02T05:00:38.296983+00:00,9.72
s_third,2026-06-02T05:06:53.988485+00:00,5.21
s_third,2026-06-02T05:06:54.158180+00:00,5.21
s_third,2026-06-02T05:14:42.655879+00:00,22.86
s_third,2026-06-02T05:17:45.990308+00:00,5.21
s_third,2026-06-02T05:23:12.229036+00:00,6.3
s_third,2026-06-02T05:28:19.643777+00:00,-100.0
s_third,2026-06-02T05:36:55.609783+00:00,7.42
s_third,2026-06-02T05:37:36.435949+00:00,5.21
s_third,2026-06-02T05:43:03.148965+00:00,13.36
s_third,2026-06-02T05:59:39.698441+00:00,6.3
s_third,2026-06-02T06:15:13.592784+00:00,5.21
s_third,2026-06-02T06:30:31.947418+00:00,-100.0
s_third,2026-06-02T06:35:21.453510+00:00,9.72
s_third,2026-06-02T06:41:38.233998+00:00,22.86
s_third,2026-06-02T06:42:40.793289+00:00,22.86
s_third,2026-06-02T06:47:47.032428+00:00,6.3
s_third,2026-06-02T07:02:37.609135+00:00,10.91
s_third,2026-06-02T07:18:48.696943+00:00,10.91
s_third,2026-06-02T07:28:40.558218+00:00,6.3
s_third,2026-06-02T07:49:56.757753+00:00,8.56
s_third,2026-06-02T07:59:48.171157+00:00,-100.0
s_third,2026-06-02T08:04:58.581025+00:00,21.41
s_third,2026-06-02T08:07:02.870044+00:00,17.24
s_third,2026-06-02T08:15:31.773673+00:00,-100.0
s_third,2026-06-02T08:20:41.560298+00:00,21.41
s_third,2026-06-02T08:24:51.353526+00:00,6.3
s_third,2026-06-02T08:30:42.251652+00:00,5.21
s_third,2026-06-02T08:35:48.457669+00:00,5.21
s_third,2026-06-02T08:41:16.856995+00:00,17.24
s_third,2026-06-02T08:46:08.706167+00:00,7.42
s_third,2026-06-02T08:47:10.790171+00:00,15.92
s_third,2026-06-02T08:52:39.597592+00:00,18.6
s_third,2026-06-02T08:57:46.921366+00:00,10.91
s_third,2026-06-02T09:02:53.262180+00:00,9.72
s_third,2026-06-02T09:13:01.162604+00:00,6.3
s_third,2026-06-02T09:17:49.944119+00:00,6.3
s_third,2026-06-02T09:22:57.633568+00:00,-100.0
s_third,2026-06-02T09:33:49.838091+00:00,6.3
s_third,2026-06-02T09:44:04.286633+00:00,19.98
s_third,2026-06-02T09:49:12.206887+00:00,39.79
s_third,2026-06-02T09:54:01.429550+00:00,-100.0
s_third,2026-06-02T09:59:28.973393+00:00,19.98
s_third,2026-06-02T10:09:21.151936+00:00,39.79
s_third,2026-06-02T10:15:00.371575+00:00,18.6
s_third,2026-06-02T10:25:15.277102+00:00,12.12
s_third,2026-06-02T10:35:07.232899+00:00,15.92
s_third,2026-06-02T10:41:00.941126+00:00,18.6
s_third,2026-06-02T10:45:52.239496+00:00,18.6
s_third,2026-06-02T10:51:03.828201+00:00,7.42
s_third,2026-06-02T10:55:28.305788+00:00,12.12
s_third,2026-06-02T11:06:57.927323+00:00,14.62
s_third,2026-06-02T11:12:03.432001+00:00,-100.0
s_third,2026-06-02T11:22:14.211902+00:00,8.56
s_third,2026-06-02T11:27:20.593283+00:00,8.56
s_third,2026-06-02T11:32:48.665810+00:00,18.6
s_third,2026-06-02T11:38:17.491504+00:00,7.42
s_third,2026-06-02T11:43:23.995871+00:00,25.89
s_third,2026-06-02T11:48:11.164205+00:00,19.98
s_third,2026-06-02T11:53:16.930349+00:00,17.24
s_third,2026-06-02T11:58:22.226459+00:00,8.56
s_third,2026-06-02T12:03:09.300335+00:00,5.21
s_third,2026-06-02T12:09:17.251433+00:00,37.87
s_third,2026-06-02T12:14:06.542083+00:00,5.21
s_third,2026-06-02T12:19:37.957839+00:00,5.21
s_third,2026-06-02T12:25:27.593068+00:00,6.3
s_third,2026-06-02T12:40:52.089139+00:00,6.3
s_third,2026-06-02T12:46:01.612267+00:00,14.62
s_third,2026-06-02T12:51:48.468612+00:00,5.21
s_third,2026-06-02T12:56:55.509321+00:00,12.12
s_third,2026-06-02T13:06:02.854386+00:00,-100.0
s_third,2026-06-02T13:12:51.893208+00:00,19.98
s_third,2026-06-02T13:18:41.267068+00:00,13.36
s_third,2026-06-02T13:22:46.739092+00:00,13.36
s_third,2026-06-02T13:38:21.901674+00:00,25.89
s_third,2026-06-02T13:43:30.852350+00:00,13.36
s_third,2026-06-02T13:48:17.813595+00:00,-100.0
s_third,2026-06-02T13:53:26.189942+00:00,-100.0
s_third,2026-06-02T13:58:33.170789+00:00,8.56
s_third,2026-06-02T14:03:21.743676+00:00,-100.0
s_third,2026-06-02T14:08:30.393312+00:00,9.72
s_third,2026-06-02T14:13:40.149808+00:00,22.86
s_third,2026-06-02T14:23:51.695179+00:00,12.12
s_third,2026-06-02T14:29:01.184172+00:00,5.21
s_third,2026-06-02T14:33:47.708010+00:00,5.21
s_third,2026-06-02T14:39:14.957614+00:00,5.21
s_third,2026-06-02T14:44:01.184737+00:00,5.21
s_third,2026-06-02T14:49:09.733929+00:00,6.3
s_third,2026-06-02T14:55:19.081114+00:00,5.21
s_third,2026-06-02T14:59:05.546957+00:00,14.62
s_third,2026-06-02T15:05:38.732837+00:00,5.21
s_third,2026-06-02T15:09:05.482175+00:00,5.21
s_third,2026-06-02T15:15:34.005869+00:00,9.72
s_third,2026-06-02T15:30:32.155203+00:00,29.09
s_third,2026-06-02T15:35:45.108090+00:00,34.21
s_third,2026-06-02T15:40:36.976621+00:00,-100.0
s_third,2026-06-02T15:45:48.904717+00:00,8.56
s_third,2026-06-02T15:51:40.262811+00:00,7.42
s_third,2026-06-02T15:56:51.357286+00:00,-100.0
s_third,2026-06-02T15:56:51.477924+00:00,43.78
s_third,2026-06-02T16:02:16.773462+00:00,6.3
s_third,2026-06-02T16:07:00.194688+00:00,32.45
s_third,2026-06-02T16:12:05.582926+00:00,29.09
s_third,2026-06-02T16:22:15.682539+00:00,30.75
s_third,2026-06-02T16:32:05.778671+00:00,-100.0
s_third,2026-06-02T16:37:32.332593+00:00,10.91
s_third,2026-06-02T16:52:42.462464+00:00,14.62
s_third,2026-06-02T17:02:53.184941+00:00,19.98
s_third,2026-06-02T17:08:19.478614+00:00,5.21
s_third,2026-06-02T17:13:27.704533+00:00,24.36
s_third,2026-06-02T17:18:34.556834+00:00,13.36
s_third,2026-06-02T17:23:39.009681+00:00,29.09
s_third,2026-06-02T17:33:51.310245+00:00,13.36
s_third,2026-06-02T17:38:38.311343+00:00,-100.0
s_third,2026-06-02T17:43:43.977811+00:00,7.42
s_third,2026-06-02T17:53:36.511510+00:00,17.24
s_third,2026-06-02T17:58:44.867363+00:00,17.24
s_third,2026-06-02T18:04:10.901422+00:00,5.21
s_third,2026-06-02T18:09:16.641157+00:00,25.89
s_third,2026-06-02T18:14:24.050199+00:00,18.6
s_third,2026-06-02T18:22:35.019095+00:00,24.36
s_third,2026-06-02T18:34:31.333812+00:00,-100.0
s_third,2026-06-02T18:39:42.286224+00:00,34.21
s_third,2026-06-02T18:44:32.337820+00:00,50.26
s_third,2026-06-02T18:50:45.483107+00:00,-100.0
s_third,2026-06-02T18:55:58.758623+00:00,19.98
s_third,2026-06-02T19:01:06.419908+00:00,10.91
s_third,2026-06-02T19:08:55.120122+00:00,5.21
s_third,2026-06-02T19:14:00.642076+00:00,30.75
s_third,2026-06-02T19:21:28.462533+00:00,7.42
s_third,2026-06-02T19:31:27.382387+00:00,-100.0
s_third,2026-06-02T19:32:49.763261+00:00,-100.0
s_third,2026-06-02T19:47:41.116545+00:00,18.6
s_third,2026-06-02T19:52:45.879847+00:00,6.3
s_third,2026-06-02T20:03:18.220679+00:00,27.47
s_third,2026-06-02T20:08:46.889111+00:00,-100.0
s_third,2026-06-02T20:13:32.649626+00:00,13.36
s_third,2026-06-02T20:19:01.589871+00:00,8.56
s_third,2026-06-02T20:34:16.506818+00:00,21.41
s_third,2026-06-02T20:44:26.298126+00:00,8.56
s_third,2026-06-02T20:49:35.495660+00:00,-100.0
s_third,2026-06-02T20:54:41.678203+00:00,10.91
s_third,2026-06-02T21:04:33.813861+00:00,22.86
s_third,2026-06-02T21:09:21.554506+00:00,-100.0
s_third,2026-06-02T21:29:35.041239+00:00,5.21
s_third,2026-06-02T21:35:22.211651+00:00,5.21
s_third,2026-06-02T21:50:59.221334+00:00,5.21
s_third,2026-06-02T22:01:31.568741+00:00,9.72
s_third,2026-06-02T22:11:52.722210+00:00,5.21
s_third,2026-06-02T22:16:45.422071+00:00,-100.0
s_third,2026-06-02T22:19:09.057929+00:00,6.3
s_third,2026-06-02T22:33:59.970032+00:00,-100.0
s_third,2026-06-02T22:43:52.853459+00:00,-100.0
s_third,2026-06-02T22:49:22.885631+00:00,24.36
s_third,2026-06-02T22:54:32.294120+00:00,6.3
s_third,2026-06-02T23:05:08.355583+00:00,30.75
s_third,2026-06-02T23:08:53.537820+00:00,17.24
s_third,2026-06-02T23:25:11.960605+00:00,29.09
s_third,2026-06-02T23:31:42.057949+00:00,-100.0
s_third,2026-06-02T23:40:17.436163+00:00,30.75
s_third,2026-06-02T23:44:46.652844+00:00,-100.0
s_third,2026-06-02T23:49:34.507864+00:00,18.6
s_third,2026-06-02T23:54:43.582821+00:00,29.09
s_third,2026-06-03T00:00:36.040285+00:00,-100.0
s_third,2026-06-03T00:05:06.408129+00:00,-100.0
s_third,2026-06-03T00:08:11.025962+00:00,34.21
s_third,2026-06-03T00:13:19.109401+00:00,-100.0
s_third,2026-06-03T00:28:17.627248+00:00,10.91
s_third,2026-06-03T00:40:00.352811+00:00,-100.0
s_third,2026-06-03T00:48:32.436836+00:00,22.86
s_third,2026-06-03T00:59:44.088498+00:00,-100.0
s_third,2026-06-03T01:10:14.708338+00:00,7.42
s_third,2026-06-03T01:18:43.801952+00:00,5.21
s_third,2026-06-03T01:23:09.528117+00:00,12.12
s_third,2026-06-03T01:28:57.494989+00:00,14.62
s_third,2026-06-03T01:34:03.649321+00:00,8.56
s_third,2026-06-03T01:39:10.666521+00:00,12.12
s_third,2026-06-03T01:50:03.910785+00:00,10.91
s_third,2026-06-03T01:54:50.339437+00:00,13.36
s_third,2026-06-03T02:05:42.899371+00:00,9.72
s_third,2026-06-03T02:15:37.561006+00:00,-100.0
s_third,2026-06-03T02:20:45.703946+00:00,13.36
s_third,2026-06-03T02:25:49.639098+00:00,9.72
s_third,2026-06-03T02:35:42.155180+00:00,30.75
s_third,2026-06-03T02:41:31.199678+00:00,21.41
s_third,2026-06-03T02:46:15.172254+00:00,5.21
s_third,2026-06-03T02:56:33.057253+00:00,-100.0
s_third,2026-06-03T03:00:01.065572+00:00,19.98
s_third,2026-06-03T03:05:08.953930+00:00,5.21
s_third,2026-06-03T03:11:56.471611+00:00,-100.0
s_third,2026-06-03T03:28:26.424018+00:00,34.21
s_third,2026-06-03T03:39:01.707844+00:00,18.6
s_third,2026-06-03T03:45:15.474349+00:00,65.23
s_third,2026-06-03T03:50:27.574705+00:00,13.36
s_third,2026-06-03T03:55:38.093788+00:00,90.75
s_third,2026-06-03T04:00:26.874815+00:00,17.24
s_third,2026-06-03T04:05:35.582688+00:00,14.62
s_third,2026-06-03T04:16:52.925661+00:00,8.56
s_third,2026-06-03T04:26:46.873196+00:00,29.09
s_third,2026-06-03T04:31:31.973967+00:00,13.36
s_third,2026-06-03T04:45:46.559157+00:00,9.72
s_third,2026-06-03T04:47:49.223305+00:00,9.72
s_third,2026-06-03T04:56:16.254497+00:00,8.56
s_third,2026-06-03T05:15:58.604414+00:00,37.87
s_third,2026-06-03T05:20:23.324430+00:00,7.42
s_third,2026-06-03T05:26:28.527178+00:00,13.36
s_third,2026-06-03T05:42:00.398536+00:00,13.36
s_third,2026-06-03T05:52:13.615807+00:00,9.72
s_third,2026-06-03T05:52:13.679841+00:00,15.92
s_third,2026-06-03T06:02:21.200657+00:00,12.12
s_third,2026-06-03T06:07:28.817483+00:00,17.24
s_third,2026-06-03T06:17:30.553820+00:00,-100.0
s_third,2026-06-03T06:17:51.767343+00:00,12.12
s_third,2026-06-03T06:28:22.448414+00:00,12.12
s_third,2026-06-03T06:33:50.973392+00:00,9.72
s_third,2026-06-03T06:38:56.644750+00:00,13.36
s_third,2026-06-03T06:44:04.175179+00:00,41.75
s_third,2026-06-03T06:55:00.642802+00:00,8.56
s_third,2026-06-03T07:00:34.027500+00:00,5.21
s_third,2026-06-03T07:05:24.355754+00:00,5.21
s_third,2026-06-03T07:10:35.336303+00:00,-100.0
s_third,2026-06-03T07:15:22.135435+00:00,13.36
s_third,2026-06-03T07:30:17.554266+00:00,7.42
s_third,2026-06-03T07:41:33.647689+00:00,8.56
s_third,2026-06-03T07:41:33.729837+00:00,14.62
s_third,2026-06-03T07:51:51.786927+00:00,7.42
s_third,2026-06-03T07:55:16.292900+00:00,5.21
s_third,2026-06-03T08:06:38.102134+00:00,12.12
s_third,2026-06-03T08:10:49.369256+00:00,-100.0
s_third,2026-06-03T08:15:40.941972+00:00,6.3
s_third,2026-06-03T08:20:53.224944+00:00,18.6
s_third,2026-06-03T08:25:45.785839+00:00,-100.0
s_third,2026-06-03T08:28:10.983984+00:00,24.36
s_third,2026-06-03T08:33:16.911483+00:00,21.41
s_third,2026-06-03T08:47:01.288405+00:00,6.3
s_third,2026-06-03T08:48:23.111794+00:00,15.92
s_third,2026-06-03T08:52:49.765330+00:00,-100.0
s_third,2026-06-03T08:58:39.767058+00:00,17.24
s_third,2026-06-03T09:03:27.395429+00:00,13.36
s_third,2026-06-03T09:09:15.495269+00:00,9.72
s_third,2026-06-03T09:14:21.486155+00:00,30.75
s_third,2026-06-03T09:19:30.572996+00:00,8.56
s_third,2026-06-03T09:24:18.711244+00:00,7.42
s_third,2026-06-03T09:29:27.066438+00:00,-100.0
s_third,2026-06-03T09:34:32.827104+00:00,15.92
s_third,2026-06-03T09:44:26.033025+00:00,8.56
s_third,2026-06-03T09:49:35.764576+00:00,32.45
s_third,2026-06-03T09:54:43.776046+00:00,-100.0
s_third,2026-06-03T10:05:17.469810+00:00,6.3
s_third,2026-06-03T10:11:03.900295+00:00,5.21
s_third,2026-06-03T10:28:20.960229+00:00,14.62
s_third,2026-06-03T10:36:29.144532+00:00,10.91
s_third,2026-06-03T10:46:06.335830+00:00,-100.0
s_third,2026-06-03T10:51:41.966346+00:00,8.56
s_third,2026-06-03T10:52:03.042880+00:00,17.24
s_third,2026-06-03T11:01:37.150404+00:00,-100.0
s_third,2026-06-03T11:06:24.479012+00:00,13.36
s_third,2026-06-03T11:11:38.267827+00:00,-100.0
s_third,2026-06-03T11:12:40.804856+00:00,36.02
s_third,2026-06-03T11:17:26.442017+00:00,18.6
s_third,2026-06-03T11:32:38.895977+00:00,5.21
s_third,2026-06-03T11:43:32.373701+00:00,15.92
s_third,2026-06-03T11:48:17.298116+00:00,13.36
s_third,2026-06-03T11:58:26.200049+00:00,13.36
s_third,2026-06-03T12:03:12.160547+00:00,18.6
s_third,2026-06-03T12:08:19.859758+00:00,-100.0
s_third,2026-06-03T12:13:28.256579+00:00,10.91
s_third,2026-06-03T12:23:59.239623+00:00,90.75
s_third,2026-06-03T13:11:02.302350+00:00,-100.0
s_third,2026-06-03T13:12:24.949528+00:00,-100.0
s_third,2026-06-03T13:17:23.408968+00:00,17.24
s_third,2026-06-03T13:22:26.281330+00:00,5.21
s_third,2026-06-03T13:27:31.496028+00:00,5.21
s_third,2026-06-03T13:52:32.878544+00:00,-100.0
s_third,2026-06-03T13:57:37.048900+00:00,15.92
s_third,2026-06-03T14:02:46.113002+00:00,6.3
s_third,2026-06-03T14:07:33.994282+00:00,22.86
s_third,2026-06-03T14:12:42.381935+00:00,-100.0
s_third,2026-06-03T14:17:48.414467+00:00,22.86
s_third,2026-06-03T14:22:36.863776+00:00,17.24
s_third,2026-06-03T14:27:43.137055+00:00,41.75
s_third,2026-06-03T14:32:50.349416+00:00,54.92
s_third,2026-06-03T14:37:38.542675+00:00,27.47
s_third,2026-06-03T14:54:54.693421+00:00,15.92
s_third,2026-06-03T15:00:01.431940+00:00,13.36
s_third,2026-06-03T15:04:52.111769+00:00,21.41
s_third,2026-06-03T15:10:01.218133+00:00,24.36
s_third,2026-06-03T15:19:57.818785+00:00,18.6
s_third,2026-06-03T15:25:51.937709+00:00,6.3
s_third,2026-06-03T15:52:10.103743+00:00,-100.0
s_third,2026-06-03T15:56:56.768440+00:00,-100.0
s_third,2026-06-03T16:01:43.304756+00:00,22.86
s_third,2026-06-03T16:07:11.189699+00:00,-100.0
s_third,2026-06-03T16:12:06.106827+00:00,-100.0
s_third,2026-06-03T16:17:53.740984+00:00,8.56
s_third,2026-06-03T16:25:24.840938+00:00,12.12
s_third,2026-06-03T16:32:15.108781+00:00,-100.0
s_third,2026-06-03T16:37:20.340384+00:00,17.24
s_third,2026-06-03T16:42:25.680030+00:00,8.56
s_third,2026-06-03T16:55:21.504396+00:00,-100.0
s_third,2026-06-03T16:58:05.390542+00:00,17.24
s_third,2026-06-03T17:02:51.257896+00:00,12.12
s_third,2026-06-03T17:08:20.341127+00:00,17.24
s_third,2026-06-03T17:11:45.250121+00:00,8.56
s_third,2026-06-03T17:18:35.605602+00:00,-100.0
s_third,2026-06-03T17:21:38.032037+00:00,15.92
s_third,2026-06-03T17:32:04.674982+00:00,6.3
s_third,2026-06-03T17:43:37.736623+00:00,-100.0
s_third,2026-06-03T17:47:02.784346+00:00,12.12
s_third,2026-06-03T17:53:54.320546+00:00,18.6
s_third,2026-06-03T18:03:54.019389+00:00,15.92
s_third,2026-06-03T18:04:14.157076+00:00,21.41
s_third,2026-06-03T18:13:59.821399+00:00,15.92
s_third,2026-06-03T18:40:44.558282+00:00,-100.0
s_third,2026-06-03T18:45:51.105427+00:00,21.41
s_third,2026-06-03T18:56:00.142334+00:00,34.21
s_third,2026-06-03T19:11:22.145466+00:00,37.87
s_third,2026-06-03T19:11:43.817418+00:00,14.62
s_third,2026-06-03T19:16:30.174231+00:00,17.24
s_third,2026-06-03T19:21:36.640070+00:00,-100.0
s_third,2026-06-03T19:37:13.323008+00:00,-100.0
s_third,2026-06-03T19:42:18.272510+00:00,7.42
s_third,2026-06-03T19:48:04.331937+00:00,-100.0
s_third,2026-06-03T20:03:58.566998+00:00,37.87
s_third,2026-06-03T20:09:26.813158+00:00,5.21
s_third,2026-06-03T20:29:43.587917+00:00,5.21
s_third,2026-06-03T20:34:29.897408+00:00,6.3
s_third,2026-06-03T20:40:44.094607+00:00,7.42
s_third,2026-06-03T20:44:33.787795+00:00,5.21
s_third,2026-06-03T20:49:44.563317+00:00,14.62
s_third,2026-06-03T21:06:00.142344+00:00,7.42
s_third,2026-06-03T21:19:37.927831+00:00,8.56
s_third,2026-06-03T21:24:44.679059+00:00,8.56
s_third,2026-06-03T21:41:47.613844+00:00,22.86
s_third,2026-06-03T21:42:08.186135+00:00,9.72
s_third,2026-06-03T21:46:54.525150+00:00,80.29
s_third,2026-06-03T21:51:59.315048+00:00,17.24
s_third,2026-06-03T21:57:47.490218+00:00,6.3
s_third,2026-06-03T22:05:18.808841+00:00,14.62
s_third,2026-06-03T22:09:06.998525+00:00,87.13
s_third,2026-06-03T22:13:13.215478+00:00,-100.0
s_third,2026-06-03T22:23:26.889229+00:00,18.6
s_third,2026-06-03T22:29:14.488937+00:00,5.21
s_third,2026-06-03T22:50:08.521768+00:00,9.72
s_third,2026-06-03T22:54:59.123419+00:00,7.42
s_third,2026-06-03T23:01:28.427837+00:00,22.86
s_third,2026-06-03T23:13:20.300779+00:00,15.92
s_third,2026-06-03T23:17:26.710174+00:00,5.21
s_third,2026-06-03T23:24:18.947428+00:00,19.98
s_third,2026-06-03T23:29:29.704480+00:00,32.45
s_third,2026-06-03T23:32:13.362246+00:00,10.91
s_third,2026-06-03T23:40:46.197955+00:00,12.12
s_third,2026-06-03T23:51:00.590046+00:00,37.87
s_third,2026-06-03T23:52:43.000106+00:00,5.21
s_third,2026-06-03T23:58:31.763149+00:00,5.21
s_third,2026-06-04T00:13:51.858023+00:00,8.56
s_third,2026-06-04T00:23:45.278279+00:00,-100.0
s_third,2026-06-04T00:28:53.791986+00:00,10.91
s_third,2026-06-04T00:39:03.097905+00:00,5.21
s_third,2026-06-04T00:48:50.595909+00:00,5.21
s_third,2026-06-04T00:59:23.761936+00:00,21.41
s_third,2026-06-04T01:04:11.231534+00:00,12.12
s_third,2026-06-04T01:09:19.286952+00:00,14.62
s_third,2026-06-04T01:14:09.288982+00:00,15.92
s_third,2026-06-04T01:19:17.782859+00:00,13.36
s_third,2026-06-04T01:24:06.984910+00:00,7.42
s_third,2026-06-04T01:29:59.072180+00:00,5.21
s_third,2026-06-04T01:35:06.705464+00:00,29.09
s_third,2026-06-04T01:40:36.131731+00:00,5.21
s_third,2026-06-04T01:46:06.139514+00:00,36.02
s_third,2026-06-04T01:51:16.292262+00:00,14.62
s_third,2026-06-04T01:56:09.485475+00:00,8.56
s_third,2026-06-04T02:01:22.932320+00:00,6.3
s_third,2026-06-04T02:05:29.327161+00:00,19.98
s_third,2026-06-04T02:26:27.153376+00:00,13.36
s_third,2026-06-04T02:31:35.880851+00:00,5.21
s_third,2026-06-04T02:36:44.687136+00:00,5.21
s_third,2026-06-04T02:41:32.331584+00:00,5.21
s_third,2026-06-04T02:41:32.405645+00:00,48.03
s_third,2026-06-04T02:51:27.525845+00:00,9.72
s_third,2026-06-04T02:51:48.023327+00:00,27.47
s_third,2026-06-04T02:56:55.926523+00:00,6.3
s_third,2026-06-04T03:02:23.020150+00:00,18.6
s_third,2026-06-04T03:12:31.901914+00:00,9.72
s_third,2026-06-04T03:17:37.611793+00:00,22.86
s_third,2026-06-04T03:23:04.950655+00:00,8.56
s_third,2026-06-04T03:27:51.638009+00:00,6.3
s_third,2026-06-04T03:32:35.150926+00:00,7.42
s_third,2026-06-04T03:43:07.284072+00:00,-100.0
s_third,2026-06-04T03:48:34.659058+00:00,15.92
s_third,2026-06-04T03:53:43.261732+00:00,14.62
s_third,2026-06-04T03:58:28.682799+00:00,24.36
s_third,2026-06-04T04:03:16.169953+00:00,6.3
s_third,2026-06-04T04:08:22.036978+00:00,12.12
s_third,2026-06-04T04:13:48.697892+00:00,9.72
s_third,2026-06-04T04:24:21.358107+00:00,7.42
s_third,2026-06-04T04:28:26.935813+00:00,5.21
s_third,2026-06-04T04:34:16.073467+00:00,14.62
s_third,2026-06-04T04:44:26.776813+00:00,12.12
s_third,2026-06-04T04:48:55.270940+00:00,34.21
s_third,2026-06-04T04:54:44.849594+00:00,19.98
s_third,2026-06-04T04:57:27.388470+00:00,19.98
s_third,2026-06-04T05:13:45.191870+00:00,5.21
s_third,2026-06-04T05:18:34.767903+00:00,-100.0
s_third,2026-06-04T05:24:22.696223+00:00,-100.0
s_third,2026-06-04T05:49:41.568511+00:00,9.72
s_third,2026-06-04T05:55:15.343853+00:00,17.24
s_third,2026-06-04T06:01:29.806191+00:00,22.86
s_third,2026-06-04T06:05:37.356396+00:00,18.6
s_third,2026-06-04T06:06:39.702396+00:00,7.42
s_third,2026-06-04T06:15:56.457902+00:00,36.02
s_third,2026-06-04T06:21:50.546876+00:00,-100.0
s_third,2026-06-04T06:21:50.635341+00:00,7.42
s_third,2026-06-04T06:31:49.456880+00:00,15.92
s_third,2026-06-04T06:33:11.655812+00:00,19.98
s_third,2026-06-04T06:36:57.108404+00:00,7.42
s_third,2026-06-04T06:48:09.175913+00:00,25.89
s_third,2026-06-04T06:58:01.149110+00:00,14.62
s_third,2026-06-04T07:03:51.787596+00:00,7.42
s_third,2026-06-04T07:08:38.800610+00:00,37.87
s_third,2026-06-04T07:19:11.157445+00:00,5.21
s_third,2026-06-04T07:30:01.873862+00:00,24.36
s_third,2026-06-04T07:35:11.667843+00:00,12.12
s_third,2026-06-04T07:40:20.315871+00:00,5.21
s_third,2026-06-04T07:45:07.555544+00:00,30.75
s_third,2026-06-04T07:50:37.553530+00:00,-100.0
s_third,2026-06-04T07:55:30.276800+00:00,9.72
s_third,2026-06-04T07:58:36.662249+00:00,5.21
s_third,2026-06-04T08:05:31.490952+00:00,7.42
s_third,2026-06-04T08:10:37.985026+00:00,12.12
s_third,2026-06-04T08:20:49.767487+00:00,24.36
s_third,2026-06-04T08:30:46.991742+00:00,-100.0
s_third,2026-06-04T08:34:14.876824+00:00,8.56
s_third,2026-06-04T08:41:25.809901+00:00,-100.0
s_third,2026-06-04T08:50:18.589303+00:00,15.92
s_third,2026-06-04T08:54:46.110918+00:00,13.36
s_third,2026-06-04T09:00:12.275986+00:00,9.72
s_third,2026-06-04T09:03:15.760450+00:00,29.09
s_third,2026-06-04T09:11:15.257819+00:00,5.21
s_third,2026-06-04T09:11:56.469030+00:00,6.3
s_third,2026-06-04T09:21:16.141663+00:00,6.3
s_third,2026-06-04T09:25:48.664651+00:00,13.36
s_third,2026-06-04T09:26:50.085646+00:00,34.21
s_third,2026-06-04T09:31:57.419951+00:00,80.29
s_third,2026-06-04T09:37:23.488104+00:00,62.52
s_third,2026-06-04T09:42:29.284852+00:00,54.92
s_third,2026-06-04T09:53:40.128480+00:00,9.72
s_third,2026-06-04T10:00:53.547927+00:00,14.62
s_third,2026-06-04T10:04:19.294601+00:00,12.12
s_third,2026-06-04T10:09:08.947479+00:00,25.89
s_third,2026-06-04T10:14:18.316853+00:00,15.92
s_third,2026-06-04T10:19:05.977188+00:00,-100.0
s_third,2026-06-04T10:29:36.591889+00:00,10.91
s_third,2026-06-04T10:34:24.470236+00:00,5.21
s_third,2026-06-04T10:40:11.954606+00:00,21.41
s_third,2026-06-04T10:43:14.915918+00:00,41.75
s_third,2026-06-04T10:50:05.702541+00:00,13.36
s_third,2026-06-04T10:59:37.855379+00:00,29.09
s_third,2026-06-04T11:02:40.448037+00:00,37.87
s_third,2026-06-04T11:10:10.405013+00:00,15.92
s_third,2026-06-04T11:15:21.756869+00:00,5.21
s_third,2026-06-04T11:21:35.621872+00:00,32.45
s_third,2026-06-04T11:26:26.969684+00:00,6.3
s_third,2026-06-04T11:31:36.385992+00:00,-100.0
s_third,2026-06-04T11:36:26.956775+00:00,9.72
s_third,2026-06-04T11:41:34.414831+00:00,21.41
s_third,2026-06-04T11:47:01.351341+00:00,5.21
s_third,2026-06-04T11:57:11.662471+00:00,7.42
s_third,2026-06-04T12:02:17.351383+00:00,9.72
s_third,2026-06-04T12:10:28.713430+00:00,17.24
s_third,2026-06-04T12:12:12.481257+00:00,7.42
s_third,2026-06-04T12:17:17.571425+00:00,18.6
s_third,2026-06-04T12:32:09.599924+00:00,-100.0
s_third,2026-06-04T12:42:39.081154+00:00,6.3
s_third,2026-06-04T12:48:28.402375+00:00,14.62
s_third,2026-06-04T12:53:34.908111+00:00,22.86
s_third,2026-06-04T12:58:44.924627+00:00,32.45
s_third,2026-06-04T13:03:33.095029+00:00,5.21
s_third,2026-06-04T13:09:04.205237+00:00,-100.0
s_third,2026-06-04T13:13:52.151938+00:00,10.91
s_third,2026-06-04T13:19:00.005774+00:00,77.05
s_third,2026-06-04T13:29:32.527536+00:00,6.3
s_third,2026-06-04T13:34:17.716157+00:00,34.21
s_third,2026-06-04T13:44:07.343672+00:00,22.86
s_third,2026-06-04T13:55:22.630308+00:00,13.36
s_third,2026-06-04T14:00:11.839591+00:00,-100.0
s_third,2026-06-04T14:10:45.984808+00:00,39.79
s_third,2026-06-04T14:15:33.465098+00:00,8.56
s_third,2026-06-04T14:17:57.336346+00:00,6.3
s_third,2026-06-04T14:26:15.045943+00:00,24.36
s_third,2026-06-04T14:31:06.068780+00:00,-100.0
s_third,2026-06-04T14:36:19.595743+00:00,12.12
s_third,2026-06-04T14:41:32.517238+00:00,6.3
s_third,2026-06-04T14:46:23.475386+00:00,5.21
s_third,2026-06-04T14:47:04.553837+00:00,13.36
s_third,2026-06-04T14:53:33.485779+00:00,36.02
s_third,2026-06-04T15:02:21.409331+00:00,8.56
s_third,2026-06-04T15:07:30.773957+00:00,-100.0
s_third,2026-06-04T15:17:20.173495+00:00,-100.0
s_third,2026-06-04T15:33:53.858837+00:00,18.6
s_third,2026-06-04T15:38:41.885165+00:00,10.91
s_third,2026-06-04T15:45:16.148740+00:00,14.62
s_third,2026-06-04T15:50:29.549226+00:00,22.86
s_third,2026-06-04T15:55:18.302488+00:00,18.6
s_third,2026-06-04T16:00:25.271297+00:00,21.41
s_third,2026-06-04T16:10:40.440442+00:00,9.72
s_third,2026-06-04T16:16:07.102868+00:00,6.3
s_third,2026-06-04T16:21:52.457812+00:00,25.89
s_third,2026-06-04T16:26:59.091460+00:00,-100.0
s_third,2026-06-04T16:32:05.156648+00:00,5.21
s_third,2026-06-04T16:37:11.257093+00:00,13.36
s_third,2026-06-04T16:41:55.569168+00:00,9.72
s_third,2026-06-04T16:47:00.497544+00:00,7.42
s_third,2026-06-04T16:52:07.643550+00:00,-100.0
s_third,2026-06-04T16:56:52.212804+00:00,30.75
s_third,2026-06-04T17:06:52.267386+00:00,5.21
s_third,2026-06-04T17:08:15.120443+00:00,21.41
s_third,2026-06-04T17:12:01.679943+00:00,68.03
s_third,2026-06-04T17:17:49.539473+00:00,8.56
s_third,2026-06-04T17:31:05.562722+00:00,54.92
s_third,2026-06-04T17:33:08.076363+00:00,9.72
s_third,2026-06-04T17:38:57.892707+00:00,5.21
s_third,2026-06-04T17:44:28.644529+00:00,36.02
s_third,2026-06-04T17:48:55.243827+00:00,18.6
s_third,2026-06-04T17:53:39.833733+00:00,24.36
s_third,2026-06-04T18:14:13.849525+00:00,8.56
s_third,2026-06-04T18:28:01.466905+00:00,25.89
s_third,2026-06-04T18:34:09.374056+00:00,62.52
s_third,2026-06-04T18:39:59.758025+00:00,14.62
s_third,2026-06-04T18:45:28.416956+00:00,7.42
s_third,2026-06-04T18:50:15.251012+00:00,10.91
s_third,2026-06-04T19:00:52.588235+00:00,21.41
s_third,2026-06-04T19:05:23.836759+00:00,5.21
s_third,2026-06-04T19:11:18.230199+00:00,13.36
s_third,2026-06-04T19:16:29.298932+00:00,22.86
s_third,2026-06-04T19:21:14.507494+00:00,25.89
s_third,2026-06-04T19:31:29.919827+00:00,-100.0
s_third,2026-06-04T19:36:55.991738+00:00,22.86
s_third,2026-06-04T19:41:40.378096+00:00,6.3
s_third,2026-06-04T19:46:47.732492+00:00,13.36
s_third,2026-06-04T19:51:54.616454+00:00,21.41
s_third,2026-06-04T19:56:41.440426+00:00,21.41
s_third,2026-06-04T20:01:50.019007+00:00,-100.0
s_third,2026-06-04T20:06:55.907678+00:00,5.21
s_third,2026-06-04T20:12:04.401849+00:00,5.21
s_third,2026-06-04T20:22:35.217915+00:00,22.86
s_third,2026-06-04T20:28:44.818693+00:00,25.89
s_third,2026-06-04T20:33:50.677499+00:00,-100.0
s_third,2026-06-04T20:45:25.279657+00:00,9.72
s_third,2026-06-04T20:54:57.120731+00:00,5.21
s_third,2026-06-04T21:05:28.311712+00:00,18.6
s_third,2026-06-04T21:15:21.373484+00:00,9.72
s_third,2026-06-04T21:20:32.891883+00:00,13.36
s_third,2026-06-04T21:25:42.115938+00:00,14.62
s_third,2026-06-04T21:35:41.471729+00:00,12.12
s_third,2026-06-04T21:40:32.852641+00:00,22.86
s_third,2026-06-04T21:46:03.845933+00:00,36.02
s_third,2026-06-04T21:51:13.629833+00:00,37.87
s_third,2026-06-04T21:56:24.377268+00:00,52.55
s_third,2026-06-04T21:56:45.671328+00:00,19.98
s_third,2026-06-04T22:10:18.336675+00:00,7.42
s_third,2026-06-04T22:11:40.888923+00:00,30.75
s_third,2026-06-04T22:18:29.702317+00:00,-100.0
s_third,2026-06-04T22:28:20.085387+00:00,-100.0
s_third,2026-06-04T22:33:30.208643+00:00,-100.0
s_third,2026-06-04T22:38:36.452041+00:00,37.87
s_third,2026-06-04T22:42:20.808192+00:00,15.92
s_third,2026-06-04T22:47:05.528012+00:00,5.21
s_third,2026-06-04T22:53:31.631094+00:00,13.36
s_third,2026-06-04T22:58:36.868261+00:00,19.98
s_third,2026-06-04T23:06:28.015938+00:00,8.56
s_third,2026-06-04T23:10:38.460696+00:00,30.75
s_third,2026-06-04T23:12:20.893517+00:00,80.29
s_third,2026-06-04T23:22:53.349935+00:00,12.12
s_third,2026-06-04T23:48:51.069746+00:00,21.41
s_third,2026-06-04T23:54:19.580496+00:00,-100.0
s_third,2026-06-05T00:09:16.961532+00:00,6.3
s_third,2026-06-05T00:15:08.994358+00:00,24.36
s_third,2026-06-05T00:19:59.270828+00:00,8.56
s_third,2026-06-05T00:25:09.062329+00:00,-100.0
s_third,2026-06-05T00:40:24.609599+00:00,34.21
s_third,2026-06-05T00:56:01.010921+00:00,13.36
s_third,2026-06-05T01:01:49.364851+00:00,12.12
s_third,2026-06-05T01:12:17.383895+00:00,5.21
s_third,2026-06-05T01:17:01.820000+00:00,14.62
s_third,2026-06-05T01:22:28.932954+00:00,-100.0
s_third,2026-06-05T01:33:18.705870+00:00,6.3
s_third,2026-06-05T01:39:46.279370+00:00,7.42
s_third,2026-06-05T01:44:34.144197+00:00,7.42
s_third,2026-06-05T01:48:40.942135+00:00,15.92
s_third,2026-06-05T01:54:52.615686+00:00,8.56
s_third,2026-06-05T02:03:44.484088+00:00,14.62
s_third,2026-06-05T02:09:15.914750+00:00,14.62
s_third,2026-06-05T02:15:08.139962+00:00,6.3
s_third,2026-06-05T02:20:20.330312+00:00,41.75
s_third,2026-06-05T02:22:24.683507+00:00,-100.0
s_third,2026-06-05T02:30:40.255858+00:00,5.21
s_third,2026-06-05T02:35:31.907014+00:00,7.42
s_third,2026-06-05T02:40:18.459464+00:00,7.42
s_third,2026-06-05T02:45:24.617712+00:00,5.21
s_third,2026-06-05T02:56:41.586392+00:00,34.21
s_third,2026-06-05T03:01:33.821611+00:00,54.92
s_third,2026-06-05T03:05:46.105691+00:00,25.89
s_third,2026-06-05T03:10:14.015757+00:00,9.72
s_third,2026-06-05T03:21:05.354381+00:00,77.05
s_third,2026-06-05T03:31:43.157923+00:00,5.21
s_third,2026-06-05T03:36:30.254631+00:00,10.91
s_third,2026-06-05T03:47:40.961479+00:00,6.3
s_third,2026-06-05T03:57:51.460849+00:00,48.03
s_third,2026-06-05T04:23:09.872832+00:00,8.56
s_third,2026-06-05T04:28:15.689054+00:00,8.56
s_third,2026-06-05T04:43:25.271179+00:00,62.52
s_third,2026-06-05T04:51:22.858177+00:00,7.42
s_third,2026-06-05T04:55:09.276124+00:00,5.21
s_third,2026-06-05T05:05:26.118438+00:00,62.52
s_third,2026-06-05T05:08:31.253414+00:00,5.21
s_third,2026-06-05T05:23:24.374612+00:00,6.3
s_third,2026-06-05T05:28:27.763887+00:00,5.21
s_third,2026-06-05T05:48:43.563657+00:00,5.21
s_third,2026-06-05T05:59:15.115584+00:00,-100.0
s_third,2026-06-05T06:09:08.342264+00:00,45.88
s_third,2026-06-05T06:19:22.215118+00:00,14.62
s_third,2026-06-05T06:23:49.312328+00:00,18.6
s_third,2026-06-05T06:33:59.835227+00:00,7.42
s_third,2026-06-05T06:38:45.566228+00:00,8.56
s_third,2026-06-05T06:43:51.150870+00:00,34.21
s_third,2026-06-05T06:49:00.570502+00:00,59.9
s_third,2026-06-05T06:54:09.217372+00:00,15.92
s_third,2026-06-05T07:04:42.204154+00:00,17.24
s_third,2026-06-05T07:14:15.252659+00:00,7.42
s_third,2026-06-05T07:19:04.114935+00:00,77.05
s_third,2026-06-05T07:31:14.900599+00:00,9.72
s_third,2026-06-05T07:40:25.008369+00:00,34.21
s_third,2026-06-05T07:50:35.640715+00:00,37.87
s_third,2026-06-05T07:55:46.480163+00:00,-100.0
s_third,2026-06-05T08:01:17.308326+00:00,87.13
s_third,2026-06-05T08:05:46.759416+00:00,8.56
s_third,2026-06-05T08:10:36.216318+00:00,5.21
s_third,2026-06-05T08:15:23.814378+00:00,34.21
s_third,2026-06-05T08:20:29.956250+00:00,54.92
s_third,2026-06-05T08:31:03.900925+00:00,36.02
s_third,2026-06-05T08:35:52.365022+00:00,6.3
s_third,2026-06-05T08:41:03.810016+00:00,70.93
s_third,2026-06-05T08:46:15.560574+00:00,7.42
s_third,2026-06-05T08:51:23.375101+00:00,6.3
s_third,2026-06-05T08:52:04.112237+00:00,57.37
s_third,2026-06-05T09:07:20.733093+00:00,54.92
s_third,2026-06-05T09:11:27.757983+00:00,5.21
s_third,2026-06-05T09:16:37.276633+00:00,6.3
s_third,2026-06-05T09:21:24.998734+00:00,-100.0
s_third,2026-06-05T09:27:10.157250+00:00,12.12
s_third,2026-06-05T09:32:15.328853+00:00,24.36
s_third,2026-06-05T09:41:54.293715+00:00,7.42
s_third,2026-06-05T09:42:15.191571+00:00,8.56
s_third,2026-06-05T09:52:23.412501+00:00,15.92
s_third,2026-06-05T10:02:34.711962+00:00,80.29
s_third,2026-06-05T10:08:02.988445+00:00,43.78
s_third,2026-06-05T10:17:51.903913+00:00,18.6
s_third,2026-06-05T10:28:21.596073+00:00,52.55
s_third,2026-06-05T10:33:27.377689+00:00,50.26
s_third,2026-06-05T10:48:01.051111+00:00,17.24
s_third,2026-06-05T10:52:27.597776+00:00,12.12
s_third,2026-06-05T11:06:41.500366+00:00,5.21
s_third,2026-06-05T11:18:30.523983+00:00,-100.0
s_third,2026-06-05T11:25:20.008422+00:00,9.72
s_third,2026-06-05T11:28:25.098279+00:00,-100.0
s_third,2026-06-05T11:33:11.033431+00:00,7.42
s_third,2026-06-05T11:50:28.877722+00:00,8.56
s_third,2026-06-05T11:55:56.675853+00:00,12.12
s_third,2026-06-05T12:01:03.289183+00:00,8.56
s_third,2026-06-05T12:07:12.531920+00:00,7.42
s_third,2026-06-05T12:18:21.201527+00:00,9.72
s_third,2026-06-05T12:22:05.157903+00:00,7.42
s_third,2026-06-05T12:27:12.590763+00:00,18.6
s_third,2026-06-05T12:59:40.565602+00:00,32.45
s_third,2026-06-05T13:05:48.489727+00:00,39.79
s_third,2026-06-05T13:10:35.061636+00:00,22.86
s_third,2026-06-05T13:21:08.381318+00:00,27.47
s_third,2026-06-05T13:25:13.613349+00:00,22.86
s_third,2026-06-05T13:28:36.971427+00:00,10.91
s_third,2026-06-05T13:36:28.038009+00:00,-100.0
s_third,2026-06-05T13:40:12.128373+00:00,18.6
s_third,2026-06-05T13:47:21.039911+00:00,25.89
s_third,2026-06-05T13:53:30.321349+00:00,6.3
s_third,2026-06-05T14:09:09.817056+00:00,-100.0
s_third,2026-06-05T14:15:19.280201+00:00,12.12
s_third,2026-06-05T14:19:07.685772+00:00,5.21
s_third,2026-06-05T14:22:33.568856+00:00,21.41
s_third,2026-06-05T14:29:47.304839+00:00,18.6
s_third,2026-06-05T14:34:59.338530+00:00,8.56
s_third,2026-06-05T14:39:48.046309+00:00,12.12
s_third,2026-06-05T14:45:16.841855+00:00,6.3
s_third,2026-06-05T14:47:41.710016+00:00,-100.0
s_third,2026-06-05T14:56:52.330133+00:00,-100.0
s_third,2026-06-05T15:04:02.375315+00:00,24.36
s_third,2026-06-05T15:08:07.617250+00:00,21.41
s_third,2026-06-05T15:15:20.974150+00:00,13.36
s_third,2026-06-05T15:17:25.417144+00:00,7.42
s_third,2026-06-05T15:22:30.974831+00:00,10.91
s_third,2026-06-05T15:30:05.732400+00:00,36.02
s_third,2026-06-05T15:34:57.976841+00:00,13.36
s_third,2026-06-05T15:40:06.748375+00:00,5.21
s_third,2026-06-05T15:56:09.101613+00:00,-100.0
s_third,2026-06-05T16:00:00.540941+00:00,22.86
s_third,2026-06-05T16:11:47.391865+00:00,32.45
s_third,2026-06-05T16:27:19.520940+00:00,8.56
s_third,2026-06-05T16:35:13.621501+00:00,8.56
s_third,2026-06-05T16:40:06.212784+00:00,5.21
s_third,2026-06-05T16:44:55.849917+00:00,6.3
s_third,2026-06-05T16:50:05.929674+00:00,8.56
s_third,2026-06-05T16:55:13.778799+00:00,14.62
s_third,2026-06-05T17:00:22.934016+00:00,5.21
s_third,2026-06-05T17:05:15.596258+00:00,5.21
s_third,2026-06-05T17:10:49.276763+00:00,5.21
s_third,2026-06-05T17:15:36.312469+00:00,22.86
s_third,2026-06-05T17:25:53.696845+00:00,5.21
s_third,2026-06-05T17:31:05.801699+00:00,18.6
s_third,2026-06-05T17:36:16.998480+00:00,17.24
s_third,2026-06-05T17:38:19.118280+00:00,10.91
s_third,2026-06-05T17:45:53.838127+00:00,-100.0
s_third,2026-06-05T17:47:16.686540+00:00,-100.0
s_third,2026-06-05T17:52:42.879105+00:00,41.75
s_third,2026-06-05T17:58:49.891693+00:00,7.42
s_third,2026-06-05T18:04:18.551391+00:00,-100.0
s_third,2026-06-05T18:09:48.824353+00:00,19.98
s_third,2026-06-05T18:14:34.067652+00:00,-100.0
s_third,2026-06-05T18:21:10.165865+00:00,-100.0
s_third,2026-06-05T18:24:37.672862+00:00,24.36
s_third,2026-06-05T18:30:10.469441+00:00,29.09
s_third,2026-06-05T18:35:01.410348+00:00,18.6
s_third,2026-06-05T18:39:52.871246+00:00,21.41
s_third,2026-06-05T18:45:01.556970+00:00,-100.0
s_third,2026-06-05T18:54:54.518540+00:00,10.91
s_third,2026-06-05T19:05:06.021197+00:00,5.21
s_third,2026-06-05T19:09:54.962395+00:00,22.86
s_third,2026-06-05T19:15:07.790830+00:00,22.86
s_third,2026-06-05T19:18:55.301576+00:00,24.36
s_third,2026-06-05T19:23:44.370003+00:00,7.42
s_third,2026-06-05T19:30:53.389522+00:00,5.21
s_third,2026-06-05T19:35:19.153523+00:00,5.21
s_third,2026-06-05T19:40:50.512610+00:00,5.21
s_third,2026-06-05T19:45:38.366023+00:00,32.45
s_third,2026-06-05T19:50:27.293596+00:00,9.72
s_third,2026-06-05T20:01:24.458609+00:00,34.21
s_third,2026-06-05T20:06:33.810653+00:00,25.89
s_third,2026-06-05T20:06:54.792241+00:00,10.91
s_third,2026-06-05T20:11:38.591502+00:00,5.21
s_third,2026-06-05T20:21:38.893790+00:00,14.62
s_third,2026-06-05T20:22:00.252324+00:00,13.36
s_third,2026-06-05T20:26:45.347279+00:00,7.42
s_third,2026-06-05T20:31:49.671236+00:00,12.12
s_third,2026-06-05T20:36:34.493097+00:00,5.21
s_third,2026-06-05T20:42:20.389768+00:00,6.3
s_third,2026-06-05T20:48:09.273319+00:00,18.6
s_third,2026-06-05T20:53:13.419036+00:00,18.6
s_third,2026-06-05T20:58:20.226281+00:00,24.36
s_third,2026-06-05T21:03:27.391053+00:00,5.21
s_third,2026-06-05T21:08:12.666478+00:00,14.62
s_third,2026-06-05T21:18:45.486375+00:00,37.87
s_third,2026-06-05T21:23:13.118767+00:00,18.6
s_third,2026-06-05T21:39:06.182479+00:00,13.36
s_third,2026-06-05T21:49:17.673144+00:00,14.62
s_third,2026-06-05T21:54:26.623199+00:00,-100.0
s_third,2026-06-05T21:59:57.428592+00:00,17.24
s_third,2026-06-05T22:04:44.758704+00:00,7.42
s_third,2026-06-05T22:14:38.020494+00:00,18.6
s_third,2026-06-05T22:24:29.326993+00:00,5.21
s_third,2026-06-05T22:28:59.106971+00:00,48.03
s_third,2026-06-05T22:34:07.691873+00:00,-100.0
s_third,2026-06-05T22:39:54.832026+00:00,24.36
s_third,2026-06-05T22:49:26.363595+00:00,22.86
s_third,2026-06-05T22:59:16.268992+00:00,41.75
s_third,2026-06-05T23:08:47.043637+00:00,-100.0
s_third,2026-06-05T23:14:57.559521+00:00,18.6
s_third,2026-06-05T23:29:54.131518+00:00,8.56
s_third,2026-06-05T23:35:02.877364+00:00,-100.0
s_third,2026-06-05T23:50:20.067450+00:00,25.89
s_third,2026-06-05T23:55:07.616638+00:00,17.24
s_third,2026-06-06T00:00:16.314037+00:00,5.21
s_third,2026-06-06T00:05:47.980574+00:00,-100.0
s_third,2026-06-06T00:11:13.149419+00:00,5.21
s_third,2026-06-06T00:21:12.711917+00:00,27.47
s_third,2026-06-06T00:26:04.036082+00:00,-100.0
s_third,2026-06-06T00:31:12.708141+00:00,15.92
s_third,2026-06-06T00:45:14.450013+00:00,-100.0
s_third,2026-06-06T00:45:14.450081+00:00,-100.0
s_third,2026-06-06T00:45:14.450127+00:00,8.56
s_third,2026-06-06T01:55:01.547371+00:00,17.24
s_third,2026-06-06T02:05:05.548952+00:00,21.41
s_third,2026-06-06T02:10:01.976882+00:00,12.12
s_third,2026-06-06T02:24:28.569593+00:00,5.21
s_third,2026-06-06T02:29:12.642911+00:00,5.21
s_third,2026-06-06T02:40:26.374579+00:00,5.21
s_third,2026-06-06T02:44:34.627337+00:00,-100.0
s_third,2026-06-06T02:49:44.317257+00:00,24.36
s_third,2026-06-06T02:53:29.241999+00:00,5.21
s_third,2026-06-06T03:06:24.791289+00:00,5.21
s_third,2026-06-06T03:13:15.128211+00:00,-100.0
s_third,2026-06-06T03:19:20.197735+00:00,41.75
s_third,2026-06-06T03:31:36.255947+00:00,6.3
s_third,2026-06-06T03:50:39.417478+00:00,13.36
s_third,2026-06-06T03:52:22.535851+00:00,17.24
s_third,2026-06-06T03:58:27.295895+00:00,37.87
s_third,2026-06-06T04:06:39.168310+00:00,18.6
s_third,2026-06-06T04:10:23.111546+00:00,19.98
s_third,2026-06-06T04:21:33.622368+00:00,-100.0
s_third,2026-06-06T04:28:44.689843+00:00,10.91
s_third,2026-06-06T04:35:34.527975+00:00,25.89
s_third,2026-06-06T04:41:39.046237+00:00,7.42
s_third,2026-06-06T04:48:26.492875+00:00,30.75
s_third,2026-06-06T05:16:15.211823+00:00,25.89
s_third,2026-06-06T05:16:55.744263+00:00,50.26
s_third,2026-06-06T05:24:44.626939+00:00,17.24
s_third,2026-06-06T05:34:39.574214+00:00,5.21
s_third,2026-06-06T05:43:46.159856+00:00,5.21
s_third,2026-06-06T06:01:31.600184+00:00,18.6
s_third,2026-06-06T06:07:05.572974+00:00,21.41
s_third,2026-06-06T06:09:51.443979+00:00,6.3
s_third,2026-06-06T06:17:11.549508+00:00,10.91
s_third,2026-06-06T06:22:06.083197+00:00,13.36
s_third,2026-06-06T06:22:26.685942+00:00,32.45
s_third,2026-06-06T06:29:17.405816+00:00,6.3
s_third,2026-06-06T06:36:35.056290+00:00,7.42
s_third,2026-06-06T06:42:05.608242+00:00,-100.0
s_third,2026-06-06T06:43:07.212014+00:00,5.21
s_third,2026-06-06T06:50:43.730806+00:00,24.36
s_third,2026-06-06T06:53:46.735053+00:00,-100.0
s_third,2026-06-06T06:57:52.735667+00:00,19.98
s_third,2026-06-06T07:05:05.745646+00:00,17.24
s_third,2026-06-06T07:10:11.364947+00:00,-100.0
s_third,2026-06-06T07:19:24.716045+00:00,-100.0
s_third,2026-06-06T07:22:29.608607+00:00,18.6
s_third,2026-06-06T07:27:36.097500+00:00,17.24
s_third,2026-06-06T07:34:08.264750+00:00,12.12
s_third,2026-06-06T07:40:59.019178+00:00,14.62
s_third,2026-06-06T07:42:21.069011+00:00,19.98
s_third,2026-06-06T07:49:09.254262+00:00,7.42
s_third,2026-06-06T07:55:42.184857+00:00,-100.0
s_third,2026-06-06T07:57:25.371890+00:00,22.86
s_third,2026-06-06T08:07:00.592712+00:00,36.02
s_third,2026-06-06T08:08:02.093345+00:00,5.21
s_third,2026-06-06T08:14:09.360143+00:00,13.36
s_third,2026-06-06T08:17:34.241931+00:00,39.79
s_third,2026-06-06T08:22:41.933103+00:00,14.62
s_third,2026-06-06T08:27:27.946069+00:00,17.24
s_third,2026-06-06T08:32:52.273226+00:00,7.42
s_third,2026-06-06T08:41:25.423531+00:00,14.62
s_third,2026-06-06T08:47:50.658969+00:00,17.24
s_third,2026-06-06T09:05:35.020314+00:00,5.21
s_third,2026-06-06T09:08:20.879837+00:00,37.87
s_third,2026-06-06T09:12:49.085649+00:00,-100.0
s_third,2026-06-06T09:16:55.819980+00:00,32.45
s_third,2026-06-06T09:33:09.037814+00:00,7.42
s_third,2026-06-06T09:43:39.605640+00:00,-100.0
s_third,2026-06-06T09:53:52.020499+00:00,6.3
s_third,2026-06-06T10:01:19.785706+00:00,21.41
s_third,2026-06-06T10:05:23.138112+00:00,13.36
s_third,2026-06-06T10:16:02.659035+00:00,5.21
s_third,2026-06-06T10:21:16.749140+00:00,27.47
s_third,2026-06-06T10:26:06.797693+00:00,70.93
s_third,2026-06-06T10:28:51.608653+00:00,17.24
s_third,2026-06-06T10:36:27.347748+00:00,-100.0
s_third,2026-06-06T10:41:02.002388+00:00,6.3
s_third,2026-06-06T10:46:33.177235+00:00,10.91
s_third,2026-06-06T10:51:22.679915+00:00,5.21
s_third,2026-06-06T10:51:43.619135+00:00,-100.0
s_third,2026-06-06T10:56:48.358654+00:00,10.91
s_third,2026-06-06T11:03:54.298514+00:00,18.6
s_third,2026-06-06T11:09:01.208054+00:00,8.56
s_third,2026-06-06T11:14:32.050313+00:00,25.89
s_third,2026-06-06T11:21:05.416921+00:00,25.89
s_third,2026-06-06T11:25:32.610047+00:00,5.21
s_third,2026-06-06T11:27:14.442872+00:00,19.98
s_third,2026-06-06T11:36:08.709311+00:00,17.24
s_third,2026-06-06T11:40:40.166257+00:00,-100.0
s_third,2026-06-06T11:42:03.390621+00:00,-100.0
s_third,2026-06-06T11:46:50.425174+00:00,17.24
s_third,2026-06-06T11:59:20.674388+00:00,14.62
s_third,2026-06-06T12:17:14.893830+00:00,13.36
s_third,2026-06-06T12:22:22.642387+00:00,17.24
s_third,2026-06-06T12:26:48.460682+00:00,5.21
s_third,2026-06-06T12:34:59.634192+00:00,7.42
s_third,2026-06-06T12:42:34.871522+00:00,25.89
s_third,2026-06-06T12:42:56.258242+00:00,25.89
s_third,2026-06-06T12:48:02.048125+00:00,25.89
s_third,2026-06-06T13:00:18.000164+00:00,25.89
s_third,2026-06-06T13:05:25.178102+00:00,14.62
s_third,2026-06-06T13:16:42.001932+00:00,14.62
s_third,2026-06-06T13:23:10.253774+00:00,14.62
s_third,2026-06-06T13:28:17.579193+00:00,-100.0
s_third,2026-06-06T13:33:45.455636+00:00,21.41
s_third,2026-06-06T13:45:18.514257+00:00,36.02
s_third,2026-06-06T13:50:30.186356+00:00,24.36
s_third,2026-06-06T13:54:19.723345+00:00,32.45
s_third,2026-06-06T13:58:07.197580+00:00,30.75
s_third,2026-06-06T14:01:52.326017+00:00,24.36
s_third,2026-06-06T14:15:43.138717+00:00,-100.0
s_third,2026-06-06T14:26:18.361416+00:00,29.09
s_third,2026-06-06T14:28:42.643460+00:00,25.89
s_third,2026-06-06T14:35:34.416023+00:00,19.98
s_third,2026-06-06T14:41:21.729691+00:00,7.42
s_third,2026-06-06T14:43:45.311016+00:00,14.62
s_third,2026-06-06T14:49:13.437676+00:00,21.41
s_third,2026-06-06T14:52:18.667351+00:00,13.36
s_third,2026-06-06T14:59:10.970171+00:00,21.41
s_third,2026-06-06T15:06:06.342288+00:00,5.21
s_third,2026-06-06T15:07:29.946203+00:00,5.21
s_third,2026-06-06T15:14:41.951450+00:00,18.6
s_third,2026-06-06T15:20:14.044025+00:00,12.12
s_third,2026-06-06T15:23:40.004598+00:00,18.6
s_third,2026-06-06T15:28:05.880000+00:00,21.41
s_third,2026-06-06T15:34:34.348503+00:00,8.56
s_third,2026-06-06T15:39:42.136175+00:00,-100.0
s_third,2026-06-06T15:43:47.829047+00:00,14.62
s_third,2026-06-06T15:49:38.150048+00:00,10.91
s_third,2026-06-06T15:53:25.095226+00:00,18.6
s_third,2026-06-06T15:59:58.030158+00:00,45.88
s_third,2026-06-06T16:04:45.553109+00:00,19.98
s_third,2026-06-06T16:06:48.304378+00:00,8.56
s_third,2026-06-06T16:14:40.366884+00:00,9.72
s_third,2026-06-06T16:17:25.596270+00:00,7.42
s_third,2026-06-06T16:25:37.402263+00:00,-100.0
s_third,2026-06-06T16:30:27.457316+00:00,7.42
s_third,2026-06-06T16:32:10.454265+00:00,8.56
s_third,2026-06-06T16:40:24.112664+00:00,17.24
s_third,2026-06-06T16:46:32.171116+00:00,15.92
s_third,2026-06-06T16:48:34.223541+00:00,5.21
s_third,2026-06-06T16:55:44.126030+00:00,9.72
s_third,2026-06-06T17:02:53.210049+00:00,7.42
s_third,2026-06-06T17:11:54.112200+00:00,-100.0
s_third,2026-06-06T17:11:54.275984+00:00,5.21
s_third,2026-06-06T17:19:45.613235+00:00,7.42
s_third,2026-06-06T17:26:42.681735+00:00,-100.0
s_third,2026-06-06T17:32:11.694618+00:00,13.36
s_third,2026-06-06T17:36:56.225368+00:00,10.91
s_third,2026-06-06T17:46:11.311831+00:00,7.42
s_third,2026-06-06T17:51:21.405901+00:00,15.92
s_third,2026-06-06T17:53:04.091817+00:00,10.91
s_third,2026-06-06T17:57:29.030754+00:00,-100.0
s_third,2026-06-06T18:06:06.325608+00:00,12.12
s_third,2026-06-06T18:07:28.437378+00:00,27.47
s_third,2026-06-06T18:16:02.514700+00:00,5.21
s_third,2026-06-06T18:17:24.295233+00:00,6.3
s_third,2026-06-06T18:24:56.185309+00:00,18.6
s_third,2026-06-06T18:31:03.452428+00:00,10.91
s_third,2026-06-06T18:46:40.974177+00:00,8.56
s_third,2026-06-06T18:51:56.908179+00:00,12.12
s_third,2026-06-06T18:52:58.592495+00:00,19.98
s_third,2026-06-06T18:59:47.345296+00:00,18.6
s_third,2026-06-06T19:02:29.328780+00:00,12.12
s_third,2026-06-06T19:08:17.693183+00:00,37.87
s_third,2026-06-06T19:18:26.790933+00:00,-100.0
s_third,2026-06-06T19:24:38.388896+00:00,21.41
s_third,2026-06-06T19:30:11.724973+00:00,21.41
s_third,2026-06-06T19:33:57.198396+00:00,6.3
s_third,2026-06-06T19:40:25.031844+00:00,30.75
s_third,2026-06-06T19:43:29.451331+00:00,18.6
s_third,2026-06-06T19:50:37.600309+00:00,24.36
s_third,2026-06-06T20:04:15.095137+00:00,-100.0
s_third,2026-06-06T20:09:43.914107+00:00,21.41
s_third,2026-06-06T20:22:15.692962+00:00,-100.0
s_third,2026-06-06T20:26:01.988302+00:00,21.41
s_third,2026-06-06T20:27:03.920377+00:00,17.24
s_third,2026-06-06T20:35:58.549931+00:00,8.56
s_third,2026-06-06T20:40:48.634232+00:00,30.75
s_third,2026-06-06T20:45:38.520080+00:00,25.89
s_third,2026-06-06T20:49:24.634063+00:00,32.45
s_third,2026-06-06T20:54:52.644321+00:00,14.62
s_third,2026-06-06T20:57:35.369083+00:00,25.89
s_third,2026-06-06T21:04:41.992778+00:00,18.6
s_third,2026-06-06T21:10:07.738298+00:00,32.45
s_third,2026-06-06T21:26:56.200475+00:00,-100.0
s_third,2026-06-06T21:34:41.180827+00:00,-100.0
s_third,2026-06-06T21:40:05.811959+00:00,18.6
s_third,2026-06-06T21:49:54.735182+00:00,41.75
s_third,2026-06-06T21:55:22.612184+00:00,39.79
s_third,2026-06-06T21:56:46.117269+00:00,30.75
s_third,2026-06-06T22:05:24.420513+00:00,7.42
s_third,2026-06-06T22:08:09.191780+00:00,-100.0
s_third,2026-06-06T22:13:37.303345+00:00,6.3
s_third,2026-06-06T22:20:45.429798+00:00,15.92
s_third,2026-06-06T22:36:24.244682+00:00,12.12
s_third,2026-06-06T22:41:30.888677+00:00,10.91
s_third,2026-06-06T22:46:37.772395+00:00,7.42
s_third,2026-06-06T22:51:02.294857+00:00,32.45
s_third,2026-06-06T22:52:03.481908+00:00,12.12
s_third,2026-06-06T22:57:48.682970+00:00,30.75
s_third,2026-06-06T23:17:41.420113+00:00,-100.0
s_third,2026-06-06T23:22:06.279901+00:00,34.21
s_third,2026-06-06T23:27:51.291854+00:00,-100.0
s_third,2026-06-06T23:36:57.541408+00:00,15.92
s_third,2026-06-06T23:42:02.507375+00:00,43.78
s_third,2026-06-06T23:47:07.017756+00:00,9.72
s_third,2026-06-06T23:53:55.769534+00:00,-100.0
s_third,2026-06-06T23:58:21.923008+00:00,18.6
s_third,2026-06-07T00:10:54.438092+00:00,24.36
s_third,2026-06-07T00:16:06.247286+00:00,5.21
s_third,2026-06-07T00:20:16.849790+00:00,13.36
s_third,2026-06-07T00:23:40.729713+00:00,19.98
s_third,2026-06-07T00:28:29.932473+00:00,18.6
s_third,2026-06-07T00:35:23.300835+00:00,-100.0
s_third,2026-06-07T00:39:09.655624+00:00,14.62
s_third,2026-06-07T00:45:19.949067+00:00,24.36
s_third,2026-06-07T00:55:49.050073+00:00,-100.0
s_third,2026-06-07T00:59:12.476689+00:00,5.21
s_third,2026-06-07T01:05:22.483686+00:00,7.42
s_third,2026-06-07T01:10:30.196911+00:00,5.21
s_third,2026-06-07T01:11:52.317398+00:00,8.56
s_third,2026-06-07T01:17:16.835091+00:00,-100.0
s_third,2026-06-07T01:26:29.490465+00:00,12.12
s_third,2026-06-07T01:26:50.378072+00:00,-100.0
s_third,2026-06-07T01:32:15.441651+00:00,8.56
s_third,2026-06-07T01:37:02.568530+00:00,5.21
s_third,2026-06-07T01:52:35.127378+00:00,14.62
s_third,2026-06-07T01:57:42.097717+00:00,17.24
s_third,2026-06-07T02:05:50.300853+00:00,25.89
s_third,2026-06-07T02:13:58.557353+00:00,19.98
s_third,2026-06-07T02:20:57.136898+00:00,5.21
s_third,2026-06-07T02:24:46.268483+00:00,5.21
s_third,2026-06-07T02:29:55.985332+00:00,-100.0
s_third,2026-06-07T02:36:26.688551+00:00,6.3
s_third,2026-06-07T02:41:13.550092+00:00,19.98
s_third,2026-06-07T02:47:22.476362+00:00,-100.0
s_third,2026-06-07T02:57:52.566363+00:00,-100.0
s_third,2026-06-07T03:07:12.063667+00:00,19.98
s_third,2026-06-07T03:07:33.242804+00:00,22.86
s_third,2026-06-07T03:15:20.067792+00:00,39.79
s_third,2026-06-07T03:20:25.860721+00:00,39.79
s_third,2026-06-07T03:26:34.928760+00:00,15.92
s_third,2026-06-07T03:31:24.221915+00:00,17.24
s_third,2026-06-07T03:33:06.508159+00:00,9.72
s_third,2026-06-07T03:41:01.823940+00:00,17.24
s_third,2026-06-07T03:43:05.788139+00:00,29.09
s_third,2026-06-07T03:49:54.273706+00:00,10.91
s_third,2026-06-07T03:55:21.271001+00:00,14.62
s_third,2026-06-07T04:05:51.518089+00:00,13.36
s_third,2026-06-07T04:12:59.718271+00:00,-100.0
s_third,2026-06-07T04:21:34.215357+00:00,6.3
s_third,2026-06-07T04:24:19.085372+00:00,18.6
s_third,2026-06-07T04:30:12.286752+00:00,7.42
s_third,2026-06-07T04:35:37.572882+00:00,21.41
s_third,2026-06-07T04:41:23.559404+00:00,37.87
s_third,2026-06-07T04:44:27.046720+00:00,22.86
s_third,2026-06-07T04:50:34.561530+00:00,5.21
s_third,2026-06-07T04:51:55.789630+00:00,17.24
s_third,2026-06-07T05:01:28.360013+00:00,-100.0
s_third,2026-06-07T05:20:50.489030+00:00,5.21
s_third,2026-06-07T05:25:55.252341+00:00,5.21
s_third,2026-06-07T05:32:43.657720+00:00,6.3
s_third,2026-06-07T05:37:30.643589+00:00,10.91
s_third,2026-06-07T05:42:35.559338+00:00,9.72
s_third,2026-06-07T05:54:06.549850+00:00,5.21
s_third,2026-06-07T06:07:21.683254+00:00,7.42
s_third,2026-06-07T06:12:46.695588+00:00,6.3
s_third,2026-06-07T06:18:30.885363+00:00,-100.0
s_third,2026-06-07T06:25:17.137143+00:00,7.42
s_third,2026-06-07T06:29:21.396458+00:00,21.41
s_third,2026-06-07T06:32:05.298205+00:00,10.91
s_third,2026-06-07T06:40:59.006619+00:00,15.92
s_third,2026-06-07T06:42:28.001942+00:00,-100.0
s_third,2026-06-07T06:47:55.186998+00:00,68.03
s_third,2026-06-07T06:54:06.737466+00:00,9.72
s_third,2026-06-07T06:59:35.746521+00:00,14.62
s_third,2026-06-07T07:03:20.475731+00:00,14.62
s_third,2026-06-07T07:12:10.477258+00:00,5.21
s_third,2026-06-07T07:17:18.459971+00:00,21.41
s_third,2026-06-07T07:22:45.811546+00:00,-100.0
s_third,2026-06-07T07:28:12.593987+00:00,-100.0
s_third,2026-06-07T07:32:38.741817+00:00,-100.0
s_third,2026-06-07T07:43:50.628607+00:00,25.89
s_third,2026-06-07T07:48:58.181438+00:00,22.86
s_third,2026-06-07T08:01:11.933739+00:00,70.93
s_third,2026-06-07T08:02:12.920775+00:00,5.21
s_third,2026-06-07T08:07:40.909143+00:00,-100.0
s_third,2026-06-07T08:13:31.542929+00:00,17.24
s_third,2026-06-07T08:19:04.247205+00:00,-100.0
s_third,2026-06-07T08:23:52.148460+00:00,-100.0
s_third,2026-06-07T08:30:21.537735+00:00,15.92
s_third,2026-06-07T08:32:45.754720+00:00,13.36
s_third,2026-06-07T08:38:33.451105+00:00,17.24
s_third,2026-06-07T09:01:18.449697+00:00,-100.0
s_third,2026-06-07T09:06:33.312287+00:00,-100.0
s_third,2026-06-07T09:11:22.022135+00:00,27.47
s_third,2026-06-07T09:20:21.541507+00:00,-100.0
s_third,2026-06-07T09:27:19.086319+00:00,41.75
s_third,2026-06-07T09:30:07.084935+00:00,17.24
s_third,2026-06-07T09:35:17.824707+00:00,12.12
s_third,2026-06-07T09:41:14.075886+00:00,8.56
s_third,2026-06-07T09:46:48.694381+00:00,9.72
s_third,2026-06-07T09:50:17.731064+00:00,32.45
s_third,2026-06-07T09:51:59.978106+00:00,5.21
s_third,2026-06-07T10:04:14.148229+00:00,65.23
s_third,2026-06-07T10:13:45.167714+00:00,21.41
s_third,2026-06-07T10:21:35.606906+00:00,6.3
s_third,2026-06-07T10:21:55.858359+00:00,17.24
s_third,2026-06-07T10:38:52.184547+00:00,18.6
s_third,2026-06-07T10:51:13.723062+00:00,-100.0
s_third,2026-06-07T10:52:36.354238+00:00,-100.0
s_third,2026-06-07T10:57:02.417332+00:00,13.36
s_third,2026-06-07T11:02:11.330747+00:00,-100.0
s_third,2026-06-07T11:07:58.239921+00:00,22.86
s_third,2026-06-07T11:17:47.757289+00:00,19.98
s_third,2026-06-07T11:24:13.840592+00:00,-100.0
s_third,2026-06-07T11:29:41.701359+00:00,17.24
s_third,2026-06-07T11:32:05.214395+00:00,36.02
s_third,2026-06-07T11:47:57.645533+00:00,21.41
s_third,2026-06-07T11:54:03.043656+00:00,9.72
s_third,2026-06-07T12:04:17.036713+00:00,9.72
s_third,2026-06-07T12:10:53.954264+00:00,-100.0
s_third,2026-06-07T12:12:17.411931+00:00,32.45
s_third,2026-06-07T12:28:54.093129+00:00,52.55
s_third,2026-06-07T12:31:39.472704+00:00,32.45
s_third,2026-06-07T12:39:10.653350+00:00,15.92
s_third,2026-06-07T12:43:57.933351+00:00,27.47
s_third,2026-06-07T12:50:27.649857+00:00,6.3
s_third,2026-06-07T13:00:44.102484+00:00,-100.0
s_third,2026-06-07T13:02:27.516836+00:00,6.3
s_third,2026-06-07T13:07:15.424136+00:00,14.62
s_third,2026-06-07T13:14:09.846962+00:00,-100.0
s_third,2026-06-07T13:19:19.749760+00:00,-100.0
s_third,2026-06-07T13:25:52.923867+00:00,9.72
s_third,2026-06-07T13:30:39.405732+00:00,43.78
s_third,2026-06-07T13:36:33.312467+00:00,10.91
s_third,2026-06-07T13:38:15.610252+00:00,-100.0
s_third,2026-06-07T13:50:12.338356+00:00,27.47
s_third,2026-06-07T13:54:38.794746+00:00,39.79
s_third,2026-06-07T13:58:02.800693+00:00,5.21
s_third,2026-06-07T14:04:29.950826+00:00,-100.0
s_third,2026-06-07T14:09:35.660534+00:00,8.56
s_third,2026-06-07T14:16:42.848954+00:00,25.89
s_third,2026-06-07T14:18:24.099601+00:00,27.47
s_third,2026-06-07T14:34:15.777165+00:00,7.42
s_third,2026-06-07T14:45:09.730245+00:00,21.41
s_third,2026-06-07T14:57:39.274489+00:00,6.3
s_third,2026-06-07T15:03:48.267533+00:00,30.75
s_third,2026-06-07T15:07:34.033672+00:00,6.3
s_third,2026-06-07T15:14:27.192171+00:00,-100.0
s_third,2026-06-07T15:19:35.877162+00:00,32.45
s_third,2026-06-07T15:25:07.910657+00:00,7.42
s_third,2026-06-07T15:30:34.406988+00:00,22.86
s_third,2026-06-07T15:36:22.009522+00:00,10.91
s_third,2026-06-07T15:37:02.321933+00:00,12.12
s_third,2026-06-07T15:48:56.410933+00:00,8.56
s_third,2026-06-07T15:55:28.266506+00:00,34.21
s_third,2026-06-07T15:59:33.484620+00:00,21.41
s_third,2026-06-07T16:06:10.295727+00:00,-100.0
s_third,2026-06-07T16:11:24.328920+00:00,13.36
s_third,2026-06-07T16:16:13.712517+00:00,-100.0
s_third,2026-06-07T16:22:00.904208+00:00,14.62
s_third,2026-06-07T16:24:44.840440+00:00,37.87
s_third,2026-06-07T16:30:33.499411+00:00,27.47
s_third,2026-06-07T16:35:01.269596+00:00,6.3
s_third,2026-06-07T16:40:08.680064+00:00,8.56
s_third,2026-06-07T16:46:23.753063+00:00,24.36
s_third,2026-06-07T16:51:33.697917+00:00,17.24
s_third,2026-06-07T16:52:56.139504+00:00,36.02
s_third,2026-06-07T17:10:10.294341+00:00,14.62
s_third,2026-06-07T17:16:59.856222+00:00,10.91
s_third,2026-06-07T17:17:41.105272+00:00,10.91
s_third,2026-06-07T17:30:12.890436+00:00,-100.0
s_third,2026-06-07T17:37:39.628702+00:00,12.12
s_third,2026-06-07T17:41:43.304382+00:00,-100.0
s_third,2026-06-07T17:47:08.346247+00:00,21.41
s_third,2026-06-07T17:52:16.099891+00:00,13.36
s_third,2026-06-07T17:57:23.618468+00:00,5.21
s_third,2026-06-07T18:10:36.125983+00:00,-100.0
s_third,2026-06-07T18:15:22.219843+00:00,36.02
s_third,2026-06-07T18:21:07.457415+00:00,9.72
s_third,2026-06-07T18:28:34.539641+00:00,19.98
s_third,2026-06-07T18:34:00.661079+00:00,14.62
s_third,2026-06-07T18:40:30.520740+00:00,13.36
s_third,2026-06-07T18:42:34.413837+00:00,14.62
s_third,2026-06-07T18:52:45.364296+00:00,-100.0
s_third,2026-06-07T18:57:12.384326+00:00,18.6
s_third,2026-06-07T19:04:41.636157+00:00,6.3
s_third,2026-06-07T19:32:25.441411+00:00,13.36
s_third,2026-06-07T19:39:15.331515+00:00,5.21
s_third,2026-06-07T19:47:04.150841+00:00,13.36
s_third,2026-06-07T19:52:11.888302+00:00,10.91
s_third,2026-06-07T19:56:57.451596+00:00,17.24
s_third,2026-06-07T20:04:49.333384+00:00,-100.0
s_third,2026-06-07T20:08:53.092624+00:00,10.91
s_third,2026-06-07T20:14:59.085937+00:00,13.36
s_third,2026-06-07T20:41:12.032643+00:00,10.91
s_third,2026-06-07T20:43:15.371824+00:00,5.21
s_third,2026-06-07T20:48:20.171230+00:00,12.12
s_third,2026-06-07T20:56:08.515275+00:00,7.42
s_third,2026-06-07T20:57:09.628486+00:00,7.42
s_third,2026-06-07T21:06:22.680060+00:00,15.92
s_third,2026-06-07T21:07:24.279690+00:00,15.92
s_third,2026-06-07T21:13:29.469803+00:00,17.24
s_third,2026-06-07T21:25:05.393770+00:00,9.72
s_third,2026-06-07T21:29:13.273380+00:00,9.72
s_third,2026-06-07T21:33:37.398115+00:00,-100.0
s_third,2026-06-07T21:40:08.372055+00:00,24.36
s_third,2026-06-07T21:42:30.438877+00:00,10.91
s_third,2026-06-07T21:59:27.987807+00:00,18.6
s_third,2026-06-07T22:04:34.631537+00:00,6.3
s_third,2026-06-07T22:11:03.326841+00:00,10.91
s_third,2026-06-07T22:12:04.384009+00:00,29.09
s_third,2026-06-07T22:39:31.778098+00:00,8.56
s_third,2026-06-07T22:45:40.206614+00:00,6.3
s_third,2026-06-07T22:52:48.452112+00:00,-100.0
s_third,2026-06-07T22:57:56.369791+00:00,14.62
s_third,2026-06-07T23:02:23.435274+00:00,34.21
s_third,2026-06-07T23:08:50.521763+00:00,-100.0
s_third,2026-06-07T23:13:36.452014+00:00,21.41
s_third,2026-06-07T23:27:05.691133+00:00,29.09
s_third,2026-06-07T23:36:56.746115+00:00,-100.0
s_third,2026-06-07T23:44:28.502264+00:00,22.86
s_third,2026-06-07T23:50:14.502680+00:00,24.36
s_third,2026-06-07T23:55:47.084062+00:00,-100.0
s_third,2026-06-08T00:01:18.596661+00:00,13.36
s_third,2026-06-08T00:02:20.340646+00:00,9.72
s_third,2026-06-08T00:09:32.173889+00:00,5.21
s_third,2026-06-08T00:13:17.423902+00:00,18.6
s_third,2026-06-08T00:20:26.508117+00:00,8.56
s_third,2026-06-08T00:40:44.128537+00:00,14.62
s_third,2026-06-08T00:47:51.793332+00:00,21.41
s_third,2026-06-08T00:54:43.105117+00:00,-100.0
s_third,2026-06-08T01:00:15.170717+00:00,21.41
s_third,2026-06-08T01:05:07.054845+00:00,15.92
s_third,2026-06-08T01:10:18.004882+00:00,5.21
s_third,2026-06-08T01:15:52.662047+00:00,27.47
s_third,2026-06-08T01:16:54.524246+00:00,8.56
s_third,2026-06-08T01:23:22.040016+00:00,36.02
s_third,2026-06-08T01:30:39.356941+00:00,19.98
s_third,2026-06-08T01:41:28.118032+00:00,8.56
s_third,2026-06-08T01:47:18.937452+00:00,-100.0
s_third,2026-06-08T01:51:47.923095+00:00,9.72
s_third,2026-06-08T01:53:10.761520+00:00,37.87
s_third,2026-06-08T01:58:19.807940+00:00,8.56
s_third,2026-06-08T02:03:26.681366+00:00,5.21
s_third,2026-06-08T02:08:55.727873+00:00,18.6
s_third,2026-06-08T02:14:24.118125+00:00,29.09
s_third,2026-06-08T02:21:52.480867+00:00,22.86
s_third,2026-06-08T02:32:04.538920+00:00,10.91
s_third,2026-06-08T02:37:19.351628+00:00,30.75
s_third,2026-06-08T02:38:22.226138+00:00,5.21
s_third,2026-06-08T02:43:29.533481+00:00,24.36
s_third,2026-06-08T02:48:59.089311+00:00,15.92
s_third,2026-06-08T02:55:30.931243+00:00,18.6
s_third,2026-06-08T03:01:18.662171+00:00,21.41
s_third,2026-06-08T03:02:20.170546+00:00,21.41
s_third,2026-06-08T03:07:27.119982+00:00,10.91
s_third,2026-06-08T03:12:32.990491+00:00,17.24
s_third,2026-06-08T03:18:59.178114+00:00,8.56
s_third,2026-06-08T03:24:07.143887+00:00,8.56
s_third,2026-06-08T03:30:36.793493+00:00,9.72
s_third,2026-06-08T03:35:46.608226+00:00,7.42
s_third,2026-06-08T03:40:31.216900+00:00,13.36
s_third,2026-06-08T03:51:41.953893+00:00,25.89
s_third,2026-06-08T03:58:30.006875+00:00,41.75
s_third,2026-06-08T04:09:24.442753+00:00,41.75
s_third,2026-06-08T04:14:34.788466+00:00,14.62
s_third,2026-06-08T04:20:46.117807+00:00,-100.0
s_third,2026-06-08T04:22:08.884446+00:00,43.78
s_third,2026-06-08T04:27:15.691797+00:00,24.36
s_third,2026-06-08T04:33:20.211803+00:00,15.92
s_third,2026-06-08T04:39:30.029753+00:00,17.24
s_third,2026-06-08T04:44:38.939829+00:00,19.98
s_third,2026-06-08T04:49:47.369634+00:00,6.3
s_third,2026-06-08T05:06:26.834429+00:00,21.41
s_third,2026-06-08T05:19:41.832867+00:00,5.21
s_third,2026-06-08T05:22:45.477432+00:00,22.86
s_third,2026-06-08T05:30:38.298255+00:00,36.02
s_third,2026-06-08T05:35:48.992332+00:00,5.21
s_third,2026-06-08T05:37:52.222445+00:00,9.72
s_third,2026-06-08T05:42:59.430725+00:00,5.21
s_third,2026-06-08T05:54:07.978934+00:00,30.75
s_third,2026-06-08T06:05:02.086171+00:00,-100.0
s_third,2026-06-08T06:10:32.011751+00:00,12.12
s_third,2026-06-08T06:12:56.104008+00:00,-100.0
s_third,2026-06-08T06:18:24.209409+00:00,21.41
s_third,2026-06-08T06:25:13.124698+00:00,8.56
s_third,2026-06-08T06:29:41.810501+00:00,-100.0
s_third,2026-06-08T06:35:50.741281+00:00,5.21
s_third,2026-06-08T06:41:25.488881+00:00,27.47
s_third,2026-06-08T06:42:27.385000+00:00,15.92
s_third,2026-06-08T06:48:34.286434+00:00,10.91
s_third,2026-06-08T06:53:41.461241+00:00,18.6
s_third,2026-06-08T07:09:40.766829+00:00,10.91
s_third,2026-06-08T07:16:46.379046+00:00,22.86
s_third,2026-06-08T07:22:33.166031+00:00,-100.0
s_third,2026-06-08T07:28:59.403614+00:00,21.41
s_third,2026-06-08T07:34:05.049030+00:00,-100.0
s_third,2026-06-08T07:40:35.581125+00:00,41.75
s_third,2026-06-08T07:45:42.354222+00:00,-100.0
s_third,2026-06-08T08:03:58.419705+00:00,8.56
s_third,2026-06-08T08:10:13.695635+00:00,6.3
s_third,2026-06-08T08:15:06.194739+00:00,-100.0
s_third,2026-06-08T08:20:18.017676+00:00,12.12
s_third,2026-06-08T08:21:40.621937+00:00,5.21
s_third,2026-06-08T08:26:46.082049+00:00,6.3
s_third,2026-06-08T08:32:54.578346+00:00,22.86
s_third,2026-06-08T08:37:58.555665+00:00,29.09
s_third,2026-06-08T08:45:32.778834+00:00,30.75
s_third,2026-06-08T08:50:02.124907+00:00,21.41
s_third,2026-06-08T08:55:13.523051+00:00,5.21
s_third,2026-06-08T09:01:04.676500+00:00,13.36
s_third,2026-06-08T09:03:07.396875+00:00,45.88
s_third,2026-06-08T09:14:21.141940+00:00,17.24
s_third,2026-06-08T09:26:14.106043+00:00,5.21
s_third,2026-06-08T09:30:44.762240+00:00,70.93
s_third,2026-06-08T09:32:48.250125+00:00,-100.0
s_third,2026-06-08T09:38:35.551476+00:00,9.72
s_third,2026-06-08T09:43:01.210619+00:00,5.21
s_third,2026-06-08T09:48:27.923713+00:00,7.42
s_third,2026-06-08T09:53:32.576194+00:00,10.91
s_third,2026-06-08T10:00:05.522653+00:00,9.72
s_third,2026-06-08T10:11:00.041686+00:00,10.91
s_third,2026-06-08T10:13:03.572716+00:00,17.24
s_third,2026-06-08T10:24:18.847588+00:00,5.21
s_third,2026-06-08T10:29:29.854824+00:00,8.56
s_third,2026-06-08T10:36:43.306985+00:00,7.42
s_third,2026-06-08T10:39:47.993888+00:00,29.09
s_third,2026-06-08T10:44:35.706930+00:00,12.12
s_third,2026-06-08T10:49:46.811839+00:00,15.92
s_third,2026-06-08T10:54:57.113358+00:00,7.42
s_third,2026-06-08T10:58:00.115205+00:00,27.47
s_third,2026-06-08T11:07:49.352060+00:00,5.21
s_third,2026-06-08T11:13:15.911798+00:00,5.21
s_third,2026-06-08T11:33:38.626366+00:00,21.41
s_third,2026-06-08T11:38:07.321830+00:00,37.87
s_third,2026-06-08T11:48:40.466095+00:00,22.86
s_third,2026-06-08T11:59:34.561835+00:00,57.37
s_third,2026-06-08T12:05:25.508050+00:00,-100.0
s_third,2026-06-08T12:15:37.744872+00:00,15.92
s_third,2026-06-08T12:20:45.919179+00:00,22.86
s_third,2026-06-08T12:28:30.698407+00:00,8.56
s_third,2026-06-08T12:36:41.205892+00:00,5.21
s_third,2026-06-08T12:38:03.060130+00:00,15.92
s_third,2026-06-08T12:50:15.378402+00:00,13.36
s_third,2026-06-08T12:56:28.902592+00:00,32.45
s_third,2026-06-08T13:00:56.135807+00:00,-100.0
s_third,2026-06-08T13:12:13.691958+00:00,34.21
s_third,2026-06-08T13:13:14.454851+00:00,12.12
s_third,2026-06-08T13:20:02.023384+00:00,-100.0
s_third,2026-06-08T13:31:19.850911+00:00,-100.0
s_third,2026-06-08T13:32:22.340702+00:00,5.21
s_third,2026-06-08T13:37:30.696913+00:00,10.91
s_third,2026-06-08T13:44:59.095182+00:00,-100.0
s_third,2026-06-08T13:51:09.943977+00:00,15.92
s_third,2026-06-08T13:52:12.674076+00:00,-100.0
s_third,2026-06-08T14:02:20.680853+00:00,32.45
s_third,2026-06-08T14:08:09.660171+00:00,27.47
s_third,2026-06-08T14:15:37.780315+00:00,12.12
s_third,2026-06-08T14:19:44.582776+00:00,32.45
s_third,2026-06-08T14:27:21.197933+00:00,-100.0
s_third,2026-06-08T14:27:41.717902+00:00,12.12
s_third,2026-06-08T14:32:28.131039+00:00,-100.0
s_third,2026-06-08T14:40:00.101132+00:00,8.56
s_third,2026-06-08T14:44:27.170233+00:00,15.92
s_third,2026-06-08T14:52:19.913761+00:00,24.36
s_third,2026-06-08T14:52:20.101643+00:00,-100.0
s_third,2026-06-08T14:57:46.409102+00:00,32.45
s_third,2026-06-08T15:08:15.955063+00:00,-100.0
s_third,2026-06-08T15:14:44.548824+00:00,30.75
s_third,2026-06-08T15:16:46.803924+00:00,6.3
s_third,2026-06-08T15:21:53.426667+00:00,5.21
s_third,2026-06-08T15:28:01.032296+00:00,15.92
s_third,2026-06-08T15:32:28.706941+00:00,25.89
s_third,2026-06-08T15:40:26.469960+00:00,32.45
s_third,2026-06-08T15:45:57.415785+00:00,-100.0
s_third,2026-06-08T15:52:28.628518+00:00,15.92
s_third,2026-06-08T15:52:28.719046+00:00,22.86
s_third,2026-06-08T15:57:53.831076+00:00,5.21
s_third,2026-06-08T16:02:42.480653+00:00,5.21
s_third,2026-06-08T16:08:28.366467+00:00,22.86
s_third,2026-06-08T16:15:00.400912+00:00,29.09
s_third,2026-06-08T16:17:44.374951+00:00,-100.0
s_third,2026-06-08T16:23:09.861529+00:00,5.21
s_third,2026-06-08T16:28:16.571768+00:00,43.78
s_third,2026-06-08T16:33:04.420991+00:00,5.21
s_third,2026-06-08T16:37:51.054244+00:00,9.72
s_third,2026-06-08T16:43:17.105327+00:00,-100.0
s_third,2026-06-08T16:54:33.199773+00:00,25.89
s_third,2026-06-08T16:56:57.202355+00:00,34.21
s_third,2026-06-08T17:03:25.644508+00:00,18.6
s_third,2026-06-08T17:13:37.266423+00:00,18.6
s_third,2026-06-08T17:18:25.205638+00:00,36.02
s_third,2026-06-08T17:23:30.066765+00:00,6.3
s_third,2026-06-08T17:30:18.433242+00:00,6.3
s_third,2026-06-08T17:35:22.019863+00:00,14.62
s_third,2026-06-08T17:42:31.095689+00:00,22.86
s_third,2026-06-08T17:47:37.560898+00:00,8.56
s_third,2026-06-08T17:53:44.072115+00:00,12.12
s_third,2026-06-08T17:57:07.623622+00:00,24.36
s_third,2026-06-08T18:14:03.986825+00:00,-100.0
s_third,2026-06-08T18:20:35.685615+00:00,5.21
s_third,2026-06-08T18:21:58.991423+00:00,14.62
s_third,2026-06-08T18:34:11.146786+00:00,18.6
s_third,2026-06-08T18:39:41.816455+00:00,19.98
s_third,2026-06-08T18:45:34.036471+00:00,5.21
s_third,2026-06-08T18:50:38.314039+00:00,9.72
s_third,2026-06-08T19:00:49.202336+00:00,7.42
s_third,2026-06-08T19:03:11.468916+00:00,7.42
s_third,2026-06-08T19:08:37.597089+00:00,8.56
s_third,2026-06-08T19:13:25.182744+00:00,29.09
s_third,2026-06-08T19:20:17.645687+00:00,-100.0
s_third,2026-06-08T19:26:31.195372+00:00,-100.0
s_third,2026-06-08T19:27:12.945216+00:00,-100.0
s_third,2026-06-08T19:32:56.982533+00:00,5.21
s_third,2026-06-08T19:39:48.483646+00:00,24.36
s_third,2026-06-08T19:46:45.310358+00:00,27.47
s_third,2026-06-08T19:50:49.390092+00:00,25.89
s_third,2026-06-08T19:52:31.088191+00:00,10.91
s_third,2026-06-08T19:56:36.019881+00:00,5.21
s_third,2026-06-08T20:02:03.240051+00:00,24.36
s_third,2026-06-08T20:10:14.249619+00:00,77.05
s_third,2026-06-08T20:11:37.206456+00:00,10.91
s_third,2026-06-08T20:21:16.643967+00:00,12.12
s_third,2026-06-08T20:24:00.995976+00:00,10.91
s_third,2026-06-08T20:27:05.066547+00:00,13.36
s_third,2026-06-08T20:38:34.661661+00:00,9.72
s_third,2026-06-08T20:41:57.589915+00:00,8.56
s_third,2026-06-08T20:47:00.641109+00:00,27.47
s_third,2026-06-08T20:54:27.310006+00:00,12.12
s_third,2026-06-08T20:59:37.062840+00:00,29.09
s_third,2026-06-08T21:04:01.382174+00:00,27.47
s_third,2026-06-08T21:09:28.205578+00:00,5.21
s_third,2026-06-08T21:14:16.016359+00:00,5.21
s_third,2026-06-08T21:17:20.882751+00:00,17.24
s_third,2026-06-08T21:22:49.739996+00:00,12.12
s_third,2026-06-08T21:29:16.612461+00:00,19.98
s_third,2026-06-08T21:40:09.097860+00:00,22.86
s_third,2026-06-08T21:51:04.170727+00:00,15.92
s_third,2026-06-08T21:55:56.296745+00:00,7.42
s_third,2026-06-08T21:57:38.243766+00:00,18.6
s_third,2026-06-08T22:13:10.862769+00:00,10.91
s_third,2026-06-08T22:25:25.145061+00:00,17.24
s_third,2026-06-08T22:35:58.483047+00:00,24.36
s_third,2026-06-08T22:41:07.151016+00:00,30.75
s_third,2026-06-08T22:43:29.304472+00:00,22.86
s_third,2026-06-08T22:51:42.031487+00:00,19.98
s_third,2026-06-08T23:03:11.567189+00:00,9.72
s_third,2026-06-08T23:09:42.202220+00:00,18.6
s_third,2026-06-08T23:15:08.237903+00:00,18.6
s_third,2026-06-08T23:32:23.035719+00:00,15.92
s_third,2026-06-08T23:37:30.047773+00:00,13.36
s_third,2026-06-08T23:42:35.390992+00:00,5.21
s_third,2026-06-08T23:55:10.567183+00:00,5.21
s_third,2026-06-08T23:58:14.023154+00:00,14.62
s_third,2026-06-09T00:06:42.217756+00:00,-100.0
s_third,2026-06-09T00:12:27.069336+00:00,-100.0
s_third,2026-06-09T00:20:58.315238+00:00,18.6
s_third,2026-06-09T00:23:00.197194+00:00,-100.0
s_third,2026-06-09T00:27:05.703618+00:00,27.47
s_third,2026-06-09T00:37:56.229305+00:00,-100.0
s_third,2026-06-09T00:42:43.398682+00:00,13.36
s_third,2026-06-09T01:01:19.863064+00:00,29.09
s_third,2026-06-09T01:02:01.435136+00:00,-100.0
s_third,2026-06-09T01:13:13.735489+00:00,-100.0
s_third,2026-06-09T01:25:04.238919+00:00,14.62
s_third,2026-06-09T01:32:32.083795+00:00,21.41
s_third,2026-06-09T01:37:15.046702+00:00,12.12
s_third,2026-06-09T01:49:06.548951+00:00,24.36
s_third,2026-06-09T01:55:36.097985+00:00,6.3
s_third,2026-06-09T02:00:43.043977+00:00,30.75
s_third,2026-06-09T02:02:24.676634+00:00,5.21
s_third,2026-06-09T02:07:49.862638+00:00,12.12
s_third,2026-06-09T02:20:07.596820+00:00,8.56
s_third,2026-06-09T02:25:02.553125+00:00,21.41
s_third,2026-06-09T02:33:24.543933+00:00,17.24
s_third,2026-06-09T02:49:37.682177+00:00,9.72
s_third,2026-06-09T02:56:26.164378+00:00,9.72
s_third,2026-06-09T03:03:33.068412+00:00,10.91
s_third,2026-06-09T03:08:42.237764+00:00,12.12
s_third,2026-06-09T03:13:50.534880+00:00,13.36
s_third,2026-06-09T03:27:43.067380+00:00,24.36
s_third,2026-06-09T03:32:26.747000+00:00,24.36
s_third,2026-06-09T03:37:53.451359+00:00,24.36
s_third,2026-06-09T03:42:37.638574+00:00,6.3
s_third,2026-06-09T03:49:05.159332+00:00,21.41
s_third,2026-06-09T03:51:49.075972+00:00,-100.0
s_third,2026-06-09T04:01:41.535045+00:00,6.3
s_third,2026-06-09T04:06:51.463778+00:00,54.92
s_third,2026-06-09T04:07:32.482414+00:00,22.86
s_third,2026-06-09T04:16:24.388314+00:00,77.05
s_third,2026-06-09T04:20:30.267840+00:00,-100.0
s_third,2026-06-09T04:24:15.722530+00:00,62.52
s_third,2026-06-09T04:26:56.679874+00:00,-100.0
s_third,2026-06-09T04:35:28.145752+00:00,18.6
s_third,2026-06-09T04:46:21.608596+00:00,5.21
s_third,2026-06-09T05:05:44.083647+00:00,8.56
s_third,2026-06-09T05:10:12.007862+00:00,18.6
s_third,2026-06-09T05:21:25.075176+00:00,5.21
s_third,2026-06-09T05:22:47.714254+00:00,5.21
s_third,2026-06-09T05:29:38.166850+00:00,-100.0
s_third,2026-06-09T05:34:05.212901+00:00,29.09
s_third,2026-06-09T05:45:01.821944+00:00,-100.0
s_third,2026-06-09T06:01:36.652137+00:00,15.92
s_third,2026-06-09T06:07:45.404672+00:00,-100.0
s_third,2026-06-09T06:14:11.299316+00:00,-100.0
s_third,2026-06-09T06:20:59.803112+00:00,22.86
s_third,2026-06-09T06:24:23.390202+00:00,24.36
s_third,2026-06-09T06:30:29.665978+00:00,-100.0
s_third,2026-06-09T06:32:31.668376+00:00,24.36
s_third,2026-06-09T06:41:31.535474+00:00,9.72
s_third,2026-06-09T06:44:17.541025+00:00,14.62
s_third,2026-06-09T06:47:00.937528+00:00,6.3
s_third,2026-06-09T06:54:32.147174+00:00,-100.0
s_third,2026-06-09T06:59:20.540446+00:00,24.36
s_third,2026-06-09T07:03:45.663214+00:00,19.98
s_third,2026-06-09T07:14:16.678873+00:00,18.6
s_third,2026-06-09T07:19:24.687895+00:00,9.72
s_third,2026-06-09T07:23:49.667550+00:00,17.24
s_third,2026-06-09T07:29:18.409094+00:00,15.92
s_third,2026-06-09T07:44:13.613437+00:00,-100.0
s_third,2026-06-09T07:49:18.154315+00:00,8.56
s_third,2026-06-09T08:09:40.943140+00:00,5.21
s_third,2026-06-09T08:18:51.367156+00:00,32.45
s_third,2026-06-09T08:26:24.515454+00:00,-100.0
s_third,2026-06-09T08:30:10.122022+00:00,18.6
s_third,2026-06-09T08:35:23.250642+00:00,13.36
s_third,2026-06-09T08:37:26.487643+00:00,50.26
s_third,2026-06-09T08:47:35.446753+00:00,12.12
s_third,2026-06-09T08:55:26.193215+00:00,9.72
s_third,2026-06-09T08:57:08.775275+00:00,5.21
s_third,2026-06-09T09:09:02.252863+00:00,6.3
s_third,2026-06-09T09:15:51.219266+00:00,10.91
s_third,2026-06-09T09:25:00.888074+00:00,18.6
s_third,2026-06-09T09:28:06.187935+00:00,18.6
s_third,2026-06-09T09:36:23.838287+00:00,18.6
s_third,2026-06-09T09:38:07.122098+00:00,10.91
s_third,2026-06-09T09:44:16.791223+00:00,32.45
s_third,2026-06-09T10:06:15.164189+00:00,12.12
s_third,2026-06-09T10:08:18.807618+00:00,9.72
s_third,2026-06-09T10:12:25.906068+00:00,7.42
s_third,2026-06-09T10:19:54.125247+00:00,6.3
s_third,2026-06-09T10:25:43.333952+00:00,8.56
s_third,2026-06-09T10:37:17.246389+00:00,5.21
s_third,2026-06-09T10:42:42.120891+00:00,18.6
s_third,2026-06-09T10:47:26.262237+00:00,13.36
s_third,2026-06-09T10:52:52.788339+00:00,22.86
s_third,2026-06-09T11:01:43.625921+00:00,8.56
s_third,2026-06-09T11:03:04.766488+00:00,15.92
s_third,2026-06-09T11:12:53.186523+00:00,6.3
s_third,2026-06-09T11:18:23.324432+00:00,9.72
s_third,2026-06-09T11:28:09.325913+00:00,12.12
s_third,2026-06-09T11:40:16.737086+00:00,22.86
s_third,2026-06-09T13:14:55.733640+00:00,13.36
s_third,2026-06-09T13:31:49.733433+00:00,24.36
s_third,2026-06-09T13:37:56.922404+00:00,-100.0
s_third,2026-06-09T13:55:01.360357+00:00,65.23
s_third,2026-06-09T14:07:01.924166+00:00,-100.0
s_third,2026-06-09T14:07:22.689738+00:00,-100.0
s_third,2026-06-09T14:40:07.394944+00:00,-100.0
s_third,2026-06-09T15:01:24.905321+00:00,15.92
s_third,2026-06-09T15:03:07.227012+00:00,9.72
s_third,2026-06-09T15:16:18.934899+00:00,8.56
s_third,2026-06-09T15:47:16.671026+00:00,-100.0
s_third,2026-06-09T16:19:57.613181+00:00,-100.0
s_third,2026-06-09T16:25:26.190468+00:00,-100.0
s_third,2026-06-09T16:29:51.111986+00:00,10.91
s_third,2026-06-09T16:38:17.827947+00:00,10.91
s_third,2026-06-09T16:46:26.463871+00:00,-100.0
s_third,2026-06-09T16:51:51.207185+00:00,7.42
s_third,2026-06-09T17:21:14.079055+00:00,25.89
s_third,2026-06-09T17:25:38.432081+00:00,5.21
s_third,2026-06-09T17:34:27.436833+00:00,-100.0
s_third,2026-06-09T17:40:14.004615+00:00,22.86
s_third,2026-06-09T17:47:01.483358+00:00,-100.0
s_third,2026-06-09T17:57:29.428455+00:00,6.3
s_third,2026-06-09T18:12:21.188771+00:00,5.21
s_third,2026-06-09T18:23:10.603545+00:00,21.41
s_third,2026-06-09T18:41:25.699315+00:00,29.09
s_third,2026-06-09T18:55:39.147711+00:00,13.36
s_third,2026-06-09T19:01:25.188826+00:00,17.24
s_third,2026-06-09T19:06:49.736396+00:00,13.36
s_third,2026-06-09T19:25:43.520722+00:00,-100.0
s_third,2026-06-09T19:29:06.779659+00:00,13.36
s_third,2026-06-09T19:40:18.129604+00:00,7.42
s_third,2026-06-09T20:03:57.932012+00:00,8.56
s_third,2026-06-09T20:17:09.096580+00:00,6.3
s_third,2026-06-09T20:36:04.195130+00:00,17.24
s_third,2026-06-09T20:45:34.737739+00:00,9.72
s_third,2026-06-09T20:48:17.577817+00:00,5.21
s_third,2026-06-09T21:04:28.968209+00:00,14.62
s_third,2026-06-09T21:11:34.468801+00:00,5.21
s_third,2026-06-09T21:38:17.330375+00:00,22.86
s_third,2026-06-09T21:42:01.235873+00:00,8.56
s_third,2026-06-09T21:54:33.383231+00:00,25.89
s_third,2026-06-09T22:12:45.020065+00:00,14.62
s_third,2026-06-09T22:18:10.269466+00:00,17.24
s_third,2026-06-09T22:22:55.360507+00:00,6.3
s_third,2026-06-09T23:11:12.095185+00:00,21.41
s_third,2026-06-09T23:12:13.048998+00:00,-100.0
s_third,2026-06-09T23:24:01.681958+00:00,5.21
s_third,2026-06-09T23:37:09.641864+00:00,-100.0
s_third,2026-06-09T23:49:59.428315+00:00,10.91
s_third,2026-06-10T00:10:57.771405+00:00,6.3
s_third,2026-06-10T00:15:02.113367+00:00,36.02
s_third,2026-06-10T00:32:11.373904+00:00,9.72
s_third,2026-06-10T00:44:40.723756+00:00,-100.0
s_third,2026-06-10T00:51:47.414834+00:00,6.3
s_third,2026-06-10T00:57:33.013884+00:00,37.87
s_third,2026-06-10T01:09:42.297908+00:00,12.12
s_third,2026-06-10T01:20:12.518408+00:00,5.21
s_third,2026-06-10T01:25:57.873928+00:00,30.75
s_third,2026-06-10T01:33:05.009385+00:00,5.21
s_third,2026-06-10T01:39:51.014039+00:00,29.09
s_third,2026-06-10T01:53:42.134623+00:00,15.92
s_third,2026-06-10T02:11:12.978370+00:00,-100.0
s_third,2026-06-10T02:31:11.535386+00:00,-100.0
s_third,2026-06-10T02:36:39.317644+00:00,12.12
s_third,2026-06-10T02:44:27.211980+00:00,-100.0
s_third,2026-06-10T02:50:54.324616+00:00,10.91
s_third,2026-06-10T03:03:04.223021+00:00,5.21
s_third,2026-06-10T03:10:31.686998+00:00,6.3
s_third,2026-06-10T03:46:16.130981+00:00,15.92
s_third,2026-06-10T03:53:01.141377+00:00,14.62
s_third,2026-06-10T04:13:00.067392+00:00,83.64
s_third,2026-06-10T04:23:07.980907+00:00,94.52
s_third,2026-06-10T04:54:06.076870+00:00,12.12
s_third,2026-06-10T05:29:51.946625+00:00,13.36
s_third,2026-06-10T05:38:39.711285+00:00,14.62
s_third,2026-06-10T05:48:27.206976+00:00,24.36
s_third,2026-06-10T06:00:37.693737+00:00,7.42
s_third,2026-06-10T06:08:03.728312+00:00,8.56
s_third,2026-06-10T06:13:49.050259+00:00,-100.0
s_third,2026-06-10T06:20:17.325527+00:00,34.21
s_third,2026-06-10T06:25:20.320156+00:00,10.91
s_third,2026-06-10T06:56:03.674767+00:00,6.3
s_third,2026-06-10T07:07:10.236340+00:00,22.86
s_third,2026-06-10T07:16:19.105896+00:00,8.56
s_third,2026-06-10T07:25:01.965462+00:00,7.42
s_third,2026-06-10T07:38:58.295158+00:00,5.21
s_third,2026-06-10T07:47:43.282840+00:00,7.42
s_third,2026-06-10T08:01:54.659912+00:00,10.91
s_third,2026-06-10T08:19:08.941009+00:00,8.56
s_third,2026-06-10T08:21:55.509363+00:00,-100.0
s_third,2026-06-10T08:43:54.611727+00:00,-100.0
s_third,2026-06-10T08:58:44.585727+00:00,5.21
s_third,2026-06-10T09:23:43.049289+00:00,-100.0
s_third,2026-06-10T09:38:56.744624+00:00,17.24
s_third,2026-06-10T09:43:44.209991+00:00,13.36
s_third,2026-06-10T09:58:57.080698+00:00,7.42
s_third,2026-06-10T10:18:51.195542+00:00,-100.0
s_third,2026-06-10T10:29:01.019020+00:00,27.47
s_third,2026-06-10T10:33:46.882543+00:00,24.36
s_third,2026-06-10T10:38:53.796083+00:00,21.41
s_third,2026-06-10T10:54:05.948601+00:00,7.42
s_third,2026-06-10T11:08:57.350721+00:00,-100.0
s_third,2026-06-10T11:14:02.131880+00:00,21.41
s_third,2026-06-10T11:19:28.835138+00:00,13.36
s_third,2026-06-10T11:29:00.853168+00:00,5.21
s_third,2026-06-10T11:39:12.578629+00:00,18.6
s_third,2026-06-10T11:49:23.842428+00:00,8.56
s_third,2026-06-10T11:54:12.590614+00:00,-100.0
s_third,2026-06-10T11:59:20.226854+00:00,5.21
s_third,2026-06-10T12:04:24.482628+00:00,-100.0
s_third,2026-06-10T12:09:23.350990+00:00,15.92
s_third,2026-06-10T12:14:10.015290+00:00,52.55
s_third,2026-06-10T12:19:17.245026+00:00,22.86
s_third,2026-06-10T12:24:27.567808+00:00,27.47
s_third,2026-06-10T12:29:16.886824+00:00,30.75
s_third,2026-06-10T12:34:25.238505+00:00,21.41
s_third,2026-06-10T12:49:26.590586+00:00,5.21
s_third,2026-06-10T13:09:35.156933+00:00,9.72
s_third,2026-06-10T13:14:39.938003+00:00,18.6
s_third,2026-06-10T13:29:33.225221+00:00,41.75
s_third,2026-06-10T13:35:01.723423+00:00,54.92
s_third,2026-06-10T13:39:28.358010+00:00,8.56
s_third,2026-06-10T13:54:48.298080+00:00,-100.0
s_third,2026-06-10T13:59:56.182539+00:00,5.21
s_third,2026-06-10T14:09:52.808381+00:00,17.24
s_third,2026-06-10T14:15:05.747785+00:00,34.21
s_third,2026-06-10T14:20:19.150057+00:00,22.86
s_third,2026-06-10T14:25:09.559150+00:00,41.75
s_third,2026-06-10T14:29:57.237793+00:00,14.62
s_third,2026-06-10T14:34:54.883600+00:00,36.02
s_third,2026-06-10T14:40:04.959319+00:00,21.41
s_third,2026-06-10T14:50:13.935009+00:00,10.91
s_third,2026-06-10T15:00:13.342193+00:00,32.45
s_third,2026-06-10T15:05:27.720341+00:00,13.36
s_third,2026-06-10T15:10:18.722734+00:00,-100.0
s_third,2026-06-10T15:15:01.806068+00:00,7.42
s_third,2026-06-10T15:23:54.470052+00:00,52.55
s_third,2026-06-10T15:30:44.390413+00:00,5.21
s_third,2026-06-10T15:35:35.261740+00:00,90.75
s_third,2026-06-10T15:40:44.481037+00:00,25.89
s_third,2026-06-10T15:45:54.752297+00:00,19.98
s_third,2026-06-10T15:50:44.490909+00:00,39.79
s_third,2026-06-10T15:55:35.367869+00:00,19.98
s_third,2026-06-10T16:00:45.568926+00:00,5.21
s_third,2026-06-10T16:05:38.268114+00:00,15.92
s_third,2026-06-10T16:10:08.138619+00:00,6.3
s_third,2026-06-10T16:15:20.630507+00:00,13.36
s_third,2026-06-10T16:20:33.056104+00:00,10.91
s_third,2026-06-10T16:25:45.805802+00:00,17.24
s_third,2026-06-10T16:30:36.133305+00:00,21.41
s_third,2026-06-10T16:35:47.113657+00:00,24.36
s_third,2026-06-10T16:40:40.460493+00:00,-100.0
s_third,2026-06-10T16:45:53.119997+00:00,13.36
s_third,2026-06-10T16:50:41.608685+00:00,17.24
s_third,2026-06-10T17:00:55.729549+00:00,5.21
s_third,2026-06-10T17:06:03.731227+00:00,13.36
s_third,2026-06-10T17:11:09.275963+00:00,9.72
s_third,2026-06-10T17:26:06.478908+00:00,27.47
s_third,2026-06-10T17:31:15.354026+00:00,6.3
s_third,2026-06-10T17:46:18.068365+00:00,21.41
s_third,2026-06-10T17:51:27.085649+00:00,-100.0
s_third,2026-06-10T18:06:42.212197+00:00,17.24
s_third,2026-06-10T18:06:42.349727+00:00,15.92
s_third,2026-06-10T18:11:49.053870+00:00,5.21
s_third,2026-06-10T18:21:29.752217+00:00,17.24
s_third,2026-06-10T18:26:45.775336+00:00,12.12
s_third,2026-06-10T18:27:06.204655+00:00,24.36
s_third,2026-06-10T18:37:09.299051+00:00,-100.0
s_third,2026-06-10T18:40:36.408679+00:00,19.98
s_third,2026-06-10T18:52:18.370490+00:00,21.41
s_third,2026-06-10T18:56:51.583383+00:00,18.6
s_third,2026-06-10T19:01:42.690948+00:00,34.21
s_third,2026-06-10T19:07:12.708117+00:00,15.92
s_third,2026-06-10T19:11:43.115699+00:00,8.56
s_third,2026-06-10T19:12:03.889636+00:00,9.72
s_third,2026-06-10T19:27:20.487639+00:00,-100.0
s_third,2026-06-10T19:32:27.829858+00:00,15.92
s_third,2026-06-10T19:37:33.762230+00:00,13.36
s_third,2026-06-10T19:42:39.635741+00:00,29.09
s_third,2026-06-10T19:52:42.486681+00:00,30.75
s_third,2026-06-10T19:55:01.128848+00:00,-100.0
s_third,2026-06-10T20:02:32.346066+00:00,-100.0
s_third,2026-06-10T20:07:40.920101+00:00,8.56
s_third,2026-06-10T20:13:11.243793+00:00,22.86
s_third,2026-06-10T20:17:34.877958+00:00,25.89
s_third,2026-06-10T20:32:51.123708+00:00,14.62
s_third,2026-06-10T20:43:04.333243+00:00,21.41
s_third,2026-06-10T20:52:55.910143+00:00,13.36
s_third,2026-06-10T20:58:02.375703+00:00,15.92
s_third,2026-06-10T21:02:51.317510+00:00,-100.0
s_third,2026-06-10T21:08:41.262401+00:00,27.47
s_third,2026-06-10T21:13:09.264775+00:00,8.56
s_third,2026-06-10T21:18:38.614397+00:00,7.42
s_third,2026-06-10T21:23:45.704867+00:00,14.62
s_third,2026-06-10T21:28:13.095798+00:00,-100.0
s_third,2026-06-10T21:33:18.790800+00:00,22.86
s_third,2026-06-10T21:38:04.296385+00:00,5.21
s_third,2026-06-10T21:44:17.665126+00:00,29.09
s_third,2026-06-10T21:49:04.361142+00:00,12.12
s_third,2026-06-10T22:03:38.667742+00:00,7.42
s_third,2026-06-10T22:08:46.694751+00:00,7.42
s_third,2026-06-10T22:13:11.760313+00:00,9.72
s_third,2026-06-10T22:18:19.075069+00:00,24.36
s_third,2026-06-10T22:24:10.014706+00:00,5.21
s_third,2026-06-10T22:29:14.364391+00:00,13.36
s_third,2026-06-10T22:42:25.396763+00:00,18.6
s_third,2026-06-10T22:53:20.210493+00:00,5.21
s_third,2026-06-10T22:58:27.550530+00:00,-100.0
s_third,2026-06-10T23:08:39.201009+00:00,32.45
s_third,2026-06-10T23:13:27.565002+00:00,32.45
s_third,2026-06-10T23:18:57.198235+00:00,29.09
s_third,2026-06-10T23:25:24.417736+00:00,6.3
s_third,2026-06-10T23:35:14.368838+00:00,14.62
s_third,2026-06-10T23:49:26.716958+00:00,5.21
s_third,2026-06-10T23:59:17.449011+00:00,8.56
s_third,2026-06-11T00:04:46.319526+00:00,15.92
s_third,2026-06-11T00:14:37.744128+00:00,6.3
s_third,2026-06-11T00:20:04.476434+00:00,18.6
s_third,2026-06-11T00:29:59.522920+00:00,8.56
s_third,2026-06-11T00:35:31.213407+00:00,30.75
s_third,2026-06-11T00:40:19.831715+00:00,22.86
s_third,2026-06-11T00:55:13.861387+00:00,8.56
s_third,2026-06-11T01:00:47.170696+00:00,43.78
s_third,2026-06-11T01:05:12.195997+00:00,13.36
s_third,2026-06-11T01:14:45.518949+00:00,15.92
s_third,2026-06-11T01:21:13.501217+00:00,8.56
s_third,2026-06-11T01:25:40.573946+00:00,22.86
s_third,2026-06-11T01:29:28.465999+00:00,10.91
s_third,2026-06-11T01:36:03.741411+00:00,-100.0
s_third,2026-06-11T01:40:35.231059+00:00,-100.0
s_third,2026-06-11T01:46:08.087050+00:00,-100.0
s_third,2026-06-11T01:50:34.632987+00:00,-100.0
s_third,2026-06-11T01:55:48.057634+00:00,-100.0
s_third,2026-06-11T01:59:56.984317+00:00,13.36
s_third,2026-06-11T02:06:27.468828+00:00,-100.0
s_third,2026-06-11T02:11:32.763600+00:00,27.47
s_third,2026-06-11T02:22:43.394230+00:00,6.3
s_third,2026-06-11T02:32:55.317941+00:00,18.6
s_third,2026-06-11T02:37:42.294182+00:00,15.92
s_third,2026-06-11T02:47:08.438803+00:00,12.12
s_third,2026-06-11T02:52:16.350210+00:00,24.36
s_third,2026-06-11T03:02:22.820161+00:00,7.42
s_third,2026-06-11T03:17:36.119355+00:00,22.86
s_third,2026-06-11T03:22:21.543275+00:00,19.98
s_third,2026-06-11T03:27:25.930171+00:00,7.42
s_third,2026-06-11T03:43:20.969267+00:00,12.12
s_third,2026-06-11T03:50:09.046048+00:00,-100.0
s_third,2026-06-11T03:56:37.468988+00:00,9.72
s_third,2026-06-11T04:01:43.702839+00:00,5.21
s_third,2026-06-11T04:07:53.529007+00:00,7.42
s_third,2026-06-11T04:12:41.079394+00:00,13.36
s_third,2026-06-11T04:17:46.663546+00:00,5.21
s_third,2026-06-11T04:22:54.553349+00:00,5.21
s_third,2026-06-11T04:45:58.083105+00:00,17.24
s_third,2026-06-11T04:47:40.578300+00:00,10.91
s_third,2026-06-11T04:53:05.819027+00:00,5.21
s_third,2026-06-11T04:58:52.300624+00:00,14.62
s_third,2026-06-11T05:03:19.384502+00:00,7.42
s_third,2026-06-11T05:23:35.872410+00:00,8.56
s_third,2026-06-11T05:29:40.926139+00:00,6.3
s_third,2026-06-11T05:43:38.922832+00:00,-100.0
s_third,2026-06-11T05:45:21.052695+00:00,14.62
s_third,2026-06-11T05:49:45.642621+00:00,5.21
s_third,2026-06-11T06:00:19.557305+00:00,-100.0
s_third,2026-06-11T06:05:07.508973+00:00,-100.0
s_third,2026-06-11T06:09:15.331990+00:00,6.3
s_third,2026-06-11T06:13:40.437481+00:00,43.78
s_third,2026-06-11T06:24:55.421260+00:00,22.86
s_third,2026-06-11T06:39:47.365064+00:00,14.62
s_third,2026-06-11T06:50:00.183758+00:00,17.24
s_third,2026-06-11T07:00:17.954676+00:00,-100.0
s_third,2026-06-11T07:05:00.825245+00:00,14.62
s_third,2026-06-11T07:15:00.007538+00:00,22.86
s_third,2026-06-11T07:20:11.563029+00:00,-100.0
s_third,2026-06-11T07:24:57.158431+00:00,17.24
s_third,2026-06-11T07:39:58.605704+00:00,29.09
s_third,2026-06-11T07:45:30.624782+00:00,6.3
s_third,2026-06-11T07:50:37.515932+00:00,13.36
s_third,2026-06-11T07:51:38.389422+00:00,7.42
s_third,2026-06-11T08:05:11.211303+00:00,17.24
s_third,2026-06-11T08:07:54.111804+00:00,12.12
s_third,2026-06-11T08:11:58.330767+00:00,25.89
s_third,2026-06-11T08:19:24.994967+00:00,24.36
s_third,2026-06-11T08:34:57.594095+00:00,17.24
s_third,2026-06-11T09:11:27.504777+00:00,14.62
s_third,2026-06-11T09:16:59.579397+00:00,5.21
s_third,2026-06-11T09:20:08.319048+00:00,-100.0
s_third,2026-06-11T09:22:12.449655+00:00,8.56
s_third,2026-06-11T09:32:08.509383+00:00,15.92
s_third,2026-06-11T09:40:01.012618+00:00,5.21
s_third,2026-06-11T10:00:12.958718+00:00,27.47
s_third,2026-06-11T10:02:36.380108+00:00,7.42
s_third,2026-06-11T10:08:05.484867+00:00,22.86
s_third,2026-06-11T10:24:45.545479+00:00,6.3
s_third,2026-06-11T10:31:14.566490+00:00,94.52
s_third,2026-06-11T10:31:55.070221+00:00,13.36
s_third,2026-06-11T10:40:44.367371+00:00,22.86
s_third,2026-06-11T10:47:51.104180+00:00,18.6
s_third,2026-06-11T10:57:22.556373+00:00,17.24
s_third,2026-06-11T10:57:43.450854+00:00,10.91
s_third,2026-06-11T11:04:11.086164+00:00,45.88
s_third,2026-06-11T11:10:24.269093+00:00,34.21
s_third,2026-06-11T11:15:56.675040+00:00,7.42
s_third,2026-06-11T11:17:19.353845+00:00,10.91
s_third,2026-06-11T11:22:28.449328+00:00,7.42
s_third,2026-06-11T11:28:14.459026+00:00,17.24
s_third,2026-06-11T11:39:24.599864+00:00,13.36
s_third,2026-06-11T11:43:51.341957+00:00,5.21
s_third,2026-06-11T11:50:03.518611+00:00,5.21
s_third,2026-06-11T11:52:48.027427+00:00,25.89
s_third,2026-06-11T12:01:01.163898+00:00,14.62
s_third,2026-06-11T12:04:08.346841+00:00,5.21
s_third,2026-06-11T12:10:43.489362+00:00,9.72
s_third,2026-06-11T12:14:28.469354+00:00,21.41
s_third,2026-06-11T12:27:23.012063+00:00,18.6
s_third,2026-06-11T12:40:48.768018+00:00,-100.0
s_third,2026-06-11T12:40:48.946114+00:00,24.36
s_third,2026-06-11T12:47:32.794210+00:00,17.24
s_third,2026-06-11T12:51:37.804213+00:00,-100.0
s_third,2026-06-11T12:58:46.182531+00:00,-100.0
s_third,2026-06-11T13:10:45.681990+00:00,10.91
s_third,2026-06-11T13:15:58.143825+00:00,9.72
s_third,2026-06-11T13:17:41.180716+00:00,22.86
s_third,2026-06-11T13:22:05.095701+00:00,30.75
s_third,2026-06-11T13:29:16.493172+00:00,5.21
s_third,2026-06-11T13:35:50.297465+00:00,-100.0
s_third,2026-06-11T13:41:21.346785+00:00,5.21
s_third,2026-06-11T13:42:02.806527+00:00,8.56
s_third,2026-06-11T13:51:19.412650+00:00,-100.0
s_third,2026-06-11T13:56:46.825626+00:00,15.92
s_third,2026-06-11T13:59:52.222699+00:00,32.45
s_third,2026-06-11T14:05:24.485522+00:00,6.3
s_third,2026-06-11T14:10:58.603807+00:00,-100.0
s_third,2026-06-11T14:16:33.415334+00:00,9.72
s_third,2026-06-11T14:21:48.715227+00:00,7.42
s_third,2026-06-11T14:23:32.411470+00:00,-100.0
s_third,2026-06-11T14:30:40.665814+00:00,12.12
s_third,2026-06-11T14:37:08.148445+00:00,14.62
s_third,2026-06-11T14:42:56.229088+00:00,29.09
s_third,2026-06-11T14:47:42.483931+00:00,14.62
s_third,2026-06-11T14:55:12.236415+00:00,22.86
s_third,2026-06-11T15:00:20.336032+00:00,25.89
s_third,2026-06-11T15:05:35.090083+00:00,15.92
s_third,2026-06-11T15:13:33.187782+00:00,10.91
s_third,2026-06-11T15:15:38.495275+00:00,5.21
s_third,2026-06-11T15:21:34.844386+00:00,32.45
s_third,2026-06-11T15:23:18.546230+00:00,10.91
s_third,2026-06-11T15:36:53.110276+00:00,-100.0
s_third,2026-06-11T15:45:41.762188+00:00,6.3
s_third,2026-06-11T15:52:50.702839+00:00,32.45
s_third,2026-06-11T16:00:00.235421+00:00,-100.0
s_third,2026-06-11T16:08:31.450997+00:00,34.21
s_third,2026-06-11T16:18:41.215532+00:00,18.6
s_third,2026-06-11T16:23:49.100163+00:00,52.55
s_third,2026-06-11T16:36:45.588462+00:00,13.36
s_third,2026-06-11T16:36:45.841638+00:00,21.41
s_third,2026-06-11T16:44:36.100035+00:00,13.36
s_third,2026-06-11T16:47:39.969350+00:00,22.86
s_third,2026-06-11T16:52:48.100955+00:00,19.98
s_third,2026-06-11T17:01:27.548637+00:00,-100.0
s_third,2026-06-11T17:05:38.857989+00:00,19.98
s_third,2026-06-11T17:09:05.766520+00:00,15.92
s_third,2026-06-11T17:15:58.398814+00:00,6.3
s_third,2026-06-11T17:18:42.123110+00:00,6.3
s_third,2026-06-11T17:23:29.682723+00:00,17.24
s_third,2026-06-11T17:30:02.117307+00:00,-100.0
s_third,2026-06-11T17:34:29.299985+00:00,-100.0
s_third,2026-06-11T17:43:21.694284+00:00,8.56
s_third,2026-06-11T17:49:47.383793+00:00,7.42
s_third,2026-06-11T18:00:01.278014+00:00,6.3
s_third,2026-06-11T18:05:30.006129+00:00,5.21
s_third,2026-06-11T18:11:24.067074+00:00,-100.0
s_third,2026-06-11T18:13:48.887110+00:00,13.36
s_third,2026-06-11T18:18:35.232151+00:00,9.72
s_third,2026-06-11T18:22:40.713375+00:00,14.62
s_third,2026-06-11T18:30:14.975428+00:00,5.21
s_third,2026-06-11T18:31:57.835154+00:00,-100.0
s_third,2026-06-11T18:41:09.054737+00:00,14.62
s_third,2026-06-11T18:42:51.453154+00:00,8.56
s_third,2026-06-11T18:55:09.270393+00:00,6.3
s_third,2026-06-11T18:58:52.483765+00:00,-100.0
s_third,2026-06-11T19:07:39.019849+00:00,6.3
s_third,2026-06-11T19:12:05.869463+00:00,30.75
s_third,2026-06-11T19:19:34.576137+00:00,5.21
s_third,2026-06-11T19:35:29.362512+00:00,12.12
s_third,2026-06-11T19:49:40.266155+00:00,5.21
s_third,2026-06-11T20:05:03.829009+00:00,5.21
s_third,2026-06-11T20:10:57.455541+00:00,-100.0
s_third,2026-06-11T20:16:12.520628+00:00,24.36
s_third,2026-06-11T20:21:40.406942+00:00,18.6
s_third,2026-06-11T20:34:56.558059+00:00,8.56
s_third,2026-06-11T20:40:04.001418+00:00,22.86
s_third,2026-06-11T20:47:33.158026+00:00,8.56
s_third,2026-06-11T21:10:52.091613+00:00,17.24
s_third,2026-06-11T21:35:17.886928+00:00,8.56
s_third,2026-06-11T21:40:22.804070+00:00,7.42
s_third,2026-06-11T21:42:24.755203+00:00,12.12
s_third,2026-06-11T21:48:13.989921+00:00,-100.0
s_third,2026-06-11T21:54:38.556316+00:00,39.79
s_third,2026-06-11T22:05:32.580142+00:00,-100.0
s_third,2026-06-11T22:10:40.313670+00:00,17.24
s_third,2026-06-11T22:15:49.166939+00:00,7.42
s_third,2026-06-11T22:17:31.688312+00:00,7.42
s_third,2026-06-11T22:28:22.706890+00:00,5.21
s_third,2026-06-11T22:35:11.732981+00:00,17.24
s_third,2026-06-11T22:40:00.319542+00:00,14.62
s_third,2026-06-11T22:44:27.001551+00:00,29.09
s_third,2026-06-11T22:47:30.879834+00:00,19.98
s_third,2026-06-11T22:54:21.821741+00:00,-100.0
s_third,2026-06-11T22:57:03.786291+00:00,22.86
s_third,2026-06-11T23:04:33.526203+00:00,10.91
s_third,2026-06-11T23:11:22.759697+00:00,10.91
s_third,2026-06-11T23:19:08.143063+00:00,5.21
s_third,2026-06-11T23:27:55.313896+00:00,5.21
s_third,2026-06-11T23:44:33.592751+00:00,-100.0
s_third,2026-06-11T23:56:45.742383+00:00,-100.0
s_third,2026-06-12T00:06:39.045704+00:00,12.12
s_third,2026-06-12T00:21:21.677868+00:00,-100.0
s_third,2026-06-12T00:26:16.585685+00:00,5.21
s_third,2026-06-12T00:29:01.611181+00:00,7.42
s_third,2026-06-12T00:32:45.150213+00:00,5.21
s_third,2026-06-12T00:51:23.562989+00:00,19.98
s_third,2026-06-12T00:57:29.637108+00:00,24.36
s_third,2026-06-12T01:01:55.138902+00:00,13.36
s_third,2026-06-12T01:13:06.643307+00:00,-100.0
s_third,2026-06-12T01:17:31.920442+00:00,21.41
s_third,2026-06-12T01:22:58.732683+00:00,19.98
s_third,2026-06-12T01:33:28.993974+00:00,8.56
s_third,2026-06-12T01:45:23.820201+00:00,-100.0
s_third,2026-06-12T01:48:06.425105+00:00,27.47
s_third,2026-06-12T01:52:10.960060+00:00,17.24
s_third,2026-06-12T01:58:21.416919+00:00,-100.0
s_third,2026-06-12T02:02:06.188762+00:00,7.42
s_third,2026-06-12T02:11:15.527296+00:00,5.21
s_third,2026-06-12T02:15:21.079116+00:00,6.3
s_third,2026-06-12T02:23:32.072069+00:00,10.91
s_third,2026-06-12T02:30:18.702869+00:00,9.72
s_third,2026-06-12T02:38:48.808119+00:00,19.98
s_third,2026-06-12T02:45:55.403145+00:00,5.21
s_third,2026-06-12T02:53:05.054829+00:00,13.36
s_third,2026-06-12T02:57:31.414859+00:00,21.41
s_third,2026-06-12T03:03:19.109643+00:00,-100.0
s_third,2026-06-12T03:09:49.284338+00:00,27.47
s_third,2026-06-12T03:16:55.388726+00:00,10.91
s_third,2026-06-12T03:36:33.439447+00:00,18.6
s_third,2026-06-12T03:38:56.661429+00:00,25.89
s_third,2026-06-12T03:46:46.776316+00:00,18.6
s_third,2026-06-12T03:54:55.528060+00:00,-100.0
s_third,2026-06-12T03:59:41.100605+00:00,19.98
s_third,2026-06-12T04:07:09.387874+00:00,73.94
s_third,2026-06-12T04:18:58.921240+00:00,7.42
s_third,2026-06-12T04:29:50.201809+00:00,14.62
s_third,2026-06-12T04:34:17.149167+00:00,10.91
s_third,2026-06-12T04:40:51.756872+00:00,17.24
s_third,2026-06-12T04:45:41.704164+00:00,10.91
s_third,2026-06-12T04:48:25.714798+00:00,5.21
s_third,2026-06-12T05:15:02.085916+00:00,13.36
s_third,2026-06-12T05:25:55.965742+00:00,5.21
s_third,2026-06-12T05:40:49.885438+00:00,5.21
s_third,2026-06-12T05:53:22.848962+00:00,-100.0
s_third,2026-06-12T05:58:49.076313+00:00,5.21
s_third,2026-06-12T06:04:19.685709+00:00,-100.0
s_third,2026-06-12T06:10:09.997340+00:00,25.89
s_third,2026-06-12T06:16:02.321791+00:00,21.41
s_third,2026-06-12T06:17:45.280394+00:00,17.24
s_third,2026-06-12T06:29:15.104373+00:00,24.36
s_third,2026-06-12T06:34:02.617920+00:00,36.02
s_third,2026-06-12T06:46:23.113273+00:00,-100.0
s_third,2026-06-12T06:47:24.791863+00:00,21.41
s_third,2026-06-12T06:52:29.181367+00:00,7.42
s_third,2026-06-12T06:57:55.400021+00:00,14.62
s_third,2026-06-12T07:05:21.774778+00:00,7.42
s_third,2026-06-12T07:17:33.229146+00:00,27.47
s_third,2026-06-12T07:23:38.254152+00:00,27.47
s_third,2026-06-12T07:28:26.739989+00:00,-100.0
s_third,2026-06-12T07:40:07.664280+00:00,37.87
s_third,2026-06-12T07:46:01.135850+00:00,-100.0
s_third,2026-06-12T07:54:57.948101+00:00,52.55
s_third,2026-06-12T08:00:28.097323+00:00,21.41
s_third,2026-06-12T08:34:29.761454+00:00,24.36
s_third,2026-06-12T08:40:24.742445+00:00,24.36
s_third,2026-06-12T08:45:34.332518+00:00,21.41
s_third,2026-06-12T08:55:44.658220+00:00,21.41
s_third,2026-06-12T09:01:31.369366+00:00,27.47
s_third,2026-06-12T09:02:33.346379+00:00,25.89
s_third,2026-06-12T09:18:43.457289+00:00,32.45
s_third,2026-06-12T09:46:10.915808+00:00,22.86
s_third,2026-06-12T09:52:39.370854+00:00,21.41
s_third,2026-06-12T10:14:21.775651+00:00,36.02
s_third,2026-06-12T11:01:41.233358+00:00,-100.0
s_third,2026-06-12T11:06:15.158444+00:00,-100.0
s_third,2026-06-12T11:14:34.771328+00:00,27.47
s_third,2026-06-12T11:32:01.317222+00:00,32.45
s_third,2026-06-12T11:46:11.274196+00:00,22.86
s_third,2026-06-12T11:53:26.158228+00:00,24.36
s_third,2026-06-12T11:58:38.492674+00:00,21.41
s_third,2026-06-12T12:23:13.540517+00:00,21.41
s_third,2026-06-12T12:28:33.139718+00:00,21.41
s_third,2026-06-12T12:56:40.215356+00:00,27.47
s_third,2026-06-12T12:56:40.293068+00:00,-100.0
s_third,2026-06-12T13:01:54.452628+00:00,24.36
s_third,2026-06-12T13:11:21.622942+00:00,22.86
s_third,2026-06-12T13:12:25.546346+00:00,21.41
s_third,2026-06-12T13:17:40.087360+00:00,-100.0
s_third,2026-06-12T13:24:46.105811+00:00,-100.0
s_third,2026-06-12T13:33:08.863405+00:00,37.87
s_third,2026-06-12T13:45:21.510996+00:00,24.36
s_third,2026-06-12T13:53:19.703850+00:00,22.86
s_third,2026-06-12T13:57:33.680183+00:00,22.86
s_third,2026-06-12T14:22:50.860418+00:00,29.09
s_third,2026-06-12T14:28:51.831475+00:00,-100.0
s_third,2026-06-12T14:40:00.820434+00:00,-100.0
s_third,2026-06-12T14:44:56.617475+00:00,21.41
s_third,2026-06-12T15:22:37.329667+00:00,21.41
s_third,2026-06-12T15:42:30.236593+00:00,-100.0
s_third,2026-06-12T15:47:47.342677+00:00,27.47
s_third,2026-06-12T16:10:06.301730+00:00,-100.0
s_third,2026-06-12T16:16:05.447805+00:00,22.86
s_third,2026-06-12T16:26:16.689802+00:00,29.09
s_third,2026-06-12T16:27:41.232693+00:00,-100.0
s_third,2026-06-12T16:40:04.290029+00:00,25.89
s_third,2026-06-12T17:09:15.012267+00:00,-100.0
s_third,2026-06-12T17:25:06.282831+00:00,24.36
s_third,2026-06-12T17:32:49.118790+00:00,-100.0
s_third,2026-06-12T17:38:28.373830+00:00,45.88
s_third,2026-06-12T17:54:23.056243+00:00,41.75
s_third,2026-06-12T17:59:18.071324+00:00,-100.0
s_third,2026-06-12T18:45:57.798239+00:00,32.45
s_third,2026-06-12T18:56:07.097231+00:00,24.36
s_third,2026-06-12T18:58:34.559411+00:00,83.64
s_third,2026-06-12T19:16:05.983889+00:00,29.09
s_third,2026-06-12T19:22:54.402014+00:00,24.36
s_third,2026-06-12T19:27:31.271271+00:00,-100.0
s_third,2026-06-12T20:13:18.808221+00:00,-100.0
s_third,2026-06-12T21:03:26.030387+00:00,21.41
s_third,2026-06-12T21:20:15.712543+00:00,27.47
s_third,2026-06-12T21:23:04.098507+00:00,32.45
s_third,2026-06-12T21:37:39.498809+00:00,29.09
s_third,2026-06-12T22:00:28.497450+00:00,22.86
s_third,2026-06-12T22:07:47.099129+00:00,21.41
s_third,2026-06-12T22:13:49.104125+00:00,-100.0
s_third,2026-06-12T22:25:12.934821+00:00,21.41
s_third,2026-06-12T23:12:50.238606+00:00,-100.0
s_third,2026-06-12T23:50:35.861343+00:00,21.41
s_third,2026-06-13T00:13:41.204439+00:00,-100.0
s_third,2026-06-13T00:26:09.653529+00:00,24.36
s_third,2026-06-13T00:30:48.783656+00:00,45.88
s_third,2026-06-13T00:36:07.554052+00:00,70.93
s_third,2026-06-13T00:41:58.019718+00:00,21.41
s_third,2026-06-13T00:48:12.028213+00:00,21.41
s_third,2026-06-13T00:58:52.449971+00:00,-100.0
s_third,2026-06-13T01:05:55.616930+00:00,43.78
s_third,2026-06-13T01:18:16.272550+00:00,36.02
s_third,2026-06-13T01:23:08.408830+00:00,24.36
s_third,2026-06-13T01:35:06.258471+00:00,24.36
s_third,2026-06-13T02:27:21.594369+00:00,25.89
s_third,2026-06-13T02:32:39.213538+00:00,73.94
s_third,2026-06-13T02:37:37.601650+00:00,34.21
s_third,2026-06-13T02:54:45.520521+00:00,32.45
s_third,2026-06-13T05:00:39.688361+00:00,45.88
s_third,2026-06-13T05:33:52.025139+00:00,21.41
s_third,2026-06-13T05:50:45.691519+00:00,54.92
s_third,2026-06-13T05:52:11.092999+00:00,39.79
s_third,2026-06-13T07:23:33.855404+00:00,-100.0
s_third,2026-06-13T07:36:51.435267+00:00,24.36
s_third,2026-06-13T08:06:16.403600+00:00,-100.0
s_third,2026-06-13T08:11:51.387109+00:00,-100.0
s_third,2026-06-13T08:34:29.531379+00:00,22.86
s_third,2026-06-13T09:26:21.637312+00:00,32.45
s_third,2026-06-13T09:34:03.552996+00:00,30.75
s_third,2026-06-13T10:18:11.642147+00:00,27.47
s_third,2026-06-13T10:24:11.767959+00:00,-100.0
s_third,2026-06-13T10:47:33.776342+00:00,27.47
s_third,2026-06-13T10:52:51.508347+00:00,45.88
s_third,2026-06-13T10:58:08.696286+00:00,-100.0
s_third,2026-06-13T11:14:58.973217+00:00,83.64
s_third,2026-06-13T11:22:13.328942+00:00,24.36
s_third,2026-06-13T11:28:13.643676+00:00,94.52
s_third,2026-06-13T12:28:24.805710+00:00,43.78
s_third,2026-06-13T13:25:02.555015+00:00,41.75
s_third,2026-06-13T13:54:04.436341+00:00,-100.0
s_third,2026-06-13T14:28:00.865855+00:00,21.41
s_third,2026-06-13T14:34:55.214910+00:00,21.41
s_third,2026-06-13T14:39:46.722721+00:00,27.47
s_third,2026-06-13T15:09:17.614148+00:00,-100.0
s_third,2026-06-13T15:20:04.369695+00:00,24.36
s_third,2026-06-13T15:26:07.635919+00:00,-100.0
s_third,2026-06-13T15:27:54.200962+00:00,25.89
s_third,2026-06-13T15:49:31.621987+00:00,45.88
s_third,2026-06-13T15:54:06.468644+00:00,43.78
s_third,2026-06-13T16:02:22.884795+00:00,32.45
s_third,2026-06-13T16:18:49.328938+00:00,83.64
s_third,2026-06-13T16:53:34.108041+00:00,30.75
s_third,2026-06-13T17:40:03.727441+00:00,37.87
s_third,2026-06-13T18:24:10.093383+00:00,21.41
s_third,2026-06-13T18:53:58.347023+00:00,27.47
s_third,2026-06-13T19:13:26.530818+00:00,-100.0
s_third,2026-06-13T19:40:15.412335+00:00,45.88
s_third,2026-06-13T20:07:32.264906+00:00,27.47
s_third,2026-06-13T20:45:59.671047+00:00,73.94
s_third,2026-06-13T21:09:29.159424+00:00,24.36
s_third,2026-06-13T21:39:30.955753+00:00,32.45
s_third,2026-06-13T21:43:25.117201+00:00,32.45
s_third,2026-06-13T22:23:42.056708+00:00,-100.0
s_third,2026-06-13T22:30:26.313481+00:00,62.52
s_third,2026-06-13T22:53:44.690005+00:00,21.41
s_third,2026-06-13T23:14:09.911771+00:00,-100.0
s_third,2026-06-13T23:34:36.523709+00:00,27.47
s_third,2026-06-13T23:44:27.408532+00:00,-100.0
s_third,2026-06-13T23:49:25.679953+00:00,25.89
s_third,2026-06-13T23:52:57.512167+00:00,22.86
s_third,2026-06-14T00:13:22.646136+00:00,-100.0
s_third,2026-06-14T00:46:52.429953+00:00,57.37
s_third,2026-06-14T00:57:53.577253+00:00,29.09
s_third,2026-06-14T01:08:32.750363+00:00,37.87
s_third,2026-06-14T01:26:24.730132+00:00,25.89
s_third,2026-06-14T01:30:59.907885+00:00,34.21
s_third,2026-06-14T01:34:09.552309+00:00,22.86
s_third,2026-06-14T01:38:43.883239+00:00,29.09
s_third,2026-06-14T01:43:59.012422+00:00,59.9
s_third,2026-06-14T04:02:33.763841+00:00,27.47
s_third,2026-06-14T05:03:06.386044+00:00,-100.0
s_third,2026-06-14T05:46:37.281422+00:00,30.75
s_third,2026-06-14T05:48:22.575203+00:00,70.93
s_third,2026-06-14T06:35:14.035408+00:00,-100.0
s_third,2026-06-14T06:50:02.336628+00:00,-100.0
s_third,2026-06-14T07:40:48.025064+00:00,25.89
s_third,2026-06-14T08:46:20.274348+00:00,-100.0
s_third,2026-06-14T08:58:44.400337+00:00,-100.0
s_third,2026-06-14T09:14:53.344784+00:00,24.36
s_third,2026-06-14T09:17:42.679534+00:00,32.45
s_third,2026-06-14T09:28:48.021150+00:00,25.89
s_third,2026-06-14T09:46:39.691978+00:00,32.45
s_third,2026-06-14T10:37:21.059532+00:00,21.41
s_third,2026-06-14T11:26:36.617255+00:00,21.41
s_third,2026-06-14T11:57:24.248647+00:00,-100.0
s_third,2026-06-14T12:21:46.084292+00:00,-100.0
s_third,2026-06-14T12:22:29.030619+00:00,-100.0
s_third,2026-06-14T13:20:54.943707+00:00,83.64
s_third,2026-06-14T13:35:25.145368+00:00,21.41
s_third,2026-06-14T13:40:24.157662+00:00,-100.0
s_third,2026-06-14T14:08:13.176789+00:00,-100.0
s_third,2026-06-14T14:24:42.692954+00:00,29.09
s_third,2026-06-14T14:29:19.217998+00:00,83.64
s_third,2026-06-14T14:39:26.025042+00:00,24.36
s_third,2026-06-14T14:51:36.716584+00:00,29.09
s_third,2026-06-14T14:58:56.086320+00:00,27.47
s_third,2026-06-14T15:29:14.738102+00:00,21.41
s_third,2026-06-14T15:38:55.799502+00:00,32.45
s_third,2026-06-14T16:07:29.178981+00:00,25.89
s_third,2026-06-14T16:34:22.138730+00:00,30.75
s_third,2026-06-14T16:38:12.607087+00:00,29.09
s_third,2026-06-14T17:19:36.875542+00:00,21.41
s_third,2026-06-14T18:04:53.415638+00:00,27.47
s_third,2026-06-14T18:26:11.784317+00:00,29.09
s_third,2026-06-14T20:03:23.769705+00:00,24.36
s_third,2026-06-14T20:42:10.701863+00:00,25.89
s_third,2026-06-14T20:59:15.445287+00:00,36.02
s_third,2026-06-14T21:57:56.892026+00:00,25.89
s_third,2026-06-14T22:07:59.712104+00:00,24.36
s_third,2026-06-14T22:25:12.656235+00:00,-100.0
s_third,2026-06-14T22:31:41.200528+00:00,21.41
s_third,2026-06-14T22:36:20.645936+00:00,21.41
s_third,2026-06-14T22:49:52.135787+00:00,25.89
s_third,2026-06-14T22:54:51.272995+00:00,21.41
s_third,2026-06-14T22:58:23.967273+00:00,80.29
s_third,2026-06-14T23:10:39.333025+00:00,21.41
s_third,2026-06-14T23:22:16.342177+00:00,-100.0
s_third,2026-06-14T23:40:22.760261+00:00,29.09
s_third,2026-06-15T00:28:48.237034+00:00,24.36
s_third,2026-06-15T01:50:31.638915+00:00,-100.0
s_third,2026-06-15T02:19:24.322080+00:00,27.47
s_third,2026-06-15T02:29:27.362746+00:00,27.47
s_third,2026-06-15T02:47:44.412721+00:00,29.09
s_third,2026-06-15T03:03:53.829956+00:00,21.41
s_third,2026-06-15T03:24:08.767718+00:00,32.45
s_third,2026-06-15T03:29:27.071874+00:00,29.09
s_third,2026-06-15T03:44:27.410498+00:00,-100.0
s_third,2026-06-15T03:54:57.288201+00:00,30.75
s_third,2026-06-15T04:12:26.746383+00:00,21.41
s_third,2026-06-15T04:29:34.311254+00:00,21.41
s_third,2026-06-15T04:51:19.122456+00:00,43.78
s_third,2026-06-15T04:56:15.401726+00:00,-100.0
s_third,2026-06-15T05:15:19.068792+00:00,27.47
s_third,2026-06-15T05:21:34.849179+00:00,25.89
s_third,2026-06-15T06:28:14.999660+00:00,27.47
s_third,2026-06-15T06:58:29.077194+00:00,41.75
s_third,2026-06-15T07:49:53.220650+00:00,24.36
s_third,2026-06-15T08:34:19.795159+00:00,24.36
s_third,2026-06-15T09:05:45.096284+00:00,-100.0
s_third,2026-06-15T09:11:48.304682+00:00,25.89
s_third,2026-06-15T09:12:09.330350+00:00,24.36
s_third,2026-06-15T10:56:49.502344+00:00,25.89
s_third,2026-06-15T11:08:57.079515+00:00,-100.0
s_third,2026-06-15T11:20:22.990600+00:00,21.41
s_third,2026-06-15T11:30:11.773323+00:00,22.86
s_third,2026-06-15T11:40:49.890294+00:00,21.41
s_third,2026-06-15T12:05:25.453170+00:00,-100.0
s_third,2026-06-15T12:11:07.206125+00:00,22.86
s_third,2026-06-15T12:33:59.666914+00:00,21.41
s_third,2026-06-15T12:55:27.723646+00:00,37.87
s_third,2026-06-15T13:01:10.600698+00:00,22.86
s_third,2026-06-15T13:17:33.911174+00:00,21.41
s_third,2026-06-15T13:27:48.788744+00:00,24.36
s_third,2026-06-15T13:39:27.736307+00:00,-100.0
s_third,2026-06-15T14:20:04.526483+00:00,21.41
s_third,2026-06-15T14:30:50.425383+00:00,24.36
s_third,2026-06-15T14:42:30.901462+00:00,-100.0
s_third,2026-06-15T15:03:35.365378+00:00,-100.0
s_third,2026-06-15T15:12:17.564530+00:00,21.41
s_third,2026-06-15T15:20:43.400358+00:00,-100.0
s_third,2026-06-15T15:27:09.564321+00:00,24.36
s_third,2026-06-15T15:27:31.158472+00:00,22.86
s_third,2026-06-15T15:32:55.143828+00:00,-100.0
s_third,2026-06-15T15:39:22.335379+00:00,21.41
s_third,2026-06-15T16:02:31.558777+00:00,-100.0
s_third,2026-06-15T16:52:02.567544+00:00,-100.0
s_third,2026-06-15T17:14:09.009539+00:00,27.47
s_third,2026-06-15T17:58:52.630538+00:00,-100.0
s_third,2026-06-15T18:07:52.518177+00:00,27.47
s_third,2026-06-15T18:13:22.797948+00:00,-100.0
s_third,2026-06-15T18:17:50.022764+00:00,-100.0
s_third,2026-06-15T18:23:47.257382+00:00,34.21
s_third,2026-06-15T18:28:56.171328+00:00,27.47
s_third,2026-06-15T18:46:28.733332+00:00,27.47
s_third,2026-06-15T18:49:06.119808+00:00,21.41
s_third,2026-06-15T19:20:12.755917+00:00,-100.0
s_third,2026-06-15T19:48:08.925213+00:00,24.36
s_third,2026-06-15T19:59:01.620007+00:00,80.29
s_third,2026-06-15T20:03:27.838030+00:00,22.86
s_third,2026-06-15T20:15:15.696832+00:00,45.88
s_third,2026-06-15T20:21:20.836978+00:00,25.89
s_third,2026-06-15T20:26:44.330900+00:00,29.09
s_third,2026-06-15T20:28:12.324878+00:00,27.47
s_third,2026-06-15T20:33:41.997912+00:00,21.41
s_third,2026-06-15T20:40:16.097898+00:00,24.36
s_third,2026-06-15T20:44:23.317331+00:00,24.36
s_third,2026-06-15T20:51:45.475819+00:00,25.89
s_third,2026-06-15T21:01:44.722451+00:00,21.41
s_third,2026-06-15T21:07:40.395085+00:00,22.86
s_third,2026-06-15T21:39:01.971483+00:00,21.41
s_third,2026-06-15T21:44:37.543480+00:00,-100.0
s_third,2026-06-15T21:51:56.374679+00:00,-100.0
s_third,2026-06-15T21:52:42.323595+00:00,21.41
s_third,2026-06-15T21:59:35.451467+00:00,21.41
s_third,2026-06-15T22:15:48.878841+00:00,-100.0
s_third,2026-06-15T22:16:34.225965+00:00,21.41
s_third,2026-06-15T22:29:57.041021+00:00,21.41
s_third,2026-06-15T22:34:53.132255+00:00,22.86
s_third,2026-06-15T22:45:13.551810+00:00,22.86
s_third,2026-06-15T22:50:55.593609+00:00,25.89
s_third,2026-06-15T22:55:54.087743+00:00,24.36
s_third,2026-06-15T23:00:53.357680+00:00,21.41
s_third,2026-06-15T23:04:18.410765+00:00,-100.0
s_third,2026-06-15T23:09:55.062525+00:00,-100.0
s_third,2026-06-15T23:30:28.818601+00:00,34.21
s_third,2026-06-15T23:42:42.512049+00:00,21.41
s_third,2026-06-15T23:48:34.544737+00:00,45.88
s_third,2026-06-16T00:04:12.360798+00:00,-100.0
s_third,2026-06-16T00:26:36.294055+00:00,27.47
s_third,2026-06-16T00:36:01.498898+00:00,25.89
s_third,2026-06-16T01:00:39.757310+00:00,24.36
s_third,2026-06-16T01:16:49.450851+00:00,34.21
s_third,2026-06-16T01:40:06.097405+00:00,24.36
s_third,2026-06-16T01:52:50.981802+00:00,21.41
s_third,2026-06-16T02:12:45.635587+00:00,-100.0
s_third,2026-06-16T04:23:25.076957+00:00,21.41
s_third,2026-06-16T05:11:56.398929+00:00,37.87
s_third,2026-06-16T05:22:25.210209+00:00,21.41
s_third,2026-06-16T05:27:51.435502+00:00,24.36
s_third,2026-06-16T05:37:21.936804+00:00,29.09
s_third,2026-06-16T05:52:19.145508+00:00,32.45
s_third,2026-06-16T05:59:10.616891+00:00,-100.0
s_third,2026-06-16T06:03:56.426045+00:00,27.47
s_third,2026-06-16T06:15:08.415969+00:00,-100.0
s_third,2026-06-16T06:33:40.056506+00:00,24.36
s_third,2026-06-16T06:38:07.552513+00:00,-100.0
s_third,2026-06-16T07:00:09.902625+00:00,30.75
s_third,2026-06-16T07:49:33.414365+00:00,24.36
s_third,2026-06-16T07:56:33.017954+00:00,22.86
s_third,2026-06-16T08:07:37.585364+00:00,21.41
s_third,2026-06-16T08:07:37.716842+00:00,24.36
s_third,2026-06-16T08:23:38.736869+00:00,24.36
s_third,2026-06-16T08:30:54.017433+00:00,-100.0
s_third,2026-06-16T08:40:45.449254+00:00,22.86
s_third,2026-06-16T08:55:08.293194+00:00,29.09
s_third,2026-06-16T09:02:44.525984+00:00,22.86
s_third,2026-06-16T09:29:19.316053+00:00,22.86
s_third,2026-06-16T09:34:12.978693+00:00,22.86
s_third,2026-06-16T11:23:15.442630+00:00,21.41
s_third,2026-06-16T11:28:26.831789+00:00,27.47
s_third,2026-06-16T11:34:11.792787+00:00,-100.0
s_third,2026-06-16T11:52:02.490924+00:00,-100.0
s_third,2026-06-16T12:31:30.130527+00:00,21.41
s_third,2026-06-16T12:32:15.813590+00:00,27.47
s_third,2026-06-16T13:09:06.894939+00:00,-100.0
s_third,2026-06-16T13:19:17.319342+00:00,21.41
s_third,2026-06-16T13:46:59.219144+00:00,34.21
s_third,2026-06-16T13:51:53.208271+00:00,32.45
s_third,2026-06-16T14:03:20.733070+00:00,27.47
s_third,2026-06-16T14:20:45.958970+00:00,62.52
s_third,2026-06-16T14:32:48.030164+00:00,29.09
s_third,2026-06-16T14:38:16.793397+00:00,-100.0
s_third,2026-06-16T14:44:23.711653+00:00,24.36
s_third,2026-06-16T14:50:00.752733+00:00,32.45
s_third,2026-06-16T14:51:40.614256+00:00,34.21
s_third,2026-06-16T15:01:58.920252+00:00,32.45
s_third,2026-06-16T15:07:45.908416+00:00,27.47
s_third,2026-06-16T15:19:37.163845+00:00,29.09
s_third,2026-06-16T15:30:57.830800+00:00,21.41
s_third,2026-06-16T15:35:22.921294+00:00,-100.0
s_third,2026-06-16T15:40:36.261595+00:00,22.86
s_third,2026-06-16T15:46:44.264688+00:00,-100.0
s_third,2026-06-16T16:07:14.562228+00:00,25.89
s_third,2026-06-16T16:07:39.865322+00:00,29.09
s_third,2026-06-16T16:24:01.312090+00:00,22.86
s_third,2026-06-16T16:44:04.501347+00:00,24.36
s_third,2026-06-16T16:50:31.048759+00:00,25.89
s_third,2026-06-16T17:00:45.804058+00:00,45.88
s_third,2026-06-16T17:12:09.482236+00:00,29.09
s_third,2026-06-16T17:22:17.660790+00:00,21.41
s_third,2026-06-16T17:27:25.131941+00:00,-100.0
s_third,2026-06-16T17:33:47.154330+00:00,30.75
s_third,2026-06-16T17:38:11.087424+00:00,48.03
s_third,2026-06-16T17:45:04.083895+00:00,24.36
s_third,2026-06-16T18:40:59.815352+00:00,21.41
s_third,2026-06-16T18:58:07.620446+00:00,22.86
s_third,2026-06-16T19:02:12.487278+00:00,24.36
s_third,2026-06-16T19:36:46.612270+00:00,37.87
s_third,2026-06-16T19:43:02.369161+00:00,25.89
s_third,2026-06-16T19:52:28.222875+00:00,22.86
s_third,2026-06-16T20:04:45.951428+00:00,90.75
s_third,2026-06-16T20:11:11.403941+00:00,-100.0
s_third,2026-06-16T20:13:47.864944+00:00,-100.0
s_third,2026-06-16T20:27:47.658020+00:00,-100.0
s_third,2026-06-16T20:38:47.910425+00:00,22.86
s_third,2026-06-16T20:44:47.113352+00:00,29.09
s_third,2026-06-17T00:28:59.926723+00:00,34.21
s_third,2026-06-17T01:03:49.831083+00:00,29.09
s_third,2026-06-17T01:20:12.567074+00:00,24.36
s_third,2026-06-17T01:23:37.705148+00:00,25.89
s_third,2026-06-17T01:33:12.220350+00:00,25.89
s_third,2026-06-17T01:33:12.396760+00:00,32.45
s_third,2026-06-17T01:33:46.606752+00:00,41.75
s_third,2026-06-17T01:34:21.024585+00:00,34.21
s_third,2026-06-17T01:34:21.467428+00:00,-100.0
s_third,2026-06-17T01:34:22.080042+00:00,37.87
s_third,2026-06-17T01:35:37.800816+00:00,-100.0
s_third,2026-06-17T01:36:01.811007+00:00,-100.0
s_third,2026-06-17T02:29:51.869093+00:00,25.89
s_third,2026-06-17T03:39:16.259284+00:00,21.41
s_third,2026-06-17T03:44:48.892185+00:00,27.47
s_third,2026-06-17T03:50:06.438305+00:00,21.41
s_third,2026-06-17T03:50:06.839241+00:00,29.09
s_third,2026-06-17T04:35:06.755782+00:00,-100.0
s_third,2026-06-17T04:35:07.000195+00:00,22.86
s_third,2026-06-17T04:40:06.862876+00:00,90.75
s_third,2026-06-17T04:40:07.503408+00:00,25.89
s_third,2026-06-17T04:40:36.752330+00:00,43.78
s_third,2026-06-17T04:40:37.480723+00:00,-100.0
s_third,2026-06-17T04:45:08.247050+00:00,34.21
s_third,2026-06-17T04:46:16.545243+00:00,-100.0
s_third,2026-06-17T05:40:31.339754+00:00,-100.0
s_third,2026-06-17T05:46:36.060109+00:00,-100.0
s_third,2026-06-17T06:10:26.872956+00:00,-100.0
s_third,2026-06-17T06:31:30.128108+00:00,22.86
s_third,2026-06-17T06:41:02.757275+00:00,24.36
s_third,2026-06-17T06:46:09.956836+00:00,27.47
s_third,2026-06-17T06:52:49.035216+00:00,25.89
s_third,2026-06-17T07:06:36.096624+00:00,24.36
s_third,2026-06-17T07:11:45.312118+00:00,21.41
s_third,2026-06-17T07:16:40.954307+00:00,22.86
s_third,2026-06-17T07:38:31.053851+00:00,-100.0
s_third,2026-06-17T08:01:44.757878+00:00,43.78
s_third,2026-06-17T08:12:09.657750+00:00,21.41
s_third,2026-06-17T08:47:43.504210+00:00,-100.0
s_third,2026-06-17T08:57:55.227442+00:00,-100.0
s_third,2026-06-17T08:57:55.500422+00:00,22.86
s_third,2026-06-17T09:02:49.369248+00:00,21.41
s_third,2026-06-17T09:17:57.587678+00:00,21.41
s_third,2026-06-17T10:39:07.792797+00:00,27.47
s_third,2026-06-17T10:45:13.534255+00:00,22.86
s_third,2026-06-17T10:55:12.432015+00:00,22.86
s_third,2026-06-17T11:00:08.240116+00:00,57.37
s_third,2026-06-17T11:14:58.727464+00:00,22.86
s_third,2026-06-17T11:40:57.220348+00:00,22.86
s_third,2026-06-17T12:08:25.022193+00:00,-100.0
s_third,2026-06-17T12:15:09.575873+00:00,21.41
s_third,2026-06-17T12:17:01.861525+00:00,24.36
s_third,2026-06-17T12:26:52.869092+00:00,22.86
s_third,2026-06-17T13:16:30.839788+00:00,21.41
s_third,2026-06-17T13:21:37.019393+00:00,29.09
s_third,2026-06-17T13:31:47.291585+00:00,45.88
s_third,2026-06-17T13:48:17.097495+00:00,29.09
s_third,2026-06-17T13:52:15.779851+00:00,21.41
s_third,2026-06-17T14:01:14.822038+00:00,24.36
s_third,2026-06-17T14:06:41.434612+00:00,22.86
s_third,2026-06-17T14:26:42.465653+00:00,37.87
s_third,2026-06-17T14:26:42.585150+00:00,22.86
s_third,2026-06-17T14:36:42.257253+00:00,21.41
s_third,2026-06-17T14:38:19.360760+00:00,43.78
s_third,2026-06-17T14:43:00.477884+00:00,22.86
s_third,2026-06-17T15:32:30.502383+00:00,34.21
s_third,2026-06-17T15:38:07.947126+00:00,39.79
s_third,2026-06-17T15:43:11.162465+00:00,39.79
s_third,2026-06-17T15:47:33.787518+00:00,27.47
s_third,2026-06-17T15:58:55.876473+00:00,-100.0
s_third,2026-06-17T16:07:37.259965+00:00,29.09
s_third,2026-06-17T16:13:28.137051+00:00,21.41
s_third,2026-06-17T16:21:26.935855+00:00,32.45
s_third,2026-06-17T16:29:48.258552+00:00,-100.0
s_third,2026-06-17T16:43:48.880264+00:00,24.36
s_third,2026-06-17T17:13:48.908181+00:00,21.41
s_third,2026-06-17T17:19:10.015118+00:00,24.36
s_third,2026-06-17T17:54:59.188898+00:00,25.89
s_third,2026-06-17T18:37:12.658621+00:00,24.36
s_third,2026-06-17T18:56:11.422055+00:00,22.86
s_third,2026-06-17T19:01:18.466889+00:00,21.41
s_third,2026-06-17T19:07:39.013854+00:00,25.89
s_third,2026-06-17T19:13:16.479374+00:00,24.36
s_third,2026-06-17T19:27:54.348679+00:00,-100.0
s_third,2026-06-17T19:36:09.714769+00:00,-100.0
s_third,2026-06-17T19:38:36.760695+00:00,37.87
s_third,2026-06-17T19:46:43.506841+00:00,22.86
s_third,2026-06-17T19:46:43.623339+00:00,22.86
s_third,2026-06-17T19:56:32.541476+00:00,-100.0
s_third,2026-06-17T20:05:06.873604+00:00,25.89
s_third,2026-06-17T20:09:52.772313+00:00,32.45
s_third,2026-06-17T20:54:24.333053+00:00,30.75
s_third,2026-06-17T20:59:30.623376+00:00,29.09
s_third,2026-06-17T21:23:21.322648+00:00,-100.0
s_third,2026-06-17T21:43:57.333834+00:00,24.36
s_third,2026-06-17T21:54:25.989446+00:00,-100.0
s_third,2026-06-17T22:00:33.784672+00:00,27.47
s_third,2026-06-17T22:05:25.712243+00:00,29.09
s_third,2026-06-17T22:46:02.781218+00:00,37.87
s_third,2026-06-17T22:47:18.405707+00:00,-100.0
s_third,2026-06-17T23:27:23.618743+00:00,-100.0
s_third,2026-06-17T23:37:38.985179+00:00,21.41
s_third,2026-06-17T23:48:11.409207+00:00,22.86
s_third,2026-06-18T00:02:19.072071+00:00,21.41
s_third,2026-06-18T00:15:06.618511+00:00,90.75
s_third,2026-06-18T00:20:57.498154+00:00,32.45
s_third,2026-06-18T00:26:17.736799+00:00,22.86
s_third,2026-06-18T00:27:26.612852+00:00,36.02
s_third,2026-06-18T00:33:26.742807+00:00,22.86
s_third,2026-06-18T00:37:55.559892+00:00,24.36
s_third,2026-06-18T00:41:47.898381+00:00,21.41
s_third,2026-06-18T00:49:44.942092+00:00,34.21
s_third,2026-06-18T01:21:10.346451+00:00,21.41
s_third,2026-06-18T01:28:06.069062+00:00,30.75
s_third,2026-06-18T01:28:51.696851+00:00,41.75
s_third,2026-06-18T01:39:23.484190+00:00,22.86
s_third,2026-06-18T01:39:56.723051+00:00,39.79
s_third,2026-06-18T02:00:47.941973+00:00,21.41
s_third,2026-06-18T02:10:06.129389+00:00,21.41
s_third,2026-06-18T02:22:30.848283+00:00,25.89
s_third,2026-06-18T03:12:08.741456+00:00,-100.0
s_third,2026-06-18T03:30:05.305540+00:00,32.45
s_third,2026-06-18T03:36:44.818039+00:00,22.86
s_third,2026-06-18T03:49:22.734681+00:00,27.47
s_third,2026-06-18T03:52:59.293129+00:00,37.87
s_third,2026-06-18T04:09:10.509235+00:00,-100.0
s_third,2026-06-18T04:47:20.033039+00:00,30.75
s_third,2026-06-18T04:52:09.688440+00:00,36.02
s_third,2026-06-18T04:57:30.907126+00:00,29.09
s_third,2026-06-18T05:06:38.134932+00:00,-100.0
s_third,2026-06-18T05:15:44.335330+00:00,-100.0
s_third,2026-06-18T05:27:21.110154+00:00,24.36
s_third,2026-06-18T05:52:23.379660+00:00,27.47
s_third,2026-06-18T06:11:20.512655+00:00,21.41
s_third,2026-06-18T06:16:43.811958+00:00,-100.0
s_third,2026-06-18T06:22:21.077571+00:00,25.89
s_third,2026-06-18T06:32:25.097299+00:00,34.21
s_third,2026-06-18T06:47:44.942669+00:00,29.09
s_third,2026-06-18T07:07:11.607628+00:00,22.86
s_third,2026-06-18T07:17:01.639133+00:00,-100.0
s_third,2026-06-18T07:37:35.065470+00:00,27.47
s_third,2026-06-18T07:52:23.896890+00:00,25.89
s_third,2026-06-18T08:03:04.477177+00:00,41.75
s_third,2026-06-18T08:32:29.051982+00:00,59.9
s_third,2026-06-18T08:42:47.672697+00:00,34.21
s_third,2026-06-18T09:08:06.627436+00:00,34.21
s_third,2026-06-18T09:43:27.592870+00:00,29.09
s_third,2026-06-18T10:23:58.575721+00:00,21.41
s_third,2026-06-18T10:33:52.455074+00:00,36.02
s_third,2026-06-18T11:14:09.105091+00:00,24.36
s_third,2026-06-18T11:19:16.339621+00:00,24.36
s_third,2026-06-18T11:24:18.611384+00:00,43.78
s_third,2026-06-18T11:39:07.356380+00:00,24.36
s_third,2026-06-18T12:04:14.297216+00:00,24.36
s_third,2026-06-18T12:14:16.641046+00:00,30.75
s_third,2026-06-18T12:19:28.423048+00:00,22.86
s_third,2026-06-18T12:34:40.134220+00:00,21.41
s_third,2026-06-18T13:09:27.128217+00:00,30.75
s_third,2026-06-18T13:26:27.339828+00:00,-100.0
s_third,2026-06-18T13:35:30.273332+00:00,-100.0
s_third,2026-06-18T13:46:24.951894+00:00,25.89
s_third,2026-06-18T13:50:38.114458+00:00,24.36
s_third,2026-06-18T13:55:29.999432+00:00,29.09
s_third,2026-06-18T14:01:00.026866+00:00,25.89
s_third,2026-06-18T14:10:10.566457+00:00,-100.0
s_third,2026-06-18T15:16:21.547786+00:00,25.89
s_third,2026-06-18T15:26:39.800795+00:00,27.47
s_third,2026-06-18T15:41:34.249234+00:00,30.75
s_third,2026-06-18T15:51:41.375223+00:00,30.75
s_third,2026-06-18T16:37:26.904499+00:00,41.75
s_third,2026-06-18T16:51:02.507862+00:00,24.36
s_third,2026-06-18T16:56:57.498245+00:00,22.86
s_third,2026-06-18T17:06:54.743444+00:00,30.75
s_third,2026-06-18T17:13:00.032586+00:00,41.75
s_third,2026-06-18T17:22:20.718675+00:00,29.09
s_third,2026-06-18T18:07:49.714042+00:00,-100.0
s_third,2026-06-18T18:12:46.046148+00:00,22.86
s_third,2026-06-18T18:23:08.820941+00:00,29.09
s_third,2026-06-18T18:28:09.992075+00:00,21.41
s_third,2026-06-18T18:38:56.643885+00:00,24.36
s_third,2026-06-18T18:43:15.418637+00:00,27.47
s_third,2026-06-18T18:53:50.268612+00:00,-100.0
s_third,2026-06-18T18:58:38.252718+00:00,36.02
s_third,2026-06-18T19:09:10.819411+00:00,30.75
s_third,2026-06-18T19:19:43.655985+00:00,24.36
s_third,2026-06-18T19:24:03.981117+00:00,-100.0
s_third,2026-06-18T19:33:26.524146+00:00,32.45
s_third,2026-06-18T19:44:52.782287+00:00,36.02
s_third,2026-06-18T19:49:39.106780+00:00,22.86
s_third,2026-06-18T20:03:48.911440+00:00,24.36
s_third,2026-06-18T20:39:58.710203+00:00,-100.0
s_third,2026-06-18T20:50:02.737883+00:00,21.41
s_third,2026-06-18T20:54:48.255689+00:00,29.09
s_third,2026-06-18T21:30:28.354814+00:00,22.86
s_third,2026-06-18T21:48:49.276993+00:00,-100.0
s_third,2026-06-18T22:30:23.624466+00:00,22.86
s_third,2026-06-18T22:36:03.551376+00:00,24.36
s_third,2026-06-18T22:56:38.360127+00:00,-100.0
s_third,2026-06-18T23:07:46.529131+00:00,-100.0
s_third,2026-06-18T23:18:10.313614+00:00,-100.0
s_third,2026-06-18T23:33:14.225652+00:00,27.47
s_third,2026-06-19T00:06:43.096301+00:00,-100.0
s_third,2026-06-19T00:21:13.851374+00:00,21.41
s_third,2026-06-19T00:30:37.213426+00:00,22.86
s_third,2026-06-19T00:36:24.392791+00:00,-100.0
s_third,2026-06-19T00:52:21.988731+00:00,-100.0
s_third,2026-06-19T01:12:10.231818+00:00,22.86
s_third,2026-06-19T01:17:16.406366+00:00,-100.0
s_third,2026-06-19T01:27:32.953767+00:00,-100.0
s_third,2026-06-19T01:38:02.419542+00:00,27.47
s_third,2026-06-19T01:57:45.092413+00:00,34.21
s_third,2026-06-19T02:02:23.472443+00:00,24.36
s_third,2026-06-19T02:18:24.557331+00:00,25.89
s_third,2026-06-19T02:23:19.746427+00:00,29.09
s_third,2026-06-19T02:28:49.793412+00:00,22.86
s_third,2026-06-19T02:58:59.595408+00:00,25.89
s_third,2026-06-19T03:34:39.090740+00:00,-100.0
s_third,2026-06-19T03:53:40.576223+00:00,29.09
s_third,2026-06-19T04:17:02.978188+00:00,39.79
s_third,2026-06-19T04:26:19.606137+00:00,-100.0
s_third,2026-06-19T04:43:50.145234+00:00,25.89
s_third,2026-06-19T04:52:24.147786+00:00,22.86
s_third,2026-06-19T05:31:32.074403+00:00,24.36
s_third,2026-06-19T05:36:29.811437+00:00,-100.0
s_third,2026-06-19T05:36:53.477783+00:00,27.47
s_third,2026-06-19T05:59:54.023346+00:00,30.75
s_third,2026-06-19T06:15:36.218284+00:00,32.45
s_third,2026-06-19T06:31:14.075187+00:00,30.75
s_third,2026-06-19T06:57:40.433063+00:00,21.41
s_third,2026-06-19T07:02:56.565579+00:00,22.86
s_third,2026-06-19T07:14:09.327973+00:00,-100.0
s_third,2026-06-19T07:30:47.343414+00:00,21.41
s_third,2026-06-19T07:40:46.750885+00:00,45.88
s_third,2026-06-19T07:55:14.504420+00:00,22.86
s_third,2026-06-19T08:08:48.236186+00:00,-100.0
s_third,2026-06-19T09:50:13.005234+00:00,22.86
s_third,2026-06-19T09:55:45.573905+00:00,25.89
s_third,2026-06-19T10:01:46.455187+00:00,41.75
s_third,2026-06-19T10:28:12.228505+00:00,-100.0
s_third,2026-06-19T10:45:27.240747+00:00,34.21
s_third,2026-06-19T10:50:21.473201+00:00,-100.0
s_third,2026-06-19T11:01:45.400541+00:00,-100.0
s_third,2026-06-19T11:07:55.311813+00:00,24.36
s_third,2026-06-19T11:20:33.612977+00:00,-100.0
s_third,2026-06-19T11:24:06.038317+00:00,-100.0
s_third,2026-06-19T11:40:41.225353+00:00,22.86
s_third,2026-06-19T11:45:45.171506+00:00,-100.0
s_third,2026-06-19T12:01:55.304357+00:00,22.86
s_third,2026-06-19T12:07:47.965227+00:00,22.86
s_third,2026-06-19T12:13:25.184277+00:00,-100.0
s_third,2026-06-19T12:28:25.029215+00:00,-100.0
s_third,2026-06-19T12:34:06.004632+00:00,21.41
s_third,2026-06-19T12:45:19.144249+00:00,48.03
s_third,2026-06-19T12:46:57.943702+00:00,62.52
s_third,2026-06-19T13:15:12.708466+00:00,25.89
s_third,2026-06-19T13:29:04.838713+00:00,22.86
s_third,2026-06-19T13:39:39.605808+00:00,34.21
s_third,2026-06-19T13:45:10.903326+00:00,39.79
s_third,2026-06-19T14:11:41.760702+00:00,24.36
s_third,2026-06-19T14:23:20.577704+00:00,32.45
s_third,2026-06-19T14:29:08.665526+00:00,-100.0
s_third,2026-06-19T14:40:31.835005+00:00,27.47
s_third,2026-06-19T14:55:37.984391+00:00,25.89
s_third,2026-06-19T15:01:09.785627+00:00,21.41
s_third,2026-06-19T15:23:42.098731+00:00,22.86
s_third,2026-06-19T15:28:51.551990+00:00,22.86
s_third,2026-06-19T15:54:59.562828+00:00,29.09
s_third,2026-06-19T16:01:15.224677+00:00,22.86
s_third,2026-06-19T16:12:09.677726+00:00,25.89
s_third,2026-06-19T16:38:24.496811+00:00,-100.0
s_third,2026-06-19T16:48:59.914705+00:00,21.41
s_third,2026-06-19T17:10:39.182034+00:00,30.75
s_third,2026-06-19T17:44:01.148900+00:00,25.89
s_third,2026-06-19T17:54:22.915719+00:00,34.21
s_third,2026-06-19T17:59:44.630809+00:00,52.55
s_third,2026-06-19T18:23:45.674907+00:00,36.02
s_third,2026-06-19T19:39:48.918357+00:00,22.86
s_third,2026-06-19T19:45:29.585849+00:00,-100.0
s_third,2026-06-19T20:43:39.161637+00:00,-100.0
s_third,2026-06-19T21:44:18.027037+00:00,-100.0
s_third,2026-06-19T21:53:54.923171+00:00,32.45
s_third,2026-06-19T21:59:21.124761+00:00,24.36
s_third,2026-06-19T22:14:30.101130+00:00,-100.0
s_third,2026-06-19T22:42:36.882135+00:00,-100.0
s_third,2026-06-19T22:47:39.592471+00:00,32.45
s_third,2026-06-19T22:57:35.521373+00:00,22.86
s_third,2026-06-19T23:02:26.432319+00:00,29.09
s_third,2026-06-19T23:07:02.383175+00:00,41.75
s_third,2026-06-19T23:42:49.612637+00:00,29.09
s_third,2026-06-19T23:59:52.386342+00:00,29.09
s_third,2026-06-20T00:21:13.998816+00:00,29.09
s_third,2026-06-20T00:28:23.654803+00:00,-100.0
s_third,2026-06-20T00:38:22.699535+00:00,24.36
s_third,2026-06-20T00:50:58.761651+00:00,27.47
s_third,2026-06-20T00:56:23.566300+00:00,32.45
s_third,2026-06-20T00:57:36.164041+00:00,-100.0
s_third,2026-06-20T01:11:37.112004+00:00,34.21
s_third,2026-06-20T01:16:39.382048+00:00,25.89
s_third,2026-06-20T01:28:42.170664+00:00,45.88
s_third,2026-06-20T01:38:56.241277+00:00,24.36
s_third,2026-06-20T01:44:08.734264+00:00,24.36
s_third,2026-06-20T02:00:50.098281+00:00,-100.0
s_third,2026-06-20T02:06:00.312870+00:00,94.52
s_third,2026-06-20T02:32:55.793098+00:00,52.55
s_third,2026-06-20T02:49:37.519881+00:00,-100.0
s_third,2026-06-20T02:54:40.198542+00:00,-100.0
s_third,2026-06-20T02:59:48.261018+00:00,32.45
s_third,2026-06-20T03:22:39.862549+00:00,52.55
s_third,2026-06-20T03:25:00.457835+00:00,59.9
s_third,2026-06-20T03:37:55.668916+00:00,-100.0
s_third,2026-06-20T03:56:51.656632+00:00,-100.0
s_third,2026-06-20T04:00:07.015620+00:00,34.21
s_third,2026-06-20T04:15:16.861809+00:00,-100.0
s_third,2026-06-20T04:20:25.757653+00:00,50.26
s_third,2026-06-20T05:50:57.943897+00:00,21.41
s_third,2026-06-20T05:57:03.306442+00:00,36.02
s_third,2026-06-20T06:00:06.632959+00:00,25.89
s_third,2026-06-20T06:22:06.113205+00:00,37.87
s_third,2026-06-20T06:23:17.380043+00:00,45.88
s_third,2026-06-20T06:49:36.154397+00:00,29.09
s_third,2026-06-20T07:00:40.061099+00:00,-100.0
s_third,2026-06-20T07:27:17.873258+00:00,30.75
s_third,2026-06-20T07:33:02.390880+00:00,-100.0
s_third,2026-06-20T07:37:49.593101+00:00,27.47
s_third,2026-06-20T07:47:43.401433+00:00,25.89
s_third,2026-06-20T08:00:12.894752+00:00,22.86
s_third,2026-06-20T08:51:19.830490+00:00,27.47
s_third,2026-06-20T08:52:06.675211+00:00,32.45
s_third,2026-06-20T09:01:01.995861+00:00,32.45
s_third,2026-06-20T09:05:13.257087+00:00,25.89
s_third,2026-06-20T09:16:12.637091+00:00,21.41
s_third,2026-06-20T09:26:59.210636+00:00,30.75
s_third,2026-06-20T09:36:07.290283+00:00,45.88
s_third,2026-06-20T10:00:19.100306+00:00,30.75
s_third,2026-06-20T10:08:50.660156+00:00,32.45
s_third,2026-06-20T10:14:00.428501+00:00,-100.0
s_third,2026-06-20T10:24:45.547237+00:00,-100.0
s_third,2026-06-20T10:38:48.692776+00:00,32.45
s_third,2026-06-20T10:45:25.930181+00:00,25.89
s_third,2026-06-20T10:50:49.149313+00:00,37.87
s_third,2026-06-20T11:16:06.737761+00:00,-100.0
s_third,2026-06-20T11:22:46.387439+00:00,21.41
s_third,2026-06-20T11:34:20.275961+00:00,27.47
s_third,2026-06-20T12:07:48.397891+00:00,21.41
s_third,2026-06-20T13:23:51.160400+00:00,-100.0
s_third,2026-06-20T13:34:58.146457+00:00,-100.0
s_third,2026-06-20T13:41:07.047527+00:00,21.41
s_third,2026-06-20T14:23:13.878726+00:00,-100.0
s_third,2026-06-20T14:23:39.768896+00:00,24.36
s_third,2026-06-20T14:28:00.847830+00:00,70.93
s_third,2026-06-20T14:41:19.220219+00:00,24.36
s_third,2026-06-20T14:44:02.027021+00:00,21.41
s_third,2026-06-20T15:06:40.047983+00:00,37.87
s_third,2026-06-20T16:02:49.875424+00:00,21.41
s_third,2026-06-20T16:26:29.564519+00:00,22.86
s_third,2026-06-20T16:30:18.392432+00:00,-100.0
s_third,2026-06-20T16:46:10.099720+00:00,21.41
s_third,2026-06-20T17:04:37.667103+00:00,-100.0
s_third,2026-06-20T17:15:27.987757+00:00,29.09
s_third,2026-06-20T17:25:21.363213+00:00,34.21
s_third,2026-06-20T17:31:40.010453+00:00,48.03
s_third,2026-06-20T17:37:04.384759+00:00,30.75
s_third,2026-06-20T17:40:56.367901+00:00,22.86
s_third,2026-06-20T19:14:00.066294+00:00,77.05
s_third,2026-06-20T19:21:49.723877+00:00,-100.0
s_third,2026-06-20T19:31:35.206797+00:00,41.75
s_third,2026-06-20T19:36:51.033386+00:00,36.02
s_third,2026-06-20T19:49:10.973993+00:00,29.09
s_third,2026-06-20T20:14:26.123822+00:00,25.89
s_third,2026-06-20T20:22:28.973653+00:00,24.36
s_third,2026-06-20T20:32:25.069885+00:00,30.75
s_third,2026-06-20T20:37:24.660676+00:00,21.41
s_third,2026-06-20T21:10:30.036783+00:00,22.86
s_third,2026-06-20T21:27:11.140002+00:00,22.86
s_third,2026-06-20T21:27:34.667972+00:00,-100.0
s_third,2026-06-20T21:52:20.521210+00:00,22.86
s_third,2026-06-20T21:57:29.231233+00:00,22.86
s_third,2026-06-20T22:03:41.963819+00:00,27.47
s_third,2026-06-20T22:08:16.371223+00:00,-100.0
s_third,2026-06-20T22:45:24.795148+00:00,32.45
s_third,2026-06-20T23:19:40.165013+00:00,25.89
s_third,2026-06-20T23:22:30.753469+00:00,41.75
s_third,2026-06-20T23:45:34.289929+00:00,43.78
s_third,2026-06-20T23:59:49.068101+00:00,45.88
s_third,2026-06-21T00:25:08.868917+00:00,83.64
s_third,2026-06-21T00:28:12.984773+00:00,24.36
s_third,2026-06-21T00:37:59.566905+00:00,-100.0
s_third,2026-06-21T00:53:25.667023+00:00,-100.0
s_third,2026-06-21T01:39:06.639244+00:00,59.9
s_third,2026-06-21T01:44:49.358600+00:00,-100.0
s_third,2026-06-21T01:55:13.842395+00:00,22.86
s_third,2026-06-21T01:59:48.146153+00:00,30.75
s_third,2026-06-21T02:12:19.082047+00:00,41.75
s_third,2026-06-21T02:43:49.996260+00:00,-100.0
s_third,2026-06-21T02:58:37.652087+00:00,90.75
s_third,2026-06-21T03:18:46.112187+00:00,21.41
s_third,2026-06-21T03:55:04.944539+00:00,-100.0
s_third,2026-06-21T03:59:24.535403+00:00,41.75
s_third,2026-06-21T04:03:39.913659+00:00,48.03
s_third,2026-06-21T04:10:51.368065+00:00,41.75
s_third,2026-06-21T05:11:34.738782+00:00,-100.0
s_third,2026-06-21T07:27:54.895324+00:00,48.03
s_third,2026-06-21T07:54:50.206988+00:00,32.45
s_third,2026-06-21T08:08:47.415000+00:00,52.55
s_third,2026-06-21T08:20:36.153210+00:00,57.37
s_third,2026-06-21T08:59:39.009808+00:00,52.55
s_third,2026-06-21T09:08:22.052321+00:00,41.75
s_third,2026-06-21T09:28:32.180002+00:00,22.86
s_third,2026-06-21T10:11:37.869763+00:00,29.09
s_third,2026-06-21T10:34:17.277395+00:00,25.89
s_third,2026-06-21T10:54:19.648654+00:00,24.36
s_third,2026-06-21T11:04:53.678493+00:00,27.47
s_third,2026-06-21T11:14:49.742660+00:00,25.89
s_third,2026-06-21T11:45:45.482106+00:00,50.26
s_third,2026-06-21T11:54:50.332188+00:00,25.89
s_third,2026-06-21T12:42:53.029136+00:00,24.36
s_third,2026-06-21T13:31:56.345721+00:00,27.47
s_third,2026-06-21T13:32:18.304686+00:00,21.41
s_third,2026-06-21T13:51:50.210225+00:00,29.09
s_third,2026-06-21T14:07:23.180737+00:00,-100.0
s_third,2026-06-21T14:53:37.673236+00:00,27.47
s_third,2026-06-21T15:15:11.737155+00:00,-100.0
s_third,2026-06-21T16:07:54.201628+00:00,54.92
s_third,2026-06-21T17:36:46.812109+00:00,34.21
s_third,2026-06-21T18:53:25.654483+00:00,32.45
s_third,2026-06-21T19:01:41.041960+00:00,-100.0
s_third,2026-06-21T19:06:40.624182+00:00,-100.0
s_third,2026-06-21T19:10:52.710408+00:00,-100.0
s_third,2026-06-21T19:26:11.807804+00:00,-100.0
s_third,2026-06-21T19:55:55.363428+00:00,-100.0
s_third,2026-06-21T20:07:16.616315+00:00,-100.0
s_third,2026-06-21T20:42:37.529481+00:00,25.89
s_third,2026-06-21T20:46:31.568471+00:00,22.86
s_third,2026-06-21T21:07:04.319758+00:00,-100.0
s_third,2026-06-21T21:15:02.147250+00:00,25.89
s_third,2026-06-21T21:17:41.514791+00:00,22.86
s_third,2026-06-21T21:37:42.680066+00:00,-100.0
s_third,2026-06-21T21:51:56.818726+00:00,27.47
s_third,2026-06-21T21:52:18.920361+00:00,22.86
s_third,2026-06-21T22:08:09.928396+00:00,-100.0
s_third,2026-06-21T22:17:14.947090+00:00,22.86
s_third,2026-06-21T22:33:41.137195+00:00,-100.0
s_third,2026-06-21T22:38:22.604182+00:00,27.47
s_third,2026-06-21T22:53:47.003507+00:00,39.79
s_third,2026-06-21T23:16:05.777740+00:00,27.47
s_third,2026-06-21T23:17:40.949181+00:00,24.36
s_third,2026-06-21T23:25:25.378758+00:00,32.45
s_third,2026-06-21T23:47:04.445335+00:00,21.41
s_third,2026-06-21T23:59:27.600865+00:00,21.41
s_third,2026-06-22T00:15:56.700971+00:00,21.41
s_third,2026-06-22T00:29:57.075857+00:00,-100.0
s_third,2026-06-22T01:16:17.684008+00:00,25.89
s_third,2026-06-22T02:04:17.890333+00:00,29.09
s_third,2026-06-22T02:11:33.581456+00:00,36.02
s_third,2026-06-22T02:17:39.757266+00:00,29.09
s_third,2026-06-22T02:37:51.685201+00:00,22.86
s_third,2026-06-22T02:37:52.087448+00:00,-100.0
s_third,2026-06-22T02:47:17.595203+00:00,21.41
s_third,2026-06-22T03:02:45.024425+00:00,25.89
s_third,2026-06-22T03:18:15.834186+00:00,-100.0
s_third,2026-06-22T03:38:25.834472+00:00,41.75
s_third,2026-06-22T03:45:13.839924+00:00,22.86
s_third,2026-06-22T04:57:14.711997+00:00,-100.0
s_third,2026-06-22T05:17:52.796162+00:00,25.89
s_third,2026-06-22T05:27:57.483425+00:00,-100.0
s_third,2026-06-22T05:39:40.287289+00:00,-100.0
s_third,2026-06-22T05:46:04.987081+00:00,36.02
s_third,2026-06-22T05:51:00.882446+00:00,54.92
s_third,2026-06-22T05:54:42.759737+00:00,32.45
s_third,2026-06-22T06:10:29.261468+00:00,24.36
s_third,2026-06-22T06:55:47.101421+00:00,-100.0
s_third,2026-06-22T07:03:46.663749+00:00,-100.0
s_third,2026-06-22T07:26:49.476807+00:00,24.36
s_third,2026-06-22T07:31:09.819660+00:00,21.41
s_third,2026-06-22T07:46:22.832196+00:00,27.47
s_third,2026-06-22T08:13:41.636481+00:00,36.02
s_third,2026-06-22T08:20:34.730860+00:00,-100.0
s_entry150,2026-06-18T11:14:06.253128+00:00,27.47
s_entry150,2026-06-18T11:19:14.133643+00:00,24.36
s_entry150,2026-06-18T11:24:17.931644+00:00,43.78
s_entry150,2026-06-18T11:34:09.003611+00:00,22.86
s_entry150,2026-06-18T11:39:06.789929+00:00,24.36
s_entry150,2026-06-18T12:04:13.759633+00:00,22.86
s_entry150,2026-06-18T12:14:15.903064+00:00,30.75
s_entry150,2026-06-18T12:19:27.740829+00:00,22.86
s_entry150,2026-06-18T12:24:32.172813+00:00,27.47
s_entry150,2026-06-18T12:34:39.639121+00:00,21.41
s_entry150,2026-06-18T13:09:26.532168+00:00,21.41
s_entry150,2026-06-18T13:20:00.575993+00:00,29.09
s_entry150,2026-06-18T13:26:26.082970+00:00,-100.0
s_entry150,2026-06-18T13:35:29.544907+00:00,-100.0
s_entry150,2026-06-18T13:46:23.002304+00:00,25.89
s_entry150,2026-06-18T13:50:35.421911+00:00,24.36
s_entry150,2026-06-18T13:55:28.573887+00:00,-100.0
s_entry150,2026-06-18T14:00:58.012934+00:00,25.89
s_entry150,2026-06-18T14:10:09.955607+00:00,-100.0
s_entry150,2026-06-18T15:16:20.292652+00:00,25.89
s_entry150,2026-06-18T15:26:39.510019+00:00,27.47
s_entry150,2026-06-18T15:41:33.327164+00:00,30.75
s_entry150,2026-06-18T15:51:40.844936+00:00,30.75
s_entry150,2026-06-18T16:06:21.037892+00:00,21.41
s_entry150,2026-06-18T16:37:25.110290+00:00,41.75
s_entry150,2026-06-18T16:51:01.211115+00:00,24.36
s_entry150,2026-06-18T16:56:56.019973+00:00,22.86
s_entry150,2026-06-18T17:06:53.731517+00:00,30.75
s_entry150,2026-06-18T17:12:59.396806+00:00,41.75
s_entry150,2026-06-18T17:22:19.688962+00:00,29.09
s_entry150,2026-06-18T18:07:47.633915+00:00,-100.0
s_entry150,2026-06-18T18:12:45.451445+00:00,25.89
s_entry150,2026-06-18T18:23:07.461014+00:00,29.09
s_entry150,2026-06-18T18:28:08.671705+00:00,22.86
s_entry150,2026-06-18T18:38:55.380830+00:00,24.36
s_entry150,2026-06-18T18:43:13.843386+00:00,27.47
s_entry150,2026-06-18T18:53:48.943696+00:00,-100.0
s_entry150,2026-06-18T18:58:36.617712+00:00,-100.0
s_entry150,2026-06-18T19:09:07.670477+00:00,30.75
s_entry150,2026-06-18T19:13:54.069520+00:00,21.41
s_entry150,2026-06-18T19:19:41.642381+00:00,24.36
s_entry150,2026-06-18T19:24:02.006011+00:00,-100.0
s_entry150,2026-06-18T19:28:46.168763+00:00,22.86
s_entry150,2026-06-18T19:33:25.521582+00:00,21.41
s_entry150,2026-06-18T19:39:07.986700+00:00,32.45
s_entry150,2026-06-18T19:44:49.372968+00:00,43.78
s_entry150,2026-06-18T19:49:37.419675+00:00,22.86
s_entry150,2026-06-18T20:03:48.278943+00:00,24.36
s_entry150,2026-06-18T20:39:57.769975+00:00,-100.0
s_entry150,2026-06-18T20:50:00.525264+00:00,21.41
s_entry150,2026-06-18T20:54:46.708105+00:00,29.09
s_entry150,2026-06-18T21:30:26.519569+00:00,22.86
s_entry150,2026-06-18T21:48:47.529688+00:00,-100.0
s_entry150,2026-06-18T22:10:40.710907+00:00,-100.0
s_entry150,2026-06-18T22:30:21.107541+00:00,22.86
s_entry150,2026-06-18T22:36:00.763842+00:00,24.36
s_entry150,2026-06-18T22:56:36.718502+00:00,-100.0
s_entry150,2026-06-18T23:07:45.754269+00:00,-100.0
s_entry150,2026-06-18T23:18:09.355986+00:00,-100.0
s_entry150,2026-06-18T23:33:12.385291+00:00,27.47
s_entry150,2026-06-18T23:40:00.282885+00:00,21.41
s_entry150,2026-06-19T00:06:42.485700+00:00,-100.0
s_entry150,2026-06-19T00:21:13.054431+00:00,21.41
s_entry150,2026-06-19T00:30:35.238791+00:00,24.36
s_entry150,2026-06-19T00:36:47.302375+00:00,-100.0
s_entry150,2026-06-19T00:52:20.652290+00:00,-100.0
s_entry150,2026-06-19T01:07:35.012759+00:00,-100.0
s_entry150,2026-06-19T01:12:09.429310+00:00,27.47
s_entry150,2026-06-19T01:17:14.660483+00:00,-100.0
s_entry150,2026-06-19T01:27:31.619177+00:00,-100.0
s_entry150,2026-06-19T01:32:37.940104+00:00,24.36
s_entry150,2026-06-19T01:38:01.984451+00:00,29.09
s_entry150,2026-06-19T01:53:06.265458+00:00,24.36
s_entry150,2026-06-19T01:57:44.292464+00:00,34.21
s_entry150,2026-06-19T02:02:22.230500+00:00,29.09
s_entry150,2026-06-19T02:08:07.178264+00:00,21.41
s_entry150,2026-06-19T02:14:21.969134+00:00,22.86
s_entry150,2026-06-19T02:18:22.014195+00:00,25.89
s_entry150,2026-06-19T02:23:16.884337+00:00,29.09
s_entry150,2026-06-19T02:28:48.892839+00:00,39.79
s_entry150,2026-06-19T02:58:57.812184+00:00,39.79
s_entry150,2026-06-19T03:34:35.978302+00:00,-100.0
s_entry150,2026-06-19T03:54:03.808459+00:00,29.09
s_entry150,2026-06-19T04:04:16.081363+00:00,22.86
s_entry150,2026-06-19T04:17:00.228740+00:00,39.79
s_entry150,2026-06-19T04:26:17.446079+00:00,-100.0
s_entry150,2026-06-19T04:39:09.883334+00:00,94.52
s_entry150,2026-06-19T04:44:13.757060+00:00,25.89
s_entry150,2026-06-19T04:52:23.692692+00:00,22.86
s_entry150,2026-06-19T05:31:30.292954+00:00,24.36
s_entry150,2026-06-19T05:36:27.887196+00:00,-100.0
s_entry150,2026-06-19T05:36:52.739648+00:00,-100.0
s_entry150,2026-06-19T05:59:52.824472+00:00,30.75
s_entry150,2026-06-19T06:15:35.114281+00:00,21.41
s_entry150,2026-06-19T06:31:11.587415+00:00,30.75
s_entry150,2026-06-19T06:40:59.529747+00:00,29.09
s_entry150,2026-06-19T06:57:39.336340+00:00,21.41
s_entry150,2026-06-19T07:02:55.555225+00:00,22.86
s_entry150,2026-06-19T07:14:07.911880+00:00,-100.0
s_entry150,2026-06-19T07:30:45.994617+00:00,21.41
s_entry150,2026-06-19T07:40:45.685292+00:00,45.88
s_entry150,2026-06-19T07:55:13.107363+00:00,22.86
s_entry150,2026-06-19T08:08:47.283369+00:00,-100.0
s_entry150,2026-06-19T09:29:04.765619+00:00,-100.0
s_entry150,2026-06-19T09:50:11.204236+00:00,34.21
s_entry150,2026-06-19T09:56:08.213241+00:00,25.89
s_entry150,2026-06-19T10:01:44.995403+00:00,41.75
s_entry150,2026-06-19T10:28:32.628738+00:00,-100.0
s_entry150,2026-06-19T10:45:26.145169+00:00,34.21
s_entry150,2026-06-19T10:50:20.556508+00:00,-100.0
s_entry150,2026-06-19T10:55:29.279324+00:00,25.89
s_entry150,2026-06-19T11:01:43.849639+00:00,-100.0
s_entry150,2026-06-19T11:07:54.428750+00:00,24.36
s_entry150,2026-06-19T11:20:56.173353+00:00,-100.0
s_entry150,2026-06-19T11:24:04.381313+00:00,-100.0
s_entry150,2026-06-19T11:41:07.199796+00:00,22.86
s_entry150,2026-06-19T11:45:44.055227+00:00,-100.0
s_entry150,2026-06-19T11:56:57.704140+00:00,24.36
s_entry150,2026-06-19T12:01:54.826387+00:00,21.41
s_entry150,2026-06-19T12:07:46.692248+00:00,22.86
s_entry150,2026-06-19T12:13:23.821825+00:00,-100.0
s_entry150,2026-06-19T12:18:11.318038+00:00,32.45
s_entry150,2026-06-19T12:28:22.730807+00:00,-100.0
s_entry150,2026-06-19T12:34:26.992096+00:00,21.41
s_entry150,2026-06-19T12:45:41.502773+00:00,48.03
s_entry150,2026-06-19T12:46:56.131317+00:00,62.52
s_entry150,2026-06-19T13:15:10.816307+00:00,25.89
s_entry150,2026-06-19T13:29:03.393353+00:00,22.86
s_entry150,2026-06-19T13:39:37.537318+00:00,34.21
s_entry150,2026-06-19T13:45:09.755647+00:00,27.47
s_entry150,2026-06-19T13:51:12.966904+00:00,30.75
s_entry150,2026-06-19T14:11:40.405514+00:00,24.36
s_entry150,2026-06-19T14:23:17.938068+00:00,32.45
s_entry150,2026-06-19T14:29:07.165190+00:00,-100.0
s_entry150,2026-06-19T14:40:31.131215+00:00,27.47
s_entry150,2026-06-19T14:55:33.020277+00:00,25.89
s_entry150,2026-06-19T15:01:08.015582+00:00,29.09
s_entry150,2026-06-19T15:03:20.285174+00:00,22.86
s_entry150,2026-06-19T15:23:38.472521+00:00,22.86
s_entry150,2026-06-19T15:28:49.337858+00:00,24.36
s_entry150,2026-06-19T15:55:22.713009+00:00,29.09
s_entry150,2026-06-19T16:01:13.421663+00:00,22.86
s_entry150,2026-06-19T16:12:07.868432+00:00,-100.0
s_entry150,2026-06-19T16:25:05.018430+00:00,21.41
s_entry150,2026-06-19T16:38:23.344866+00:00,-100.0
s_entry150,2026-06-19T16:48:57.620328+00:00,21.41
s_entry150,2026-06-19T17:10:37.278814+00:00,30.75
s_entry150,2026-06-19T17:44:00.086803+00:00,25.89
s_entry150,2026-06-19T17:54:20.165087+00:00,34.21
s_entry150,2026-06-19T17:59:43.320489+00:00,52.55
s_entry150,2026-06-19T18:23:44.071841+00:00,36.02
s_entry150,2026-06-19T19:39:46.675713+00:00,22.86
s_entry150,2026-06-19T19:45:29.219011+00:00,-100.0
s_entry150,2026-06-19T20:39:47.807838+00:00,21.41
s_entry150,2026-06-19T20:43:37.595919+00:00,-100.0
s_entry150,2026-06-19T21:05:39.789730+00:00,21.41
s_entry150,2026-06-19T21:44:15.954141+00:00,-100.0
s_entry150,2026-06-19T21:53:53.244078+00:00,62.52
s_entry150,2026-06-19T21:59:19.942251+00:00,24.36
s_entry150,2026-06-19T22:14:54.183343+00:00,-100.0
s_entry150,2026-06-19T22:42:35.605876+00:00,-100.0
s_entry150,2026-06-19T22:47:38.304918+00:00,32.45
s_entry150,2026-06-19T22:57:32.618740+00:00,22.86
s_entry150,2026-06-19T23:02:24.601830+00:00,29.09
s_entry150,2026-06-19T23:07:01.382049+00:00,41.75
s_entry150,2026-06-19T23:42:48.816301+00:00,39.79
s_entry150,2026-06-19T23:59:51.673267+00:00,29.09
s_entry150,2026-06-20T00:21:11.956157+00:00,29.09
s_entry150,2026-06-20T00:28:20.998633+00:00,-100.0
s_entry150,2026-06-20T00:32:40.657301+00:00,21.41
s_entry150,2026-06-20T00:38:21.274012+00:00,25.89
s_entry150,2026-06-20T00:50:57.263704+00:00,27.47
s_entry150,2026-06-20T00:56:21.212000+00:00,32.45
s_entry150,2026-06-20T00:57:34.807484+00:00,-100.0
s_entry150,2026-06-20T01:11:33.955403+00:00,34.21
s_entry150,2026-06-20T01:16:38.560133+00:00,50.26
s_entry150,2026-06-20T01:28:40.245062+00:00,45.88
s_entry150,2026-06-20T01:33:53.757872+00:00,-100.0
s_entry150,2026-06-20T01:38:54.825402+00:00,48.03
s_entry150,2026-06-20T01:44:07.606071+00:00,24.36
s_entry150,2026-06-20T02:00:47.469262+00:00,-100.0
s_entry150,2026-06-20T02:05:58.244115+00:00,94.52
s_entry150,2026-06-20T02:32:54.439512+00:00,77.05
s_entry150,2026-06-20T02:49:33.967993+00:00,-100.0
s_entry150,2026-06-20T02:55:03.189430+00:00,-100.0
s_entry150,2026-06-20T02:59:46.863060+00:00,32.45
s_entry150,2026-06-20T03:22:36.862727+00:00,22.86
s_entry150,2026-06-20T03:24:59.426156+00:00,59.9
s_entry150,2026-06-20T03:37:54.716178+00:00,-100.0
s_entry150,2026-06-20T03:47:59.565074+00:00,52.55
s_entry150,2026-06-20T03:56:48.476879+00:00,-100.0
s_entry150,2026-06-20T04:00:05.670087+00:00,34.21
s_entry150,2026-06-20T04:09:07.606423+00:00,32.45
s_entry150,2026-06-20T04:15:13.731916+00:00,-100.0
s_entry150,2026-06-20T04:20:24.574438+00:00,50.26
s_entry150,2026-06-20T04:35:26.527751+00:00,21.41
s_entry150,2026-06-20T05:50:56.535428+00:00,21.41
s_entry150,2026-06-20T05:57:01.555092+00:00,22.86
s_entry150,2026-06-20T06:00:06.091942+00:00,25.89
s_entry150,2026-06-20T06:22:02.962901+00:00,45.88
s_entry150,2026-06-20T06:23:15.887227+00:00,45.88
s_entry150,2026-06-20T06:49:58.133387+00:00,29.09
s_entry150,2026-06-20T07:01:01.136795+00:00,-100.0
s_entry150,2026-06-20T07:27:16.860067+00:00,30.75
s_entry150,2026-06-20T07:32:59.391739+00:00,-100.0
s_entry150,2026-06-20T07:37:47.251280+00:00,32.45
s_entry150,2026-06-20T07:47:42.432331+00:00,22.86
s_entry150,2026-06-20T08:00:07.951166+00:00,22.86
s_entry150,2026-06-20T08:51:16.817384+00:00,27.47
s_entry150,2026-06-20T08:52:05.766331+00:00,32.45
s_entry150,2026-06-20T09:00:57.922469+00:00,27.47
s_entry150,2026-06-20T09:05:11.120469+00:00,32.45
s_entry150,2026-06-20T09:16:10.879028+00:00,21.41
s_entry150,2026-06-20T09:26:57.701912+00:00,32.45
s_entry150,2026-06-20T09:36:05.256781+00:00,48.03
s_entry150,2026-06-20T10:00:41.745517+00:00,37.87
s_entry150,2026-06-20T10:08:48.506780+00:00,32.45
s_entry150,2026-06-20T10:13:59.103370+00:00,-100.0
s_entry150,2026-06-20T10:24:44.947570+00:00,-100.0
s_entry150,2026-06-20T10:38:47.075097+00:00,32.45
s_entry150,2026-06-20T10:45:23.639596+00:00,25.89
s_entry150,2026-06-20T10:50:47.910282+00:00,36.02
s_entry150,2026-06-20T11:01:29.949144+00:00,-100.0
s_entry150,2026-06-20T11:11:31.418828+00:00,-100.0
s_entry150,2026-06-20T11:16:04.912273+00:00,-100.0
s_entry150,2026-06-20T11:21:39.168658+00:00,41.75
s_entry150,2026-06-20T11:22:45.861452+00:00,21.41
s_entry150,2026-06-20T11:34:18.548048+00:00,27.47
s_entry150,2026-06-20T12:07:46.484237+00:00,21.41
s_entry150,2026-06-20T13:24:13.507081+00:00,-100.0
s_entry150,2026-06-20T13:34:54.447465+00:00,-100.0
s_entry150,2026-06-20T13:41:05.854684+00:00,25.89
s_entry150,2026-06-20T14:23:12.139409+00:00,-100.0
s_entry150,2026-06-20T14:23:36.652786+00:00,29.09
s_entry150,2026-06-20T14:27:58.150424+00:00,70.93
s_entry150,2026-06-20T14:41:15.494700+00:00,24.36
s_entry150,2026-06-20T14:44:00.330721+00:00,21.41
s_entry150,2026-06-20T15:06:36.642849+00:00,37.87
s_entry150,2026-06-20T16:02:48.273152+00:00,21.41
s_entry150,2026-06-20T16:26:27.417480+00:00,22.86
s_entry150,2026-06-20T16:30:16.337954+00:00,-100.0
s_entry150,2026-06-20T16:46:08.307044+00:00,21.41
s_entry150,2026-06-20T17:04:35.368196+00:00,-100.0
s_entry150,2026-06-20T17:15:25.168631+00:00,29.09
s_entry150,2026-06-20T17:20:12.522267+00:00,22.86
s_entry150,2026-06-20T17:25:17.582753+00:00,30.75
s_entry150,2026-06-20T17:32:03.105349+00:00,48.03
s_entry150,2026-06-20T17:37:02.548744+00:00,30.75
s_entry150,2026-06-20T17:40:54.700468+00:00,22.86
s_entry150,2026-06-20T18:23:20.615199+00:00,30.75
s_entry150,2026-06-20T19:13:58.177242+00:00,25.89
s_entry150,2026-06-20T19:21:47.831598+00:00,-100.0
s_entry150,2026-06-20T19:31:34.493450+00:00,32.45
s_entry150,2026-06-20T19:36:49.751501+00:00,21.41
s_entry150,2026-06-20T19:49:08.693668+00:00,41.75
s_entry150,2026-06-20T20:14:24.107638+00:00,25.89
s_entry150,2026-06-20T20:22:27.860752+00:00,27.47
s_entry150,2026-06-20T20:29:15.377736+00:00,37.87
s_entry150,2026-06-20T20:32:24.101199+00:00,25.89
s_entry150,2026-06-20T20:37:21.740113+00:00,21.41
s_entry150,2026-06-20T20:54:31.623122+00:00,27.47
s_entry150,2026-06-20T21:10:29.478887+00:00,22.86
s_entry150,2026-06-20T21:27:09.342477+00:00,27.47
s_entry150,2026-06-20T21:27:55.796114+00:00,-100.0
s_entry150,2026-06-20T21:52:20.218780+00:00,22.86
s_entry150,2026-06-20T21:57:26.550504+00:00,83.64
s_entry150,2026-06-20T22:03:39.362082+00:00,21.41
s_entry150,2026-06-20T22:08:15.409818+00:00,-100.0
s_entry150,2026-06-20T22:45:23.616432+00:00,37.87
s_entry150,2026-06-20T23:19:37.923275+00:00,32.45
s_entry150,2026-06-20T23:22:29.193723+00:00,41.75
s_entry150,2026-06-20T23:39:26.744463+00:00,-100.0
s_entry150,2026-06-20T23:45:32.844919+00:00,48.03
s_entry150,2026-06-20T23:59:46.345504+00:00,45.88
s_entry150,2026-06-21T00:25:06.795514+00:00,70.93
s_entry150,2026-06-21T00:28:35.570320+00:00,24.36
s_entry150,2026-06-21T00:37:58.524295+00:00,-100.0
s_entry150,2026-06-21T00:53:24.563070+00:00,-100.0
s_entry150,2026-06-21T01:07:59.593237+00:00,-100.0
s_entry150,2026-06-21T01:39:28.180776+00:00,59.9
s_entry150,2026-06-21T01:45:11.237650+00:00,-100.0
s_entry150,2026-06-21T01:55:12.843411+00:00,22.86
s_entry150,2026-06-21T01:59:47.081546+00:00,29.09
s_entry150,2026-06-21T02:12:18.240079+00:00,41.75
s_entry150,2026-06-21T02:24:10.898043+00:00,21.41
s_entry150,2026-06-21T02:43:48.103024+00:00,-100.0
s_entry150,2026-06-21T02:59:00.690248+00:00,70.93
s_entry150,2026-06-21T03:18:44.133263+00:00,21.41
s_entry150,2026-06-21T03:55:03.551220+00:00,-100.0
s_entry150,2026-06-21T03:59:21.523502+00:00,34.21
s_entry150,2026-06-21T04:03:38.673227+00:00,48.03
s_entry150,2026-06-21T04:10:50.936685+00:00,41.75
s_entry150,2026-06-21T04:26:25.720024+00:00,43.78
s_entry150,2026-06-21T05:11:34.312293+00:00,-100.0
s_entry150,2026-06-21T05:51:00.825030+00:00,21.41
s_entry150,2026-06-21T07:27:53.375445+00:00,59.9
s_entry150,2026-06-21T07:53:34.298380+00:00,-100.0
s_entry150,2026-06-21T07:54:49.407243+00:00,30.75
s_entry150,2026-06-21T08:09:08.838994+00:00,52.55
s_entry150,2026-06-21T08:20:35.426742+00:00,57.37
s_entry150,2026-06-21T08:59:36.239492+00:00,52.55
s_entry150,2026-06-21T09:08:21.339409+00:00,21.41
s_entry150,2026-06-21T09:28:30.718664+00:00,21.41
s_entry150,2026-06-21T10:11:36.805233+00:00,25.89
s_entry150,2026-06-21T10:34:16.171145+00:00,25.89
s_entry150,2026-06-21T10:54:18.716045+00:00,24.36
s_entry150,2026-06-21T11:04:52.455217+00:00,43.78
s_entry150,2026-06-21T11:14:48.097385+00:00,25.89
s_entry150,2026-06-21T11:45:43.332306+00:00,57.37
s_entry150,2026-06-21T11:54:48.865572+00:00,25.89
s_entry150,2026-06-21T12:42:50.665637+00:00,24.36
s_entry150,2026-06-21T13:25:00.891333+00:00,22.86
s_entry150,2026-06-21T13:31:55.118541+00:00,27.47
s_entry150,2026-06-21T13:32:17.107592+00:00,21.41
s_entry150,2026-06-21T13:52:11.857738+00:00,25.89
s_entry150,2026-06-21T14:07:20.996835+00:00,-100.0
s_entry150,2026-06-21T14:22:44.503477+00:00,24.36
s_entry150,2026-06-21T14:53:36.503742+00:00,27.47
s_entry150,2026-06-21T15:15:09.658345+00:00,-100.0
s_entry150,2026-06-21T15:24:18.244626+00:00,45.88
s_entry150,2026-06-21T16:07:53.315872+00:00,54.92
s_entry150,2026-06-21T16:14:13.866692+00:00,21.41
s_entry150,2026-06-21T17:37:07.825882+00:00,27.47
s_entry150,2026-06-21T18:53:23.887781+00:00,32.45
s_entry150,2026-06-21T19:01:37.307086+00:00,-100.0
s_entry150,2026-06-21T19:06:37.642499+00:00,-100.0
s_entry150,2026-06-21T19:10:50.854543+00:00,-100.0
s_entry150,2026-06-21T19:26:10.047767+00:00,-100.0
s_entry150,2026-06-21T19:55:53.157807+00:00,-100.0
s_entry150,2026-06-21T20:07:14.899785+00:00,-100.0
s_entry150,2026-06-21T20:26:43.818406+00:00,24.36
s_entry150,2026-06-21T20:42:36.125733+00:00,25.89
s_entry150,2026-06-21T20:46:29.738365+00:00,21.41
s_entry150,2026-06-21T21:07:01.159598+00:00,-100.0
s_entry150,2026-06-21T21:15:23.263989+00:00,25.89
s_entry150,2026-06-21T21:17:40.542992+00:00,22.86
s_entry150,2026-06-21T21:37:41.097228+00:00,-100.0
s_entry150,2026-06-21T21:51:53.400697+00:00,25.89
s_entry150,2026-06-21T21:52:17.877541+00:00,22.86
s_entry150,2026-06-21T22:08:06.936693+00:00,-100.0
s_entry150,2026-06-21T22:17:13.127019+00:00,22.86
s_entry150,2026-06-21T22:33:37.731769+00:00,-100.0
s_entry150,2026-06-21T22:38:21.238081+00:00,27.47
s_entry150,2026-06-21T22:53:45.421201+00:00,39.79
s_entry150,2026-06-21T23:16:04.383086+00:00,27.47
s_entry150,2026-06-21T23:17:39.851823+00:00,24.36
s_entry150,2026-06-21T23:25:22.289389+00:00,32.45
s_entry150,2026-06-21T23:47:00.385543+00:00,21.41
s_entry150,2026-06-21T23:59:25.255002+00:00,21.41
s_entry150,2026-06-22T00:15:55.370210+00:00,21.41
s_entry150,2026-06-22T00:29:55.414993+00:00,-100.0
s_entry150,2026-06-22T01:16:14.462206+00:00,25.89
s_entry150,2026-06-22T02:04:14.226766+00:00,21.41
s_entry150,2026-06-22T02:11:29.589977+00:00,36.02
s_entry150,2026-06-22T02:17:38.249987+00:00,29.09
s_entry150,2026-06-22T02:37:48.133399+00:00,22.86
s_entry150,2026-06-22T02:37:48.489092+00:00,-100.0
s_entry150,2026-06-22T02:47:16.081960+00:00,21.41
s_entry150,2026-06-22T03:02:43.326248+00:00,25.89
s_entry150,2026-06-22T03:18:13.491112+00:00,-100.0
s_entry150,2026-06-22T03:38:21.118276+00:00,41.75
s_entry150,2026-06-22T03:45:11.011034+00:00,21.41
s_entry150,2026-06-22T04:57:13.839311+00:00,-100.0
s_entry150,2026-06-22T05:17:50.981985+00:00,24.36
s_entry150,2026-06-22T05:27:56.436810+00:00,-100.0
s_entry150,2026-06-22T05:30:54.234003+00:00,22.86
s_entry150,2026-06-22T05:39:37.070053+00:00,21.41
s_entry150,2026-06-22T05:46:01.168465+00:00,36.02
s_entry150,2026-06-22T05:50:58.796980+00:00,52.55
s_entry150,2026-06-22T05:54:40.975586+00:00,32.45
s_entry150,2026-06-22T06:10:27.268678+00:00,24.36
s_entry150,2026-06-22T06:55:45.321649+00:00,-100.0
s_entry150,2026-06-22T07:03:44.875423+00:00,-100.0
s_entry150,2026-06-22T07:26:46.653929+00:00,21.41
s_entry150,2026-06-22T07:31:08.577459+00:00,21.41
s_entry150,2026-06-22T07:46:22.024024+00:00,27.47
s_entry150,2026-06-22T08:12:01.156831+00:00,32.45
s_entry150,2026-06-22T08:13:39.088258+00:00,36.02
s_entry150,2026-06-22T08:20:32.878927+00:00,-100.0
s_sigfilt,2026-06-17T13:48:17.846327+00:00,29.09
s_sigfilt,2026-06-17T13:52:16.327649+00:00,21.41
s_sigfilt,2026-06-17T14:01:15.393473+00:00,24.36
s_sigfilt,2026-06-17T14:06:41.588310+00:00,22.86
s_sigfilt,2026-06-17T14:26:42.710804+00:00,37.87
s_sigfilt,2026-06-17T14:26:43.242805+00:00,22.86
s_sigfilt,2026-06-17T14:36:43.256702+00:00,21.41
s_sigfilt,2026-06-17T14:38:20.443455+00:00,43.78
s_sigfilt,2026-06-17T14:43:00.787737+00:00,22.86
s_sigfilt,2026-06-17T15:32:30.732986+00:00,34.21
s_sigfilt,2026-06-17T15:38:08.327491+00:00,39.79
s_sigfilt,2026-06-17T15:42:47.698891+00:00,39.79
s_sigfilt,2026-06-17T15:47:34.368267+00:00,27.47
s_sigfilt,2026-06-17T15:58:56.031782+00:00,-100.0
s_sigfilt,2026-06-17T16:07:37.577727+00:00,29.09
s_sigfilt,2026-06-17T16:13:28.274332+00:00,21.41
s_sigfilt,2026-06-17T16:21:27.312098+00:00,32.45
s_sigfilt,2026-06-17T16:29:48.548495+00:00,-100.0
s_sigfilt,2026-06-17T16:43:48.990731+00:00,24.36
s_sigfilt,2026-06-17T17:13:49.065645+00:00,21.41
s_sigfilt,2026-06-17T17:19:10.243994+00:00,24.36
s_sigfilt,2026-06-17T17:54:59.586529+00:00,25.89
s_sigfilt,2026-06-17T18:37:12.814586+00:00,24.36
s_sigfilt,2026-06-17T18:56:12.161422+00:00,22.86
s_sigfilt,2026-06-17T19:01:18.917091+00:00,21.41
s_sigfilt,2026-06-17T19:07:39.138659+00:00,25.89
s_sigfilt,2026-06-17T19:13:17.048335+00:00,24.36
s_sigfilt,2026-06-17T19:27:54.617346+00:00,-100.0
s_sigfilt,2026-06-17T19:36:10.427160+00:00,-100.0
s_sigfilt,2026-06-17T19:38:36.889188+00:00,37.87
s_sigfilt,2026-06-17T19:46:17.719837+00:00,22.86
s_sigfilt,2026-06-17T19:46:43.839006+00:00,22.86
s_sigfilt,2026-06-17T19:56:32.666137+00:00,-100.0
s_sigfilt,2026-06-17T20:05:07.657105+00:00,25.89
s_sigfilt,2026-06-17T20:09:53.346484+00:00,32.45
s_sigfilt,2026-06-17T20:54:24.789660+00:00,30.75
s_sigfilt,2026-06-17T20:59:30.875090+00:00,29.09
s_sigfilt,2026-06-17T21:23:21.621375+00:00,-100.0
s_sigfilt,2026-06-17T21:43:58.288846+00:00,24.36
s_sigfilt,2026-06-17T21:54:26.759487+00:00,-100.0
s_sigfilt,2026-06-17T22:00:34.182058+00:00,27.47
s_sigfilt,2026-06-17T22:05:25.885623+00:00,29.09
s_sigfilt,2026-06-17T22:46:03.924174+00:00,37.87
s_sigfilt,2026-06-17T22:47:18.694891+00:00,-100.0
s_sigfilt,2026-06-17T23:27:23.731838+00:00,-100.0
s_sigfilt,2026-06-17T23:37:39.167608+00:00,21.41
s_sigfilt,2026-06-17T23:48:11.875011+00:00,22.86
s_sigfilt,2026-06-18T00:02:19.212508+00:00,21.41
s_sigfilt,2026-06-18T00:15:07.103544+00:00,90.75
s_sigfilt,2026-06-18T00:20:58.122368+00:00,32.45
s_sigfilt,2026-06-18T00:26:18.207455+00:00,22.86
s_sigfilt,2026-06-18T00:27:26.801399+00:00,36.02
s_sigfilt,2026-06-18T00:33:27.536758+00:00,22.86
s_sigfilt,2026-06-18T00:37:55.736264+00:00,24.36
s_sigfilt,2026-06-18T00:41:48.155910+00:00,21.41
s_sigfilt,2026-06-18T00:49:13.068344+00:00,34.21
s_sigfilt,2026-06-18T01:21:15.703525+00:00,21.41
s_sigfilt,2026-06-18T01:28:11.463720+00:00,30.75
s_sigfilt,2026-06-18T01:28:14.793926+00:00,41.75
s_sigfilt,2026-06-18T01:39:28.927089+00:00,22.86
s_sigfilt,2026-06-18T01:39:57.089063+00:00,39.79
s_sigfilt,2026-06-18T02:00:48.214480+00:00,21.41
s_sigfilt,2026-06-18T02:10:06.133737+00:00,21.41
s_sigfilt,2026-06-18T02:22:31.492448+00:00,25.89
s_sigfilt,2026-06-18T03:12:08.995655+00:00,-100.0
s_sigfilt,2026-06-18T03:30:05.750035+00:00,32.45
s_sigfilt,2026-06-18T03:36:45.278322+00:00,22.86
s_sigfilt,2026-06-18T03:49:23.152719+00:00,27.47
s_sigfilt,2026-06-18T03:52:59.978019+00:00,37.87
s_sigfilt,2026-06-18T04:09:10.627679+00:00,-100.0
s_sigfilt,2026-06-18T04:47:20.429352+00:00,30.75
s_sigfilt,2026-06-18T04:52:09.983697+00:00,36.02
s_sigfilt,2026-06-18T04:57:31.169595+00:00,29.09
s_sigfilt,2026-06-18T05:06:38.311402+00:00,-100.0
s_sigfilt,2026-06-18T05:15:44.621166+00:00,-100.0
s_sigfilt,2026-06-18T05:27:21.417081+00:00,24.36
s_sigfilt,2026-06-18T05:52:23.855817+00:00,27.47
s_sigfilt,2026-06-18T06:11:21.131177+00:00,21.41
s_sigfilt,2026-06-18T06:16:43.993368+00:00,-100.0
s_sigfilt,2026-06-18T06:22:21.500993+00:00,25.89
s_sigfilt,2026-06-18T06:32:25.216714+00:00,34.21
s_sigfilt,2026-06-18T06:47:45.337269+00:00,29.09
s_sigfilt,2026-06-18T07:07:12.068920+00:00,22.86
s_sigfilt,2026-06-18T07:17:02.684160+00:00,-100.0
s_sigfilt,2026-06-18T07:37:35.328916+00:00,27.47
s_sigfilt,2026-06-18T07:52:24.009743+00:00,25.89
s_sigfilt,2026-06-18T08:03:04.671077+00:00,41.75
s_sigfilt,2026-06-18T08:32:27.321934+00:00,59.9
s_sigfilt,2026-06-18T08:42:45.695355+00:00,34.21
s_sigfilt,2026-06-18T09:08:04.684072+00:00,34.21
s_sigfilt,2026-06-18T09:43:26.487110+00:00,29.09
s_sigfilt,2026-06-18T10:23:56.861631+00:00,21.41
s_sigfilt,2026-06-18T10:33:50.645354+00:00,36.02
s_sigfilt,2026-06-18T11:14:04.693129+00:00,24.36
s_sigfilt,2026-06-18T11:19:11.022303+00:00,24.36
s_sigfilt,2026-06-18T11:24:16.737231+00:00,43.78
s_sigfilt,2026-06-18T11:39:06.666444+00:00,24.36
s_sigfilt,2026-06-18T12:04:12.890355+00:00,24.36
s_sigfilt,2026-06-18T12:14:14.752959+00:00,30.75
s_sigfilt,2026-06-18T12:19:27.241834+00:00,22.86
s_sigfilt,2026-06-18T12:34:38.749727+00:00,21.41
s_sigfilt,2026-06-18T13:09:25.953184+00:00,30.75
s_sigfilt,2026-06-18T13:26:24.159509+00:00,-100.0
s_sigfilt,2026-06-18T13:35:27.529389+00:00,-100.0
s_sigfilt,2026-06-18T13:46:20.317997+00:00,25.89
s_sigfilt,2026-06-18T13:50:33.638844+00:00,24.36
s_sigfilt,2026-06-18T13:55:51.901318+00:00,29.09
s_sigfilt,2026-06-18T14:00:57.063912+00:00,25.89
s_sigfilt,2026-06-18T14:10:06.608505+00:00,-100.0
s_sigfilt,2026-06-18T15:16:18.504851+00:00,25.89
s_sigfilt,2026-06-18T15:26:38.442213+00:00,27.47
s_sigfilt,2026-06-18T15:41:31.661527+00:00,30.75
s_sigfilt,2026-06-18T15:51:39.776903+00:00,30.75
s_sigfilt,2026-06-18T16:37:24.847010+00:00,41.75
s_sigfilt,2026-06-18T16:51:00.450128+00:00,24.36
s_sigfilt,2026-06-18T16:56:55.797845+00:00,22.86
s_sigfilt,2026-06-18T17:06:53.256051+00:00,30.75
s_sigfilt,2026-06-18T17:12:58.832372+00:00,41.75
s_sigfilt,2026-06-18T17:22:19.442995+00:00,29.09
s_sigfilt,2026-06-18T18:07:46.883947+00:00,-100.0
s_sigfilt,2026-06-18T18:13:06.487175+00:00,22.86
s_sigfilt,2026-06-18T18:23:06.450779+00:00,29.09
s_sigfilt,2026-06-18T18:28:08.268259+00:00,21.41
s_sigfilt,2026-06-18T18:38:54.219637+00:00,24.36
s_sigfilt,2026-06-18T18:43:13.322790+00:00,27.47
s_sigfilt,2026-06-18T18:54:12.390895+00:00,-100.0
s_sigfilt,2026-06-18T18:58:35.864783+00:00,36.02
s_sigfilt,2026-06-18T19:09:07.107084+00:00,30.75
s_sigfilt,2026-06-18T19:19:40.371378+00:00,24.36
s_sigfilt,2026-06-18T19:24:01.463110+00:00,-100.0
s_sigfilt,2026-06-18T19:33:24.883523+00:00,32.45
s_sigfilt,2026-06-18T19:44:48.104238+00:00,36.02
s_sigfilt,2026-06-18T19:49:36.592831+00:00,22.86
s_sigfilt,2026-06-18T20:03:47.745273+00:00,24.36
s_sigfilt,2026-06-18T20:39:57.496091+00:00,-100.0
s_sigfilt,2026-06-18T20:49:58.712750+00:00,21.41
s_sigfilt,2026-06-18T20:54:46.391082+00:00,29.09
s_sigfilt,2026-06-18T21:30:26.344403+00:00,22.86
s_sigfilt,2026-06-18T21:48:46.961404+00:00,-100.0
s_sigfilt,2026-06-18T22:30:45.100036+00:00,22.86
s_sigfilt,2026-06-18T22:36:00.410250+00:00,24.36
s_sigfilt,2026-06-18T22:56:36.420348+00:00,-100.0
s_sigfilt,2026-06-18T23:07:44.888069+00:00,-100.0
s_sigfilt,2026-06-18T23:18:08.130266+00:00,-100.0
s_sigfilt,2026-06-18T23:33:12.248438+00:00,27.47
s_sigfilt,2026-06-19T00:06:41.270947+00:00,-100.0
s_sigfilt,2026-06-19T00:21:12.595811+00:00,21.41
s_sigfilt,2026-06-19T00:30:34.077967+00:00,22.86
s_sigfilt,2026-06-19T00:36:46.305984+00:00,-100.0
s_sigfilt,2026-06-19T00:52:20.263085+00:00,-100.0
s_sigfilt,2026-06-19T01:12:08.876709+00:00,22.86
s_sigfilt,2026-06-19T01:17:13.907506+00:00,-100.0
s_sigfilt,2026-06-19T01:27:30.539041+00:00,-100.0
s_sigfilt,2026-06-19T01:38:01.523277+00:00,27.47
s_sigfilt,2026-06-19T01:57:42.777199+00:00,34.21
s_sigfilt,2026-06-19T02:02:21.825358+00:00,24.36
s_sigfilt,2026-06-19T02:18:20.508069+00:00,25.89
s_sigfilt,2026-06-19T02:23:42.601227+00:00,29.09
s_sigfilt,2026-06-19T02:28:48.133948+00:00,22.86
s_sigfilt,2026-06-19T02:58:57.605608+00:00,25.89
s_sigfilt,2026-06-19T03:34:33.884043+00:00,-100.0
s_sigfilt,2026-06-19T03:54:03.139174+00:00,29.09
s_sigfilt,2026-06-19T04:16:58.997031+00:00,39.79
s_sigfilt,2026-06-19T04:26:16.109756+00:00,-100.0
s_sigfilt,2026-06-19T04:44:12.828979+00:00,25.89
s_sigfilt,2026-06-19T04:52:23.042051+00:00,22.86
s_sigfilt,2026-06-19T05:31:29.111249+00:00,24.36
s_sigfilt,2026-06-19T05:36:27.407605+00:00,-100.0
s_sigfilt,2026-06-19T05:36:51.952254+00:00,27.47
s_sigfilt,2026-06-19T05:59:51.954256+00:00,30.75
s_sigfilt,2026-06-19T06:15:34.785199+00:00,32.45
s_sigfilt,2026-06-19T06:31:11.147398+00:00,30.75
s_sigfilt,2026-06-19T06:57:38.138060+00:00,21.41
s_sigfilt,2026-06-19T07:02:55.121662+00:00,22.86
s_sigfilt,2026-06-19T07:14:07.308490+00:00,-100.0
s_sigfilt,2026-06-19T07:30:45.176031+00:00,21.41
s_sigfilt,2026-06-19T07:40:45.212741+00:00,45.88
s_sigfilt,2026-06-19T07:55:12.283200+00:00,22.86
s_sigfilt,2026-06-19T08:08:47.025619+00:00,-100.0
s_sigfilt,2026-06-19T09:50:10.490630+00:00,22.86
s_sigfilt,2026-06-19T09:56:06.730066+00:00,25.89
s_sigfilt,2026-06-19T10:01:44.273263+00:00,41.75
s_sigfilt,2026-06-19T10:28:32.510110+00:00,-100.0
s_sigfilt,2026-06-19T10:45:25.023695+00:00,34.21
s_sigfilt,2026-06-19T10:50:19.513934+00:00,-100.0
s_sigfilt,2026-06-19T11:01:43.400707+00:00,-100.0
s_sigfilt,2026-06-19T11:07:53.895954+00:00,24.36
s_sigfilt,2026-06-19T11:20:55.627849+00:00,-100.0
s_sigfilt,2026-06-19T11:24:04.104616+00:00,-100.0
s_sigfilt,2026-06-19T11:41:05.461971+00:00,22.86
s_sigfilt,2026-06-19T11:45:43.371688+00:00,-100.0
s_sigfilt,2026-06-19T12:01:54.442949+00:00,22.86
s_sigfilt,2026-06-19T12:07:46.404784+00:00,22.86
s_sigfilt,2026-06-19T12:13:23.158303+00:00,-100.0
s_sigfilt,2026-06-19T12:28:21.449077+00:00,-100.0
s_sigfilt,2026-06-19T12:34:26.710085+00:00,21.41
s_sigfilt,2026-06-19T12:45:40.995602+00:00,48.03
s_sigfilt,2026-06-19T12:46:55.655734+00:00,62.52
s_sigfilt,2026-06-19T13:15:09.968272+00:00,25.89
s_sigfilt,2026-06-19T13:29:03.024085+00:00,22.86
s_sigfilt,2026-06-19T13:39:36.999044+00:00,34.21
s_sigfilt,2026-06-19T13:45:08.034959+00:00,39.79
s_sigfilt,2026-06-19T14:11:40.224314+00:00,24.36
s_sigfilt,2026-06-19T14:23:17.412957+00:00,32.45
s_sigfilt,2026-06-19T14:29:06.268722+00:00,-100.0
s_sigfilt,2026-06-19T14:40:30.684929+00:00,27.47
s_sigfilt,2026-06-19T14:55:31.798828+00:00,25.89
s_sigfilt,2026-06-19T15:01:07.364696+00:00,21.41
s_sigfilt,2026-06-19T15:23:37.636155+00:00,22.86
s_sigfilt,2026-06-19T15:28:49.155982+00:00,22.86
s_sigfilt,2026-06-19T15:55:21.759090+00:00,29.09
s_sigfilt,2026-06-19T16:01:12.990479+00:00,22.86
s_sigfilt,2026-06-19T16:12:07.332059+00:00,25.89
s_sigfilt,2026-06-19T16:38:22.757907+00:00,-100.0
s_sigfilt,2026-06-19T16:48:57.229298+00:00,21.41
s_sigfilt,2026-06-19T17:10:36.752115+00:00,30.75
s_sigfilt,2026-06-19T17:44:21.947970+00:00,25.89
s_sigfilt,2026-06-19T17:54:19.278070+00:00,34.21
s_sigfilt,2026-06-19T17:59:43.047023+00:00,52.55
s_sigfilt,2026-06-19T18:23:43.228708+00:00,36.02
s_sigfilt,2026-06-19T19:39:46.088100+00:00,22.86
s_sigfilt,2026-06-19T19:45:28.752218+00:00,-100.0
s_sigfilt,2026-06-19T20:43:37.428133+00:00,-100.0
s_sigfilt,2026-06-19T21:44:15.362405+00:00,-100.0
s_sigfilt,2026-06-19T21:53:51.802199+00:00,32.45
s_sigfilt,2026-06-19T21:59:19.390069+00:00,24.36
s_sigfilt,2026-06-19T22:14:53.207312+00:00,-100.0
s_sigfilt,2026-06-19T22:42:34.937982+00:00,-100.0
s_sigfilt,2026-06-19T22:47:37.353371+00:00,32.45
s_sigfilt,2026-06-19T22:57:31.980156+00:00,22.86
s_sigfilt,2026-06-19T23:02:24.156025+00:00,29.09
s_sigfilt,2026-06-19T23:06:59.572377+00:00,41.75
s_sigfilt,2026-06-19T23:42:48.470047+00:00,29.09
s_sigfilt,2026-06-19T23:59:51.085039+00:00,29.09
s_sigfilt,2026-06-20T00:21:11.372356+00:00,29.09
s_sigfilt,2026-06-20T00:28:20.139232+00:00,-100.0
s_sigfilt,2026-06-20T00:38:21.134517+00:00,24.36
s_sigfilt,2026-06-20T00:50:55.388001+00:00,27.47
s_sigfilt,2026-06-20T00:56:45.852467+00:00,32.45
s_sigfilt,2026-06-20T00:57:33.988707+00:00,-100.0
s_sigfilt,2026-06-20T01:11:32.759483+00:00,34.21
s_sigfilt,2026-06-20T01:16:38.293934+00:00,25.89
s_sigfilt,2026-06-20T01:28:39.884529+00:00,45.88
s_sigfilt,2026-06-20T01:38:54.616266+00:00,24.36
s_sigfilt,2026-06-20T01:44:07.383547+00:00,24.36
s_sigfilt,2026-06-20T02:00:46.078980+00:00,-100.0
s_sigfilt,2026-06-20T02:05:57.498512+00:00,94.52
s_sigfilt,2026-06-20T02:32:53.212068+00:00,52.55
s_sigfilt,2026-06-20T02:49:32.386959+00:00,-100.0
s_sigfilt,2026-06-20T02:55:01.975112+00:00,-100.0
s_sigfilt,2026-06-20T02:59:46.637194+00:00,32.45
s_sigfilt,2026-06-20T03:22:35.904963+00:00,52.55
s_sigfilt,2026-06-20T03:25:22.273164+00:00,59.9
s_sigfilt,2026-06-20T03:37:54.424784+00:00,-100.0
s_sigfilt,2026-06-20T03:56:47.342225+00:00,-100.0
s_sigfilt,2026-06-20T04:00:05.341200+00:00,34.21
s_sigfilt,2026-06-20T04:15:12.937185+00:00,-100.0
s_sigfilt,2026-06-20T04:20:24.378665+00:00,50.26
s_sigfilt,2026-06-20T05:50:56.059257+00:00,21.41
s_sigfilt,2026-06-20T05:57:00.280298+00:00,36.02
s_sigfilt,2026-06-20T06:00:05.758668+00:00,25.89
s_sigfilt,2026-06-20T06:22:02.168608+00:00,37.87
s_sigfilt,2026-06-20T06:23:15.285118+00:00,45.88
s_sigfilt,2026-06-20T06:49:57.013155+00:00,29.09
s_sigfilt,2026-06-20T07:01:00.745345+00:00,-100.0
s_sigfilt,2026-06-20T07:27:16.606325+00:00,30.75
s_sigfilt,2026-06-20T07:32:58.689694+00:00,-100.0
s_sigfilt,2026-06-20T07:37:46.614276+00:00,27.47
s_sigfilt,2026-06-20T07:47:41.858012+00:00,25.89
s_sigfilt,2026-06-20T08:00:06.803157+00:00,22.86
s_sigfilt,2026-06-20T08:51:15.175491+00:00,27.47
s_sigfilt,2026-06-20T08:52:05.323129+00:00,32.45
s_sigfilt,2026-06-20T09:00:57.704608+00:00,32.45
s_sigfilt,2026-06-20T09:05:10.072386+00:00,25.89
s_sigfilt,2026-06-20T09:16:10.482226+00:00,21.41
s_sigfilt,2026-06-20T09:26:57.362057+00:00,30.75
s_sigfilt,2026-06-20T09:36:04.235275+00:00,45.88
s_sigfilt,2026-06-20T10:00:41.475434+00:00,30.75
s_sigfilt,2026-06-20T10:08:47.440212+00:00,32.45
s_sigfilt,2026-06-20T10:13:58.722798+00:00,-100.0
s_sigfilt,2026-06-20T10:24:43.954983+00:00,-100.0
s_sigfilt,2026-06-20T10:38:46.107120+00:00,32.45
s_sigfilt,2026-06-20T10:45:23.080144+00:00,25.89
s_sigfilt,2026-06-20T10:51:10.544707+00:00,37.87
s_sigfilt,2026-06-20T11:16:04.429995+00:00,-100.0
s_sigfilt,2026-06-20T11:23:06.761859+00:00,21.41
s_sigfilt,2026-06-20T11:34:17.496404+00:00,27.47
s_sigfilt,2026-06-20T12:07:45.079118+00:00,21.41
s_sigfilt,2026-06-20T13:24:12.954016+00:00,-100.0
s_sigfilt,2026-06-20T13:34:53.044850+00:00,-100.0
s_sigfilt,2026-06-20T13:41:05.165433+00:00,21.41
s_sigfilt,2026-06-20T14:23:10.908057+00:00,-100.0
s_sigfilt,2026-06-20T14:23:36.132939+00:00,24.36
s_sigfilt,2026-06-20T14:27:57.486022+00:00,70.93
s_sigfilt,2026-06-20T14:41:14.011725+00:00,24.36
s_sigfilt,2026-06-20T14:43:59.574609+00:00,21.41
s_sigfilt,2026-06-20T15:06:35.380992+00:00,37.87
s_sigfilt,2026-06-20T16:02:47.250867+00:00,21.41
s_sigfilt,2026-06-20T16:26:26.936872+00:00,22.86
s_sigfilt,2026-06-20T16:30:15.601698+00:00,-100.0
s_sigfilt,2026-06-20T16:46:31.919270+00:00,21.41
s_sigfilt,2026-06-20T17:04:35.229237+00:00,-100.0
s_sigfilt,2026-06-20T17:15:24.733063+00:00,29.09
s_sigfilt,2026-06-20T17:25:16.238841+00:00,34.21
s_sigfilt,2026-06-20T17:32:02.159770+00:00,48.03
s_sigfilt,2026-06-20T17:37:00.712073+00:00,30.75
s_sigfilt,2026-06-20T17:40:53.898965+00:00,22.86
s_sigfilt,2026-06-20T19:13:56.950977+00:00,77.05
s_sigfilt,2026-06-20T19:21:47.343114+00:00,-100.0
s_sigfilt,2026-06-20T19:31:33.831106+00:00,41.75
s_sigfilt,2026-06-20T19:36:49.138764+00:00,36.02
s_sigfilt,2026-06-20T19:49:08.308942+00:00,29.09
s_sigfilt,2026-06-20T20:14:22.148356+00:00,25.89
s_sigfilt,2026-06-20T20:22:27.575645+00:00,24.36
s_sigfilt,2026-06-20T20:32:23.131038+00:00,30.75
s_sigfilt,2026-06-20T20:37:21.536955+00:00,21.41
s_sigfilt,2026-06-20T21:10:28.883972+00:00,22.86
s_sigfilt,2026-06-20T21:27:08.257883+00:00,22.86
s_sigfilt,2026-06-20T21:27:55.618995+00:00,-100.0
s_sigfilt,2026-06-20T21:52:19.683748+00:00,22.86
s_sigfilt,2026-06-20T21:57:25.986932+00:00,22.86
s_sigfilt,2026-06-20T22:03:38.533405+00:00,27.47
s_sigfilt,2026-06-20T22:08:14.799632+00:00,-100.0
s_sigfilt,2026-06-20T22:45:23.367968+00:00,32.45
s_sigfilt,2026-06-20T23:19:37.227108+00:00,25.89
s_sigfilt,2026-06-20T23:22:28.054972+00:00,41.75
s_sigfilt,2026-06-20T23:45:32.250103+00:00,43.78
s_sigfilt,2026-06-20T23:59:45.926470+00:00,45.88
s_sigfilt,2026-06-21T00:25:05.819952+00:00,83.64
s_sigfilt,2026-06-21T00:28:35.287676+00:00,24.36
s_sigfilt,2026-06-21T00:37:58.234720+00:00,-100.0
s_sigfilt,2026-06-21T00:53:23.820243+00:00,-100.0
s_sigfilt,2026-06-21T01:39:27.091700+00:00,59.9
s_sigfilt,2026-06-21T01:45:10.134381+00:00,-100.0
s_sigfilt,2026-06-21T01:55:11.898012+00:00,22.86
s_sigfilt,2026-06-21T01:59:46.188081+00:00,30.75
s_sigfilt,2026-06-21T02:12:17.923463+00:00,41.75
s_sigfilt,2026-06-21T02:43:47.887176+00:00,-100.0
s_sigfilt,2026-06-21T02:59:00.291750+00:00,90.75
s_sigfilt,2026-06-21T03:18:43.094313+00:00,21.41
s_sigfilt,2026-06-21T03:55:02.145204+00:00,-100.0
s_sigfilt,2026-06-21T03:59:20.531280+00:00,41.75
s_sigfilt,2026-06-21T04:03:38.301009+00:00,48.03
s_sigfilt,2026-06-21T04:10:50.113389+00:00,41.75
s_sigfilt,2026-06-21T05:11:33.547148+00:00,-100.0
s_sigfilt,2026-06-21T07:27:52.835858+00:00,48.03
s_sigfilt,2026-06-21T07:54:49.052695+00:00,32.45
s_sigfilt,2026-06-21T08:09:08.315658+00:00,52.55
s_sigfilt,2026-06-21T08:20:35.135437+00:00,57.37
s_sigfilt,2026-06-21T08:59:35.385244+00:00,52.55
s_sigfilt,2026-06-21T09:08:20.750341+00:00,41.75
s_sigfilt,2026-06-21T09:28:30.317410+00:00,22.86
s_sigfilt,2026-06-21T10:11:36.321376+00:00,29.09
s_sigfilt,2026-06-21T10:34:16.056599+00:00,25.89
s_sigfilt,2026-06-21T10:54:18.321410+00:00,24.36
s_sigfilt,2026-06-21T11:04:52.344377+00:00,27.47
s_sigfilt,2026-06-21T11:14:47.395998+00:00,25.89
s_sigfilt,2026-06-21T11:45:42.862271+00:00,50.26
s_sigfilt,2026-06-21T11:54:47.725213+00:00,25.89
s_sigfilt,2026-06-21T12:42:50.254895+00:00,24.36
s_sigfilt,2026-06-21T13:31:54.332924+00:00,27.47
s_sigfilt,2026-06-21T13:32:16.839611+00:00,21.41
s_sigfilt,2026-06-21T13:52:11.146731+00:00,29.09
s_sigfilt,2026-06-21T14:07:20.500928+00:00,-100.0
s_sigfilt,2026-06-21T14:53:34.974912+00:00,27.47
s_sigfilt,2026-06-21T15:15:09.345510+00:00,-100.0
s_sigfilt,2026-06-21T16:07:52.884789+00:00,54.92
s_sigfilt,2026-06-21T17:37:07.485547+00:00,34.21
s_sigfilt,2026-06-21T18:53:23.487007+00:00,32.45
s_sigfilt,2026-06-21T19:01:36.385113+00:00,-100.0
s_sigfilt,2026-06-21T19:06:36.892505+00:00,-100.0
s_sigfilt,2026-06-21T19:10:49.923205+00:00,-100.0
s_sigfilt,2026-06-21T19:26:09.950269+00:00,-100.0
s_sigfilt,2026-06-21T19:55:52.713039+00:00,-100.0
s_sigfilt,2026-06-21T20:07:14.785406+00:00,-100.0
s_sigfilt,2026-06-21T20:42:35.647466+00:00,25.89
s_sigfilt,2026-06-21T20:46:29.298857+00:00,22.86
s_sigfilt,2026-06-21T21:07:00.885360+00:00,-100.0
s_sigfilt,2026-06-21T21:15:22.744209+00:00,25.89
s_sigfilt,2026-06-21T21:17:39.468125+00:00,22.86
s_sigfilt,2026-06-21T21:37:40.494252+00:00,-100.0
s_sigfilt,2026-06-21T21:51:52.093898+00:00,27.47
s_sigfilt,2026-06-21T21:52:17.284444+00:00,22.86
s_sigfilt,2026-06-21T22:08:06.401604+00:00,-100.0
s_sigfilt,2026-06-21T22:17:12.497919+00:00,22.86
s_sigfilt,2026-06-21T22:33:36.890972+00:00,-100.0
s_sigfilt,2026-06-21T22:38:20.707714+00:00,27.47
s_sigfilt,2026-06-21T22:53:44.534448+00:00,39.79
s_sigfilt,2026-06-21T23:16:03.511540+00:00,27.47
s_sigfilt,2026-06-21T23:18:01.719677+00:00,24.36
s_sigfilt,2026-06-21T23:25:22.071616+00:00,32.45
s_sigfilt,2026-06-21T23:46:58.857705+00:00,21.41
s_sigfilt,2026-06-21T23:59:24.193347+00:00,21.41
s_sigfilt,2026-06-22T00:15:54.791417+00:00,21.41
s_sigfilt,2026-06-22T00:29:54.530407+00:00,-100.0
s_sigfilt,2026-06-22T01:16:14.292834+00:00,25.89
s_sigfilt,2026-06-22T02:04:13.499440+00:00,29.09
s_sigfilt,2026-06-22T02:11:28.626073+00:00,36.02
s_sigfilt,2026-06-22T02:17:37.479984+00:00,29.09
s_sigfilt,2026-06-22T02:37:47.257966+00:00,22.86
s_sigfilt,2026-06-22T02:37:47.645183+00:00,-100.0
s_sigfilt,2026-06-22T02:47:15.335036+00:00,21.41
s_sigfilt,2026-06-22T03:03:06.178132+00:00,25.89
s_sigfilt,2026-06-22T03:18:12.754409+00:00,-100.0
s_sigfilt,2026-06-22T03:38:20.515020+00:00,41.75
s_sigfilt,2026-06-22T03:45:10.390007+00:00,22.86
s_sigfilt,2026-06-22T04:57:13.103538+00:00,-100.0
s_sigfilt,2026-06-22T05:17:50.556272+00:00,25.89
s_sigfilt,2026-06-22T05:27:55.270709+00:00,-100.0
s_sigfilt,2026-06-22T05:39:36.301709+00:00,-100.0
s_sigfilt,2026-06-22T05:45:59.655734+00:00,36.02
s_sigfilt,2026-06-22T05:50:57.676308+00:00,54.92
s_sigfilt,2026-06-22T05:54:40.515121+00:00,32.45
s_sigfilt,2026-06-22T06:10:26.845519+00:00,24.36
s_sigfilt,2026-06-22T06:55:44.312139+00:00,-100.0
s_sigfilt,2026-06-22T07:03:44.067952+00:00,-100.0
s_sigfilt,2026-06-22T07:26:45.382099+00:00,24.36
s_sigfilt,2026-06-22T07:31:08.111150+00:00,21.41
s_sigfilt,2026-06-22T07:46:21.756052+00:00,27.47
s_sigfilt,2026-06-22T08:13:37.376413+00:00,36.02
s_sigfilt,2026-06-22T08:20:32.618329+00:00,-100.0
